gene_id,gene_symbol,classification_loo_brain,dev_tau,n_stages
ENSG00000000460,FIRRM,neutral,0.6445227178256334,31
ENSG00000000971,CFH,neutral,0.3508582285515566,31
ENSG00000001084,GCLC,regulation-driven,0.7763597289452191,31
ENSG00000001167,NFYA,neutral,0.5298377599399757,31
ENSG00000001561,ENPP4,neutral,0.6459234856757743,31
ENSG00000002745,WNT16,neutral,0.469599076034513,31
ENSG00000002822,MAD1L1,neutral,0.409836597882683,31
ENSG00000003056,M6PR,gene-driven,0.6051221661614152,31
ENSG00000003400,CASP10,neutral,0.4747783530075623,31
ENSG00000003436,TFPI,neutral,0.3250344816605506,31
ENSG00000003987,MTMR7,gene-driven,0.7492961256151544,31
ENSG00000003989,SLC7A2,regulation-driven,0.46187076693115225,31
ENSG00000004059,ARF5,neutral,0.450780079099271,31
ENSG00000004142,POLDIP2,neutral,0.6321146826496908,31
ENSG00000004455,AK2,neutral,0.6969865595648347,31
ENSG00000004700,RECQL,gene-driven,0.39760702253767344,31
ENSG00000004799,PDK4,neutral,0.8609529697744248,31
ENSG00000004846,ABCB5,neutral,0.723820289814251,31
ENSG00000004866,ST7,regulation-driven,0.519245188963501,31
ENSG00000004948,CALCR,neutral,0.533089645971824,31
ENSG00000005001,PRSS22,gene-driven,0.3208237880287186,31
ENSG00000005108,THSD7A,regulation-driven,0.6766750133469144,31
ENSG00000005156,LIG3,neutral,0.49778504813638136,31
ENSG00000005238,ATOSB,gene-driven,0.6492414959559758,31
ENSG00000005249,PRKAR2B,neutral,0.31601964809068317,31
ENSG00000005448,WDR54,neutral,0.2760040088468202,31
ENSG00000005469,CROT,neutral,0.6719924975819719,31
ENSG00000005486,RHBDD2,gene-driven,0.5631472743017398,31
ENSG00000005700,IBTK,neutral,0.6162166725624072,31
ENSG00000005812,FBXL3,neutral,0.6840828779598246,31
ENSG00000005981,ASB4,neutral,0.3828958438188834,31
ENSG00000006042,TMEM98,gene-driven,0.6207537525480972,31
ENSG00000006128,TAC1,neutral,0.31435553414471595,31
ENSG00000006194,ZNF263,neutral,0.7255952594410129,31
ENSG00000006377,DLX6,gene-driven,0.5664968133393763,31
ENSG00000006432,MAP3K9,regulation-driven,0.5259258370292812,31
ENSG00000006453,BAIAP2L1,neutral,0.43942792794625873,31
ENSG00000006530,AGK,gene-driven,0.669748496642149,31
ENSG00000006555,TTC22,neutral,0.5406415885040836,31
ENSG00000006715,VPS41,dual-driven,0.5755595909596714,31
ENSG00000006831,ADIPOR2,neutral,0.4135222322655402,31
ENSG00000007171,NOS2,gene-driven,0.49102026563839896,31
ENSG00000007216,SLC13A2,gene-driven,0.5037452258922462,31
ENSG00000007341,ST7L,gene-driven,0.8924364781433224,31
ENSG00000007402,CACNA2D2,neutral,0.6388101838313238,31
ENSG00000007866,TEAD3,gene-driven,0.9107525465642526,31
ENSG00000007908,SELE,neutral,0.31531018361772634,31
ENSG00000007944,MYLIP,gene-driven,0.5765400830955782,31
ENSG00000007968,E2F2,neutral,0.5705564532092171,31
ENSG00000008018,PSMB1,neutral,0.6414260584118818,31
ENSG00000008083,JARID2,regulation-driven,0.7830359309511612,31
ENSG00000008118,CAMK1G,regulation-driven,0.44427847705957,31
ENSG00000008197,TFAP2D,neutral,0.4193452858248242,31
ENSG00000008256,CYTH3,neutral,0.6015951681553777,31
ENSG00000008323,PLEKHG6,neutral,0.5373232694624264,31
ENSG00000008394,MGST1,neutral,0.57506069565154,31
ENSG00000008405,CRY1,neutral,0.7860094406242644,31
ENSG00000008516,MMP25,gene-driven,0.8025659656775879,31
ENSG00000008952,SEC62,gene-driven (relaxed),0.659313080247978,31
ENSG00000009709,PAX7,regulation-driven,0.5742901507904272,31
ENSG00000009724,MASP2,neutral,0.7162004007829244,31
ENSG00000009765,IYD,neutral,0.31384023976348896,31
ENSG00000009780,FAM76A,gene-driven,0.502156575340788,31
ENSG00000009790,TRAF3IP3,gene-driven,0.4699296618130663,31
ENSG00000009844,VTA1,gene-driven,0.724036937656594,31
ENSG00000009954,BAZ1B,neutral,0.3491347129986496,31
ENSG00000010017,RANBP9,neutral,0.6916279055558123,31
ENSG00000010072,SPRTN,neutral,0.3442896634476482,31
ENSG00000010165,METTL13,neutral,0.5174452491807692,31
ENSG00000010244,ZNF207,gene-driven,0.419267855200921,31
ENSG00000010256,UQCRC1,neutral,0.3996960952905342,31
ENSG00000010278,CD9,gene-driven,0.7441704738375052,31
ENSG00000010295,IFFO1,neutral,0.7477611113422576,31
ENSG00000010322,NISCH,neutral,0.6949859174198535,31
ENSG00000010539,ZNF200,gene-driven,0.7352416253457938,31
ENSG00000010704,HFE,neutral,0.4190886069544725,31
ENSG00000010803,SCMH1,neutral,0.3388404570333997,31
ENSG00000011007,ELOA,neutral,0.5489907440825809,31
ENSG00000011021,CLCN6,gene-driven,0.7451307824473146,31
ENSG00000011083,SLC6A7,regulation-driven,0.3725163109299239,31
ENSG00000011114,BTBD7,regulation-driven,0.42503181436484627,31
ENSG00000011376,LARS2,gene-driven,0.6065326669144036,31
ENSG00000011405,PIK3C2A,regulation-driven,0.7880694464852869,31
ENSG00000011465,DCN,regulation-driven,0.5638683462366367,31
ENSG00000012171,SEMA3B,gene-driven,0.4300147882857285,31
ENSG00000012232,EXTL3,gene-driven,0.5713886664118321,31
ENSG00000012660,ELOVL5,neutral,0.5804184523902678,31
ENSG00000012779,ALOX5,regulation-driven,0.7067588843498818,31
ENSG00000012822,CALCOCO1,gene-driven,0.386812516732289,31
ENSG00000012963,UBR7,neutral,0.4188184810530282,31
ENSG00000013016,EHD3,regulation-driven,0.3918293833297596,31
ENSG00000013293,SLC7A14,regulation-driven,0.5829234705702946,31
ENSG00000013297,CLDN11,neutral,0.5836363474868647,31
ENSG00000013374,NUB1,gene-driven,0.40286881487167725,31
ENSG00000013392,RWDD2A,neutral,0.5981191555722871,31
ENSG00000013441,CLK1,neutral,0.42195589956412993,31
ENSG00000013561,RNF14,neutral,0.5194322152833168,31
ENSG00000013583,HEBP1,gene-driven,0.8990290296904392,31
ENSG00000013810,TACC3,neutral,0.39557644914892875,31
ENSG00000014123,UFL1,neutral,0.7679757446293263,31
ENSG00000014138,POLA2,gene-driven,0.4373354360421604,31
ENSG00000014164,ZC3H3,gene-driven,0.40098437902367723,31
ENSG00000014257,ACP3,neutral,0.5427395986849731,31
ENSG00000014641,MDH1,gene-driven,0.40619064179605846,31
ENSG00000014824,SLC30A9,neutral,0.7550957535732319,31
ENSG00000014914,MTMR11,neutral,0.3298549004995591,31
ENSG00000014919,COX15,neutral,0.6510714379490041,31
ENSG00000015520,NPC1L1,regulation-driven,0.421255933671838,31
ENSG00000015592,STMN4,neutral,0.4418457120979761,31
ENSG00000016082,ISL1,neutral,0.7037486867998595,31
ENSG00000016391,CHDH,neutral,0.63886444725098,31
ENSG00000016490,CLCA1,regulation-driven,0.6553606763729716,31
ENSG00000016602,CLCA4,neutral,0.3501544292914064,31
ENSG00000016864,GLT8D1,neutral,0.37005649700997545,31
ENSG00000017427,IGF1,gene-driven,0.5941218398926492,31
ENSG00000018280,SLC11A1,regulation-driven,0.5817341864378547,31
ENSG00000018408,WWTR1,neutral,0.45466143464193964,31
ENSG00000018510,AGPS,neutral,0.682240241175611,31
ENSG00000019102,VSIG2,neutral,0.3988411780851143,31
ENSG00000019485,PRDM11,gene-driven,0.5241381099218443,31
ENSG00000019505,SYT13,gene-driven,0.6457995046371273,31
ENSG00000019582,CD74,neutral,0.7803334203790822,31
ENSG00000019995,ZRANB1,neutral,0.7144983961838871,31
ENSG00000020633,RUNX3,gene-driven,0.6792467648627054,31
ENSG00000020922,MRE11,neutral,0.6660814889070749,31
ENSG00000021355,SERPINB1,neutral,0.7165688603616965,31
ENSG00000021852,C8B,gene-driven,0.587320685777555,31
ENSG00000022840,RNF10,regulation-driven,0.27065837859590003,31
ENSG00000023041,ZDHHC6,neutral,0.4585083962751276,31
ENSG00000023318,ERP44,gene-driven,0.4585325350217867,31
ENSG00000023516,AKAP11,neutral,0.6650384576961641,31
ENSG00000023572,GLRX2,neutral,0.5676181183598507,31
ENSG00000023608,SNAPC1,neutral,0.5888681779910464,31
ENSG00000023697,DERA,gene-driven,0.3698329424797029,31
ENSG00000023902,PLEKHO1,neutral,0.5089214507049141,31
ENSG00000023909,GCLM,neutral,0.313640697429421,31
ENSG00000024048,,neutral,0.7832148487349518,31
ENSG00000024862,CCDC28A,neutral,0.35036011737683337,31
ENSG00000025039,RRAGD,neutral,0.5948884651665549,31
ENSG00000025156,HSF2,neutral,0.5295429821081867,31
ENSG00000026751,SLAMF7,neutral,0.5475995375300886,31
ENSG00000027644,INSRR,regulation-driven,0.5478540516047444,31
ENSG00000027697,IFNGR1,gene-driven,0.3242212725339919,31
ENSG00000027869,SH2D2A,neutral,0.3975115964375313,31
ENSG00000028137,TNFRSF1B,neutral,0.5379948633190319,31
ENSG00000028310,BRD9,gene-driven,0.4002084675055644,31
ENSG00000028839,TBPL1,neutral,0.5675383210747025,31
ENSG00000029364,SLC39A9,gene-driven,0.6258085457802589,31
ENSG00000029559,IBSP,neutral,0.3581958490137823,31
ENSG00000029639,TFB1M,neutral,0.40386218406570884,31
ENSG00000030304,MUSK,neutral,0.6067599039842781,31
ENSG00000030419,IKZF2,gene-driven,0.6880388199054727,31
ENSG00000031691,CENPQ,neutral,0.3306583474085495,31
ENSG00000032219,ARID4A,gene-driven,0.2909513443206857,31
ENSG00000032389,EIPR1,gene-driven,0.4954870938362289,31
ENSG00000033100,CHPF2,neutral,0.5036445512088181,31
ENSG00000034677,RNF19A,gene-driven,0.3300000227514822,31
ENSG00000034971,MYOC,neutral,0.25615260683222973,31
ENSG00000035115,SH3YL1,gene-driven,0.41862357110383974,31
ENSG00000035403,VCL,regulation-driven,0.8959883959996742,31
ENSG00000035499,DEPDC1B,neutral,0.48103453799190254,31
ENSG00000035681,NSMAF,gene-driven,0.3489977544498858,31
ENSG00000035687,ADSS2,neutral,0.6635521513967579,31
ENSG00000035720,STAP1,gene-driven,0.5547416682606061,31
ENSG00000036549,ZZZ3,neutral,0.8961722554686352,31
ENSG00000036565,SLC18A1,neutral,0.5727822502983053,31
ENSG00000037749,MFAP3,neutral,0.626891558752051,31
ENSG00000038219,BOD1L1,neutral,0.5021102663981458,31
ENSG00000038274,MAT2B,gene-driven,0.5663493777318718,31
ENSG00000039600,SOX30,regulation-driven,0.3121738555391125,31
ENSG00000040487,SLC66A1,regulation-driven,0.45306967225002326,31
ENSG00000040731,CDH10,regulation-driven,0.5069712138130344,31
ENSG00000041515,MYO16,regulation-driven,0.33306981107344646,31
ENSG00000041880,PARP3,gene-driven,0.7527442058267338,31
ENSG00000043039,BARX2,neutral,0.382677370278905,31
ENSG00000043093,DCUN1D1,gene-driven,0.644594961561501,31
ENSG00000043143,JADE2,neutral,0.8585791600675399,31
ENSG00000043355,ZIC2,neutral,0.5534404019496949,31
ENSG00000043462,LCP2,gene-driven,0.5387088711054954,31
ENSG00000044012,GUCA2B,neutral,0.5689296375281008,31
ENSG00000044115,CTNNA1,gene-driven,0.42893961755048027,31
ENSG00000044459,,neutral,0.7391583178215403,31
ENSG00000044524,EPHA3,regulation-driven,0.6059404625197148,31
ENSG00000044574,HSPA5,gene-driven,0.8888251155209603,31
ENSG00000046889,,neutral,0.4408100073510631,31
ENSG00000047410,TPR,regulation-driven,0.5981332010318021,31
ENSG00000047579,DTNBP1,gene-driven,0.624751465699267,31
ENSG00000047621,C12orf4,neutral,0.6455957489185252,31
ENSG00000047662,FAM184B,neutral,0.3763322236414678,31
ENSG00000047936,ROS1,regulation-driven,0.6783558575601938,31
ENSG00000048544,MRPS10,neutral,0.45618606019506014,31
ENSG00000048545,GUCA1A,neutral,0.6007426882433957,31
ENSG00000048740,CELF2,gene-driven,0.3849616249788186,31
ENSG00000049167,ERCC8,gene-driven,0.8042887173426906,31
ENSG00000049192,ADAMTS6,neutral,0.53388668012452,31
ENSG00000049239,H6PD,neutral,0.47474193749664206,31
ENSG00000049245,VAMP3,gene-driven,0.48242527105614774,31
ENSG00000049246,PER3,gene-driven,0.543459667995805,31
ENSG00000050130,JKAMP,gene-driven,0.5066326658441124,31
ENSG00000050165,DKK3,gene-driven,0.6482523566933966,31
ENSG00000050344,NFE2L3,neutral,0.3670614926269683,31
ENSG00000050426,LETMD1,gene-driven,0.480259883762029,31
ENSG00000050438,SLC4A8,gene-driven,0.7749976512313113,31
ENSG00000050555,LAMC3,neutral,0.6458960029365344,31
ENSG00000050730,TNIP3,neutral,0.5305044047664238,31
ENSG00000051009,FHIP1B,neutral,0.4725891454742166,31
ENSG00000051180,RAD51,regulation-driven,0.9003072078824883,31
ENSG00000051596,THOC3,neutral,0.5916468381611191,31
ENSG00000052723,SIKE1,gene-driven,0.44278759035432125,31
ENSG00000053108,FSTL4,regulation-driven,0.6042969121927677,31
ENSG00000053328,METTL24,neutral,0.4102816850084754,31
ENSG00000053372,MRTO4,neutral,0.6995575966124875,31
ENSG00000053770,AP5M1,neutral,0.41575749733590683,31
ENSG00000053918,KCNQ1,regulation-driven,0.33278615581479576,31
ENSG00000054116,TRAPPC3,neutral,0.5479066251389162,31
ENSG00000054118,THRAP3,neutral,0.56553774181594,31
ENSG00000054179,ENTPD2,neutral,0.6862826209140428,31
ENSG00000054965,FAM168A,neutral,0.5599890722536643,31
ENSG00000055044,NOP58,neutral,0.5578540691503713,31
ENSG00000055118,KCNH2,regulation-driven,0.3918387115083273,31
ENSG00000055211,GINM1,neutral,0.3850907769855483,31
ENSG00000055813,CCDC85A,regulation-driven,0.45255564273739124,31
ENSG00000056050,HPF1,neutral,0.3354434189261446,31
ENSG00000056291,NPFFR2,gene-driven,0.827003659156863,31
ENSG00000056736,IL17RB,neutral,0.5919039588894328,31
ENSG00000057252,SOAT1,neutral,0.4767141206471941,31
ENSG00000057294,PKP2,gene-driven,0.6469158689598966,31
ENSG00000057468,MSH4,regulation-driven,0.5897279616020397,31
ENSG00000057593,F7,neutral,0.592070408998245,31
ENSG00000057663,ATG5,gene-driven,0.5158676524398875,31
ENSG00000057757,PITHD1,neutral,0.3466706936244007,31
ENSG00000058056,USP13,regulation-driven,0.5259270515566015,31
ENSG00000058063,ATP11B,regulation-driven,0.6711884471878906,31
ENSG00000058085,LAMC2,neutral,0.5420692276899672,31
ENSG00000058091,CDK14,regulation-driven,0.41094863047160524,31
ENSG00000058262,SEC61A1,gene-driven,0.37965822942432337,31
ENSG00000058668,ATP2B4,regulation-driven,0.42944496010121,31
ENSG00000058729,RIOK2,neutral,0.39301545144545724,31
ENSG00000058804,NDC1,neutral,0.541745909706759,31
ENSG00000058866,DGKG,regulation-driven,0.42612860283416953,31
ENSG00000059377,TBXAS1,gene-driven,0.6642883648498463,31
ENSG00000059588,TARBP1,neutral,0.4295130674490587,31
ENSG00000059769,DNAJC25,neutral,0.5128257045749841,31
ENSG00000060339,CCAR1,gene-driven,0.5366530066663613,31
ENSG00000060642,PIGV,gene-driven,0.5617533613785971,31
ENSG00000060688,SNRNP40,neutral,0.6152471005008521,31
ENSG00000060982,BCAT1,gene-driven,0.5836245241918985,31
ENSG00000061337,LZTS1,neutral,0.6322461824824317,31
ENSG00000061492,WNT8A,neutral,0.8727889059097846,31
ENSG00000061676,NCKAP1,regulation-driven,0.44147181791453016,31
ENSG00000062194,GPBP1,gene-driven,0.5688221013413008,31
ENSG00000062524,LTK,neutral,0.5221961055326626,31
ENSG00000063660,GPC1,gene-driven,0.3814265260238747,31
ENSG00000064199,SPA17,neutral,0.5782535363642676,31
ENSG00000064201,TSPAN32,gene-driven,0.6359275381174656,31
ENSG00000064218,DMRT3,regulation-driven,0.3862244073884197,31
ENSG00000064393,HIPK2,regulation-driven,0.5910769176743211,31
ENSG00000064419,TNPO3,neutral,0.40542971425146135,31
ENSG00000064651,SLC12A2,neutral,0.3058831951368972,31
ENSG00000064703,DDX20,regulation-driven,0.34600208492204754,31
ENSG00000064763,FAR2,gene-driven,0.7348923473766921,31
ENSG00000064886,CHI3L2,gene-driven,0.6383938911872096,31
ENSG00000064995,TAF11,gene-driven,0.5345507212896037,31
ENSG00000064999,ANKS1A,neutral,0.31868633710431105,31
ENSG00000065060,BLTP3A,regulation-driven,0.7109935631130712,31
ENSG00000065135,GNAI3,neutral,0.5743809182065824,31
ENSG00000065154,OAT,neutral,0.5644185626122756,31
ENSG00000065243,PKN2,neutral,0.547545591428394,31
ENSG00000065308,TRAM2,neutral,0.4736462630452164,31
ENSG00000065357,DGKA,gene-driven,0.6339013723264724,31
ENSG00000065491,TBC1D22B,neutral,0.6396286829332252,31
ENSG00000065518,NDUFB4,neutral,0.661815012679521,31
ENSG00000065548,ZC3H15,neutral,0.5740756319471331,31
ENSG00000065600,PACC1,neutral,0.47777630305211816,31
ENSG00000065615,CYB5R4,neutral,0.8371512382498059,31
ENSG00000065621,GSTO2,neutral,0.3191952530941402,31
ENSG00000065675,PRKCQ,regulation-driven,0.675425392444974,31
ENSG00000065802,ASB1,gene-driven,0.5072992023410696,31
ENSG00000065833,ME1,neutral,0.657789878015703,31
ENSG00000065970,FOXJ2,neutral,0.7242587722717121,31
ENSG00000066027,PPP2R5A,neutral,0.42907710642591157,31
ENSG00000066056,TIE1,neutral,0.4947704517680154,31
ENSG00000066185,ZMYND12,gene-driven,0.4809755084158146,31
ENSG00000066294,CD84,neutral,0.6327677263943665,31
ENSG00000066336,SPI1,neutral,0.5065666589751192,31
ENSG00000066379,POLR1H,neutral,0.7722489919528007,31
ENSG00000066405,CLDN18,neutral,0.4527170475387111,31
ENSG00000066422,ZBTB11,neutral,0.39827380188777195,31
ENSG00000066855,MTFR1,gene-driven (relaxed),0.34711987424271096,31
ENSG00000067082,KLF6,gene-driven,0.3069507042766749,31
ENSG00000067113,PLPP1,gene-driven,0.6329523142479561,31
ENSG00000067221,STOML1,gene-driven,0.5018117142500618,31
ENSG00000067334,DNTTIP2,neutral,0.3178250145782987,31
ENSG00000067533,RRP15,neutral,0.3204558458687108,31
ENSG00000067704,IARS2,neutral,0.5802411546271491,31
ENSG00000068028,RASSF1,neutral,0.7492827789044474,31
ENSG00000068650,,regulation-driven,0.5115578578159652,31
ENSG00000068654,POLR1A,regulation-driven,0.3921055862401386,31
ENSG00000068697,LAPTM4A,neutral,0.41438862812857324,31
ENSG00000068745,IP6K2,gene-driven,0.8947647143052597,31
ENSG00000068784,SRBD1,neutral,0.4406974410681139,31
ENSG00000068831,RASGRP2,regulation-driven,0.46347868425732286,31
ENSG00000068912,,gene-driven (relaxed),0.4570620915022362,31
ENSG00000068976,PYGM,regulation-driven,0.8350169764239077,31
ENSG00000069206,ADAM7,regulation-driven,0.45884206137524275,31
ENSG00000069275,NUCKS1,neutral,0.3806925257470999,31
ENSG00000069482,GAL,neutral,0.636490243759123,31
ENSG00000069667,RORA,gene-driven,0.8095808268468218,31
ENSG00000069869,,neutral,0.5208085462985033,31
ENSG00000069956,MAPK6,neutral,0.4603437592396047,31
ENSG00000069966,GNB5,regulation-driven,0.486685839288135,31
ENSG00000070019,GUCY2C,regulation-driven,0.851585566134543,31
ENSG00000070047,,neutral,0.37986614044229905,31
ENSG00000070087,PFN2,gene-driven,0.6611011080938793,31
ENSG00000070159,PTPN3,regulation-driven,0.5815527714925677,31
ENSG00000070190,DAPP1,neutral,0.6514620637984242,31
ENSG00000070193,FGF10,gene-driven,0.579865195844786,31
ENSG00000070269,TMEM260,neutral,0.4405089711993725,31
ENSG00000070367,EXOC5,neutral,0.5022182920463872,31
ENSG00000070610,GBA2,neutral,0.2613500568508297,31
ENSG00000070748,CHAT,neutral,0.6304341250661629,31
ENSG00000070756,,neutral,0.4929812809253403,31
ENSG00000070759,TESK2,neutral,0.4171724624266595,31
ENSG00000070886,EPHA8,gene-driven,0.8820120438360751,31
ENSG00000070985,TRPM5,neutral,0.5262040435621905,31
ENSG00000071073,MGAT4A,neutral,0.5517756283488479,31
ENSG00000071189,,regulation-driven,0.9106531162965855,31
ENSG00000071243,ING3,gene-driven,0.6539705070999031,31
ENSG00000071246,VASH1,gene-driven,0.6401706024777395,31
ENSG00000071462,BUD23,gene-driven,0.5019016222926704,31
ENSG00000071537,SEL1L,neutral,0.7850797236004254,31
ENSG00000071575,TRIB2,regulation-driven,0.5508359750821165,31
ENSG00000071677,PRLH,neutral,0.463995436127003,31
ENSG00000072042,RDH11,neutral,0.4543138769146915,31
ENSG00000072080,SPP2,neutral,0.5192196182179167,31
ENSG00000072134,EPN2,gene-driven,0.5267640371727345,31
ENSG00000072182,ASIC4,regulation-driven,0.4383646884676001,31
ENSG00000072401,UBE2D1,neutral,0.4635308905029556,31
ENSG00000072415,PALS1,regulation-driven,0.6063080328745131,31
ENSG00000072422,RHOBTB1,regulation-driven,0.841111988919217,31
ENSG00000072571,HMMR,gene-driven,0.49003476338930807,31
ENSG00000072609,CHFR,gene-driven,0.7009540501717588,31
ENSG00000072832,CRMP1,regulation-driven,0.6770313963795245,31
ENSG00000072840,EVC,gene-driven,0.4429337554214583,31
ENSG00000072858,SIDT1,regulation-driven,0.6949143000967398,31
ENSG00000073060,SCARB1,neutral,0.8512141358753263,31
ENSG00000073067,CYP2W1,neutral,0.8787190975702227,31
ENSG00000073598,FNDC8,neutral,0.8317475073976991,31
ENSG00000073734,ABCB11,gene-driven,0.6101768033526567,31
ENSG00000073737,DHRS9,neutral,0.8502996099691023,31
ENSG00000073754,CD5L,neutral,0.7475341474608304,31
ENSG00000073756,PTGS2,neutral,0.8523616700005013,31
ENSG00000073792,IGF2BP2,regulation-driven,0.23179926299783005,31
ENSG00000074071,MRPS34,gene-driven,0.6727454862517261,31
ENSG00000074211,PPP2R2C,gene-driven,0.8685802450535209,31
ENSG00000074276,CDHR2,neutral,0.5890254575466516,31
ENSG00000074317,SNCB,gene-driven,0.40928067272350777,31
ENSG00000074410,CA12,neutral,0.5575483779549004,31
ENSG00000074416,MGLL,neutral,0.47101893722151644,31
ENSG00000074771,NOX3,neutral,0.4876741569870223,31
ENSG00000074935,TUBE1,neutral,0.3264768514022125,31
ENSG00000075073,TACR2,neutral,0.4522834685186493,31
ENSG00000075142,SRI,neutral,0.42368552930961056,31
ENSG00000075188,NUP37,neutral,0.7698695840625496,31
ENSG00000075290,WNT8B,neutral,0.30827188937354244,31
ENSG00000075303,SLC25A40,neutral,0.3158502585477738,31
ENSG00000075407,ZNF37A,neutral,0.44494426773154194,31
ENSG00000075420,FNDC3B,regulation-driven,0.5129964927737265,31
ENSG00000075673,ATP12A,dual-driven,0.856594077128601,31
ENSG00000075884,ARHGAP15,regulation-driven,0.624066932062042,31
ENSG00000075914,EXOSC7,neutral,0.4315531936462518,31
ENSG00000075945,KIFAP3,regulation-driven,0.23050164890784075,31
ENSG00000075975,MKRN2,gene-driven,0.7993267541949585,31
ENSG00000076003,MCM6,neutral,0.45476552500324674,31
ENSG00000076053,RBM7,gene-driven,0.5703568811729246,31
ENSG00000076067,RBMS2,neutral,0.6296085221608292,31
ENSG00000076248,UNG,neutral,0.6529404104892391,31
ENSG00000076321,KLHL20,neutral,0.8154736522508242,31
ENSG00000076356,,regulation-driven,0.8749144930792134,31
ENSG00000076513,ANKRD13A,neutral,0.6021274428952776,31
ENSG00000076604,TRAF4,gene-driven,0.6007768719017796,31
ENSG00000076641,PAG1,neutral,0.39048951124254594,31
ENSG00000076706,MCAM,neutral,0.8785629926596544,31
ENSG00000077092,RARB,regulation-driven,0.6605315719697484,31
ENSG00000077097,,gene-driven,0.32626479298577926,31
ENSG00000077150,NFKB2,neutral,0.7175170867036369,31
ENSG00000077152,UBE2T,neutral,0.43283177065661516,31
ENSG00000077157,,gene-driven,0.3655263541035051,31
ENSG00000077232,DNAJC10,neutral,0.447880147631058,31
ENSG00000077327,SPAG6,regulation-driven,0.3131743788465553,31
ENSG00000077420,APBB1IP,regulation-driven,0.6364319019969672,31
ENSG00000077498,TYR,regulation-driven,0.7360238653339853,31
ENSG00000077943,ITGA8,regulation-driven,0.688144024299352,31
ENSG00000078124,ACER3,neutral,0.3921536408569044,31
ENSG00000078177,N4BP2,gene-driven,0.4101983039874051,31
ENSG00000078237,TIGAR,neutral,0.6701251531099727,31
ENSG00000078295,ADCY2,regulation-driven,0.38743032509884834,31
ENSG00000078399,HOXA9,gene-driven,0.8685689693060685,31
ENSG00000078401,EDN1,neutral,0.6350765464810174,31
ENSG00000078725,BRINP1,regulation-driven,0.4964775274610572,31
ENSG00000078900,TP73,gene-driven,0.6064471330825465,31
ENSG00000079277,MKNK1,gene-driven,0.6062775848702173,31
ENSG00000079393,DUSP13B,gene-driven,0.4457496141508497,31
ENSG00000079459,FDFT1,gene-driven,0.7404743087953325,31
ENSG00000079557,AFM,neutral,0.7930625778748589,31
ENSG00000079689,SCGN,neutral,0.6914714901070097,31
ENSG00000079739,PGM1,neutral,0.3587016024026686,31
ENSG00000079931,MOXD1,neutral,0.5819889492336547,31
ENSG00000079950,STX7,neutral,0.3975943707527042,31
ENSG00000080007,DDX43,neutral,0.6625394358332002,31
ENSG00000080166,DCT,neutral,0.33656495680805687,31
ENSG00000080293,SCTR,neutral,0.6743400349342611,31
ENSG00000080298,RFX3,gene-driven,0.5630586982111132,31
ENSG00000080371,RAB21,neutral,0.784701283831546,31
ENSG00000080546,SESN1,neutral,0.5335359583068828,31
ENSG00000080608,PUM3,neutral,0.549727817903058,31
ENSG00000080802,CNOT4,gene-driven (relaxed),0.2984263957795269,31
ENSG00000080815,,regulation-driven,0.62055854404991,31
ENSG00000080819,CPOX,neutral,0.5945018446860786,31
ENSG00000081014,AP4E1,neutral,0.6639021454649916,31
ENSG00000081019,RSBN1,gene-driven,0.42004507952971637,31
ENSG00000081026,MAGI3,gene-driven,0.7875270396381417,31
ENSG00000081051,AFP,neutral,0.6771259917169272,31
ENSG00000081148,IMPG2,neutral,0.4533667785045107,31
ENSG00000081177,EXD2,neutral,0.4888834061799008,31
ENSG00000081181,ARG2,neutral,0.6655964995882979,31
ENSG00000081277,PKP1,regulation-driven,0.25886118605346975,31
ENSG00000081307,UBA5,neutral,0.6601197866743962,31
ENSG00000081320,STK17B,neutral,0.5232077476459635,31
ENSG00000081692,JMJD4,gene-driven,0.4607863017555306,31
ENSG00000081760,AACS,regulation-driven,0.4215768562724592,31
ENSG00000081791,DELE1,gene-driven,0.8977338021941679,31
ENSG00000081800,SLC13A1,neutral,0.6832387988593782,31
ENSG00000082068,WDR70,neutral,0.6096716920149894,31
ENSG00000082074,FYB1,gene-driven,0.7538311968277229,31
ENSG00000082293,COL19A1,neutral,0.49992145789656117,31
ENSG00000082497,SERTAD4,regulation-driven,0.6062833693857599,31
ENSG00000082512,TRAF5,neutral,0.611038335304571,31
ENSG00000082515,MRPL22,gene-driven,0.6240561963738345,31
ENSG00000082516,GEMIN5,neutral,0.577925747148913,31
ENSG00000082556,OPRK1,regulation-driven,0.4500620756909215,31
ENSG00000082996,RNF13,regulation-driven,0.6534448466916143,31
ENSG00000083123,BCKDHB,neutral,0.6745746894020003,31
ENSG00000083168,,regulation-driven,0.5505333814521365,31
ENSG00000083520,DIS3,neutral,0.6082836999557144,31
ENSG00000083535,PIBF1,neutral,0.5656047854873099,31
ENSG00000083635,NUFIP1,neutral,0.44678134466927444,31
ENSG00000083720,OXCT1,neutral,0.4653268488106106,31
ENSG00000083782,EPYC,neutral,0.553032440542859,31
ENSG00000083937,CHMP2B,gene-driven,0.4429741424091659,31
ENSG00000084073,ZMPSTE24,gene-driven,0.329135832079146,31
ENSG00000084092,NOA1,regulation-driven,0.7551488775444299,31
ENSG00000084093,REST,gene-driven,0.7803489095813259,31
ENSG00000084110,HAL,regulation-driven,0.391048372831302,31
ENSG00000084444,FAM234B,neutral,0.6418767510888206,31
ENSG00000084628,NKAIN1,gene-driven,0.562590904411461,31
ENSG00000084652,TXLNA,gene-driven,0.6984555799596801,31
ENSG00000084710,EFR3B,regulation-driven,0.43354636314738826,31
ENSG00000084731,KIF3C,gene-driven,0.5019873641468624,31
ENSG00000084733,RAB10,neutral,0.5697281690718186,31
ENSG00000084764,MAPRE3,neutral,0.7380915359836513,31
ENSG00000085365,SCAMP1,gene-driven,0.42281398022329686,31
ENSG00000085491,SLC25A24,neutral,0.3860086646624997,31
ENSG00000085552,IGSF9,neutral,0.6521963683972527,31
ENSG00000085662,AKR1B1,regulation-driven,0.6652555826797955,31
ENSG00000085733,CTTN,neutral,0.6913133233414979,31
ENSG00000085840,ORC1,neutral,0.5452113775529583,31
ENSG00000085871,MGST2,neutral,0.46166408747467425,31
ENSG00000085978,ATG16L1,gene-driven,0.5679950574714641,31
ENSG00000086062,B4GALT1,neutral,0.5899007838023614,31
ENSG00000086065,CHMP5,neutral,0.2837778037841202,31
ENSG00000086102,NFX1,neutral,0.6557713808676429,31
ENSG00000086159,AQP6,gene-driven,0.39213779336657106,31
ENSG00000086189,DIMT1,gene-driven,0.532220461211173,31
ENSG00000086289,EPDR1,neutral,0.5562866768351168,31
ENSG00000086300,SNX10,neutral,0.7249329529234763,31
ENSG00000086589,RBM22,gene-driven,0.4293410721759382,31
ENSG00000086619,ERO1B,regulation-driven,0.48141721683207006,31
ENSG00000086730,LAT2,gene-driven,0.5415313300034221,31
ENSG00000086827,ZW10,neutral,0.43053449618254414,31
ENSG00000087085,ACHE,neutral,0.5626738057684877,31
ENSG00000087095,NLK,neutral,0.28709987863928144,31
ENSG00000087111,PIGS,gene-driven,0.8387532617981088,31
ENSG00000087116,ADAMTS2,neutral,0.9031184989000262,31
ENSG00000087206,UIMC1,gene-driven,0.7098552527439369,31
ENSG00000087299,L2HGDH,gene-driven,0.48266202533110014,31
ENSG00000087301,TXNDC16,gene-driven,0.4949818932650478,31
ENSG00000087302,RTRAF,neutral,0.7577472557716243,31
ENSG00000087338,GMCL1,neutral,0.40623274237709006,31
ENSG00000087494,PTHLH,gene-driven,0.26888259493178246,31
ENSG00000087884,AAMDC,gene-driven,0.5817460693195283,31
ENSG00000088035,ALG6,gene-driven,0.43672860889039744,31
ENSG00000088280,ASAP3,dual-driven,0.4652603210816283,31
ENSG00000088386,SLC15A1,neutral,0.439540670161654,31
ENSG00000088451,TGDS,neutral,0.5443300464925183,31
ENSG00000088726,TMEM40,gene-driven,0.37088380906490215,31
ENSG00000088808,PPP1R13B,neutral,0.4506894894875597,31
ENSG00000088926,F11,neutral,0.6444887501279627,31
ENSG00000088992,TESC,neutral,0.5811099196751753,31
ENSG00000089041,P2RX7,neutral,0.3642487183916485,31
ENSG00000089116,LHX5,neutral,0.44683782791873805,31
ENSG00000089127,OAS1,gene-driven,0.6392036196588242,31
ENSG00000089169,RPH3A,gene-driven,0.42247460039010665,31
ENSG00000089225,TBX5,regulation-driven,0.41401621898513086,31
ENSG00000089234,BRAP,regulation-driven,0.47629176329180545,31
ENSG00000089250,NOS1,regulation-driven,0.6235150075217231,31
ENSG00000089597,GANAB,gene-driven,0.6922881854165528,31
ENSG00000089692,LAG3,neutral,0.4066289433988942,31
ENSG00000089723,OTUB2,neutral,0.4252394540683292,31
ENSG00000089737,DDX24,neutral,0.5246254040947163,31
ENSG00000089775,ZBTB25,neutral,0.5439790498870316,31
ENSG00000089818,NECAP1,gene-driven,0.3782342125017141,31
ENSG00000089902,RCOR1,gene-driven,0.6185498126551111,31
ENSG00000090054,SPTLC1,neutral,0.5458706042233592,31
ENSG00000090060,,neutral,0.45234390989666884,31
ENSG00000090104,RGS1,neutral,0.49195363638682554,31
ENSG00000090263,MRPS33,gene-driven,0.6091817298040239,31
ENSG00000090266,NDUFB2,gene-driven,0.35619674633848275,31
ENSG00000090273,NUDC,gene-driven,0.37216083943555067,31
ENSG00000090402,SI,regulation-driven,0.24771288069217012,31
ENSG00000090432,MUL1,neutral,0.6984726763414025,31
ENSG00000090470,PDCD7,neutral,0.3996195270949924,31
ENSG00000090520,DNAJB11,neutral,0.46129348086058775,31
ENSG00000090530,P3H2,neutral,0.5871820659536391,31
ENSG00000090539,CHRD,regulation-driven,0.6182933250914568,31
ENSG00000090581,GNPTG,neutral,0.6022345030425561,31
ENSG00000090686,,regulation-driven,0.8736658885108068,31
ENSG00000090975,PITPNM2,regulation-driven,0.3636134076160412,31
ENSG00000091128,,regulation-driven,0.4819722470707951,31
ENSG00000091138,SLC26A3,regulation-driven,0.31232691353370023,31
ENSG00000091140,DLD,neutral,0.6045868995398219,31
ENSG00000091317,CMTM6,neutral,0.6637533294019152,31
ENSG00000091483,FH,gene-driven,0.5524674639545388,31
ENSG00000091656,,regulation-driven,0.6270044290561173,31
ENSG00000091664,SLC17A6,regulation-driven,0.8785462832080504,31
ENSG00000091732,ZC3HC1,gene-driven,0.731895314879449,31
ENSG00000091831,ESR1,gene-driven,0.6475905418272553,31
ENSG00000091844,RGS17,neutral,0.9052276235057848,31
ENSG00000091879,ANGPT2,neutral,0.4234128325380223,31
ENSG00000092009,CMA1,neutral,0.508226440416474,31
ENSG00000092010,PSME1,gene-driven,0.4535927264882935,31
ENSG00000092020,PPP2R3C,gene-driven,0.5964529363273539,31
ENSG00000092051,JPH4,neutral,0.6937018859039781,31
ENSG00000092067,CEBPE,neutral,0.5460946755035097,31
ENSG00000092068,SLC7A8,regulation-driven,0.6366852191065706,31
ENSG00000092201,SUPT16H,neutral,0.23102664509677995,31
ENSG00000092203,TOX4,neutral,0.42501526247421073,31
ENSG00000092345,DAZL,gene-driven,0.8920588643811461,31
ENSG00000092529,,gene-driven,0.5436277274181734,31
ENSG00000092531,SNAP23,neutral,0.7174912687174564,31
ENSG00000092607,TBX15,gene-driven,0.5523890504319175,31
ENSG00000092820,EZR,neutral,0.6509167019415868,31
ENSG00000092847,AGO1,neutral,0.7759103013916946,31
ENSG00000092853,CLSPN,regulation-driven,0.605318853966584,31
ENSG00000092871,RFFL,gene-driven,0.6021411819661502,31
ENSG00000092969,TGFB2,neutral,0.5270769836996431,31
ENSG00000092978,GPATCH2,neutral,0.5729474259653639,31
ENSG00000095015,MAP3K1,gene-driven,0.44469753155128866,31
ENSG00000095139,ARCN1,neutral,0.6428418964304785,31
ENSG00000095203,EPB41L4B,regulation-driven,0.38147059467773947,31
ENSG00000095261,PSMD5,gene-driven,0.6129408217183234,31
ENSG00000095319,NUP188,neutral,0.3897986901949947,31
ENSG00000095321,CRAT,neutral,0.48331579347299014,31
ENSG00000095380,NANS,gene-driven,0.5674197005644672,31
ENSG00000095383,TBC1D2,neutral,0.5503549659695088,31
ENSG00000095464,PDE6C,neutral,0.4160024305188067,31
ENSG00000095564,BTAF1,regulation-driven,0.3954740500749232,31
ENSG00000095574,IKZF5,neutral,0.6327510860177802,31
ENSG00000095585,BLNK,neutral,0.6241144002554581,31
ENSG00000095596,CYP26A1,neutral,0.6859621932924749,31
ENSG00000095627,TDRD1,regulation-driven,0.4254936046864243,31
ENSG00000095739,BAMBI,neutral,0.7800221919672147,31
ENSG00000095970,TREM2,neutral,0.8266747765766936,31
ENSG00000095981,KCNK16,neutral,0.9136659232431373,31
ENSG00000096060,FKBP5,neutral,0.5619028740863083,31
ENSG00000096070,BRPF3,regulation-driven,0.44266092774768206,31
ENSG00000096092,TMEM14A,neutral,0.3726439204653289,31
ENSG00000096395,MLN,neutral,0.4970693500810669,31
ENSG00000096401,CDC5L,neutral,0.675799877216896,31
ENSG00000096654,ZNF184,gene-driven,0.5671550243597249,31
ENSG00000096696,,gene-driven (relaxed),0.5533497739423274,31
ENSG00000096717,SIRT1,neutral,0.6392300138056302,31
ENSG00000096746,HNRNPH3,neutral,0.6223679478299708,31
ENSG00000097007,ABL1,regulation-driven,0.5288303015091915,31
ENSG00000097033,SH3GLB1,neutral,0.6936717585025167,31
ENSG00000097096,SYDE2,neutral,0.6944369727874293,31
ENSG00000099194,SCD,neutral,0.40822388172390434,31
ENSG00000099219,,regulation-driven,0.43909329001133546,31
ENSG00000099256,PRTFDC1,neutral,0.5075901185792743,31
ENSG00000099260,PALMD,gene-driven,0.5368403092942111,31
ENSG00000099282,TSPAN15,gene-driven,0.8124317032733046,31
ENSG00000099284,MACROH2A2,regulation-driven,0.45245408701589596,31
ENSG00000099814,CEP170B,neutral,0.31837442439309804,31
ENSG00000100439,ABHD4,neutral,0.42345227925241913,31
ENSG00000100442,FKBP3,gene-driven,0.3885556613753597,31
ENSG00000100445,SDR39U1,gene-driven,0.9061104761422669,31
ENSG00000100448,CTSG,neutral,0.7767147787454711,31
ENSG00000100453,GZMB,gene-driven,0.38630843513583857,31
ENSG00000100461,RBM23,gene-driven,0.4708159925230554,31
ENSG00000100462,PRMT5,gene-driven,0.5205649014801108,31
ENSG00000100483,VCPKMT,neutral,0.32773703522107145,31
ENSG00000100504,PYGL,regulation-driven,0.45113306224498495,31
ENSG00000100505,TRIM9,regulation-driven,0.6273758526754054,31
ENSG00000100523,DDHD1,neutral,0.8342940355979562,31
ENSG00000100526,CDKN3,neutral,0.6411271256880049,31
ENSG00000100528,CNIH1,neutral,0.6636673844127697,31
ENSG00000100554,ATP6V1D,neutral,0.7093169680630138,31
ENSG00000100565,LRRC74A,gene-driven,0.453117573394585,31
ENSG00000100567,PSMA3,neutral,0.3433214007119333,31
ENSG00000100577,GSTZ1,neutral,0.6223973725261724,31
ENSG00000100583,SAMD15,gene-driven,0.3797982577936245,31
ENSG00000100592,DAAM1,regulation-driven,0.7649943791483094,31
ENSG00000100603,SNW1,neutral,0.6169194611023974,31
ENSG00000100604,CHGA,regulation-driven,0.3834967660489338,31
ENSG00000100626,GALNT16,neutral,0.718541589472486,31
ENSG00000100628,ASB2,neutral,0.7116591883754542,31
ENSG00000100644,HIF1A,regulation-driven,0.4385201413107497,31
ENSG00000100647,SUSD6,neutral,0.5071851654080685,31
ENSG00000100652,SLC10A1,neutral,0.3853930445258984,31
ENSG00000100665,SERPINA4,neutral,0.5117608549810009,31
ENSG00000100678,SLC8A3,regulation-driven,0.5508860425076475,31
ENSG00000100721,TCL1A,neutral,0.4886528752293108,31
ENSG00000100744,GSKIP,gene-driven,0.7785724893813268,31
ENSG00000100796,PPP4R3A,gene-driven,0.5274140427838929,31
ENSG00000100802,C14orf93,neutral,0.417356687363336,31
ENSG00000100811,YY1,gene-driven,0.4728662279087915,31
ENSG00000100815,TRIP11,neutral,0.6457082645149239,31
ENSG00000100842,EFS,neutral,0.4675976897261951,31
ENSG00000100884,CPNE6,neutral,0.4763459601986866,31
ENSG00000100889,PCK2,regulation-driven,0.4410954792792997,31
ENSG00000100890,PRORP,gene-driven,0.4250247178895269,31
ENSG00000100908,EMC9,gene-driven,0.5482585633711836,31
ENSG00000100911,PSME2,gene-driven,0.5896793650978996,31
ENSG00000100938,GMPR2,neutral,0.608696711222962,31
ENSG00000100941,PNN,neutral,0.4541613940500929,31
ENSG00000102466,FGF14,neutral,0.7544654288074785,31
ENSG00000102468,HTR2A,neutral,0.644740147117461,31
ENSG00000102471,NDFIP2,regulation-driven,0.6141368224114605,31
ENSG00000102524,TNFSF13B,neutral,0.5022512683930871,31
ENSG00000102539,MLNR,neutral,0.385878157513446,31
ENSG00000102547,CAB39L,regulation-driven,0.4917536803425492,31
ENSG00000102580,DNAJC3,neutral,0.45143829164020743,31
ENSG00000102595,UGGT2,regulation-driven,0.3878055444753016,31
ENSG00000102678,FGF9,neutral,0.5310639319506623,31
ENSG00000102683,SGCG,neutral,0.5876012572060816,31
ENSG00000102738,MRPS31,neutral,0.5092515140140457,31
ENSG00000102760,RGCC,neutral,0.4044825231855056,31
ENSG00000102794,ACOD1,neutral,0.45733987425629186,31
ENSG00000102805,CLN5,neutral,0.7097096431282345,31
ENSG00000102837,OLFM4,neutral,0.6799615610196026,31
ENSG00000103024,NME3,gene-driven,0.5291354667241986,31
ENSG00000103275,UBE2I,gene-driven,0.8219426046364053,31
ENSG00000103313,MEFV,neutral,0.5686237527973321,31
ENSG00000103343,ZNF174,neutral,0.2842639027165388,31
ENSG00000103351,CLUAP1,gene-driven,0.4880271307985521,31
ENSG00000103591,AAGAB,neutral,0.4415089195933741,31
ENSG00000103647,CORO2B,regulation-driven,0.5273008413598266,31
ENSG00000103707,MTFMT,neutral,0.730804129648055,31
ENSG00000103710,RASL12,neutral,0.4854767095351623,31
ENSG00000103742,IGDCC4,neutral,0.4148658649953001,31
ENSG00000103769,RAB11A,neutral,0.7103865068156507,31
ENSG00000104043,,gene-driven,0.659590352481885,31
ENSG00000104055,TGM5,regulation-driven,0.492752152643121,31
ENSG00000104059,ENTREP2,neutral,0.620394912784209,31
ENSG00000104129,DNAJC17,neutral,0.28839609420865453,31
ENSG00000104142,VPS18,neutral,0.8952325460912071,31
ENSG00000104154,SLC30A4,neutral,0.4480895347178846,31
ENSG00000104221,BRF2,neutral,0.2289267848804898,31
ENSG00000104237,RP1,neutral,0.5540618129592325,31
ENSG00000104267,CA2,neutral,0.6263782597464558,31
ENSG00000104312,RIPK2,neutral,0.5271662507597348,31
ENSG00000104313,EYA1,neutral,0.4002153138004978,31
ENSG00000104321,TRPA1,regulation-driven,0.5274067987458582,31
ENSG00000104324,CPQ,gene-driven,0.5878319774514129,31
ENSG00000104327,CALB1,neutral,0.40915167405292197,31
ENSG00000104332,SFRP1,neutral,0.5741149917429714,31
ENSG00000104361,NIPAL2,neutral,0.5766835368094168,31
ENSG00000104369,JPH1,regulation-driven,0.8105687841047271,31
ENSG00000104371,DKK4,neutral,0.45917896302944217,31
ENSG00000104381,GDAP1,neutral,0.49618482504560035,31
ENSG00000104415,CCN4,neutral,0.4032462267246545,31
ENSG00000104427,ZC2HC1A,neutral,0.6035341393601759,31
ENSG00000104432,IL7,gene-driven,0.6999605444122644,31
ENSG00000104435,STMN2,neutral,0.4419375376147976,31
ENSG00000104442,ARMC1,gene-driven,0.6191469631506548,31
ENSG00000104450,SPAG1,neutral,0.6062514483353445,31
ENSG00000104490,NCALD,neutral,0.4269989159757258,31
ENSG00000104497,SNX16,gene-driven,0.884959094348721,31
ENSG00000104518,GSDMD,neutral,0.42959282153502065,31
ENSG00000104537,ANXA13,neutral,0.6551591612176326,31
ENSG00000104611,SH2D4A,neutral,0.2866751682927896,31
ENSG00000104626,ERI1,gene-driven,0.6914349341714447,31
ENSG00000104643,MTMR9,gene-driven,0.4579002673561169,31
ENSG00000104660,LEPROTL1,gene-driven,0.3358037206674961,31
ENSG00000104671,DCTN6,gene-driven,0.39718381151440396,31
ENSG00000104689,TNFRSF10A,neutral,0.4986740520312434,31
ENSG00000104714,ERICH1,gene-driven,0.533346041987586,31
ENSG00000104723,TUSC3,regulation-driven,0.525077414606035,31
ENSG00000104738,MCM4,neutral,0.8341851007091766,31
ENSG00000104755,ADAM2,regulation-driven,0.5719087811134609,31
ENSG00000104760,FGL1,neutral,0.2810785191091155,31
ENSG00000104763,,gene-driven,0.3801500753849659,31
ENSG00000104765,BNIP3L,neutral,0.5566630356858171,31
ENSG00000105784,RUNDC3B,regulation-driven,0.6691661270799423,31
ENSG00000105810,CDK6,neutral,0.3246570752501756,31
ENSG00000105819,PMPCB,gene-driven,0.30196497927602206,31
ENSG00000105835,NAMPT,neutral,0.4236276529360685,31
ENSG00000105849,POLR1F,neutral,0.6609962366649718,31
ENSG00000105855,ITGB8,regulation-driven,0.5389675373890561,31
ENSG00000105865,DUS4L,neutral,0.6616872565839791,31
ENSG00000105866,SP4,neutral,0.34427536147271975,31
ENSG00000105875,WDR91,gene-driven,0.7915669581563116,31
ENSG00000105880,DLX5,neutral,0.5019248865971455,31
ENSG00000105887,MTPN,neutral,0.6236223662903368,31
ENSG00000105894,PTN,neutral,0.5128748027220964,31
ENSG00000105926,PALS2,neutral,0.4270038393598605,31
ENSG00000105948,IFT56,regulation-driven,0.3831012566943893,31
ENSG00000105954,NPVF,neutral,0.6047756575097748,31
ENSG00000105967,TFEC,neutral,0.47597162021287553,31
ENSG00000105968,H2AZ2,neutral,0.6319687773011823,31
ENSG00000105971,CAV2,neutral,0.7816905614768971,31
ENSG00000105974,CAV1,neutral,0.6799281537049384,31
ENSG00000105976,MET,regulation-driven,0.36972339337300475,31
ENSG00000105983,LMBR1,gene-driven,0.5119366623498871,31
ENSG00000105991,HOXA1,neutral,0.495592944658535,31
ENSG00000105993,DNAJB6,neutral,0.8931286770161365,31
ENSG00000105996,HOXA2,neutral,0.9323177309441356,31
ENSG00000106003,LFNG,neutral,0.9245057939273894,31
ENSG00000106006,HOXA6,neutral,0.5906428028160353,31
ENSG00000106009,BRAT1,neutral,0.5145620101864757,31
ENSG00000106013,ANKRD7,gene-driven,0.5741951681802909,31
ENSG00000106018,VIPR2,neutral,0.6958482711770908,31
ENSG00000106025,TSPAN12,neutral,0.5143784109142049,31
ENSG00000106031,HOXA13,neutral,0.586695648840584,31
ENSG00000106038,EVX1,neutral,0.4419739847483959,31
ENSG00000106049,HIBADH,neutral,0.41930222766427194,31
ENSG00000106066,CPVL,regulation-driven,0.49747721034978976,31
ENSG00000106077,ABHD11,gene-driven,0.5381063899083887,31
ENSG00000106089,STX1A,gene-driven,0.7397862632616994,31
ENSG00000106123,EPHB6,neutral,0.4839930733581167,31
ENSG00000106125,MINDY4,neutral,0.5122415340085833,31
ENSG00000106128,GHRHR,gene-driven,0.7884898963656516,31
ENSG00000106144,CASP2,gene-driven,0.6306930711411407,31
ENSG00000106153,CHCHD2,neutral,0.9569539028642646,31
ENSG00000106236,NPTX2,neutral,0.4741746007294433,31
ENSG00000106245,BUD31,neutral,0.6145288278862706,31
ENSG00000106268,NUDT1,gene-driven,0.6267154670234979,31
ENSG00000106290,,neutral,0.5140536851580779,31
ENSG00000106299,WASL,neutral,0.8634805498126799,31
ENSG00000106305,AIMP2,neutral,0.7773556480209206,31
ENSG00000106331,PAX4,neutral,0.7815219343854015,31
ENSG00000106333,PCOLCE,neutral,0.7568676081472059,31
ENSG00000106336,FBXO24,regulation-driven,0.8057598265978756,31
ENSG00000106341,PPP1R17,neutral,0.34345475387974334,31
ENSG00000106366,SERPINE1,neutral,0.532071263114493,31
ENSG00000106367,AP1S1,gene-driven,0.9570810622641568,31
ENSG00000106384,MOGAT3,gene-driven,0.3649915225124911,31
ENSG00000106397,PLOD3,neutral,0.6139372551840463,31
ENSG00000106399,RPA3,gene-driven,0.6059477409981799,31
ENSG00000106400,ZNHIT1,neutral,0.69023166896035,31
ENSG00000106404,CLDN15,neutral,0.9520976923872307,31
ENSG00000106436,MYL10,neutral,0.5053334840249809,31
ENSG00000106460,TMEM106B,gene-driven,0.8540810978836376,31
ENSG00000106462,EZH2,regulation-driven,0.5045741669578219,31
ENSG00000106477,CEP41,gene-driven,0.3899146933451011,31
ENSG00000106479,ZNF862,neutral,0.8807461727728003,31
ENSG00000106483,SFRP4,neutral,0.7533246937999942,31
ENSG00000106511,MEOX2,neutral,0.5336620492519246,31
ENSG00000106536,POU6F2,dual-driven,0.5246652839246723,31
ENSG00000106546,AHR,neutral,0.6436072134475814,31
ENSG00000106565,TMEM176B,neutral,0.9160478027236691,31
ENSG00000106571,,gene-driven,0.5176468832488175,31
ENSG00000106609,TMEM248,gene-driven,0.39520523574399347,31
ENSG00000106617,PRKAG2,regulation-driven,0.7498428559344259,31
ENSG00000106628,,gene-driven,0.8329981493068987,31
ENSG00000106633,GCK,gene-driven,0.46799271352090266,31
ENSG00000106635,BCL7B,gene-driven,0.3053656606629148,31
ENSG00000106686,SPATA6L,neutral,0.44889187209719283,31
ENSG00000106688,SLC1A1,neutral,0.6688730470317295,31
ENSG00000106701,FSD1L,regulation-driven,0.7370248871062544,31
ENSG00000106723,SPIN1,neutral,0.5526434364855921,31
ENSG00000106733,NMRK1,neutral,0.4634425948869011,31
ENSG00000106771,TMEM245,regulation-driven,0.6117022076240239,31
ENSG00000106780,MEGF9,neutral,0.44170866771449824,31
ENSG00000106785,TRIM14,gene-driven,0.43352817533807875,31
ENSG00000106789,CORO2A,neutral,0.799654562453413,31
ENSG00000106803,SEC61B,neutral,0.7175822510834902,31
ENSG00000106809,OGN,neutral,0.9064094853985866,31
ENSG00000106823,ECM2,neutral,0.5837657673091303,31
ENSG00000106927,AMBP,neutral,0.5970541794741675,31
ENSG00000106948,,neutral,0.7232700303266166,31
ENSG00000106991,ENG,neutral,0.46008789191727495,31
ENSG00000106992,AK1,gene-driven,0.48892694501735934,31
ENSG00000106993,CDC37L1,neutral,0.701662024437933,31
ENSG00000107020,PLGRKT,neutral,0.4088578475633977,31
ENSG00000107021,TBC1D13,neutral,0.3822245333731753,31
ENSG00000107140,TESK1,neutral,0.7198631542665352,31
ENSG00000107159,CA9,neutral,0.489316214388567,31
ENSG00000107164,FUBP3,regulation-driven,0.708459230039691,31
ENSG00000107185,RGP1,neutral,0.6137012792669759,31
ENSG00000107187,LHX3,regulation-driven,0.6179212662514728,31
ENSG00000107201,RIGI,gene-driven,0.5313562854822473,31
ENSG00000107223,EDF1,neutral,0.5864786311762409,31
ENSG00000107242,PIP5K1B,neutral,0.7084469007601925,31
ENSG00000107295,SH3GL2,regulation-driven,0.6980539341305787,31
ENSG00000107338,SHB,neutral,0.5328045859418442,31
ENSG00000107362,ABHD17B,neutral,0.5540754627118449,31
ENSG00000107371,EXOSC3,gene-driven,0.4681478065623744,31
ENSG00000107404,DVL1,neutral,0.7434829344139535,31
ENSG00000107438,PDLIM1,neutral,0.7640330066137584,31
ENSG00000107443,CCNJ,neutral,0.8728564955212315,31
ENSG00000107447,DNTT,gene-driven,0.8308763661792138,31
ENSG00000107554,,neutral,0.47034149121205693,31
ENSG00000107562,CXCL12,neutral,0.5568173530259293,31
ENSG00000107566,ERLIN1,neutral,0.5459613575524156,31
ENSG00000107581,EIF3A,neutral,0.6289070001141072,31
ENSG00000107593,PKD2L1,neutral,0.6876669856803015,31
ENSG00000107679,PLEKHA1,neutral,0.5802289339156098,31
ENSG00000107742,SPOCK2,neutral,0.2888564441918158,31
ENSG00000107771,CCSER2,neutral,0.5300422646911446,31
ENSG00000107779,BMPR1A,regulation-driven,0.6091538459834165,31
ENSG00000107796,ACTA2,regulation-driven,0.5372246006461509,31
ENSG00000107798,LIPA,neutral,0.9202105305369591,31
ENSG00000107819,SFXN3,gene-driven,0.5250838199027299,31
ENSG00000107821,KAZALD1,neutral,0.5706714561615371,31
ENSG00000107829,FBXW4,neutral,0.718157066739199,31
ENSG00000107831,FGF8,neutral,0.5193593378005847,31
ENSG00000107833,NPM3,neutral,0.5598550199001299,31
ENSG00000107854,TNKS2,regulation-driven,0.8892073944322562,31
ENSG00000107859,PITX3,neutral,0.3626422167619545,31
ENSG00000107864,CPEB3,regulation-driven,0.47290388526791693,31
ENSG00000107874,CUEDC2,neutral,0.4648562469080929,31
ENSG00000107882,SUFU,gene-driven (relaxed),0.45107996086840896,31
ENSG00000107902,LHPP,neutral,0.29801192926874154,31
ENSG00000107937,GTPBP4,neutral,0.4257418934019891,31
ENSG00000107951,MTPAP,regulation-driven,0.5045717096604602,31
ENSG00000107968,MAP3K8,neutral,0.5356489605245878,31
ENSG00000107984,DKK1,neutral,0.8280430224297024,31
ENSG00000108001,EBF3,regulation-driven,0.5592131173843056,31
ENSG00000108010,GLRX3,neutral,0.7806374851454919,31
ENSG00000108018,SORCS1,neutral,0.5042323222852179,31
ENSG00000108055,SMC3,regulation-driven,0.4430923117825829,31
ENSG00000108061,SHOC2,regulation-driven,0.6505978291157917,31
ENSG00000108091,CCDC6,neutral,0.4051608616242055,31
ENSG00000108176,DNAJC12,gene-driven,0.33967080277474493,31
ENSG00000108219,TSPAN14,regulation-driven,0.42260227471362344,31
ENSG00000108231,LGI1,regulation-driven,0.38641468571549165,31
ENSG00000108239,TBC1D12,neutral,0.7525271315307693,31
ENSG00000108256,NUFIP2,gene-driven,0.3662265518855271,31
ENSG00000108671,PSMD11,gene-driven,0.6562400211249513,31
ENSG00000108684,ASIC2,neutral,0.8348405865246484,31
ENSG00000108691,CCL2,gene-driven,0.7414525370479194,31
ENSG00000108700,CCL8,neutral,0.6616274044607999,31
ENSG00000109046,WSB1,gene-driven,0.6862271819045704,31
ENSG00000109072,VTN,gene-driven (relaxed),0.4185952497116495,31
ENSG00000109101,FOXN1,neutral,0.5464142499080265,31
ENSG00000109107,ALDOC,gene-driven,0.2343016442171033,31
ENSG00000109132,PHOX2B,neutral,0.46031047591301444,31
ENSG00000109133,TMEM33,neutral,0.6780872860261368,31
ENSG00000109158,GABRA4,neutral,0.6638533929615359,31
ENSG00000109163,GNRHR,gene-driven,0.6136696613907744,31
ENSG00000109180,OCIAD1,gene-driven,0.8981076722065837,31
ENSG00000109182,CWH43,gene-driven,0.38860380132860095,31
ENSG00000109189,USP46,dual-driven,0.9233720483847571,31
ENSG00000109193,SULT1E1,neutral,0.8647751928794863,31
ENSG00000109255,NMU,neutral,0.7130485157097175,31
ENSG00000109265,CRACD,gene-driven,0.49321657824241394,31
ENSG00000109270,LAMTOR3,neutral,0.847459337348207,31
ENSG00000109321,AREG,neutral,0.353737541159585,31
ENSG00000109424,UCP1,neutral,0.5017251305459205,31
ENSG00000109445,ZNF330,neutral,0.4855666185682004,31
ENSG00000109458,GAB1,regulation-driven,0.4807559143578968,31
ENSG00000109471,,neutral,0.5511219660208009,31
ENSG00000109511,ANXA10,neutral,0.32780598021412133,31
ENSG00000109519,GRPEL1,neutral,0.6389540018290141,31
ENSG00000109534,GAR1,neutral,0.5266452529539127,31
ENSG00000109576,AADAT,neutral,0.5281939502682018,31
ENSG00000109606,DHX15,neutral,0.7618104292787227,31
ENSG00000109625,CPZ,regulation-driven,0.461938216985768,31
ENSG00000109674,NEIL3,neutral,0.4653699340192141,31
ENSG00000109684,CLNK,neutral,0.7157540593604743,31
ENSG00000109705,NKX3-2,neutral,0.738152845039278,31
ENSG00000109738,GLRB,dual-driven,0.7590796799895168,31
ENSG00000109787,KLF3,neutral,0.46286927476252515,31
ENSG00000109805,NCAPG,regulation-driven,0.7342235532286202,31
ENSG00000109832,DDX25,regulation-driven,0.5891713913479859,31
ENSG00000109851,DBX1,neutral,0.47715732245208176,31
ENSG00000109861,CTSC,regulation-driven,0.5838922739283019,31
ENSG00000109881,CCDC34,neutral,0.6279240417643278,31
ENSG00000109906,ZBTB16,gene-driven,0.47585141856658975,31
ENSG00000109911,ELP4,neutral,0.4741196586184159,31
ENSG00000109920,FNBP4,neutral,0.707873594329641,31
ENSG00000109943,CRTAM,neutral,0.6221056928157398,31
ENSG00000109944,JHY,neutral,0.4114147061798247,31
ENSG00000109991,P2RX3,neutral,0.5159524960101977,31
ENSG00000110002,VWA5A,neutral,0.5912105934677356,31
ENSG00000110013,SIAE,neutral,0.3528639931865236,31
ENSG00000110031,LPXN,neutral,0.5606582381356449,31
ENSG00000110042,DTX4,neutral,0.4532803839053694,31
ENSG00000110057,UNC93B1,neutral,0.49919924939405225,31
ENSG00000110060,PUS3,gene-driven,0.4577703054091592,31
ENSG00000110063,DCPS,neutral,0.5973265277819046,31
ENSG00000110074,FOXRED1,neutral,0.48681437328167243,31
ENSG00000110079,MS4A4A,gene-driven,0.5339125298636385,31
ENSG00000110092,CCND1,neutral,0.25373228026563355,31
ENSG00000110107,PRPF19,gene-driven,0.4642383670071346,31
ENSG00000110108,TMEM109,neutral,0.5886023622756508,31
ENSG00000110172,CHORDC1,gene-driven,0.8802242333263548,31
ENSG00000110195,FOLR1,gene-driven,0.5565593798711522,31
ENSG00000110200,ANAPC15,neutral,0.8401813532409638,31
ENSG00000110218,PANX1,gene-driven,0.5359793261840358,31
ENSG00000110237,ARHGEF17,regulation-driven,0.7588137465565993,31
ENSG00000110244,APOA4,neutral,0.8472204311236524,31
ENSG00000110318,CEP126,neutral,0.5679440892488574,31
ENSG00000110324,IL10RA,neutral,0.6416127097201125,31
ENSG00000110328,GALNT18,regulation-driven,0.48494871089572245,31
ENSG00000110344,UBE4A,regulation-driven,0.8621283887609603,31
ENSG00000110367,DDX6,neutral,0.7685698100116459,31
ENSG00000110395,CBL,regulation-driven,0.5144250942241868,31
ENSG00000110400,NECTIN1,regulation-driven,0.5109836711971296,31
ENSG00000110429,FBXO3,gene-driven,0.3447557492075073,31
ENSG00000110435,PDHX,gene-driven,0.8023571954383713,31
ENSG00000110442,COMMD9,neutral,0.630707055042218,31
ENSG00000110448,CD5,gene-driven,0.5411975391920612,31
ENSG00000110583,NAA40,neutral,0.4560069560516732,31
ENSG00000110660,SLC35F2,gene-driven,0.6954551482762991,31
ENSG00000110675,ELMOD1,neutral,0.8376368573385833,31
ENSG00000110693,SOX6,neutral,0.4439452403352534,31
ENSG00000110696,C11orf58,gene-driven,0.5974649599269826,31
ENSG00000110697,PITPNM1,neutral,0.5980263760418137,31
ENSG00000110711,AIP,neutral,0.646363879302436,31
ENSG00000110768,GTF2H1,neutral,0.5928131983374955,31
ENSG00000110777,POU2AF1,neutral,0.5939249991701147,31
ENSG00000110786,PTPN5,regulation-driven,0.8066303710059353,31
ENSG00000110811,P3H3,neutral,0.39676601333315376,31
ENSG00000110844,PRPF40B,gene-driven,0.9036361106754331,31
ENSG00000110848,CD69,neutral,0.24852966028194456,31
ENSG00000110852,CLEC2B,neutral,0.44018598340889825,31
ENSG00000110880,CORO1C,gene-driven,0.6042432298761845,31
ENSG00000110881,ASIC1,gene-driven,0.8215993412037405,31
ENSG00000110900,TSPAN11,neutral,0.3896129452825481,31
ENSG00000110906,KCTD10,neutral,0.25559356119176746,31
ENSG00000110921,MVK,gene-driven,0.5989715503893469,31
ENSG00000110944,IL23A,neutral,0.386981032549792,31
ENSG00000110975,SYT10,neutral,0.5706348480017803,31
ENSG00000110987,BCL7A,neutral,0.5614703060046565,31
ENSG00000111011,RSRC2,gene-driven,0.6416641207994946,31
ENSG00000111012,CYP27B1,gene-driven,0.7084987297204859,31
ENSG00000111046,MYF6,neutral,0.9527763367802115,31
ENSG00000111049,MYF5,neutral,0.6119177003538823,31
ENSG00000111057,KRT18,gene-driven,0.6955546085596751,31
ENSG00000111087,GLI1,regulation-driven,0.5977015802301416,31
ENSG00000111110,PPM1H,neutral,0.5041831792324901,31
ENSG00000111144,LTA4H,neutral,0.6258772842080133,31
ENSG00000111181,SLC6A12,neutral,0.6121174858255833,31
ENSG00000111186,WNT5B,gene-driven,0.5915293560828945,31
ENSG00000111196,MAGOHB,gene-driven,0.791134105841729,31
ENSG00000111199,TRPV4,regulation-driven,0.6821590793377497,31
ENSG00000111206,FOXM1,neutral,0.43708198437289225,31
ENSG00000111218,PRMT8,regulation-driven,0.6445938917092423,31
ENSG00000111229,ARPC3,gene-driven,0.4407238860991044,31
ENSG00000111237,VPS29,gene-driven,0.8821294021308762,31
ENSG00000111241,FGF6,neutral,0.7868751323802369,31
ENSG00000111245,MYL2,neutral,0.876197715884072,31
ENSG00000111252,SH2B3,neutral,0.40938081380142644,31
ENSG00000111266,DUSP16,neutral,0.5091910536052243,31
ENSG00000111269,CREBL2,neutral,0.4219243133439676,31
ENSG00000111271,ACAD10,neutral,0.6690478985292603,31
ENSG00000111276,CDKN1B,neutral,0.6792161861005521,31
ENSG00000111291,GPRC5D,neutral,0.43732705078695644,31
ENSG00000111335,OAS2,neutral,0.8417576467544602,31
ENSG00000111339,ART4,gene-driven,0.7844696410793012,31
ENSG00000111344,RASAL1,regulation-driven,0.6156984276752935,31
ENSG00000111364,DDX55,neutral,0.6450542425588792,31
ENSG00000111404,RERGL,neutral,0.7410832699171817,31
ENSG00000111405,ENDOU,dual-driven,0.42392854898287236,31
ENSG00000111424,VDR,gene-driven,0.811737844532177,31
ENSG00000111445,RFC5,neutral,0.44895880424607637,31
ENSG00000111536,IL26,neutral,0.8014481344916604,31
ENSG00000111537,IFNG,neutral,0.27794253150269177,31
ENSG00000111602,TIMELESS,gene-driven,0.4791963032275245,31
ENSG00000111605,CPSF6,regulation-driven,0.4727904636875454,31
ENSG00000111615,KRR1,neutral,0.4902456735754447,31
ENSG00000111640,GAPDH,neutral,0.4820232235968398,31
ENSG00000111647,,gene-driven,0.523603259821916,31
ENSG00000111665,CDCA3,neutral,0.47998878758005525,31
ENSG00000111667,USP5,neutral,0.5042552843592487,31
ENSG00000111684,LPCAT3,gene-driven,0.49114784324108307,31
ENSG00000111707,SUDS3,neutral,0.44991956374095365,31
ENSG00000111711,GOLT1B,gene-driven,0.5001890406966708,31
ENSG00000111726,CMAS,gene-driven,0.502675007704801,31
ENSG00000111729,CLEC4A,neutral,0.4111527871958004,31
ENSG00000111732,AICDA,gene-driven,0.46281973184141134,31
ENSG00000111775,COX6A1,neutral,0.4709994304530162,31
ENSG00000111785,RIC8B,regulation-driven,0.5927203618178201,31
ENSG00000111790,FGFR1OP2,gene-driven,0.7214215194940555,31
ENSG00000111796,KLRB1,neutral,0.731380510879736,31
ENSG00000111802,TDP2,neutral,0.6983437511948313,31
ENSG00000111816,FRK,regulation-driven,0.6218105816104039,31
ENSG00000111834,RSPH4A,neutral,0.5160542641791892,31
ENSG00000111845,PAK1IP1,neutral,0.7261413375377853,31
ENSG00000111846,GCNT2,neutral,0.42196334639434996,31
ENSG00000111875,ASF1A,neutral,0.5653142910385158,31
ENSG00000111880,RNGTT,regulation-driven,0.633567386312293,31
ENSG00000111885,MAN1A1,neutral,0.7916604499945478,31
ENSG00000111886,GABRR2,regulation-driven,0.4464767076488142,31
ENSG00000111897,SERINC1,neutral,0.4723957382933829,31
ENSG00000111906,HDDC2,gene-driven,0.622805037651166,31
ENSG00000111907,TPD52L1,neutral,0.29354477487629604,31
ENSG00000111911,HINT3,neutral,0.6432669878391699,31
ENSG00000111962,UST,neutral,0.7400058746554248,31
ENSG00000112029,FBXO5,neutral,0.5778897275829743,31
ENSG00000112033,PPARD,gene-driven (relaxed),0.6594681404092351,31
ENSG00000112039,FANCE,neutral,0.6723054827971019,31
ENSG00000112053,SLC26A8,gene-driven,0.3123430736332877,31
ENSG00000112062,MAPK14,gene-driven,0.9450449456319957,31
ENSG00000112077,RHAG,neutral,0.4599824062066633,31
ENSG00000112079,STK38,regulation-driven,0.6474833953411276,31
ENSG00000112081,SRSF3,gene-driven,0.448878012290468,31
ENSG00000112110,MRPL18,neutral,0.9336858037057091,31
ENSG00000112115,IL17A,neutral,0.7660011447520609,31
ENSG00000112116,IL17F,gene-driven,0.7859538022642027,31
ENSG00000112118,MCM3,gene-driven,0.4136884939724802,31
ENSG00000112144,CILK1,neutral,0.5171397289614343,31
ENSG00000112149,CD83,neutral,0.5062895865015704,31
ENSG00000112164,GLP1R,neutral,0.48561101586829536,31
ENSG00000112167,SAYSD1,neutral,0.7738759251218712,31
ENSG00000112182,BACH2,gene-driven,0.6312016399927332,31
ENSG00000112186,CAP2,dual-driven,0.8677010691809554,31
ENSG00000112195,TREML2,neutral,0.5160618949725762,31
ENSG00000112210,RAB23,neutral,0.9345305599476279,31
ENSG00000112212,TSPO2,neutral,0.7333332481577686,31
ENSG00000112214,FHL5,neutral,0.6450111699918145,31
ENSG00000112232,KHDRBS2,neutral,0.41518520910537104,31
ENSG00000112234,FBXL4,regulation-driven,0.44538724932685636,31
ENSG00000112238,PRDM13,neutral,0.5575828721315754,31
ENSG00000112242,E2F3,neutral,0.563491029615535,31
ENSG00000112245,PTP4A1,neutral,0.8991290009857591,31
ENSG00000112246,SIM1,regulation-driven,0.6478957442052533,31
ENSG00000112276,BVES,neutral,0.7580026928270444,31
ENSG00000112290,WASF1,regulation-driven,0.5372206980178738,31
ENSG00000112293,GPLD1,neutral,0.5047120787758642,31
ENSG00000112294,ALDH5A1,neutral,0.5297565733452101,31
ENSG00000112299,VNN1,neutral,0.7421211537656023,31
ENSG00000112304,ACOT13,neutral,0.4872398439410841,31
ENSG00000112308,C6orf62,neutral,0.44388583774309154,31
ENSG00000112319,EYA4,neutral,0.6547767687999004,31
ENSG00000112320,SOBP,regulation-driven,0.7972332352918045,31
ENSG00000112335,SNX3,neutral,0.9523765557041436,31
ENSG00000112337,SLC17A2,neutral,0.296951449048387,31
ENSG00000112343,TRIM38,neutral,0.3875015125434126,31
ENSG00000112365,ZBTB24,neutral,0.34375330156682626,31
ENSG00000112378,PERP,neutral,0.6245069968753707,31
ENSG00000112406,HECA,neutral,0.6111794333862818,31
ENSG00000112425,EPM2A,neutral,0.9157734095478189,31
ENSG00000112499,SLC22A2,neutral,0.48492308519127403,31
ENSG00000112531,QKI,gene-driven,0.6970008030483633,31
ENSG00000112539,C6orf118,neutral,0.6455007529119345,31
ENSG00000112559,MDFI,neutral,0.6798798170220209,31
ENSG00000112561,TFEB,gene-driven,0.8399158540795207,31
ENSG00000112562,SMOC2,neutral,0.36962002111735814,31
ENSG00000112584,,gene-driven (relaxed),0.469851594803281,31
ENSG00000112599,GUCA1B,neutral,0.6627297641017253,31
ENSG00000112619,PRPH2,neutral,0.48346073073092133,31
ENSG00000112624,BICRAL,neutral,0.368932327867607,31
ENSG00000112658,SRF,neutral,0.3865786657998356,31
ENSG00000112659,CUL9,neutral,0.2780366331707814,31
ENSG00000112667,DNPH1,neutral,0.37465740610917586,31
ENSG00000112699,GMDS,regulation-driven,0.4188977356031557,31
ENSG00000112706,IMPG1,gene-driven,0.8854613022465694,31
ENSG00000112739,,regulation-driven,0.9057211283129764,31
ENSG00000112761,CCN6,gene-driven,0.2560576411964903,31
ENSG00000112773,TENT5A,neutral,0.7105717355421843,31
ENSG00000112782,CLIC5,regulation-driven,0.6255671456656656,31
ENSG00000112799,LY86,neutral,0.6519850275253323,31
ENSG00000112812,PRSS16,neutral,0.7513358460632018,31
ENSG00000112837,TBX18,neutral,0.4817122036555269,31
ENSG00000112874,NUDT12,neutral,0.6104479326945504,31
ENSG00000112893,MAN2A1,neutral,0.6773859106734728,31
ENSG00000112941,TENT4A,gene-driven,0.4065101531659794,31
ENSG00000112964,GHR,gene-driven,0.5742684363286381,31
ENSG00000112981,NME5,neutral,0.48907680156961064,31
ENSG00000112996,MRPS30,neutral,0.2380199892475846,31
ENSG00000113068,PFDN1,neutral,0.6699793202844502,31
ENSG00000113070,HBEGF,neutral,0.6229215624398832,31
ENSG00000113083,LOX,neutral,0.7270938095454735,31
ENSG00000113088,GZMK,gene-driven,0.6932057792449269,31
ENSG00000113119,TMCO6,gene-driven,0.7321813329986833,31
ENSG00000113141,IK,gene-driven,0.5816525459273588,31
ENSG00000113161,HMGCR,gene-driven,0.5362302240119393,31
ENSG00000113196,HAND1,neutral,0.5823798786672023,31
ENSG00000113240,CLK4,gene-driven,0.506217421110557,31
ENSG00000113262,GRM6,regulation-driven,0.7031256842265647,31
ENSG00000113269,RNF130,neutral,0.5842928619146626,31
ENSG00000113302,IL12B,gene-driven,0.8663251732523654,31
ENSG00000113319,RASGRF2,neutral,0.6305733583291447,31
ENSG00000113327,GABRG2,regulation-driven,0.6288791730729769,31
ENSG00000113361,CDH6,gene-driven,0.8775205161407444,31
ENSG00000113368,LMNB1,neutral,0.8622890251983601,31
ENSG00000113369,ARRDC3,neutral,0.39913209837873154,31
ENSG00000113384,GOLPH3,neutral,0.549566966219053,31
ENSG00000113396,SLC27A6,neutral,0.5216568845257179,31
ENSG00000113430,IRX4,neutral,0.5591990074956263,31
ENSG00000113441,LNPEP,neutral,0.6210309427246843,31
ENSG00000113456,RAD1,gene-driven,0.5478091652632627,31
ENSG00000113460,BRIX1,neutral,0.8981220447622343,31
ENSG00000113492,AGXT2,gene-driven,0.8224212463002395,31
ENSG00000113520,IL4,gene-driven (relaxed),0.4384680940829542,31
ENSG00000113525,IL5,gene-driven,0.6286279722472339,31
ENSG00000113532,ST8SIA4,neutral,0.43606690727439545,31
ENSG00000113569,NUP155,neutral,0.42809847226451414,31
ENSG00000113583,C5orf15,neutral,0.5059500235036796,31
ENSG00000113594,LIFR,neutral,0.523864500787548,31
ENSG00000113595,TRIM23,gene-driven,0.5205290963388272,31
ENSG00000113600,C9,neutral,0.6210746899016004,31
ENSG00000113643,RARS1,neutral,0.5261576445605567,31
ENSG00000113658,SMAD5,gene-driven,0.41360763392259803,31
ENSG00000113719,ERGIC1,neutral,0.6930015120225038,31
ENSG00000113721,PDGFRB,neutral,0.7839833153929193,31
ENSG00000113734,BNIP1,gene-driven,0.8918837023963122,31
ENSG00000113749,HRH2,regulation-driven,0.6120638317365438,31
ENSG00000113790,EHHADH,neutral,0.5718310568708328,31
ENSG00000113805,CNTN3,regulation-driven,0.889287911323136,31
ENSG00000113838,TBCCD1,neutral,0.40126554655851976,31
ENSG00000113845,TIMMDC1,neutral,0.5032435168360306,31
ENSG00000113889,KNG1,neutral,0.6215020533282815,31
ENSG00000113905,HRG,neutral,0.4374637265316491,31
ENSG00000113946,CLDN16,gene-driven,0.5152427297816218,31
ENSG00000114013,CD86,neutral,0.5420894329413237,31
ENSG00000114021,NIT2,gene-driven,0.5895674214286646,31
ENSG00000114030,KPNA1,neutral,0.29165069720432524,31
ENSG00000114113,RBP2,neutral,0.5960572408087217,31
ENSG00000114120,SLC25A36,gene-driven,0.8332707480974697,31
ENSG00000114124,GRK7,gene-driven,0.6098280317782708,31
ENSG00000114125,RNF7,neutral,0.722182492774244,31
ENSG00000114166,KAT2B,regulation-driven,0.5943966128759823,31
ENSG00000114200,BCHE,neutral,0.6324497391539232,31
ENSG00000114248,LRRC31,neutral,0.5300822071829459,31
ENSG00000114251,WNT5A,neutral,0.5805704000799071,31
ENSG00000114279,FGF12,neutral,0.5407096600120205,31
ENSG00000114353,GNAI2,gene-driven,0.2700747552324182,31
ENSG00000114383,TUSC2,neutral,0.43146728423535163,31
ENSG00000114388,NPRL2,gene-driven,0.5292961784338985,31
ENSG00000114395,CYB561D2,neutral,0.46542287136385574,31
ENSG00000114416,FXR1,neutral,0.7568590766492829,31
ENSG00000114439,,gene-driven,0.4670954409996927,31
ENSG00000114455,HHLA2,neutral,0.38823166937158193,31
ENSG00000114480,GBE1,regulation-driven,0.7241000194330514,31
ENSG00000114491,UMPS,gene-driven,0.5273931465556719,31
ENSG00000114547,ROPN1B,neutral,0.5201258507218616,31
ENSG00000114573,ATP6V1A,regulation-driven,0.6337750145374272,31
ENSG00000114631,PODXL2,neutral,0.7857301456215948,31
ENSG00000114650,SCAP,neutral,0.5063029509732433,31
ENSG00000114686,MRPL3,neutral,0.7119210204040906,31
ENSG00000114735,HEMK1,neutral,0.7121618708503894,31
ENSG00000114737,CISH,neutral,0.5800668158757625,31
ENSG00000114739,ACVR2B,neutral,0.43727768871021,31
ENSG00000114744,COMMD2,neutral,0.33826301740129605,31
ENSG00000114757,PEX5L,gene-driven,0.4410476048799352,31
ENSG00000114767,RRP9,neutral,0.5953288496064921,31
ENSG00000114770,,gene-driven,0.8094881982672084,31
ENSG00000114771,AADAC,neutral,0.6326970486191217,31
ENSG00000114779,ABHD14B,gene-driven,0.5089562356687561,31
ENSG00000114784,EIF1B,neutral,0.4096540888907816,31
ENSG00000114790,ARHGEF26,regulation-driven,0.6255497469722752,31
ENSG00000114805,,regulation-driven,0.6274465363914249,31
ENSG00000114850,SSR3,neutral,0.5255906497004446,31
ENSG00000114902,SPCS1,neutral,0.507727702625746,31
ENSG00000114933,INO80D,neutral,0.5285259615565492,31
ENSG00000114956,DGUOK,neutral,0.6807958164040733,31
ENSG00000114988,LMAN2L,neutral,0.5398287206518062,31
ENSG00000114993,RTKN,neutral,0.43640602199281886,31
ENSG00000115008,IL1A,neutral,0.9100305378067048,31
ENSG00000115041,KCNIP3,gene-driven,0.43748017457885835,31
ENSG00000115053,NCL,gene-driven,0.5440519057413642,31
ENSG00000115073,ACTR1B,neutral,0.4432219544216961,31
ENSG00000115085,ZAP70,regulation-driven,0.4871432157384481,31
ENSG00000115107,STEAP3,regulation-driven,0.5948372089065225,31
ENSG00000115109,EPB41L5,neutral,0.6872099666847536,31
ENSG00000115112,TFCP2L1,regulation-driven,0.4881010711224516,31
ENSG00000115128,SF3B6,neutral,0.6199694349284413,31
ENSG00000115129,TP53I3,gene-driven,0.5357661114772689,31
ENSG00000115137,DNAJC27,neutral,0.6410682678372778,31
ENSG00000115145,STAM2,neutral,0.6919227172084468,31
ENSG00000115163,CENPA,neutral,0.6306623817718033,31
ENSG00000115194,SLC30A3,gene-driven,0.38748299531473107,31
ENSG00000115211,EIF2B4,gene-driven (relaxed),0.29785340728251375,31
ENSG00000115226,FNDC4,neutral,0.5240003026356173,31
ENSG00000115234,SNX17,neutral,0.40327724496940864,31
ENSG00000115241,PPM1G,regulation-driven,0.6909286312670517,31
ENSG00000115252,PDE1A,gene-driven,0.5969739565511712,31
ENSG00000115263,GCG,neutral,0.6126842330340152,31
ENSG00000115289,PCGF1,neutral,0.7107289749985773,31
ENSG00000115290,GRB14,neutral,0.5503319550417434,31
ENSG00000115307,AUP1,gene-driven,0.48823848807937387,31
ENSG00000115317,HTRA2,neutral,0.453779502797632,31
ENSG00000115318,LOXL3,neutral,0.5357146667418816,31
ENSG00000115350,POLE4,neutral,0.6225512331334047,31
ENSG00000115353,TACR1,gene-driven,0.5112933024537105,31
ENSG00000115365,LANCL1,neutral,0.3984844474452094,31
ENSG00000115368,WDR75,regulation-driven,0.7163187010489945,31
ENSG00000115380,EFEMP1,regulation-driven,0.8651565275250772,31
ENSG00000115386,REG1A,neutral,0.4755414073702464,31
ENSG00000115419,GLS,regulation-driven,0.5811803305848839,31
ENSG00000115421,PAPOLG,neutral,0.6127478588416669,31
ENSG00000115423,DNAH6,regulation-driven,0.3120910552841427,31
ENSG00000115457,IGFBP2,neutral,0.4074677919798323,31
ENSG00000115459,ELMOD3,neutral,0.8970369415107678,31
ENSG00000115461,IGFBP5,neutral,0.3739408207731352,31
ENSG00000115488,NEU2,neutral,0.3549530300143784,31
ENSG00000115507,OTX1,gene-driven,0.5567745590827824,31
ENSG00000115520,COQ10B,neutral,0.8182844753358787,31
ENSG00000115524,,neutral,0.36400811801148814,31
ENSG00000115526,CHST10,neutral,0.6276365975018885,31
ENSG00000115540,MOB4,neutral,0.626672359821424,31
ENSG00000115592,PRKAG3,gene-driven,0.6947659612738044,31
ENSG00000115593,SMYD1,regulation-driven,0.6219010517143564,31
ENSG00000115596,WNT6,neutral,0.5750872791881725,31
ENSG00000115598,IL1RL2,neutral,0.8457164475989374,31
ENSG00000115604,IL18R1,neutral,0.8623144671195214,31
ENSG00000115616,SLC9A2,regulation-driven,0.5517658875000082,31
ENSG00000115661,STK16,gene-driven,0.6757123172905363,31
ENSG00000115665,SLC5A7,dual-driven,0.349388627956566,31
ENSG00000115677,,neutral,0.36649361693108795,31
ENSG00000115758,ODC1,neutral,0.4886452710845982,31
ENSG00000115761,NOL10,neutral,0.5112532484731296,31
ENSG00000115806,GORASP2,gene-driven,0.5480536642212269,31
ENSG00000115808,STRN,neutral,0.5230887320851525,31
ENSG00000115816,CEBPZ,neutral,0.66865177422299,31
ENSG00000115828,QPCT,neutral,0.5115529303428766,31
ENSG00000115839,RAB3GAP1,gene-driven,0.47875213921147586,31
ENSG00000115840,SLC25A12,neutral,0.5537601225126676,31
ENSG00000115844,DLX2,neutral,0.6628512828452418,31
ENSG00000115850,LCT,regulation-driven,0.5405223114453328,31
ENSG00000115866,DARS1,gene-driven,0.6389357309316087,31
ENSG00000115896,,gene-driven,0.4953636051692316,31
ENSG00000115902,SLC1A4,neutral,0.45746216365675973,31
ENSG00000115944,COX7A2L,gene-driven,0.42992649854825427,31
ENSG00000115946,PNO1,neutral,0.4136082050841945,31
ENSG00000115956,PLEK,regulation-driven,0.787305333157273,31
ENSG00000115963,RND3,neutral,0.44350505077628777,31
ENSG00000115998,C2orf42,neutral,0.6354693915813319,31
ENSG00000116001,TIA1,gene-driven,0.4574711084160106,31
ENSG00000116030,SUMO1,neutral,0.9048162842414472,31
ENSG00000116031,CD207,neutral,0.571759131864203,31
ENSG00000116062,,regulation-driven,0.44564813396444725,31
ENSG00000116095,PLEKHA3,neutral,0.513465401061515,31
ENSG00000116096,SPR,neutral,0.5935270116591524,31
ENSG00000116117,PARD3B,regulation-driven,0.3339647974698373,31
ENSG00000116120,FARSB,neutral,0.7868780069263147,31
ENSG00000116128,BCL9,gene-driven (relaxed),0.5301785771423234,31
ENSG00000116132,PRRX1,neutral,0.5396926544762597,31
ENSG00000116141,MARK1,neutral,0.6804690094152837,31
ENSG00000116147,TNR,regulation-driven,0.3988614716142146,31
ENSG00000116157,GPX7,neutral,0.5722443935978696,31
ENSG00000116171,SCP2,regulation-driven,0.7507331476588373,31
ENSG00000116176,TPSG1,neutral,0.7946033278436269,31
ENSG00000116205,TCEANC2,gene-driven (relaxed),0.3804937100174208,31
ENSG00000116209,TMEM59,neutral,0.709238187513705,31
ENSG00000116218,NPHS2,neutral,0.8036789662026743,31
ENSG00000116237,ICMT,neutral,0.5730547276018615,31
ENSG00000116254,CHD5,regulation-driven,0.41746568582553256,31
ENSG00000116266,STXBP3,regulation-driven,0.43774746572446266,31
ENSG00000116273,PHF13,neutral,0.3025305203298301,31
ENSG00000116285,ERRFI1,neutral,0.5015455978347783,31
ENSG00000116299,ELAPOR1,neutral,0.7384129838280489,31
ENSG00000116337,,gene-driven,0.5678714315881896,31
ENSG00000116350,SRSF4,neutral,0.4734689621580741,31
ENSG00000116353,MECR,gene-driven (relaxed),0.6045890654952057,31
ENSG00000116459,ATP5PB,neutral,0.35712268557567295,31
ENSG00000116489,CAPZA1,gene-driven,0.6570754661434952,31
ENSG00000116514,RNF19B,neutral,0.3328946135142661,31
ENSG00000116521,SCAMP3,neutral,0.24610796787798206,31
ENSG00000116525,TRIM62,neutral,0.4647889748272467,31
ENSG00000116544,DLGAP3,regulation-driven,0.5754083393231357,31
ENSG00000116574,RHOU,neutral,0.47334434365962474,31
ENSG00000116586,LAMTOR2,neutral,0.5471094985685183,31
ENSG00000116649,SRM,neutral,0.7148176805932711,31
ENSG00000116667,C1orf21,gene-driven,0.6562964360315189,31
ENSG00000116679,IVNS1ABP,neutral,0.39107114906389817,31
ENSG00000116685,KIAA2013,gene-driven,0.3382813910572,31
ENSG00000116691,MIIP,neutral,0.410920193289521,31
ENSG00000116701,NCF2,regulation-driven,0.6038892201492481,31
ENSG00000116703,PDC,neutral,0.49289440393138395,31
ENSG00000116704,SLC35D1,neutral,0.46172691351597617,31
ENSG00000116711,PLA2G4A,neutral,0.6725526773819532,31
ENSG00000116717,GADD45A,neutral,0.9371330934186182,31
ENSG00000116741,RGS2,neutral,0.7414102679877541,31
ENSG00000116745,RPE65,regulation-driven,0.564213154170083,31
ENSG00000116748,AMPD1,neutral,0.46933621940991777,31
ENSG00000116752,BCAS2,gene-driven,0.49933620943561974,31
ENSG00000116761,CTH,neutral,0.6036759961728683,31
ENSG00000116771,AGMAT,neutral,0.624408240911507,31
ENSG00000116783,,gene-driven,0.8064529757181342,31
ENSG00000116786,PLEKHM2,neutral,0.5099117477592976,31
ENSG00000116819,TFAP2E,neutral,0.6784481697790279,31
ENSG00000116824,CD2,gene-driven,0.7517526869280373,31
ENSG00000116857,TMEM9,neutral,0.44582537962241775,31
ENSG00000116863,ADPRS,neutral,0.4085138370092287,31
ENSG00000116874,WARS2,neutral,0.8104799263709844,31
ENSG00000116898,MRPS15,neutral,0.4203424757340237,31
ENSG00000116903,EXOC8,neutral,0.5393066498885377,31
ENSG00000116954,RRAGC,neutral,0.3132957906450552,31
ENSG00000116962,NID1,neutral,0.5602863187284797,31
ENSG00000116981,NT5C1A,neutral,0.5552071122298533,31
ENSG00000116983,HPCAL4,gene-driven,0.372145491982135,31
ENSG00000116996,ZP4,gene-driven (relaxed),0.7136145608845261,31
ENSG00000117000,RLF,neutral,0.6674725844362255,31
ENSG00000117010,ZNF684,neutral,0.599206926615114,31
ENSG00000117016,RIMS3,neutral,0.7167137268848675,31
ENSG00000117036,ETV3,neutral,0.4524745370773643,31
ENSG00000117054,ACADM,regulation-driven,0.48152668790567377,31
ENSG00000117069,ST6GALNAC5,neutral,0.8246541495291614,31
ENSG00000117090,SLAMF1,neutral,0.742841336166497,31
ENSG00000117091,CD48,neutral,0.5883287341005885,31
ENSG00000117115,PADI2,regulation-driven,0.5204570530948293,31
ENSG00000117118,SDHB,gene-driven,0.8470501885786476,31
ENSG00000117122,MFAP2,neutral,0.5084745745845511,31
ENSG00000117143,UAP1,regulation-driven,0.8434752173276804,31
ENSG00000117148,ACTL8,gene-driven,0.5735982323665216,31
ENSG00000117151,CTBS,neutral,0.7204336326031746,31
ENSG00000117154,IGSF21,neutral,0.6627600780270825,31
ENSG00000117155,SSX2IP,neutral,0.4112134433264748,31
ENSG00000117174,ZNHIT6,neutral,0.7016339304400163,31
ENSG00000117215,PLA2G2D,neutral,0.4187139356136581,31
ENSG00000117222,RBBP5,gene-driven,0.6800788206650392,31
ENSG00000117245,KIF17,neutral,0.44319737812166393,31
ENSG00000117308,GALE,neutral,0.7774909725646619,31
ENSG00000117318,ID3,neutral,0.6952933130560857,31
ENSG00000117362,APH1A,neutral,0.6464369675944432,31
ENSG00000117385,P3H1,neutral,0.7522786245095389,31
ENSG00000117395,EBNA1BP2,neutral,0.9031289938284097,31
ENSG00000117399,CDC20,neutral,0.6136785376459907,31
ENSG00000117408,IPO13,regulation-driven,0.6521791924820655,31
ENSG00000117448,AKR1A1,gene-driven,0.40382876636500553,31
ENSG00000117450,PRDX1,neutral,0.6446846859554333,31
ENSG00000117472,TSPAN1,neutral,0.551721862138354,31
ENSG00000117477,CCDC181,neutral,0.5431111550523255,31
ENSG00000117479,SLC19A2,gene-driven,0.5136005301489381,31
ENSG00000117500,TMED5,gene-driven,0.833864338833481,31
ENSG00000117525,F3,neutral,0.49541841449559076,31
ENSG00000117528,ABCD3,neutral,0.5297412452553538,31
ENSG00000117533,VAMP4,neutral,0.5592640863453577,31
ENSG00000117543,DPH5,gene-driven,0.8926101932642656,31
ENSG00000117560,FASLG,neutral,0.5971697090783952,31
ENSG00000117569,PTBP2,neutral,0.4010200498660672,31
ENSG00000117586,TNFSF4,neutral,0.5878727262084344,31
ENSG00000117592,PRDX6,neutral,0.6382099090917969,31
ENSG00000117594,HSD11B1,neutral,0.8110082524141498,31
ENSG00000117598,PLPPR5,neutral,0.7028189723663019,31
ENSG00000117600,PLPPR4,regulation-driven,0.7831009859121123,31
ENSG00000117614,SYF2,neutral,0.5641182839149407,31
ENSG00000117625,RCOR3,gene-driven,0.5600971543422708,31
ENSG00000117640,MTFR1L,neutral,0.48764374517983855,31
ENSG00000117643,MAN1C1,neutral,0.8764883002449912,31
ENSG00000117650,NEK2,neutral,0.5392170869279993,31
ENSG00000117697,NSL1,neutral,0.5152550331994106,31
ENSG00000117707,PROX1,gene-driven,0.692054956717266,31
ENSG00000117748,RPA2,neutral,0.41779864874740347,31
ENSG00000117862,TXNDC12,neutral,0.3773529485181365,31
ENSG00000117868,ESYT2,neutral,0.24010363024134662,31
ENSG00000118094,TREH,neutral,0.3007313982216351,31
ENSG00000118137,APOA1,gene-driven,0.6791314936597792,31
ENSG00000118193,KIF14,gene-driven,0.8360130842861602,31
ENSG00000118194,TNNT2,neutral,0.41170865148091107,31
ENSG00000118197,DDX59,neutral,0.46426579300308,31
ENSG00000118246,FASTKD2,gene-driven,0.68599597270141,31
ENSG00000118260,CREB1,gene-driven,0.661564075812276,31
ENSG00000118292,C1orf54,gene-driven,0.4915044081389476,31
ENSG00000118298,CA14,gene-driven,0.4149236003222455,31
ENSG00000118402,ELOVL4,neutral,0.6142958748510373,31
ENSG00000118407,FILIP1,regulation-driven,0.62532111518248,31
ENSG00000118434,SPACA1,neutral,0.4269924814297843,31
ENSG00000118454,ANKRD13C,neutral,0.5076318488149075,31
ENSG00000118491,ZC2HC1B,regulation-driven,0.7904363610718804,31
ENSG00000118496,FBXO30,neutral,0.6456456045658874,31
ENSG00000118507,AKAP7,neutral,0.6570144390215039,31
ENSG00000118922,KLF12,neutral,0.5434767550387933,31
ENSG00000118972,FGF23,neutral,0.5610693073211155,31
ENSG00000119013,NDUFB3,neutral,0.5779633253182582,31
ENSG00000119048,UBE2B,gene-driven,0.5680390916802429,31
ENSG00000119125,GDA,gene-driven,0.545683108018681,31
ENSG00000119138,KLF9,neutral,0.6306654917873387,31
ENSG00000119203,CPSF3,regulation-driven,0.6380214327440628,31
ENSG00000119285,HEATR1,neutral,0.6297242119472801,31
ENSG00000119333,DYNC2I2,neutral,0.6265202050910281,31
ENSG00000119402,FBXW2,neutral,0.6898095595619128,31
ENSG00000119403,PHF19,neutral,0.6291245063670963,31
ENSG00000119411,BSPRY,neutral,0.4332553501041252,31
ENSG00000119414,PPP6C,gene-driven,0.5448406414267133,31
ENSG00000119421,NDUFA8,neutral,0.4459685323917413,31
ENSG00000119446,RBM18,neutral,0.6754513308989039,31
ENSG00000119457,SLC46A2,neutral,0.6386194403378129,31
ENSG00000119471,HSDL2,regulation-driven,0.3140123473554387,31
ENSG00000119508,NR4A3,regulation-driven,0.6314038179604798,31
ENSG00000119509,INVS,neutral,0.8909129383778874,31
ENSG00000119523,ALG2,neutral,0.7003321577589118,31
ENSG00000119599,DCAF4,neutral,0.6985381631260238,31
ENSG00000119608,PROX2,neutral,0.8303053823860453,31
ENSG00000119614,VSX2,neutral,0.4877257965938978,31
ENSG00000119630,PGF,gene-driven,0.6927760978351428,31
ENSG00000119636,BBOF1,neutral,0.4601947776163926,31
ENSG00000119650,IFT43,neutral,0.44407002816632934,31
ENSG00000119681,,neutral,0.4321207597941147,31
ENSG00000119686,FLVCR2,regulation-driven,0.5635544741708969,31
ENSG00000119699,TGFB3,gene-driven,0.31574336196899844,31
ENSG00000119705,SLIRP,gene-driven,0.4261113891133611,31
ENSG00000119707,RBM25,neutral,0.6574895209516691,31
ENSG00000119711,ALDH6A1,neutral,0.5029897013317869,31
ENSG00000119715,ESRRB,neutral,0.23480214180472858,31
ENSG00000119718,EIF2B2,neutral,0.44050708362987556,31
ENSG00000119760,SUPT7L,neutral,0.6126448241805813,31
ENSG00000119772,DNMT3A,neutral,0.4505770292394754,31
ENSG00000119778,ATAD2B,neutral,0.6141661549671897,31
ENSG00000119787,ATL2,neutral,0.4813994980482347,31
ENSG00000119801,YPEL5,gene-driven,0.39203608078518326,31
ENSG00000119862,LGALSL,neutral,0.4011090713187063,31
ENSG00000119865,CNRIP1,neutral,0.7362402152943418,31
ENSG00000132423,COQ3,neutral,0.444512478824744,31
ENSG00000132424,PNISR,neutral,0.6744538946632466,31
ENSG00000132429,POPDC3,gene-driven,0.6092317538906245,31
ENSG00000132432,SEC61G,gene-driven,0.42251021199571015,31
ENSG00000132464,ENAM,neutral,0.7795039118283384,31
ENSG00000132485,ZRANB2,neutral,0.7799574478228831,31
ENSG00000132541,RIDA,gene-driven,0.5237018225447538,31
ENSG00000132570,PCBD2,gene-driven,0.3749977052256849,31
ENSG00000132591,ERAL1,gene-driven,0.3523492031954849,31
ENSG00000132676,DAP3,gene-driven,0.677559975738286,31
ENSG00000132680,KHDC4,neutral,0.8472848394117661,31
ENSG00000132688,NES,neutral,0.7199982620995227,31
ENSG00000132698,RAB25,neutral,0.6905668431883474,31
ENSG00000132703,APCS,neutral,0.7713465858192957,31
ENSG00000132704,FCRL2,neutral,0.3449030377672361,31
ENSG00000132718,SYT11,gene-driven,0.3423651754059238,31
ENSG00000132740,IGHMBP2,neutral,0.5846331612708298,31
ENSG00000132744,ACY3,neutral,0.898209120943527,31
ENSG00000132763,MMACHC,neutral,0.29755754089816444,31
ENSG00000132768,DPH2,gene-driven,0.44244049360169424,31
ENSG00000132773,TOE1,neutral,0.6829121524630702,31
ENSG00000132781,,gene-driven,0.5535124795254402,31
ENSG00000132837,DMGDH,gene-driven,0.722063063994171,31
ENSG00000132849,PATJ,neutral,0.5492624138637128,31
ENSG00000132854,KANK4,regulation-driven,0.6347946144687135,31
ENSG00000132855,ANGPTL3,neutral,0.60662516644335,31
ENSG00000132881,CPLANE2,neutral,0.34825230468072044,31
ENSG00000132911,NMUR2,neutral,0.4269233024845258,31
ENSG00000132912,DCTN4,neutral,0.814348796134891,31
ENSG00000132915,PDE6A,regulation-driven,0.5325281502467579,31
ENSG00000132932,,regulation-driven,0.5140512859078779,31
ENSG00000132938,MTUS2,regulation-driven,0.5785123446680098,31
ENSG00000132950,ZMYM5,neutral,0.5325893232305797,31
ENSG00000132952,USPL1,neutral,0.5913652831701488,31
ENSG00000132963,POMP,gene-driven,0.5637524578826127,31
ENSG00000132964,CDK8,gene-driven,0.7697238086221878,31
ENSG00000132965,ALOX5AP,neutral,0.7687560227168537,31
ENSG00000132975,GPR12,neutral,0.6144624768318914,31
ENSG00000133055,MYBPH,neutral,0.5105253240514169,31
ENSG00000133056,PIK3C2B,gene-driven,0.48363604227163226,31
ENSG00000133065,SLC41A1,neutral,0.8215168965791977,31
ENSG00000133069,TMCC2,regulation-driven,0.5260600919659424,31
ENSG00000133083,DCLK1,neutral,0.49516140310861967,31
ENSG00000133101,CCNA1,gene-driven,0.45995578167372886,31
ENSG00000133104,SPART,neutral,0.8104504699405577,31
ENSG00000133105,RXFP2,neutral,0.7318432380048085,31
ENSG00000133111,RFXAP,neutral,0.5537980842261775,31
ENSG00000133116,KL,neutral,0.6838659026703042,31
ENSG00000133119,RFC3,neutral,0.48507356254077005,31
ENSG00000133121,STARD13,regulation-driven,0.7125122785643905,31
ENSG00000133302,SLF1,neutral,0.37859380982683943,31
ENSG00000133317,LGALS12,gene-driven,0.4291052939865192,31
ENSG00000133318,RTN3,neutral,0.6667286568170723,31
ENSG00000133321,PLAAT4,neutral,0.6935081483555181,31
ENSG00000133328,PLAAT2,neutral,0.6181562651044795,31
ENSG00000133398,MED10,neutral,0.4621760791606738,31
ENSG00000133574,GIMAP4,neutral,0.4452466220824073,31
ENSG00000133606,MKRN1,gene-driven,0.457566129915411,31
ENSG00000133636,NTS,neutral,0.5889340899260572,31
ENSG00000133639,BTG1,neutral,0.757599522613859,31
ENSG00000133641,RLIG1,gene-driven,0.4618031001016708,31
ENSG00000133678,TMEM254,gene-driven,0.616806355843568,31
ENSG00000133704,IPO8,gene-driven,0.32752590405333415,31
ENSG00000133731,IMPA1,regulation-driven,0.5598427056108071,31
ENSG00000133739,LRRCC1,neutral,0.6459043944948821,31
ENSG00000133773,CCDC59,gene-driven,0.4833682137189793,31
ENSG00000133800,LYVE1,gene-driven,0.5312043143756695,31
ENSG00000133805,AMPD3,regulation-driven,0.5900322882119567,31
ENSG00000133858,ZFC3H1,neutral,0.7853850892840964,31
ENSG00000133874,RNF122,neutral,0.4596055296929744,31
ENSG00000133895,,gene-driven,0.38276311251937023,31
ENSG00000133935,ERG28,neutral,0.9071101892344406,31
ENSG00000133937,GSC,neutral,0.4776827188460462,31
ENSG00000133961,NUMB,neutral,0.5262019314934379,31
ENSG00000133985,TTC9,neutral,0.4814637945132322,31
ENSG00000134007,ADAM20,neutral,0.8802887978407341,31
ENSG00000134013,LOXL2,regulation-driven,0.3074283400676687,31
ENSG00000134028,ADAMDEC1,neutral,0.44067522416143645,31
ENSG00000134057,CCNB1,gene-driven,0.4292041501805238,31
ENSG00000134061,CD180,neutral,0.4553724792293429,31
ENSG00000134070,IRAK2,neutral,0.526718730350003,31
ENSG00000134086,VHL,gene-driven,0.5389733483512613,31
ENSG00000134107,BHLHE40,neutral,0.5413517270364536,31
ENSG00000134109,EDEM1,neutral,0.6072502349382338,31
ENSG00000134115,CNTN6,neutral,0.5962105504417369,31
ENSG00000134193,REG4,gene-driven,0.7165656648605989,31
ENSG00000134198,TSPAN2,gene-driven,0.7315583785037835,31
ENSG00000134202,GSTM3,gene-driven,0.7711110338458224,31
ENSG00000134222,PSRC1,neutral,0.899003425339937,31
ENSG00000134240,HMGCS2,gene-driven,0.6405176122799563,31
ENSG00000134245,WNT2B,neutral,0.5345174496157853,31
ENSG00000134248,LAMTOR5,neutral,0.9369574239238422,31
ENSG00000134253,TRIM45,neutral,0.4004092393452948,31
ENSG00000134255,CEPT1,gene-driven,0.5293748238317634,31
ENSG00000134256,CD101,neutral,0.5963157278579034,31
ENSG00000134258,VTCN1,neutral,0.7691309548564698,31
ENSG00000134259,NGF,gene-driven,0.4087533018394369,31
ENSG00000134262,AP4B1,gene-driven,0.5071136929035407,31
ENSG00000134294,SLC38A2,gene-driven,0.6671567304462889,31
ENSG00000134321,RSAD2,gene-driven,0.6918501691248946,31
ENSG00000134323,MYCN,neutral,0.5367876689107267,31
ENSG00000134343,ANO3,regulation-driven,0.5232178174205941,31
ENSG00000134371,CDC73,gene-driven,0.45634084992786195,31
ENSG00000134375,TIMM17A,neutral,0.7134254494000182,31
ENSG00000134376,,regulation-driven,0.7853535028442233,31
ENSG00000134452,,neutral,0.37297972889720843,31
ENSG00000134460,IL2RA,neutral,0.3900968495488998,31
ENSG00000134461,ANKRD16,gene-driven,0.689431029829049,31
ENSG00000134516,,neutral,0.8628738202729103,31
ENSG00000134533,RERG,neutral,0.7936744665132,31
ENSG00000134548,SPX,gene-driven,0.7719922575969188,31
ENSG00000134571,MYBPC3,regulation-driven,0.6032083242468684,31
ENSG00000134686,PHC2,neutral,0.8940154650452549,31
ENSG00000134690,CDCA8,gene-driven,0.5360426777468875,31
ENSG00000134716,CYP2J2,neutral,0.5770425115649247,31
ENSG00000134717,BTF3L4,neutral,0.6030887062537178,31
ENSG00000134780,DAGLA,regulation-driven,0.5771413944941859,31
ENSG00000134802,SLC43A3,neutral,0.5648323074169221,31
ENSG00000134809,TIMM10,gene-driven,0.8310027532025863,31
ENSG00000134825,TMEM258,gene-driven,0.8230790835368116,31
ENSG00000134827,TCN1,neutral,0.7892656268877754,31
ENSG00000134851,TMEM165,gene-driven,0.6923681978933398,31
ENSG00000134874,DZIP1,neutral,0.32709195668606783,31
ENSG00000134882,UBAC2,neutral,0.4930700255279572,31
ENSG00000134884,ARGLU1,neutral,0.5168649984237611,31
ENSG00000134897,BIVM,gene-driven,0.3922658556364428,31
ENSG00000134899,ERCC5,gene-driven,0.5262199983889633,31
ENSG00000134900,TPP2,neutral,0.7719504014204341,31
ENSG00000134901,POGLUT2,neutral,0.4660195111278511,31
ENSG00000134905,CARS2,gene-driven,0.5962138593696874,31
ENSG00000134917,ADAMTS8,neutral,0.45560369243847376,31
ENSG00000134940,ACRV1,neutral,0.5654824929399573,31
ENSG00000134955,SLC37A2,neutral,0.517365400662452,31
ENSG00000134962,KLB,neutral,0.4340361566140005,31
ENSG00000134986,NREP,neutral,0.5347142379896955,31
ENSG00000134987,WDR36,neutral,0.5077349473266299,31
ENSG00000134996,OSTF1,neutral,0.5499053431228431,31
ENSG00000135002,RFK,gene-driven,0.3708728728093996,31
ENSG00000135040,NAA35,regulation-driven,0.33057459815072665,31
ENSG00000135047,CTSL,neutral,0.4975125924046716,31
ENSG00000135063,ENTREP1,neutral,0.6420961347628733,31
ENSG00000135070,ISCA1,gene-driven,0.5850394408151085,31
ENSG00000135083,CCNJL,neutral,0.5080022520086511,31
ENSG00000135093,USP30,neutral,0.7672626231797824,31
ENSG00000135100,HNF1A,gene-driven,0.46636884682118185,31
ENSG00000135111,TBX3,neutral,0.8721880634133841,31
ENSG00000135114,OASL,neutral,0.5325818112543736,31
ENSG00000135119,RNFT2,gene-driven,0.4519206104369978,31
ENSG00000135144,DTX1,neutral,0.5301855600761141,31
ENSG00000135148,TRAFD1,neutral,0.47602257629245803,31
ENSG00000135185,TMEM243,neutral,0.6468117161597811,31
ENSG00000135211,TMEM60,neutral,0.31484205692787304,31
ENSG00000135222,CSN2,gene-driven,0.9318528835341582,31
ENSG00000135312,HTR1B,neutral,0.6135208518474514,31
ENSG00000135316,,gene-driven,0.3159321290430591,31
ENSG00000135333,EPHA7,regulation-driven,0.3924351720571343,31
ENSG00000135334,AKIRIN2,gene-driven,0.39781712554789894,31
ENSG00000135338,LCA5,gene-driven,0.43542487602640734,31
ENSG00000135341,MAP3K7,regulation-driven,0.9641109270274297,31
ENSG00000135355,GJA10,neutral,0.5785613189420117,31
ENSG00000135363,LMO2,gene-driven,0.6019586732976445,31
ENSG00000135365,PHF21A,gene-driven,0.3899032413919833,31
ENSG00000135374,ELF5,neutral,0.6741619541416739,31
ENSG00000135407,AVIL,gene-driven,0.9493993761153747,31
ENSG00000135413,LACRT,gene-driven,0.6046998820994457,31
ENSG00000135452,TSPAN31,gene-driven,0.3747939314670464,31
ENSG00000135457,TFCP2,gene-driven,0.35147746818009584,31
ENSG00000135480,KRT7,gene-driven,0.5829676890228521,31
ENSG00000135517,MIP,neutral,0.638875602941511,31
ENSG00000135519,KCNH3,neutral,0.4027193552291978,31
ENSG00000135521,LTV1,gene-driven,0.593929623148737,31
ENSG00000135525,MAP7,neutral,0.42180133017986343,31
ENSG00000135535,CD164,gene-driven,0.3775115536295035,31
ENSG00000135547,HEY2,neutral,0.8174600939753432,31
ENSG00000135549,PKIB,gene-driven,0.9483795593926272,31
ENSG00000135569,TAAR5,neutral,0.6624526279335355,31
ENSG00000135577,NMBR,neutral,0.3616625517136791,31
ENSG00000135604,STX11,gene-driven,0.5879327109478623,31
ENSG00000135605,TEC,gene-driven,0.6355161098219716,31
ENSG00000135617,,neutral,0.3893694031771989,31
ENSG00000135624,CCT7,regulation-driven,0.8569555405114131,31
ENSG00000135625,EGR4,gene-driven,0.6289577085097726,31
ENSG00000135631,RAB11FIP5,regulation-driven,0.3478972686298376,31
ENSG00000135677,GNS,gene-driven,0.5560703625021665,31
ENSG00000135678,CPM,neutral,0.5197365464012648,31
ENSG00000135744,AGT,gene-driven,0.7389599920351115,31
ENSG00000135750,KCNK1,neutral,0.6141704579278144,31
ENSG00000135773,CAPN9,regulation-driven,0.2814164297879681,31
ENSG00000135775,COG2,neutral,0.4741617829736612,31
ENSG00000135776,ABCB10,neutral,0.5674707607777614,31
ENSG00000135778,NTPCR,neutral,0.44743212578538283,31
ENSG00000135801,TAF5L,neutral,0.7849321207178438,31
ENSG00000135823,STX6,neutral,0.6910458327915128,31
ENSG00000135824,RGS8,gene-driven,0.46534030541236104,31
ENSG00000135828,RNASEL,neutral,0.6421442984159407,31
ENSG00000135829,DHX9,neutral,0.32610536630121456,31
ENSG00000135838,NPL,neutral,0.6497691624525226,31
ENSG00000135845,PIGC,neutral,0.5725268665013754,31
ENSG00000135870,RC3H1,neutral,0.6463473635894258,31
ENSG00000135900,MRPL44,neutral,0.8155288735942219,31
ENSG00000135902,CHRND,neutral,0.9020236747325832,31
ENSG00000135903,PAX3,regulation-driven,0.6244243907373748,31
ENSG00000135913,USP37,regulation-driven,0.7071471503446976,31
ENSG00000135914,HTR2B,neutral,0.7059877978376707,31
ENSG00000135916,ITM2C,neutral,0.704479713355409,31
ENSG00000135925,WNT10A,neutral,0.591691691698937,31
ENSG00000135932,CAB39,neutral,0.6219427803787301,31
ENSG00000135940,COX5B,neutral,0.43693413006230375,31
ENSG00000135953,MFSD9,neutral,0.36535945957703386,31
ENSG00000135956,TMEM127,neutral,0.8357013033893017,31
ENSG00000135960,EDAR,neutral,0.40522410060513503,31
ENSG00000135966,TGFBRAP1,neutral,0.6215054570175271,31
ENSG00000135974,C2orf49,neutral,0.48110448591925836,31
ENSG00000136011,,regulation-driven,0.7962271107698985,31
ENSG00000136044,APPL2,gene-driven,0.46197103190202504,31
ENSG00000136048,DRAM1,gene-driven,0.39310673889538505,31
ENSG00000136099,PCDH8,neutral,0.41756914314299476,31
ENSG00000136122,BORA,neutral,0.6295536009894698,31
ENSG00000136143,SUCLA2,neutral,0.31373244418172164,31
ENSG00000136144,RCBTB1,neutral,0.38075063358384675,31
ENSG00000136147,PHF11,neutral,0.7219491268663151,31
ENSG00000136155,SCEL,regulation-driven,0.5648912114213123,31
ENSG00000136158,SPRY2,neutral,0.40953809228834626,31
ENSG00000136159,NUDT15,neutral,0.728957776538864,31
ENSG00000136160,EDNRB,neutral,0.5866137097566785,31
ENSG00000136161,RCBTB2,regulation-driven,0.6064183105109444,31
ENSG00000136169,SETDB2,neutral,0.39038545340083897,31
ENSG00000136193,SCRN1,regulation-driven,0.39374661070077777,31
ENSG00000136197,C7orf25,gene-driven,0.7737108552471411,31
ENSG00000136231,IGF2BP3,regulation-driven,0.827636499898312,31
ENSG00000136235,GPNMB,gene-driven,0.6278634065779107,31
ENSG00000136240,KDELR2,neutral,0.36375043866759504,31
ENSG00000136267,DGKB,dual-driven,0.31404648765690923,31
ENSG00000136270,TBRG4,gene-driven,0.5316728811699238,31
ENSG00000136274,NACAD,neutral,0.9178957134173693,31
ENSG00000136286,MYO1G,regulation-driven,0.5380128495295521,31
ENSG00000136297,MMD2,neutral,0.33720471096257376,31
ENSG00000136327,NKX2-8,neutral,0.8820542473746693,31
ENSG00000136352,NKX2-1,gene-driven,0.5860324264790635,31
ENSG00000136514,RTP4,neutral,0.8367247252201236,31
ENSG00000136518,ACTL6A,neutral,0.6490726525912764,31
ENSG00000136522,,neutral,0.6651388622031251,31
ENSG00000136542,GALNT5,neutral,0.6260380133842965,31
ENSG00000136573,BLK,regulation-driven,0.9256600994522147,31
ENSG00000136634,IL10,gene-driven,0.3727093943458637,31
ENSG00000136689,IL1RN,neutral,0.957443261746714,31
ENSG00000136697,IL1F10,gene-driven,0.6825317078066413,31
ENSG00000136698,CFC1,gene-driven,0.4841776530063473,31
ENSG00000136720,HS6ST1,neutral,0.4869487517681115,31
ENSG00000136750,GAD2,regulation-driven,0.3302952618070494,31
ENSG00000136754,ABI1,neutral,0.5404553675071924,31
ENSG00000136770,DNAJC1,neutral,0.5267668270226995,31
ENSG00000136802,LRRC8A,neutral,0.7178893959564026,31
ENSG00000136813,,gene-driven,0.4728843813137542,31
ENSG00000136827,TOR1A,neutral,0.5947022797355704,31
ENSG00000136830,NIBAN2,neutral,0.8565932018616355,31
ENSG00000136856,SLC2A8,gene-driven,0.5290087095745597,31
ENSG00000136859,ANGPTL2,neutral,0.7075293728696439,31
ENSG00000136866,ZFP37,gene-driven,0.7012280073795242,31
ENSG00000136869,TLR4,neutral,0.3497364988144732,31
ENSG00000136870,ZNF189,gene-driven (relaxed),0.4896116161708409,31
ENSG00000136872,ALDOB,regulation-driven,0.31541022613577807,31
ENSG00000136875,PRPF4,neutral,0.4022193987296958,31
ENSG00000136881,BAAT,gene-driven,0.6257555616265104,31
ENSG00000136897,MRPL50,neutral,0.4787566561826402,31
ENSG00000136908,DPM2,neutral,0.8952837641938381,31
ENSG00000136918,WDR38,neutral,0.5412045367266775,31
ENSG00000136929,HEMGN,neutral,0.4458108444020238,31
ENSG00000136932,TRMO,gene-driven,0.4568380212299046,31
ENSG00000136935,GOLGA1,neutral,0.4658299745331915,31
ENSG00000136936,XPA,neutral,0.5191879103919802,31
ENSG00000136938,ANP32B,neutral,0.8835069376183446,31
ENSG00000136942,RPL35,gene-driven,0.7407308859872804,31
ENSG00000136943,CTSV,neutral,0.9207194169562015,31
ENSG00000136944,LMX1B,neutral,0.4387252989784003,31
ENSG00000136950,ARPC5L,gene-driven,0.6565322510478732,31
ENSG00000136982,DSCC1,neutral,0.5135059000214603,31
ENSG00000136986,DERL1,neutral,0.6731265038549914,31
ENSG00000136997,MYC,neutral,0.5684290912984551,31
ENSG00000136999,CCN3,neutral,0.5996674977925811,31
ENSG00000137033,IL33,neutral,0.6595036793179984,31
ENSG00000137055,PLAA,neutral,0.4698028174432767,31
ENSG00000137070,IL11RA,gene-driven,0.4161538822213464,31
ENSG00000137074,APTX,gene-driven,0.5693589946315238,31
ENSG00000137075,RNF38,gene-driven,0.5365901987796515,31
ENSG00000137076,,regulation-driven,0.7676499891711195,31
ENSG00000137077,CCL21,gene-driven,0.7768406114839311,31
ENSG00000137078,SIT1,neutral,0.6269306021366682,31
ENSG00000137103,TMEM8B,neutral,0.44104205749557124,31
ENSG00000137106,GRHPR,neutral,0.5370422933317924,31
ENSG00000137124,ALDH1B1,neutral,0.47428041844288504,31
ENSG00000137133,HINT2,neutral,0.5159429916876184,31
ENSG00000137135,ARHGEF39,gene-driven,0.8528151586248884,31
ENSG00000137161,CNPY3,neutral,0.7268678632145222,31
ENSG00000137166,FOXP4,regulation-driven,0.44796711673399736,31
ENSG00000137168,PPIL1,neutral,0.27067857902622605,31
ENSG00000137193,PIM1,neutral,0.7040044418696052,31
ENSG00000137198,GMPR,neutral,0.3032520505914882,31
ENSG00000137200,CMTR1,neutral,0.8801420560785802,31
ENSG00000137203,TFAP2A,neutral,0.658829560675087,31
ENSG00000137207,YIPF3,gene-driven,0.6981295742064177,31
ENSG00000137216,TMEM63B,regulation-driven,0.4385519459487668,31
ENSG00000137251,TINAG,gene-driven,0.8382318107198607,31
ENSG00000137252,HCRTR2,regulation-driven,0.9394774408912356,31
ENSG00000137261,KIAA0319,gene-driven,0.5226482795483472,31
ENSG00000137269,LRRC1,neutral,0.8364679438100933,31
ENSG00000137270,GCM1,neutral,0.6650373467167846,31
ENSG00000137273,FOXF2,regulation-driven,0.46329951209101616,31
ENSG00000137275,RIPK1,neutral,0.6975929478844382,31
ENSG00000137309,HMGA1,gene-driven,0.8166815940877108,31
ENSG00000137310,TCF19,gene-driven,0.4111317605986231,31
ENSG00000137338,PGBD1,neutral,0.7043610020707829,31
ENSG00000137364,TPMT,neutral,0.8230385696221508,31
ENSG00000137392,CLPS,neutral,0.6452135678690515,31
ENSG00000137393,RNF144B,neutral,0.7816111624494447,31
ENSG00000137411,VARS2,gene-driven,0.4674893944932703,31
ENSG00000137414,FAM8A1,neutral,0.5553624326723489,31
ENSG00000137434,C6orf52,gene-driven,0.7961316469243614,31
ENSG00000137460,FHDC1,neutral,0.7619415161421703,31
ENSG00000137473,TTC29,regulation-driven,0.8319913162564904,31
ENSG00000137494,ANKRD42,gene-driven,0.6638901041586396,31
ENSG00000137496,IL18BP,neutral,0.5617323697115341,31
ENSG00000137507,LRRC32,neutral,0.5087878759382849,31
ENSG00000137547,MRPL15,neutral,0.8292654655969515,31
ENSG00000137558,PI15,neutral,0.8021741105542329,31
ENSG00000137561,TTPA,neutral,0.5517553589898214,31
ENSG00000137563,GGH,gene-driven,0.8244245483535148,31
ENSG00000137571,SLCO5A1,regulation-driven,0.5982499968591439,31
ENSG00000137574,TGS1,neutral,0.30717123710429706,31
ENSG00000137628,DDX60,gene-driven,0.7703354718597908,31
ENSG00000137672,TRPC6,regulation-driven,0.8977513833085637,31
ENSG00000137673,MMP7,neutral,0.9437177834948502,31
ENSG00000137674,MMP20,neutral,0.7378581878765256,31
ENSG00000137675,MMP27,neutral,0.7677768396730603,31
ENSG00000137700,SLC37A4,gene-driven,0.7326910528063488,31
ENSG00000137720,CFAP68,neutral,0.3591389627041611,31
ENSG00000137726,FXYD6,neutral,0.6364840787146647,31
ENSG00000137727,ARHGAP20,gene-driven,0.8563907547766724,31
ENSG00000137745,MMP13,neutral,0.8374868041005672,31
ENSG00000137760,ALKBH8,neutral,0.2781386327959873,31
ENSG00000137767,SQOR,neutral,0.6461519928824885,31
ENSG00000137801,THBS1,regulation-driven,0.4655963560457079,31
ENSG00000137807,KIF23,regulation-driven,0.7712130420010983,31
ENSG00000137814,HAUS2,neutral,0.3749827972774089,31
ENSG00000137818,RPLP1,neutral,0.7176225616557146,31
ENSG00000137819,PAQR5,neutral,0.48682285616797605,31
ENSG00000137824,RMDN3,gene-driven,0.6349662613409528,31
ENSG00000137825,ITPKA,neutral,0.5323853044557361,31
ENSG00000137834,SMAD6,neutral,0.40041415147568693,31
ENSG00000137880,GCHFR,neutral,0.4729520482689634,31
ENSG00000137941,TTLL7,regulation-driven,0.7182950176767096,31
ENSG00000137947,GTF2B,neutral,0.7989193365260484,31
ENSG00000137960,GIPC2,neutral,0.461669047102108,31
ENSG00000137962,ARHGAP29,neutral,0.4031639746787544,31
ENSG00000137968,SLC44A5,regulation-driven,0.6045351986535341,31
ENSG00000137976,DNASE2B,neutral,0.4736709558512706,31
ENSG00000137992,DBT,neutral,0.32362132126213516,31
ENSG00000137996,RTCA,neutral,0.39625393725991576,31
ENSG00000138032,PPM1B,regulation-driven,0.3475511715798737,31
ENSG00000138039,LHCGR,regulation-driven,0.5365841724789987,31
ENSG00000138050,THUMPD2,gene-driven,0.49953190960258165,31
ENSG00000138061,CYP1B1,neutral,0.6627281829962529,31
ENSG00000138071,ACTR2,gene-driven,0.3011226139962876,31
ENSG00000138074,SLC5A6,gene-driven,0.504520648977077,31
ENSG00000138075,ABCG5,neutral,0.6168729993649237,31
ENSG00000138079,SLC3A1,regulation-driven,0.7193361979510833,31
ENSG00000138081,FBXO11,neutral,0.7879561683497165,31
ENSG00000138092,CENPO,neutral,0.38921045009588895,31
ENSG00000138100,TRIM54,regulation-driven,0.404906178619843,31
ENSG00000138107,ACTR1A,neutral,0.8810664316414846,31
ENSG00000138115,CYP2C8,neutral,0.8269455603968261,31
ENSG00000138131,LOXL4,neutral,0.6056526995201561,31
ENSG00000138134,STAMBPL1,regulation-driven,0.8485646452623228,31
ENSG00000138152,BTBD16,neutral,0.9034807201633825,31
ENSG00000138160,KIF11,neutral,0.48431846452652516,31
ENSG00000138161,CUZD1,gene-driven,0.4573885296413419,31
ENSG00000138166,DUSP5,neutral,0.4209978148584317,31
ENSG00000138172,CALHM2,neutral,0.44004986589186834,31
ENSG00000138175,ARL3,neutral,0.9185370633241423,31
ENSG00000138190,EXOC6,regulation-driven,0.7901782263923639,31
ENSG00000138207,RBP4,regulation-driven,0.6528965547802605,31
ENSG00000138271,GPR87,neutral,0.4277314972567392,31
ENSG00000138308,PLA2G12B,neutral,0.6633589529967983,31
ENSG00000138311,ZNF365,neutral,0.8255474093351383,31
ENSG00000138315,OIT3,regulation-driven,0.6535262759039873,31
ENSG00000138316,ADAMTS14,regulation-driven,0.6805012862995735,31
ENSG00000138336,TET1,neutral,0.8383782153968639,31
ENSG00000138376,BARD1,neutral,0.7248074325675269,31
ENSG00000138379,MSTN,neutral,0.3758557648132249,31
ENSG00000138380,CARF,neutral,0.43021479569407606,31
ENSG00000138395,CDK15,gene-driven,0.4426558337539783,31
ENSG00000138399,FASTKD1,neutral,0.5267652774474343,31
ENSG00000138400,MDH1B,gene-driven,0.6531895674740571,31
ENSG00000138435,CHRNA1,gene-driven,0.7428931759683239,31
ENSG00000138439,FAM117B,neutral,0.4108872352505937,31
ENSG00000138442,WDR12,neutral,0.34260666686098074,31
ENSG00000138463,SLC49A4,neutral,0.6024452422016191,31
ENSG00000138472,GUCA1C,gene-driven,0.7264617792156379,31
ENSG00000138587,MNS1,neutral,0.34552279126776964,31
ENSG00000138604,GLCE,neutral,0.6467286374344104,31
ENSG00000138606,SHF,neutral,0.5509987322760386,31
ENSG00000138615,CILP,neutral,0.5952543010491702,31
ENSG00000138622,HCN4,regulation-driven,0.6105309258290348,31
ENSG00000138623,SEMA7A,neutral,0.458681499276254,31
ENSG00000138639,ARHGAP24,neutral,0.42684400030030045,31
ENSG00000138646,HERC5,neutral,0.47986350252930965,31
ENSG00000138650,PCDH10,regulation-driven,0.8840116907363145,31
ENSG00000138653,NDST4,regulation-driven,0.8549250670398676,31
ENSG00000138668,HNRNPD,gene-driven,0.626055877278044,31
ENSG00000138669,PRKG2,neutral,0.6177003088314224,31
ENSG00000138674,SEC31A,gene-driven,0.8102103018720971,31
ENSG00000138675,FGF5,gene-driven,0.671795115581524,31
ENSG00000138678,GPAT3,neutral,0.9436777350140185,31
ENSG00000138684,IL21,neutral,0.6588609821517113,31
ENSG00000138685,FGF2,neutral,0.48203095022593234,31
ENSG00000138686,BBS7,regulation-driven,0.48359917788084694,31
ENSG00000138696,BMPR1B,neutral,0.41242421206762037,31
ENSG00000138698,RAP1GDS1,regulation-driven,0.33903794092792106,31
ENSG00000138709,,neutral,0.8209204362502543,31
ENSG00000138722,MMRN1,neutral,0.44330416236603076,31
ENSG00000138741,TRPC3,neutral,0.5048504742348745,31
ENSG00000138755,CXCL9,neutral,0.6797737894808082,31
ENSG00000138756,BMP2K,regulation-driven,0.5085560925397795,31
ENSG00000138758,SEPTIN11,neutral,0.5421295329467644,31
ENSG00000138767,CNOT6L,neutral,0.41949820136728566,31
ENSG00000138769,CDKL2,neutral,0.7803190511237501,31
ENSG00000138792,ENPEP,regulation-driven,0.7661353816406542,31
ENSG00000138798,,regulation-driven,0.3824263189110968,31
ENSG00000138801,PAPSS1,neutral,0.5564003237691204,31
ENSG00000138813,C4orf17,neutral,0.5283854418245748,31
ENSG00000138814,PPP3CA,neutral,0.6218691837007275,31
ENSG00000138821,SLC39A8,gene-driven,0.6284762746784496,31
ENSG00000138834,MAPK8IP3,gene-driven,0.5269480774021098,31
ENSG00000139053,PDE6H,neutral,0.8345209475485561,31
ENSG00000139055,ERP27,neutral,0.5871859365928472,31
ENSG00000139131,YARS2,gene-driven,0.6476207401528732,31
ENSG00000139133,ALG10,neutral,0.7235921333579332,31
ENSG00000139151,PLCZ1,gene-driven,0.2747758439215875,31
ENSG00000139154,AEBP2,gene-driven,0.7566371685595651,31
ENSG00000139155,SLCO1C1,gene-driven,0.5073730136199242,31
ENSG00000139160,ETFBKMT,gene-driven,0.630783079715452,31
ENSG00000139163,ETNK1,gene-driven,0.49688249596815737,31
ENSG00000139168,ZCRB1,gene-driven,0.405425258422593,31
ENSG00000139174,PRICKLE1,neutral,0.7777113712062855,31
ENSG00000139190,VAMP1,gene-driven,0.6022241924957172,31
ENSG00000139192,TAPBPL,neutral,0.8084786809550678,31
ENSG00000139197,PEX5,regulation-driven,0.5930189877676562,31
ENSG00000139200,PIANP,neutral,0.7532414360748271,31
ENSG00000139209,SLC38A4,neutral,0.5679130555850587,31
ENSG00000139211,AMIGO2,neutral,0.6535463090255338,31
ENSG00000139233,LLPH,gene-driven,0.6625520310822754,31
ENSG00000139266,MARCHF9,gene-driven,0.6854381437087446,31
ENSG00000139269,INHBE,neutral,0.5384968924427674,31
ENSG00000139292,LGR5,regulation-driven,0.8225711947320957,31
ENSG00000139318,DUSP6,gene-driven,0.3960217069379923,31
ENSG00000139323,POC1B,neutral,0.5075645497648986,31
ENSG00000139324,TMTC3,gene-driven,0.8726676153943596,31
ENSG00000139329,LUM,neutral,0.8091786737845831,31
ENSG00000139330,KERA,neutral,0.673988633723715,31
ENSG00000139350,NEDD1,neutral,0.6741918805624391,31
ENSG00000139351,SYCP3,gene-driven,0.7848578333543637,31
ENSG00000139352,ASCL1,neutral,0.8240101168718471,31
ENSG00000139364,TMEM132B,regulation-driven,0.43334524043920497,31
ENSG00000139370,SLC15A4,neutral,0.6218099240617072,31
ENSG00000139405,RITA1,gene-driven,0.6076609105255684,31
ENSG00000139410,SDSL,neutral,0.3945076926072011,31
ENSG00000139428,MMAB,gene-driven,0.5202544265461249,31
ENSG00000139437,TCHP,neutral,0.5040184782226949,31
ENSG00000139496,NUP58,gene-driven,0.5207704348031241,31
ENSG00000139505,MTMR6,neutral,0.5485885116617739,31
ENSG00000139508,SLC46A3,neutral,0.5404672425558277,31
ENSG00000139515,PDX1,regulation-driven,0.6209991971179564,31
ENSG00000139517,LNX2,neutral,0.4579151815881344,31
ENSG00000139549,DHH,neutral,0.7299581149826969,31
ENSG00000139567,ACVRL1,gene-driven,0.781057090483698,31
ENSG00000139579,NABP2,gene-driven,0.5037775747727266,31
ENSG00000139597,N4BP2L1,gene-driven,0.9481204709349197,31
ENSG00000139610,CELA1,gene-driven,0.41626125127630487,31
ENSG00000139636,LMBR1L,gene-driven,0.4338966816926161,31
ENSG00000139644,TMBIM6,gene-driven,0.4252522431338266,31
ENSG00000139645,ANKRD52,neutral,0.7416350111686004,31
ENSG00000139651,ZNF740,neutral,0.5661678838857032,31
ENSG00000139668,WDFY2,regulation-driven,0.43099996555949616,31
ENSG00000139697,SBNO1,gene-driven,0.6584488796961825,31
ENSG00000139718,SETD1B,neutral,0.4256248501599438,31
ENSG00000139726,DENR,neutral,0.8247731119585862,31
ENSG00000139746,RBM26,neutral,0.5806689474816362,31
ENSG00000139780,METTL21C,neutral,0.6633364515805212,31
ENSG00000139797,RNF113B,neutral,0.7409115311722674,31
ENSG00000139835,GRTP1,neutral,0.44060184531048907,31
ENSG00000139842,CUL4A,gene-driven,0.6802172879661468,31
ENSG00000139865,TTC6,neutral,0.644070256759121,31
ENSG00000139880,CDH24,neutral,0.7532303729860644,31
ENSG00000139890,REM2,neutral,0.7745822096734672,31
ENSG00000139908,TSSK4,gene-driven,0.31471255869752346,31
ENSG00000139910,NOVA1,gene-driven,0.8628060349492003,31
ENSG00000139914,FITM1,gene-driven,0.47754545445109975,31
ENSG00000139970,RTN1,regulation-driven,0.6083176109188909,31
ENSG00000139973,SYT16,gene-driven,0.46318663379594704,31
ENSG00000139988,RDH12,neutral,0.5124977823795036,31
ENSG00000139990,DCAF5,neutral,0.4970559095376095,31
ENSG00000140009,ESR2,regulation-driven,0.7758150223821033,31
ENSG00000140015,KCNH5,neutral,0.6357925992527111,31
ENSG00000140025,EFCAB11,regulation-driven,0.6730338483566076,31
ENSG00000140043,PTGR2,neutral,0.49936091144257855,31
ENSG00000140093,SERPINA10,neutral,0.3125999118540179,31
ENSG00000140107,SLC25A47,neutral,0.4441336183132212,31
ENSG00000140254,DUOXA1,gene-driven,0.4846364066700998,31
ENSG00000140259,MFAP1,neutral,0.6969745303989903,31
ENSG00000140265,ZSCAN29,gene-driven,0.85459250342502,31
ENSG00000140274,DUOXA2,neutral,0.9003965154578205,31
ENSG00000140280,LYSMD2,neutral,0.5040565262755405,31
ENSG00000140284,SLC27A2,neutral,0.684795618846163,31
ENSG00000140320,BAHD1,neutral,0.43651142794392517,31
ENSG00000140323,DISP2,neutral,0.5915355789755072,31
ENSG00000140326,CDAN1,neutral,0.596551895812521,31
ENSG00000140451,PIF1,neutral,0.6924158665794703,31
ENSG00000140465,CYP1A1,neutral,0.7399019712240588,31
ENSG00000140474,ULK3,neutral,0.9416780262614839,31
ENSG00000140488,CELF6,neutral,0.5083986754566664,31
ENSG00000140497,SCAMP2,neutral,0.9569780030814078,31
ENSG00000140506,LMAN1L,neutral,0.8166319845373243,31
ENSG00000140527,WDR93,neutral,0.9070154122628546,31
ENSG00000140545,MFGE8,neutral,0.5414964276536673,31
ENSG00000140564,FURIN,neutral,0.5469847029661636,31
ENSG00000140575,,neutral,0.271619990913775,31
ENSG00000140986,RPL3L,neutral,0.2191646575868833,31
ENSG00000140987,ZSCAN32,neutral,0.8384296026903983,31
ENSG00000140993,TIGD7,neutral,0.4108853556345481,31
ENSG00000141068,KSR1,gene-driven,0.35650638876617746,31
ENSG00000141127,PRPSAP2,neutral,0.5495284639629623,31
ENSG00000141161,UNC45B,neutral,0.41852544699339944,31
ENSG00000141314,RHBDL3,gene-driven,0.9185951726679507,31
ENSG00000141316,SPACA3,gene-driven,0.5081124575903195,31
ENSG00000142208,AKT1,neutral,0.8924829677217717,31
ENSG00000142224,IL19,gene-driven,0.698643703411206,31
ENSG00000142319,SLC6A3,neutral,0.5247160241257822,31
ENSG00000142606,MMEL1,neutral,0.7207492865414133,31
ENSG00000142611,PRDM16,regulation-driven,0.7113004646747219,31
ENSG00000142619,PADI3,neutral,0.558679100425437,31
ENSG00000142623,PADI1,neutral,0.7777605044316166,31
ENSG00000142627,EPHA2,regulation-driven,0.7670941830737262,31
ENSG00000142655,PEX14,neutral,0.6169789268082964,31
ENSG00000142677,IL22RA1,neutral,0.6527097977664695,31
ENSG00000142694,EVA1B,neutral,0.6845879591998771,31
ENSG00000142698,C1orf94,neutral,0.9030553594991512,31
ENSG00000142700,DMRTA2,neutral,0.8570418607109982,31
ENSG00000142748,FCN3,neutral,0.38615377720461663,31
ENSG00000142751,GPN2,neutral,0.666563537370358,31
ENSG00000142784,WDTC1,gene-driven,0.9072729973381739,31
ENSG00000142789,CELA3A,gene-driven,0.6249679693568595,31
ENSG00000142856,ITGB3BP,gene-driven,0.626453647172704,31
ENSG00000142864,SERBP1,neutral,0.5368930095417681,31
ENSG00000142867,BCL10,gene-driven,0.8986915020170341,31
ENSG00000142871,CCN1,neutral,0.557059565591564,31
ENSG00000142910,TINAGL1,neutral,0.5443954083672369,31
ENSG00000142920,AZIN2,neutral,0.6214416967626389,31
ENSG00000142937,RPS8,gene-driven,0.9051009678160402,31
ENSG00000142945,KIF2C,neutral,0.5162410182616142,31
ENSG00000142959,BEST4,neutral,0.5515578237377721,31
ENSG00000142961,MOB3C,neutral,0.8352773922924069,31
ENSG00000143001,TMEM61,neutral,0.7778179195266355,31
ENSG00000143006,DMRTB1,neutral,0.5293485725149638,31
ENSG00000143013,LMO4,neutral,0.8235719992814273,31
ENSG00000143028,SYPL2,neutral,0.7037178594317843,31
ENSG00000143032,BARHL2,neutral,0.6403221702160018,31
ENSG00000143033,MTF2,gene-driven,0.7238471113100249,31
ENSG00000143093,STRIP1,neutral,0.8355027156764545,31
ENSG00000143106,PSMA5,neutral,0.6001660011116852,31
ENSG00000143110,C1orf162,gene-driven,0.5758321605579333,31
ENSG00000143119,CD53,gene-driven,0.7705677362326563,31
ENSG00000143125,PROK1,gene-driven,0.481782154566911,31
ENSG00000143147,GPR161,regulation-driven,0.5936038187700814,31
ENSG00000143149,ALDH9A1,neutral,0.5092926330171863,31
ENSG00000143153,ATP1B1,neutral,0.5309041348456991,31
ENSG00000143155,TIPRL,neutral,0.6885048490042194,31
ENSG00000143156,NME7,neutral,0.39070211333257876,31
ENSG00000143158,MPC2,gene-driven,0.45137018933673845,31
ENSG00000143162,CREG1,gene-driven,0.46553084799391886,31
ENSG00000143171,RXRG,regulation-driven,0.636716157513864,31
ENSG00000143179,UCK2,gene-driven (relaxed),0.33710675531161716,31
ENSG00000143185,XCL2,neutral,0.5916426720743603,31
ENSG00000143194,MAEL,neutral,0.6555983944597021,31
ENSG00000143196,DPT,neutral,0.6215970719938388,31
ENSG00000143198,MGST3,neutral,0.7277147714560842,31
ENSG00000143217,NECTIN4,neutral,0.3938517616766679,31
ENSG00000143222,UFC1,neutral,0.5008738759242014,31
ENSG00000143256,PFDN2,neutral,0.47023980977668955,31
ENSG00000143257,NR1I3,neutral,0.3666280643138611,31
ENSG00000143278,F13B,gene-driven,0.3617958219073635,31
ENSG00000143297,FCRL5,regulation-driven,0.4751923959182842,31
ENSG00000143318,CASQ1,neutral,0.397789550229641,31
ENSG00000143319,ISG20L2,neutral,0.7580588066988334,31
ENSG00000143321,HDGF,gene-driven (relaxed),0.4556624882397966,31
ENSG00000143324,XPR1,neutral,0.712019457961518,31
ENSG00000143340,FAM163A,neutral,0.5733851911773246,31
ENSG00000143344,RGL1,regulation-driven,0.515193297378169,31
ENSG00000143353,LYPLAL1,neutral,0.8596848392919666,31
ENSG00000143367,TUFT1,neutral,0.4884681107633184,31
ENSG00000143374,TARS2,neutral,0.52006603880444,31
ENSG00000143376,SNX27,gene-driven (relaxed),0.564709159340147,31
ENSG00000143384,MCL1,gene-driven (relaxed),0.6205316045470318,31
ENSG00000143412,ANXA9,neutral,0.7197641340767214,31
ENSG00000143420,ENSA,neutral,0.47590788193261657,31
ENSG00000143437,ARNT,neutral,0.601544007315431,31
ENSG00000143443,C1orf56,neutral,0.43516158030944707,31
ENSG00000143452,HORMAD1,neutral,0.4206733531664626,31
ENSG00000143458,GABPB2,neutral,0.5763271864305796,31
ENSG00000143473,,neutral,0.9104903678158988,31
ENSG00000143476,DTL,regulation-driven,0.6420217521328262,31
ENSG00000143494,VASH2,regulation-driven,0.731138079758181,31
ENSG00000143507,DUSP10,neutral,0.8881655643872812,31
ENSG00000143515,ATP8B2,regulation-driven,0.8000702846065018,31
ENSG00000143537,,gene-driven,0.5901761959216927,31
ENSG00000143543,JTB,gene-driven,0.6782261584083219,31
ENSG00000143545,RAB13,neutral,0.8061240298208167,31
ENSG00000143546,S100A8,neutral,0.48831663622757193,31
ENSG00000143553,SNAPIN,neutral,0.6997329096836039,31
ENSG00000143590,EFNA3,neutral,0.8211479572980747,31
ENSG00000143595,AQP10,neutral,0.6910374967505447,31
ENSG00000143603,KCNN3,regulation-driven,0.5163777107235623,31
ENSG00000143612,C1orf43,neutral,0.5043452372318762,31
ENSG00000143627,PKLR,gene-driven,0.619689398509052,31
ENSG00000143630,HCN3,neutral,0.7317922200125153,31
ENSG00000143633,C1orf131,neutral,0.5003224592215483,31
ENSG00000143641,GALNT2,neutral,0.5108523454822691,31
ENSG00000143653,SCCPDH,neutral,0.4426163978339427,31
ENSG00000143674,MAP3K21,neutral,0.7073684818277506,31
ENSG00000143748,NVL,neutral,0.5171008157068018,31
ENSG00000143751,SDE2,neutral,0.317612621073465,31
ENSG00000143756,FBXO28,neutral,0.3462405259010528,31
ENSG00000143761,ARF1,gene-driven,0.609894426458377,31
ENSG00000143771,CNIH4,neutral,0.616273484751829,31
ENSG00000143772,ITPKB,neutral,0.6954426073224074,31
ENSG00000143774,GUK1,gene-driven,0.4165517705008338,31
ENSG00000143786,CNIH3,regulation-driven,0.5413063852350438,31
ENSG00000143799,PARP1,neutral,0.4051449704872826,31
ENSG00000143815,LBR,neutral,0.691269391010958,31
ENSG00000143816,WNT9A,neutral,0.6251643554034186,31
ENSG00000143819,EPHX1,regulation-driven,0.8386176418991378,31
ENSG00000143839,REN,neutral,0.6648230437361057,31
ENSG00000143858,SYT2,neutral,0.45338297420346396,31
ENSG00000143862,ARL8A,neutral,0.8179901914743855,31
ENSG00000143867,OSR1,neutral,0.7106123099363882,31
ENSG00000143869,GDF7,neutral,0.6215207342643256,31
ENSG00000143882,ATP6V1C2,regulation-driven,0.6121062239984483,31
ENSG00000143889,HNRNPLL,neutral,0.4776572175535019,31
ENSG00000143891,GALM,neutral,0.38151312248923686,31
ENSG00000143924,EML4,regulation-driven,0.6744283449169115,31
ENSG00000143942,CHAC2,neutral,0.6323189979494559,31
ENSG00000143971,ETAA1,neutral,0.6785269939801739,31
ENSG00000143994,ABHD1,neutral,0.8039775923560785,31
ENSG00000143995,MEIS1,neutral,0.9296164117933546,31
ENSG00000144021,CIAO1,neutral,0.5047265684794453,31
ENSG00000144029,MRPS5,neutral,0.7696225821653374,31
ENSG00000144031,ANKRD53,neutral,0.5837539853540913,31
ENSG00000144034,TPRKB,neutral,0.5971686921764107,31
ENSG00000144036,EXOC6B,regulation-driven,0.7842870291912885,31
ENSG00000144043,TEX261,neutral,0.6867489865437983,31
ENSG00000144045,DQX1,neutral,0.44435891312745934,31
ENSG00000144048,DUSP11,gene-driven,0.6680954318919643,31
ENSG00000144057,ST6GAL2,gene-driven,0.5061883097830322,31
ENSG00000144063,MALL,neutral,0.6491833859413769,31
ENSG00000144120,TMEM177,neutral,0.9185736973569982,31
ENSG00000144152,FBLN7,neutral,0.5872610853434477,31
ENSG00000144161,ZC3H8,neutral,0.48177336481159916,31
ENSG00000144191,CNGA3,regulation-driven,0.4982420874070427,31
ENSG00000144214,LYG1,gene-driven,0.7535198936587829,31
ENSG00000144227,NXPH2,neutral,0.5016729604729202,31
ENSG00000144228,SPOPL,gene-driven,0.7651183943420038,31
ENSG00000144229,THSD7B,regulation-driven,0.8122084012742187,31
ENSG00000144233,AMMECR1L,regulation-driven,0.5737261150690387,31
ENSG00000144278,GALNT13,regulation-driven,0.5255345995579181,31
ENSG00000144320,LNPK,regulation-driven,0.530650767872067,31
ENSG00000144331,ZNF385B,regulation-driven,0.4685656170004704,31
ENSG00000144339,TMEFF2,regulation-driven,0.8981636145706394,31
ENSG00000144354,CDCA7,neutral,0.6995818117715593,31
ENSG00000144357,UBR3,neutral,0.474576308011607,31
ENSG00000144369,FAM171B,regulation-driven,0.5369508108835441,31
ENSG00000144401,METTL21A,gene-driven,0.7049944863588531,31
ENSG00000144410,CPO,neutral,0.7513561034186519,31
ENSG00000144445,KANSL1L,neutral,0.3959308647270855,31
ENSG00000144451,SPAG16,neutral,0.639989044511255,31
ENSG00000144452,ABCA12,regulation-driven,0.31787421648956316,31
ENSG00000144455,SUMF1,neutral,0.7199837681277066,31
ENSG00000144481,TRPM8,gene-driven,0.7270694536454357,31
ENSG00000144535,DIS3L2,neutral,0.6834663964368684,31
ENSG00000144550,CPNE9,gene-driven (relaxed),0.8806287106504698,31
ENSG00000144560,VGLL4,neutral,0.2965860351217754,31
ENSG00000144583,MARCHF4,neutral,0.4967853249175659,31
ENSG00000144597,EAF1,neutral,0.5088975659149355,31
ENSG00000144619,CNTN4,dual-driven,0.41772531838374993,31
ENSG00000144642,RBMS3,regulation-driven,0.8497073846628973,31
ENSG00000144644,GADL1,regulation-driven,0.6319337745923734,31
ENSG00000144647,POMGNT2,neutral,0.45586783146270904,31
ENSG00000144655,CSRNP1,gene-driven,0.3607671468464638,31
ENSG00000144677,CTDSPL,neutral,0.5463363777388257,31
ENSG00000144681,STAC,neutral,0.5637538135324045,31
ENSG00000144712,CAND2,regulation-driven,0.6687591506317216,31
ENSG00000144724,PTPRG,regulation-driven,0.6507504619409332,31
ENSG00000144744,UBA3,gene-driven,0.5158764477281391,31
ENSG00000144746,ARL6IP5,neutral,0.4702879449668428,31
ENSG00000144747,TMF1,regulation-driven,0.6426119140429364,31
ENSG00000144771,LRTM1,neutral,0.31544460676626707,31
ENSG00000144791,LIMD1,gene-driven,0.6448019438151642,31
ENSG00000144810,COL8A1,gene-driven,0.482829658904784,31
ENSG00000144820,ADGRG7,neutral,0.5340446822470168,31
ENSG00000144821,MYH15,regulation-driven,0.4963808865027489,31
ENSG00000144827,ABHD10,neutral,0.5060427337625868,31
ENSG00000144837,PLA1A,neutral,0.38445737433202065,31
ENSG00000144847,IGSF11,neutral,0.25339597711114736,31
ENSG00000144848,ATG3,neutral,0.47001948743777944,31
ENSG00000144891,AGTR1,gene-driven,0.5921992064019059,31
ENSG00000145014,TMEM44,gene-driven,0.39179154084498036,31
ENSG00000145029,NICN1,neutral,0.7317621475003075,31
ENSG00000145041,DCAF1,regulation-driven,0.5481919993452045,31
ENSG00000145192,AHSG,neutral,0.6123314845398269,31
ENSG00000145194,ECE2,neutral,0.6508248109664927,31
ENSG00000145198,VWA5B2,neutral,0.602530264406042,31
ENSG00000145220,LYAR,neutral,0.7068616798928506,31
ENSG00000145241,CENPC,gene-driven,0.7104544612613966,31
ENSG00000145248,SLC10A4,neutral,0.5902908934673936,31
ENSG00000145283,SLC10A6,neutral,0.5067579551620028,31
ENSG00000145284,SCD5,neutral,0.7548770082831808,31
ENSG00000145287,PLAC8,neutral,0.36363368095336424,31
ENSG00000145293,ENOPH1,neutral,0.7945562459760757,31
ENSG00000145332,KLHL8,regulation-driven,0.5730248117946217,31
ENSG00000145354,CISD2,neutral,0.684709356992809,31
ENSG00000145358,DDIT4L,neutral,0.48296291448734463,31
ENSG00000145384,FABP2,neutral,0.8963264945160754,31
ENSG00000145386,CCNA2,neutral,0.6452823433288546,31
ENSG00000145390,USP53,regulation-driven,0.4366331325819359,31
ENSG00000145391,SETD7,neutral,0.4409180660253712,31
ENSG00000145414,NAF1,neutral,0.6188030331118495,31
ENSG00000145416,MARCHF1,neutral,0.8430242383702305,31
ENSG00000145423,SFRP2,neutral,0.6061976319660356,31
ENSG00000145428,RNF175,gene-driven,0.7096475951847669,31
ENSG00000145439,CBR4,neutral,0.7460236217887709,31
ENSG00000145451,GLRA3,regulation-driven,0.6939859765335245,31
ENSG00000145476,CYP4V2,neutral,0.7159515486843182,31
ENSG00000145494,NDUFS6,neutral,0.4940923029812577,31
ENSG00000145506,NKD2,neutral,0.6685640190538495,31
ENSG00000145526,CDH18,gene-driven,0.6866891260544125,31
ENSG00000145536,ADAMTS16,regulation-driven,0.6752823326033954,31
ENSG00000145545,SRD5A1,gene-driven,0.6984238886580372,31
ENSG00000145569,OTULINL,neutral,0.5626669461583619,31
ENSG00000145604,SKP2,gene-driven,0.8156034148303793,31
ENSG00000145632,PLK2,gene-driven,0.7778008489414144,31
ENSG00000145642,SHISAL2B,gene-driven,0.7590862828581972,31
ENSG00000145649,GZMA,gene-driven,0.5061146810661525,31
ENSG00000145685,LHFPL2,gene-driven,0.7264245864111651,31
ENSG00000145692,BHMT,regulation-driven,0.4889672591965615,31
ENSG00000145700,ANKRD31,gene-driven,0.8737324593121155,31
ENSG00000145708,CRHBP,gene-driven,0.38959798235955556,31
ENSG00000145723,GIN1,neutral,0.641666468848379,31
ENSG00000145736,GTF2H2,neutral,0.3636383977166553,31
ENSG00000145757,SPATA9,gene-driven,0.818507135355537,31
ENSG00000145780,FEM1C,neutral,0.5616212072421991,31
ENSG00000145781,COMMD10,neutral,0.32934208855404656,31
ENSG00000145794,MEGF10,neutral,0.5070186667249803,31
ENSG00000145824,CXCL14,neutral,0.7242970246745646,31
ENSG00000145826,LECT2,gene-driven,0.7649756629576131,31
ENSG00000145832,SLC25A48,regulation-driven,0.5161287347763122,31
ENSG00000145839,IL9,neutral,0.8605289522711917,31
ENSG00000145850,TIMD4,neutral,0.47224314405389956,31
ENSG00000145860,RNF145,regulation-driven,0.4581325948371673,31
ENSG00000145861,C1QTNF2,neutral,0.7859903834775076,31
ENSG00000145863,GABRA6,regulation-driven,0.6715630340085565,31
ENSG00000145868,FBXO38,neutral,0.6107807034264313,31
ENSG00000145879,SPINK7,gene-driven,0.3332241363211522,31
ENSG00000145882,PCYOX1L,neutral,0.8028184868589278,31
ENSG00000145888,GLRA1,neutral,0.6037444899056756,31
ENSG00000145901,TNIP1,neutral,0.7094952699210506,31
ENSG00000145908,ZNF300,gene-driven,0.48625684415675385,31
ENSG00000145911,N4BP3,neutral,0.49738123954631874,31
ENSG00000145936,KCNMB1,neutral,0.32071901224223553,31
ENSG00000145949,MYLK4,neutral,0.8702620201217393,31
ENSG00000145990,GFOD1,neutral,0.718442672346381,31
ENSG00000145996,CDKAL1,regulation-driven,0.6696067949891327,31
ENSG00000146007,ZMAT2,gene-driven,0.5622149727978818,31
ENSG00000146013,GFRA3,neutral,0.5753234428794782,31
ENSG00000146039,SLC17A4,neutral,0.8342621008866954,31
ENSG00000146047,H2BC1,neutral,0.6195393984749085,31
ENSG00000146054,TRIM7,neutral,0.5446161714615398,31
ENSG00000146066,HIGD2A,neutral,0.705745878867045,31
ENSG00000146070,PLA2G7,neutral,0.31315716077312505,31
ENSG00000146072,TNFRSF21,neutral,0.34306523790494037,31
ENSG00000146085,MMUT,neutral,0.6133399876251908,31
ENSG00000146090,RASGEF1C,neutral,0.6525005273004033,31
ENSG00000146094,DOK3,gene-driven,0.5465035638691347,31
ENSG00000146109,ABT1,neutral,0.6290479595127361,31
ENSG00000146112,PPP1R18,neutral,0.6022885884792337,31
ENSG00000146122,DAAM2,regulation-driven,0.7834087567020932,31
ENSG00000146151,HMGCLL1,regulation-driven,0.6939518210415069,31
ENSG00000146192,FGD2,neutral,0.68307931256618,31
ENSG00000146197,SCUBE3,regulation-driven,0.6634982971836781,31
ENSG00000146205,ANO7,regulation-driven,0.728457921303381,31
ENSG00000146216,TTBK1,regulation-driven,0.46844344098608937,31
ENSG00000146221,TCTE1,neutral,0.3420945200061629,31
ENSG00000146232,NFKBIE,neutral,0.6655309710178686,31
ENSG00000146233,CYP39A1,neutral,0.6074348771672637,31
ENSG00000146263,MMS22L,neutral,0.36998536839793916,31
ENSG00000146267,FAXC,neutral,0.8238245256848928,31
ENSG00000146282,,gene-driven,0.5370852445170118,31
ENSG00000146352,CLVS2,neutral,0.7709377143826591,31
ENSG00000146373,RNF217,gene-driven,0.6670255186064433,31
ENSG00000146374,RSPO3,neutral,0.4637525273619312,31
ENSG00000146376,ARHGAP18,neutral,0.9356129146899967,31
ENSG00000146386,ABRACL,neutral,0.9293117014528173,31
ENSG00000146411,SLC2A12,neutral,0.4507752439239867,31
ENSG00000146433,TMEM181,neutral,0.7250616719834397,31
ENSG00000146453,PNLDC1,neutral,0.4670059539101308,31
ENSG00000146457,WTAP,neutral,0.5447868640738381,31
ENSG00000146476,ARMT1,neutral,0.42526728838349215,31
ENSG00000146477,SLC22A3,neutral,0.7858351230607291,31
ENSG00000146535,GNA12,neutral,0.45158370853760244,31
ENSG00000146574,CCZ1B,gene-driven,0.40333119362638303,31
ENSG00000146587,RBAK,neutral,0.8580081799818517,31
ENSG00000146674,IGFBP3,gene-driven,0.5417830420500152,31
ENSG00000146700,SSC4D,neutral,0.3426851875370035,31
ENSG00000146701,MDH2,neutral,0.5648493871263782,31
ENSG00000146731,CCT6A,neutral,0.354626895091928,31
ENSG00000146755,TRIM50,gene-driven,0.694540628638718,31
ENSG00000146828,SLC12A9,neutral,0.584534958002189,31
ENSG00000146830,GIGYF1,gene-driven,0.47424753572006684,31
ENSG00000146834,MEPCE,neutral,0.9640173926761781,31
ENSG00000146842,TMEM209,neutral,0.38135464511951966,31
ENSG00000146857,STRA8,dual-driven,0.7700709089400339,31
ENSG00000146858,ZC3HAV1L,neutral,0.4971834202802219,31
ENSG00000146904,EPHA1,neutral,0.2942932534860234,31
ENSG00000146910,CNPY1,neutral,0.7963185977311416,31
ENSG00000146926,ASB10,regulation-driven,0.5236955999329993,31
ENSG00000146955,RAB19,gene-driven,0.48031364867089055,31
ENSG00000146963,LUC7L2,gene-driven,0.5552322049685904,31
ENSG00000147324,MFHAS1,neutral,0.3529855062053554,31
ENSG00000147416,ATP6V1B2,gene-driven,0.48192430821090515,31
ENSG00000147419,CCDC25,neutral,0.4483422999400739,31
ENSG00000147434,CHRNA6,neutral,0.8467242671817442,31
ENSG00000147439,BIN3,neutral,0.7063932239211479,31
ENSG00000147443,DOK2,neutral,0.7500383701779559,31
ENSG00000147454,SLC25A37,neutral,0.4191699760307256,31
ENSG00000147475,ERLIN2,gene-driven,0.5241923456297789,31
ENSG00000147509,RGS20,neutral,0.5841617910564114,31
ENSG00000147533,GOLGA7,gene-driven,0.5350549571335022,31
ENSG00000147536,GINS4,gene-driven,0.606863894358188,31
ENSG00000147571,CRH,neutral,0.697981414116676,31
ENSG00000147573,TRIM55,regulation-driven,0.7205157725696681,31
ENSG00000147576,ADHFE1,neutral,0.6717274070803771,31
ENSG00000147588,PMP2,neutral,0.6272452107871751,31
ENSG00000147592,LACTB2,neutral,0.9583942126022797,31
ENSG00000147613,PSKH2,neutral,0.8765656960311081,31
ENSG00000147647,DPYS,regulation-driven,0.39482150691594997,31
ENSG00000147655,RSPO2,neutral,0.6691505422914634,31
ENSG00000147676,MAL2,neutral,0.5487074252129882,31
ENSG00000147684,NDUFB9,neutral,0.6025659118146065,31
ENSG00000147689,FAM83A,gene-driven,0.7691411272073758,31
ENSG00000147789,ZNF7,gene-driven,0.43478738057017885,31
ENSG00000147799,ARHGAP39,regulation-driven,0.6394014607328875,31
ENSG00000147853,AK3,neutral,0.6846731662408189,31
ENSG00000147869,CER1,neutral,0.7243569144768913,31
ENSG00000147894,C9orf72,regulation-driven,0.7940523455545092,31
ENSG00000147905,ZCCHC7,neutral,0.46247387153891095,31
ENSG00000147912,FBXO10,regulation-driven,0.9592622291024782,31
ENSG00000147955,SIGMAR1,gene-driven,0.5080031799677418,31
ENSG00000148019,,neutral,0.671713147916255,31
ENSG00000148082,SHC3,neutral,0.4936680752414967,31
ENSG00000148090,AUH,neutral,0.36069982702800274,31
ENSG00000148110,MFSD14B,neutral,0.5303894899175008,31
ENSG00000148123,PLPPR1,neutral,0.9229818440845072,31
ENSG00000148153,INIP,gene-driven,0.4630288703278188,31
ENSG00000148154,UGCG,neutral,0.7420860147200625,31
ENSG00000148175,STOM,neutral,0.5787943812435654,31
ENSG00000148187,MRRF,gene-driven,0.5017830096099816,31
ENSG00000148204,CRB2,regulation-driven,0.9395853612365923,31
ENSG00000148218,ALAD,gene-driven,0.601781629062198,31
ENSG00000148225,,neutral,0.5490529400609994,31
ENSG00000148229,POLE3,neutral,0.31362588400884095,31
ENSG00000148248,SURF4,neutral,0.3738334875700384,31
ENSG00000148290,SURF1,gene-driven,0.49879231628629206,31
ENSG00000148291,SURF2,neutral,0.35924771750792217,31
ENSG00000148296,SURF6,neutral,0.3998021215806412,31
ENSG00000148308,GTF3C5,neutral,0.44817289981979813,31
ENSG00000148331,ASB6,neutral,0.533512109034874,31
ENSG00000148341,SH3GLB2,neutral,0.5016561198239753,31
ENSG00000148344,PTGES,neutral,0.8225100632437187,31
ENSG00000148346,LCN2,gene-driven,0.3697134355641778,31
ENSG00000148384,INPP5E,neutral,0.8755116143732403,31
ENSG00000148411,NACC2,neutral,0.7464474009941493,31
ENSG00000148426,PROSER2,neutral,0.7445809307116216,31
ENSG00000148429,USP6NL,regulation-driven,0.5618579110984598,31
ENSG00000148482,SLC39A12,neutral,0.894848314355443,31
ENSG00000148484,RSU1,neutral,0.5278506896484725,31
ENSG00000148541,FAM13C,gene-driven,0.35360157781278434,31
ENSG00000148584,A1CF,regulation-driven,0.5970459283152524,31
ENSG00000148602,LRIT1,neutral,0.8524007937038606,31
ENSG00000148655,LRMDA,regulation-driven,0.5264839566638693,31
ENSG00000148677,ANKRD1,neutral,0.5684855544580506,31
ENSG00000148680,HTR7,neutral,0.39309967306934235,31
ENSG00000148690,FRA10AC1,gene-driven,0.6832480284144857,31
ENSG00000148700,ADD3,regulation-driven,0.5552974838536244,31
ENSG00000148702,HABP2,regulation-driven,0.6843173179521347,31
ENSG00000148704,VAX1,neutral,0.2602641086194285,31
ENSG00000148730,EIF4EBP2,neutral,0.7021946439842053,31
ENSG00000148734,NPFFR1,neutral,0.7426995494101947,31
ENSG00000148795,CYP17A1,regulation-driven,0.598827003075812,31
ENSG00000148798,INA,neutral,0.5619349292535798,31
ENSG00000148803,FUOM,neutral,0.422467744771038,31
ENSG00000148832,PAOX,neutral,0.6060321254255467,31
ENSG00000148835,TAF5,regulation-driven,0.4584557704755149,31
ENSG00000148842,CNNM2,regulation-driven,0.5544374010553521,31
ENSG00000148848,ADAM12,regulation-driven,0.6004342449389013,31
ENSG00000148908,RGS10,neutral,0.4319930108410541,31
ENSG00000148926,ADM,neutral,0.6542057178017469,31
ENSG00000148943,LIN7C,neutral,0.5463601522048916,31
ENSG00000148965,SAA4,neutral,0.5439264179999285,31
ENSG00000148985,PGAP2,neutral,0.4574351677421412,31
ENSG00000149021,SCGB1A1,gene-driven,0.8820402642423009,31
ENSG00000149050,ZNF214,neutral,0.6259330404669279,31
ENSG00000149089,APIP,neutral,0.7943592832995128,31
ENSG00000149091,,gene-driven,0.4138106115597451,31
ENSG00000149136,SSRP1,gene-driven,0.7060344309019984,31
ENSG00000149196,HIKESHI,neutral,0.756337856739594,31
ENSG00000149218,ENDOD1,neutral,0.4364254146243244,31
ENSG00000149243,KLHL35,neutral,0.6591973828362652,31
ENSG00000149260,CAPN5,neutral,0.5412398780516183,31
ENSG00000149289,ZC3H12C,regulation-driven,0.5259089673377033,31
ENSG00000149300,C11orf52,neutral,0.6980172968773191,31
ENSG00000149313,AASDHPPT,neutral,0.6779308477466324,31
ENSG00000149380,P4HA3,neutral,0.4529393732693169,31
ENSG00000149403,GRIK4,regulation-driven,0.6747861190583393,31
ENSG00000149418,ST14,neutral,0.4985207963492604,31
ENSG00000149452,SLC22A8,neutral,0.3314958389199655,31
ENSG00000149476,TKFC,gene-driven,0.6349188157527063,31
ENSG00000149483,TMEM138,neutral,0.5873521773077585,31
ENSG00000149485,FADS1,neutral,0.5651380741856684,31
ENSG00000149503,INCENP,neutral,0.6623742073555803,31
ENSG00000149516,MS4A3,neutral,0.518325932210246,31
ENSG00000149548,CCDC15,neutral,0.8682476779610223,31
ENSG00000149571,KIRREL3,gene-driven,0.6856376849989763,31
ENSG00000149573,MPZL2,gene-driven,0.6433112208860181,31
ENSG00000149575,SCN2B,gene-driven,0.4085504700814757,31
ENSG00000149735,GPHA2,neutral,0.6180367289189258,31
ENSG00000149761,NUDT22,neutral,0.6678923404636261,31
ENSG00000150045,KLRF1,regulation-driven,0.7403294134916925,31
ENSG00000150201,FXYD4,neutral,0.8360835105168183,31
ENSG00000150316,CWC15,neutral,0.8175318841849722,31
ENSG00000150347,,regulation-driven,0.7987147574462096,31
ENSG00000150361,KLHL1,regulation-driven,0.6261288861828257,31
ENSG00000150455,TIRAP,neutral,0.4936977044807169,31
ENSG00000150456,EEF1AKMT1,neutral,0.5716862737816446,31
ENSG00000150510,FAM124A,neutral,0.852865312406724,31
ENSG00000150540,HNMT,neutral,0.5577043620004662,31
ENSG00000150551,LYPD1,neutral,0.5039441090283401,31
ENSG00000150556,LYPD6B,gene-driven,0.5511414545018365,31
ENSG00000150593,PDCD4,regulation-driven,0.7819861331117053,31
ENSG00000150625,GPM6A,neutral,0.5892211216227976,31
ENSG00000150628,SPATA4,neutral,0.6647195497009578,31
ENSG00000150630,VEGFC,neutral,0.5851749997816851,31
ENSG00000150681,RGS18,neutral,0.5771899707500077,31
ENSG00000150722,PPP1R1C,neutral,0.9674090374483872,31
ENSG00000150750,POU2AF2,neutral,0.5297131981345022,31
ENSG00000150756,ATPSCKMT,gene-driven,0.6188383306895768,31
ENSG00000150760,,neutral,0.3811377744091853,31
ENSG00000150764,DIXDC1,neutral,0.3812896491422515,31
ENSG00000150768,DLAT,neutral,0.6195223971704433,31
ENSG00000150773,PIH1D2,neutral,0.557968322813518,31
ENSG00000150779,TIMM8B,gene-driven (relaxed),0.6851134498389472,31
ENSG00000150782,IL18,neutral,0.7534001628624278,31
ENSG00000150787,PTS,neutral,0.6110388554021511,31
ENSG00000150873,C2orf50,gene-driven,0.702737305130527,31
ENSG00000150938,CRIM1,gene-driven,0.5302270611172231,31
ENSG00000151012,SLC7A11,neutral,0.44780138951210247,31
ENSG00000151014,NOCT,neutral,0.43305207354480113,31
ENSG00000151033,LYZL2,gene-driven,0.6381613576098932,31
ENSG00000151062,CACNA2D4,gene-driven,0.4568884596493802,31
ENSG00000151065,DCP1B,neutral,0.5138863868058273,31
ENSG00000151079,KCNA6,neutral,0.581942181077564,31
ENSG00000151090,THRB,neutral,0.44176951264462383,31
ENSG00000151116,UEVLD,gene-driven,0.376022756527603,31
ENSG00000151117,TMEM86A,neutral,0.5574149029953306,31
ENSG00000151135,TMEM263,neutral,0.53968065227206,31
ENSG00000151151,IPMK,neutral,0.5444998887487587,31
ENSG00000151164,RAD9B,neutral,0.655921246841676,31
ENSG00000151176,PLBD2,neutral,0.701639884643414,31
ENSG00000151224,MAT1A,dual-driven,0.6634053445822594,31
ENSG00000151229,SLC2A13,neutral,0.6781552478815114,31
ENSG00000151233,GXYLT1,neutral,0.47460707052729245,31
ENSG00000151239,TWF1,gene-driven,0.49471971542997806,31
ENSG00000151287,TEX30,neutral,0.5032209644070684,31
ENSG00000151304,SRFBP1,neutral,0.4918158277580341,31
ENSG00000151353,TMEM18,neutral,0.7911647426731072,31
ENSG00000151364,KCTD14,gene-driven,0.8880473208236537,31
ENSG00000151365,THRSP,neutral,0.5634010165331853,31
ENSG00000151366,NDUFC2,gene-driven (relaxed),0.42010676355966536,31
ENSG00000151376,ME3,neutral,0.7279835761023516,31
ENSG00000151379,MSGN1,neutral,0.7873625494842367,31
ENSG00000151413,NUBPL,gene-driven,0.5645435944031263,31
ENSG00000151422,FER,regulation-driven,0.45408060286694263,31
ENSG00000151458,ANKRD50,gene-driven,0.349108993006467,31
ENSG00000151461,,gene-driven (relaxed),0.36372852285199675,31
ENSG00000151468,CCDC3,neutral,0.599311440896916,31
ENSG00000151498,ACAD8,neutral,0.42319920948240086,31
ENSG00000151500,THYN1,gene-driven,0.3016688806744232,31
ENSG00000151532,VTI1A,neutral,0.6081680336231042,31
ENSG00000151572,ANO4,gene-driven,0.7252495363305693,31
ENSG00000151575,TEX9,neutral,0.6285028606085823,31
ENSG00000151576,QTRT2,neutral,0.6943946471006881,31
ENSG00000151577,DRD3,regulation-driven,0.6488883532271472,31
ENSG00000151611,MMAA,neutral,0.43148404761967896,31
ENSG00000151615,POU4F2,neutral,0.654965565931789,31
ENSG00000151617,EDNRA,regulation-driven,0.5812136752769075,31
ENSG00000151640,DPYSL4,regulation-driven,0.675502316189007,31
ENSG00000151657,KIN,neutral,0.47923153033818155,31
ENSG00000151665,PIGF,gene-driven,0.34106306864931446,31
ENSG00000151687,ANKAR,regulation-driven,0.33015866688766615,31
ENSG00000151689,INPP1,neutral,0.5589330287330714,31
ENSG00000151694,ADAM17,neutral,0.6278174404286597,31
ENSG00000151702,FLI1,regulation-driven,0.6905582297877243,31
ENSG00000151704,KCNJ1,neutral,0.7239584333132648,31
ENSG00000151715,TMEM45B,neutral,0.3395236741759702,31
ENSG00000151718,WWC2,regulation-driven,0.8879632939961508,31
ENSG00000151725,CENPU,gene-driven,0.3965427382976675,31
ENSG00000151726,,regulation-driven,0.5022114302058509,31
ENSG00000151729,SLC25A4,regulation-driven,0.43513158401514873,31
ENSG00000151746,BICD1,gene-driven,0.5219830861309095,31
ENSG00000151773,CCDC122,gene-driven,0.5736761794833175,31
ENSG00000151778,SERP2,gene-driven,0.5176664664276031,31
ENSG00000151806,GUF1,neutral,0.6525260559715529,31
ENSG00000151834,GABRA2,dual-driven,0.5704571578597624,31
ENSG00000151838,CCDC175,neutral,0.6390219958977279,31
ENSG00000151876,FBXO4,gene-driven,0.4219223220797971,31
ENSG00000151881,TMEM267,gene-driven,0.49738845268944853,31
ENSG00000151882,CCL28,gene-driven,0.4493251545351844,31
ENSG00000151893,CACUL1,neutral,0.5748264914798453,31
ENSG00000151917,BEND6,neutral,0.4786566158999457,31
ENSG00000151948,GLT1D1,regulation-driven,0.7224626631905351,31
ENSG00000151962,RBM46,neutral,0.7248994441957891,31
ENSG00000151967,SCHIP1,regulation-driven,0.6015400777321716,31
ENSG00000152034,MCHR2,gene-driven,0.7721470796868075,31
ENSG00000152049,KCNE4,neutral,0.5077689246992834,31
ENSG00000152093,CFC1B,neutral,0.27701020128544707,31
ENSG00000152102,FAM168B,neutral,0.6329454453906667,31
ENSG00000152104,PTPN14,regulation-driven,0.5942596446842938,31
ENSG00000152127,MGAT5,regulation-driven,0.5454744162275404,31
ENSG00000152133,GPATCH11,neutral,0.6032075651693553,31
ENSG00000152137,HSPB8,gene-driven,0.3353381108837079,31
ENSG00000152147,GEMIN6,neutral,0.4681704947561156,31
ENSG00000152154,TMEM178A,neutral,0.8707408521944273,31
ENSG00000152193,OBI1,neutral,0.6930233267085799,31
ENSG00000152219,ARL14EP,neutral,0.358904731444183,31
ENSG00000152266,PTH,neutral,0.5781013724693956,31
ENSG00000152270,PDE3B,regulation-driven,0.8202299435159794,31
ENSG00000152315,KCNK13,neutral,0.6862244711346129,31
ENSG00000152332,UHMK1,neutral,0.4191855307299879,31
ENSG00000152359,POC5,gene-driven,0.4993068154764805,31
ENSG00000152377,SPOCK1,neutral,0.515563817254791,31
ENSG00000152380,FAM151B,gene-driven,0.4684586286004868,31
ENSG00000152382,TADA1,neutral,0.7194839957810555,31
ENSG00000152402,GUCY1A2,neutral,0.5502529045115784,31
ENSG00000152404,CWF19L2,neutral,0.460597810613791,31
ENSG00000152409,JMY,neutral,0.6805694718470311,31
ENSG00000152413,HOMER1,neutral,0.5151131461242409,31
ENSG00000152422,XRCC4,neutral,0.7966072035588002,31
ENSG00000152430,BOLL,neutral,0.46908329552527606,31
ENSG00000152457,DCLRE1C,neutral,0.7915148438570918,31
ENSG00000152465,NMT2,neutral,0.4030831300174659,31
ENSG00000152492,CCDC50,neutral,0.5917970680807152,31
ENSG00000152495,CAMK4,neutral,0.6415727070652764,31
ENSG00000152518,ZFP36L2,neutral,0.49771982168690576,31
ENSG00000152527,PLEKHH2,regulation-driven,0.32979741136433594,31
ENSG00000152580,IGSF10,regulation-driven,0.445909647755954,31
ENSG00000152592,DMP1,neutral,0.7870579216212972,31
ENSG00000152595,MEPE,neutral,0.553651079468794,31
ENSG00000152611,CAPSL,gene-driven,0.4364765768330182,31
ENSG00000152661,GJA1,neutral,0.7545203502894148,31
ENSG00000152669,CCNO,gene-driven,0.6583180649311793,31
ENSG00000152670,DDX4,neutral,0.8494930362785666,31
ENSG00000152684,PELO,neutral,0.6376731740368806,31
ENSG00000152705,CATSPER3,neutral,0.7753860440812164,31
ENSG00000152749,GPR180,neutral,0.575005521389206,31
ENSG00000152760,DYNLT5,neutral,0.31478142982037194,31
ENSG00000152766,ANKRD22,neutral,0.5588073281941004,31
ENSG00000152767,FARP1,regulation-driven,0.5548946323237758,31
ENSG00000152778,IFIT5,neutral,0.7168937506600822,31
ENSG00000152782,PANK1,regulation-driven,0.7345047869690202,31
ENSG00000152785,BMP3,neutral,0.5002283247198029,31
ENSG00000152795,HNRNPDL,gene-driven,0.6808709503766894,31
ENSG00000152804,HHEX,neutral,0.472289749426271,31
ENSG00000152822,GRM1,regulation-driven,0.5646983805602436,31
ENSG00000152932,RAB3C,dual-driven,0.6480857782279371,31
ENSG00000152939,MARVELD2,gene-driven,0.3301446291329607,31
ENSG00000152942,RAD17,gene-driven (relaxed),0.4600102036661968,31
ENSG00000152944,MED21,gene-driven,0.7573352197707957,31
ENSG00000152953,STK32B,neutral,0.5533037382908801,31
ENSG00000152969,JAKMIP1,neutral,0.7463029033133854,31
ENSG00000152990,,gene-driven,0.6424309417875147,31
ENSG00000153002,CPB1,neutral,0.5572389730750646,31
ENSG00000153006,SREK1IP1,gene-driven,0.5419169916513971,31
ENSG00000153015,CWC27,gene-driven,0.5559266256346309,31
ENSG00000153064,BANK1,neutral,0.24729897770965292,31
ENSG00000153086,ACMSD,regulation-driven,0.7126144922244766,31
ENSG00000153140,CETN3,neutral,0.6814444484959382,31
ENSG00000153157,SYCP2L,neutral,0.6714624006401786,31
ENSG00000153162,BMP6,neutral,0.672096866354874,31
ENSG00000153179,RASSF3,gene-driven,0.6452014754911332,31
ENSG00000153208,MERTK,neutral,0.48647071981480383,31
ENSG00000153266,FEZF2,neutral,0.5847367609058043,31
ENSG00000153294,ADGRF4,neutral,0.7681174985445159,31
ENSG00000153395,LPCAT1,regulation-driven,0.790896020602081,31
ENSG00000153485,LYSET,gene-driven,0.6403369065310295,31
ENSG00000153487,ING1,neutral,0.6491183914157866,31
ENSG00000153495,TEX29,gene-driven,0.9215183539146462,31
ENSG00000153498,SPACA7,neutral,0.5508985399917629,31
ENSG00000153531,ADPRHL1,regulation-driven,0.45970143192649526,31
ENSG00000153558,FBXL2,neutral,0.355008489757755,31
ENSG00000153560,UBP1,neutral,0.5630008770452571,31
ENSG00000153561,RMND5A,neutral,0.4707324966286429,31
ENSG00000153563,CD8A,neutral,0.5841817753099604,31
ENSG00000153574,RPIA,neutral,0.4156705181967235,31
ENSG00000153714,LURAP1L,neutral,0.3864532065538071,31
ENSG00000153820,SPHKAP,regulation-driven,0.8053379479336734,31
ENSG00000153823,PID1,neutral,0.4384239827287675,31
ENSG00000153832,FBXO36,gene-driven,0.6109208107198256,31
ENSG00000153898,MCOLN2,regulation-driven,0.5321451735767881,31
ENSG00000153936,HS2ST1,gene-driven,0.5816509841751378,31
ENSG00000153975,ZUP1,neutral,0.640194056318705,31
ENSG00000153989,NUS1,neutral,0.5673912091333537,31
ENSG00000153993,SEMA3D,regulation-driven,0.5696652995564276,31
ENSG00000154001,PPP2R5E,neutral,0.8602824859214079,31
ENSG00000154007,ASB17,neutral,0.8042539943272067,31
ENSG00000154025,SLC5A10,gene-driven,0.6154861130111072,31
ENSG00000154124,OTULIN,gene-driven,0.55321985729321,31
ENSG00000154127,UBASH3B,neutral,0.7046797099971397,31
ENSG00000154133,ROBO4,gene-driven,0.7473042717367705,31
ENSG00000154143,PANX3,neutral,0.48196700088749556,31
ENSG00000154146,NRGN,gene-driven,0.4780726922947244,31
ENSG00000154174,TOMM70,neutral,0.8471243507781159,31
ENSG00000154252,GAL3ST2,neutral,0.6075020837973704,31
ENSG00000154269,ENPP3,neutral,0.8443553803056325,31
ENSG00000154274,C4orf19,neutral,0.5026967686084427,31
ENSG00000154277,UCHL1,gene-driven,0.39965647283878636,31
ENSG00000154305,MIA3,gene-driven,0.5872487222843017,31
ENSG00000154328,NEIL2,gene-driven,0.572889217193254,31
ENSG00000154342,WNT3A,neutral,0.800460636189749,31
ENSG00000154359,LONRF1,neutral,0.40631086859324095,31
ENSG00000154415,PPP1R3A,neutral,0.6043373292664049,31
ENSG00000154478,GPR26,neutral,0.709123608181189,31
ENSG00000154511,DIPK1A,regulation-driven,0.6445192014981305,31
ENSG00000154518,ATP5MC3,neutral,0.5968860074874165,31
ENSG00000154548,SRSF12,neutral,0.7636761574877318,31
ENSG00000154553,PDLIM3,regulation-driven,0.48249216343352885,31
ENSG00000154589,LY96,neutral,0.7412207570899665,31
ENSG00000154678,PDE1C,neutral,0.3416292207314676,31
ENSG00000154764,WNT7A,neutral,0.3156595021149553,31
ENSG00000154781,CCDC174,neutral,0.6169900637089535,31
ENSG00000154813,DPH3,neutral,0.34488105502507926,31
ENSG00000154814,OXNAD1,gene-driven,0.6378888976376733,31
ENSG00000154917,RAB6B,neutral,0.4911878803879822,31
ENSG00000154928,EPHB1,regulation-driven,0.765089637656671,31
ENSG00000154997,SEPTIN14,neutral,0.5267226115716981,31
ENSG00000155011,DKK2,neutral,0.40441537518263115,31
ENSG00000155016,CYP2U1,neutral,0.5837223570412762,31
ENSG00000155052,CNTNAP5,regulation-driven,0.5842664936474442,31
ENSG00000155087,ODF1,gene-driven,0.5894089513953757,31
ENSG00000155090,KLF10,neutral,0.5511987468269398,31
ENSG00000155096,AZIN1,neutral,0.5896174158790756,31
ENSG00000155097,ATP6V1C1,neutral,0.4468033109025965,31
ENSG00000155158,TTC39B,neutral,0.4500816442334583,31
ENSG00000155189,AGPAT5,gene-driven,0.39450165479126076,31
ENSG00000155252,PI4K2A,neutral,0.5186188804364164,31
ENSG00000155256,ZFYVE27,gene-driven,0.501164544465156,31
ENSG00000155269,GPR78,gene-driven,0.3288124522616236,31
ENSG00000155275,TRMT44,neutral,0.6452002008333559,31
ENSG00000155324,GRAMD2B,gene-driven,0.5450708175668111,31
ENSG00000155329,ZCCHC10,neutral,0.6025031339782752,31
ENSG00000155363,MOV10,neutral,0.7072307620918448,31
ENSG00000155380,SLC16A1,gene-driven,0.42925959968603156,31
ENSG00000155463,OXA1L,gene-driven,0.651536346268955,31
ENSG00000155511,GRIA1,regulation-driven,0.6156274368944161,31
ENSG00000155530,LRGUK,regulation-driven,0.6053604059894521,31
ENSG00000155542,SETD9,gene-driven,0.6502674119467955,31
ENSG00000155545,MIER3,gene-driven,0.7630588481739198,31
ENSG00000155629,PIK3AP1,regulation-driven,0.37574505133815495,31
ENSG00000155636,RBM45,neutral,0.7840568642272299,31
ENSG00000155660,PDIA4,gene-driven,0.4804474073070141,31
ENSG00000155729,KCTD18,neutral,0.6734908505374237,31
ENSG00000155749,FLACC1,gene-driven,0.6097111990757842,31
ENSG00000155754,C2CD6,neutral,0.509318931110474,31
ENSG00000155755,TMEM237,neutral,0.6620636708571739,31
ENSG00000155760,FZD7,neutral,0.5641045414445438,31
ENSG00000155761,SPAG17,gene-driven,0.5218641276641995,31
ENSG00000155792,DEPTOR,regulation-driven,0.3486478781397837,31
ENSG00000155833,CYLC2,gene-driven,0.565588530961322,31
ENSG00000155858,LSM11,neutral,0.38531830058580374,31
ENSG00000155875,SAXO1,gene-driven,0.408319903402936,31
ENSG00000155886,SLC24A2,regulation-driven,0.9081867844590722,31
ENSG00000155890,TRIM42,neutral,0.6607679576169696,31
ENSG00000155897,ADCY8,regulation-driven,0.3736189686057446,31
ENSG00000155903,RASA2,neutral,0.3492237467012116,31
ENSG00000155906,RMND1,neutral,0.741706334724497,31
ENSG00000155957,TMBIM4,neutral,0.46036065310908625,31
ENSG00000155975,VPS37A,neutral,0.5498307442746303,31
ENSG00000156026,MCU,gene-driven,0.4492996913148726,31
ENSG00000156049,GNA14,neutral,0.36668567943913544,31
ENSG00000156127,BATF,neutral,0.4661509105828032,31
ENSG00000156136,DCK,neutral,0.6999796015982531,31
ENSG00000156140,ADAMTS3,regulation-driven,0.5530301502423929,31
ENSG00000156150,ALX3,gene-driven,0.43786452659367103,31
ENSG00000156172,CFAP418,neutral,0.8312354648654343,31
ENSG00000156194,PPEF2,neutral,0.5509675315016433,31
ENSG00000156234,CXCL13,gene-driven,0.43081823235111705,31
ENSG00000156345,CDK20,gene-driven,0.5652850277938213,31
ENSG00000156374,PCGF6,neutral,0.5380552269148161,31
ENSG00000156384,SFR1,neutral,0.5046645023888614,31
ENSG00000156427,FGF18,neutral,0.5088675229668957,31
ENSG00000156463,SH3RF2,regulation-driven,0.5850249417689939,31
ENSG00000156466,GDF6,neutral,0.464250437467537,31
ENSG00000156467,UQCRB,gene-driven,0.4292566409944173,31
ENSG00000156471,PTDSS1,neutral,0.44420347313624475,31
ENSG00000156508,EEF1A1,gene-driven,0.9104339996416346,31
ENSG00000156510,HKDC1,regulation-driven,0.4199795628355205,31
ENSG00000156521,TYSND1,neutral,0.681661299062214,31
ENSG00000156535,CD109,neutral,0.508718847577273,31
ENSG00000156574,NODAL,gene-driven (relaxed),0.8963924918249649,31
ENSG00000156575,PRG3,neutral,0.41905236833321646,31
ENSG00000156587,UBE2L6,gene-driven,0.29268077253015345,31
ENSG00000156603,MED19,neutral,0.45563294511751606,31
ENSG00000156711,MAPK13,neutral,0.5960082659986621,31
ENSG00000156735,BAG4,neutral,0.8298301376373562,31
ENSG00000156804,FBXO32,regulation-driven,0.5595114524357576,31
ENSG00000156831,NSMCE2,neutral,0.5405333220605961,31
ENSG00000156869,FRRS1,neutral,0.38558968675183247,31
ENSG00000156876,SASS6,regulation-driven,0.7450091518896649,31
ENSG00000156928,MALSU1,neutral,0.2886169485584995,31
ENSG00000156958,GALK2,gene-driven,0.5319403813072585,31
ENSG00000156959,LHFPL4,neutral,0.7980321292489977,31
ENSG00000156966,B3GNT7,neutral,0.4446392085706671,31
ENSG00000157005,SST,neutral,0.2876409841782872,31
ENSG00000157014,TATDN2,neutral,0.7727246397894467,31
ENSG00000157020,SEC13,neutral,0.36387657135783147,31
ENSG00000157036,EXOG,neutral,0.5274375559883152,31
ENSG00000157060,SHCBP1L,neutral,0.3938809118002454,31
ENSG00000157064,NMNAT2,regulation-driven,0.45145085445091027,31
ENSG00000157077,ZFYVE9,neutral,0.6523549365692638,31
ENSG00000157093,LYZL4,neutral,0.583359466545157,31
ENSG00000157110,RBPMS,neutral,0.6880503841772264,31
ENSG00000157111,TMEM171,gene-driven,0.5718241742953056,31
ENSG00000157119,KLHL40,neutral,0.8671401306610329,31
ENSG00000157150,TIMP4,neutral,0.6225864730552506,31
ENSG00000157184,CPT2,neutral,0.6221333879729649,31
ENSG00000157211,CDCP2,neutral,0.5409028544078365,31
ENSG00000157303,SUSD3,neutral,0.5623327175442481,31
ENSG00000157330,CFAP107,neutral,0.9448352611374343,31
ENSG00000157343,ARMC12,neutral,0.5420362288429276,31
ENSG00000157379,DHRS1,neutral,0.5980297969904458,31
ENSG00000157445,CACNA2D3,neutral,0.43242297091391235,31
ENSG00000157456,CCNB2,neutral,0.5749844696972065,31
ENSG00000157510,AFAP1L1,regulation-driven,0.46431283207477014,31
ENSG00000157593,SLC35B2,neutral,0.43654841235737174,31
ENSG00000157653,,neutral,0.4708971355296758,31
ENSG00000157693,TMEM268,neutral,0.4530362784497529,31
ENSG00000157703,SVOPL,neutral,0.39482359358823127,31
ENSG00000157734,SNX22,neutral,0.41088496793886664,31
ENSG00000157765,SLC34A2,gene-driven,0.7929535189801834,31
ENSG00000157778,PSMG3,neutral,0.703693925644103,31
ENSG00000157782,CABP1,regulation-driven,0.4923210005083478,31
ENSG00000157833,GAREM2,neutral,0.36811445099673323,31
ENSG00000157884,CIB4,neutral,0.48434318880533445,31
ENSG00000157927,RADIL,gene-driven,0.3672165688850427,31
ENSG00000157954,WIPI2,gene-driven,0.964555963605853,31
ENSG00000157978,LDLRAP1,neutral,0.6427909142327239,31
ENSG00000157992,KRTCAP3,gene-driven,0.6756339451431466,31
ENSG00000157999,ANKRD61,neutral,0.554142872154407,31
ENSG00000158006,PAFAH2,neutral,0.6883838464528884,31
ENSG00000158008,EXTL1,regulation-driven,0.6955701408833727,31
ENSG00000158014,SLC30A2,neutral,0.385340478713744,31
ENSG00000158022,TRIM63,regulation-driven,0.4214581939504639,31
ENSG00000158055,GRHL3,gene-driven,0.5023618749567292,31
ENSG00000158077,NLRP14,neutral,0.5138016221399844,31
ENSG00000158079,PTPDC1,regulation-driven,0.5638116044405742,31
ENSG00000158089,GALNT14,regulation-driven,0.4981719699331981,31
ENSG00000158104,HPD,neutral,0.5964597419569615,31
ENSG00000158106,RHPN1,neutral,0.5722790196867409,31
ENSG00000158109,TPRG1L,neutral,0.38762416654073806,31
ENSG00000158113,LRRC43,neutral,0.4543368703944807,31
ENSG00000158122,PRXL2C,gene-driven,0.7742313509571012,31
ENSG00000158156,XKR8,neutral,0.3357706338125166,31
ENSG00000158161,EYA3,regulation-driven,0.7509530826129722,31
ENSG00000158195,WASF2,neutral,0.6208057179948261,31
ENSG00000158220,ESYT3,neutral,0.3517544988526784,31
ENSG00000158246,TENT5B,neutral,0.6545826767464406,31
ENSG00000158258,CLSTN2,regulation-driven,0.6226912744208941,31
ENSG00000158292,GPR153,neutral,0.48654572676618646,31
ENSG00000158315,RHBDL2,neutral,0.764161176623986,31
ENSG00000158402,CDC25C,gene-driven,0.5143053480694928,31
ENSG00000158417,EIF5B,regulation-driven,0.6399293875876673,31
ENSG00000158428,CATIP,neutral,0.5270659488349605,31
ENSG00000158457,TSPAN33,neutral,0.4931829556166768,31
ENSG00000158458,NRG2,regulation-driven,0.6077423008871168,31
ENSG00000158467,AHCYL2,neutral,0.5474604714652282,31
ENSG00000158516,CPA2,neutral,0.8281409959206952,31
ENSG00000158604,TMED4,gene-driven,0.5339247226315196,31
ENSG00000158623,COPG2,regulation-driven,0.6016178663236713,31
ENSG00000158715,SLC45A3,neutral,0.6837238878792024,31
ENSG00000158716,DUSP23,neutral,0.46661034605979734,31
ENSG00000158748,HTR6,neutral,0.7219073150873934,31
ENSG00000158769,F11R,neutral,0.540160451207095,31
ENSG00000158786,PLA2G2F,neutral,0.5376107267120964,31
ENSG00000158793,NIT1,neutral,0.35623431978354403,31
ENSG00000158816,VWA5B1,dual-driven,0.8149383178559272,31
ENSG00000158828,PINK1,neutral,0.4419176103419391,31
ENSG00000158850,B4GALT3,gene-driven,0.5980107331789017,31
ENSG00000158856,DMTN,neutral,0.6545690792547147,31
ENSG00000158859,ADAMTS4,neutral,0.4970886489541432,31
ENSG00000158863,FHIP2B,gene-driven,0.4640242292233734,31
ENSG00000158864,,neutral,0.7617086574544246,31
ENSG00000158869,FCER1G,neutral,0.854618816703183,31
ENSG00000158882,TOMM40L,gene-driven,0.7228013075584376,31
ENSG00000158966,CACHD1,regulation-driven,0.5937317278412154,31
ENSG00000158985,CDC42SE2,gene-driven,0.4381770016369668,31
ENSG00000159164,SV2A,gene-driven,0.7067352262478546,31
ENSG00000159167,STC1,neutral,0.8065167927969682,31
ENSG00000159173,TNNI1,neutral,0.6023234509416413,31
ENSG00000159176,CSRP1,neutral,0.9601629764507168,31
ENSG00000159189,C1QC,neutral,0.5941185542189334,31
ENSG00000159248,GJD2,neutral,0.8744367075577616,31
ENSG00000159251,ACTC1,regulation-driven,0.4396245229226944,31
ENSG00000159339,PADI4,neutral,0.4454972669781706,31
ENSG00000159346,ADIPOR1,neutral,0.3765119448638298,31
ENSG00000159374,M1AP,neutral,0.40913854334510935,31
ENSG00000159377,PSMB4,neutral,0.6625797311487596,31
ENSG00000159388,BTG2,gene-driven,0.532003808957614,31
ENSG00000159399,HK2,regulation-driven,0.800354402431353,31
ENSG00000159403,C1R,neutral,0.5336828959850767,31
ENSG00000159479,MED8,neutral,0.7943489641531851,31
ENSG00000159495,TGM7,neutral,0.6706334063712318,31
ENSG00000159527,PGLYRP3,gene-driven,0.7824783402439275,31
ENSG00000159596,TMEM69,neutral,0.7607909371399736,31
ENSG00000159650,UROC1,regulation-driven,0.45641307713000057,31
ENSG00000159674,SPON2,gene-driven (relaxed),0.5167086622970802,31
ENSG00000159692,CTBP1,gene-driven,0.837367933842448,31
ENSG00000159884,,neutral,0.4382377998375553,31
ENSG00000159921,,regulation-driven,0.5143282419184402,31
ENSG00000160049,,neutral,0.7515168395823272,31
ENSG00000160050,,gene-driven,0.315100087124226,31
ENSG00000160062,,neutral,0.7141783192876862,31
ENSG00000160097,,gene-driven,0.847103135736615,31
ENSG00000160293,,regulation-driven,0.3227453265425011,31
ENSG00000160323,,neutral,0.6580175741559913,31
ENSG00000160349,,gene-driven,0.6944753872991165,31
ENSG00000160360,,regulation-driven,0.3787776015401134,31
ENSG00000160404,,neutral,0.54608935880219,31
ENSG00000160539,,neutral,0.5969447037543183,31
ENSG00000160563,,gene-driven,0.6829430282978826,31
ENSG00000160606,,gene-driven,0.7539774007618226,31
ENSG00000160654,,neutral,0.7812778041180859,31
ENSG00000160679,,gene-driven,0.4981710070540205,31
ENSG00000160683,,neutral,0.7373574234650015,31
ENSG00000160685,,neutral,0.3260370197389587,31
ENSG00000160688,,neutral,0.5696322974415846,31
ENSG00000160714,,neutral,0.5144856778959256,31
ENSG00000160716,,neutral,0.5472429448282198,31
ENSG00000160741,,neutral,0.32490651116066394,31
ENSG00000160767,,gene-driven,0.7861587384596587,31
ENSG00000160781,,regulation-driven,0.5328775045627951,31
ENSG00000160785,,neutral,0.6722296789333213,31
ENSG00000160801,,regulation-driven,0.3301108689031407,31
ENSG00000160808,,gene-driven,0.6069679276282915,31
ENSG00000160813,,neutral,0.5153119121782397,31
ENSG00000160818,,gene-driven,0.5415279632486266,31
ENSG00000160838,,neutral,0.2783781326024306,31
ENSG00000160867,,regulation-driven,0.4991244327698825,31
ENSG00000160870,,regulation-driven,0.41049946437669593,31
ENSG00000160886,,gene-driven,0.5722337707516761,31
ENSG00000160908,,neutral,0.43237753927870304,31
ENSG00000160973,,neutral,0.3651157097731512,31
ENSG00000160993,,neutral,0.8861556075344884,31
ENSG00000161010,,neutral,0.4259648675852541,31
ENSG00000161021,,neutral,0.9278700272355143,31
ENSG00000161040,,gene-driven,0.5502197925367455,31
ENSG00000161055,,neutral,0.3520175323368142,31
ENSG00000161202,,gene-driven,0.5040030941714104,31
ENSG00000161203,,regulation-driven,0.44566098858646663,31
ENSG00000161204,,neutral,0.4163592569119561,31
ENSG00000161328,,neutral,0.4807290367652213,31
ENSG00000161638,,neutral,0.6766297317457064,31
ENSG00000161850,,gene-driven,0.5273600682185379,31
ENSG00000161911,,neutral,0.7369867438497079,31
ENSG00000161980,,neutral,0.660882499723356,31
ENSG00000162065,,gene-driven,0.4419644848389561,31
ENSG00000162068,,neutral,0.7572736544721117,31
ENSG00000162069,,gene-driven,0.379811457103133,31
ENSG00000162073,,neutral,0.5040592514697306,31
ENSG00000162086,,neutral,0.4288028908356861,31
ENSG00000162139,,neutral,0.4346001580479749,31
ENSG00000162148,,gene-driven,0.6353847640674662,31
ENSG00000162188,,neutral,0.5620610317148339,31
ENSG00000162231,,neutral,0.2688702257661849,31
ENSG00000162236,,gene-driven,0.660141669710103,31
ENSG00000162241,,gene-driven,0.7868267876728992,31
ENSG00000162267,,regulation-driven,0.48844252371202346,31
ENSG00000162341,,neutral,0.7849794316663543,31
ENSG00000162344,,neutral,0.5637900327124103,31
ENSG00000162365,,gene-driven,0.7349234296609644,31
ENSG00000162368,,neutral,0.5232613022492418,31
ENSG00000162377,,neutral,0.4914847530286548,31
ENSG00000162383,,regulation-driven,0.3838147912626021,31
ENSG00000162384,,neutral,0.6723802304668068,31
ENSG00000162391,,neutral,0.41817537800004323,31
ENSG00000162398,,neutral,0.6169825902695488,31
ENSG00000162399,,neutral,0.4836235070300713,31
ENSG00000162407,,neutral,0.41778293163220526,31
ENSG00000162409,,regulation-driven,0.5333645279255455,31
ENSG00000162415,,regulation-driven,0.5622093620267907,31
ENSG00000162419,,neutral,0.5654236399132935,31
ENSG00000162426,,neutral,0.5320687880016659,31
ENSG00000162437,,neutral,0.7721893620985965,31
ENSG00000162441,,gene-driven,0.6497081046294609,31
ENSG00000162456,,neutral,0.6518801416520013,31
ENSG00000162460,,neutral,0.7845013684608921,31
ENSG00000162461,,neutral,0.6605864668679797,31
ENSG00000162490,,neutral,0.7204426893105897,31
ENSG00000162494,,neutral,0.7157970930450861,31
ENSG00000162510,,neutral,0.7386592904750413,31
ENSG00000162511,,neutral,0.5377928854846046,31
ENSG00000162512,,neutral,0.4405297732625555,31
ENSG00000162517,,neutral,0.6392708682772321,31
ENSG00000162520,,gene-driven,0.6998840678653367,31
ENSG00000162522,,neutral,0.7203140635171172,31
ENSG00000162526,,gene-driven,0.5662420566780266,31
ENSG00000162542,,neutral,0.5926002484761432,31
ENSG00000162545,,neutral,0.6294903554286555,31
ENSG00000162592,,neutral,0.9493881007923456,31
ENSG00000162594,,regulation-driven,0.6037666362165197,31
ENSG00000162598,,neutral,0.6930792913890469,31
ENSG00000162599,,gene-driven,0.4686544620014427,31
ENSG00000162601,,neutral,0.5491672883332728,31
ENSG00000162616,,neutral,0.6340057259972715,31
ENSG00000162621,,neutral,0.6070482725429382,31
ENSG00000162624,,regulation-driven,0.6281341308021648,31
ENSG00000162630,,neutral,0.5887187597937209,31
ENSG00000162631,,gene-driven (relaxed),0.5946347617364969,31
ENSG00000162636,,neutral,0.3880655791032448,31
ENSG00000162639,,neutral,0.7281824533707278,31
ENSG00000162642,,neutral,0.6545136283512396,31
ENSG00000162650,,neutral,0.5907981119444232,31
ENSG00000162664,,gene-driven,0.6450687231946854,31
ENSG00000162670,,regulation-driven,0.5476108067680872,31
ENSG00000162676,,neutral,0.4742790953874726,31
ENSG00000162692,,neutral,0.39250941883134705,31
ENSG00000162704,,gene-driven,0.429667176099889,31
ENSG00000162711,,neutral,0.5765747188667548,31
ENSG00000162714,,gene-driven,0.5562543106438409,31
ENSG00000162722,,neutral,0.8550346296239146,31
ENSG00000162723,,neutral,0.8872488105381982,31
ENSG00000162728,,regulation-driven,0.6076434692939874,31
ENSG00000162734,,neutral,0.5201064595718103,31
ENSG00000162738,,neutral,0.679392729473179,31
ENSG00000162739,,neutral,0.8227189870155728,31
ENSG00000162745,,neutral,0.5096477725576756,31
ENSG00000162746,,gene-driven,0.7261480878295422,31
ENSG00000162755,,neutral,0.4413106072397188,31
ENSG00000162761,,neutral,0.7263673861636402,31
ENSG00000162763,,neutral,0.5483035046135052,31
ENSG00000162775,,neutral,0.6591870629483554,31
ENSG00000162777,,neutral,0.6418224571024825,31
ENSG00000162813,,gene-driven (relaxed),0.5520349740135486,31
ENSG00000162814,,regulation-driven,0.5702835828649204,31
ENSG00000162819,,neutral,0.8833928397971701,31
ENSG00000162836,,gene-driven,0.7367598194732703,31
ENSG00000162843,,regulation-driven,0.6789914168437847,31
ENSG00000162851,,neutral,0.5321974542931944,31
ENSG00000162873,,gene-driven,0.5941119123474032,31
ENSG00000162878,,neutral,0.7699516957069511,31
ENSG00000162885,,neutral,0.7524959786069245,31
ENSG00000162889,,neutral,0.9429430568617999,31
ENSG00000162891,,neutral,0.6492868613550186,31
ENSG00000162894,,neutral,0.9438326523145262,31
ENSG00000162896,,neutral,0.8708401969573423,31
ENSG00000162897,,neutral,0.49993437955395703,31
ENSG00000162909,,neutral,0.5062966389445755,31
ENSG00000162924,,gene-driven,0.4785933451182849,31
ENSG00000162928,,neutral,0.41836726154592707,31
ENSG00000162929,,neutral,0.5773191443580605,31
ENSG00000162931,,gene-driven,0.5358494227713397,31
ENSG00000162961,,neutral,0.30633035661524277,31
ENSG00000162971,,gene-driven,0.3735869825159095,31
ENSG00000162976,,gene-driven,0.43488769127177107,31
ENSG00000162981,,neutral,0.5903276261331527,31
ENSG00000162989,,regulation-driven,0.8641812055249376,31
ENSG00000162998,,neutral,0.436153201233337,31
ENSG00000162999,,neutral,0.5626288374914128,31
ENSG00000163013,,neutral,0.609226290162291,31
ENSG00000163026,,gene-driven,0.5213706699594323,31
ENSG00000163050,,regulation-driven,0.5537410517974563,31
ENSG00000163053,,neutral,0.7671224425021449,31
ENSG00000163071,,gene-driven,0.7186237100150257,31
ENSG00000163082,,neutral,0.728441611395525,31
ENSG00000163104,,neutral,0.6302172383399012,31
ENSG00000163106,,neutral,0.6386336336821956,31
ENSG00000163121,,neutral,0.4817041492410007,31
ENSG00000163125,,neutral,0.4894717302006505,31
ENSG00000163126,,neutral,0.6087055493548955,31
ENSG00000163131,,neutral,0.7144196036851973,31
ENSG00000163132,,neutral,0.35828685796851323,31
ENSG00000163155,,neutral,0.4792729373554293,31
ENSG00000163162,,neutral,0.445791094589039,31
ENSG00000163170,,neutral,0.6113187319785672,31
ENSG00000163217,,neutral,0.8403499919135916,31
ENSG00000163218,,neutral,0.6085982557267551,31
ENSG00000163220,,neutral,0.8877441680484521,31
ENSG00000163221,,neutral,0.45932556959003723,31
ENSG00000163239,,neutral,0.44751410256672564,31
ENSG00000163273,,neutral,0.41682703073944494,31
ENSG00000163291,,neutral,0.5176078918652692,31
ENSG00000163293,,neutral,0.9319115294085275,31
ENSG00000163295,,neutral,0.7339718196289073,31
ENSG00000163328,,regulation-driven,0.7982774799824852,31
ENSG00000163344,,neutral,0.7011918439118519,31
ENSG00000163347,,neutral,0.254075032670667,31
ENSG00000163348,,gene-driven,0.4302118317502621,31
ENSG00000163357,,neutral,0.929661487430908,31
ENSG00000163380,,neutral,0.6458569674767165,31
ENSG00000163382,,gene-driven,0.576386862712995,31
ENSG00000163389,,neutral,0.5908420320668589,31
ENSG00000163393,,neutral,0.4758938490466744,31
ENSG00000163394,,neutral,0.8166840288264777,31
ENSG00000163428,,neutral,0.8321630478105848,31
ENSG00000163431,,neutral,0.8765805235338665,31
ENSG00000163440,,gene-driven,0.5281609484450345,31
ENSG00000163444,,neutral,0.6158051582419611,31
ENSG00000163453,,gene-driven,0.5352542429838782,31
ENSG00000163463,,gene-driven,0.8357003528286964,31
ENSG00000163472,,neutral,0.5526398812611211,31
ENSG00000163481,,neutral,0.7434894178540278,31
ENSG00000163485,,neutral,0.46307174625627734,31
ENSG00000163492,,regulation-driven,0.7730981899779517,31
ENSG00000163497,,neutral,0.6848271413674523,31
ENSG00000163501,,neutral,0.8606893712597408,31
ENSG00000163507,,neutral,0.839676818593535,31
ENSG00000163508,,gene-driven,0.4992719069884889,31
ENSG00000163510,,neutral,0.3406397392057633,31
ENSG00000163513,,neutral,0.9051947395860094,31
ENSG00000163517,,gene-driven,0.7585758215449783,31
ENSG00000163518,,neutral,0.832051638730682,31
ENSG00000163527,,regulation-driven,0.3433992370549832,31
ENSG00000163528,,neutral,0.9575788880290697,31
ENSG00000163530,,neutral,0.5543030919306963,31
ENSG00000163536,,neutral,0.4135543608722213,31
ENSG00000163545,,neutral,0.9230580760741831,31
ENSG00000163558,,regulation-driven,0.5101854414470677,31
ENSG00000163565,,gene-driven,0.7175806132515333,31
ENSG00000163568,,neutral,0.7218159672942046,31
ENSG00000163577,,neutral,0.7262172098573108,31
ENSG00000163581,,neutral,0.6046590867689193,31
ENSG00000163584,,gene-driven (relaxed),0.8080279109961549,31
ENSG00000163586,,neutral,0.6809618569797278,31
ENSG00000163590,,neutral,0.44928567963262867,31
ENSG00000163599,,neutral,0.8578710268561789,31
ENSG00000163600,,neutral,0.5482432390312817,31
ENSG00000163606,,gene-driven,0.4413226136029741,31
ENSG00000163607,,neutral,0.39817441134572196,31
ENSG00000163623,,regulation-driven,0.5223329829896228,31
ENSG00000163626,,gene-driven,0.5471774853979655,31
ENSG00000163630,,neutral,0.7871376264748039,31
ENSG00000163633,,gene-driven,0.5929388744729835,31
ENSG00000163644,,neutral,0.7416051793637919,31
ENSG00000163659,,neutral,0.5527161527315214,31
ENSG00000163661,,neutral,0.7783058370543925,31
ENSG00000163666,,neutral,0.5548601109428584,31
ENSG00000163673,,regulation-driven,0.43942855494526845,31
ENSG00000163687,,neutral,0.6558904468027006,31
ENSG00000163704,,neutral,0.8855366123304343,31
ENSG00000163705,,gene-driven,0.5183351619855614,31
ENSG00000163719,,gene-driven,0.6216228621503923,31
ENSG00000163736,,neutral,0.9078694533299778,31
ENSG00000163738,,gene-driven,0.907257568005815,31
ENSG00000163743,,neutral,0.6778876130852011,31
ENSG00000163751,,neutral,0.6266139366313697,31
ENSG00000163781,,neutral,0.6671637306599365,31
ENSG00000163788,,regulation-driven,0.9531834341779721,31
ENSG00000163792,,neutral,0.7806188900070203,31
ENSG00000163798,,gene-driven,0.5339904065707388,31
ENSG00000163807,,neutral,0.9135569866443698,31
ENSG00000163812,,regulation-driven,0.7435399079618961,31
ENSG00000163814,,gene-driven,0.7861655743250712,31
ENSG00000163815,,neutral,0.6238445915588405,31
ENSG00000163817,,regulation-driven,0.5124398943124026,31
ENSG00000163818,,neutral,0.6437669982119765,31
ENSG00000163823,,neutral,0.8237787147728901,31
ENSG00000163825,,gene-driven,0.6307155655081715,31
ENSG00000163827,,neutral,0.49390602871847245,31
ENSG00000163832,,neutral,0.7292180617624471,31
ENSG00000163840,,neutral,0.6622468052211156,31
ENSG00000163875,,neutral,0.47129790958285056,31
ENSG00000163877,,neutral,0.5082665059596583,31
ENSG00000163879,,neutral,0.37595311357488315,31
ENSG00000163884,,neutral,0.7667767553093648,31
ENSG00000163885,,neutral,0.6272985268826642,31
ENSG00000163898,,gene-driven,0.18799411303499625,31
ENSG00000163902,,neutral,0.3917595768532929,31
ENSG00000163909,,neutral,0.5219211009679783,31
ENSG00000163914,,neutral,0.7733956982845753,31
ENSG00000163931,,regulation-driven,0.6728717147889289,31
ENSG00000163935,,neutral,0.39864714547630353,31
ENSG00000163938,,gene-driven,0.6824600867276558,31
ENSG00000163946,,neutral,0.6031914818670125,31
ENSG00000163947,,gene-driven,0.3446109207736514,31
ENSG00000163956,,neutral,0.7838357258898574,31
ENSG00000163958,,neutral,0.3633368580635147,31
ENSG00000163961,,neutral,0.2521751770645081,31
ENSG00000163964,,neutral,0.4522524830354454,31
ENSG00000163982,,neutral,0.7652551913620256,31
ENSG00000163993,,neutral,0.6404510364162129,31
ENSG00000164007,,neutral,0.4192656574066541,31
ENSG00000164008,,neutral,0.4505682194969476,31
ENSG00000164010,,gene-driven,0.44389241734772156,31
ENSG00000164022,,neutral,0.695122578523905,31
ENSG00000164032,,gene-driven,0.6578315749500951,31
ENSG00000164035,,gene-driven,0.38581262789987136,31
ENSG00000164038,,neutral,0.5867857256961494,31
ENSG00000164039,,neutral,0.3704061979627523,31
ENSG00000164040,,neutral,0.8893451787585016,31
ENSG00000164047,,gene-driven,0.547744468794515,31
ENSG00000164049,,neutral,0.5951895595986516,31
ENSG00000164050,,gene-driven,0.4009401488121763,31
ENSG00000164053,,neutral,0.4304839223229613,31
ENSG00000164061,,regulation-driven,0.3629017093846435,31
ENSG00000164070,,gene-driven,0.31400629180663964,31
ENSG00000164076,,neutral,0.352192980682448,31
ENSG00000164077,,gene-driven,0.7227115914957101,31
ENSG00000164082,,regulation-driven,0.44157252202055275,31
ENSG00000164086,,neutral,0.8170691061343485,31
ENSG00000164087,,neutral,0.4683630571980516,31
ENSG00000164088,,neutral,0.7268534454231059,31
ENSG00000164099,,neutral,0.5617772438364559,31
ENSG00000164100,,regulation-driven,0.8848626754908802,31
ENSG00000164105,,neutral,0.6742344187158145,31
ENSG00000164106,,neutral,0.895277522490915,31
ENSG00000164109,,neutral,0.6482561667042948,31
ENSG00000164116,,neutral,0.40496223657356856,31
ENSG00000164117,,gene-driven,0.6515973813478306,31
ENSG00000164123,,neutral,0.7474239427018978,31
ENSG00000164125,,dual-driven,0.6366428791797896,31
ENSG00000164136,,gene-driven,0.6831837935493843,31
ENSG00000164144,,neutral,0.4005647104821818,31
ENSG00000164161,,gene-driven,0.38210154298152843,31
ENSG00000164163,,neutral,0.35253330764818136,31
ENSG00000164167,,neutral,0.3524633866393907,31
ENSG00000164168,,neutral,0.32354819563483395,31
ENSG00000164169,,neutral,0.795414308117687,31
ENSG00000164172,,gene-driven,0.7138293437784013,31
ENSG00000164175,,neutral,0.6551284950218275,31
ENSG00000164176,,regulation-driven,0.4563205796430937,31
ENSG00000164187,,gene-driven,0.7383080082620687,31
ENSG00000164197,,gene-driven,0.7587883694813004,31
ENSG00000164209,,neutral,0.6150227361693724,31
ENSG00000164211,,neutral,0.5586665719626047,31
ENSG00000164219,,neutral,0.7686754923506127,31
ENSG00000164220,,gene-driven,0.683226822789399,31
ENSG00000164221,,neutral,0.7636418143044689,31
ENSG00000164236,,neutral,0.4519807021953287,31
ENSG00000164237,,neutral,0.5758571579608944,31
ENSG00000164241,,neutral,0.6790602335968552,31
ENSG00000164244,,neutral,0.7006956774264534,31
ENSG00000164258,,gene-driven,0.9115850047993934,31
ENSG00000164265,,gene-driven,0.8225198619059646,31
ENSG00000164270,,regulation-driven,0.7610207423777305,31
ENSG00000164291,,gene-driven,0.44294378020494607,31
ENSG00000164294,,gene-driven,0.32970104319089966,31
ENSG00000164304,,regulation-driven,0.6253154222285224,31
ENSG00000164325,,neutral,0.708921809372287,31
ENSG00000164326,,neutral,0.5108811608658934,31
ENSG00000164330,,regulation-driven,0.3928993290816353,31
ENSG00000164332,,neutral,0.7683335256670072,31
ENSG00000164344,,neutral,0.4341809493947464,31
ENSG00000164363,,neutral,0.37659977080883056,31
ENSG00000164399,,neutral,0.9507861026011594,31
ENSG00000164400,,neutral,0.4933223226541229,31
ENSG00000164402,,gene-driven,0.5918734140313056,31
ENSG00000164404,,neutral,0.7185174653030352,31
ENSG00000164405,,neutral,0.7880161415268221,31
ENSG00000164406,,neutral,0.572992467412097,31
ENSG00000164430,,gene-driven,0.7301690071909835,31
ENSG00000164434,,neutral,0.8964755895680501,31
ENSG00000164438,,neutral,0.609856859959313,31
ENSG00000164442,,neutral,0.792716436526393,31
ENSG00000164458,,regulation-driven,0.5797419609864969,31
ENSG00000164463,,neutral,0.3679523398563497,31
ENSG00000164466,,gene-driven,0.7300070159725445,31
ENSG00000164483,,neutral,0.6128042272970958,31
ENSG00000164484,,neutral,0.90860554144525,31
ENSG00000164485,,neutral,0.5353857572284131,31
ENSG00000164488,,neutral,0.4030201693249248,31
ENSG00000164500,,neutral,0.6335434305748238,31
ENSG00000164509,,gene-driven,0.5267237201348769,31
ENSG00000164512,,gene-driven,0.8071583298627942,31
ENSG00000164530,,neutral,0.8975122261488567,31
ENSG00000164532,,neutral,0.3351506354072802,31
ENSG00000164543,,neutral,0.454132704118437,31
ENSG00000164548,,neutral,0.7866561993326955,31
ENSG00000164576,,neutral,0.5110311056755399,31
ENSG00000164587,,neutral,0.6683824180222779,31
ENSG00000164588,,regulation-driven,0.4818575760611451,31
ENSG00000164591,,gene-driven,0.4381318451015874,31
ENSG00000164603,,gene-driven,0.5946845060662855,31
ENSG00000164615,,gene-driven,0.7479207549860711,31
ENSG00000164620,,neutral,0.6551808979504616,31
ENSG00000164626,,gene-driven,0.6393333479857263,31
ENSG00000164674,,neutral,0.45916273839538235,31
ENSG00000164675,,neutral,0.6533358603725791,31
ENSG00000164683,,gene-driven,0.5864548655424829,31
ENSG00000164684,,neutral,0.5698550942957257,31
ENSG00000164690,,gene-driven,0.4956453449474173,31
ENSG00000164691,,neutral,0.8930357440330575,31
ENSG00000164692,,regulation-driven,0.746377396391737,31
ENSG00000164695,,regulation-driven,0.7398026433553043,31
ENSG00000164708,,neutral,0.40089358445384016,31
ENSG00000164715,,neutral,0.9643630006633844,31
ENSG00000164742,,regulation-driven,0.6371626311739106,31
ENSG00000164746,,gene-driven,0.5368952202644086,31
ENSG00000164749,,regulation-driven,0.5907176264137832,31
ENSG00000164754,,gene-driven,0.8037424909439588,31
ENSG00000164756,,neutral,0.606255190400155,31
ENSG00000164758,,neutral,0.5811111706164431,31
ENSG00000164764,,neutral,0.6694711078423043,31
ENSG00000164776,,regulation-driven,0.8054427597331577,31
ENSG00000164794,,neutral,0.5709420618448753,31
ENSG00000164808,,gene-driven,0.34280328361233525,31
ENSG00000164815,,neutral,0.8634810310184935,31
ENSG00000164816,,neutral,0.5757923174586344,31
ENSG00000164823,,neutral,0.820068107707543,31
ENSG00000164825,,neutral,0.4547877913591559,31
ENSG00000164889,,neutral,0.8971217015960304,31
ENSG00000164896,,gene-driven,0.5633741395508647,31
ENSG00000164900,,neutral,0.352142871412476,31
ENSG00000164902,,neutral,0.5521678891318592,31
ENSG00000164919,,neutral,0.8415100563766449,31
ENSG00000164924,,gene-driven,0.5539381025149113,31
ENSG00000164930,,neutral,0.7150700511827501,31
ENSG00000164932,,gene-driven,0.4384346521402068,31
ENSG00000164933,,neutral,0.5805290681179002,31
ENSG00000164935,,neutral,0.6974313028655434,31
ENSG00000164938,,neutral,0.6525161832844442,31
ENSG00000164946,,regulation-driven,0.8520189713231471,31
ENSG00000164967,,neutral,0.34453218666797114,31
ENSG00000164972,,neutral,0.5045608484965567,31
ENSG00000164975,,neutral,0.7453896598185682,31
ENSG00000164976,,neutral,0.6426407108207067,31
ENSG00000164978,,neutral,0.4137129286893758,31
ENSG00000164985,,neutral,0.6115313581271669,31
ENSG00000165006,,neutral,0.6358177490620143,31
ENSG00000165025,,regulation-driven,0.40374275469441856,31
ENSG00000165030,,neutral,0.3162225409251256,31
ENSG00000165046,,neutral,0.5429410591435011,31
ENSG00000165066,,neutral,0.7596271928806948,31
ENSG00000165071,,dual-driven,0.7549383472212736,31
ENSG00000165072,,neutral,0.7811714538545774,31
ENSG00000165076,,neutral,0.7725575078686809,31
ENSG00000165078,,neutral,0.6662709403645657,31
ENSG00000165084,,regulation-driven,0.6371265034119775,31
ENSG00000165097,,neutral,0.46780568976575376,31
ENSG00000165105,,neutral,0.5306590615432948,31
ENSG00000165115,,neutral,0.606227255115046,31
ENSG00000165118,,neutral,0.635478433985877,31
ENSG00000165120,,gene-driven,0.5788741786421109,31
ENSG00000165152,,neutral,0.42247174818595734,31
ENSG00000165185,,regulation-driven,0.5457570873981623,31
ENSG00000165233,,gene-driven,0.42521121194839195,31
ENSG00000165244,,neutral,0.595284389792866,31
ENSG00000165272,,neutral,0.4102307443212212,31
ENSG00000165275,,neutral,0.37406732247563934,31
ENSG00000165283,,gene-driven,0.7077270535149272,31
ENSG00000165325,,neutral,0.3594179342100131,31
ENSG00000165379,,regulation-driven,0.7510415284506483,31
ENSG00000165383,,neutral,0.560186686014115,31
ENSG00000165392,,neutral,0.3181440133450346,31
ENSG00000165410,,gene-driven,0.40573236907309285,31
ENSG00000165416,,neutral,0.5048980413792481,31
ENSG00000165417,,neutral,0.6582901752839582,31
ENSG00000165434,,neutral,0.4825652463849621,31
ENSG00000165443,,regulation-driven,0.7096120876877978,31
ENSG00000165449,,neutral,0.6592823579497222,31
ENSG00000165457,,neutral,0.5792811457650087,31
ENSG00000165458,,gene-driven,0.790541101268429,31
ENSG00000165471,,gene-driven,0.6685863290875653,31
ENSG00000165474,,neutral,0.5403318919415391,31
ENSG00000165476,,gene-driven,0.6731500915557539,31
ENSG00000165478,,regulation-driven,0.8898239259960968,31
ENSG00000165480,,neutral,0.4024392325862157,31
ENSG00000165494,,neutral,0.37835962585066796,31
ENSG00000165495,,regulation-driven,0.862422808584412,31
ENSG00000165501,,gene-driven,0.5800008312943002,31
ENSG00000165512,,neutral,0.3937239494550796,31
ENSG00000165516,,neutral,0.28539966445276155,31
ENSG00000165525,,gene-driven,0.4714135954928671,31
ENSG00000165526,,gene-driven,0.5186741540258469,31
ENSG00000165527,,gene-driven,0.4092029047864526,31
ENSG00000165556,,regulation-driven,0.43024094055000484,31
ENSG00000165566,,neutral,0.4977970781152542,31
ENSG00000165588,,regulation-driven,0.3865761646661937,31
ENSG00000165606,,neutral,0.5548271998639711,31
ENSG00000165609,,neutral,0.8117689882889204,31
ENSG00000165623,,neutral,0.621515366856042,31
ENSG00000165629,,neutral,0.4716805128924294,31
ENSG00000165630,,gene-driven,0.32870735334647894,31
ENSG00000165632,,gene-driven,0.48961939695566703,31
ENSG00000165633,,neutral,0.44156558788697997,31
ENSG00000165637,,neutral,0.7254627808648587,31
ENSG00000165646,,neutral,0.3676586894476884,31
ENSG00000165650,,regulation-driven,0.6771610623362307,31
ENSG00000165660,,neutral,0.5534480713504075,31
ENSG00000165669,,gene-driven,0.5930052932646459,31
ENSG00000165672,,neutral,0.3658548799044917,31
ENSG00000165678,,neutral,0.9183064745178626,31
ENSG00000165682,,neutral,0.5020238941839226,31
ENSG00000165685,,neutral,0.23450538064894355,31
ENSG00000165688,,neutral,0.5795872135103806,31
ENSG00000165695,,neutral,0.5157220769290655,31
ENSG00000165698,,gene-driven,0.4473806043252212,31
ENSG00000165702,,neutral,0.622683703863101,31
ENSG00000165714,,neutral,0.3562118914370478,31
ENSG00000165716,,neutral,0.5945777111030414,31
ENSG00000165730,,neutral,0.7105828996859089,31
ENSG00000165757,,neutral,0.8875179280603858,31
ENSG00000165782,,gene-driven,0.552979704337929,31
ENSG00000165792,,neutral,0.787684064263548,31
ENSG00000165794,,neutral,0.6979637866691153,31
ENSG00000165816,,neutral,0.44807473639979956,31
ENSG00000165828,,neutral,0.5753412776949475,31
ENSG00000165832,,regulation-driven,0.4188081806325843,31
ENSG00000165861,,neutral,0.7945364135152357,31
ENSG00000165886,,neutral,0.7158749006468041,31
ENSG00000165887,,neutral,0.899558613780594,31
ENSG00000165891,,regulation-driven,0.6348842144735893,31
ENSG00000165929,,neutral,0.5979754568765743,31
ENSG00000165953,,neutral,0.571461098504157,31
ENSG00000165966,,regulation-driven,0.7281929714264194,31
ENSG00000165970,,neutral,0.6548268073017857,31
ENSG00000165973,,regulation-driven,0.6935182974739313,31
ENSG00000165983,,neutral,0.6883527783325518,31
ENSG00000165997,,neutral,0.6379235153357661,31
ENSG00000166002,,neutral,0.4684695154203682,31
ENSG00000166006,,regulation-driven,0.9067751313378483,31
ENSG00000166012,,neutral,0.0,31
ENSG00000166016,,neutral,0.4757164345353514,31
ENSG00000166024,,neutral,0.5899060364629893,31
ENSG00000166033,,gene-driven,0.5720918118066184,31
ENSG00000166035,,neutral,0.593305242058324,31
ENSG00000166069,,neutral,0.4045924033937043,31
ENSG00000166073,,regulation-driven,0.5774029864024086,31
ENSG00000166086,,gene-driven,0.8690431586222368,31
ENSG00000166090,,neutral,0.6428496828841401,31
ENSG00000166091,,gene-driven,0.9118085436915339,31
ENSG00000166106,,neutral,0.5723663670029894,31
ENSG00000166118,,neutral,0.653089630717228,31
ENSG00000166130,,neutral,0.41561897573068773,31
ENSG00000166133,,neutral,0.26020640767286873,31
ENSG00000166135,,neutral,0.5837924175133123,31
ENSG00000166136,,gene-driven,0.3844399558591498,31
ENSG00000166148,,neutral,0.8353093649053839,31
ENSG00000166170,,gene-driven,0.541681345983418,31
ENSG00000166171,,neutral,0.4197567284222534,31
ENSG00000166199,,neutral,0.5054472904228533,31
ENSG00000166224,,neutral,0.39687292562901066,31
ENSG00000166226,,regulation-driven,0.48423066945547266,31
ENSG00000166228,,neutral,0.42635109019896444,31
ENSG00000166272,,gene-driven,0.5261347064927668,31
ENSG00000166275,,neutral,0.6159520958370597,31
ENSG00000166295,,neutral,0.45947862775167725,31
ENSG00000166313,,neutral,0.7927934736243439,31
ENSG00000166317,,neutral,0.472365379995315,31
ENSG00000166321,,neutral,0.5623843144275882,31
ENSG00000166326,,neutral,0.9226617189949445,31
ENSG00000166333,,gene-driven,0.31672390372822934,31
ENSG00000166343,,gene-driven (relaxed),0.5624297684797614,31
ENSG00000166349,,neutral,0.9623772799996578,31
ENSG00000166391,,neutral,0.527476996344827,31
ENSG00000166394,,neutral,0.6907117334232287,31
ENSG00000166402,,regulation-driven,0.423501800885259,31
ENSG00000166407,,neutral,0.9600011049429348,31
ENSG00000166415,,gene-driven,0.692586665107023,31
ENSG00000166435,,neutral,0.6715369947940297,31
ENSG00000166471,,neutral,0.6989715739142799,31
ENSG00000166477,,neutral,0.6278917584915344,31
ENSG00000166482,,neutral,0.8805072868412275,31
ENSG00000166483,,neutral,0.5831717675555284,31
ENSG00000166484,,gene-driven (relaxed),0.7763439771316477,31
ENSG00000166507,,gene-driven,0.7958462414279979,31
ENSG00000166508,,neutral,0.7875572575351707,31
ENSG00000166527,,neutral,0.4465681404246704,31
ENSG00000166578,,neutral,0.39879555730682714,31
ENSG00000166689,,neutral,0.9261915006424188,31
ENSG00000166710,,gene-driven,0.387491284591731,31
ENSG00000166734,,neutral,0.6587374926695687,31
ENSG00000166736,,regulation-driven,0.6484191773088739,31
ENSG00000166741,,gene-driven,0.7746432020993124,31
ENSG00000166750,,neutral,0.629251638104384,31
ENSG00000166793,,neutral,0.41156343792687533,31
ENSG00000166794,,gene-driven,0.8119834794647339,31
ENSG00000166796,,neutral,0.630691451736549,31
ENSG00000166797,,neutral,0.7040460051956966,31
ENSG00000166800,,neutral,0.7688335897961391,31
ENSG00000166819,,neutral,0.4874999525814715,31
ENSG00000166821,,neutral,0.6056768993654443,31
ENSG00000166825,,neutral,0.5248889917080384,31
ENSG00000166831,,neutral,0.6429496738125857,31
ENSG00000166839,,neutral,0.6104624549647389,31
ENSG00000166860,,neutral,0.5712741863024486,31
ENSG00000166866,,gene-driven,0.4683402604393653,31
ENSG00000166881,,gene-driven,0.925172681987556,31
ENSG00000166886,,gene-driven,0.3185632024763939,31
ENSG00000166887,,neutral,0.5643679592952959,31
ENSG00000166900,,neutral,0.3605574632742906,31
ENSG00000166920,,neutral,0.542865824328169,31
ENSG00000166924,,neutral,0.6900540887029649,31
ENSG00000166946,,neutral,0.8045371276929174,31
ENSG00000166961,,neutral,0.5804139776187606,31
ENSG00000166963,,neutral,0.3214477184631491,31
ENSG00000167034,,neutral,0.5676363091809433,31
ENSG00000167094,,neutral,0.9491216010588861,31
ENSG00000167103,,neutral,0.957608738304184,31
ENSG00000167106,,neutral,0.7218807442083495,31
ENSG00000167112,,neutral,0.5988277064945545,31
ENSG00000167113,,neutral,0.5861490191690469,31
ENSG00000167114,,neutral,0.845110599869638,31
ENSG00000167139,,neutral,0.8815866826069999,31
ENSG00000167157,,neutral,0.407643601422475,31
ENSG00000167244,,neutral,0.16776376318193342,31
ENSG00000167272,,neutral,0.3981650663216523,31
ENSG00000167286,,neutral,0.6416833941708071,31
ENSG00000167525,,neutral,0.6362226264584084,31
ENSG00000167531,,gene-driven,0.3541498815520008,31
ENSG00000167580,,gene-driven,0.4785265022679067,31
ENSG00000167588,,gene-driven,0.4444210445767669,31
ENSG00000167612,,gene-driven,0.7192867824826171,31
ENSG00000167632,,gene-driven,0.8234414634945849,31
ENSG00000167653,,gene-driven,0.35598491109810815,31
ENSG00000167656,,neutral,0.48471513471150707,31
ENSG00000167702,,neutral,0.5282742451969442,31
ENSG00000167767,,gene-driven,0.886125473252984,31
ENSG00000167768,,gene-driven,0.894991549615937,31
ENSG00000167771,,neutral,0.9255363559025248,31
ENSG00000167779,,gene-driven,0.9493803755890071,31
ENSG00000167780,,gene-driven,0.5858349378942639,31
ENSG00000167791,,neutral,0.4482745734801472,31
ENSG00000167797,,neutral,0.9467910363888186,31
ENSG00000167800,,neutral,0.5461967382243993,31
ENSG00000167910,,neutral,0.6834432695218571,31
ENSG00000167962,,gene-driven,0.7033043074671081,31
ENSG00000167965,,gene-driven,0.4239393440050271,31
ENSG00000167967,,gene-driven,0.7338306528960055,31
ENSG00000167968,,gene-driven,0.5223854805510488,31
ENSG00000167972,,regulation-driven,0.4550272074913573,31
ENSG00000167977,,neutral,0.6131334710108329,31
ENSG00000167981,,neutral,0.511760970700651,31
ENSG00000167985,,neutral,0.45830378522528925,31
ENSG00000167987,,neutral,0.6629921889695176,31
ENSG00000167992,,neutral,0.6526526865655422,31
ENSG00000167994,,neutral,0.5091393380064404,31
ENSG00000167995,,regulation-driven,0.4990130501455946,31
ENSG00000168056,,neutral,0.7686612366667195,31
ENSG00000168062,,neutral,0.9266058844017956,31
ENSG00000168071,,neutral,0.7324342993104601,31
ENSG00000168077,,neutral,0.9094548837752594,31
ENSG00000168079,,neutral,0.5704679992048567,31
ENSG00000168092,,gene-driven,0.6482710674157077,31
ENSG00000168118,,gene-driven,0.9046773048049714,31
ENSG00000168143,,regulation-driven,0.6111241393497036,31
ENSG00000168152,,neutral,0.5262803688610589,31
ENSG00000168172,,regulation-driven,0.5029188792810354,31
ENSG00000168175,,neutral,0.7649503449455808,31
ENSG00000168209,,neutral,0.6732000202475312,31
ENSG00000168237,,neutral,0.9286599070156892,31
ENSG00000168243,,neutral,0.6470101430331368,31
ENSG00000168246,,neutral,0.573489558141685,31
ENSG00000168263,,neutral,0.6447723883601184,31
ENSG00000168268,,gene-driven,0.9156122804508899,31
ENSG00000168269,,gene-driven,0.44640523888836403,31
ENSG00000168273,,neutral,0.7647362340748513,31
ENSG00000168275,,neutral,0.5149188805065681,31
ENSG00000168288,,neutral,0.3392020859684167,31
ENSG00000168291,,gene-driven,0.5571093386365396,31
ENSG00000168298,,neutral,0.2719242618701452,31
ENSG00000168301,,neutral,0.5535943033525799,31
ENSG00000168303,,neutral,0.6934477079989381,31
ENSG00000168306,,neutral,0.6580616023033596,31
ENSG00000168333,,neutral,0.6704136736275986,31
ENSG00000168348,,neutral,0.62196803534617,31
ENSG00000168350,,neutral,0.5781346777894233,31
ENSG00000168386,,neutral,0.7876188070315906,31
ENSG00000168394,,gene-driven,0.3960694726094489,31
ENSG00000168395,,gene-driven,0.34265731401986677,31
ENSG00000168398,,gene-driven,0.6886764559531917,31
ENSG00000168412,,neutral,0.7858209123421893,31
ENSG00000168427,,neutral,0.45480860918302957,31
ENSG00000168438,,regulation-driven,0.5046495722408714,31
ENSG00000168439,,dual-driven,0.8125661957660046,31
ENSG00000168490,,regulation-driven,0.6406812802604365,31
ENSG00000168497,,neutral,0.5553369983881926,31
ENSG00000168530,,regulation-driven,0.33426626360308676,31
ENSG00000168538,,regulation-driven,0.6283095829838745,31
ENSG00000168542,,regulation-driven,0.4965827343070335,31
ENSG00000168556,,neutral,0.5482034531451079,31
ENSG00000168564,,neutral,0.5304605424302395,31
ENSG00000168566,,neutral,0.45128913260973813,31
ENSG00000168594,,neutral,0.7325945143920987,31
ENSG00000168615,,regulation-driven,0.8231058307194342,31
ENSG00000168621,,gene-driven,0.9668645373970176,31
ENSG00000168672,,neutral,0.5146656159043586,31
ENSG00000168679,,gene-driven,0.6126840893150544,31
ENSG00000168685,,gene-driven,0.49157443501647446,31
ENSG00000168702,,regulation-driven,0.9536381803989158,31
ENSG00000168710,,regulation-driven,0.4662857705344333,31
ENSG00000168754,,neutral,0.9165142623614364,31
ENSG00000168758,,neutral,0.46525641558499486,31
ENSG00000168772,,gene-driven,0.5501364235668216,31
ENSG00000168778,,neutral,0.8623953452129247,31
ENSG00000168792,,gene-driven,0.6897922921682988,31
ENSG00000168795,,neutral,0.4550166535340713,31
ENSG00000168811,,gene-driven,0.5986464182532574,31
ENSG00000168824,,neutral,0.5182864970253385,31
ENSG00000168826,,neutral,0.3874895426599385,31
ENSG00000168843,,regulation-driven,0.4925171243905845,31
ENSG00000168890,,gene-driven,0.5746070434694466,31
ENSG00000168894,,gene-driven,0.6907880979181161,31
ENSG00000168899,,neutral,0.8761456445242939,31
ENSG00000168906,,neutral,0.7929644934870586,31
ENSG00000168907,,gene-driven,0.6656286992587928,31
ENSG00000168917,,neutral,0.6256245331561788,31
ENSG00000168924,,neutral,0.8146520383925121,31
ENSG00000168938,,neutral,0.831255566237065,31
ENSG00000168952,,neutral,0.692669267935715,31
ENSG00000168961,,gene-driven,0.82989855459587,31
ENSG00000168993,,gene-driven,0.6511486980867047,31
ENSG00000169006,,neutral,0.5721761117167006,31
ENSG00000169016,,neutral,0.5313482070202868,31
ENSG00000169019,,gene-driven,0.6381531667446616,31
ENSG00000169020,,neutral,0.6440261845678248,31
ENSG00000169026,,neutral,0.7572548118451599,31
ENSG00000169031,,regulation-driven,0.523445156255763,31
ENSG00000169032,,gene-driven,0.7227083060347625,31
ENSG00000169062,,neutral,0.6616572911948683,31
ENSG00000169087,,neutral,0.0,31
ENSG00000169116,,neutral,0.6122952095333978,31
ENSG00000169129,,neutral,0.5558655205410419,31
ENSG00000169139,,gene-driven,0.9193483570107059,31
ENSG00000169174,,neutral,0.3036649237491541,31
ENSG00000169194,,neutral,0.958330787629458,31
ENSG00000169213,,neutral,0.8527439049648393,31
ENSG00000169231,,neutral,0.6242582626424041,31
ENSG00000169241,,neutral,0.6224900329517988,31
ENSG00000169242,,neutral,0.8884135166897058,31
ENSG00000169245,,neutral,0.8646187205008128,31
ENSG00000169247,,regulation-driven,0.9317571287641547,31
ENSG00000169248,,gene-driven,0.6370122284736591,31
ENSG00000169251,,regulation-driven,0.5878704375606902,31
ENSG00000169271,,neutral,0.5256176162001059,31
ENSG00000169282,,gene-driven,0.504088569892519,31
ENSG00000169299,,neutral,0.5372005449561301,31
ENSG00000169302,,gene-driven,0.6387728540413026,31
ENSG00000169375,,neutral,0.7059213735427163,31
ENSG00000169379,,regulation-driven,0.8813329156261286,31
ENSG00000169410,,neutral,0.7628893062390627,31
ENSG00000169427,,regulation-driven,0.9045056562126368,31
ENSG00000169429,,gene-driven,0.7698249705915955,31
ENSG00000169435,,neutral,0.7743030896004325,31
ENSG00000169495,,neutral,0.5546368557209761,31
ENSG00000169499,,neutral,0.6359803651286643,31
ENSG00000169504,,neutral,0.6216468965425591,31
ENSG00000169519,,neutral,0.8603573083657775,31
ENSG00000169550,,neutral,0.7184391738272067,31
ENSG00000169564,,neutral,0.7058459121324523,31
ENSG00000169567,,neutral,0.4461302016260865,31
ENSG00000169570,,neutral,0.9468723164827599,31
ENSG00000169583,,neutral,0.5095307406715438,31
ENSG00000169605,,neutral,0.9158585277207636,31
ENSG00000169607,,gene-driven,0.3852059861811975,31
ENSG00000169621,,neutral,0.9075811176399066,31
ENSG00000169692,,neutral,0.3386507035839843,31
ENSG00000169744,,regulation-driven,0.7713476238784395,31
ENSG00000169758,,neutral,0.6743034763686104,31
ENSG00000169762,,gene-driven,0.0,31
ENSG00000169814,,gene-driven,0.5802193321226512,31
ENSG00000169826,,neutral,0.6401701188528045,31
ENSG00000169836,,neutral,0.8186177401554908,31
ENSG00000169840,,neutral,0.0,31
ENSG00000169855,,gene-driven (relaxed),0.7539909796928472,31
ENSG00000169884,,neutral,0.6965052758965864,31
ENSG00000169885,,neutral,0.6710161148990559,31
ENSG00000169903,,neutral,0.2727138680999467,31
ENSG00000169908,,neutral,0.4983389487679992,31
ENSG00000169914,,neutral,0.5721332027055073,31
ENSG00000169918,,regulation-driven,0.5753443464724499,31
ENSG00000169919,,neutral,0.6340218604670389,31
ENSG00000169926,,neutral,0.6644528909941174,31
ENSG00000169967,,neutral,0.43530530238044207,31
ENSG00000170044,,neutral,0.5045625650924521,31
ENSG00000170075,,gene-driven,0.5021517961342021,31
ENSG00000170142,,neutral,0.6577874090813799,31
ENSG00000170145,,regulation-driven,0.0,31
ENSG00000170162,,neutral,0.5712052361260793,31
ENSG00000170166,,neutral,0.3998952295508196,31
ENSG00000170178,,neutral,0.9311847529238839,31
ENSG00000170185,,gene-driven,0.7826237239106767,31
ENSG00000170214,,neutral,0.8444013695530204,31
ENSG00000170231,,neutral,0.40954803475629986,31
ENSG00000170289,,gene-driven,0.7524903176982368,31
ENSG00000170293,,neutral,0.4013124527356572,31
ENSG00000170325,,regulation-driven,0.6167907991530349,31
ENSG00000170340,,neutral,0.7698869703427339,31
ENSG00000170348,,neutral,0.7277909536176794,31
ENSG00000170370,,neutral,0.8148189991484717,31
ENSG00000170374,,neutral,0.798824914061256,31
ENSG00000170379,,neutral,0.6668102278898125,31
ENSG00000170381,,neutral,0.389138267356571,31
ENSG00000170385,,neutral,0.6169875490320229,31
ENSG00000170390,,neutral,0.49205269190062306,31
ENSG00000170396,,regulation-driven,0.8707554608100049,31
ENSG00000170417,,neutral,0.5432662891459613,31
ENSG00000170419,,neutral,0.8207921205549217,31
ENSG00000170430,,neutral,0.7528647982614215,31
ENSG00000170439,,neutral,0.5260811244516805,31
ENSG00000170448,,neutral,0.7813459344039068,31
ENSG00000170454,,regulation-driven,0.4803633092615356,31
ENSG00000170458,,gene-driven,0.41729127994510906,31
ENSG00000170464,,neutral,0.8670296805897705,31
ENSG00000170482,,neutral,0.8358382161334381,31
ENSG00000170484,,gene-driven,0.5133450402755163,31
ENSG00000170498,,neutral,0.515591589707594,31
ENSG00000170500,,neutral,0.40577975312500625,31
ENSG00000170509,,neutral,0.4651492672336148,31
ENSG00000170542,,neutral,0.543800049440816,31
ENSG00000170545,,gene-driven,0.7634471508443721,31
ENSG00000170577,,neutral,0.6010146844140657,31
ENSG00000170581,,gene-driven,0.5461153808700532,31
ENSG00000170584,,neutral,0.8149465109940344,31
ENSG00000170606,,neutral,0.8355816397093663,31
ENSG00000170613,,neutral,0.694342714457902,31
ENSG00000170615,,regulation-driven,0.6878286775991387,31
ENSG00000170624,,neutral,0.7767836695977886,31
ENSG00000170627,,gene-driven,0.5421711439822658,31
ENSG00000170633,,neutral,0.6725703244855736,31
ENSG00000170743,,dual-driven,0.5100242557014449,31
ENSG00000170759,,neutral,0.6544007179596079,31
ENSG00000170775,,neutral,0.5828883849173726,31
ENSG00000170786,,neutral,0.7413045476707067,31
ENSG00000170801,,neutral,0.5071031473828798,31
ENSG00000170807,,neutral,0.7638094586467542,31
ENSG00000170819,,neutral,0.7542554385733912,31
ENSG00000170860,,neutral,0.8198322502439928,31
ENSG00000170873,,gene-driven,0.46125342702183025,31
ENSG00000170876,,gene-driven,0.406371382526699,31
ENSG00000170881,,neutral,0.6100128561588098,31
ENSG00000170890,,neutral,0.6397680780773435,31
ENSG00000170891,,gene-driven,0.5563791504389475,31
ENSG00000170893,,neutral,0.5404380918459476,31
ENSG00000170899,,neutral,0.511376510461039,31
ENSG00000170903,,gene-driven,0.5744389313825722,31
ENSG00000170915,,neutral,0.44266344191120044,31
ENSG00000170950,,neutral,0.8919966152367897,31
ENSG00000170955,,neutral,0.7866751761024611,31
ENSG00000170961,,neutral,0.8375345109025045,31
ENSG00000171016,,neutral,0.7717065944125665,31
ENSG00000171053,,neutral,0.910591726343759,31
ENSG00000171097,,neutral,0.5198772443585867,31
ENSG00000171115,,neutral,0.8634324152560849,31
ENSG00000171121,,neutral,0.9341642531893677,31
ENSG00000171126,,gene-driven,0.818590881070763,31
ENSG00000171130,,gene-driven,0.5354516451416679,31
ENSG00000171135,,neutral,0.9342903347181246,31
ENSG00000171160,,neutral,0.3822814816634922,31
ENSG00000171169,,neutral,0.540446889448527,31
ENSG00000171202,,gene-driven,0.6628857126547132,31
ENSG00000171209,,gene-driven,0.5593289001809113,31
ENSG00000171217,,neutral,0.7168046696220842,31
ENSG00000171243,SOSTDC1,neutral,0.6670401621020954,31
ENSG00000171303,KCNK3,neutral,0.23319538447639454,31
ENSG00000171357,LURAP1,neutral,0.803536833124079,31
ENSG00000171385,KCND3,regulation-driven,0.707763260929537,31
ENSG00000171435,KSR2,regulation-driven,0.5442253371824891,31
ENSG00000171448,ZBTB26,neutral,0.599601980726373,31
ENSG00000171476,HOPX,gene-driven,0.945673035472029,31
ENSG00000171488,LRRC8C,neutral,0.8263936344634681,31
ENSG00000171495,MROH2B,gene-driven,0.5604473997919998,31
ENSG00000171502,COL24A1,neutral,0.49442011142919184,31
ENSG00000171503,ETFDH,neutral,0.8514065736291633,31
ENSG00000171517,LPAR3,neutral,0.6658861176475694,31
ENSG00000171522,PTGER4,neutral,0.5289599841315609,31
ENSG00000171530,TBCA,gene-driven,0.7660143567150521,31
ENSG00000171533,MAP6,neutral,0.9280846219294013,31
ENSG00000171540,OTP,neutral,0.81828754737713,31
ENSG00000171551,ECEL1,neutral,0.31406139060952165,31
ENSG00000171557,FGG,neutral,0.9182759687176295,31
ENSG00000171564,FGB,neutral,0.4091353779523529,31
ENSG00000171566,PLRG1,gene-driven,0.4536762722901472,31
ENSG00000171596,NMUR1,neutral,0.5261142424037788,31
ENSG00000171604,CXXC5,gene-driven,0.427262931343821,31
ENSG00000171621,SPSB1,neutral,0.7355434992308116,31
ENSG00000171714,ANO5,gene-driven,0.44893838969475863,31
ENSG00000171723,GPHN,gene-driven,0.4919798117217882,31
ENSG00000171757,LRRC34,neutral,0.6289322033334196,31
ENSG00000171759,PAH,regulation-driven,0.4747850047395481,31
ENSG00000171766,GATM,regulation-driven,0.6256804276511919,31
ENSG00000171812,COL8A2,neutral,0.37426596953948565,31
ENSG00000171819,ANGPTL7,neutral,0.4875243060451151,31
ENSG00000171823,FBXL14,neutral,0.4941782756105385,31
ENSG00000171824,EXOSC10,neutral,0.5381241577870989,31
ENSG00000171843,MLLT3,neutral,0.41329905393535626,31
ENSG00000171865,RNASEH1,neutral,0.5090578129884398,31
ENSG00000171872,KLF17,neutral,0.7496111015102833,31
ENSG00000171931,FBXW10,neutral,0.9492035978025117,31
ENSG00000171956,FOXB1,neutral,0.5945209836696362,31
ENSG00000171992,SYNPO,neutral,0.8205394324517601,31
ENSG00000172005,MAL,neutral,0.3826197491208363,31
ENSG00000172007,RAB33B,gene-driven,0.4621755110908744,31
ENSG00000172020,GAP43,regulation-driven,0.8665502524665014,31
ENSG00000172023,REG1B,neutral,0.5995898411257937,31
ENSG00000172062,SMN1,neutral,0.5016723394697122,31
ENSG00000172073,SPMIP9,neutral,0.41550791874622806,31
ENSG00000172113,NME6,neutral,0.5576145305890281,31
ENSG00000172115,CYCS,gene-driven,0.5718418420128315,31
ENSG00000172159,FRMD3,neutral,0.5371561680849832,31
ENSG00000172171,TEFM,gene-driven,0.5827293087326455,31
ENSG00000172179,PRL,neutral,0.7428222437228926,31
ENSG00000172197,MBOAT1,neutral,0.9042027033299989,31
ENSG00000172209,GPR22,neutral,0.6628009097203181,31
ENSG00000172243,CLEC7A,neutral,0.7861223025273173,31
ENSG00000172260,NEGR1,neutral,0.5489055134695144,31
ENSG00000172262,ZNF131,gene-driven,0.5596532664405882,31
ENSG00000172273,HINFP,neutral,0.0,31
ENSG00000172292,CERS6,regulation-driven,0.9590376598216829,31
ENSG00000172322,CLEC12A,neutral,0.9299998489468954,31
ENSG00000172331,BPGM,neutral,0.9235110779805374,31
ENSG00000172348,RCAN2,neutral,0.7130261896260655,31
ENSG00000172350,ABCG4,regulation-driven,0.0,31
ENSG00000172367,NHERF4,neutral,0.5333631595640698,31
ENSG00000172399,MYOZ2,neutral,0.6012142704744576,31
ENSG00000172425,TTC36,neutral,0.5017672509297528,31
ENSG00000172426,RSPH9,neutral,0.7574242416001428,31
ENSG00000172432,GTPBP2,gene-driven,0.5152407605500352,31
ENSG00000172456,FGGY,neutral,0.9539481413035875,31
ENSG00000172461,FUT9,neutral,0.9639096375941975,31
ENSG00000172469,MANEA,neutral,0.4741292728605415,31
ENSG00000172482,AGXT,regulation-driven,0.9606733010964413,31
ENSG00000172497,ACOT12,neutral,0.36622399247320636,31
ENSG00000172508,CARNS1,neutral,0.8370805584691615,31
ENSG00000172531,PPP1CA,neutral,0.54711667650704,31
ENSG00000172543,CTSW,neutral,0.7280487297462575,31
ENSG00000172548,NIPAL4,neutral,0.6656452400102165,31
ENSG00000172554,SNTG2,neutral,0.6361186046274199,31
ENSG00000172572,PDE3A,neutral,0.6522370523869707,31
ENSG00000172586,CHCHD1,neutral,0.611736056129519,31
ENSG00000172594,SMPDL3A,neutral,0.6178291944878307,31
ENSG00000172602,RND1,gene-driven,0.5429040237688582,31
ENSG00000172663,TMEM134,gene-driven,0.6337297094959637,31
ENSG00000172671,ZFAND4,neutral,0.7117862412538088,31
ENSG00000172689,MS4A10,neutral,0.7557886203641798,31
ENSG00000172731,LRRC20,neutral,0.4240509960171498,31
ENSG00000172733,PURG,gene-driven,0.3143024421816851,31
ENSG00000172766,NAA16,neutral,0.9028732669928571,31
ENSG00000172789,HOXC5,neutral,0.6586244608477685,31
ENSG00000172795,DCP2,neutral,0.6330848128698996,31
ENSG00000172803,SNX32,neutral,0.6181549883938791,31
ENSG00000172817,CYP7B1,neutral,0.8576316733399075,31
ENSG00000172818,OVOL1,neutral,0.6513656983455705,31
ENSG00000172867,KRT2,gene-driven,0.596775181637395,31
ENSG00000172878,METAP1D,neutral,0.49149508422397925,31
ENSG00000172901,LVRN,neutral,0.7708056082575387,31
ENSG00000172932,ANKRD13D,neutral,0.6583885354957956,31
ENSG00000172985,SH3RF3,neutral,0.35575026953128,31
ENSG00000172987,HPSE2,regulation-driven,0.3270599408249688,31
ENSG00000173011,TADA2B,neutral,0.4898130799737629,31
ENSG00000173020,GRK2,neutral,0.6384941396541312,31
ENSG00000173040,EVC2,gene-driven,0.36561123593791023,31
ENSG00000173083,HPSE,neutral,0.4967870057886522,31
ENSG00000173085,COQ2,gene-driven,0.5278261299996463,31
ENSG00000173093,CCDC63,neutral,0.9618641380227704,31
ENSG00000173113,TRMT112,neutral,0.611645655904278,31
ENSG00000173137,ADCK5,gene-driven,0.5308109250239106,31
ENSG00000173145,NOC3L,neutral,0.4663881826264661,31
ENSG00000173153,ESRRA,gene-driven,0.6275268033800923,31
ENSG00000173156,RHOD,neutral,0.5774584485403458,31
ENSG00000173171,MTX1,neutral,0.5216740430429405,31
ENSG00000173175,,regulation-driven,0.669408500328512,31
ENSG00000173208,ABCD2,regulation-driven,0.7202456806696056,31
ENSG00000173210,ABLIM3,neutral,0.7117480581901265,31
ENSG00000173212,MAB21L3,gene-driven,0.7249312393404901,31
ENSG00000173218,VANGL1,gene-driven,0.625050350995688,31
ENSG00000173221,GLRX,gene-driven,0.6065016285490846,31
ENSG00000173227,SYT12,neutral,0.3771655888297033,31
ENSG00000173239,LIPM,neutral,0.6896717402157169,31
ENSG00000173250,GPR151,neutral,0.5747664377172772,31
ENSG00000173253,DMRT2,neutral,0.7562328163474598,31
ENSG00000173258,ZNF483,gene-driven,0.6177984257873022,31
ENSG00000173264,GPR137,gene-driven,0.6984271360136307,31
ENSG00000173267,SNCG,neutral,0.6859705825872131,31
ENSG00000173281,PPP1R3B,neutral,0.9018902802315966,31
ENSG00000173320,STOX2,regulation-driven,0.5531684008007715,31
ENSG00000173327,MAP3K11,neutral,0.7010563894567188,31
ENSG00000173334,TRIB1,neutral,0.9149278553868561,31
ENSG00000173369,C1QB,neutral,0.8571418740731616,31
ENSG00000173389,IQCF1,neutral,0.7303407372951845,31
ENSG00000173402,,gene-driven,0.8452395314957617,31
ENSG00000173406,DAB1,regulation-driven,0.4405218729021404,31
ENSG00000173409,ARV1,neutral,0.559586010794888,31
ENSG00000173421,IHO1,neutral,0.916297004421263,31
ENSG00000173456,RNF26,neutral,0.6947398520303545,31
ENSG00000173473,SMARCC1,regulation-driven,0.533979083702063,31
ENSG00000173486,FKBP2,neutral,0.5871978759081345,31
ENSG00000173540,GMPPB,neutral,0.377879859561841,31
ENSG00000173597,SULT1B1,neutral,0.520594032070087,31
ENSG00000173612,GPRC6A,neutral,0.4132513014138285,31
ENSG00000173621,LRFN4,neutral,0.6030428154843045,31
ENSG00000173626,TRAPPC3L,neutral,0.801337820085223,31
ENSG00000173641,HSPB7,gene-driven,0.7157987695460223,31
ENSG00000173653,RCE1,neutral,0.6435528394764494,31
ENSG00000173702,MUC13,neutral,0.5308515718865221,31
ENSG00000173705,SUSD5,neutral,0.65437290869203,31
ENSG00000173715,C11orf80,gene-driven,0.4111866610588375,31
ENSG00000173726,TOMM20,neutral,0.6332563286610091,31
ENSG00000173728,SPMIP3,neutral,0.3390775361946736,31
ENSG00000173769,TOPAZ1,regulation-driven,0.5671035297431783,31
ENSG00000173846,PLK3,neutral,0.7230631638103439,31
ENSG00000173848,NET1,gene-driven,0.4205063210658748,31
ENSG00000173905,GOLIM4,neutral,0.8787408721182541,31
ENSG00000173926,MARCHF3,neutral,0.30345776417657155,31
ENSG00000173930,SLCO4C1,neutral,0.5335104103873785,31
ENSG00000173947,CIMAP3,neutral,0.5526744481390514,31
ENSG00000173960,UBXN2A,gene-driven,0.8572978830332953,31
ENSG00000173992,CCS,neutral,0.48627801412175653,31
ENSG00000174004,NRROS,neutral,0.45784501162501223,31
ENSG00000174007,CEP19,neutral,0.48760124985709363,31
ENSG00000174013,FBXO45,neutral,0.8133242152651668,31
ENSG00000174015,CBY2,neutral,0.7715658062379648,31
ENSG00000174059,CD34,neutral,0.4115705787130223,31
ENSG00000174080,CTSF,neutral,0.8492771560472441,31
ENSG00000174106,LEMD3,neutral,0.5155700235361989,31
ENSG00000174136,RGMB,neutral,0.42186216901498597,31
ENSG00000174145,NWD2,regulation-driven,0.4819081846483132,31
ENSG00000174206,KICS2,gene-driven,0.8363070526190127,31
ENSG00000174243,DDX23,neutral,0.8655641102296173,31
ENSG00000174279,EVX2,neutral,0.34725132346376675,31
ENSG00000174307,PHLDA3,neutral,0.886791025677256,31
ENSG00000174332,GLIS1,regulation-driven,0.9570346335059465,31
ENSG00000174343,CHRNA9,neutral,0.6623078468906136,31
ENSG00000174348,PODN,neutral,0.6070059995753462,31
ENSG00000174358,SLC6A19,neutral,0.4007529748654698,31
ENSG00000174417,TRHR,neutral,0.9600837842105088,31
ENSG00000174429,ABRA,neutral,0.48935574183045805,31
ENSG00000174446,SNAPC5,gene-driven,0.6095592039685765,31
ENSG00000174453,VWC2L,neutral,0.5142359580852578,31
ENSG00000174473,GALNTL6,regulation-driven,0.5876896059222307,31
ENSG00000174498,IGDCC3,neutral,0.6616576330509054,31
ENSG00000174502,SLC26A9,regulation-driven,0.6289790944730801,31
ENSG00000174514,MFSD4A,neutral,0.6589174058132823,31
ENSG00000174516,PELI3,gene-driven,0.635183419550787,31
ENSG00000174527,MYO1H,regulation-driven,0.4046061387991713,31
ENSG00000174547,MRPL11,neutral,0.9048353576594151,31
ENSG00000174564,IL20RB,gene-driven,0.7582810322704321,31
ENSG00000174567,GOLT1A,neutral,0.8832586347703005,31
ENSG00000174576,NPAS4,neutral,0.6815802915186115,31
ENSG00000174579,MSL2,regulation-driven,0.4399113209490334,31
ENSG00000174606,ANGEL2,gene-driven,0.6774119817017634,31
ENSG00000174611,KY,neutral,0.6276793638569886,31
ENSG00000174640,SLCO2A1,regulation-driven,0.7456904052885303,31
ENSG00000174669,SLC29A2,neutral,0.3882773629007077,31
ENSG00000174684,B4GAT1,neutral,0.5151546392966929,31
ENSG00000174695,TMEM167A,neutral,0.9161728671008613,31
ENSG00000174697,LEP,neutral,0.648903365412899,31
ENSG00000174705,SH3PXD2B,gene-driven,0.7487265950497913,31
ENSG00000174720,,neutral,0.7153670017379321,31
ENSG00000174738,NR1D2,neutral,0.5269456210551953,31
ENSG00000174748,RPL15,neutral,0.7361158473431334,31
ENSG00000174749,FAM241A,neutral,0.4745112754758457,31
ENSG00000174775,HRAS,neutral,0.6569774376759818,31
ENSG00000174799,CEP135,neutral,0.6400485721553191,31
ENSG00000174804,FZD4,neutral,0.802759071687307,31
ENSG00000174839,DENND6A,neutral,0.38326082851198107,31
ENSG00000174840,PDE12,gene-driven,0.5223392525732853,31
ENSG00000174851,YIF1A,neutral,0.5447433720799164,31
ENSG00000174871,CNIH2,neutral,0.7608404806894702,31
ENSG00000174885,NLRP6,neutral,0.6066493323079918,31
ENSG00000174891,RSRC1,neutral,0.7910838853466062,31
ENSG00000174903,RAB1B,neutral,0.6647972499903494,31
ENSG00000174945,AMZ1,neutral,0.8079658752858272,31
ENSG00000174946,GPR171,neutral,0.6401597311603682,31
ENSG00000174948,GPR149,neutral,0.732398165665392,31
ENSG00000174989,FBXW8,neutral,0.705160495844567,31
ENSG00000174996,KLC2,neutral,0.44610241899998215,31
ENSG00000175018,TEX36,neutral,0.7046102727746273,31
ENSG00000175073,VCPIP1,neutral,0.592008408384698,31
ENSG00000175077,RTP1,neutral,0.660228932916257,31
ENSG00000175084,DES,neutral,0.7182537689476653,31
ENSG00000175087,PDIK1L,neutral,0.7715029432732994,31
ENSG00000175097,RAG2,neutral,0.45623081178762936,31
ENSG00000175104,TRAF6,neutral,0.594845398512917,31
ENSG00000175105,ZNF654,neutral,0.4584820960613999,31
ENSG00000175137,SH3BP5L,gene-driven,0.9064037387564456,31
ENSG00000175161,CADM2,regulation-driven,0.7985437261623687,31
ENSG00000175182,FAM131A,regulation-driven,0.7371291055649838,31
ENSG00000175183,CSRP2,neutral,0.7507739031346959,31
ENSG00000175197,DDIT3,gene-driven,0.23506273387918575,31
ENSG00000175213,ZNF408,neutral,0.5967475413941373,31
ENSG00000175224,ATG13,neutral,0.6242867857940775,31
ENSG00000175229,GAL3ST3,neutral,0.6977344711974396,31
ENSG00000175274,TP53I11,neutral,0.6554779031782532,31
ENSG00000175279,CENPS,gene-driven,0.26511553912152397,31
ENSG00000175283,DOLK,neutral,0.6815891868525756,31
ENSG00000175294,CATSPER1,neutral,0.8188987170096274,31
ENSG00000175315,CST6,neutral,0.5155570171579676,31
ENSG00000175336,APOF,gene-driven,0.5526662373525391,31
ENSG00000175352,NRIP3,gene-driven,0.5502460182750835,31
ENSG00000175356,SCUBE2,gene-driven,0.32151246536007305,31
ENSG00000175376,EIF1AD,neutral,0.4584172813147108,31
ENSG00000175395,ZNF25,neutral,0.9515543703101268,31
ENSG00000175449,RFESD,gene-driven,0.7314722135771274,31
ENSG00000175463,TBC1D10C,neutral,0.5220990584858105,31
ENSG00000175467,SART1,gene-driven,0.3730678643277099,31
ENSG00000175513,TSGA10IP,gene-driven,0.9115727845271163,31
ENSG00000175535,PNLIP,neutral,0.5550148827974365,31
ENSG00000175544,CABP4,neutral,0.6987211030317848,31
ENSG00000175575,PAAF1,neutral,0.5047774255370365,31
ENSG00000175581,MRPL48,gene-driven,0.48383431184158854,31
ENSG00000175600,SUGCT,gene-driven,0.6271868505343253,31
ENSG00000175606,TMEM70,neutral,0.3524856378493306,31
ENSG00000175634,RPS6KB2,gene-driven,0.8790660035252374,31
ENSG00000175664,TEX26,neutral,0.8270840068520268,31
ENSG00000175697,GPR156,neutral,0.9035031097508568,31
ENSG00000175745,NR2F1,neutral,0.8216892795417075,31
ENSG00000175756,AURKAIP1,gene-driven,0.512922683054746,31
ENSG00000175782,SLC35E3,neutral,0.5994729210879668,31
ENSG00000175793,SFN,neutral,0.8070948618965109,31
ENSG00000175877,TMEM270,gene-driven,0.8518205787333981,31
ENSG00000175879,HOXD8,neutral,0.6590559939702911,31
ENSG00000175893,ZDHHC21,neutral,0.6416041812633337,31
ENSG00000175895,PLEKHF2,neutral,0.6485541815022615,31
ENSG00000175920,DOK7,neutral,0.534182862768751,31
ENSG00000175946,KLHL38,neutral,0.6407244237164085,31
ENSG00000175970,UNC119B,neutral,0.5301448036866971,31
ENSG00000175984,DENND2C,regulation-driven,0.6711170527485129,31
ENSG00000175985,PLEKHD1,neutral,0.5433747049193849,31
ENSG00000176018,LYSMD3,gene-driven,0.387112151065804,31
ENSG00000176029,C11orf16,neutral,0.691307063745447,31
ENSG00000176055,MBLAC2,gene-driven,0.6094793569935054,31
ENSG00000176095,IP6K1,neutral,0.5161421040199041,31
ENSG00000176101,SSNA1,neutral,0.5006417114090711,31
ENSG00000176171,BNIP3,neutral,0.7363236781667982,31
ENSG00000176248,ANAPC2,neutral,0.9481688246770028,31
ENSG00000176273,SLC35G1,neutral,0.4559810124714915,31
ENSG00000176340,COX8A,neutral,0.6740137341943686,31
ENSG00000176383,B3GNT4,neutral,0.4682130974979768,31
ENSG00000176393,RNPEP,gene-driven,0.8713330105080354,31
ENSG00000176399,DMRTA1,neutral,0.37715409347798756,31
ENSG00000176402,GJC3,neutral,0.5523940197178757,31
ENSG00000176422,SPRYD4,neutral,0.6253564912255946,31
ENSG00000176438,,regulation-driven,0.554226073150961,31
ENSG00000176444,CLK2,neutral,0.6604226554515107,31
ENSG00000176463,SLCO3A1,gene-driven (relaxed),0.4473339216070217,31
ENSG00000176542,USF3,neutral,0.9041309133975364,31
ENSG00000176623,RMDN1,neutral,0.6344351747101379,31
ENSG00000176658,MYO1D,gene-driven,0.7340944499806831,31
ENSG00000176697,BDNF,neutral,0.3915892860389263,31
ENSG00000176720,BOK,neutral,0.605077826664282,31
ENSG00000176742,OR51V1,neutral,0.9400648005374974,31
ENSG00000176769,TCERG1L,neutral,0.7061048708673057,31
ENSG00000176884,GRIN1,regulation-driven,0.7634959483110374,31
ENSG00000176907,TCIM,neutral,0.3902956844963612,31
ENSG00000176915,ANKLE2,neutral,0.5593147227489141,31
ENSG00000176946,THAP4,neutral,0.9344246447130751,31
ENSG00000176956,LY6H,gene-driven,0.91582230571716,31
ENSG00000176978,DPP7,gene-driven,0.9461751770118744,31
ENSG00000177000,MTHFR,neutral,0.0,31
ENSG00000177034,MTX3,gene-driven,0.5655886489861703,31
ENSG00000177042,TMEM80,gene-driven,0.7262402201199922,31
ENSG00000177047,IFNW1,neutral,0.5575843121006137,31
ENSG00000177054,ZDHHC13,neutral,0.3910480915960237,31
ENSG00000177058,SLC38A9,gene-driven,0.5169237872358033,31
ENSG00000177076,ACER2,neutral,0.46400733786113746,31
ENSG00000177098,SCN4B,neutral,0.6344123787754674,31
ENSG00000177105,RHOG,neutral,0.5856551690377096,31
ENSG00000177119,ANO6,gene-driven,0.6738519899797023,31
ENSG00000177125,ZBTB34,neutral,0.81440484963006,31
ENSG00000177144,NUDT4B,neutral,0.3083350136189591,31
ENSG00000177156,TALDO1,neutral,0.4671632725218027,31
ENSG00000177169,ULK1,neutral,0.41142296899783715,31
ENSG00000177181,RIMKLA,neutral,0.6102198156031651,31
ENSG00000177192,PUS1,neutral,0.4216322152006502,31
ENSG00000177239,,neutral,0.0,31
ENSG00000177301,KCNA2,neutral,0.5294385172485737,31
ENSG00000177453,NIM1K,gene-driven,0.7825595892621761,31
ENSG00000177468,OLIG3,neutral,0.6643187181124985,31
ENSG00000177479,ARIH2,gene-driven,0.6842289676099718,31
ENSG00000177519,RPRM,neutral,0.9280646455044662,31
ENSG00000177551,NHLH2,gene-driven,0.9327876388315164,31
ENSG00000177556,ATOX1,neutral,0.8010644977836259,31
ENSG00000177570,SAMD12,gene-driven,0.709244403666718,31
ENSG00000177613,CSTF2T,gene-driven (relaxed),0.5259561855394396,31
ENSG00000177614,PGBD5,neutral,0.5809488553819033,31
ENSG00000177669,MBOAT4,neutral,0.8201969891257632,31
ENSG00000177791,MYOZ1,neutral,0.7544701468816719,31
ENSG00000177875,CCDC184,neutral,0.3350413365814906,31
ENSG00000177879,AP3S1,neutral,0.40862902257229405,31
ENSG00000177888,ZBTB41,neutral,0.4404628821427009,31
ENSG00000177889,UBE2N,neutral,0.7183133369017968,31
ENSG00000177910,SPATA31C2,neutral,0.807655873730347,31
ENSG00000177917,ARL6IP6,neutral,0.6189345572582123,31
ENSG00000177947,CIMAP1A,neutral,0.4295745953321337,31
ENSG00000177984,LCN15,neutral,0.878918109007001,31
ENSG00000178028,DMAP1,gene-driven,0.7425600932126637,31
ENSG00000178033,CALHM5,neutral,0.5801858432625917,31
ENSG00000178035,IMPDH2,neutral,0.727587708200658,31
ENSG00000178053,MLF1,neutral,0.8046548236118246,31
ENSG00000178057,NDUFAF3,gene-driven,0.3229964276608005,31
ENSG00000178074,C2orf69,neutral,0.6376073255496537,31
ENSG00000178105,DDX10,regulation-driven,0.8022296055734508,31
ENSG00000178125,PPP1R42,neutral,0.6213816271712165,31
ENSG00000178175,ZNF366,gene-driven,0.7749176346391452,31
ENSG00000178177,,gene-driven,0.6571874894543478,31
ENSG00000178233,TMEM151B,neutral,0.4005234600089803,31
ENSG00000178301,AQP11,neutral,0.35286694675242936,31
ENSG00000178307,TMEM11,neutral,0.45764346900651764,31
ENSG00000178338,ZNF354B,neutral,0.673228640455535,31
ENSG00000178343,SHISA3,neutral,0.9218162894044034,31
ENSG00000178401,DNAJC22,neutral,0.9015677682228369,31
ENSG00000178409,BEND3,neutral,0.569401819184636,31
ENSG00000178460,MCMDC2,neutral,0.8418156091461475,31
ENSG00000178462,TUBAL3,gene-driven,0.5898671557471098,31
ENSG00000178522,AMBN,gene-driven,0.5577062755856659,31
ENSG00000178537,SLC25A20,neutral,0.6535091966966131,31
ENSG00000178538,CA8,neutral,0.6728113666915602,31
ENSG00000178562,CD28,neutral,0.5317971420105434,31
ENSG00000178602,OTOS,neutral,0.0,31
ENSG00000178662,CSRNP3,regulation-driven,0.5700988669230991,31
ENSG00000178691,SUZ12,neutral,0.4836738355660978,31
ENSG00000178694,NSUN3,neutral,0.7552837612815356,31
ENSG00000178776,C5orf46,neutral,0.7885885893466666,31
ENSG00000178795,GDPD4,neutral,0.5838036421396562,31
ENSG00000178796,RIIAD1,neutral,0.44774904986971276,31
ENSG00000178802,MPI,gene-driven,0.7667775686623368,31
ENSG00000178804,H1-8,neutral,0.7351423389347153,31
ENSG00000178821,TMEM52,neutral,0.6485256525433374,31
ENSG00000178826,TMEM139,gene-driven,0.9599938788960601,31
ENSG00000178860,MSC,gene-driven,0.6476240847491556,31
ENSG00000178882,RFLNA,neutral,0.9586979575856105,31
ENSG00000178965,,neutral,0.8144062620240418,31
ENSG00000178988,MRFAP1L1,neutral,0.4678494342628432,31
ENSG00000178997,EXD1,neutral,0.9106681488881003,31
ENSG00000179002,TAS1R2,neutral,0.7422031255406358,31
ENSG00000179008,C14orf39,neutral,0.3900250790444888,31
ENSG00000179021,,gene-driven,0.7828469468505845,31
ENSG00000179041,RRS1,neutral,0.7264259052770361,31
ENSG00000179046,TRIML2,neutral,0.6752228359802842,31
ENSG00000179051,RCC2,neutral,0.8310300374539334,31
ENSG00000179057,IGSF22,neutral,0.6664744805723066,31
ENSG00000179091,CYC1,neutral,0.6625568860050828,31
ENSG00000179104,TMTC2,regulation-driven,0.8333485548665158,31
ENSG00000179119,SPTY2D1,neutral,0.5902607104335815,31
ENSG00000179151,EDC3,regulation-driven,0.24374341437983638,31
ENSG00000179152,TCAIM,neutral,0.6887046802369524,31
ENSG00000179241,LDLRAD3,neutral,0.6355609548604201,31
ENSG00000179256,SMCO3,neutral,0.34871910818620055,31
ENSG00000179270,PCARE,neutral,0.5797408550654828,31
ENSG00000179292,TMEM151A,neutral,0.6702632141789591,31
ENSG00000179299,NSUN7,neutral,0.8095989415181971,31
ENSG00000179331,RAB39A,neutral,0.5320489114569849,31
ENSG00000179364,PACS2,regulation-driven,0.9625262479148259,31
ENSG00000179388,EGR3,neutral,0.5725116857725394,31
ENSG00000179397,CATSPERE,neutral,0.7798934428519179,31
ENSG00000179455,MKRN3,gene-driven,0.6516254846151707,31
ENSG00000179456,ZBTB18,neutral,0.9391272356649922,31
ENSG00000179476,C14orf28,neutral,0.6460776968021839,31
ENSG00000179526,SHARPIN,gene-driven,0.7558985731390674,31
ENSG00000179528,LBX2,neutral,0.5837376867711515,31
ENSG00000179562,GCC1,neutral,0.6067633714318689,31
ENSG00000179564,LSMEM2,neutral,0.8824706288031473,31
ENSG00000179580,RNF151,gene-driven,0.478114563986082,31
ENSG00000179639,FCER1A,neutral,0.5297004042707343,31
ENSG00000179715,PCED1B,neutral,0.41496763535955605,31
ENSG00000179813,FAM216B,neutral,0.9402321468207931,31
ENSG00000179817,MRGPRX4,neutral,0.48007429041572247,31
ENSG00000179869,,regulation-driven,0.8160087943035594,31
ENSG00000179902,CFAP276,neutral,0.6207182903897338,31
ENSG00000179914,ITLN1,neutral,0.4341457453179598,31
ENSG00000179930,ZNF648,neutral,0.49674596643761126,31
ENSG00000179941,BBS10,neutral,0.3717710839181251,31
ENSG00000179988,PSTK,neutral,0.9269531103499425,31
ENSG00000180053,NKX2-6,neutral,0.7626464780100527,31
ENSG00000180098,TRNAU1AP,neutral,0.4058441925537286,31
ENSG00000180116,C12orf40,neutral,0.4973903362602109,31
ENSG00000180176,TH,regulation-driven,0.7350565908242961,31
ENSG00000180185,FAHD1,gene-driven,0.5252581250281876,31
ENSG00000180198,RCC1,regulation-driven,0.8712420858923412,31
ENSG00000180219,GARIN6,neutral,0.7190083186353107,31
ENSG00000180233,ZNRF2,neutral,0.48448739462593404,31
ENSG00000180251,SLC9A4,regulation-driven,0.6088134064640738,31
ENSG00000180263,,neutral,0.848505128418153,31
ENSG00000180316,PNPLA1,neutral,0.926816319107649,31
ENSG00000180332,KCTD4,neutral,0.3682795053706869,31
ENSG00000180357,ZNF609,neutral,0.6031541010318231,31
ENSG00000180423,HARBI1,neutral,0.9236289753361001,31
ENSG00000180432,CYP8B1,neutral,0.855706225313891,31
ENSG00000180481,GLIPR1L2,neutral,0.893399412333794,31
ENSG00000180537,RNF182,neutral,0.6848803696543064,31
ENSG00000180549,FUT7,neutral,0.571698213711714,31
ENSG00000180573,H2AC6,neutral,0.5530133346509951,31
ENSG00000180611,MB21D2,neutral,0.8959831674311269,31
ENSG00000180613,GSX2,neutral,0.5978131803733346,31
ENSG00000180628,PCGF5,gene-driven,0.9385943270552223,31
ENSG00000180638,SLC47A2,neutral,0.7883463239787557,31
ENSG00000180644,PRF1,gene-driven,0.8678126802617725,31
ENSG00000180660,MAB21L1,neutral,0.8132534223975423,31
ENSG00000180667,YOD1,neutral,0.6249356755238364,31
ENSG00000180697,C3orf22,neutral,0.9276010056075223,31
ENSG00000180730,SHISA2,neutral,0.6537810135432871,31
ENSG00000180745,CLRN3,neutral,0.5758320301324132,31
ENSG00000180758,GPR157,neutral,0.31392827166279713,31
ENSG00000180767,CHST13,neutral,0.5624055660859568,31
ENSG00000180773,SLC36A4,gene-driven,0.5766134437093939,31
ENSG00000180801,ARSJ,neutral,0.6348845567046182,31
ENSG00000180806,HOXC9,gene-driven,0.3071612479885082,31
ENSG00000180875,GREM2,neutral,0.46717117181544243,31
ENSG00000180878,C11orf42,neutral,0.5204248385850372,31
ENSG00000180881,CAPS2,gene-driven,0.6618509447531221,31
ENSG00000180934,OR56A1,neutral,0.6403082175277721,31
ENSG00000180938,ZNF572,neutral,0.629019821746031,31
ENSG00000181072,CHRM2,neutral,0.8677793338837136,31
ENSG00000181085,MAPK15,neutral,0.5298574582499731,31
ENSG00000181092,ADIPOQ,gene-driven,0.5780908460875845,31
ENSG00000181104,F2R,neutral,0.9042976870605384,31
ENSG00000181135,ZNF707,gene-driven,0.856942541829952,31
ENSG00000181218,H2AC25,neutral,0.3657606403819733,31
ENSG00000181220,ZNF746,neutral,0.41349832665930497,31
ENSG00000181234,TMEM132C,regulation-driven,0.6665075274217693,31
ENSG00000181264,TLCD5,gene-driven,0.8977683892785293,31
ENSG00000181291,TMEM132E,regulation-driven,0.9212396735202628,31
ENSG00000181333,HEPHL1,neutral,0.6663514137953499,31
ENSG00000181381,DDX60L,gene-driven,0.6767996196780047,31
ENSG00000181418,DDN,neutral,0.9243480971209481,31
ENSG00000181472,ZBTB2,neutral,0.589792810423662,31
ENSG00000181541,MAB21L2,neutral,0.8618166315560137,31
ENSG00000181617,FDCSP,neutral,0.5111619343292211,31
ENSG00000181631,P2RY13,neutral,0.7608194822175737,31
ENSG00000181634,TNFSF15,neutral,0.49171204430057225,31
ENSG00000181652,ATG9B,neutral,0.7890696228247345,31
ENSG00000181690,PLAG1,regulation-driven,0.865953237472979,31
ENSG00000181744,DIPK2A,neutral,0.42630823566733356,31
ENSG00000181754,AMIGO1,neutral,0.9372570221677994,31
ENSG00000181773,GPR3,neutral,0.7861243157320484,31
ENSG00000181778,TMEM252,neutral,0.9045066411110259,31
ENSG00000181790,ADGRB1,regulation-driven,0.7950302312443747,31
ENSG00000181817,LSM10,neutral,0.6348702504977551,31
ENSG00000181873,IBA57,neutral,0.5794651138198792,31
ENSG00000181904,C5orf24,neutral,0.648177368605726,31
ENSG00000181982,CCDC149,neutral,0.8965274961126387,31
ENSG00000182010,RTKN2,neutral,0.4396977792316593,31
ENSG00000182054,IDH2,neutral,0.707167627393675,31
ENSG00000182077,PTCHD3,neutral,0.7539279896749647,31
ENSG00000182117,NOP10,neutral,0.5539265421541169,31
ENSG00000182132,KCNIP1,regulation-driven,0.289243733569567,31
ENSG00000182134,TDRKH,gene-driven (relaxed),0.5542846872810103,31
ENSG00000182168,UNC5C,neutral,0.9275708473903589,31
ENSG00000182179,UBA7,neutral,0.46429801897166345,31
ENSG00000182180,MRPS16,neutral,0.59892471227927,31
ENSG00000182183,SHISAL2A,neutral,0.6998295852554849,31
ENSG00000182208,MOB2,neutral,0.765323350938676,31
ENSG00000182223,ZAR1,neutral,0.297919353171023,31
ENSG00000182263,FIGN,regulation-driven,0.6131488309641342,31
ENSG00000182271,TMIGD1,gene-driven,0.651557979651558,31
ENSG00000182272,B4GALNT4,neutral,0.44482562993034425,31
ENSG00000182307,C8orf33,gene-driven,0.7844949358209575,31
ENSG00000182325,FBXL6,gene-driven,0.7044071525951797,31
ENSG00000182333,LIPF,neutral,0.936865000566567,31
ENSG00000182348,ZNF804B,regulation-driven,0.7080247187666955,31
ENSG00000182359,KBTBD3,gene-driven,0.3956912981559946,31
ENSG00000182372,CLN8,neutral,0.6352087547951429,31
ENSG00000182447,OTOL1,neutral,0.5561912382681495,31
ENSG00000182504,CEP97,neutral,0.7119495010293476,31
ENSG00000182533,CAV3,neutral,0.5940453040383042,31
ENSG00000182552,RWDD4,neutral,0.8528517139264622,31
ENSG00000182568,SATB1,gene-driven,0.9382947638673634,31
ENSG00000182645,CCDC172,neutral,0.5759027810798469,31
ENSG00000182685,BRICD5,gene-driven,0.59765533720977,31
ENSG00000182698,RESP18,neutral,0.6127669433164833,31
ENSG00000182704,TSKU,gene-driven,0.9446944402436231,31
ENSG00000182732,RGS6,gene-driven,0.7363824834443488,31
ENSG00000182747,SLC35D3,neutral,0.4965946947828387,31
ENSG00000182752,PAPPA,regulation-driven,0.47743801193130986,31
ENSG00000182768,NGRN,neutral,0.42327595828464637,31
ENSG00000182771,GRID1,gene-driven,0.7854473734555152,31
ENSG00000182795,C1orf116,neutral,0.6615848455479756,31
ENSG00000182827,ACBD3,neutral,0.5043757423646276,31
ENSG00000182866,LCK,gene-driven,0.6597165035060364,31
ENSG00000182901,,regulation-driven,0.7396956135614299,31
ENSG00000182934,SRPRA,neutral,0.9125760899053398,31
ENSG00000182950,CIMAP1C,neutral,0.5129624282212,31
ENSG00000183049,CAMK1D,neutral,0.8984661740244867,31
ENSG00000183090,FREM3,regulation-driven,0.620175127505949,31
ENSG00000183128,CALHM3,neutral,0.9096726236395563,31
ENSG00000183155,RABIF,neutral,0.48775287511214793,31
ENSG00000183166,CALN1,neutral,0.9311585874719648,31
ENSG00000183185,GABRR3,neutral,0.6233242536924153,31
ENSG00000183273,CCDC60,neutral,0.7901389735755678,31
ENSG00000183283,DAZAP2,gene-driven,0.8103065272416536,31
ENSG00000183317,EPHA10,regulation-driven,0.929722858113666,31
ENSG00000183323,CCDC125,gene-driven,0.8452508310379265,31
ENSG00000183324,REC114,neutral,0.5085304765693738,31
ENSG00000183347,GBP6,neutral,0.3198095459847381,31
ENSG00000183379,SYNDIG1L,neutral,0.0,31
ENSG00000183386,FHL3,neutral,0.8774717787787464,31
ENSG00000183395,PMCH,neutral,0.8227512728457586,31
ENSG00000183396,TMEM89,neutral,0.5940148705583249,31
ENSG00000183423,LRIT3,neutral,0.6974126634867428,31
ENSG00000183508,TENT5C,gene-driven,0.5588889353738662,31
ENSG00000183513,COA5,neutral,0.9186465269164164,31
ENSG00000183520,UTP11,neutral,0.51718415674095,31
ENSG00000183560,IZUMO1R,gene-driven,0.7136232307871799,31
ENSG00000183576,SETD3,neutral,0.5761698273634291,31
ENSG00000183578,TNFAIP8L3,neutral,0.6713194452953797,31
ENSG00000183580,FBXL7,regulation-driven,0.525903935945742,31
ENSG00000183607,GKN2,gene-driven,0.8046798979956411,31
ENSG00000183615,FAM167B,neutral,0.6995598117170848,31
ENSG00000183621,,gene-driven,0.3394990126814733,31
ENSG00000183638,RP1L1,neutral,0.858172396694183,31
ENSG00000183644,HOATZ,neutral,0.4887993694028028,31
ENSG00000183648,NDUFB1,gene-driven,0.6399404651225289,31
ENSG00000183715,OPCML,regulation-driven,0.6765867871844389,31
ENSG00000183722,LHFPL6,neutral,0.5552481213099454,31
ENSG00000183733,FIGLA,neutral,0.6687274602294042,31
ENSG00000183742,MACC1,neutral,0.9605935712557756,31
ENSG00000183751,TBL3,gene-driven,0.0,31
ENSG00000183775,KCTD16,neutral,0.5759260452611967,31
ENSG00000183779,ZNF703,neutral,0.540213786817777,31
ENSG00000183780,SLC35F3,neutral,0.5848074643668308,31
ENSG00000183807,FAM162B,neutral,0.7281835545433153,31
ENSG00000183813,CCR4,neutral,0.792704118609655,31
ENSG00000183814,LIN9,gene-driven,0.741599779669381,31
ENSG00000183831,ANKRD45,neutral,0.463157537488773,31
ENSG00000183833,CFAP91,gene-driven,0.5952829235585126,31
ENSG00000183840,GPR39,neutral,0.7643683891604917,31
ENSG00000183856,IQGAP3,regulation-driven,0.7941614933631045,31
ENSG00000183888,SRARP,neutral,0.751600638635778,31
ENSG00000183908,LRRC55,gene-driven,0.9166853221837205,31
ENSG00000183960,KCNH8,neutral,0.620761894322976,31
ENSG00000183977,PP2D1,neutral,0.5549233416134838,31
ENSG00000184108,TRIML1,neutral,0.7303054781094498,31
ENSG00000184163,C1QTNF12,gene-driven,0.3260541945438584,31
ENSG00000184209,SNRNP35,neutral,0.6139359851627113,31
ENSG00000184220,CMSS1,gene-driven,0.7418243434656809,31
ENSG00000184232,OAF,gene-driven,0.5436697705961782,31
ENSG00000184260,H2AC20,neutral,0.6670872405338879,31
ENSG00000184271,POU6F1,neutral,0.7627665763639093,31
ENSG00000184302,SIX6,neutral,0.6709295581396597,31
ENSG00000184305,CCSER1,neutral,0.619620538530828,31
ENSG00000184307,ZDHHC23,neutral,0.39663153379921234,31
ENSG00000184344,GDF3,neutral,0.8438446087954172,31
ENSG00000184345,IQCF2,neutral,0.6328206397736624,31
ENSG00000184347,SLIT3,regulation-driven,0.783555014710286,31
ENSG00000184349,,regulation-driven,0.752870098194454,31
ENSG00000184357,H1-5,neutral,0.5916764126242411,31
ENSG00000184371,CSF1,gene-driven,0.710111925813268,31
ENSG00000184374,COLEC10,regulation-driven,0.7745097126672235,31
ENSG00000184378,ACTRT3,neutral,0.4640483020932801,31
ENSG00000184384,MAML2,neutral,0.747984779214959,31
ENSG00000184434,LRRC19,neutral,0.30697998746833044,31
ENSG00000184445,KNTC1,regulation-driven,0.5571849218032301,31
ENSG00000184454,NCMAP,neutral,0.7541300913290796,31
ENSG00000184500,PROS1,neutral,0.7225920375012826,31
ENSG00000184564,SLITRK6,neutral,0.9106845471660843,31
ENSG00000184574,LPAR5,gene-driven,0.3044255309406919,31
ENSG00000184584,STING1,neutral,0.8460678780579635,31
ENSG00000184601,C14orf180,neutral,0.4058539993456828,31
ENSG00000184611,KCNH7,regulation-driven,0.6461385629278376,31
ENSG00000184661,CDCA2,neutral,0.7734007201406241,31
ENSG00000184677,ZBTB40,neutral,0.6822541948278248,31
ENSG00000184719,RNLS,neutral,0.9362809597754456,31
ENSG00000184752,NDUFA12,neutral,0.967741935483871,31
ENSG00000184786,DYNLT2,neutral,0.3907844676999168,31
ENSG00000184840,TMED9,neutral,0.47167415540005964,31
ENSG00000184845,DRD1,neutral,0.9329302187904808,31
ENSG00000184887,BTBD6,neutral,0.8961148396183287,31
ENSG00000184898,RBM43,neutral,0.4882955890060241,31
ENSG00000184903,IMMP2L,neutral,0.4318788097144587,31
ENSG00000184916,JAG2,regulation-driven,0.5879127459033641,31
ENSG00000184923,NUTM2A,gene-driven,0.4930843095615669,31
ENSG00000184924,PTRHD1,neutral,0.7256550512783323,31
ENSG00000184925,LCN12,neutral,0.7383855119139318,31
ENSG00000184937,WT1,regulation-driven,0.44658851194900473,31
ENSG00000184945,AQP12A,gene-driven,0.6148254938878602,31
ENSG00000184992,BRI3BP,neutral,0.7563805606611532,31
ENSG00000185000,DGAT1,neutral,0.8651312826711872,31
ENSG00000185002,RFX6,regulation-driven,0.7372546597617373,31
ENSG00000185009,AP3M1,neutral,0.5443891349120109,31
ENSG00000185024,BRF1,gene-driven,0.6664448709138426,31
ENSG00000185033,SEMA4B,gene-driven,0.951267517082494,31
ENSG00000185043,CIB1,gene-driven,0.6687590334207201,31
ENSG00000185055,EFCAB10,neutral,0.657483834319806,31
ENSG00000185069,KRT76,neutral,0.6194437697793567,31
ENSG00000185085,INTS5,neutral,0.8717789465372232,31
ENSG00000185090,MANEAL,neutral,0.0,31
ENSG00000185100,ADSS1,dual-driven,0.7532079616919676,31
ENSG00000185104,FAF1,gene-driven,0.6368791073133176,31
ENSG00000185127,C6orf120,neutral,0.8049799119307568,31
ENSG00000185149,NPY2R,neutral,0.865614637372407,31
ENSG00000185155,MIXL1,neutral,0.9104155155067953,31
ENSG00000185163,DDX51,neutral,0.6816425987707118,31
ENSG00000185176,AQP12B,neutral,0.9229205252142036,31
ENSG00000185219,ZNF445,neutral,0.5077490660612367,31
ENSG00000185220,PGBD2,gene-driven,0.9502331378612873,31
ENSG00000185238,PRMT3,regulation-driven,0.6558718389625233,31
ENSG00000185246,PRPF39,gene-driven,0.8378271789313754,31
ENSG00000185261,KIAA0825,gene-driven,0.5359168843139104,31
ENSG00000185267,CDNF,neutral,0.6782211750349463,31
ENSG00000185271,KLHL33,neutral,0.5524593399442526,31
ENSG00000185278,ZBTB37,neutral,0.7509231562780033,31
ENSG00000185305,ARL15,neutral,0.6853423388998158,31
ENSG00000185313,SCN10A,gene-driven,0.9503473768008681,31
ENSG00000185344,ATP6V0A2,neutral,0.5186640722538387,31
ENSG00000185352,HS6ST3,neutral,0.3825755536697313,31
ENSG00000185414,MRPL30,neutral,0.4434158765845362,31
ENSG00000185436,IFNLR1,neutral,0.5545330810468403,31
ENSG00000185467,KPNA7,gene-driven (relaxed),0.5455762067003129,31
ENSG00000185480,PARPBP,neutral,0.7313418258546885,31
ENSG00000185483,ROR1,regulation-driven,0.6139384338166476,31
ENSG00000185499,MUC1,gene-driven,0.636925051174174,31
ENSG00000185518,SV2B,gene-driven,0.6313305019529899,31
ENSG00000185519,FAM131C,neutral,0.7725162861481494,31
ENSG00000185532,PRKG1,dual-driven,0.6880113975529012,31
ENSG00000185559,DLK1,neutral,0.7472933592138971,31
ENSG00000185585,OLFML2A,neutral,0.7560389031642979,31
ENSG00000185591,SP1,gene-driven,0.7851239106624096,31
ENSG00000185610,DBX2,neutral,0.7399407290154483,31
ENSG00000185614,INKA1,neutral,0.6207268706318176,31
ENSG00000185633,NDUFA4L2,gene-driven,0.48371141640347826,31
ENSG00000185634,SHC4,neutral,0.7305610547342811,31
ENSG00000185640,KRT79,gene-driven,0.6374304032711646,31
ENSG00000185652,NTF3,neutral,0.4751705566096175,31
ENSG00000185662,SMIM23,gene-driven,0.8447555108042832,31
ENSG00000185670,ZBTB3,gene-driven,0.8086096006402176,31
ENSG00000185697,MYBL1,regulation-driven,0.0,31
ENSG00000185736,ADARB2,neutral,0.4350570975650264,31
ENSG00000185742,C11orf87,neutral,0.7947086633564046,31
ENSG00000185774,KCNIP4,regulation-driven,0.8060138681562848,31
ENSG00000185798,WDR53,neutral,0.3690672711765638,31
ENSG00000185860,CCDC190,neutral,0.5672895837372796,31
ENSG00000185863,TMEM210,neutral,0.8626712209778407,31
ENSG00000185896,LAMP1,gene-driven,0.7893886950033897,31
ENSG00000185909,KLHDC8B,neutral,0.6213467431119073,31
ENSG00000185933,CALHM1,neutral,0.7238684408972731,31
ENSG00000185942,NKAIN3,regulation-driven,0.8121646505104132,31
ENSG00000185989,RASA3,regulation-driven,0.8054775907543887,31
ENSG00000186007,LEMD1,gene-driven,0.6859956995550609,31
ENSG00000186009,ATP4B,neutral,0.6303941190076792,31
ENSG00000186038,HTR3E,gene-driven,0.4095461958011577,31
ENSG00000186073,CDIN1,regulation-driven,0.6394186330206397,31
ENSG00000186106,ANKRD46,gene-driven,0.5007647600177716,31
ENSG00000186130,ZBTB6,neutral,0.5672302817846329,31
ENSG00000186166,CENATAC,neutral,0.5546129032056253,31
ENSG00000186174,BCL9L,neutral,0.46289667584463745,31
ENSG00000186188,FFAR4,neutral,0.8922413114336453,31
ENSG00000186193,SAPCD2,neutral,0.4943593512149571,31
ENSG00000186197,EDARADD,gene-driven,0.6961058351398364,31
ENSG00000186198,SLC51B,neutral,0.8006491924051741,31
ENSG00000186231,KLHL32,neutral,0.9109098431085966,31
ENSG00000186265,BTLA,neutral,0.91963331044627,31
ENSG00000186318,BACE1,gene-driven,0.8204666323625309,31
ENSG00000186334,SLC36A3,neutral,0.9341721024064289,31
ENSG00000186350,RXRA,regulation-driven,0.7832217430282478,31
ENSG00000186367,MINAR2,neutral,0.7690607884282498,31
ENSG00000186377,CYP4X1,neutral,0.933128086398724,31
ENSG00000186442,KRT3,neutral,0.6480094054972416,31
ENSG00000186468,RPS23,neutral,0.6804835063345027,31
ENSG00000186479,RGS7BP,gene-driven,0.3958072579007863,31
ENSG00000186501,TMEM222,neutral,0.8672375182913031,31
ENSG00000186583,SPATC1,neutral,0.27864003094527967,31
ENSG00000186591,UBE2H,neutral,0.5875580892608607,31
ENSG00000186603,HPDL,neutral,0.3626653842424499,31
ENSG00000186638,KIF24,regulation-driven,0.556785968622703,31
ENSG00000186648,CARMIL3,regulation-driven,0.8387001412306246,31
ENSG00000186660,ZFP91,regulation-driven,0.45039502843677603,31
ENSG00000186684,CYP27C1,neutral,0.5065869977169999,31
ENSG00000186687,LYRM7,neutral,0.4001427959553342,31
ENSG00000186710,CFAP73,neutral,0.4359141943790261,31
ENSG00000186766,FOXI2,neutral,0.7427180008018197,31
ENSG00000186795,KCNK18,neutral,0.9445609962008725,31
ENSG00000186827,TNFRSF4,neutral,0.7116139778898251,31
ENSG00000186854,TRABD2A,neutral,0.9260380666773704,31
ENSG00000186867,QRFPR,neutral,0.5688647432025798,31
ENSG00000186881,OR13F1,neutral,0.8987936772070159,31
ENSG00000186891,TNFRSF18,gene-driven,0.7851976023658666,31
ENSG00000186895,FGF3,neutral,0.9337493007350594,31
ENSG00000186907,RTN4RL2,neutral,0.41414248901184214,31
ENSG00000186908,ZDHHC17,regulation-driven,0.8582311877431499,31
ENSG00000186910,SERPINA11,neutral,0.7181902129482405,31
ENSG00000187003,ACTL7A,neutral,0.9505069788953608,31
ENSG00000187024,PTRH1,neutral,0.925119478214313,31
ENSG00000187033,SAMD7,gene-driven,0.6948735986783477,31
ENSG00000187048,CYP4A11,neutral,0.5237880537149404,31
ENSG00000187049,TMEM216,gene-driven,0.6032104140513784,31
ENSG00000187054,TMPRSS11A,gene-driven,0.6932285187202015,31
ENSG00000187068,C3orf70,neutral,0.7240051945010456,31
ENSG00000187091,PLCD1,regulation-driven,0.7709000896529301,31
ENSG00000187094,CCK,neutral,0.2792766663734688,31
ENSG00000187098,MITF,neutral,0.7745603996578099,31
ENSG00000187109,NAP1L1,gene-driven,0.8147710848311692,31
ENSG00000187118,CMC1,gene-driven,0.583214426646482,31
ENSG00000187151,ANGPTL5,neutral,0.9027718613556733,31
ENSG00000187164,SHTN1,gene-driven,0.5398073196461348,31
ENSG00000187186,ENSG00000187186,gene-driven,0.36669740166361076,31
ENSG00000187258,NPSR1,neutral,0.5871827313971092,31
ENSG00000187260,WDR86,neutral,0.5911311887391194,31
ENSG00000187288,CIDEC,neutral,0.795149001630744,31
ENSG00000187398,LUZP2,gene-driven,0.6911728845569303,31
ENSG00000187498,,gene-driven,0.667839113342052,31
ENSG00000187527,ATP13A5,neutral,0.6012102659690813,31
ENSG00000187566,NHLRC1,neutral,0.9596955113588366,31
ENSG00000187583,PLEKHN1,neutral,0.4113294241921843,31
ENSG00000187605,,regulation-driven,0.6725335264753804,31
ENSG00000187616,MYMK,neutral,0.9192967973686916,31
ENSG00000187642,PERM1,gene-driven,0.45197658007630837,31
ENSG00000187676,B3GLCT,regulation-driven,0.7015339420389319,31
ENSG00000187713,TMEM203,neutral,0.7902960417741236,31
ENSG00000187715,KBTBD12,gene-driven,0.7103741298543411,31
ENSG00000187735,TCEA1,gene-driven,0.5834976153023044,31
ENSG00000187736,NHEJ1,gene-driven,0.6660893721264516,31
ENSG00000187778,MCRS1,gene-driven,0.7629684389345875,31
ENSG00000187783,TMEM72,neutral,0.9347805610988059,31
ENSG00000187796,CARD9,gene-driven,0.6478381408489753,31
ENSG00000187801,ZFP69B,gene-driven,0.9423019682856413,31
ENSG00000187806,TMEM202,neutral,0.6598951317917903,31
ENSG00000187821,HELT,neutral,0.5930317393122309,31
ENSG00000187833,C2orf78,neutral,0.713528433647936,31
ENSG00000187862,TTC24,neutral,0.3750483180619958,31
ENSG00000187871,GFRAL,neutral,0.7854969477889965,31
ENSG00000187889,FYB2,neutral,0.9529207877776686,31
ENSG00000187954,ZFTRAF1,neutral,0.8182411569348523,31
ENSG00000187957,DNER,regulation-driven,0.38145407184123437,31
ENSG00000188010,MORN2,neutral,0.6172040634030028,31
ENSG00000188015,S100A3,gene-driven,0.355488155487066,31
ENSG00000188026,RILPL1,neutral,0.8202066608696654,31
ENSG00000188060,RAB42,gene-driven,0.6171201152741544,31
ENSG00000188089,PLA2G4E,regulation-driven,0.38804560349768147,31
ENSG00000188112,C6orf132,neutral,0.0,31
ENSG00000188133,TMEM215,neutral,0.6981335975147027,31
ENSG00000188175,HEPACAM2,gene-driven (relaxed),0.7750971933436139,31
ENSG00000188177,ZC3H6,neutral,0.8282832037583506,31
ENSG00000188191,PRKAR1B,neutral,0.7214745176975785,31
ENSG00000188199,NUTM2B,gene-driven,0.4205233564781067,31
ENSG00000188243,COMMD6,neutral,0.7218202653996539,31
ENSG00000188257,PLA2G2A,neutral,0.7508939481897681,31
ENSG00000188277,C15orf62,neutral,0.9434030817368314,31
ENSG00000188282,RUFY4,neutral,0.3796250792066378,31
ENSG00000188306,LRRIQ4,gene-driven,0.4229509014568483,31
ENSG00000188312,CENPP,neutral,0.6352990318393139,31
ENSG00000188342,GTF2F2,neutral,0.445178033880135,31
ENSG00000188393,CLEC2A,neutral,0.7535092035620714,31
ENSG00000188467,SLC24A5,neutral,0.8615822189266453,31
ENSG00000188487,INSC,regulation-driven,0.8598045950688119,31
ENSG00000188522,FAM83G,neutral,0.8055263101150043,31
ENSG00000188523,CFAP77,neutral,0.9052225363913327,31
ENSG00000188529,SRSF10,neutral,0.921730924241717,31
ENSG00000188610,FAM72B,gene-driven,0.5908662673186402,31
ENSG00000188611,ASAH2,gene-driven,0.4935905570575654,31
ENSG00000188620,HMX3,neutral,0.8514929295072913,31
ENSG00000188643,S100A16,neutral,0.951276222289114,31
ENSG00000188676,IDO2,neutral,0.46215210666575546,31
ENSG00000188690,UROS,neutral,0.865442538143657,31
ENSG00000188716,DUSP29,neutral,0.8738020193590232,31
ENSG00000188729,OSTN,neutral,0.5744569284570908,31
ENSG00000188730,VWC2,regulation-driven,0.3925311446392731,31
ENSG00000188732,FAM221A,neutral,0.5491629953089704,31
ENSG00000188760,TMEM198,neutral,0.7600555103608877,31
ENSG00000188761,BCL2L15,neutral,0.46061338345787295,31
ENSG00000188778,ADRB3,neutral,0.7132511572507254,31
ENSG00000188779,SKOR1,neutral,0.9532639026018119,31
ENSG00000188782,CATSPER4,neutral,0.6664429458696901,31
ENSG00000188783,PRELP,neutral,0.8737399016234761,31
ENSG00000188784,PLA2G2E,neutral,0.5661326169745116,31
ENSG00000188786,MTF1,neutral,0.9371278167931658,31
ENSG00000188800,TMCO2,neutral,0.6679684904524046,31
ENSG00000188811,NHLRC3,neutral,0.9297969658773846,31
ENSG00000188816,HMX2,neutral,0.6534169076934986,31
ENSG00000188848,BEND4,regulation-driven,0.8567116344003484,31
ENSG00000188909,BSX,neutral,0.6468845918643475,31
ENSG00000188916,INSYN2A,neutral,0.3123287772064155,31
ENSG00000188921,HACD4,neutral,0.4349487573933495,31
ENSG00000188931,CFAP126,neutral,0.7719260959304806,31
ENSG00000188959,C9orf152,neutral,0.5612811547462049,31
ENSG00000188981,MSANTD1,neutral,0.8757975597622826,31
ENSG00000188986,NELFB,neutral,0.897342419085863,31
ENSG00000188991,SLC15A5,neutral,0.667009985933833,31
ENSG00000188993,LRRC66,gene-driven,0.7347938092433738,31
ENSG00000189007,ADAT2,neutral,0.8072433613322259,31
ENSG00000189043,NDUFA4,neutral,0.5021526056357826,31
ENSG00000189046,ALKBH2,neutral,0.3404212005982882,31
ENSG00000189099,PRSS48,neutral,0.6811682099844067,31
ENSG00000189143,CLDN4,neutral,0.3624152324221027,31
ENSG00000189167,ZAR1L,neutral,0.9434327284212525,31
ENSG00000189171,S100A13,neutral,0.5942419750493585,31
ENSG00000189180,ZNF33A,neutral,0.8096511216786008,31
ENSG00000189184,PCDH18,neutral,0.6460933240968292,31
ENSG00000189227,C15orf61,neutral,0.9394879627994356,31
ENSG00000189241,TSPYL1,neutral,0.7830929055879864,31
ENSG00000189298,ZKSCAN3,gene-driven,0.891019871399812,31
ENSG00000189308,LIN54,neutral,0.5731085282047008,31
ENSG00000189319,FAM53B,neutral,0.6617997325739804,31
ENSG00000189320,FAM180A,gene-driven,0.6599051062669055,31
ENSG00000189325,BNIP5,neutral,0.8829639015391294,31
ENSG00000189339,SLC35E2B,neutral,0.826766051439632,31
ENSG00000189350,TOGARAM2,neutral,0.9146424074867482,31
ENSG00000189376,C8orf76,neutral,0.6876225512910854,31
ENSG00000189410,SH2D5,neutral,0.5187860711562814,31
ENSG00000189433,GJB4,neutral,0.9183448923669659,31
ENSG00000196116,TDRD7,neutral,0.40230926661127686,31
ENSG00000196151,WDSUB1,neutral,0.4661994146347038,31
ENSG00000196152,ZNF79,neutral,0.7324809419646375,31
ENSG00000196154,S100A4,gene-driven,0.6474701320613219,31
ENSG00000196177,ACADSB,neutral,0.4048512776361608,31
ENSG00000196182,STK40,neutral,0.7532677352467861,31
ENSG00000196189,SEMA4A,neutral,0.9204038960656369,31
ENSG00000196199,MPHOSPH8,neutral,0.4247968784213415,31
ENSG00000196220,,regulation-driven,0.9559304358995008,31
ENSG00000196230,TUBB,gene-driven,0.7518117256807093,31
ENSG00000196247,ZNF107,gene-driven,0.9319461314887225,31
ENSG00000196260,SFTA2,gene-driven,0.4051269522861799,31
ENSG00000196277,GRM7,neutral,0.5354431693883812,31
ENSG00000196284,SUPT3H,neutral,0.9524455307980869,31
ENSG00000196329,GIMAP5,gene-driven,0.9109119586672499,31
ENSG00000196345,ZKSCAN7,gene-driven,0.8297480644161732,31
ENSG00000196353,CPNE4,dual-driven,0.6000423631015228,31
ENSG00000196358,NTNG2,regulation-driven,0.6040564761002178,31
ENSG00000196372,ASB13,gene-driven,0.8765238832765567,31
ENSG00000196376,SLC35F1,neutral,0.40494287015534813,31
ENSG00000196378,ZNF34,neutral,0.48484252419691654,31
ENSG00000196387,ZNF140,gene-driven,0.46450081808703114,31
ENSG00000196408,NOXO1,gene-driven,0.6762243684214435,31
ENSG00000196420,S100A5,gene-driven,0.7830126405752612,31
ENSG00000196449,YRDC,neutral,0.4269126765759985,31
ENSG00000196453,ZNF777,neutral,0.5013472601724598,31
ENSG00000196458,ZNF605,neutral,0.466311710840844,31
ENSG00000196465,MYL6B,gene-driven,0.5093708251467958,31
ENSG00000196482,ESRRG,regulation-driven,0.5239068356052348,31
ENSG00000196503,ARL9,gene-driven,0.6578027183657462,31
ENSG00000196504,PRPF40A,neutral,0.6075242653406854,31
ENSG00000196505,GDAP2,gene-driven,0.44594220936254925,31
ENSG00000196526,AFAP1,regulation-driven,0.6349526159361523,31
ENSG00000196547,MAN2A2,gene-driven,0.6932477104234784,31
ENSG00000196581,AJAP1,neutral,0.8945064090386728,31
ENSG00000196584,XRCC2,gene-driven,0.5399616172455644,31
ENSG00000196611,MMP1,neutral,0.8009313771812676,31
ENSG00000196652,ZKSCAN5,neutral,0.5626514296622505,31
ENSG00000196653,ZNF502,neutral,0.4511838514997327,31
ENSG00000196655,TRAPPC4,neutral,0.6680261711554085,31
ENSG00000196660,SLC30A10,neutral,0.8748295671489821,31
ENSG00000196663,TECPR2,regulation-driven,0.5934951372552686,31
ENSG00000196666,FAM180B,neutral,0.7410785111813459,31
ENSG00000196711,ALKAL1,neutral,0.5061420439643752,31
ENSG00000196715,VKORC1L1,neutral,0.4617639498554674,31
ENSG00000196754,S100A2,neutral,0.58292556367435,31
ENSG00000196776,CD47,neutral,0.9425180123396355,31
ENSG00000196781,TLE1,gene-driven,0.7572702425865744,31
ENSG00000196811,CHRNG,neutral,0.5874989492666568,31
ENSG00000196812,ZSCAN16,neutral,0.39714729505312085,31
ENSG00000196821,ILRUN,neutral,0.6629748161106486,31
ENSG00000196843,ARID5A,neutral,0.5636782582356268,31
ENSG00000196844,PATE2,neutral,0.5414069296214736,31
ENSG00000196850,PPTC7,neutral,0.8750360580696248,31
ENSG00000196865,NHLRC2,neutral,0.862739038668361,31
ENSG00000196890,H2BC26,neutral,0.8937552169463996,31
ENSG00000196911,KPNA5,neutral,0.6194910837596221,31
ENSG00000196923,PDLIM7,regulation-driven,0.6801750349917325,31
ENSG00000196932,TMEM26,gene-driven,0.7834083882043168,31
ENSG00000196950,SLC39A10,regulation-driven,0.614497292349093,31
ENSG00000196968,FUT11,neutral,0.9018636219460936,31
ENSG00000196981,WDR5B,neutral,0.8581380583434594,31
ENSG00000196990,FAM163B,gene-driven,0.7856183233869299,31
ENSG00000197024,ZNF398,gene-driven,0.4503351307944995,31
ENSG00000197037,ZSCAN25,neutral,0.967741935483871,31
ENSG00000197045,GMFB,gene-driven,0.820455344089107,31
ENSG00000197057,DTHD1,neutral,0.8072658711311176,31
ENSG00000197106,SLC6A17,regulation-driven,0.8819822784740615,31
ENSG00000197136,,neutral,0.6880785253711512,31
ENSG00000197142,ACSL5,gene-driven,0.7043297465467164,31
ENSG00000197168,NEK5,regulation-driven,0.35269820711721467,31
ENSG00000197181,PIWIL2,regulation-driven,0.7773886050390196,31
ENSG00000197191,CYSRT1,neutral,0.3733452082691715,31
ENSG00000197208,SLC22A4,neutral,0.738861955261354,31
ENSG00000197241,SLC2A7,neutral,0.5958212766517808,31
ENSG00000197273,GUCA2A,neutral,0.7214638887693573,31
ENSG00000197279,ZNF165,gene-driven,0.5581755213980861,31
ENSG00000197299,,neutral,0.830547021907224,31
ENSG00000197329,PELI1,neutral,0.702211678671579,31
ENSG00000197345,MRPL21,gene-driven,0.7780115370414362,31
ENSG00000197353,LYPD2,neutral,0.6765648056675863,31
ENSG00000197355,UAP1L1,neutral,0.7905092801890342,31
ENSG00000197361,FBXL22,neutral,0.5241699544629974,31
ENSG00000197362,ZNF786,neutral,0.4986640302533967,31
ENSG00000197375,SLC22A5,neutral,0.8926805388059416,31
ENSG00000197429,IPP,neutral,0.6166296681182479,31
ENSG00000197430,OPALIN,neutral,0.8683506853578221,31
ENSG00000197442,MAP3K5,regulation-driven,0.660368318461324,31
ENSG00000197444,OGDHL,regulation-driven,0.6017256093319157,31
ENSG00000197451,HNRNPAB,neutral,0.8817558225479272,31
ENSG00000197506,SLC28A3,neutral,0.7392116470739355,31
ENSG00000197557,IFT70A,neutral,0.7556133719718012,31
ENSG00000197579,TOPORS,neutral,0.6794558360758032,31
ENSG00000197587,DMBX1,neutral,0.8996422163123287,31
ENSG00000197599,CCDC154,neutral,0.4640154874698532,31
ENSG00000197622,CDC42SE1,neutral,0.9177165964712838,31
ENSG00000197629,MPEG1,neutral,0.7559346265878253,31
ENSG00000197635,DPP4,gene-driven,0.5964809896950913,31
ENSG00000197646,PDCD1LG2,neutral,0.7322854563443159,31
ENSG00000197724,PHF2,neutral,0.7261415049428055,31
ENSG00000197747,S100A10,neutral,0.6200844704908615,31
ENSG00000197756,RPL37A,gene-driven,0.8673078364863234,31
ENSG00000197763,TXNRD3,neutral,0.6533526564706365,31
ENSG00000197769,MAP1LC3C,neutral,0.6321383552840656,31
ENSG00000197771,MCMBP,neutral,0.48495094559235463,31
ENSG00000197780,TAF13,gene-driven,0.5474911500856516,31
ENSG00000197816,CCDC180,neutral,0.38431893586341237,31
ENSG00000197822,OCLN,gene-driven,0.8565021279034217,31
ENSG00000197859,ADAMTSL2,gene-driven,0.5996092184996078,31
ENSG00000197885,NKIRAS1,neutral,0.9178056232044742,31
ENSG00000197891,SLC22A12,regulation-driven,0.650834026764554,31
ENSG00000197894,ADH5,gene-driven,0.6417236178464235,31
ENSG00000197901,SLC22A6,regulation-driven,0.5647003383070044,31
ENSG00000197930,ERO1A,gene-driven,0.626232087909821,31
ENSG00000197935,ZNF311,neutral,0.3631892372935086,31
ENSG00000197953,AADACL2,neutral,0.0,31
ENSG00000197956,S100A6,gene-driven,0.8162573515182627,31
ENSG00000197958,RPL12,gene-driven,0.5701902367849869,31
ENSG00000197977,ELOVL2,neutral,0.9248737412489938,31
ENSG00000197980,LEKR1,regulation-driven,0.5119042823000147,31
ENSG00000197992,CLEC9A,neutral,0.6135152135851041,31
ENSG00000198015,MRPL42,neutral,0.5966631936626541,31
ENSG00000198040,ZNF84,gene-driven,0.32376637822520915,31
ENSG00000198049,AVPR1B,neutral,0.4968802256205864,31
ENSG00000198060,MARCHF5,neutral,0.909793849624512,31
ENSG00000198075,SULT1C4,neutral,0.7289115906363275,31
ENSG00000198087,CD2AP,neutral,0.8510376579054751,31
ENSG00000198092,TMPRSS11F,gene-driven,0.6559714034951877,31
ENSG00000198099,ADH4,neutral,0.9188300425254554,31
ENSG00000198113,TOR4A,neutral,0.6098266389020739,31
ENSG00000198121,LPAR1,gene-driven,0.6629247929289449,31
ENSG00000198160,MIER1,gene-driven,0.0,31
ENSG00000198189,HSD17B11,neutral,0.3433719888898793,31
ENSG00000198218,QRICH1,neutral,0.699467527048773,31
ENSG00000198246,SLC29A3,neutral,0.7112567102874601,31
ENSG00000198252,STYX,gene-driven,0.7656769440521063,31
ENSG00000198315,ZKSCAN8,neutral,0.7258671446250998,31
ENSG00000198353,HOXC4,gene-driven,0.5420393382943012,31
ENSG00000198380,GFPT1,gene-driven,0.37622080134205715,31
ENSG00000198382,UVRAG,gene-driven,0.633787353611367,31
ENSG00000198393,ZNF26,gene-driven,0.9194355688209307,31
ENSG00000198398,TMEM207,neutral,0.546838595291194,31
ENSG00000198431,TXNRD1,regulation-driven,0.967741935483871,31
ENSG00000198471,RTP2,neutral,0.49793697366708944,31
ENSG00000198478,SH3BGRL2,neutral,0.3825880660952147,31
ENSG00000198513,ATL1,gene-driven,0.7314204670956543,31
ENSG00000198515,CNGA1,neutral,0.710547870338891,31
ENSG00000198522,GPN1,neutral,0.7167645298118079,31
ENSG00000198546,ZNF511,neutral,0.6185578127865766,31
ENSG00000198570,RD3,gene-driven,0.9355076651049319,31
ENSG00000198586,TLK1,neutral,0.569366838922619,31
ENSG00000198589,LRBA,gene-driven,0.6912490384806435,31
ENSG00000198598,MMP17,neutral,0.9505454324509494,31
ENSG00000198604,BAZ1A,regulation-driven,0.810688764287432,31
ENSG00000198643,FAM3D,neutral,0.6079985243771886,31
ENSG00000198663,C6orf89,neutral,0.4989739483526594,31
ENSG00000198682,PAPSS2,regulation-driven,0.4357244100610739,31
ENSG00000198691,ABCA4,neutral,0.6844521008806441,31
ENSG00000198700,IPO9,regulation-driven,0.9432792051087312,31
ENSG00000198718,,gene-driven,0.80078438576133,31
ENSG00000198719,DLL1,neutral,0.635191884121269,31
ENSG00000198728,LDB1,gene-driven,0.6289652874379854,31
ENSG00000198729,PPP1R14C,neutral,0.5133521786740787,31
ENSG00000198732,SMOC1,neutral,0.8251475107566277,31
ENSG00000198739,LRRTM3,neutral,0.3073959285302713,31
ENSG00000198742,SMURF1,regulation-driven,0.636337536095404,31
ENSG00000198746,GPATCH3,gene-driven,0.5877466252154877,31
ENSG00000198755,RPL10A,neutral,0.4759586271250815,31
ENSG00000198756,COLGALT2,neutral,0.7114669636565465,31
ENSG00000198771,RCSD1,neutral,0.5377591578396297,31
ENSG00000198774,RASSF9,neutral,0.551992595329141,31
ENSG00000198785,GRIN3A,neutral,0.0,31
ENSG00000198797,BRINP2,neutral,0.9404294405468903,31
ENSG00000198805,PNP,neutral,0.6505138041927785,31
ENSG00000198818,SFT2D1,neutral,0.5515739730112312,31
ENSG00000198821,CD247,neutral,0.6377529031149645,31
ENSG00000198829,SUCNR1,neutral,0.8744257111403182,31
ENSG00000198837,DENND4B,gene-driven,0.714474464806177,31
ENSG00000198842,STYXL2,regulation-driven,0.5395800742267711,31
ENSG00000198843,SELENOT,neutral,0.8112721688475875,31
ENSG00000198846,TOX,neutral,0.7583574771676305,31
ENSG00000198851,CD3E,neutral,0.39584800465521486,31
ENSG00000198853,RUSC2,neutral,0.9110506381993994,31
ENSG00000198865,CCDC152,gene-driven,0.8428082040279118,31
ENSG00000198870,STKLD1,neutral,0.3907059501106842,31
ENSG00000198873,GRK5,neutral,0.3585902481558987,31
ENSG00000198890,PRMT6,neutral,0.49101805401312804,31
ENSG00000198892,SHISA4,neutral,0.41703726634012983,31
ENSG00000198894,CIPC,neutral,0.4794435322102448,31
ENSG00000198912,C1orf174,neutral,0.7005828728455362,31
ENSG00000198924,DCLRE1A,neutral,0.5301033069669423,31
ENSG00000198937,CCDC167,neutral,0.0,31
ENSG00000198948,MFAP3L,regulation-driven,0.5954933784381644,31
ENSG00000198952,SMG5,neutral,0.4889118301645241,31
ENSG00000198961,PJA2,neutral,0.6087889164109518,31
ENSG00000198963,RORB,regulation-driven,0.44429765298159885,31
ENSG00000203666,EFCAB2,gene-driven,0.4788701774745878,31
ENSG00000203667,COX20,neutral,0.6937039830087983,31
ENSG00000203685,STUM,neutral,0.8361764299572128,31
ENSG00000203740,NTMT2,neutral,0.860568276334325,31
ENSG00000203760,CENPW,gene-driven,0.5925058727261836,31
ENSG00000203778,FAM229B,neutral,0.46900600174908036,31
ENSG00000203780,FANK1,neutral,0.9658727440152027,31
ENSG00000203795,FAM24A,neutral,0.6357511001240861,31
ENSG00000203797,DDO,neutral,0.6171546402271137,31
ENSG00000203805,PLPP4,neutral,0.6605546818846113,31
ENSG00000203814,H2BC18,neutral,0.794537516978218,31
ENSG00000203837,PNLIPRP3,neutral,0.694678371501872,31
ENSG00000203872,C6orf163,neutral,0.5716140267467938,31
ENSG00000203908,KHDC3L,neutral,0.7187491942995201,31
ENSG00000203909,DPPA5,neutral,0.6589508769167949,31
ENSG00000203943,SAMD13,neutral,0.48357764494107813,31
ENSG00000203970,DEFB110,neutral,0.8658716988714165,31
ENSG00000203972,GLYATL3,gene-driven,0.885823490491118,31
ENSG00000203985,LDLRAD1,neutral,0.6269235397231547,31
ENSG00000203995,ZYG11A,neutral,0.668064554935266,31
ENSG00000204001,LCN8,neutral,0.8280868947451522,31
ENSG00000204006,C1orf185,neutral,0.7680376248958387,31
ENSG00000204020,LIPN,neutral,0.9337866435483424,31
ENSG00000204021,LIPK,neutral,0.475595810978759,31
ENSG00000204033,LRIT2,neutral,0.8436297462031888,31
ENSG00000204052,LRRC73,neutral,0.9437082994670934,31
ENSG00000204084,INPP5B,neutral,0.7277896105111292,31
ENSG00000204104,TRAF3IP1,gene-driven,0.6278498597622816,31
ENSG00000204140,CLPSL1,neutral,0.31940555652813085,31
ENSG00000204147,ASAH2B,gene-driven,0.9484143852297883,31
ENSG00000204178,MACO1,neutral,0.8262363069201001,31
ENSG00000204217,BMPR2,regulation-driven,0.6366306670396685,31
ENSG00000204219,TCEA3,dual-driven,0.48568723416831805,31
ENSG00000204220,PFDN6,neutral,0.3575439992050631,31
ENSG00000204227,RING1,neutral,0.582275199027178,31
ENSG00000204228,HSD17B8,neutral,0.2571741944895928,31
ENSG00000204231,RXRB,neutral,0.5997509967908761,31
ENSG00000204334,ERICH2,neutral,0.8424660316042476,31
ENSG00000204335,SP5,neutral,0.7445103187565336,31
ENSG00000204361,NXPE2,neutral,0.8807489698158447,31
ENSG00000204370,SDHD,gene-driven,0.4776673494091658,31
ENSG00000204381,LAYN,neutral,0.0,31
ENSG00000204442,NALF1,neutral,0.5709430641362435,31
ENSG00000204531,POU5F1,neutral,0.9469324266997798,31
ENSG00000204536,CCHCR1,gene-driven,0.91484930203848,31
ENSG00000204539,CDSN,neutral,0.6476977461495197,31
ENSG00000204542,C6orf15,neutral,0.944181250845486,31
ENSG00000204568,MRPS18B,neutral,0.4543648713980989,31
ENSG00000204569,PPP1R10,neutral,0.8559555801198248,31
ENSG00000204576,PRR3,neutral,0.7635346334432318,31
ENSG00000204590,GNL1,neutral,0.6658895931895066,31
ENSG00000204592,HLA-E,neutral,0.9312330472362945,31
ENSG00000204613,TRIM10,neutral,0.9366834747641584,31
ENSG00000204614,TRIM40,gene-driven,0.7296383940486706,31
ENSG00000204618,RNF39,neutral,0.39188174445867996,31
ENSG00000204619,PPP1R11,neutral,0.6199055163930594,31
ENSG00000204624,DISP3,regulation-driven,0.7436465280318398,31
ENSG00000204628,RACK1,gene-driven,0.8087303095609706,31
ENSG00000204634,TBC1D8,regulation-driven,0.6957632940231488,31
ENSG00000204671,IL31,neutral,0.3645349884876191,31
ENSG00000204710,SPDYC,gene-driven,0.7658684816114625,31
ENSG00000204711,CFAP95,neutral,0.44677007342671815,31
ENSG00000204767,INSYN2B,neutral,0.6356092127562889,31
ENSG00000204822,MRPL53,neutral,0.6964770495199687,31
ENSG00000204856,FAM216A,neutral,0.525071273765467,31
ENSG00000204899,MZT1,neutral,0.8758549496822894,31
ENSG00000204909,SPINK9,neutral,0.9298728091358259,31
ENSG00000204923,FBXO48,neutral,0.8633115628226435,31
ENSG00000204954,UQCC6,neutral,0.5409214139291425,31
ENSG00000204979,MS4A13,neutral,0.7974628643106593,31
ENSG00000205002,AARD,neutral,0.7122865785967176,31
ENSG00000205060,SLC35B4,neutral,0.8684238270792427,31
ENSG00000205085,GARIN1A,neutral,0.7607231890759504,31
ENSG00000205089,CCNI2,neutral,0.5925496732087834,31
ENSG00000205090,TMEM240,neutral,0.8914837782099948,31
ENSG00000205126,ACCSL,neutral,0.7378568982238808,31
ENSG00000205143,ARID3C,gene-driven,0.8599233075393387,31
ENSG00000205186,FABP9,neutral,0.9118210625859774,31
ENSG00000205189,ZBTB10,neutral,0.741940722188531,31
ENSG00000205208,C4orf46,neutral,0.5699222678823083,31
ENSG00000205213,LGR4,regulation-driven,0.9116861469094351,31
ENSG00000205269,TMEM170B,neutral,0.8438406086424987,31
ENSG00000205307,,gene-driven,0.42433817097796345,31
ENSG00000205352,PRR13,gene-driven,0.38814459414971425,31
ENSG00000205359,SLCO6A1,neutral,0.8661171909937484,31
ENSG00000205363,INSYN1,neutral,0.835255856369089,31
ENSG00000205403,CFI,neutral,0.8182962099700843,31
ENSG00000205426,KRT81,neutral,0.8897908248359871,31
ENSG00000205436,EXOC3L4,neutral,0.9401325557848302,31
ENSG00000205442,IZUMO3,gene-driven,0.8477126266052428,31
ENSG00000205476,CCDC85C,neutral,0.5347701500713404,31
ENSG00000205639,MFSD2B,neutral,0.7960710194525876,31
ENSG00000205659,LIN52,neutral,0.9108723792277512,31
ENSG00000205683,DPF3,regulation-driven,0.7124669073470815,31
ENSG00000205707,ETFRF1,gene-driven,0.47610621710937984,31
ENSG00000205835,GMNC,gene-driven,0.7858468777213519,31
ENSG00000205838,TTC23L,gene-driven,0.7758361561650065,31
ENSG00000205858,LRRC72,neutral,0.5569159525295206,31
ENSG00000205937,RNPS1,gene-driven,0.3922994724375629,31
ENSG00000205978,NYNRIN,neutral,0.5691728680814453,31
ENSG00000205981,DNAJC19,gene-driven,0.9509108753567168,31
ENSG00000206013,IFITM5,neutral,0.7666615061018,31
ENSG00000206047,DEFA1,neutral,0.6414437655941237,31
ENSG00000206113,CFAP99,neutral,0.9136559451266093,31
ENSG00000206199,ANKUB1,neutral,0.5803884575133298,31
ENSG00000206527,HACD2,neutral,0.7038014845651378,31
ENSG00000206530,CFAP44,neutral,0.8122556854287455,31
ENSG00000206535,LNP1,neutral,0.9508746433844748,31
ENSG00000206557,TRIM71,regulation-driven,0.4463106788410721,31
ENSG00000206560,ANKRD28,neutral,0.6614786723353754,31
ENSG00000206562,METTL6,neutral,0.558771173360801,31
ENSG00000211452,DIO1,gene-driven,0.8057345166064245,31
ENSG00000211456,SACM1L,neutral,0.0,31
ENSG00000211460,TSN,neutral,0.8181207500228693,31
ENSG00000211598,IGKV4-1,neutral,0.9384321886344826,31
ENSG00000211801,TRAV21,neutral,0.8267504973329662,31
ENSG00000211812,TRAV26-2,neutral,0.9220125418333535,31
ENSG00000211973,IGHV1-69,neutral,0.8725817496085586,31
ENSG00000212126,TAS2R50,neutral,0.384479487002621,31
ENSG00000212128,TAS2R13,neutral,0.9475462625449179,31
ENSG00000213064,SFT2D2,neutral,0.9195908539433474,31
ENSG00000213079,,regulation-driven,0.5280066563500188,31
ENSG00000213123,DYNLT2B,neutral,0.7034203485128616,31
ENSG00000213139,CRYGS,neutral,0.84994872530958,31
ENSG00000213231,TCL1B,neutral,0.8725365204954992,31
ENSG00000213281,NRAS,neutral,0.5789287519411701,31
ENSG00000213316,LTC4S,gene-driven,0.7506573838434872,31
ENSG00000213341,CHUK,neutral,0.9325239703553385,31
ENSG00000213402,PTPRCAP,neutral,0.55865203095808,31
ENSG00000213445,SIPA1,neutral,0.7343142788394472,31
ENSG00000213463,SYNJ2BP,neutral,0.4880251893256685,31
ENSG00000213471,TTLL13,regulation-driven,0.4485062509282527,31
ENSG00000213551,DNAJC9,neutral,0.67093557187847,31
ENSG00000213563,C8orf82,gene-driven,0.8235655480993568,31
ENSG00000213578,CPLX3,neutral,0.6782605326313915,31
ENSG00000213593,TMX2,gene-driven,0.8580845343598587,31
ENSG00000213614,HEXA,gene-driven,0.6062371492596768,31
ENSG00000213625,LEPROT,gene-driven,0.643563673973083,31
ENSG00000213626,LBH,gene-driven,0.693193286857465,31
ENSG00000213639,PPP1CB,neutral,0.7215469351187085,31
ENSG00000213694,S1PR3,neutral,0.6716421416502768,31
ENSG00000213699,SLC35F6,neutral,0.5649343315165927,31
ENSG00000213780,GTF2H4,neutral,0.8856994421752225,31
ENSG00000213809,KLRK1,neutral,0.7270972404790236,31
ENSG00000213927,CCL27,neutral,0.6876925890503823,31
ENSG00000213949,ITGA1,neutral,0.6513428479010365,31
ENSG00000213995,NAXD,neutral,0.6867114944371087,31
ENSG00000214128,TMEM213,neutral,0.6511287399060535,31
ENSG00000214160,ALG3,gene-driven,0.9560599583390197,31
ENSG00000214237,MINDY4B,neutral,0.6987061819574882,31
ENSG00000214285,NPS,neutral,0.8683895550875556,31
ENSG00000214336,FOXI3,neutral,0.6038049136841446,31
ENSG00000214338,SOGA3,regulation-driven,0.7989652968836595,31
ENSG00000214357,NEURL1B,neutral,0.7734744531096684,31
ENSG00000214360,EFCAB9,neutral,0.7046016176005802,31
ENSG00000214415,GNAT3,neutral,0.6741814923620786,31
ENSG00000214513,NOTO,neutral,0.8004870097721024,31
ENSG00000214517,PPME1,neutral,0.949605649907278,31
ENSG00000214595,EML6,regulation-driven,0.7190027285839942,31
ENSG00000214681,IQCF5,neutral,0.9628475257510354,31
ENSG00000214700,C12orf71,neutral,0.9652706718202788,31
ENSG00000214711,CAPN14,neutral,0.0,31
ENSG00000214756,CSKMT,neutral,0.9640871778441596,31
ENSG00000214782,MS4A18,neutral,0.3677973183749752,31
ENSG00000214814,,regulation-driven,0.7775056925252117,31
ENSG00000214842,RAD51AP2,neutral,0.48091250565722843,31
ENSG00000214866,DCDC2C,neutral,0.6531744376271518,31
ENSG00000214872,SMTNL1,neutral,0.7196461172030725,31
ENSG00000214960,CRPPA,neutral,0.5165212809899373,31
ENSG00000215009,ACSM4,neutral,0.341084774135169,31
ENSG00000215018,COL28A1,gene-driven,0.30156656766484746,31
ENSG00000215021,PHB2,neutral,0.46670943774964646,31
ENSG00000215183,MSMP,neutral,0.7440422324520213,31
ENSG00000215187,CIMIP2B,neutral,0.4290305011354485,31
ENSG00000215203,GRXCR1,neutral,0.6684431961175927,31
ENSG00000215217,CFAP90,neutral,0.41129627847583583,31
ENSG00000215277,RNF212B,gene-driven,0.7674372560947276,31
ENSG00000215375,MYL5,neutral,0.967741935483871,31
ENSG00000215475,SIAH3,neutral,0.7069705926113461,31
ENSG00000215712,TMEM242,neutral,0.39829064298881245,31
ENSG00000215784,FAM72D,neutral,0.7671463695620924,31
ENSG00000215845,TSTD1,neutral,0.9615652606861154,31
ENSG00000215883,CYB5RL,neutral,0.7620164369754291,31
ENSG00000215906,LACTBL1,neutral,0.5127341705955002,31
ENSG00000218739,CEBPZOS,gene-driven,0.6211638371971825,31
ENSG00000219545,UMAD1,neutral,0.7493599124954238,31
ENSG00000219626,FAM228B,gene-driven,0.953794567303173,31
ENSG00000221818,EBF2,gene-driven,0.6957844858159039,31
ENSG00000221838,AP4M1,neutral,0.9424478705576057,31
ENSG00000221886,FAM200C,neutral,0.499661177897078,31
ENSG00000221914,PPP2R2A,gene-driven,0.5801391814039581,31
ENSG00000221947,XKR9,neutral,0.5880229932643846,31
ENSG00000221978,CCNL2,neutral,0.5102622506371637,31
ENSG00000221986,MYBPHL,neutral,0.26870551259239983,31
ENSG00000222009,BTBD19,gene-driven,0.3082396096717672,31
ENSG00000223501,VPS52,neutral,0.7990249027917999,31
ENSG00000223865,HLA-DPB1,neutral,0.8867113553851698,31
ENSG00000224531,SMIM13,neutral,0.9405849781711669,31
ENSG00000224586,GPX5,neutral,0.9631196193317275,31
ENSG00000224982,TMEM233,neutral,0.9458365483839563,31
ENSG00000225526,MKRN2OS,neutral,0.5805949427864697,31
ENSG00000225828,FAM229A,neutral,0.3702610186030577,31
ENSG00000226124,FTCDNL1,neutral,0.5829412807752283,31
ENSG00000226479,TMEM185B,gene-driven,0.9618348458180657,31
ENSG00000227729,RD3L,neutral,0.8789381327563629,31
ENSG00000228474,OST4,neutral,0.8949009056500592,31
ENSG00000228570,NUTM2E,gene-driven,0.0,31
ENSG00000229183,PGA4,neutral,0.6538104722900431,31
ENSG00000229474,PATL2,neutral,0.0,31
ENSG00000229972,IQCF3,neutral,0.9033583207752606,31
ENSG00000230124,ACBD6,neutral,0.8291437790578575,31
ENSG00000230246,SPATA31C1,neutral,0.9059520430010143,31
ENSG00000231213,PLSCR5,neutral,0.8165675772869738,31
ENSG00000231925,TAPBP,neutral,0.929503545871853,31
ENSG00000232070,TMEM253,gene-driven (relaxed),0.9593130970012987,31
ENSG00000232112,TMA7,neutral,0.8455685416033082,31
ENSG00000233276,GPX1,neutral,0.9576754271403926,31
ENSG00000233436,BTBD18,neutral,0.9595245176814358,31
ENSG00000234602,MCIDAS,neutral,0.6328681631385176,31
ENSG00000235169,SMIM1,neutral,0.9484329868476127,31
ENSG00000235173,HGH1,gene-driven,0.7494933090309811,31
ENSG00000235376,RPEL1,neutral,0.8834748413178972,31
ENSG00000236027,PATE3,neutral,0.902292494437348,31
ENSG00000236279,CLEC2L,neutral,0.891216812185084,31
ENSG00000236287,ZBED5,neutral,0.6589111505312205,31
ENSG00000236320,SLFN14,neutral,0.0,31
ENSG00000236699,ARHGEF38,gene-driven,0.7492593897245393,31
ENSG00000236980,C3orf84,gene-driven,0.9390449164483585,31
ENSG00000237136,C4orf51,neutral,0.6867556846023666,31
ENSG00000237190,CDKN2AIPNL,neutral,0.0,31
ENSG00000237289,CKMT1B,neutral,0.6017307268365794,31
ENSG00000237353,PATE4,neutral,0.9502507703611349,31
ENSG00000237412,PRSS56,neutral,0.9191340127029871,31
ENSG00000237489,C10orf143,neutral,0.9623377244349673,31
ENSG00000237651,C2orf74,gene-driven (relaxed),0.9209069921292772,31
ENSG00000239264,TXNDC5,neutral,0.7959181024073377,31
ENSG00000239305,RNF103,neutral,0.5724266540944002,31
ENSG00000239306,RBM14,neutral,0.9369477512405183,31
ENSG00000239732,TLR9,neutral,0.792114129012968,31
ENSG00000239839,DEFA3,neutral,0.8664366123849883,31
ENSG00000240021,TEX35,gene-driven,0.6604133120657313,31
ENSG00000240247,DEFA1B,neutral,0.910685581710585,31
ENSG00000240303,ACAD11,neutral,0.9651156508008518,31
ENSG00000240682,ISY1,gene-driven,0.9612392880317951,31
ENSG00000240720,LRRD1,gene-driven,0.9580393655491721,31
ENSG00000240771,ARHGEF25,gene-driven,0.967741935483871,31
ENSG00000241058,NSUN6,gene-driven,0.9579670107093441,31
ENSG00000241127,YAE1,neutral,0.8741405651579537,31
ENSG00000241186,TDGF1,neutral,0.8042651269090113,31
ENSG00000241399,CD302,neutral,0.8770450981597023,31
ENSG00000241644,INMT,gene-driven (relaxed),0.8831913027631297,31
ENSG00000241697,TMEFF1,regulation-driven,0.9284700707977022,31
ENSG00000242028,HYPK,gene-driven,0.9319608632354381,31
ENSG00000243244,STON1,neutral,0.9214252428714454,31
ENSG00000243284,VSIG8,neutral,0.9097010700565077,31
ENSG00000243317,STMP1,neutral,0.6346997643149747,31
ENSG00000243709,LEFTY1,neutral,0.56087329419855,31
ENSG00000243725,TTC4,neutral,0.802406950148005,31
ENSG00000243749,TMEM35B,neutral,0.967741935483871,31
ENSG00000243943,ZNF512,neutral,0.6920296699207608,31
ENSG00000244045,TMEM199,gene-driven,0.8984593955217139,31
ENSG00000244219,TMEM225B,gene-driven,0.9571557066336087,31
ENSG00000244607,CCDC13,regulation-driven,0.5927863227177252,31
ENSG00000244694,PTCHD4,gene-driven,0.6400240685269707,31
ENSG00000244731,,neutral,0.8958885720850919,31
ENSG00000247077,PGAM5,neutral,0.6083101647241334,31
ENSG00000247596,TWF2,neutral,0.4972799217768329,31
ENSG00000247626,MARS2,neutral,0.7871825218012704,31
ENSG00000248712,CCDC153,neutral,0.647363918268018,31
ENSG00000248746,ACTN3,regulation-driven,0.9127475198522051,31
ENSG00000248771,SMIM31,neutral,0.7512130804008499,31
ENSG00000249481,SPATS1,gene-driven,0.8658924332312167,31
ENSG00000249581,CLRN2,neutral,0.8768881061780287,31
ENSG00000249693,SPMAP2L,neutral,0.7640151464733764,31
ENSG00000249853,HS3ST5,neutral,0.8608840082569502,31
ENSG00000249948,GBA3,regulation-driven,0.8942316503839586,31
ENSG00000250298,GIMD1,gene-driven,0.39913624410044435,31
ENSG00000250317,SMIM20,neutral,0.7651293407212038,31
ENSG00000251692,PTX4,neutral,0.9613111900313872,31
ENSG00000253117,OC90,neutral,0.962800096914681,31
ENSG00000253148,RGS21,neutral,0.967741935483871,31
ENSG00000253250,C8orf88,regulation-driven,0.5832381957228517,31
ENSG00000253710,ALG11,neutral,0.6651740723785149,31
ENSG00000253719,ATXN7L3B,neutral,0.6406605942280037,31
ENSG00000253831,ETV3L,neutral,0.9436358867690341,31
ENSG00000254402,LRRC24,neutral,0.9623007043018758,31
ENSG00000254598,CSNK2A3,neutral,0.9026199631257417,31
ENSG00000254726,MEX3A,neutral,0.7638644507078773,31
ENSG00000254772,EEF1G,neutral,0.6684297752830992,31
ENSG00000255587,RAB44,neutral,0.5703106030235277,31
ENSG00000256043,CTSO,neutral,0.9589924104251537,31
ENSG00000256061,DNAAF4,neutral,0.6785991798661128,31
ENSG00000256162,SMLR1,neutral,0.8282392652488964,31
ENSG00000256269,HMBS,regulation-driven,0.41961419900364016,31
ENSG00000256394,ASIC5,neutral,0.7990191068400577,31
ENSG00000256453,DND1,neutral,0.681570902412342,31
ENSG00000256713,PGA5,neutral,0.8804376470439016,31
ENSG00000256797,KLRF2,neutral,0.38703347134257415,31
ENSG00000256870,SLC5A8,regulation-driven,0.46645975512857485,31
ENSG00000257057,C11orf97,neutral,0.8468472766701646,31
ENSG00000257093,DENND11,gene-driven,0.916325920794849,31
ENSG00000257365,FNTB,neutral,0.0,31
ENSG00000257743,MGAM2,neutral,0.8982270762342136,31
ENSG00000257987,SPMIP11,gene-driven,0.9084495894900841,31
ENSG00000258102,MAP1LC3B2,neutral,0.909231677410158,31
ENSG00000258223,,gene-driven,0.9437894198405559,31
ENSG00000258227,CLEC5A,gene-driven,0.8602482247665436,31
ENSG00000258484,SPESP1,neutral,0.8110089693943439,31
ENSG00000258818,RNASE4,neutral,0.8040561112368068,31
