cell_type,cell_type_group,cell_type_class,n_genes,n_high_expr,v7_gd_OR,v7_gd_p,v7_gd_n,v7_rd_OR,v7_rd_p,v7_rd_n,loo_brain_gd_OR,loo_brain_gd_p,loo_brain_gd_n,loo_brain_rd_OR,loo_brain_rd_p,loo_brain_rd_n,loo_tau_gd_OR,loo_tau_gd_p,loo_tau_gd_n,loo_tau_rd_OR,loo_tau_rd_p,loo_tau_rd_n,loo_campra_gd_OR,loo_campra_gd_p,loo_campra_gd_n,loo_campra_rd_OR,loo_campra_rd_p,loo_campra_rd_n,loo_double_gd_OR,loo_double_gd_p,loo_double_gd_n,loo_double_rd_OR,loo_double_rd_p,loo_double_rd_n,v7_gd_fdr,v7_rd_fdr,loo_brain_gd_fdr,loo_brain_rd_fdr,loo_tau_gd_fdr,loo_tau_rd_fdr,loo_campra_gd_fdr,loo_campra_rd_fdr,loo_double_gd_fdr,loo_double_rd_fdr
adipocytes,adipocytes,mesenchymal cells,4974,1069,1.3000117507802804,0.00047301477949794775,303,2.051078252489212,4.212534131283388e-08,102,1.2784366748999234,0.0014050810435832944,273,2.1060010361501265,7.336038007856837e-15,209,1.1822530665866997,0.015936633163692815,316,3.742838018741633,2.6582156034987958e-14,73,1.356936581975999,0.00013322405070863245,263,1.8213944729698217,6.452357611233254e-12,247,1.0909512767262437,0.14594672384282795,273,4.102937470247263,4.983761055603114e-38,198,0.0006807876265671397,3.81606033069201e-07,0.0018494229120669004,6.276388073388627e-14,0.03187326632738563,2.4080306055224385e-13,0.00019727407508778267,3.8217810466535424e-11,0.21020147329564604,5.4821371611634265e-37
adrenal cortex cells,adrenal endocrine cells,endocrine cells,4974,939,1.2785440241641208,0.0016045387403944287,265,1.6711210218236074,0.00017672458761136734,80,1.2515918026512647,0.004729051848828654,238,1.7068538898117387,1.1255381399493745e-07,165,1.1343381729941027,0.06371100282207702,272,3.2462411497971413,4.406953840788203e-11,62,1.2842872998255905,0.0023255131510566897,225,1.628026513428969,9.481677825949773e-08,206,1.02987705363943,0.3776138193778641,232,3.692849523357998,5.568589948674807e-31,172,0.001961102904926524,0.0007775881854900163,0.0056455347652683155,4.4444326551847094e-07,0.0783119633700608,1.8851969207816202e-10,0.0028422938512915096,4.2946423094007796e-07,0.42447100864373044,2.95711328308938e-30
adrenal medulla cells,adrenal endocrine cells,endocrine cells,4974,656,1.2010142548315264,0.030259782606012104,180,2.6256985049968415,6.268959756168535e-11,79,1.2175475475038924,0.025189865776108943,165,2.2564541046039968,2.723895332766009e-13,142,1.1245270192031138,0.11184699723181864,190,3.6682457186674617,1.4458732442100851e-11,51,1.2228407386619802,0.025618080012266793,154,2.088092856766858,5.440201630825756e-13,172,1.0174247252641133,0.446509853135366,161,4.128612039153626,6.9675089266401495e-31,139,0.03127521155252258,1.072688669388838e-09,0.027908196615257393,1.6133841586383282e-12,0.12215913172836929,6.958264987761034e-11,0.02778298818231751,4.654394728595369e-12,0.4842430801608899,3.576654582341944e-30
alveolar cells type 1,alveolar cells,specialized epithelial cells,4974,1059,1.313625460613224,0.00030138425945890225,302,1.0574632002541564,0.37344716881005213,65,1.315795584010303,0.00041865819574825504,275,1.0968148046230048,0.19935608095802268,139,1.1472217450770457,0.040592789021237696,308,2.118447211468034,2.6672018382064227e-05,53,1.378348147607257,6.458633429374336e-05,263,1.0239450462807953,0.4165073824189186,173,1.1226747941665938,0.07899840836284809,275,2.1945960698689957,4.930505435827183e-12,143,0.0004784863500687726,0.6105470393209341,0.0005914987352773511,0.34112040519483877,0.05897442933274156,4.4646639465629245e-05,0.00010694941377673631,0.735966929594028,0.1351750543097623,9.491222963967327e-12
alveolar cells type 2,alveolar cells,specialized epithelial cells,4974,1066,1.3707875880985383,3.244997848631959e-05,311,1.0702466960352424,0.3418611847248631,66,1.395858958589586,2.0893017598997256e-05,286,1.1096564360971142,0.16855263432692946,141,1.2302973112993096,0.0037872071682322566,322,2.2316348127585806,6.544806379209034e-06,55,1.4377056200720457,6.433957899323699e-06,271,0.9697499365679005,0.6429579965225845,168,1.1891784292435759,0.015842831637666418,286,1.994184688494221,1.5587747033116687e-09,136,7.808276073270651e-05,0.585292925844924,5.264103845834045e-05,0.29496711007212656,0.01121595969053399,1.1998811695216563e-05,1.8015082118106358e-05,0.9999999933075148,0.04356778700358265,2.5811968205376017e-09
astrocytes,glial cells,glial cells,4974,1123,1.150448483184191,0.03903949144378052,297,2.4663425728500354,1.81912301181405e-12,118,1.1464814762563134,0.04861515592532266,269,2.3127068186055184,4.581929516545365e-19,229,1.045713664133726,0.2905175839828298,310,4.517363840130411,1.4687243128165398e-18,82,1.1614344144661308,0.03817126051460305,252,2.2806534378457264,3.244801398642913e-22,290,0.9843843250202374,0.5927129067853583,270,4.510080971659919,6.70408797645459e-44,213,0.04008054454894801,3.501811797742046e-11,0.05199056692717182,8.820214319349828e-18,0.29434018377207755,3.231193488196388e-17,0.04054051116723359,7.13856307701441e-21,0.625190326335241,1.47489935482001e-42
b-cells,b-cells,blood and immune cells,4974,1130,1.4213908028706148,2.5737936633035895e-06,335,1.0090243841523823,0.49906552687957983,67,1.4726638279937772,5.413465570937027e-07,311,1.0729313556518862,0.2590564593154944,146,1.2324852493326324,0.0029799125447844688,341,1.8832714904143475,0.00033120653234481494,52,1.51036023567559,1.9162536096847524e-07,294,1.0452168377276367,0.329052923777473,187,1.1704148457114012,0.02351328569302972,300,2.251308085977482,3.915087920365787e-13,153,1.165777129849273e-05,0.7534910896025028,2.6892699933042006e-06,0.4244116461126185,0.008998167292094279,0.00048118684887831604,9.221970496607872e-07,0.620619894729736,0.05840396768913834,8.373938051893489e-13
basal keratinocytes,basal cells,specialized epithelial cells,4974,1090,1.3899299805340073,1.2883881083985624e-05,320,0.8334027046658342,0.8989877823566772,56,1.4571997471554994,1.4197072515185105e-06,299,0.9855712295367468,0.5729763792669842,133,1.2024467906820848,0.008507666884800445,325,1.8573390894819466,0.0004988048320593268,50,1.4974149193202624,4.578287461809374e-07,283,0.8246870948109338,0.9800645864884302,154,1.1800886479278136,0.019380099896717996,291,1.8369912717916324,9.92800434372916e-08,132,3.968235373867572e-05,0.9998241684620686,6.115233209741343e-06,0.824657592589865,0.019552066365157477,0.000704733432450792,1.9584896364406766e-06,0.9999999933075148,0.04974225640157619,1.4156598786428618e-07
basal prostatic cells,basal cells,specialized epithelial cells,4974,1017,1.3930216163262317,1.7642350779411202e-05,300,1.3919891085569327,0.011370426268060334,76,1.4276237916748866,8.02017059203074e-06,277,1.4156916424669626,0.0003839899083848236,158,1.2328780990972381,0.003994223940360084,308,3.0082130965593783,4.6541582320273965e-10,63,1.4447959396509769,6.710468780452116e-06,260,1.2712222235475137,0.005480433148247185,191,1.1574732335267892,0.0381868526498506,269,2.8534796951755332,1.4591362819101456e-20,160,4.882139558792715e-05,0.035735625413903904,2.375204367639873e-05,0.0011826889178252567,0.011605858241800998,1.748147238371266e-09,1.8376251243465866e-05,0.018347537061523186,0.08303477362449457,5.3501663670038673e-20
bergmann glia,glial cells,glial cells,4974,1095,1.268998844240465,0.0012724563070496853,306,1.8263619074884463,4.223308849754471e-06,97,1.259360555387004,0.002382907014749654,277,1.8753635342973474,5.184118255708192e-11,200,1.132484311415116,0.05545113877811995,316,4.056780763164449,4.449549516436009e-16,77,1.2608867439957103,0.0028573268000111436,258,1.8570773263433813,8.769393792414037e-13,255,1.0737873649341432,0.19436392895212054,277,3.69624159594401,7.542954649740701e-33,192,0.00160621533840698,2.1679652095406285e-05,0.0030079318055036617,2.494856910559567e-10,0.07265230697472952,4.8945044680796106e-15,0.003411072303889272,7.10782444227243e-12,0.2558294449455262,4.467750061769492e-32
brain excitatory neurons,neuronal cells,neuronal cells,4974,1158,1.1367630028051574,0.052151069480682814,304,3.495016083555061,1.5920861280885238e-23,144,1.116633151393278,0.08970163848727383,273,3.1536989032901297,6.873969154284458e-36,273,1.05409440113794,0.2530777028250057,321,6.345249294449671,4.7927278948202755e-27,95,1.1113068783449904,0.10622133093621618,253,2.7077844311377244,1.1614267734244913e-32,323,0.9696982982236934,0.6655565358707681,276,5.658137435736431,3.564769113952943e-58,237,0.053187183443875186,1.2259063186281633e-21,0.09271176058416221,5.2929562487990325e-34,0.25982644156700585,3.690400479011612e-25,0.10691558800115876,8.942986155368583e-31,0.6878906478127402,2.744872217743766e-56
brain inhibitory neurons,neuronal cells,neuronal cells,4974,1147,1.1022070664014398,0.11176769018405755,296,3.651314671722835,4.322533752561352e-25,146,1.0713178399712466,0.20653349673024757,264,3.2816061214130214,2.827132009997941e-38,276,1.0128937594250926,0.44661734375302575,311,7.057121067683508,7.077718097095812e-30,98,1.0916562444166518,0.15282557094194102,248,2.8466919144885248,7.657916646760804e-36,328,0.9436315817592804,0.7795402910059324,269,5.677514345622695,2.6343631997611494e-58,236,0.11249819796303832,6.656701978944483e-23,0.20653349673024757,4.3537832953968294e-36,0.4495364113592547,1.089968586952755e-27,0.15282557094194102,1.1793191636011637e-33,0.7795402910059324,2.744872217743766e-56
breast hormone-responsive cells,luminal cells,glandular epithelial cells,4974,1102,1.521786931286276,2.8004739683753256e-08,339,0.8020916102830817,0.9366352586776088,55,1.557545383888518,1.3081255187226821e-08,313,0.8181120144534779,0.9727321168306445,118,1.3269260484769045,9.936972326674217e-05,346,1.8303328936137193,0.0006519406659398203,50,1.5867452890655045,7.3240044137515705e-09,295,0.7735762077230446,0.996641521086695,149,1.2904759631182647,0.0006006691244453703,309,1.7189322381930185,2.0411659280414607e-06,128,3.9206635557254557e-07,0.9998241684620686,1.6787610823607754e-07,0.9999900707622584,0.0012427528706058868,0.0009127169323157484,8.67612830552109e-08,0.9999999933075148,0.0074787552831955045,2.8066031510570083e-06
breast lactating cells,secretory cells,glandular epithelial cells,4974,1002,1.7051955574583826,7.571707830403233e-12,329,0.6298003072196621,0.998058442865077,41,1.7735993023762808,8.817998467740387e-13,307,0.6984074955409024,0.9993073332120801,95,1.4847357197895077,1.8828079158020163e-07,335,1.2843833185448092,0.1196930330773344,36,1.808873326150531,4.855556623051012e-13,290,0.6512789299594395,0.9999880358956675,119,1.4352209849543491,3.545517136730593e-06,299,1.322827417380661,0.013749400325987628,99,1.1660430058820978e-09,0.9998241684620686,1.3579717640320196e-10,0.9999900707622584,2.8995241903351052e-05,0.12288484729272997,7.47755719949856e-11,0.9999999933075148,0.0005460096390565113,0.014704219793070104
breast myoepithelial cells,secretory gland support,specialized epithelial cells,4974,945,1.4502217309402963,2.8578188216488615e-06,286,0.8264828339362501,0.8966384439188008,48,1.5337046410494046,1.804845827812814e-07,269,0.8220180131812796,0.9620109046753721,101,1.2895817255749344,0.0008043609566344091,294,1.8430376504738324,0.0009244851684632673,44,1.59895531713859,2.2184041544354838e-08,257,0.7574525745257452,0.9970457940857077,125,1.2855812526704427,0.00127744223502166,266,1.455269787333763,0.0015591424616689389,100,1.2225113848164575e-05,0.9998241684620686,1.2084619890572753e-06,0.9999900707622584,0.0044239852614892505,0.001282619062552641,1.897967998794803e-07,0.9999999933075148,0.012356189977158514,0.001818999538613762
breast secretory cells,secretory cells,glandular epithelial cells,4974,1088,1.4613282642271592,5.622647719798479e-07,328,0.7039319017340129,0.9900659104101339,49,1.5262349909534514,6.522216535700373e-08,306,0.7378217821782178,0.9976681477069733,108,1.2842960480261343,0.0005473214496938329,336,1.4817316017316018,0.02296252145764091,43,1.5711195797713462,1.7327744894489675e-08,290,0.672114727976326,0.9999762649284032,133,1.2656038688091322,0.0014855786663177848,302,1.437128205128205,0.0014020199623001881,113,3.7647293428215907e-06,0.9998241684620686,5.580118591654763e-07,0.9999900707622584,0.0034227311787411807,0.026588182740426316,1.7789818091676066e-07,0.9999999933075148,0.012709950811829936,0.001648176138887244
cardiomyocytes,myocytes,muscle cells,4974,1138,1.130900395092535,0.06091482377636616,298,2.0042801475770013,7.388095975533075e-08,106,1.0926379171576828,0.14409718406106278,265,2.012146322076253,1.303935895413255e-13,215,1.051056538578372,0.2668982226670476,315,3.1578315567079613,2.960716372508422e-11,70,1.121007371007371,0.08924115922372405,250,1.8334351818845378,1.502834915854149e-12,262,0.9623934608442475,0.6987703580770253,270,3.221743022998354,1.1232744632720944e-26,185,0.061716334615528876,5.98824621174786e-07,0.14503899572159262,9.127551267892786e-13,0.27220083636241943,1.3682195822609062e-10,0.09041538500298359,1.1020789382930425e-11,0.7033374846004045,4.8051185373306264e-26
cdc,dendritic cells,blood and immune cells,4974,1109,1.363675990450197,3.448387002810523e-05,322,0.9114775269807844,0.7556090501713915,61,1.4405569833592204,2.556114232387822e-06,302,0.9715197259247363,0.6264431028446715,134,1.165538330716902,0.02360534163278601,325,1.6493073036117172,0.0044426708476174885,47,1.444824569164676,3.6821021491373e-06,282,0.9378883461411995,0.7663149745393768,171,1.1452992707743885,0.04524737388444178,291,1.7917942946062009,2.922726020636743e-07,132,7.926143260191352e-05,0.9821436151952451,9.841039794693114e-06,0.8770203439825403,0.039947501224714785,0.005654308351513167,1.1408273913699763e-05,0.9999999933075148,0.09545336408498677,4.1293560291564995e-07
cholangiocytes,ductal cells,specialized epithelial cells,4974,851,1.3823663139189015,7.87669132985485e-05,252,1.1278820573455512,0.2398409589781436,55,1.3971774193548387,7.654288221961834e-05,231,1.0548255465708296,0.33627622570207294,109,1.2326967592592593,0.006646340859680638,259,1.8335845092935106,0.0014335254003508316,40,1.437123690323804,2.934586637355975e-05,219,0.929244208913822,0.7740344772743751,130,1.1839323641002373,0.027488003681103438,229,1.678729790422451,2.6767399599896998e-05,100,0.000157533826597097,0.4627829940292294,0.00013706516118396772,0.5338818428672086,0.01624661099033045,0.001936516768894983,5.629303721145483e-05,0.9999999933075148,0.06614300885765514,3.435149615320115e-05
choroid plexus epithelial cells,ciliated cells,ciliated cells,4974,1079,1.1818209251669327,0.018668980859179934,290,1.9271986114033242,5.680730956583058e-07,99,1.1411680022477735,0.05737457741561588,258,2.1676851087255713,4.840472512989713e-16,214,1.0839208352812841,0.15604476824248284,304,3.592850049652433,1.6356994387223827e-13,72,1.1503579952267302,0.051418401700696774,241,1.9866455584234137,2.352615746390176e-15,261,0.9818784089739632,0.604017201279594,259,3.9998073663122207,9.027258668285203e-37,197,0.01996543786328965,3.4993302692551637e-06,0.06010670014969282,6.7766615181855975e-15,0.16459516650234493,1.2594885678162348e-12,0.05386689701977757,3.0191902078673925e-14,0.6327799251500509,8.177634323034832e-36
colonocytes,enterocytes,glandular epithelial cells,4974,1101,1.365312067646882,3.3613773857147e-05,320,0.9820737515422806,0.5734408040039649,64,1.3884596735089705,2.3090634300606984e-05,294,0.8683047452109678,0.9157576695626775,123,1.2011930856311492,0.008633379953446159,328,1.559741835834069,0.01093498682127139,45,1.4626701212067066,1.8508813584380372e-06,282,0.789593706917525,0.993855694988281,151,1.1739646749138808,0.022378064122541234,293,1.5314068730099537,0.00018318627379372272,119,7.926143260191352e-05,0.8410465125391485,5.4244854545208044e-05,0.9999900707622584,0.019552066365157477,0.013156156019342141,6.6287378883594824e-06,0.9999999933075148,0.056495440571661476,0.00022568548931386638
cone photoreceptor cells,neuronal cells,neuronal cells,4974,784,1.3126188092232234,0.0011344266279365728,226,2.202765288073345,2.872265399261548e-08,82,1.2741708712125566,0.0044095360164475225,202,2.2039083267476114,4.9736056813139376e-14,164,1.1619293515514326,0.04477215148643559,231,3.1252789977680178,1.0772548602713524e-09,53,1.3391389994664915,0.0009614937583712797,194,1.9617926447684126,2.4053173709927742e-12,195,1.0824910557603624,0.20004155909266927,200,3.727763986057825,6.039142906357729e-29,151,0.0014558475058519351,2.9013781358499085e-07,0.005305223019788426,3.647310832963554e-13,0.06325606723771635,3.9499344876616255e-09,0.0012136888425342382,1.6105168484038577e-11,0.26107118729043277,2.906337523684657e-28
conjunctival goblet cells,goblet cells,glandular epithelial cells,4974,884,1.3418811110611144,0.0002606711587112988,257,1.1255610435923187,0.24040675014505425,57,1.3618371171480481,0.0002039307882733277,236,1.1323436797121007,0.14076889138233192,119,1.154948148148148,0.04373090867218,259,2.442127930308814,1.4580024121525309e-06,50,1.4044769301050708,7.059596332656434e-05,224,1.0289849084279354,0.4046929727863142,145,1.1124869261149877,0.11351263515292981,229,2.0014336527293843,8.7384660229554e-09,116,0.00042705700469723425,0.4627829940292294,0.00032376640612466457,0.25207452642882694,0.06235703643996037,2.9543733088353915e-06,0.00011565721651373306,0.7246827652220045,0.17307867142129893,1.3457237675351317e-08
corticotrophs,pituitary endocrine cells,endocrine cells,4974,1053,1.3429539752637216,0.0001035694239543655,304,1.9607893677003625,3.301408028156981e-07,98,1.3631735677821895,7.847065005595893e-05,279,1.8706893687707642,1.0045166403387322e-10,193,1.2432808025416138,0.0025757352193585613,320,3.508490492213788,5.820256485506547e-13,70,1.372888968738771,8.115518395017788e-05,261,1.5934804865409165,1.2228615664507027e-07,226,1.162577686447474,0.032083555375412985,279,3.3416533333333334,1.3794910431103646e-27,178,0.00020189482644268717,2.3109856197098865e-06,0.00013890207021399626,4.68774432158075e-10,0.008229644005913491,3.734664578200035e-12,0.00013018644092007702,5.23113003426134e-07,0.07486162920929697,6.437624867848368e-27
cytotrophoblasts,trophoblast cells,trophoblast cells,4974,1057,1.5573982211655162,7.487209167408272e-09,330,0.6578517467805687,0.9965399938852758,45,1.6553922102312162,1.714192600948357e-10,311,0.6933623388553818,0.9995609884492725,100,1.3309136891359028,0.00010490770985634108,333,1.290623606030868,0.11013075419066345,38,1.6936083099552657,6.952891794676145e-11,294,0.6302524995334626,0.9999980771117408,123,1.3151781461959602,0.0002940310136696915,300,1.3017155835080363,0.01748721675924193,103,1.9217170196347897e-07,0.9998241684620686,4.626316178463655e-09,0.9999900707622584,0.0012427528706058868,0.11382641708296759,1.6620394754521053e-09,0.9999999933075148,0.005489198702328196,0.018572630213263844
decidual stromal cells,stromal cells,mesenchymal cells,4974,1062,1.4132838361231355,5.6943994730922226e-06,315,0.784240581734522,0.9503058019644023,52,1.496125820600945,3.1881551060297375e-07,296,0.8425606493081108,0.9486960673512326,116,1.2603068573217826,0.0014110327876842494,325,1.4784683684794673,0.024511086547386863,42,1.5448308005246387,7.230541783351756e-08,281,0.7332169341232785,0.9993067268561202,138,1.234482524255348,0.0043354683386659905,291,1.427173258381851,0.0018390234566801414,110,2.1388719972102494e-05,0.9998241684620686,1.8184292086243688e-06,0.9999900707622584,0.0056495455992514555,0.028169457673862513,3.839667015986794e-07,0.9999999933075148,0.022255404138485417,0.002129395581419111
differentiating spermatogonia,spermatogenic cell types,germ cells,4974,1097,1.5255864180819512,2.4313366096114756e-08,338,0.5751099865939088,0.9997753741535123,42,1.5700183699433972,7.517033380445645e-09,313,0.7568609941572453,0.9955336645508439,111,1.3380802769855031,6.461166120854273e-05,346,1.3206489365429763,0.08586405796039143,40,1.6818608180601373,7.55472488841866e-11,303,0.7639687273313452,0.9976776636829467,147,1.2854275668073136,0.0007307607310421955,307,1.5393840548402893,0.00015574667516868524,119,3.7442583788016727e-07,0.9998241684620686,1.0523846732623902e-07,0.9999900707622584,0.0011398078737914128,0.09182683976319639,1.6620394754521053e-09,0.9999999933075148,0.00803836804146415,0.00019342732238691553
distal convoluted tubule cells,renal nephron cells,specialized epithelial cells,4974,1118,1.260266960880776,0.0015940773195368425,311,1.7740710387974974,1.0877758600164158e-05,97,1.1927244004021256,0.015645617916528017,274,1.9476543209876542,2.3032330068698834e-12,208,1.1292425747221853,0.05843715458115343,322,3.6226053639846745,8.540322670990748e-14,74,1.2181102362204725,0.009241598964667771,258,1.743879508301767,1.164983132767355e-10,251,0.9918874972312277,0.555125419442736,270,4.010026287775099,2.6474576935742107e-37,202,0.001961102904926524,5.4037897562105814e-05,0.017847593771446776,1.223096148475731e-11,0.07396071507833911,6.922156270171448e-13,0.010464751768814977,5.787335562779764e-10,0.593675795792926,2.718056565402856e-36
early primary spermatocytes,spermatogenic cell types,germ cells,4974,1132,1.4249836883735305,2.161934728560603e-06,336,0.7372026567809701,0.9811509557621897,53,1.4504944860574926,1.4295350360434308e-06,309,0.912282738008879,0.8227383789091335,131,1.3415938506011431,4.7096086188885135e-05,357,1.358075125497663,0.06239468461260078,42,1.544072221447219,4.085336465897075e-08,298,0.8851567834445087,0.9108000668844577,168,1.2454949321385071,0.0025478526245652443,311,1.6536617167692864,8.987706665330628e-06,128,1.0739933812849446e-05,0.9998241684620686,6.115233209741343e-06,0.9999900707622584,0.001036113896155473,0.06814738603078384,2.8597355261279523e-07,0.9999999933075148,0.018684252580145125,1.182997287573433e-05
early spermatids,spermatogenic cell types,germ cells,4974,1149,1.395088495823761,7.364157118221734e-06,337,1.0270709325396825,0.449148798407674,69,1.3962832001727488,1.3026511805177415e-05,307,1.0466843580607215,0.34291369528282756,146,1.3924068199841395,4.579819254020189e-06,369,1.331134632101038,0.07610476799433497,42,1.3518797977089478,0.00011301893336112013,281,1.0528502524759094,0.2994839634433961,191,1.3544342392689028,4.2633372657938684e-05,330,1.384310775758843,0.003383118770875977,116,2.577454991377607e-05,0.6943892054245705,3.4001403694869866e-05,0.5388643783015862,0.0001763230412797773,0.0819589809169761,0.00017232589839220297,0.5989679268867922,0.0013131078778645115,0.003775364425470293
endometrial ciliated cells,ciliated cells,ciliated cells,4974,1111,1.2970612017287049,0.0004489670293422875,314,1.1196768884268884,0.2307585495902731,71,1.3169107038248387,0.0003287782624055573,288,1.1462142341828054,0.09712524792385942,150,1.1486033114832728,0.03668083484152704,323,2.1757263548320624,1.0748757852722366e-05,56,1.3238532313210256,0.00035638379157966623,269,1.0729822108288667,0.2337570065368254,187,1.1556940929737365,0.035107462490755324,293,1.8554448556398335,5.1604434211411e-08,135,0.0006648165626799257,0.4627829940292294,0.0005013054694104537,0.18465787876881914,0.05431585159226119,1.9247775689758655e-05,0.000490027713422041,0.49313121926946735,0.07835578584893217,7.791257714271857e-08
endometrial glandular cells,glandular cells,glandular epithelial cells,4974,1127,1.302184855357044,0.0003506007438390347,319,1.0548330745341614,0.3766361606200568,69,1.293044874628009,0.0007153533179771594,289,1.0771685580635937,0.24679385965057035,146,1.1067643459905327,0.09602045795785263,321,2.2648996985760315,3.3161945226305635e-06,58,1.3094686996992875,0.000549593962638439,271,0.9808835619696012,0.5984479122393065,179,1.080400381635533,0.1710337907811838,286,2.054046480051785,1.5647504785615026e-10,145,0.0005476315338742396,0.6105470393209341,0.0009836108122185942,0.40866940200201973,0.10641856551049088,6.227975079086667e-06,0.0007172666970027085,0.9600101925505542,0.23309029894072836,2.769788203430706e-10
endometrial luminal cells,luminal cells,glandular epithelial cells,4974,1117,1.3307172590727532,0.00012355504798079394,320,1.2246289238015555,0.08227987941307564,76,1.3376891592504976,0.0001508259756433439,292,1.137092072965083,0.11112739226705494,150,1.1246297795460605,0.0651313815788749,321,2.3609524011809433,1.0296435861816972e-06,59,1.3379236148466918,0.00021308642430416063,272,0.9944137147252008,0.5402389993019983,179,1.1174405081409913,0.08385891019563037,289,2.0809606979934285,7.758209131340402e-11,145,0.00022924671553062974,0.19494002199405616,0.00024709787499015915,0.20618817360393324,0.07836119346208385,2.1427717874592078e-06,0.00030384545687815495,0.9043131075272579,0.14191507879260523,1.4056049485016728e-10
endometrial secretory cells,secretory cells,glandular epithelial cells,4974,1013,1.3266057028298064,0.00023051819713547196,291,0.962940848835914,0.6228564149440211,58,1.3910546060994735,3.415699733841344e-05,272,0.9676763105140566,0.6372225278874277,122,1.1340755789250052,0.05859225480232059,293,1.982878578314263,0.00015632797198727744,49,1.424837213172731,1.4835915306118311e-05,257,0.8683499414872868,0.9314385373297973,148,1.135419859895319,0.06311991049746925,265,1.8648932205586881,8.58878421283564e-08,125,0.0003901077182292602,0.89644755048018,7.079796902049016e-05,0.884074498150125,0.07396071507833911,0.00024074507686040725,3.217930925552423e-05,0.9999999933075148,0.12000575576062054,1.2361427745576528e-07
endometrial stromal cells,stromal cells,mesenchymal cells,4974,1142,1.279359014135872,0.000763210251228761,320,1.3035939750680205,0.030895419947220098,81,1.3360639248332948,0.00014447540484240748,298,1.4023270199694957,0.00034356538434732013,175,1.1562983041184292,0.028849214626646927,333,2.573853786185466,5.918707615446406e-08,63,1.3747211193042164,4.9541658079163976e-05,282,1.218820533595694,0.015130956216129041,208,1.1084466510983901,0.0992399059822665,294,2.926599110458985,1.46263194458783e-22,177,0.001013227402493355,0.08650717585221628,0.0002392388424272124,0.0010797769222344348,0.0457964344883097,1.5990894259276256e-07,8.477128160212503e-05,0.04660334514567745,0.15755613939452617,5.493788279671362e-22
enteric stem cells,stem cells,stem and proliferating cells,4974,1029,1.4070163922469594,9.208040110605396e-06,305,0.9430067708219209,0.6746552032921649,58,1.473433660933661,1.1122965274966767e-06,285,0.9243601844971515,0.7810775500402842,120,1.2290774741770807,0.004351098222121314,311,1.6497852401405702,0.005235047487048831,44,1.5562487793618949,5.9191056701307005e-08,274,0.8157916494419182,0.9829720480261892,144,1.2170704412787707,0.007877489480380103,280,1.512680186229743,0.00036243887699707547,111,3.0826916892026767e-05,0.9262826855590605,5.0380489774849475e-06,0.9999900707622584,0.012183075021939679,0.006449578504044159,3.61634757564992e-07,0.9999999933075148,0.029756997105299436,0.00044115416068328235
enteric transient amplifying cells,proliferating cells,stem and proliferating cells,4974,1041,1.4381575465586305,2.254202823809471e-06,312,0.9497493341688861,0.6580183353709548,59,1.500618811881188,3.112178163078349e-07,291,0.8774285190615836,0.8953033757847333,117,1.2544531640528163,0.0018436589785529645,318,1.6248360466013425,0.006516831928555878,44,1.5772259236826165,2.066899631052424e-08,279,0.8019414307855454,0.9892352050609363,144,1.2465848806366047,0.0031602825116224414,287,1.4882567388422447,0.0005767361972435488,111,1.0848351089583079e-05,0.9212256695193367,1.8184292086243688e-06,0.9999900707622584,0.006602871690631548,0.007902300133839411,1.8723679010710195e-07,0.9999999933075148,0.020157237025992536,0.0006885067781047016
enterocytes,enterocytes,glandular epithelial cells,4974,1055,1.354766708033619,6.495782368325692e-05,306,0.8913207771475153,0.7961374108666212,57,1.3939935106166819,2.393398402312364e-05,283,0.8202696390658174,0.9691566622398995,113,1.2175883940835495,0.005810557061951879,317,1.4914228240421687,0.022081704417381925,42,1.4532993630573248,3.7039850369155075e-06,270,0.7555224374896506,0.9981223926158407,140,1.1882121548572326,0.016588924582290512,283,1.3240067663329218,0.012164925202493668,104,0.00013162506377923112,0.9887513005924166,5.501244088897076e-05,0.9999900707622584,0.015166538771874395,0.02576198848694558,1.1408273913699763e-05,0.9999999933075148,0.04404645492539205,0.013100688679608565
ependymal cells,ciliated cells,ciliated cells,4974,1113,1.2113265845428305,0.007627266163730937,303,2.31085,7.99187581107959e-11,113,1.17141520246921,0.02723728317410518,270,2.287197503998322,1.6603298719147577e-18,226,1.1254512311479123,0.0641545853167874,320,4.31979955583395,1.6253005687350796e-17,80,1.1550205361003025,0.04465987066911398,249,2.0129591083059157,3.628411383551569e-16,270,1.0507673565678117,0.2772315109238427,278,3.7305964052287583,1.7287866700911033e-33,195,0.008511586878366407,1.2307488749062568e-09,0.029961011491515695,2.5569080027487268e-17,0.0783119633700608,2.5029628758520223e-16,0.04710698687016132,5.5877535306694166e-15,0.32841271294055213,1.2101506690637723e-32
epicardial cells,barrier epithelial cells,specialized epithelial cells,4974,902,1.1776151801328043,0.02851380366339642,243,1.967829402292318,8.831824113723916e-07,86,1.1116611571060226,0.12113226442716847,213,2.0753325557234,4.3005407071323417e-13,179,1.123371992643471,0.08371554114883067,260,3.625866575747244,5.688955590994877e-13,64,1.1570384690141362,0.05598282899483088,203,1.9111854665300134,1.7402550514534867e-12,218,1.0533961843065582,0.28388595486614693,226,3.1609969288920388,1.7239171451443284e-23,154,0.029669768676777352,5.231157359667243e-06,0.12272611001173649,2.4529009959199283e-12,0.0941036009994155,3.734664578200035e-12,0.05825240314326997,1.2181785360174407e-11,0.33120028067717144,6.637081008805665e-23
epididymal basal cells,basal cells,specialized epithelial cells,4974,1084,1.395413882498996,1.0595142627487433e-05,319,0.9196452521459227,0.7349408557763153,60,1.4895028119468532,3.589837038377055e-07,301,0.9612137626903828,0.6633192952131649,130,1.2568008389721537,0.0014839257542334657,331,1.93054959531342,0.0002213651206184577,51,1.541005101309131,7.065615643562991e-08,286,0.8237291174502828,0.9804308770708469,153,1.2433454541382891,0.003103638661590305,298,1.5865871002741816,5.6246197862636624e-05,120,3.399274926318885e-05,0.9756973430133842,1.9063272548622982e-06,0.8973324024091911,0.0056495455992514555,0.0003375270155964603,3.839667015986794e-07,0.9999999933075148,0.020157237025992536,7.158607000699207e-05
epididymal clear cells,reproductive supporting cells,specialized epithelial cells,4974,807,1.470105223391371,4.554827118024604e-06,248,0.8818376963350786,0.7932126970530725,43,1.4901340249727846,4.09801391302601e-06,228,0.9004523307786264,0.823692874014019,92,1.2775553454295387,0.0021621034872097208,251,1.6265074051996882,0.011228788404436457,35,1.5287521781953177,1.6962002847745692e-06,216,0.8148904132507947,0.9737102605219206,112,1.2538843513133306,0.00545809333468616,225,1.545577285548144,0.0005198201951252603,90,1.77101687893561e-05,0.9887513005924166,1.4343048695591037e-05,0.9999900707622584,0.007399198600673266,0.01340491018824197,6.219401044173421e-06,0.9999999933075148,0.025471102228535412,0.0006254086722600788
epididymal efferent duct absorptive cells,ductal cells,specialized epithelial cells,4974,1107,1.424887804452965,2.5548848152978964e-06,329,0.8937860471980029,0.794690290556262,60,1.4628915153081605,9.83291719080411e-07,304,0.9426123222910006,0.7291120264377471,131,1.2584398696232246,0.001303776582506239,338,1.6532972165141042,0.0042825986512329715,47,1.4679922341380949,1.4217677478296648e-06,284,0.8755454593832318,0.926343439155804,163,1.235235602958658,0.0037757688029901506,303,1.643339096543539,1.3109962327051402e-05,125,1.165777129849273e-05,0.9887513005924166,4.588694689041918e-06,0.9596859151402825,0.005577266491832244,0.005496001602415646,5.34029836989679e-06,0.9999999933075148,0.020444559440239034,1.710961185055861e-05
epididymal efferent duct ciliated cells,ciliated cells,ciliated cells,4974,998,1.395875286545924,1.7753234759246233e-05,295,0.9599416416001729,0.6301644918361324,57,1.4172265082497724,1.3711735318451878e-05,271,0.96559116930882,0.6440650742937001,120,1.2750530651260208,0.0010658355937949262,308,1.7171423963876795,0.002879264746303315,44,1.4110254691689008,2.7292150559753845e-05,252,0.9051161103047896,0.85597836847031,150,1.2663945700275088,0.001938274645425863,278,1.4101601489757913,0.0030513054395347123,103,4.882139558792715e-05,0.8985678865070776,3.5193453984026485e-05,0.8855894771538376,0.005227565442820767,0.003757684499412801,5.3884502387206313e-05,0.9999999933075148,0.01571022607345173,0.003429934581666757
epididymal principal cells,reproductive supporting cells,specialized epithelial cells,4974,1084,1.6136688412550482,3.105232891918345e-10,344,0.7818056902683479,0.9535048153111345,53,1.652601103893716,1.4133049937185235e-10,318,0.7510663410663411,0.99620988775423,109,1.4222535469209148,1.7681865692831302e-06,353,1.540162721893491,0.013535030361972181,44,1.6953996344433253,4.498753006638324e-11,301,0.7928748038804965,0.992812661982891,149,1.3931412331717035,1.206418968982004e-05,317,1.4056864097762884,0.0026241154328167536,111,1.8143911200514025e-08,0.9998241684620686,4.626316178463655e-09,0.9999900707622584,0.00010851545970980932,0.015911409738501647,1.6620394754521053e-09,0.9999999933075148,0.000928942606116143,0.002993435382620593
erythrocyte progenitors,erythrocytes,blood and immune cells,4974,901,1.4759232409381664,1.4568640073944975e-06,276,0.8333735824040533,0.8831944124821525,46,1.5419989903155356,2.0172618192355278e-07,258,0.9499830746408339,0.6920755074835969,107,1.2585817156791732,0.0026185230927906564,277,1.7670723755705282,0.002319822799196965,41,1.6007929463281851,3.445541175640288e-08,246,0.8843195589705147,0.8940232349283727,133,1.207778193296486,0.013771294714013662,245,1.9760551948051948,1.3871548006956677e-08,117,8.309520634768615e-06,0.9998241684620686,1.294409667342797e-06,0.9187898978661546,0.008229644005913491,0.00305344197501139,2.5267301954695447e-07,0.9999999933075148,0.03975105125277065,2.1150677159122063e-08
erythrocytes,erythrocytes,blood and immune cells,4974,717,1.3967553210581098,0.00013222995461013994,215,0.8227772159275956,0.877361010008067,36,1.4210029960288184,9.730763585949176e-05,198,0.7802536231884057,0.9762670771002884,73,1.2126470588235294,0.016968741685182507,217,1.5317148989712086,0.030121067695973003,30,1.475754840827043,2.5906442138075784e-05,189,0.737871186440678,0.9962666632823441,92,1.1681238564391274,0.05053332681144513,192,1.4507620782208588,0.004128843021623125,77,0.00023956956482307709,0.9998241684620686,0.00017028836275411057,0.9999900707622584,0.03280007809355606,0.034107679596910606,5.181288427615156e-05,0.9999999933075148,0.10337515368793677,0.0045417273237854374
esophageal apical cells,apical squamous epithelial cells,squamous epithelial cells,4974,1075,1.416269102302622,4.600043841391195e-06,319,0.7153956156328891,0.9868179713273946,49,1.3933948237152118,2.188732397006867e-05,288,0.750615868205228,0.9961734349825712,108,1.2832701373026767,0.0005965086942099441,332,1.3089334419609648,0.09526225035718636,39,1.4363288565734258,6.422810497066367e-06,273,0.6841420054304058,0.9999478049063603,133,1.1939732353218357,0.013673112575566007,289,1.4028895294346495,0.002833432980055035,110,1.77101687893561e-05,0.9998241684620686,5.2666373302977736e-05,0.9999900707622584,0.003533166881089669,0.10117507968970137,1.8015082118106358e-05,0.9999999933075148,0.03975105125277065,0.0032084461685917306
esophageal basal cells,basal cells,specialized epithelial cells,4974,1060,1.4781861047310025,3.2335787938092664e-07,322,0.602094568680093,0.9993299358297719,42,1.5485287659200702,2.988656117943755e-08,301,0.6189543313081962,0.9999900707622584,92,1.2719200798340915,0.0009471965887359763,326,1.4315574183962654,0.036797154197611905,41,1.6216767179138707,2.1741349123506636e-09,288,0.5604936449893866,0.9999999933075148,113,1.238519372405608,0.0038499495049800774,291,1.2414053905390539,0.04368065228551976,100,2.489855671233135e-06,0.9998241684620686,3.279606930918956e-07,0.9999900707622584,0.0050299405057013915,0.0410634909161756,3.0437888772909294e-08,0.9999999933075148,0.020444559440239034,0.04576068334673499
esophageal suprabasal cells,suprabasal cells,squamous epithelial cells,4974,1048,1.4996557359625762,1.3234215271945462e-07,321,0.611272603423285,0.9990589539210533,42,1.5117287510091109,1.7901807302572743e-07,294,0.6832457843638222,0.9997076451929461,98,1.3363911580438776,8.827888300315541e-05,331,1.3052025202520252,0.09992466670550379,38,1.5903118300112504,1.0621603023067463e-08,282,0.5899279672715408,0.999999901236553,116,1.2947187856760094,0.0006313234979320881,295,1.279831045406547,0.025059636975486056,101,1.3587127679197343e-06,0.9998241684620686,1.2084619890572753e-06,0.9999900707622584,0.0012359043620441758,0.10468298416767065,1.168376332537421e-07,0.9999999933075148,0.0074787552831955045,0.026432767768663375
extravillous trophoblasts,trophoblast cells,trophoblast cells,4974,1065,1.545397317171767,1.24800643977088e-08,331,0.5639255760146534,0.9998241684620686,40,1.6639147802929428,1.0052037891458772e-10,314,0.6235695631528965,0.999987482326385,93,1.3127505459048985,0.00020546382321923355,333,1.1860683048729697,0.21692364501582126,36,1.6933090977016862,6.36427405635161e-11,296,0.5829364123283355,0.9999999542775335,117,1.3058709822821677,0.0003983048933633692,301,1.1108024691358025,0.21453196314552087,93,2.1354776858301723e-07,0.9998241684620686,4.626316178463655e-09,0.9999900707622584,0.0018612605162212923,0.21834144661723184,1.6620394754521053e-09,0.9999999933075148,0.006133895357795885,0.21879418757887556
fallopian secretory cells,secretory cells,glandular epithelial cells,4974,1071,1.4770187908817027,3.11741176054409e-07,325,0.9556631956299079,0.6437859304967386,61,1.5210184552289816,9.623701306905765e-08,301,1.000099632687492,0.5175548897941717,132,1.292000650386402,0.0004391752974408038,332,2.0868989763209598,3.7068418945484185e-05,53,1.5628602586072597,2.9641192611572613e-08,285,0.8708835430201021,0.9314949685815855,157,1.2697688915075207,0.0013639949974785372,298,1.8603762515644555,6.08659864542669e-08,131,2.489855671233135e-06,0.909569112811906,7.800263164544673e-07,0.7663793560413696,0.0029405650350384253,6.072911188941026e-05,2.402496664306412e-07,0.9999999933075148,0.012356189977158514,9.100351372773887e-08
fallopian tube ciliated cells,ciliated cells,ciliated cells,4974,1067,1.4099152132716883,6.364444459841663e-06,316,1.0467442308365724,0.40007532732357926,65,1.4202815068710528,7.79822584552459e-06,289,1.005552158493335,0.4969060380827049,132,1.2860376018815733,0.0005556381783670748,330,2.1623364348574907,1.5189675647485142e-05,54,1.4354449148278106,6.994387719403501e-06,271,0.9171928852248913,0.829005658934173,162,1.2703139717425431,0.0013568892313455282,297,1.580226646701052,7.023604109396106e-05,118,2.2793591786409678e-05,0.637807000525147,2.3639528875810027e-05,0.7429468918906462,0.0034227311787411807,2.6283258985536086e-05,1.8376251243465866e-05,0.9999999933075148,0.012356189977158514,8.865860924975413e-05
fibro-adipogenic progenitors,fibro-adipogenic progenitors,mesenchymal cells,4974,1118,1.2827307904919845,0.0007328108461147708,314,1.9579880736323567,2.3086283906038526e-07,103,1.2706065822188874,0.0015576684758726268,284,2.0686767169179228,1.6478559076786676e-14,215,1.1164319040978306,0.07834775731254666,320,4.293324266122634,2.1608728072994255e-17,80,1.327227330261679,0.0003088757187393605,271,1.9011772136735383,7.865353389711075e-14,263,1.0622763082179232,0.23238395824890257,281,3.832969247083775,6.340703252502283e-35,198,0.0009813293069710844,1.7776438607649665e-06,0.002032889366816818,1.3356305778027094e-13,0.08937447871209026,3.0252219302191953e-16,0.00042853027644920293,8.075096146770036e-13,0.2909522729295203,4.6498490518350075e-34
fibroblasts,fibroblasts,mesenchymal cells,4974,1189,1.253580344238602,0.0016423031458221203,329,1.300673320487562,0.03038484541256932,84,1.3232750394262354,0.000194551084955276,308,1.282434442147885,0.0063413131110169885,172,1.1291205375275768,0.0546790493768975,342,2.730661737197685,6.067973267999125e-09,67,1.3584462958380306,7.497256512408838e-05,291,1.1889679392297596,0.028011219475872345,213,1.096317985872578,0.12298978490724449,304,2.3466333658219622,1.0298302281986944e-14,163,0.0019914542083197366,0.08650717585221628,0.0003120923654490886,0.01743861105529672,0.0725911517589846,1.988229538876309e-08,0.00012153447399062747,0.07567943507516388,0.18094112675158047,2.6432309190433154e-14
foveolar cells,gastric glandular cells,glandular epithelial cells,4974,1048,1.438334847108689,2.1252489115997778e-06,314,0.9201719320868257,0.7315210627930444,58,1.437141851733478,4.422019284318531e-06,286,1.0435291438979963,0.3592956082718966,133,1.2686505711445373,0.0011081162803552765,322,2.0829149933065594,4.261322366613503e-05,52,1.4991009198082652,5.897163004402232e-07,273,0.9251126126126126,0.803855883642819,160,1.1943857173099992,0.014235866585876255,282,1.9682169601295285,3.822980313726763e-09,133,1.0739933812849446e-05,0.9756973430133842,1.5133132661890085e-05,0.5543016998591448,0.005227565442820767,6.907827836405047e-05,2.4544948721025507e-06,0.9999999933075148,0.03986042644045352,6.007540492999199e-09
gastric chief cells,gastric glandular cells,glandular epithelial cells,4974,949,1.4863024299644019,5.987095979596503e-07,291,0.865616574428835,0.8366863344064392,50,1.5330143846677242,1.7850431762423248e-07,270,0.9180198901939969,0.7926470582197269,110,1.2641409317627084,0.0018402977324721262,292,2.2286667726044813,1.2135689373120256e-05,50,1.5877658164077,3.432780093904495e-08,257,0.794835347074153,0.989374039434895,130,1.2512708776004349,0.0036212132139495663,263,1.6699548869733594,1.6920586541776832e-05,110,3.8417199202410896e-06,0.9998241684620686,1.2084619890572753e-06,0.9999900707622584,0.006602871690631548,2.1237456402960445e-05,2.5267301954695447e-07,0.9999999933075148,0.020444559440239034,2.189722964229943e-05
gastric progenitor cells,proliferating cells,stem and proliferating cells,4974,868,1.346302547312674,0.00024575496298083276,253,0.6055294760330732,0.9982674691912955,34,1.4237966189185702,2.6764314407101865e-05,238,0.6483621714436666,0.9998299883830221,77,1.1439907769243438,0.057018834330217864,253,1.4847177809176768,0.03166905675202897,35,1.4463622460126722,1.868800819683976e-05,224,0.6171458171458172,0.9999954042159234,98,1.1378894279877425,0.07149796782600895,228,1.2094990805559283,0.083456037041554,81,0.00041137243803313306,0.9998241684620686,5.88814916956241e-05,0.9999900707622584,0.07317417072377959,0.03559879372125884,3.889126030153139e-05,0.9999999933075148,0.1310796076810164,0.08625657519731084
goblet cells,goblet cells,glandular epithelial cells,4974,1057,1.3020705364085459,0.0004606876777521644,300,1.0601699561403508,0.36686245552160257,65,1.3200143396320114,0.00036470151218352133,275,0.9970496336051422,0.5291510705303739,130,1.1443087855297158,0.043691994546087354,307,1.646552054952224,0.00508629800519906,45,1.364262021570302,0.00010850768498812159,261,0.8799539504070701,0.9152907665040715,156,1.1263007255523967,0.07330467930039157,275,1.7105804527378403,3.2909639909383007e-06,123,0.0006727922780096016,0.6074926682830838,0.0005452818725850707,0.7733855533063839,0.06235703643996037,0.0063168539741988335,0.00016710183488170724,0.9999999933075148,0.1316261847202135,4.407030040039116e-06
gonadotrophs,pituitary endocrine cells,endocrine cells,4974,1054,1.261441647597254,0.0018621594894306737,294,2.126238308705518,9.005413031074402e-09,103,1.2427928379729676,0.004402902061771757,265,2.1714216833464657,6.32840915530409e-16,210,1.1569131715739684,0.032094236822417056,308,4.037177998236949,7.737993870007349e-16,75,1.2633443700606617,0.0029730701252548486,249,1.9052464947987335,1.6974005981336203e-13,250,1.0617998541516984,0.23918926374467694,265,4.337155989924901,6.422073416940123e-41,201,0.0022230431114133625,1.06679508214266e-07,0.005305223019788426,8.121458415973583e-15,0.04845600461423751,7.447819099882074e-15,0.003521944609917282,1.612327460756386e-12,0.29234243346571626,9.88999306208779e-40
granulosa cells,reproductive supporting cells,specialized epithelial cells,4974,927,1.396048530939454,2.8287816691370485e-05,275,1.2630510440835268,0.06515360003098111,65,1.4400759563303995,9.388360631874456e-06,255,1.1235779935670682,0.15269020232267472,124,1.2605960382344075,0.002234517845597153,285,2.297372768947944,6.1150086977204375e-06,50,1.484431351209352,2.860227450634413e-06,242,0.989273647983493,0.5601022718289981,148,1.2253102348258178,0.008098163859854521,254,2.058195628997868,1.1626923971142214e-09,123,7.255831341876604e-05,0.16448613778313265,2.6287409769248478e-05,0.2702792087091024,0.007480777135260034,1.1345919752396956e-05,9.371809093568076e-06,0.9176143602304863,0.029756997105299436,1.946245969082501e-09
hematopoietic stem cells,stem cells,stem and proliferating cells,4974,917,1.518374187570683,2.0457517454712583e-07,285,1.149032707167933,0.19612297720142235,60,1.486818901605125,1.6411979198875735e-06,257,1.2361687413554634,0.027259059643139474,131,1.276652965267327,0.0013898349873782759,284,2.185684695051784,2.382299594937215e-05,48,1.5110311339617253,1.1131144289651545e-06,242,1.1391352228597924,0.09840916632776942,161,1.2058101958921406,0.013938680309413084,249,2.4099094608003724,6.773129525195888e-14,134,1.8222610800957867e-06,0.40270584652025393,6.830931882775306e-06,0.06265515201557431,0.0056495455992514555,4.031583929893749e-05,4.457490998865335e-06,0.2484428133520736,0.03975105125277065,1.6297842920002607e-13
hepatic stellate cells,stellate cells,mesenchymal cells,4974,732,1.2065911511926872,0.021757976430150823,201,1.3667564514727604,0.029241631023582723,55,1.2853628536285362,0.004111664039798296,190,1.2976190476190477,0.014335956778312333,109,1.1180320169886062,0.11292921438741245,211,2.375061525840853,1.018030340220927e-05,42,1.2858901606232567,0.0049480313952398,177,1.1132170004789212,0.1695283611488265,127,1.1023239153795221,0.1550851555717678,189,1.995273310234266,7.16597917359988e-08,98,0.023108471518918806,0.08632328044789316,0.005025367159753473,0.03679562239766832,0.12247252827930646,1.8444314399296794e-05,0.005729299510277663,0.37836764662201855,0.21516318881128146,1.0496316304432197e-07
hepatocytes,hepatocytes,specialized epithelial cells,4974,982,1.3396308962627477,0.00016714347897461477,284,0.8067225414228735,0.9234890496543335,49,1.3808852007373345,5.972481569333773e-05,263,0.8211152910333187,0.9648627700550971,105,1.2050990319350172,0.010034625404164898,294,1.3183328299607369,0.0960759386657845,36,1.4390978032123727,1.060419061789897e-05,251,0.7565342302571649,0.997493107433424,130,1.2283692736477898,0.006411501051598396,269,1.4007637317617698,0.0037899045758055237,101,0.0002892145591246143,0.9998241684620686,0.00011216611727773183,0.9999900707622584,0.022076175889162775,0.10134037366116994,2.5123774694714482e-05,0.9999999933075148,0.02821060462703294,0.004198887083985975
hofbauer cells,mononuclear phagocytes,blood and immune cells,4974,1050,1.5485692365987267,1.2452784839400692e-08,327,0.8764485648065609,0.8253394960828502,56,1.6038848702514037,2.3835773113833053e-09,304,0.728082489595627,0.9981624842497453,103,1.3241245457548727,0.00014167204276617536,330,1.553099730458221,0.012700866932869774,43,1.6481218536207565,6.931172277837384e-10,288,0.7082298545383796,0.9997811541807652,133,1.2590227315877591,0.002074605568003951,291,1.3519761372110366,0.007615233547648478,105,2.1354776858301723e-07,0.9998241684620686,4.588386324412863e-08,0.9999900707622584,0.0013968208494946263,0.015045642366630349,1.3342506634836965e-08,0.9999999933075148,0.01597446287363042,0.008317347278991956
innate lymphoid cells,innate lymphoid cells,blood and immune cells,4974,1082,1.359212962962963,4.742842561753331e-05,314,1.0271006917490382,0.4509020814445263,65,1.4129844870045332,9.577141271988192e-06,292,0.9962153143659993,0.5323303159121864,133,1.184012940482538,0.014811006631160174,320,1.8756921373200444,0.0004156407314949452,50,1.4207385785416078,1.1414575285655564e-05,273,0.9910552458754648,0.5543962239751422,173,1.1236575231284869,0.07574759799704091,281,2.127369542066028,2.8001284569331185e-11,143,0.00010287292317042436,0.6943892054245705,2.633713849796753e-05,0.7733855533063839,0.030411933615982226,0.0005926728949094589,2.663400899986298e-05,0.9176143602304863,0.1325582964948216,5.195419064671087e-11
kupffer cells,mononuclear phagocytes,blood and immune cells,4974,853,1.4858757062146892,1.5514322807243954e-06,263,0.9683804338960933,0.604383784903599,49,1.586441371250487,5.54925660959102e-08,249,0.9088613129299814,0.8079255349970635,98,1.2959143064540777,0.0009910462566609466,267,1.8281627260717053,0.0015009856302719133,40,1.6039783447816596,5.464528480828054e-08,234,0.8668354964651261,0.9207205798202447,124,1.267879976848736,0.003121936351855357,239,1.5515668368570743,0.0003638089506933562,95,8.532877543984176e-06,0.8780670082561721,5.02697363457069e-07,0.9999900707622584,0.005087370784192859,0.0020100155396684753,3.5064057751980014e-07,0.9999999933075148,0.020157237025992536,0.00044115416068328235
lacrimal acinar cells,acinar cells,glandular epithelial cells,4974,873,1.467406191516723,2.678059878737742e-06,267,1.4252893124574542,0.010044882451514615,67,1.4621995994659547,6.282702877876037e-06,243,1.3711131388407853,0.0020191588709419423,134,1.2869023355326252,0.0012058231364898526,272,2.8106149169978956,1.8661892772012295e-08,54,1.4879938123768168,3.98949550278349e-06,229,1.2367366374350224,0.01721037593365603,162,1.2200950934640353,0.010780705122778587,239,2.752368714391875,7.385764341494783e-18,139,1.1783463466446066e-05,0.033467860844489335,1.9745637616181833e-05,0.005758341965278873,0.005305621800555351,5.635159778215477e-08,1.1952192798214537e-05,0.050969190265058244,0.035164306088768256,2.321240221612646e-17
lactotrophs,pituitary endocrine cells,endocrine cells,4974,1068,1.3021458857966897,0.00043995975807760646,303,2.22684703433923,8.296469851305815e-10,107,1.2558386315608079,0.0028660570381518736,270,2.127487896718666,3.078376982041821e-15,210,1.1773608690239044,0.018283015638479387,315,4.079637096774194,4.1121830216679197e-16,76,1.2791167621454829,0.0017739363908039628,254,1.824157017530335,5.769608452345816e-12,247,1.0652868324211233,0.22548883600627692,269,4.108763666947015,4.283665698600456e-38,198,0.0006578039101354504,1.0647136309175795e-08,0.00355945793447894,2.7886473837320027e-14,0.03392270371476898,4.871355271821998e-15,0.0022031145498694377,3.5540788066450227e-11,0.2846334487292348,5.074496289111309e-37
late primary spermatocytes,spermatogenic cell types,germ cells,4974,1110,1.3935466078323222,9.839583964653123e-06,326,0.851395518161961,0.8738132309784368,58,1.412046855733662,8.433518704104878e-06,299,0.7718448946084941,0.9928956359234643,114,1.4145045965270684,2.1139375268144672e-06,360,0.8818267419962336,0.7574483666503258,30,1.4706493506493505,1.2451156043708901e-06,285,0.7725961538461539,0.9968391129696672,150,1.3674737573921327,3.0289163206230876e-05,321,1.0806090461262876,0.282195511299929,95,3.224033894801236e-05,0.9998241684620686,2.4051145933928726e-05,0.9999900707622584,0.00010851545970980932,0.7574483666503258,4.793695076827927e-06,0.9999999933075148,0.0013131078778645115,0.28590861013282276
late spermatids,spermatogenic cell types,germ cells,4974,1117,1.4183574962754202,3.200703083918628e-06,331,0.8828939301042306,0.8177877401011375,60,1.431424629288951,3.587353917952716e-06,303,0.8600736855328815,0.929548070363154,124,1.3903976630229928,6.082834388178334e-06,359,1.3825537516454585,0.051902040960112,42,1.3910315514876201,2.9947355163832145e-05,278,0.9114091222157582,0.8489786460196179,169,1.3601734001350247,3.938247008408532e-05,322,1.1200180183078878,0.19108570683007517,98,1.3321845268201856e-05,0.9998241684620686,1.3153631032493294e-05,0.9999900707622584,0.00018735129915589267,0.0570922450561232,5.629303721145483e-05,0.9999999933075148,0.0013131078778645115,0.19618132567887717
leydig cells,leydig cells,endocrine cells,4974,1077,1.4367742701867965,1.8486572827694399e-06,322,1.1683278706141529,0.1511689311818644,71,1.478588221719,6.145182024921616e-07,298,1.2247687166559185,0.02583096702403933,152,1.2644433034417153,0.0011627986644699977,330,2.553633681952266,1.0784527342974735e-07,60,1.518361711919006,2.0422515614614852e-07,282,1.1068030187028328,0.14541434229239206,185,1.2122710660958547,0.00811512350441003,292,2.503000171438368,3.085933679188079e-16,156,9.817007639534267e-06,0.33257164860010163,2.9573688494935274e-06,0.0602722563894251,0.005266793950834695,2.7680286846968487e-07,9.530507286820265e-07,0.32932071636806437,0.029756997105299436,8.486317617767218e-16
loop of henle epithelial cells,renal nephron cells,specialized epithelial cells,4974,1135,1.1705015621041965,0.023077699996050048,303,1.7369106602178443,2.1183376888863577e-05,97,1.1117359203296704,0.10064064911426163,267,2.0377861162198534,4.699711844289532e-14,216,1.0681737711663692,0.20166429476141912,317,3.650168002067718,5.399888936343936e-14,75,1.1335312358413407,0.06940872970371101,251,1.907950821798186,4.4453058161962554e-14,267,0.9728071086578031,0.6497719338161421,271,3.662401671013978,9.301592486428024e-33,196,0.024342231502682925,9.88557588146967e-05,0.1033243997573086,3.6187781201029395e-13,0.21126735641672478,4.619904978872034e-13,0.07125962916247663,4.889836397815881e-13,0.6761140392411208,5.305352751518207e-32
lymphatic endothelial cells,endothelial cells,endothelial and mural cells,4974,1134,1.3646278555637434,2.9211788519243473e-05,329,1.0248905565978736,0.455464668112501,68,1.3858851703503523,2.1534970278412e-05,302,1.0894457894392462,0.21218496612705037,148,1.1843240305361782,0.0133725163374118,335,2.4523893691551244,2.957660415004582e-07,61,1.4546029998623917,2.0955749570562523e-06,289,1.048211250673631,0.31753275377623164,188,1.1425026586316909,0.04701018775952171,297,2.266265060240964,2.358922420477154e-13,154,7.255831341876604e-05,0.6944708800923283,5.264103845834045e-05,0.35908225036885444,0.02812168161820684,7.116870373604775e-07,7.334512349696883e-06,0.618987899766325,0.09783201236441005,5.342265481668849e-13
macrophages,mononuclear phagocytes,blood and immune cells,4974,1181,1.320160127239153,0.00014348585773264733,336,0.9886505973792394,0.5558438459548769,69,1.3713523701460588,3.081945935654412e-05,312,1.1000557555947121,0.18174206592901831,155,1.1244976247030878,0.06156975888636499,339,1.9433144254091943,0.00014200350550302773,55,1.38286629006539,3.0222306973269608e-05,292,1.0421269676294571,0.33821668378045977,195,1.0963940691016285,0.12336895005789579,302,2.184955070603338,1.7865064581012397e-12,156,0.00025398646081411136,0.8230764642024139,6.501639371106568e-05,0.3144750354277395,0.07646566829435653,0.00022089434189359868,5.629303721145483e-05,0.6211870787545388,0.18094112675158047,3.5272050583024476e-12
mast cells,mast cells,blood and immune cells,4974,1117,1.369999204644874,2.550703662939153e-05,325,0.9425831202046036,0.6796749575855443,63,1.4226970772297958,5.18933153682588e-06,302,0.961336456716158,0.6642590511340766,134,1.1768897321204201,0.01703900160704211,329,1.9725563909774435,0.00012204844689017497,53,1.4181811707272858,1.0333637356125385e-05,281,0.9440806368772471,0.7448589198610549,173,1.1380215267428382,0.053174510408363324,292,2.0066096866096865,6.865470353937772e-10,142,6.772558001597063e-05,0.9262826855590605,1.6649105347316363e-05,0.8973324024091911,0.03280007809355606,0.00019179041654170353,2.4865314888176708e-05,0.9999999933075148,0.10634902081672665,1.1747582605626854e-09
medullary thymic epithelial cells,secretory gland support,specialized epithelial cells,4974,824,1.3791681478848206,0.00010606135807253531,244,1.3501491390608757,0.02880025703511615,61,1.386771666704655,0.0001301171245214215,223,1.4716292812349252,0.00024153975155267448,133,1.232807848270198,0.007237813465460264,251,3.3147986303136237,6.663948803264511e-11,57,1.4215100510770955,6.063842585484194e-05,211,1.2467446051476365,0.015778016659252894,154,1.176073654714931,0.034631137634537915,221,2.7303500202632085,4.6290432248419745e-17,132,0.00020416811428963045,0.08632328044789316,0.00022019821072855947,0.0008086330812850407,0.01714805036432124,2.773643555953337e-10,0.00010150345197440934,0.04764342285343031,0.07835578584893217,1.39778952279542e-16
megakaryocyte progenitors,megakaryocytes,blood and immune cells,4974,905,1.5335548333396651,1.2006770895805434e-07,283,0.8973542592308871,0.7716842690819783,49,1.5842369837082084,3.1944223353106714e-08,263,0.9563387455433122,0.6713742740778151,108,1.3149216502417824,0.0004063279267274212,285,1.6959965746092913,0.0045647390135683304,40,1.5891472868217054,5.346835401075635e-08,246,0.8601677075970537,0.9352439242371517,131,1.2583533109370364,0.0034031698875052335,252,1.9111067158931083,7.03048725610414e-08,115,1.3207447985385978e-06,0.9821436151952451,3.279606930918956e-07,0.8990577235476829,0.0029405650350384253,0.0057620476072911715,3.5064057751980014e-07,0.9999999933075148,0.020157237025992536,1.0410529206154207e-07
megakaryocyte-erythroid progenitors,megakaryocytes,blood and immune cells,4974,917,1.385299534782937,4.538087820762473e-05,271,1.098139845936641,0.29082237204638867,58,1.4063807678760127,3.535875211836518e-05,249,1.167705475095855,0.08355991812658292,126,1.181723734588755,0.02170020677286919,272,2.4803949903660887,7.305828896424506e-07,52,1.4362403571361861,1.8593119501806172e-05,235,1.0554755334730572,0.3070479780473088,153,1.132803490061238,0.07445257874699042,240,2.4099094608003724,6.773129525195888e-14,134,9.98379320567744e-05,0.5331743487517125,7.164799771352944e-05,0.16497727424992012,0.03754867239350399,1.6545553677196673e-06,3.889126030153139e-05,0.6062229310164815,0.1317896221498451,1.6297842920002607e-13
megakaryocytes,megakaryocytes,blood and immune cells,4974,554,1.3901932184733543,0.0006354304818895931,167,0.7659317898081943,0.9173797109189759,26,1.4902235389173175,6.585805932693864e-05,159,0.5995600320982871,0.9996816783082003,45,1.2311760407755916,0.020143032442545714,170,1.2558520599250935,0.20837101454704324,20,1.5310973224407278,3.147758485803062e-05,151,0.5675750329703659,0.9999865231414057,57,1.269257526688257,0.010960303196499196,157,1.058262970103938,0.38851606574055286,47,0.0008737169125981906,0.9998241684620686,0.00012073977543272084,0.9999900707622584,0.03607008135060512,0.2111127384226622,5.770890557305614e-05,0.9999999933075148,0.035164306088768256,0.3910553864316676
melanocytes,pigment cells,pigment cells,4974,996,1.5746041055718476,6.345502251773245e-09,314,1.1242011357460127,0.23178888403815967,64,1.6193911944385928,2.1331488430576446e-09,291,1.1606845107503292,0.08568656071588525,136,1.3503396557041119,6.713696097637716e-05,317,2.3686136332836427,1.7353119004059923e-06,54,1.6551862160124362,9.600183443381301e-10,275,1.0075229822046048,0.4855849023231689,161,1.3202247191011236,0.00032079732675944003,284,2.3389848667470203,1.5363574498776003e-13,141,1.9217170196347897e-07,0.4627829940292294,4.588386324412863e-08,0.16703456139552314,0.0011398078737914128,3.3827599071205417e-06,1.642698055867467e-08,0.8217590654699781,0.005489198702328196,3.5848340497144004e-13
mesothelial cells,barrier epithelial cells,specialized epithelial cells,4974,1124,1.255797188513757,0.0018206194352912036,312,1.6184002468278762,0.00021348215617045425,92,1.2669522919820893,0.0017237066882931193,285,1.7542579453987222,3.7858169719772975e-09,197,1.1376399987163441,0.04746843152936409,325,3.496035521725341,4.112920837546408e-13,73,1.2898066215947503,0.0010646531733552076,268,1.5141400285433206,1.541240249279944e-06,233,1.0655965120887831,0.2199325909960152,283,3.1012958881203923,7.031134102051394e-25,180,0.0021904327580847295,0.0009132292236180542,0.00221209024997617,1.665759467670011e-08,0.06585710320290153,2.879044586282486e-12,0.001332980395908146,6.246078904976615e-06,0.2799142067222012,2.849459609778723e-24
microglia,glial cells,glial cells,4974,1103,1.4933311158167342,1.1085602551656456e-07,336,1.064639828234031,0.35331014609223654,68,1.481166707701243,4.503385084321063e-07,305,1.2552543752543752,0.013468137000385873,158,1.317356646475157,0.0001451242441033378,345,2.331717171717172,1.589204702500429e-06,58,1.4961062436841104,4.394462350643102e-07,286,1.1880508801233458,0.031902314296781954,198,1.206261744186841,0.00914708438366276,298,2.685156152013044,6.519868690549749e-19,165,1.3132175330423802e-06,0.5979094780022465,2.3117376766181457e-06,0.03515412030609194,0.0013968208494946263,3.137660566475206e-06,1.933563434282965e-06,0.08470614485697278,0.031303355446312554,2.1827386485753506e-18
migrating cytotrophoblasts,trophoblast cells,trophoblast cells,4974,1067,1.5582645433261064,6.454521706733043e-09,333,0.667599836629168,0.9956670902552013,46,1.6584329349269589,1.2956531124555853e-10,314,0.6571705426356589,0.9999239288712262,97,1.3383985453750034,7.401349829814368e-05,337,1.2284789644012946,0.1666141421155932,37,1.7094726755976932,2.7668134513177364e-11,298,0.5946424035143156,0.9999998817501997,119,1.3334686406992917,0.0001427364518429651,305,1.2300299316384586,0.05091710805106186,100,1.9217170196347897e-07,0.9998241684620686,4.626316178463655e-09,0.9999900707622584,0.0011398078737914128,0.1699243568596116,1.6620394754521053e-09,0.9999999933075148,0.003140201940545233,0.05298131513421302
monocyte progenitors,mononuclear phagocytes,blood and immune cells,4974,950,1.3211674936465654,0.0003762430529293893,273,1.0483827879019179,0.4017355782528524,58,1.3541878803665728,0.00018373587731933258,252,1.1622733929202647,0.08751160135433782,130,1.1406550521869967,0.054666954036324156,276,1.9565764358840882,0.000268584967966208,46,1.3758658305255975,0.0001252026248894532,237,1.0910761739573223,0.1958303580775365,162,1.083513363191944,0.17778959034390487,242,2.321490705979306,5.141354594324013e-13,135,0.0005736775262487717,0.637807000525147,0.0002978455274439707,0.1684598326071003,0.0725911517589846,0.0004015736414252042,0.00018719615760170674,0.43082678777058026,0.23716250595883928,1.0846145308573945e-12
monocytes,mononuclear phagocytes,blood and immune cells,4974,1132,1.3847766735521707,1.2640037033161044e-05,331,0.9057814459683619,0.7700713962941882,62,1.4330425466789103,3.050075076798619e-06,307,0.973653984206748,0.6190963573913355,137,1.1749129752150427,0.0175784947822335,333,1.765438153080086,0.0012357469169471547,50,1.4497708025794422,2.599214888095858e-06,288,0.900966900966901,0.8767404814923525,170,1.146020925182602,0.043317920573779395,297,1.9441384675822864,3.660346591431907e-09,141,3.968235373867572e-05,0.9821436151952451,1.1456379556755788e-05,0.8746865966813364,0.03301327068858487,0.0016991520108023378,8.70171940797309e-06,0.9999999933075148,0.09265221900502815,5.811271908046532e-09
mucous neck cells,gastric glandular cells,glandular epithelial cells,4974,1014,1.3916542473919522,1.8996443986098407e-05,299,1.028548684734233,0.44916245265509447,61,1.3796594300427176,5.213959928155193e-05,271,1.1683037974683543,0.07480769043345112,139,1.1955755041010694,0.012223720761085601,302,2.3847085337549196,1.2865124007418634e-06,55,1.4420568962066296,7.617094985098507e-06,259,1.0646580907244414,0.2682122444247456,170,1.104326878532382,0.11820917383864735,261,2.3078930718127175,2.9993684613874966e-13,142,5.132372585717815e-05,0.6943892054245705,0.00010163921885264554,0.1536149877262802,0.026145180516766425,2.6416387961899594e-06,1.891988109201887e-05,0.5581714275866329,0.17673992981700673,6.505672437375697e-13
myonuclei,myocytes,muscle cells,4974,1086,1.2195869320938255,0.006327655315307591,297,1.4756897687877832,0.0027799996268819773,84,1.1974499859115244,0.014598121333302013,267,1.7058666317306432,3.027926282090966e-08,188,1.1034749034749034,0.10604531025504599,309,3.179567779960707,3.1095899596838774e-11,68,1.2527075812274369,0.0037287562450269277,255,1.587887983639542,1.1591711959667388e-07,232,1.0224144649676565,0.40463866425858663,267,3.265227333471921,7.644039236262547e-27,180,0.007165139107039479,0.010193331965233917,0.016776945412899327,1.2602720201135372e-07,0.11664984128055057,1.3682195822609062e-10,0.004383423372016388,5.100353262253651e-07,0.45155329199871264,3.363377263955521e-26
myosatellite cells,stem cells,stem and proliferating cells,4974,982,1.3653620792686239,6.430718958624074e-05,287,1.5735506906925663,0.0007740911778402447,80,1.362457340143463,0.00011618315497136214,261,1.645076332716782,5.631562543958522e-07,168,1.1903437011198317,0.015120836651038718,292,3.2434899885880277,3.071196317717988e-11,64,1.3799010811047403,9.147821678169857e-05,245,1.4339850780839938,5.955941108285325e-05,199,1.1275589273868598,0.07702145867877218,256,3.261162524695851,9.437456801746331e-26,167,0.00013162506377923112,0.003137106352299939,0.0002007186156938418,2.1681515794240307e-06,0.030639590056052136,1.3682195822609062e-10,0.00014523345757094412,0.00022371095870144878,0.13327308580371816,3.928022560726851e-25
müller glia,glial cells,glial cells,4974,1071,1.2879594141400315,0.0007184509128568444,302,1.4507640922181915,0.004261273814256781,82,1.2744042309162738,0.0015890745457138606,273,1.4318995793483869,0.00019896944472193035,167,1.1578908793531764,0.030541862568293235,313,3.333282801485636,4.76704261742993e-12,69,1.3169377860347093,0.0005232235415277671,259,1.2538315345982995,0.007426164513128301,199,1.0806235066560472,0.17498287597034154,272,2.4938591703056767,4.48620687720732e-16,155,0.0009705389524557372,0.015261306218501032,0.00205644941210029,0.0007125882438878436,0.04656878054967483,2.6218734395864618e-11,0.0006886873965408217,0.024332539043016136,0.23638037631081227,1.1911652742929781e-15
neuroendocrine cells,enteroendocrine cells,endocrine cells,4974,1000,1.38236851829043,2.997254387902176e-05,294,1.396974956607984,0.010981600283692544,75,1.4311426106823957,7.82867514718384e-06,273,1.3108486041698217,0.0051091524157633175,148,1.2253967113643334,0.0052762935427313005,302,2.50313190862196,3.2044342961803815e-07,56,1.4457017395710183,7.278904713320895e-06,256,1.2082354151336039,0.024307893802986914,182,1.2143856143856144,0.009100182794135905,272,2.383547257876313,3.819830311292368e-14,143,7.326621837094207e-05,0.035232634243513576,2.3639528875810027e-05,0.01430562676413729,0.014009469061734833,7.592044332488903e-07,1.8376251243465866e-05,0.06806210264836336,0.031303355446312554,9.64350603178729e-14
neutrophil progenitors,neutrophils,blood and immune cells,4974,1016,1.3446525352282308,0.00011678297156719828,294,1.0715087367124412,0.34205430731196856,63,1.321754846455725,0.0004074158341476178,265,1.1401277234443266,0.1142411801225338,137,1.1629941212515285,0.02914318558346981,298,2.038703680229856,8.143797678152422e-05,50,1.3512597063510903,0.00020724865638338115,250,1.129325402671146,0.10570154993142016,177,1.0441130811565293,0.3114547156955567,253,2.2732213740458014,8.190594392712941e-13,141,0.0002220318224857844,0.585292925844924,0.0005809448005438254,0.20944216355797862,0.0457964344883097,0.0001292932827253065,0.000298283112925614,0.2625490111199791,0.3579404941575801,1.6818020486370571e-12
neutrophils,neutrophils,blood and immune cells,4974,1106,1.362294134849252,3.704599204129234e-05,321,0.8555871365924963,0.8667220573897602,58,1.3776611694152923,3.447953036712183e-05,294,0.9753816679124032,0.6118816241756837,134,1.1779304933302959,0.016855872475708016,326,1.764867215198341,0.0013247615293174404,49,1.4144888472205945,1.2725912991903288e-05,278,0.9838433967466226,0.585423418307436,176,1.136724239539417,0.055422146350069396,289,1.8444551532118654,7.224737196557226e-08,134,8.268235904868146e-05,0.9998241684620686,7.079796902049016e-05,0.8724978715097712,0.03280007809355606,0.0018054272169458923,2.8820450011075094e-05,0.949002172835212,0.10942321202449598,1.0496316304432197e-07
nk-cells,nk-cells,blood and immune cells,4974,1145,1.4772296015180266,1.719508802325011e-07,346,0.9111026279836052,0.7586730849243895,63,1.545951225324203,1.5503357543062973e-08,323,0.906994928712599,0.8376021065816355,132,1.2435814839518151,0.0019615182459886836,347,1.9076730287256602,0.00023934294054803816,53,1.5330374753451677,6.105521880967397e-08,300,0.9248659793814433,0.8117168768337,175,1.1782480730651463,0.018648353772554103,305,2.156298904538341,6.134855081353979e-12,151,1.6550272222378232e-06,0.9821436151952451,1.8365515858705366e-07,0.9999900707622584,0.006865313860960393,0.00036136091023919486,3.61634757564992e-07,0.9999999933075148,0.048675364084293765,1.1663798549734727e-11
ocular epithelial cells,barrier epithelial cells,specialized epithelial cells,4974,1117,1.3385010157168822,9.111994809714386e-05,321,0.9425831202046036,0.6796749575855443,63,1.3882036953198003,2.1428910515410927e-05,298,1.0251860443476926,0.42189018789644894,140,1.1636501225796767,0.024544221657425796,327,2.096065447623676,2.784694086879567e-05,55,1.4273209678204566,7.159504593874547e-06,282,0.8953321692857736,0.8886813287018218,167,1.1311299258804994,0.062214250569565505,291,1.9581943639059587,2.768252958122286e-09,140,0.00017990348726871995,0.9262826855590605,5.264103845834045e-05,0.6432781082777538,0.04108489277438666,4.6112138642951965e-05,1.8376251243465866e-05,0.9999999933075148,0.1197624323464136,4.440739120321168e-09
oligodendrocyte progenitor cells,glial cells,glial cells,4974,1111,1.2079050376249647,0.008472856915387053,302,2.6633553888090633,1.7782284282801946e-14,122,1.1825468714055671,0.02063968337891443,271,2.514785895126345,7.90319361385555e-23,237,1.1226443355119826,0.06855181929671243,319,5.295434170081967,2.427009643714535e-22,87,1.1822431606519208,0.023680651080410148,252,2.2903250303766707,2.565072732103463e-22,288,1.015234586629104,0.43850119897279155,272,4.690616688829787,4.4756809667579495e-46,215,0.009320142606925758,3.912102542216428e-13,0.023200811973378265,2.0284863608895913e-21,0.0805876348984253,7.475189702640769e-21,0.02604871618845116,6.583686679065555e-21,0.4789303875305667,1.148758114801207e-44
oligodendrocytes,glial cells,glial cells,4974,1121,1.3069377112613414,0.0003005744254715088,318,1.8270270542901528,3.641747396132002e-06,99,1.3049427231718898,0.00048352207068908117,289,1.840792779626644,1.4852763118757599e-10,202,1.175914869837706,0.017397993846314443,330,2.87696220090163,1.2742943092379333e-09,66,1.321266001727794,0.0003753962901743238,271,1.7744189681905944,2.8410903048160895e-11,254,1.0573986938187803,0.250475790116782,281,3.607856116584565,6.932156629991598e-32,193,0.0004784863500687726,1.9338934448425112e-05,0.0006769308989647136,6.72742800084903e-10,0.03301327068858487,4.460030082332767e-09,0.000511602023777397,1.5625996676488492e-10,0.303288179604656,3.812686146495379e-31
oocytes,oocytes,germ cells,4974,675,1.3640610401744004,0.0004919971650034115,200,0.9158931720219435,0.7124891244503111,37,1.3982606171571472,0.0002702636898575407,185,0.7574555378831694,0.9840560290975461,67,1.2475817765635384,0.008556975961967599,208,1.4387052341597797,0.06306058118163473,27,1.4704521666818011,4.598131723951456e-05,178,0.6577879343566448,0.9997684907804784,79,1.2425919843305733,0.011738710265141698,188,0.850515533391738,0.8630956654424544,48,0.0006964908628691298,0.9624853084679642,0.00041620608238061266,0.9999900707622584,0.019552066365157477,0.06838964438008273,7.9563178144778e-05,0.9999999933075148,0.036155227616636434,0.8630956654424544
other brain neurons,neuronal cells,neuronal cells,4974,1151,1.1625654927925344,0.027776249996824605,306,3.2237939050409197,1.256833480903345e-20,138,1.1570776751462917,0.03676892894041679,277,2.7770089041203074,2.380824738157835e-28,256,1.065643714346581,0.2094192533645094,321,5.346420249608989,1.1698651872034984e-22,89,1.1376488095238095,0.06273359225989313,255,2.374988765426843,1.1148462210842081e-24,302,1.0042889857409492,0.49241924837804935,280,4.863439894636016,1.2652593223995738e-48,223,0.029098928568101968,4.838808901477878e-19,0.03987616237200131,9.166175241907665e-27,0.217909223095503,4.503980970733469e-21,0.06483874636257411,3.433726360939361e-23,0.5302976520994378,4.871248391238359e-47
ovarian stromal cells,stromal cells,mesenchymal cells,4974,1101,1.4388513216826206,1.4234838150955583e-06,329,1.2492120939642577,0.06311816584863289,76,1.4498355263157894,1.8088933029178542e-06,301,1.1974614749587231,0.0415592244862418,153,1.3070898369202404,0.000219150962677114,343,2.337424097155641,1.4925894713869271e-06,58,1.5007338560037444,3.6484301676826334e-07,286,1.0430818639931543,0.3388293156842939,182,1.2395826274555901,0.0033424642968614394,302,2.229996526169523,1.0434955985961423e-12,149,8.309520634768615e-06,0.1620032923448244,7.330778122351304e-06,0.09143029386973196,0.001874958236237531,2.9851789427738543e-06,1.6525242524209573e-06,0.6211870787545388,0.020157237025992536,2.0869911971922845e-12
pancreatic acinar cells,acinar cells,glandular epithelial cells,4974,1097,1.3501700826115541,6.308354304942016e-05,317,1.1168408137245056,0.23741007474288991,70,1.362797401598804,6.412764793835976e-05,290,1.228328187726569,0.02341070012735994,155,1.16174199461244,0.026596743131425942,321,2.2802409129332206,3.1160597580329407e-06,57,1.3882227940889773,3.689070178362251e-05,273,1.1219296184503045,0.11250766336451994,190,1.1111009179190998,0.09718180331536445,283,2.2961131246014967,1.4495777090831487e-13,151,0.00013128196796771224,0.4627829940292294,0.00011898382870490848,0.05546535107097587,0.043114720444627316,5.998415034213411e-06,6.606009389160308e-05,0.26655661781747797,0.15731169381279878,3.4343841107508445e-13
pancreatic duct cells,ductal cells,specialized epithelial cells,4974,1108,1.280400894272681,0.0008227554789420245,311,1.1462464403640875,0.18293968580266323,72,1.2902555244505332,0.0008377287128839929,284,1.1743617204730483,0.06174926889310384,152,1.1281020900121772,0.06062651602233128,319,2.3868960272490654,7.722689097426347e-07,59,1.321162613981763,0.0003952377072173131,268,1.0595266407701998,0.27842309389137776,185,1.1057371712927941,0.10739400949291028,285,2.0552331606217615,1.804799588466959e-10,143,0.0010812304520622586,0.3807123191028397,0.0011316686121415342,0.1320748251324721,0.07590636965397575,1.7058193626777487e-06,0.0005292748427084018,0.5641731113062128,0.16747740456605603,3.158399279817178e-10
pancreatic islet cells,pancreatic islet cells,endocrine cells,4974,1131,1.3790313013710238,1.622527043034127e-05,330,1.4712783171521036,0.002678468514633888,87,1.4093404211631038,8.363666543334662e-06,304,1.4098156968316422,0.00029052890350311376,174,1.2373393946096847,0.002523666542287547,342,2.6841611996251173,1.490451682066524e-08,64,1.406450807711016,1.5261393258173315e-05,283,1.1989096674702981,0.024262326047381332,204,1.1897163973323073,0.013906064894255499,303,2.6173279989506133,3.7464457546507525e-18,166,4.7145125401368966e-05,0.01006058905496631,2.4051145933928726e-05,0.0009321135654058233,0.008229644005913491,4.590591180764894e-08,3.26424244688707e-05,0.06806210264836336,0.03975105125277065,1.2019846796171164e-17
paneth cells,secretory gland support,specialized epithelial cells,4974,790,1.3759653501688445,0.00014973681055526113,234,1.1817729534147445,0.16266473377682508,53,1.4400095526190098,2.8312376944467396e-05,219,1.0089286716426287,0.4893850584340222,98,1.2249152121763587,0.009967997692598412,240,2.0128395061728397,0.00031126874446625813,40,1.4722107941491078,1.4702429236612605e-05,207,0.8599116738834164,0.9252175130729453,114,1.2406744329502188,0.008175739298251031,219,1.6156413924654267,0.00014919033155781243,91,0.00026203941847170693,0.352822098614522,6.140994435842224e-05,0.7388754803807787,0.022076175889162775,0.00045652749188384526,3.217930925552423e-05,0.9999999933075148,0.029756997105299436,0.00018679114682848062
papillary tip epithelial cells,renal nephron cells,specialized epithelial cells,4974,1088,1.215684355212057,0.007075181153965004,297,1.7226030150753768,3.4442202753455965e-05,93,1.147904984805765,0.04895215717168775,261,1.8939641820997752,2.7347608966702443e-11,200,1.0934616628118083,0.12945634578913012,308,3.2631023217102895,1.0428566466148554e-11,69,1.1827707727971228,0.024200522373926853,247,1.7963113982811618,1.569861678248686e-11,249,0.9871529779520094,0.5783158558494765,262,3.7322274881516586,2.870839938627084e-33,192,0.007953123340953362,0.00015600291835388879,0.05199056692717182,1.3585586389910245e-10,0.13844636980226416,5.180642696086701e-11,0.026431776209820818,8.954025868529542e-11,0.6142113227642716,1.8421222939523788e-32
parietal cells,gastric glandular cells,glandular epithelial cells,4974,857,1.4045901229335935,3.397439783563594e-05,256,0.7477467452987648,0.963074039920307,40,1.422485337025128,3.0461150993909296e-05,235,0.7946112635178118,0.9763893055585567,89,1.2345429019685972,0.006190458507005711,261,1.5087311327864263,0.026661428912004355,35,1.4763866726999928,7.018072974007879e-06,224,0.7224939442952553,0.9989165030143622,109,1.1789499803290677,0.030422257503240912,230,1.3590621403912544,0.010793112544609578,87,7.926143260191352e-05,0.9998241684620686,6.501639371106568e-05,0.9999900707622584,0.015376300162562574,0.030413778166286452,1.8376251243465866e-05,0.9999999933075148,0.07207734854614001,0.01170520656246391
pdcs,dendritic cells,blood and immune cells,4974,868,1.3556663952225843,0.00017867042946185607,254,0.8982700058425676,0.7665886418852713,47,1.444577089342518,1.2607615410502819e-05,240,0.9243450537809648,0.7677175897282965,101,1.1755644363502153,0.027901849307742043,257,1.7883342279477545,0.0021027135104425263,40,1.4573491006191497,1.2667833796312692e-05,225,0.8936130308609733,0.8710937471738418,129,1.1213841810600793,0.09806443250667976,226,1.7840434087153247,2.196450095139615e-06,106,0.00030572495707917595,0.9821436151952451,3.34753926416799e-05,0.9999900707622584,0.044759216597836195,0.0027915334535185262,2.8820450011075094e-05,0.9999999933075148,0.15731169381279878,2.9933921650575282e-06
pericytes,mural cells,endothelial and mural cells,4974,1169,1.2922787193973635,0.0004360398729951414,329,1.3802597008667103,0.010214217270720772,86,1.338678689709861,0.00011730308709380363,305,1.3915121147801477,0.00042263963621221647,178,1.1583396261121277,0.02634489732662423,341,3.043442756818553,1.1052471149156689e-10,70,1.3897330403478423,2.4400312664129478e-05,290,1.2597366562405408,0.005175827107594129,217,1.1228042163134337,0.0714891939740819,303,2.6691676761887395,4.118858477886831e-19,172,0.0006578039101354504,0.033467860844489335,0.0002007186156938418,0.001276205960327085,0.043114720444627316,4.47915936044771e-10,4.944273881942025e-05,0.017712830545988798,0.1310796076810164,1.409564901321271e-18
peritubular myoid cells,stromal cells,mesenchymal cells,4974,1004,1.4783774913850776,5.158519287575495e-07,306,1.0653302818907915,0.3574803598010723,62,1.5269597818677574,1.3560470571089537e-07,284,1.1349071457116582,0.12414636870266073,135,1.3075008837044892,0.00032895079351917317,314,2.4160689803641637,9.235871286875592e-07,55,1.547746598409618,1.0874336625292245e-07,267,1.023465109314166,0.4205525311965875,164,1.2375385087522575,0.00462088265328768,276,2.066200616134602,3.826114448081222e-10,132,3.6109635013028468e-06,0.5983910370583166,1.0441562339738944e-06,0.22492400917893826,0.002663580440834185,1.948389285176495e-06,5.402089807403244e-07,0.735966929594028,0.022955352535687184,6.620467696679868e-10
pituicytes/fscs,glial cells,glial cells,4974,1052,1.2424619484825663,0.0034297725583435495,291,2.2380187900645554,7.421011131342175e-10,106,1.2715010191802352,0.0018489104029241535,268,2.14012053127377,2.380666552682315e-15,208,1.1336485055155132,0.056574839943927126,304,4.533818907606833,1.9973040499429847e-18,79,1.2760307024646176,0.0020469318767312623,250,1.7877683638874244,3.6393400244895966e-11,241,1.0583675600605047,0.25208368174932444,264,3.9265513060729638,1.6910860593137637e-35,192,0.004031946366296997,1.0389415583879045e-08,0.0023531586946307407,2.3709602561106125e-14,0.07317417072377959,3.8448102961402455e-17,0.0025218200721329152,1.932615047487579e-10,0.303288179604656,1.302136265671598e-34
pituitary stem cells,stem cells,stem and proliferating cells,4974,1058,1.2002554857377117,0.01174781332519184,287,1.9479594017094017,4.1890744866203226e-07,98,1.1558551167718214,0.042416396850014325,255,2.1587211479938198,9.996470098257857e-16,210,1.095913718538985,0.12584552875670474,300,4.250692739515585,5.564275742404666e-17,77,1.1796125634756442,0.027314758997455967,240,1.9642053309264569,9.886453879314599e-15,255,0.963017114889072,0.6918266068700546,251,4.028099652375435,6.467447677725568e-37,195,0.012740586282250305,2.8048585693023027e-06,0.04567919660770773,1.1841972270243923e-14,0.13552595404568202,7.140820536085988e-16,0.02941589430495258,1.1711645364726526e-13,0.7033374846004045,6.224918389810859e-36
plasma cells,plasma cells,blood and immune cells,4974,1125,1.4492819892457558,7.467124772825687e-07,337,0.7983801257533955,0.9415974508995243,56,1.5294981269151169,4.0654055720883115e-08,316,0.9105153094665875,0.8269699433532847,130,1.2356305349935923,0.0027165229995670436,340,1.6179209757710464,0.005920943986668252,47,1.5606353438487073,2.0127919376889567e-08,298,0.8621326055798795,0.9472388997328449,164,1.208023599775009,0.00830877191901218,304,1.6898799577873538,3.7573544479087247e-06,129,4.599748860060623e-06,0.9998241684620686,3.912952863135e-07,0.9999900707622584,0.008366890838666494,0.007236709317038974,1.8723679010710195e-07,0.9999999933075148,0.029756997105299436,4.988211939465031e-06
platelets,platelets,blood and immune cells,4974,685,1.2555919192884388,0.008237819459322945,193,1.113721657300027,0.28664737351450714,44,1.2838801834041123,0.005256733797090065,178,0.90166746216262,0.806040431967852,78,1.1310573243809112,0.0960531208179106,199,1.3475708350954003,0.10982946029693254,26,1.2864994382098522,0.0059637159607940264,166,0.9240706669040695,0.7713411104588551,104,1.0636692305367506,0.27219214011132287,173,1.5673146622734762,0.0007151777780771949,78,0.009126792782271465,0.5331392946069856,0.006179671791999008,0.9999900707622584,0.10641856551049088,0.11382641708296759,0.006853822820614031,0.9999999933075148,0.32494255486157925,0.0008472105986452925
podocytes,renal nephron cells,specialized epithelial cells,4974,1049,1.3194836003073391,0.0002539824284091439,300,1.9062857873346792,1.0618342216831485e-06,96,1.3199043333915779,0.00037824393609017115,273,2.03905008948141,1.5040093701630685e-13,202,1.1598536847823815,0.02999893284848825,307,4.0631768445332055,5.860468078315564e-16,75,1.3447615076055444,0.00022310497990619767,257,1.9059119782214156,1.7798420021336728e-13,249,1.0703656462585034,0.20956523536268443,265,4.319193255467168,1.2596556596070946e-40,200,0.00042057305349471147,6.056387782933513e-06,0.0005495242090366638,1.0070323608917936e-12,0.0461983565866719,6.016747227070645e-15,0.0003152125404179306,1.612327460756386e-12,0.2712020692928857,1.7635179234499325e-39
prostatic club cells,glandular cells,glandular epithelial cells,4974,1040,1.3395233307705956,0.00012569837262976034,300,1.083625730994152,0.31239387523859763,65,1.3744311894717038,5.50510614636562e-05,277,1.0903137233075453,0.21754463168067756,136,1.1707732036263785,0.02290900658964374,306,2.1699674718711672,1.5584656014365882e-05,53,1.4015384068964467,3.0339753821758123e-05,261,1.015658632353289,0.4510920272160092,169,1.1359848484848485,0.06050152786319101,272,2.22531978257345,2.48948833977372e-12,142,0.00023044701648789395,0.5633889785902731,0.00010466498105435871,0.3641507965089602,0.03919985572005706,2.6667078069026067e-05,5.629303721145483e-05,0.7718685799029491,0.11793968722697995,4.8529266370272514e-12
prostatic glandular cells,glandular cells,glandular epithelial cells,4974,1075,1.4844907728388066,2.1299155481639066e-07,327,1.1481605425785868,0.18248910352551803,70,1.5018773466833542,2.2163872629656537e-07,300,1.3433294281675412,0.0019578625415046717,161,1.297958251925259,0.0003459195377706734,334,2.6358792990092725,3.796479859279004e-08,61,1.5429904358819326,6.993472842069363e-08,284,1.1965887848716767,0.027660326023512156,194,1.223655050451348,0.0058259253955168545,293,2.6932141996882284,7.931420374590727e-19,162,1.8222610800957867e-06,0.3807123191028397,1.3652945539868426e-06,0.005688883611164518,0.002663580440834185,1.044031961301726e-07,3.839667015986794e-07,0.07567943507516388,0.026388015026752813,2.598805824865898e-18
prostatic hillock cells,barrier epithelial cells,specialized epithelial cells,4974,1041,1.361953718329719,5.280050761905073e-05,303,1.1993552945740371,0.11401066577156371,70,1.381073172600623,4.258961797753308e-05,278,1.2617172444386267,0.01321613796180342,150,1.1757374374247513,0.020034057904098866,307,2.5194303153611393,2.0434115219651473e-07,58,1.4087643653828568,2.299639572610549e-05,262,1.1267873915167,0.10808010052811355,181,1.1269105894105893,0.07350553172687248,271,2.538283783783784,1.7850912252583872e-16,153,0.00011138737223744949,0.25820062542383543,8.408719446846275e-05,0.03509112493306425,0.03607008135060512,5.158776629223487e-07,4.7219265890936604e-05,0.2641958012909443,0.1316261847202135,4.998255430723485e-16
proximal tubule cells,renal nephron cells,specialized epithelial cells,4974,1120,1.2269325229084704,0.004673691396294106,307,1.9530714692335558,2.537163605380291e-07,103,1.1665414838713348,0.03040874547357628,271,2.303104070817075,7.34648338888696e-19,228,1.1711907473933234,0.019884251241451812,329,3.3200079234397633,4.04710302073846e-12,71,1.1983711460151252,0.015559868031405326,256,2.107498111593451,2.7507363956719275e-18,278,1.0460069088523514,0.29643797924094534,279,3.954211960913175,1.4141579077874133e-36,201,0.005411642669393175,1.8605866439455466e-06,0.03321238867326771,1.2570649354317687e-17,0.03607008135060512,2.3083476488656397e-11,0.017423640341773686,4.7068156103719654e-17,0.34324397596319983,1.2098906544403423e-35
renal collecting duct intercalated cells,ductal cells,specialized epithelial cells,4974,1106,1.2469162995594714,0.0025657104601207016,306,1.924108623548922,5.146420934437264e-07,101,1.1763498438197233,0.024334109913309847,269,2.12191435768262,2.1360191229524485e-15,216,1.1188355544311583,0.07504643720337227,317,3.283090783090783,7.1372138043980674e-12,70,1.1991620952814745,0.01561339199457642,253,1.9912139664167339,1.1944124334174144e-15,267,1.0166487537745024,0.4317276709669029,271,4.362880475129918,7.886735938061681e-42,208,0.0030393800835276,3.302286766263911e-06,0.02715545599021534,2.3496210352476932e-14,0.086247397979995,3.790106640956215e-11,0.017423640341773686,1.67217740678438e-14,0.4749004380635932,1.3495081494016654e-40
renal collecting duct principal cells,ductal cells,specialized epithelial cells,4974,1126,1.2891026674549004,0.0005677360518906077,317,1.7564308522242715,1.4936066581662356e-05,97,1.231796414982422,0.005118558227244337,281,1.909587954351753,9.559143945618112e-12,207,1.1469029963343507,0.03758997885481231,327,3.3903924897633075,1.5733484713248885e-12,72,1.2608856173708378,0.002632515008599448,265,1.7237553994275305,2.61852002056137e-10,251,1.0493463008166448,0.28214668703850926,281,3.7070074281855487,2.7487259943609222e-33,196,0.0007876698377581404,7.187982042425008e-05,0.0060635228230432915,4.907027225417297e-11,0.05513196898705805,9.691826583361314e-12,0.0031921835537347637,1.2601627598951594e-09,0.33120028067717144,1.8404513179634e-32
renal connecting tubule cells,ductal cells,specialized epithelial cells,4974,1113,1.1969256335687577,0.011591158482494068,301,1.845467577624596,2.5914654592610503e-06,99,1.1342176258992807,0.06442893759927085,265,2.012799086606877,1.761180840276506e-13,211,1.0563432835820896,0.24733370053465728,309,3.2550335570469797,9.797959608336332e-12,70,1.170791608712312,0.031094191154594174,251,1.8478280572279406,1.0580081937067613e-12,258,0.9622099232207563,0.6983429723021028,264,3.9473613216862073,2.0404346367775227e-36,200,0.012659846853220472,1.4253060025935776e-05,0.06704092155599804,1.1300910391774246e-12,0.25563348914320283,5.02961926561265e-11,0.033253509984774325,8.146663091542062e-12,0.7033374846004045,1.6538259687565184e-35
respiratory basal cells,basal cells,specialized epithelial cells,4974,1065,1.3085818992713727,0.000353114937625073,303,1.0940509337258588,0.2873413081323364,67,1.3717325485181284,5.348894970667383e-05,283,1.2077082705917783,0.036112337395917085,149,1.1424603174603174,0.0452354722997446,309,2.9113743399457683,1.1527797738521088e-09,64,1.3930377162434475,3.635118652339543e-05,266,1.0604878614644544,0.2782052318139865,178,1.0910008024762123,0.1461581698707611,272,2.3406930165388715,5.557309876399748e-14,149,0.0005476315338742396,0.5331392946069856,0.00010296622818534713,0.08059855013001785,0.06332966121964244,4.1285601203075526e-09,6.585979676003407e-05,0.5641731113062128,0.21020147329564604,1.380364066073486e-13
respiratory ciliated cells,ciliated cells,ciliated cells,4974,1070,1.4112542768354306,5.895502208834782e-06,317,1.1554708520179373,0.17114147024405216,70,1.4134553674459778,1.0102100808392422e-05,289,1.1629031211472325,0.07726659680154652,146,1.2576989982923625,0.0015040998023981146,327,2.2883114655689907,3.1899345682677714e-06,56,1.4193,1.2957217150820666e-05,270,1.1465623286351578,0.07483249035335524,188,1.218542415256375,0.006861225251700176,291,1.7931364601428297,3.67051405294102e-07,128,2.1616841432394204e-05,0.36605258913311156,2.7293395166533913e-05,0.15656652509787058,0.0056495455992514555,6.064813870533788e-06,2.8919006394585255e-05,0.19207005857361178,0.028557532128698028,5.138719674117428e-07
respiratory deuterosomal cells,ciliated cells,ciliated cells,4974,884,1.3884392985490015,5.0485532054480214e-05,262,1.2878250278027856,0.05263055482422363,63,1.3916892013701099,7.411320190652775e-05,239,1.201496071467011,0.05176576819001187,124,1.2263875247068525,0.007150940209653451,268,3.1207963411353243,3.6621600544750217e-10,58,1.3939166731521573,0.0001005340819350956,223,1.0498232767666609,0.32919935246445103,147,1.1532579650565262,0.05101630961222854,234,2.0566625440886814,2.0629282779845424e-09,118,0.00010798294356097157,0.14219483233211297,0.0001342756834541797,0.11228068029946237,0.01714805036432124,1.4099316209728832e-09,0.00015798212875515024,0.620619894729736,0.10337515368793677,3.379691008612974e-09
respiratory ionocytes,ionocytes,specialized epithelial cells,4974,804,1.3363050483351235,0.0004929708055372412,234,1.271969232863658,0.06981354213557092,57,1.3568706834960704,0.0003819225400509109,215,1.277056277056277,0.016812430068327344,118,1.1386996904024769,0.06988303039489302,234,2.843923275968292,2.4537573336573843e-08,51,1.4088409107203212,0.00010546954169109766,205,1.0864680781781055,0.22451808966755604,137,1.099145728643216,0.15290385413360041,207,2.218715209869114,9.40153278191937e-11,114,0.0006964908628691298,0.17340783046577293,0.0005496829081106568,0.04175990694390985,0.08153020212737519,7.12978546006108e-08,0.00016406373151948525,0.48021924734449484,0.21516318881128146,1.6835302888553291e-10
respiratory secretory cells,secretory cells,glandular epithelial cells,4974,1064,1.4254282085607386,3.33040256839137e-06,317,1.0954456289221648,0.28437373142705785,67,1.454366264101033,1.9255538204228965e-06,292,1.0547422829465771,0.3206894069372956,136,1.2273452022412192,0.004183985961633415,321,2.672476822406344,2.5306737782032653e-08,61,1.4807206471533927,1.128845123089273e-06,275,0.9380433263452131,0.7627367175763382,164,1.2004504504504505,0.011675236328698196,287,1.9748003791591022,2.744635330472e-09,135,1.3496894619270289e-05,0.5331392946069856,7.603468931926309e-06,0.5144392569619117,0.011932108112806405,7.217106700801904e-08,4.457490998865335e-06,0.9999999933075148,0.036155227616636434,4.440739120321168e-09
retinal amacrine cells,neuronal cells,neuronal cells,4974,944,1.1072060779736939,0.11798319575509944,245,3.3493974189325706,1.692662140060763e-20,122,1.113594766274644,0.11289046620487042,223,2.8616800447747446,2.183009218771056e-27,222,1.012519057742275,0.4538432809884006,256,5.880371660859466,1.7794390040586923e-24,83,1.1373498839438894,0.07777723976969897,210,2.5875634974961272,8.135731995230229e-27,267,0.9643494970046343,0.679574943045899,224,5.186050877687037,6.712645005755124e-50,202,0.11798319575509944,5.21339939138715e-19,0.11513332314933805,6.723668393814853e-26,0.4538432809884006,9.134453554167954e-23,0.07932248294393139,4.176342424218184e-25,0.697696941527123,3.4458244362876306e-48
retinal bipolar cells,neuronal cells,neuronal cells,4974,1066,1.2293165227626757,0.004951412817204288,293,2.0929879215171887,1.7117590745306126e-08,103,1.2194139819230758,0.008360735431189767,265,2.1336761670647713,2.463335331024013e-15,210,1.12721246846626,0.06458194381816702,307,3.550231677869869,3.096913208840282e-13,71,1.265740171990172,0.00267667319048316,252,1.8297023450730503,4.608774343193169e-12,247,1.0686797238043515,0.21383549341712849,269,4.215065017804526,1.8095105490929683e-39,200,0.005648278324810818,1.882934981983674e-07,0.009754191336388062,2.3709602561106125e-14,0.0783119633700608,2.2710696864828734e-12,0.003220372432300052,2.957296870215617e-11,0.2744222165519815,2.3222052046693092e-38
retinal ganglion cells,neuronal cells,neuronal cells,4974,753,1.2294117647058824,0.012064540879419895,209,3.836987778576564,4.338994916984677e-23,111,1.1683886023797863,0.052270931835020296,184,3.334661476691084,5.943335106761044e-32,200,1.135498595505618,0.08014952163833221,219,5.44374366482712,4.145609033065853e-21,70,1.2204653913443453,0.02040167831787032,176,2.724718841116305,4.937015815165753e-26,226,1.0455782608318063,0.32812435812145274,188,5.302426698233473,5.755321993884158e-47,175,0.012992582485529118,2.227350724052134e-21,0.05513509248351455,3.050912021470669e-30,0.09075754656105264,1.0640396518202358e-19,0.022603298280230427,1.9007510888388148e-24,0.37155258199046853,1.7726391741163206e-45
retinal horizontal cells,neuronal cells,neuronal cells,4974,809,1.3323522188964776,0.0005424513059944603,235,2.153122130394858,5.64912810938769e-08,83,1.2817883895131086,0.003262029909552004,209,2.0830581355349156,2.022623635346387e-12,163,1.2107811047803774,0.013513015842514974,244,3.193862126008956,3.4746505634973784e-10,55,1.3396611798630302,0.0008303822251640753,200,1.8046348993787895,6.708875403138719e-10,191,1.1313519018879994,0.08740642454649962,212,3.6976240841227503,5.095122794848101e-29,154,0.0007594318283922445,4.833142938031691e-07,0.004018820848568069,1.1124429994405129e-11,0.02812168161820684,1.3720415045605034e-09,0.0010568501047542778,3.1308085214647353e-09,0.14631075413218414,2.5311255174406695e-28
retinal pigment epithelial cells,pigment cells,pigment cells,4974,731,1.3107600276094793,0.0015842832243364012,211,1.6095872239369997,0.0013230211368151614,62,1.3437479362039362,0.0008687095640119742,195,1.6642561983471074,3.5407031975728347e-06,129,1.1562129300118624,0.055668650798818727,215,2.7262916845570344,2.1052482560885066e-07,46,1.3829045206290715,0.00038230003539837387,185,1.5466447021469774,1.2299380547842497e-05,158,1.1328696637634006,0.09433484774592918,192,2.7861934658760608,1.239847823346782e-16,121,0.001961102904926524,0.005093631376738372,0.0011633154161551655,1.3299226644541867e-05,0.07265230697472952,5.229165023187581e-07,0.0005164403986960489,4.735261510919362e-05,0.15454858034971375,3.602576694252914e-16
rod photoreceptor cells,neuronal cells,neuronal cells,4974,1092,1.2981562625685317,0.00046309078875985565,309,1.5721309882421532,0.0005442174889644615,88,1.2571831891930527,0.0025719372674632905,276,1.7069986836331725,2.7656208989571367e-08,189,1.1713208931833992,0.020719091765277985,321,2.580855547008261,7.003684573023644e-08,61,1.3183804922935358,0.00046096516454404427,264,1.4811827956989247,6.339189865477338e-06,224,1.0788363348505838,0.17864188760535946,277,3.0235750777749235,1.542517856853949e-23,174,0.0006727922780096016,0.002265121440554786,0.00322014909910038,1.183071162331664e-07,0.03667517392934264,1.859599007320071e-07,0.0006119709943084726,2.5031672802141285e-05,0.23716250595883928,6.090967947577132e-23
salivary acinar cells,acinar cells,glandular epithelial cells,4974,1109,1.4618621700879766,4.679475941224151e-07,334,1.23682531751732,0.07223044335490061,76,1.485256240711353,3.582634791722174e-07,307,1.2328915118679051,0.021018913340033505,157,1.2542995266730674,0.0014983423592330215,338,2.383991439272338,7.97525935797389e-07,59,1.5303409902703573,9.237259726823928e-08,291,1.12162084600815,0.11216883237979984,192,1.2166674862850524,0.006646287117666263,301,2.426141798182688,2.193647394999147e-15,157,3.431615690231044e-06,0.17656330597864595,1.9063272548622982e-06,0.05137956594230412,0.0056495455992514555,1.7058193626777487e-06,4.741793326436283e-07,0.26655661781747797,0.02843133933668346,5.725791505590994e-15
salivary basal cells,basal cells,specialized epithelial cells,4974,1095,1.3867635441895187,1.4297766929181819e-05,321,1.2348219104155425,0.07478955539609132,75,1.4279292370577317,4.770614984968134e-06,297,1.2316617114187494,0.021998311347623683,155,1.2131275654888791,0.006066018253801158,328,2.8044894000277125,3.814345698728204e-09,64,1.4479340319123601,3.5407983985345586e-06,279,1.078960064325918,0.21673947806359917,185,1.1707741315257771,0.024536380723601862,291,2.274923144488362,2.843497242025321e-13,150,4.3173649158705883e-05,0.17996236767184473,1.5631795325522203e-05,0.052933436680219485,0.015376300162562574,1.276976603487268e-08,1.1360061528631709e-05,0.4701109805886517,0.05997781954658234,6.255693932455706e-13
salivary duct cells,ductal cells,specialized epithelial cells,4974,1081,1.402310884323817,8.05530471435329e-06,319,1.0721099300064583,0.33648679609681537,67,1.3888686245167727,2.5312213224454973e-05,289,1.1574404242218157,0.0834661118858214,147,1.2135952782242583,0.0061757702346679,324,2.3957206473335506,7.873770410794159e-07,58,1.4323031384235128,7.266686452034231e-06,274,1.0456062926900678,0.3304599439470023,179,1.1537282398979714,0.038282265761942304,285,2.1562944252378617,1.2000579234044685e-11,144,2.756704280023126e-05,0.585292925844924,5.732471818479509e-05,0.16497727424992012,0.015376300162562574,1.7058193626777487e-06,1.8376251243465866e-05,0.620619894729736,0.08303477362449457,2.2537673195644896e-11
salivary ionocytes,ionocytes,specialized epithelial cells,4974,972,1.3462399701436836,0.00013841157991659406,282,1.2627138643067846,0.06199218847933803,68,1.3398278295791168,0.0002688657919565478,256,1.2689683656611392,0.013146384998625436,141,1.1603125543779986,0.03342661637343403,285,2.4455569461827285,7.777303137586326e-07,54,1.4032302435994144,4.242226616455735e-05,245,1.1243474845715256,0.11865074578144826,169,1.1092015390061456,0.11151007483924187,251,2.3334057282475906,2.592137559982139e-13,138,0.00024785329426924984,0.16181011908166198,0.00041620608238061266,0.03509112493306425,0.04997765943212467,1.7058193626777487e-06,7.423896578797535e-05,0.2727196246319855,0.17172551525243246,5.78535049619202e-13
salivary myoepithelial cells,secretory gland support,specialized epithelial cells,4974,1029,1.283016712651354,0.0009913050947890972,290,1.3183389514451695,0.02970866145284634,74,1.302421886185667,0.0007389468164122648,266,1.4333963745361118,0.0002280566696035979,161,1.1372207350871453,0.05349577514550685,298,2.7944571102878313,6.618213021577747e-09,61,1.3141873690511823,0.0006715313608343006,249,1.344993968636912,0.0007225289045742478,200,1.0633774453394707,0.23557868559925366,259,2.5814383561643837,5.696016252035659e-17,153,0.0012828654167858905,0.08632328044789316,0.001007060263075122,0.0007875229101569972,0.0725911517589846,2.12334334442286e-08,0.0008617985797373525,0.002587661658242655,0.29234243346571626,1.686897120795176e-16
schwann cells,glial cells,glial cells,4974,1041,1.2731537929097074,0.001321525567872701,292,1.5359827020578587,0.00118230219511463,83,1.2941841295342353,0.000926748105700516,268,1.47951677852349,5.976586772363496e-05,166,1.1412539815722202,0.04796348381452771,302,2.4456580005360493,5.179727930719828e-07,57,1.3162428707224334,0.0005999346584943024,252,1.3536417169379116,0.0005363053717601086,203,1.0913194611086352,0.1474140202333102,266,2.790434823441022,6.667831836718052e-20,161,0.001654592987417853,0.00466857789865777,0.0012303380023955125,0.00021914151498666153,0.0659497902449756,1.1905643303445576e-06,0.0007763860286396855,0.001966453029787065,0.21020147329564604,2.3880141926850697e-19
sertoli cells,reproductive supporting cells,specialized epithelial cells,4974,951,1.4070184014355822,1.565185592686447e-05,283,1.465644085534434,0.0046231835461792575,74,1.4572803076666296,3.9906319503055295e-06,263,1.7083800448430493,9.513206446628481e-08,167,1.3072540392160323,0.00042409630331563785,298,2.8382978723404255,6.768174709202283e-09,58,1.4855799349936247,2.2397985420040655e-06,248,1.5832113006060333,4.4339417453852963e-07,205,1.222170094609071,0.008281115593269621,260,3.378085946948319,5.809429776810765e-27,166,4.635357332186785e-05,0.0161811424116274,1.4292030705745385e-05,3.8553520862652267e-07,0.0029405650350384253,2.1271406228921463e-08,7.665088343747247e-06,1.8454784561873935e-06,0.029756997105299436,2.6313299577319347e-26
smooth muscle cells,smooth muscle cells,muscle cells,4974,1074,1.3367349149604593,0.00011888261318283913,309,1.0816233269766502,0.3146198192127499,67,1.3781163953771518,3.9966298287887395e-05,286,1.144599928238249,0.10234712331105439,145,1.1588575096277278,0.029660953410335766,314,1.8943319515306123,0.00034524567694687897,50,1.4291543867603718,8.593548816568806e-06,272,1.0200222469410456,0.4320737717085664,175,1.1029776374340794,0.1161190442312922,276,2.098451191674235,7.134722438250927e-11,141,0.00022326734670923446,0.5633889785902731,7.993259657577479e-05,0.19221289012076068,0.0461392608605223,0.0004968956471945735,2.1006452662723746e-05,0.747633267900216,0.17531698834920587,1.30803244701267e-10
somatotrophs,pituitary endocrine cells,endocrine cells,4974,1034,1.37818064963713,2.8898640483400023e-05,303,2.078641089081448,3.0144188424414635e-08,100,1.3349162028858879,0.0002389773108753027,271,2.029778124909601,2.722778406783756e-13,199,1.269762364644149,0.0011201925948901644,318,3.39648033126294,2.819954740300931e-12,68,1.3493271741313517,0.00020385462000626427,254,1.7702412058515082,9.880918216962177e-11,236,1.1619535172335984,0.033487198011920634,274,3.7631401617250675,4.1528946926362547e-33,186,7.255831341876604e-05,2.9013781358499085e-07,0.00037553577423261853,1.6133841586383282e-12,0.005227565442820767,1.670280884639782e-11,0.0002961661460468368,5.072204684707251e-10,0.07697057453486236,2.558183130663933e-32
submucosal glandular cells,glandular cells,glandular epithelial cells,4974,1016,1.5569292365943512,1.1906653101556053e-08,318,1.0033760123547686,0.5155913245149661,60,1.594917499698904,5.3660667566325505e-09,294,1.0438799183802772,0.3599361687397044,129,1.3338892736498424,0.00011464866220607476,321,2.525742245241724,2.188845637376932e-07,57,1.643499469893814,1.2936992875699277e-09,279,0.8645641910039298,0.937244760913542,148,1.3082064833969078,0.0004483935286475138,288,1.9553979213127166,7.348322646955985e-09,129,2.1354776858301723e-07,0.7708841162650949,8.263742805214128e-08,0.5543016998591448,0.0012611352842668224,5.350511558032499e-07,1.992296902857689e-08,0.9999999933075148,0.006277509401065193,1.1430724117487087e-08
suprabasal keratinocytes,suprabasal cells,squamous epithelial cells,4974,1074,1.3853996755288045,1.7079243703401227e-05,315,0.7162894842063174,0.9865329630090107,49,1.4311411973873112,4.770742729217816e-06,292,0.910481110752341,0.8232722713631735,124,1.2208551327888275,0.005007886475011106,323,1.666170748455024,0.004025305144847138,46,1.448049597855228,4.0358053604360775e-06,274,0.7656963021243116,0.9973308916321211,144,1.2032776578461264,0.010568542663089058,290,1.7161192015828854,2.5863721354713753e-06,125,4.870747278377387e-05,0.9998241684620686,1.5631795325522203e-05,0.9999900707622584,0.013530079248275621,0.005209218422743355,1.1952192798214537e-05,0.9999999933075148,0.035164306088768256,3.4938711303736125e-06
syncytiotrophoblasts,trophoblast cells,trophoblast cells,4974,1033,1.6233112130944949,3.534528155944291e-10,330,0.6596578426953517,0.9960978509972543,44,1.6605222548232623,1.8024608487520733e-10,305,0.6692646804587103,0.9998343803046944,95,1.3878940641863107,1.1494230515878767e-05,333,1.4296370892544106,0.038668039510634876,40,1.7057389347336833,5.2609215744895095e-11,289,0.5885945237725123,0.9999998954738892,114,1.3523659848978096,8.211116072580728e-05,298,1.4229138695931351,0.0021708844672648536,107,1.8143911200514025e-08,0.9998241684620686,4.626316178463655e-09,0.9999900707622584,0.00029501858324088834,0.04284084952976813,1.6620394754521053e-09,0.9999999933075148,0.002107519791962387,0.0024948970743193096
t-cells,t-cells,blood and immune cells,4974,1176,1.4958860664811657,5.4058060101586196e-08,357,0.8044900488947042,0.9386116041305133,59,1.572698057845466,3.114083590179716e-09,334,0.8343117966475171,0.9628745309535848,128,1.270353902541609,0.0006801537015298403,360,1.6245059288537549,0.005052726002984848,49,1.5856711809237536,3.878993061187606e-09,313,0.8723160661556002,0.93564472663136,173,1.2198035258128608,0.005226839205055196,319,1.9765625,1.0092327493295878e-09,147,6.937451046370228e-07,0.9998241684620686,5.328543032085291e-08,0.9999900707622584,0.0038793951865035334,0.0063168539741988335,4.978041095190761e-08,0.9999999933075148,0.025154163674328132,1.7079323450193024e-09
thymic myoid cells,stromal cells,mesenchymal cells,4974,845,1.2575822873457954,0.004239190447567105,237,1.3361640488077269,0.032510079236736385,62,1.2241130886546232,0.012690767966601074,212,1.4686052047203815,0.00023012033089003166,136,1.0937065250904279,0.1530184864741668,240,2.5869593120266976,3.5378695736167287e-07,50,1.2715875689672873,0.004584083258077059,202,1.2978469503435424,0.004812707820426108,162,1.0230638802067373,0.4127069076563068,208,2.373247033441208,7.01964594177156e-13,124,0.004945722188828289,0.08940271790102505,0.01469457343501177,0.0007875229101569972,0.16251618563463233,8.255029005105701e-07,0.005348097134423235,0.01684447737149138,0.4572436243098651,1.4608452365308382e-12
thymocytes,t-cells,blood and immune cells,4974,892,1.3397401222467598,0.0002682110590535385,259,1.2181522054857048,0.10720957569229496,61,1.3418944125710086,0.00037481485309797774,236,1.271226966194443,0.015058776444166509,130,1.1449595851761476,0.05390187011177517,260,2.264644549763033,1.1069286881694887e-05,48,1.363573111884188,0.0002579482054940894,222,1.2320181091531373,0.0181908604843309,165,1.088343158127915,0.1703521033531211,228,2.603156898869691,3.876560646317632e-16,137,0.0004347842430973151,0.24642200980020032,0.0005495242090366638,0.0380172388918302,0.0725911517589846,1.9593910112425432e-05,0.0003611274876917251,0.05285646253937658,0.23309029894072836,1.0473514728647636e-15
thyrotrophs,pituitary endocrine cells,endocrine cells,4974,940,1.2427092492972351,0.004716668384708054,261,2.83389228383197,3.1104615150378793e-15,111,1.205601523530776,0.015848154636276972,233,2.546151251433583,1.3835797325415277e-21,208,1.1322584446851376,0.06654862292112651,272,4.572748267898383,3.815939245733212e-18,74,1.2352083333333332,0.008791405753682681,220,2.22661492524891,4.453409870517391e-19,246,1.0427054552230333,0.32291102258582194,234,4.6507337101148085,2.707338505874353e-43,192,0.005420648740634628,7.983517888597223e-14,0.01794570451460775,3.043875411591361e-20,0.07944564286708125,6.529496042699052e-17,0.010028714711608391,8.572814000745978e-18,0.3683577590979006,5.21162662380813e-42
transitional alveolar cells,alveolar cells,specialized epithelial cells,4974,1100,1.3045797832228438,0.00035560489212612957,312,1.2037259561893063,0.1044710507929355,74,1.3145716826698421,0.00037248091481544015,285,1.163237467318404,0.07481249402253906,150,1.1626943502867702,0.025818972359051274,322,2.555585056364984,9.287378469960967e-08,61,1.354987951807229,0.00012435580367959614,270,1.035674795776121,0.3676420465269852,181,1.1058963476344137,0.1076640457924646,283,2.23295826192073,9.645916408491202e-13,149,0.0005476315338742396,0.24376578518351616,0.0005495242090366638,0.1536149877262802,0.042753997239719316,2.424163193854218e-07,0.00018719615760170674,0.6660808842959496,0.16747740456605603,1.9545672722469013e-12
tuft cells,secretory gland support,specialized epithelial cells,4974,653,1.4645057535735257,2.765905136946188e-05,202,1.319939281497723,0.05661265934716467,48,1.4867052402719698,2.324779480508916e-05,186,1.268136500803906,0.029373125147928815,96,1.2753627738586972,0.00473700568849581,204,2.1090013460492023,0.0002807130210115305,35,1.4921008602437111,3.0005505648787125e-05,174,1.148605529963954,0.11638968450986645,116,1.2315289754518122,0.01626638143830857,181,1.948131457708995,6.157221414310079e-07,87,7.21948120491039e-05,0.1503163713700579,5.4244854545208044e-05,0.0665214893056035,0.013026765643363478,0.0004156712041901509,5.629303721145483e-05,0.2715759305230217,0.043947767394728415,8.542451331565335e-07
undifferentiated spermatogonia,spermatogenic cell types,germ cells,4974,1168,1.279564645621053,0.0006971510420275795,327,1.4064647081540824,0.006896599253646339,87,1.2928567318757191,0.0006301928305677355,299,1.4062242268641694,0.00028214632111807266,179,1.1665480703612048,0.02104421081385605,342,2.6433385400168214,2.1082902985538927e-08,65,1.3400673814676372,0.00016153506974980346,284,1.2421682316750522,0.008170132074367694,215,1.0851642043375682,0.1539151186299666,297,2.7032903648678173,1.3807425364159255e-19,173,0.0009500996501968783,0.023601695223589694,0.000874321584751633,0.0009244794351528339,0.03682736892424809,6.243782807255759e-08,0.00023691810229971175,0.026212507071929684,0.21516318881128146,4.832598877455739e-19
urothelial cells,barrier epithelial cells,specialized epithelial cells,4974,1112,1.2798226164079822,0.0008284752814503019,312,1.0744332968086563,0.329056665750495,69,1.3396998347825038,0.0001429856407035449,291,1.053958456453696,0.3202620842042669,142,1.120834260564251,0.07136114485894635,319,2.0459317057474964,5.1926716854195874e-05,54,1.3835854298502854,4.0804851412491126e-05,276,0.9672998932764141,0.6547102339366383,175,1.112455862977602,0.09343466437507437,287,2.277855245683931,2.1236789040264806e-13,152,0.0010812304520622586,0.5824681209836349,0.0002392388424272124,0.5144392569619117,0.08262869404720104,8.32991082869392e-05,7.222927721291532e-05,0.9999999933075148,0.15454858034971375,4.881291809254896e-13
vascular endothelial cells,endothelial cells,endothelial and mural cells,4974,1183,1.3536716430905524,3.6453589734919174e-05,341,1.17406292749658,0.13498312382318567,78,1.3754569916059782,2.5845802790252708e-05,313,1.1637319675112134,0.06913088064445382,161,1.1904053835892294,0.0102306371180557,350,2.597366209022135,3.58755131756533e-08,65,1.4313066341142777,4.178549230505031e-06,298,1.1527927927927928,0.06001434649046395,208,1.1257445459157789,0.06613066946979519,307,2.475998431869745,1.7633642492457373e-16,167,8.255665910555225e-05,0.30126668215609553,5.768483521302778e-05,0.14583774820884776,0.02219039600254335,1.0045143689182925e-07,1.2141444933920278e-05,0.1566476162632449,0.12419662315059098,4.998255430723485e-16
vascular smooth muscle cells,mural cells,endothelial and mural cells,4974,1176,1.2640336864246418,0.0011834013309715901,327,1.3687275628240925,0.011968367985159434,86,1.3089588837659085,0.00034559653137545497,303,1.3411246287958616,0.0015711234044233483,175,1.120823906418391,0.06743402852303981,337,2.852256317689531,1.3078069785113438e-09,68,1.3670066332817703,5.714227409830789e-05,289,1.2287681101416794,0.01125468997207999,215,1.0596137762112432,0.23810389331111853,295,2.5561072492552137,1.456141193325358e-17,169,0.0015061471485092967,0.036862573394291054,0.000521782998351177,0.004652942390022993,0.07988338763498562,4.475606104238821e-09,9.670231001252104e-05,0.03537188276939425,0.29234243346571626,4.4849148754421026e-17
