gene_id,gene_symbol,classification_loo_brain,prenatal_mean,postnatal_mean,ratio
ENSG00000000460,FIRRM,neutral,0.5475728227848102,1.4343639756097561,0.3817530501991546
ENSG00000000971,CFH,neutral,5.386734641350211,7.4314234459930315,0.7248590637443353
ENSG00000001084,GCLC,regulation-driven,26.080859223628693,5.441327878048781,4.793105618362607
ENSG00000001167,NFYA,neutral,1.136933582278481,2.776961989547038,0.40941632854828197
ENSG00000001561,ENPP4,neutral,8.497401569620253,1.734843,4.898081019216295
ENSG00000002745,WNT16,neutral,6.139137805907173,4.1036640592334495,1.4960137373072255
ENSG00000002822,MAD1L1,neutral,74.30687400000001,38.40818869337979,1.9346622823900017
ENSG00000003056,M6PR,gene-driven,8.112664818565401,2.6086490836236935,3.1099103629898885
ENSG00000003400,CASP10,neutral,1.1750783544303796,1.4762697735191639,0.7959780627555642
ENSG00000003436,TFPI,neutral,2.8394822827004216,3.0397293867595816,0.9341233779127202
ENSG00000003987,MTMR7,gene-driven,0.5220352531645569,1.3510937770034843,0.38637973325756103
ENSG00000003989,SLC7A2,regulation-driven,82.23816440084387,90.11361133101045,0.9126053565732924
ENSG00000004059,ARF5,neutral,13.092696565400843,6.621625818815331,1.9772631259528413
ENSG00000004142,POLDIP2,neutral,6.83038053586498,7.778489411149826,0.8781114397448675
ENSG00000004455,AK2,neutral,0.22913699578059074,0.7856044076655052,0.2916696922074204
ENSG00000004700,RECQL,gene-driven,6.100306101265821,5.39772781184669,1.1301618595656386
ENSG00000004799,PDK4,neutral,0.02379281856540084,0.015997216027874565,1.487309949677664
ENSG00000004846,ABCB5,neutral,11.473485506329114,3.8633460000000004,2.969831204952679
ENSG00000004866,ST7,regulation-driven,8.76013628691983,8.138163773519164,1.0764266400517162
ENSG00000004948,CALCR,neutral,4.735420848101266,8.254526010452961,0.5736756831469979
ENSG00000005001,PRSS22,gene-driven,17.096372206751056,13.622550606271778,1.2550052263252331
ENSG00000005108,THSD7A,regulation-driven,4.65757483122363,2.217283905923345,2.1005766644412067
ENSG00000005156,LIG3,neutral,4.9647329704641345,4.0507469442508715,1.2256339482056418
ENSG00000005238,ATOSB,gene-driven,1.3473786793248945,4.720653930313588,0.28542204093223783
ENSG00000005249,PRKAR2B,neutral,5.102493426160338,4.012043512195121,1.271794139482948
ENSG00000005448,WDR54,neutral,1.3905764725738399,1.9486183867595819,0.7136217547891831
ENSG00000005469,CROT,neutral,0.1699472151898734,0.09497745296167247,1.789342732305682
ENSG00000005486,RHBDD2,gene-driven,13.164703109704643,23.76593581533101,0.5539316108567588
ENSG00000005700,IBTK,neutral,7.717918548523206,2.5076576062717773,3.0777401704364684
ENSG00000005812,FBXL3,neutral,0.16295321097046414,0.27179979094076656,0.5995339820036013
ENSG00000005981,ASB4,neutral,20.50992918565401,37.41642913937282,0.5481530348408281
ENSG00000006042,TMEM98,gene-driven,1.0305115949367087,0.9187802020905924,1.1216084027408109
ENSG00000006128,TAC1,neutral,9.032006016877638,5.97474550174216,1.5116971951766012
ENSG00000006194,ZNF263,neutral,9.08381993670886,68.198755271777,0.13319627169893608
ENSG00000006377,DLX6,gene-driven,3.2884014219409283,3.874425599303136,0.8487455334107818
ENSG00000006432,MAP3K9,regulation-driven,32.94297739240506,17.381863379790943,1.8952500472824034
ENSG00000006453,BAIAP2L1,neutral,2.560504421940928,2.1901387351916375,1.169106039173762
ENSG00000006530,AGK,gene-driven,0.13129386075949367,0.3639765052264808,0.36072070277667334
ENSG00000006555,TTC22,neutral,3.981544417721519,1.9656793728222997,2.0255309552365417
ENSG00000006715,VPS41,dual-driven,7.25425158227848,26.833318540069687,0.2703449285054267
ENSG00000006831,ADIPOR2,neutral,8.547290265822785,8.149409491289198,1.048823264429021
ENSG00000007171,NOS2,gene-driven,0.20991481856540087,0.3336482055749129,0.6291501499421953
ENSG00000007216,SLC13A2,gene-driven,33.59367106329114,66.41637271777003,0.5058040613877576
ENSG00000007341,ST7L,gene-driven,3.9783116202531645,0.07855070383275262,50.646415959857535
ENSG00000007402,CACNA2D2,neutral,6.38774700421941,14.915013529616724,0.4282763130945385
ENSG00000007866,TEAD3,gene-driven,0.36126100843881864,0.22381845644599302,1.6140805104961944
ENSG00000007908,SELE,neutral,10.112524940928271,10.197467864111498,0.9916701945703431
ENSG00000007944,MYLIP,gene-driven,0.16575464135021098,0.1902311533101045,0.8713327889044901
ENSG00000007968,E2F2,neutral,36.46328987763713,32.04421466550523,1.137905555129392
ENSG00000008018,PSMB1,neutral,32.20824970464135,137.24213359233448,0.2346819366734204
ENSG00000008083,JARID2,regulation-driven,4.7007598438818565,5.4946646968641115,0.8555135032288051
ENSG00000008118,CAMK1G,regulation-driven,1.9302143544303798,1.6925672090592334,1.1404063272047176
ENSG00000008197,TFAP2D,neutral,1.1627307383966246,2.158046209059233,0.5387886197782109
ENSG00000008256,CYTH3,neutral,4.71654711392405,11.441089080139374,0.41224634131304166
ENSG00000008323,PLEKHG6,neutral,11.824425392405063,10.58621225783972,1.116964699404017
ENSG00000008394,MGST1,neutral,7.6868003080168785,3.2239167351916374,2.384304850094076
ENSG00000008405,CRY1,neutral,0.1078176371308017,0.40489988850174213,0.2662822099797585
ENSG00000008516,MMP25,gene-driven,0.8574381392405065,1.5904705156794423,0.5391097356333026
ENSG00000008952,SEC62,gene-driven (relaxed),105.48519371729958,45.4991233728223,2.3184005734121107
ENSG00000009709,PAX7,regulation-driven,0.7538830253164557,0.7661797526132405,0.983950597422023
ENSG00000009724,MASP2,neutral,0.004973962025316456,0.018341850174216027,0.2711810410657797
ENSG00000009765,IYD,neutral,2.2524366202531643,2.169838888501742,1.038066297082755
ENSG00000009780,FAM76A,gene-driven,0.13180371729957804,0.20649331358885017,0.6382953278671921
ENSG00000009790,TRAF3IP3,gene-driven,1.9534704219409282,2.31349375261324,0.8443811096245053
ENSG00000009844,VTA1,gene-driven,0.08521959071729959,2.0591460801393726,0.041385888810536224
ENSG00000009954,BAZ1B,neutral,17.040372911392407,19.384846466898953,0.8790563773868466
ENSG00000010017,RANBP9,neutral,0.023101573839662447,0.18345448780487805,0.1259253677360744
ENSG00000010072,SPRTN,neutral,8.634779544303797,7.223368585365854,1.1953951182551286
ENSG00000010165,METTL13,neutral,1.0779330506329114,1.8489537177700348,0.5829962320165444
ENSG00000010244,ZNF207,gene-driven,45.516760489451485,56.36143665156794,0.8075869458552071
ENSG00000010256,UQCRC1,neutral,13.698718814345991,9.780873243902438,1.4005619409172902
ENSG00000010278,CD9,gene-driven,0.26398951054852327,14.41758133449477,0.01831024943947536
ENSG00000010295,IFFO1,neutral,0.05968797468354431,0.2816539756097561,0.21191951774983858
ENSG00000010322,NISCH,neutral,1.8678382025316458,1.2439636132404182,1.5015215739840557
ENSG00000010539,ZNF200,gene-driven,1.3740531561181435,2.6136909337979097,0.5257137094329398
ENSG00000010704,HFE,neutral,9.94852776793249,7.0112795087108015,1.4189318448326664
ENSG00000010803,SCMH1,neutral,31.965628455696198,20.70754205923345,1.5436708212041415
ENSG00000011007,ELOA,neutral,10.795393371308016,6.665309459930314,1.6196387333861137
ENSG00000011021,CLCN6,gene-driven,4.406642447257384,2.225730432055749,1.9798635017931085
ENSG00000011083,SLC6A7,regulation-driven,7.946023928270042,8.037313630662021,0.9886417643273602
ENSG00000011114,BTBD7,regulation-driven,3.112394573839662,2.23484706271777,1.3926655768805574
ENSG00000011376,LARS2,gene-driven,3.203472476793249,4.468588857142857,0.7168868247237893
ENSG00000011405,PIK3C2A,regulation-driven,1.7484246075949368,1.1644278606271776,1.501531066641784
ENSG00000011465,DCN,regulation-driven,2.843344603375528,4.244815292682927,0.6698394175776722
ENSG00000012171,SEMA3B,gene-driven,3.635088244725738,2.7245724808362373,1.3341866550784662
ENSG00000012232,EXTL3,gene-driven,0.0305043670886076,0.025614296167247388,1.190911781820227
ENSG00000012660,ELOVL5,neutral,0.25153658649789035,0.85497393728223,0.29420380613877967
ENSG00000012779,ALOX5,regulation-driven,2.324653345991561,1.953660132404181,1.1898964960352825
ENSG00000012822,CALCOCO1,gene-driven,18.650048105485233,17.12403418815331,1.0891153276479466
ENSG00000012963,UBR7,neutral,5.721376253164556,3.2207252752613242,1.7764248000631886
ENSG00000013016,EHD3,regulation-driven,49.80213118987342,43.09535438327525,1.1556264451836364
ENSG00000013293,SLC7A14,regulation-driven,2.4770403164556964,20.881075435540073,0.11862608916395737
ENSG00000013297,CLDN11,neutral,29.772397755274266,24.083998167247383,1.2361900025288461
ENSG00000013374,NUB1,gene-driven,5.641494253164557,3.815834986062718,1.4784429289447873
ENSG00000013392,RWDD2A,neutral,15.07508593248945,8.865216393728224,1.70047579923198
ENSG00000013441,CLK1,neutral,3.8268166582278487,2.6110152090592336,1.4656431892660926
ENSG00000013561,RNF14,neutral,1.9321533080168776,3.419941055749129,0.5649668449018471
ENSG00000013583,HEBP1,gene-driven,0.136443194092827,0.0896570418118467,1.5218346639092246
ENSG00000013810,TACC3,neutral,3.5898497130801688,5.059296930313589,0.7095550552826834
ENSG00000014123,UFL1,neutral,2.3187276286919833,1.2851222090592334,1.8042857032168131
ENSG00000014138,POLA2,gene-driven,6.967290679324894,3.8118401916376308,1.8278024075116404
ENSG00000014164,ZC3H3,gene-driven,14.688565983122363,10.516075951219511,1.3967725272485298
ENSG00000014257,ACP3,neutral,27.778131075949364,90.38562039721253,0.3073290967509477
ENSG00000014641,MDH1,gene-driven,28.880991084388185,27.149828770034848,1.0637632866496753
ENSG00000014824,SLC30A9,neutral,0.9037576497890297,0.9963752404181185,0.9070454715532446
ENSG00000014914,MTMR11,neutral,9.85926175949367,7.182533428571429,1.3726718932172974
ENSG00000014919,COX15,neutral,4.944061489451477,1.503947592334495,3.287389477300258
ENSG00000015520,NPC1L1,regulation-driven,2.5549572151898734,4.621010766550523,0.5529000784166296
ENSG00000015592,STMN4,neutral,30.282714835443038,38.043284811846696,0.7960068376117981
ENSG00000016082,ISL1,neutral,1.0692079578059073,4.267140505226481,0.2505677880764225
ENSG00000016391,CHDH,neutral,0.10741111392405063,0.7179571602787456,0.14960657803363708
ENSG00000016490,CLCA1,regulation-driven,0.016393894514767932,0.8411515923344947,0.01948982164947111
ENSG00000016602,CLCA4,neutral,10.515372957805907,8.153679693379791,1.2896475399130092
ENSG00000016864,GLT8D1,neutral,19.854104143459917,18.609478348432056,1.0668812833828158
ENSG00000017427,IGF1,gene-driven,8.583551021097046,8.683878222996515,0.9884467286017686
ENSG00000018280,SLC11A1,regulation-driven,2.2947636919831225,2.3581843344947737,0.9731061556198325
ENSG00000018408,WWTR1,neutral,7.20310511814346,5.0831070139372825,1.4170673759953099
ENSG00000018510,AGPS,neutral,0.3124559746835443,0.1954512857142857,1.5986386251779292
ENSG00000019102,VSIG2,neutral,4.807373683544304,5.954373703832752,0.8073684862019763
ENSG00000019485,PRDM11,gene-driven,64.58161989029536,36.87426853658536,1.7514007044294242
ENSG00000019505,SYT13,gene-driven,2.7193300632911397,0.647714006968641,4.198349941539547
ENSG00000019582,CD74,neutral,0.2531067426160338,0.6075791045296167,0.41658236882913735
ENSG00000019995,ZRANB1,neutral,33.450639552742615,118.07997431358885,0.28328799821641776
ENSG00000020633,RUNX3,gene-driven,1.7754893164556962,1.0917724599303136,1.6262448281293187
ENSG00000020922,MRE11,neutral,6.920243345991562,111.20696591289197,0.062228506003950905
ENSG00000021355,SERPINB1,neutral,0.0098752194092827,0.023845254355400695,0.41413772577544633
ENSG00000021852,C8B,gene-driven,42.114469109704636,32.2186832891986,1.307144327770329
ENSG00000022840,RNF10,regulation-driven,2.7047503797468355,2.983771515679442,0.9064870971297981
ENSG00000023041,ZDHHC6,neutral,8.76501399578059,17.64379372473868,0.4967760410557854
ENSG00000023318,ERP44,gene-driven,22.201176248945146,20.82354237630662,1.0661575176664477
ENSG00000023516,AKAP11,neutral,2.8518711940928267,7.077338069686411,0.40295816958468256
ENSG00000023572,GLRX2,neutral,2.4230076962025318,1.6653491533101044,1.4549547711280122
ENSG00000023608,SNAPC1,neutral,5.01560317721519,4.09330156445993,1.225319732306835
ENSG00000023697,DERA,gene-driven,49.26538441772152,43.423669432055746,1.1345283588897572
ENSG00000023902,PLEKHO1,neutral,1.5541787004219407,2.5649065993031357,0.6059396863980149
ENSG00000023909,GCLM,neutral,3.960798291139241,3.6521453588850172,1.0845127731576527
ENSG00000024048,,neutral,3.9657612784810126,9.448383031358883,0.41972909706547423
ENSG00000024862,CCDC28A,neutral,11.279805645569619,10.334477529616724,1.0914732373498086
ENSG00000025039,RRAGD,neutral,16.04022346413502,5.652815236933798,2.8375637256517807
ENSG00000025156,HSF2,neutral,13.21943254008439,5.590212850174216,2.3647458324726247
ENSG00000026751,SLAMF7,neutral,3.2582946919831226,1.8670797351916373,1.7451288397432534
ENSG00000027644,INSRR,regulation-driven,9.734027911392404,13.924083627177701,0.6990785298353894
ENSG00000027697,IFNGR1,gene-driven,3.1527776455696204,2.906918181184669,1.0845773596162087
ENSG00000027869,SH2D2A,neutral,2.8895188945147683,2.478562048780488,1.165804542168505
ENSG00000028137,TNFRSF1B,neutral,10.390060489451477,5.215244390243903,1.992248054355428
ENSG00000028310,BRD9,gene-driven,5.189434746835443,7.607256641114982,0.682169011991534
ENSG00000028839,TBPL1,neutral,1.9074169662447251,2.7876066724738675,0.6842489598979127
ENSG00000029364,SLC39A9,gene-driven,1.0595591265822784,3.3778609128919865,0.31367754739052506
ENSG00000029559,IBSP,neutral,1.9908937721518987,2.095110916376306,0.9502569799957604
ENSG00000029639,TFB1M,neutral,36.40674113502109,27.922230236933796,1.3038622211081303
ENSG00000030304,MUSK,neutral,0.7723339451476794,0.41277658885017415,1.8710701285145173
ENSG00000030419,IKZF2,gene-driven,15.886507181434599,17.85322803135889,0.8898394818869855
ENSG00000031691,CENPQ,neutral,44.42287659493671,45.4403352369338,0.9776089098662701
ENSG00000032219,ARID4A,gene-driven,7.850049459915611,7.254870902439025,1.0820384766979785
ENSG00000032389,EIPR1,gene-driven,13.023521194092828,19.639605895470385,0.6631253836461418
ENSG00000033100,CHPF2,neutral,8.739236434599157,4.345281707317073,2.01120134970376
ENSG00000034677,RNF19A,gene-driven,3.922002822784811,3.819058404181185,1.0269554449575635
ENSG00000034971,MYOC,neutral,2.527900405063291,2.4555414912891984,1.029467599725266
ENSG00000035115,SH3YL1,gene-driven,9.066228379746835,6.23402668641115,1.4543133733304803
ENSG00000035403,VCL,regulation-driven,2.7730723459915607,0.21570588850174216,12.855802710129371
ENSG00000035499,DEPDC1B,neutral,0.39322004219409284,0.8926442613240417,0.4405114772270392
ENSG00000035681,NSMAF,gene-driven,13.51554664135021,10.870068139372822,1.24337276161086
ENSG00000035687,ADSS2,neutral,0.02943721518987342,0.05126277700348432,0.5742415239789405
ENSG00000035720,STAP1,gene-driven,78.99534202953586,50.19640401045296,1.5737251220841593
ENSG00000036549,ZZZ3,neutral,0.051012451476793244,0.016209170731707318,3.147135181752761
ENSG00000036565,SLC18A1,neutral,1.4662156751054851,6.2846000487804865,0.23330294111396974
ENSG00000037749,MFAP3,neutral,4.223680886075949,3.627296916376307,1.1644155368167197
ENSG00000038219,BOD1L1,neutral,7.58340464556962,13.616312651567943,0.5569352613753604
ENSG00000038274,MAT2B,gene-driven,0.5826706286919832,0.7736537212543554,0.7531413766707878
ENSG00000039600,SOX30,regulation-driven,7.385422869198313,6.940300278745645,1.0641359267719057
ENSG00000040487,SLC66A1,regulation-driven,2.6210541687763715,2.736754724738676,0.957723447075312
ENSG00000040731,CDH10,regulation-driven,11.06997151898734,11.003159494773517,1.0060720763200388
ENSG00000041515,MYO16,regulation-driven,7.51401689029536,5.056122146341464,1.4861225011607746
ENSG00000041880,PARP3,gene-driven,12.917035172995783,2.615569254355401,4.938517743885603
ENSG00000043039,BARX2,neutral,4.254270215189874,3.6107629756097563,1.1782191863400968
ENSG00000043093,DCUN1D1,gene-driven,0.7309481434599157,5.688429644599303,0.12849735148854147
ENSG00000043143,JADE2,neutral,13.524919438818564,10.381810243902441,1.3027515549864888
ENSG00000043355,ZIC2,neutral,0.22172802953586496,0.7519857351916377,0.294856696290069
ENSG00000043462,LCP2,gene-driven,3.694504848101266,2.573036306620209,1.4358541457792926
ENSG00000044012,GUCA2B,neutral,10.186070383966243,4.80584794076655,2.119515746131062
ENSG00000044115,CTNNA1,gene-driven,2.830059578059072,1.4725085017421604,1.9219308918833136
ENSG00000044459,,neutral,13.661954181434599,1.5593248536585365,8.761454772801509
ENSG00000044524,EPHA3,regulation-driven,43.352445805907166,53.362615226480834,0.8124123156616546
ENSG00000044574,HSPA5,gene-driven,1.386315594936709,0.1503821219512195,9.218619719878657
ENSG00000046889,,neutral,8.080067915611814,8.381215637630662,0.9640687299982199
ENSG00000047410,TPR,regulation-driven,0.4454990253164557,0.6956405783972125,0.6404155236931487
ENSG00000047579,DTNBP1,gene-driven,0.9680341645569621,3.586013463414634,0.2699471640118136
ENSG00000047621,C12orf4,neutral,1.4271426497890294,1.1536149999999998,1.2371047964780535
ENSG00000047662,FAM184B,neutral,28.50829729535865,46.167441864111495,0.6174978760848286
ENSG00000047936,ROS1,regulation-driven,3.606045928270042,1.9214108536585368,1.876769833689557
ENSG00000048544,MRPS10,neutral,2.444868729957806,1.8855705888501744,1.2966201023790325
ENSG00000048545,GUCA1A,neutral,8.212261594936708,3.6486625052264805,2.250759444912528
ENSG00000048740,CELF2,gene-driven,4.9825928565400845,9.389530616724738,0.5306540933649052
ENSG00000049167,ERCC8,gene-driven,0.459238,0.0920406480836237,4.989512889813189
ENSG00000049192,ADAMTS6,neutral,2.8938380253164557,2.1275339477351918,1.3601841833814272
ENSG00000049239,H6PD,neutral,7.807908257383966,22.44445781533101,0.3478768933349177
ENSG00000049245,VAMP3,gene-driven,1.7119677215189875,5.770910679442509,0.2966546905010094
ENSG00000049246,PER3,gene-driven,1.0975946160337553,3.422758860627178,0.3206754144031738
ENSG00000050130,JKAMP,gene-driven,48.556131088607586,116.30758483275261,0.4174803488390726
ENSG00000050165,DKK3,gene-driven,0.07733542194092827,0.0622405505226481,1.2425247092373877
ENSG00000050344,NFE2L3,neutral,7.915525573839663,6.70307031358885,1.1808805821106865
ENSG00000050426,LETMD1,gene-driven,3.595625151898734,3.643168355400697,0.9869500393986778
ENSG00000050438,SLC4A8,gene-driven,1.3143302447257383,1.3735693937282232,0.9568721105224292
ENSG00000050555,LAMC3,neutral,1.236512670886076,0.9721004668989548,1.2720009021604612
ENSG00000050730,TNIP3,neutral,7.192117156118144,20.900412174216026,0.34411365173892416
ENSG00000051009,FHIP1B,neutral,14.092239232067511,27.061205459930314,0.5207543046422664
ENSG00000051180,RAD51,regulation-driven,0.3373665991561181,0.04016082578397213,8.40038999623256
ENSG00000051596,THOC3,neutral,16.809676746835443,9.91272499651568,1.6957674860085437
ENSG00000052723,SIKE1,gene-driven,4.0092376835443035,4.370853759581881,0.9172664893569511
ENSG00000053108,FSTL4,regulation-driven,10.606343544303797,5.882618581881533,1.8029969811354656
ENSG00000053328,METTL24,neutral,11.262814995780593,13.172391459930315,0.8550319074589797
ENSG00000053372,MRTO4,neutral,1238.6215744810124,153.2376616794425,8.083010148458685
ENSG00000053770,AP5M1,neutral,2.435581050632912,2.0393157770034844,1.194312856350128
ENSG00000053918,KCNQ1,regulation-driven,13.496604603375527,12.825992418118467,1.0522854032183684
ENSG00000054116,TRAPPC3,neutral,31.859484210970464,14.724661275261322,2.1636819764741952
ENSG00000054118,THRAP3,neutral,36.93191331223628,29.743074533101048,1.241697904200683
ENSG00000054179,ENTPD2,neutral,0.16577474683544305,0.49887356445993036,0.33229811849202145
ENSG00000054965,FAM168A,neutral,1.0149777637130801,1.303978306620209,0.7783701297484069
ENSG00000055044,NOP58,neutral,14.912216286919833,10.90544819163763,1.3674097593122876
ENSG00000055118,KCNH2,regulation-driven,26.386263957805905,17.988787864111497,1.4668172284385976
ENSG00000055211,GINM1,neutral,6.192245109704641,6.094246909407666,1.0160804446806537
ENSG00000055813,CCDC85A,regulation-driven,30.225404497890295,18.092630721254352,1.6705920196769917
ENSG00000056050,HPF1,neutral,25.923931135021093,22.411051954703833,1.1567476255651599
ENSG00000056291,NPFFR2,gene-driven,7.102840603375527,0.7146568397212544,9.938812879963379
ENSG00000056736,IL17RB,neutral,0.8368685780590717,1.260154094076655,0.6641001937721476
ENSG00000057252,SOAT1,neutral,0.9642655400843883,0.6635935679442508,1.4530965739640762
ENSG00000057294,PKP2,gene-driven,0.044029400843881863,0.08103990940766549,0.5433051587261173
ENSG00000057468,MSH4,regulation-driven,0.2542985147679324,0.4754083763066202,0.534905414884654
ENSG00000057593,F7,neutral,71.53083115611814,31.027727379790935,2.305384157871253
ENSG00000057663,ATG5,gene-driven,2.5568238270042194,4.290784216027873,0.5958873013127561
ENSG00000057757,PITHD1,neutral,6.20713853164557,7.993673006968642,0.7765064353063197
ENSG00000058056,USP13,regulation-driven,3.19328082278481,2.2482253832752614,1.4203561824983812
ENSG00000058063,ATP11B,regulation-driven,0.674762253164557,0.2849514808362369,2.367989986170124
ENSG00000058085,LAMC2,neutral,11.137511177215188,18.734948418118464,0.5944778137976704
ENSG00000058091,CDK14,regulation-driven,39.39415615611814,20.981935533101044,1.8775272707310549
ENSG00000058262,SEC61A1,gene-driven,4.897537763713081,4.578258303135889,1.0697381928753344
ENSG00000058668,ATP2B4,regulation-driven,6.562143902953587,4.437175923344948,1.4789009983644599
ENSG00000058729,RIOK2,neutral,8.510233400843882,10.472975010452961,0.812589869865049
ENSG00000058804,NDC1,neutral,0.6923895189873418,3.6074873275261328,0.19193124081246718
ENSG00000058866,DGKG,regulation-driven,8.109732696202533,9.2760238815331,0.8742681993680026
ENSG00000059377,TBXAS1,gene-driven,0.3798111772151899,0.9662091289198605,0.3930941716932301
ENSG00000059588,TARBP1,neutral,2.128348810126582,3.4405866027874565,0.6186005631720649
ENSG00000059769,DNAJC25,neutral,6.986082383966244,12.047003376306622,0.5799020856677175
ENSG00000060339,CCAR1,gene-driven,8.03252335021097,6.811365254355401,1.1792824272747262
ENSG00000060642,PIGV,gene-driven,9.113457080168777,4.518439975609756,2.016947691982769
ENSG00000060688,SNRNP40,neutral,3.7556302742616037,7.686321696864111,0.4886121635780398
ENSG00000060982,BCAT1,gene-driven,2.943580303797468,2.1816269616724737,1.3492592251155842
ENSG00000061337,LZTS1,neutral,0.10493986919831223,0.08993256097560975,1.166872910766686
ENSG00000061492,WNT8A,neutral,0.5141801856540085,0.5047475505226481,1.01868782745274
ENSG00000061676,NCKAP1,regulation-driven,23.07544881012658,20.664015358885017,1.1166972347513624
ENSG00000062194,GPBP1,gene-driven,0.7102959282700422,1.6460015156794423,0.43152811312986167
ENSG00000062524,LTK,neutral,16.968766312236287,18.31177792334495,0.9266585900762531
ENSG00000063660,GPC1,gene-driven,1.4905181097046412,2.4481810104529615,0.6088267588632533
ENSG00000064199,SPA17,neutral,0.25489454852320675,0.15073744599303135,1.69098359630553
ENSG00000064201,TSPAN32,gene-driven,0.01766113502109705,0.09982396515679443,0.17692279597746435
ENSG00000064218,DMRT3,regulation-driven,1.6420678101265822,2.2762931149825785,0.7213780155633207
ENSG00000064393,HIPK2,regulation-driven,22.72391306751055,8.071676139372821,2.8152657112524127
ENSG00000064419,TNPO3,neutral,4.163904362869198,4.222979229965158,0.9860110921984225
ENSG00000064651,SLC12A2,neutral,2.450757084388186,4.195982724738676,0.5840722531908942
ENSG00000064703,DDX20,regulation-driven,23.995840928270045,28.437415344947738,0.8438123028129983
ENSG00000064763,FAR2,gene-driven,1.3140637552742613,36.52426624041812,0.035977827634497556
ENSG00000064886,CHI3L2,gene-driven,2.97039264556962,1.7116964181184668,1.7353501556279114
ENSG00000064995,TAF11,gene-driven,9.302969033755273,5.02284924738676,1.8521298521143819
ENSG00000064999,ANKS1A,neutral,33.920827717299574,30.47212706271777,1.113175580013948
ENSG00000065060,BLTP3A,regulation-driven,38.95417433333333,8.467935616724738,4.600197273157844
ENSG00000065135,GNAI3,neutral,32.89598331223629,16.122207634146342,2.040414319101288
ENSG00000065154,OAT,neutral,11.535837417721517,4.321352672473867,2.669496866386871
ENSG00000065243,PKN2,neutral,25.87730117721519,15.617937317073169,1.6568962118273276
ENSG00000065308,TRAM2,neutral,5.166175299578059,2.1745957386759582,2.375694575178179
ENSG00000065357,DGKA,gene-driven,0.4353337426160337,4.762284522648084,0.09141279580119772
ENSG00000065491,TBC1D22B,neutral,17.934299767932494,22.448179411149823,0.7989200121513942
ENSG00000065518,NDUFB4,neutral,13.048602632911393,5.914671724738677,2.206141480064628
ENSG00000065548,ZC3H15,neutral,13.30474247257384,31.145484135888506,0.4271804674643979
ENSG00000065600,PACC1,neutral,30.72816358227848,50.26096009756097,0.611372395645296
ENSG00000065615,CYB5R4,neutral,0.0298420717299578,0.18034260975609756,0.16547432562009273
ENSG00000065621,GSTO2,neutral,12.284080649789033,12.230821923344948,1.0043544683078436
ENSG00000065675,PRKCQ,regulation-driven,8.796714742616034,9.723777515679442,0.9046602237074497
ENSG00000065802,ASB1,gene-driven,16.40058270464135,9.75425860627178,1.6813766547153186
ENSG00000065833,ME1,neutral,5.663738953586498,3.058951780487805,1.8515293342359627
ENSG00000065970,FOXJ2,neutral,359.3897511097046,38.66345734146341,9.29533403947009
ENSG00000066027,PPP2R5A,neutral,23.443034358649793,27.264359463414635,0.859841742847743
ENSG00000066056,TIE1,neutral,10.147268506329112,9.38885624738676,1.0807779178804067
ENSG00000066185,ZMYND12,gene-driven,2.2137639746835442,2.0274698710801395,1.091885017015891
ENSG00000066294,CD84,neutral,3.870113506329114,24.472365421602788,0.15814219180107542
ENSG00000066336,SPI1,neutral,3.345869,1.7864942787456444,1.8728685783137482
ENSG00000066379,POLR1H,neutral,10.460653704641352,2.6696235226480836,3.9184003346903014
ENSG00000066405,CLDN18,neutral,6.46631482700422,4.677507728222996,1.382427395680819
ENSG00000066422,ZBTB11,neutral,1.787600670886076,1.841415331010453,0.9707753817305046
ENSG00000066855,MTFR1,gene-driven (relaxed),5.424749126582279,4.235049034843206,1.2809176663483708
ENSG00000067082,KLF6,gene-driven,8.21084157383966,17.855642160278745,0.45984577312516445
ENSG00000067113,PLPP1,gene-driven,39.126605253164556,11.242346515679442,3.4802881407894324
ENSG00000067221,STOML1,gene-driven,173.41631329957804,329.3138009198606,0.5265989849656478
ENSG00000067334,DNTTIP2,neutral,4.485354126582278,3.7423145365853663,1.198550811999595
ENSG00000067533,RRP15,neutral,94.97936428691983,109.00783027874564,0.8713077220603933
ENSG00000067704,IARS2,neutral,60.14296325316456,161.38974684320556,0.37265665526816305
ENSG00000068028,RASSF1,neutral,14.522919708860757,27.95157106271777,0.5195743622522759
ENSG00000068650,,regulation-driven,5.775998687763713,3.178933825783972,1.8169609700319151
ENSG00000068654,POLR1A,regulation-driven,54.33185647679325,46.639801351916375,1.164924697402486
ENSG00000068697,LAPTM4A,neutral,1.328043805907173,1.9574582682926829,0.6784531897405445
ENSG00000068745,IP6K2,gene-driven,1.2878836329113923,0.34743951916376303,3.706785100356871
ENSG00000068784,SRBD1,neutral,9.88207199578059,6.54302150174216,1.5103224088671214
ENSG00000068831,RASGRP2,regulation-driven,5.797200025316456,3.3074240348432054,1.7527840289735583
ENSG00000068912,,gene-driven (relaxed),26.028102118143465,33.534764498257836,0.7761528225282647
ENSG00000068976,PYGM,regulation-driven,0.02235083122362869,0.005668808362369338,3.942774176667868
ENSG00000069206,ADAM7,regulation-driven,13.043385400843881,8.011937665505226,1.6279938693234175
ENSG00000069275,NUCKS1,neutral,29.924716763713082,28.602134376306623,1.0462406885446303
ENSG00000069482,GAL,neutral,0.6925617890295358,0.3136088118466899,2.208362019394085
ENSG00000069667,RORA,gene-driven,1.001162371308017,0.9056415017421602,1.1054731583988873
ENSG00000069869,,neutral,2.328293312236287,4.7934581916376295,0.48572308741486125
ENSG00000069956,MAPK6,neutral,6.896303852320674,10.864051466898953,0.6347819571117296
ENSG00000069966,GNB5,regulation-driven,0.5665951856540085,0.7344076097560975,0.7714996115606415
ENSG00000070019,GUCY2C,regulation-driven,0.3632233797468355,0.9042777874564459,0.4016723453624918
ENSG00000070047,,neutral,11.254920852320677,7.857846721254354,1.4323161613572484
ENSG00000070087,PFN2,gene-driven,0.7055048607594937,4.630598916376306,0.1523571515262197
ENSG00000070159,PTPN3,regulation-driven,2.951699687763713,6.881404278745643,0.42893856663537794
ENSG00000070190,DAPP1,neutral,0.404287223628692,0.2544975331010453,1.5885703044051687
ENSG00000070193,FGF10,gene-driven,6.860292097046414,15.419169498257839,0.4449196889509215
ENSG00000070269,TMEM260,neutral,9.947886215189872,6.924807017421602,1.4365578983158276
ENSG00000070367,EXOC5,neutral,1.5490278649789029,0.8610028222996515,1.7990973140385371
ENSG00000070610,GBA2,neutral,15.679477223628693,14.217708080139372,1.1028132758986138
ENSG00000070748,CHAT,neutral,92.14483675527427,17.42592696864111,5.2878011552036135
ENSG00000070756,,neutral,0.4850635485232067,2.329509526132404,0.20822561276602256
ENSG00000070759,TESK2,neutral,43.750428970464135,29.148132797909405,1.5009684933781438
ENSG00000070886,EPHA8,gene-driven,0.0037817721518987337,0.01072429268292683,0.3526360445122268
ENSG00000070985,TRPM5,neutral,37.541380776371305,13.95403494076655,2.690360238865004
ENSG00000071073,MGAT4A,neutral,55.290039004219416,34.61301643902439,1.5973770763845576
ENSG00000071189,,regulation-driven,0.0006402911392405065,0.0028109337979094072,0.22778591929725064
ENSG00000071243,ING3,gene-driven,35.88434430801688,11.142927125435541,3.2203696483040827
ENSG00000071246,VASH1,gene-driven,1.5067364261603373,2.654796707317073,0.5675524690864331
ENSG00000071462,BUD23,gene-driven,10.232888409282701,9.526240864111497,1.0741790550177437
ENSG00000071537,SEL1L,neutral,3.7666996835443034,0.784893425087108,4.798995077740997
ENSG00000071575,TRIB2,regulation-driven,26.08615500843882,12.958631135888503,2.0130332235627937
ENSG00000071677,PRLH,neutral,9.609147962025318,6.460251554006969,1.4874262838983796
ENSG00000072042,RDH11,neutral,22.981972025316455,32.48672097212543,0.707426645029385
ENSG00000072080,SPP2,neutral,3.8657834683544303,8.370494104529616,0.46183456078924867
ENSG00000072134,EPN2,gene-driven,4.261069434599157,3.983202111498258,1.06975978504801
ENSG00000072182,ASIC4,regulation-driven,1.8424189451476798,2.850713710801394,0.6463009379604584
ENSG00000072401,UBE2D1,neutral,3.460678329113924,5.407640111498258,0.6399609178420523
ENSG00000072415,PALS1,regulation-driven,4.244745371308016,1.9486312508710804,2.178321511271321
ENSG00000072422,RHOBTB1,regulation-driven,0.024090037974683544,0.015866449477351916,1.518300487394495
ENSG00000072571,HMMR,gene-driven,4.155493405063292,1.73427718815331,2.3960952917152407
ENSG00000072609,CHFR,gene-driven,0.5373454303797469,4.835281484320557,0.11113012388672827
ENSG00000072832,CRMP1,regulation-driven,16.600134540084387,2.9278722229965157,5.669692280182591
ENSG00000072840,EVC,gene-driven,6.599848801687764,3.9982706411149826,1.6506758531601775
ENSG00000072858,SIDT1,regulation-driven,2.611908767932489,3.7418947526132396,0.6980176997518173
ENSG00000073060,SCARB1,neutral,0.04407591139240506,0.011863979094076656,3.7151035957582645
ENSG00000073067,CYP2W1,neutral,14.881248970464133,1.6586679581881534,8.971807104008732
ENSG00000073598,FNDC8,neutral,0.7447459282700422,0.9552660940766552,0.7796214404426252
ENSG00000073734,ABCB11,gene-driven,0.15936081434599156,0.3151470487804878,0.5056712888877235
ENSG00000073737,DHRS9,neutral,0.12997413502109703,0.010588473867595819,12.275058393340352
ENSG00000073754,CD5L,neutral,0.390901194092827,1.6020621881533101,0.2439987642074101
ENSG00000073756,PTGS2,neutral,7.76569099156118,0.301601181184669,25.748211466076068
ENSG00000073792,IGF2BP2,regulation-driven,3.686908569620253,3.5517173867595817,1.038063609273826
ENSG00000074071,MRPS34,gene-driven,9.95079882700422,9.768697480836236,1.0186413128797593
ENSG00000074211,PPP2R2C,gene-driven,11.483960987341773,1.7318354843205575,6.631092324480936
ENSG00000074276,CDHR2,neutral,32.57904129957806,142.57467620557492,0.228505104599383
ENSG00000074317,SNCB,gene-driven,23.0921985907173,12.766811445993032,1.8087678891791712
ENSG00000074410,CA12,neutral,12.5883001814346,32.07293909407665,0.39248976043356915
ENSG00000074416,MGLL,neutral,7.829544244725738,6.745836777003484,1.1606483381597084
ENSG00000074771,NOX3,neutral,100.80116639240505,141.9288869825784,0.7102230457481025
ENSG00000074935,TUBE1,neutral,6.693460033755273,6.0182612926829275,1.112191662713824
ENSG00000075073,TACR2,neutral,9.33310982278481,8.439493170731707,1.1058851087352235
ENSG00000075142,SRI,neutral,13.18495976793249,14.23357112195122,0.926328301939522
ENSG00000075188,NUP37,neutral,9.013666873417721,1.336221470383275,6.745638408902594
ENSG00000075290,WNT8B,neutral,9.379666704641348,6.139708763066202,1.5277054770195801
ENSG00000075303,SLC25A40,neutral,14.322578864978903,14.924272111498256,0.9596835784000625
ENSG00000075407,ZNF37A,neutral,12.824598485232068,7.25745994076655,1.7670918737275874
ENSG00000075420,FNDC3B,regulation-driven,6.827175843881856,7.073883006968641,0.9651242234507204
ENSG00000075673,ATP12A,dual-driven,1.1081604725738396,0.38783010104529614,2.8573348731495534
ENSG00000075884,ARHGAP15,regulation-driven,0.15801580590717296,0.22044539721254358,0.7168024731077565
ENSG00000075914,EXOSC7,neutral,49.83586486919832,34.3788795087108,1.4496070139973898
ENSG00000075945,KIFAP3,regulation-driven,12.990981337552745,14.117311672473868,0.9202163725607009
ENSG00000075975,MKRN2,gene-driven,16.8224622278481,4.712705400696865,3.569597672148268
ENSG00000076003,MCM6,neutral,3.3884890295358647,4.3457118362369345,0.7797316428762672
ENSG00000076053,RBM7,gene-driven,1.0793179662447256,1.3333980975609756,0.8094491571714343
ENSG00000076067,RBMS2,neutral,7.088519210970464,4.374563787456446,1.6203945251172174
ENSG00000076248,UNG,neutral,0.1460491265822785,0.37315481881533097,0.3913901662745407
ENSG00000076321,KLHL20,neutral,2.622923827004219,7.690243240418119,0.34107163388782624
ENSG00000076356,,regulation-driven,4.923451126582278,1.458836574912892,3.374916156647814
ENSG00000076513,ANKRD13A,neutral,3.324986481012658,15.283182662020906,0.21755851215959968
ENSG00000076604,TRAF4,gene-driven,3.3836581223628697,1.7083014006968642,1.9807149493541247
ENSG00000076641,PAG1,neutral,4.400794502109704,2.441785163763066,1.8022857077760208
ENSG00000076706,MCAM,neutral,10.89007934599156,2.343147606271777,4.647628393893186
ENSG00000077092,RARB,regulation-driven,104.20114910126581,27.343170181184668,3.810865690071611
ENSG00000077097,,gene-driven,20.555281843881854,19.21846534843205,1.0695589617179744
ENSG00000077150,NFKB2,neutral,18.16739089029536,9.26269593379791,1.9613502397294313
ENSG00000077152,UBE2T,neutral,4.077651337552743,7.1389819059233455,0.571181071935403
ENSG00000077157,,gene-driven,7.556992831223629,6.97582893379791,1.083311087892362
ENSG00000077232,DNAJC10,neutral,16.853316388185654,12.313631320557489,1.3686715112258725
ENSG00000077327,SPAG6,regulation-driven,19.741737037974683,15.847685236933797,1.2457173866607099
ENSG00000077420,APBB1IP,regulation-driven,1.610313569620253,1.8403185749128919,0.8750189187741445
ENSG00000077498,TYR,regulation-driven,4.066786122362869,1.2770595365853659,3.1844921915204867
ENSG00000077943,ITGA8,regulation-driven,0.10785627426160338,0.3439211777003484,0.3136075393286085
ENSG00000078124,ACER3,neutral,30.03432434599156,26.344021766550522,1.1400812150909578
ENSG00000078177,N4BP2,gene-driven,4.719243135021097,5.356081843205574,0.8810998922668937
ENSG00000078237,TIGAR,neutral,7.03360023628692,3.7035419163763073,1.899155023785683
ENSG00000078295,ADCY2,regulation-driven,8.062061869198311,9.467674048780488,0.8515356388126575
ENSG00000078399,HOXA9,gene-driven,2.3252833459915614,3.710702236933798,0.6266423974543895
ENSG00000078401,EDN1,neutral,4.918458599156119,2.2018826411149823,2.233751475812319
ENSG00000078725,BRINP1,regulation-driven,6.638227371308016,8.520916425087108,0.779050872012297
ENSG00000078900,TP73,gene-driven,12.272847405063292,43.342177473867594,0.28316176344538735
ENSG00000079277,MKNK1,gene-driven,1.9557506455696203,5.524689491289199,0.35400191244290935
ENSG00000079393,DUSP13B,gene-driven,24.873218151898737,17.507217463414634,1.4207408004085778
ENSG00000079459,FDFT1,gene-driven,205.02395303375528,22.455308860627174,9.13031097929993
ENSG00000079557,AFM,neutral,18.799567333333336,7.043034501742161,2.669242544344073
ENSG00000079689,SCGN,neutral,2.6358811687763715,3.920763550522648,0.6722877150867722
ENSG00000079739,PGM1,neutral,34.75324614767932,32.28595893031358,1.0764198214676282
ENSG00000079931,MOXD1,neutral,49.24661875527426,22.144777442508712,2.2238479877761765
ENSG00000079950,STX7,neutral,3.7370307257383972,2.3901439268292686,1.5635170266486378
ENSG00000080007,DDX43,neutral,0.053220181434599154,0.9112647595818814,0.05840254533602106
ENSG00000080166,DCT,neutral,6.403760805907173,8.03779437630662,0.7967062238844821
ENSG00000080293,SCTR,neutral,6.721360949367089,2.7589998571428573,2.4361584985102325
ENSG00000080298,RFX3,gene-driven,3.8581959578059064,2.417878759581882,1.5956945494128478
ENSG00000080371,RAB21,neutral,3.126704109704641,15.971754170731709,0.19576460270308546
ENSG00000080546,SESN1,neutral,1.1984684641350212,1.4810294912891986,0.8092130988504387
ENSG00000080608,PUM3,neutral,0.03807014345991561,0.05624827526132404,0.6768233031687712
ENSG00000080802,CNOT4,gene-driven (relaxed),9.171872670886078,7.780486679442508,1.1788302003163722
ENSG00000080815,,regulation-driven,7.14868705907173,18.029473341463415,0.39650004876357003
ENSG00000080819,CPOX,neutral,12.29508094092827,52.29574904529617,0.23510669921333066
ENSG00000081014,AP4E1,neutral,10.919047244725737,3.6116964146341455,3.023246140091707
ENSG00000081019,RSBN1,gene-driven,4.491001556962026,3.7813547630662026,1.1876699855901351
ENSG00000081026,MAGI3,gene-driven,0.26367609282700416,0.5678953031358885,0.46430405634805993
ENSG00000081051,AFP,neutral,0.1377826371308017,0.38361773170731706,0.3591664976423029
ENSG00000081148,IMPG2,neutral,24.2082345443038,32.24536833449477,0.7507507525788386
ENSG00000081177,EXD2,neutral,34.05218438396624,21.049042358885018,1.6177545659027317
ENSG00000081181,ARG2,neutral,89.304764907173,47.62868649477352,1.875020528163689
ENSG00000081277,PKP1,regulation-driven,6.500899168776373,5.551546815331011,1.171006817563648
ENSG00000081307,UBA5,neutral,1.1226910084388184,1.4664913797909407,0.7655626374011598
ENSG00000081320,STK17B,neutral,1.5674960126582278,5.856438818815331,0.2676534428434973
ENSG00000081692,JMJD4,gene-driven,12.107126603375528,5.9012821080139375,2.0516095285351734
ENSG00000081760,AACS,regulation-driven,5.486484451476794,6.8883156376306625,0.7964914414641938
ENSG00000081791,DELE1,gene-driven,0.0006216919831223629,0.0037070487804878047,0.16770536886233134
ENSG00000081800,SLC13A1,neutral,1.5756127257383965,15.12714632752613,0.1041579615628713
ENSG00000082068,WDR70,neutral,0.19537344725738398,0.38659615679442516,0.5053683121875291
ENSG00000082074,FYB1,gene-driven,0.012199502109704644,0.043207710801393726,0.2823454861050202
ENSG00000082293,COL19A1,neutral,25.80109301265823,35.13146297212543,0.7344155588718223
ENSG00000082497,SERTAD4,regulation-driven,0.941032852320675,0.9259995331010453,1.0162346941680254
ENSG00000082512,TRAF5,neutral,2.579162312236287,2.870972620209059,0.8983583800421187
ENSG00000082515,MRPL22,gene-driven,5.470533611814346,2.558875780487805,2.1378660322352516
ENSG00000082516,GEMIN5,neutral,2.471459915611814,1.8272123414634147,1.352584951146084
ENSG00000082556,OPRK1,regulation-driven,28.32818954852321,44.74720271777003,0.6330717414269452
ENSG00000082996,RNF13,regulation-driven,0.8231258649789029,0.9863104076655054,0.8345505213994007
ENSG00000083123,BCKDHB,neutral,11.40315276371308,3.8457475261324037,2.9651329647167497
ENSG00000083168,,regulation-driven,3.633151789029536,1.6660220069686411,2.1807345724322844
ENSG00000083520,DIS3,neutral,5.050962008438819,1.862899968641115,2.7113436542291764
ENSG00000083535,PIBF1,neutral,7.638630248945148,2.6951971324041812,2.834163838001454
ENSG00000083635,NUFIP1,neutral,7.503502434599157,5.290884898954704,1.4181942298691075
ENSG00000083720,OXCT1,neutral,17.698149489451477,10.95228826132404,1.615931672648645
ENSG00000083782,EPYC,neutral,4.157510864978903,10.109496526132403,0.41124806306941225
ENSG00000083937,CHMP2B,gene-driven,24.87620605907173,42.90995181881533,0.5797304588947105
ENSG00000084073,ZMPSTE24,gene-driven,41.66943750632911,38.16518707665505,1.0918179812045923
ENSG00000084092,NOA1,regulation-driven,1.7917555316455698,0.8664032613240418,2.068038766275418
ENSG00000084093,REST,gene-driven,0.003463662447257384,0.008186975609756099,0.42306983828434436
ENSG00000084110,HAL,regulation-driven,3.7668285907173,3.574332041811847,1.0538552508982562
ENSG00000084444,FAM234B,neutral,0.37299633755274253,6.969243337979094,0.053520349263755526
ENSG00000084628,NKAIN1,gene-driven,0.8206038734177215,3.065201700348432,0.2677161092937018
ENSG00000084652,TXLNA,gene-driven,0.031765274261603374,0.050258156794425086,0.6320421656435867
ENSG00000084710,EFR3B,regulation-driven,89.202943,58.996156578397205,1.5120127847898435
ENSG00000084731,KIF3C,gene-driven,65.87826291139241,35.58581132404181,1.8512508345393544
ENSG00000084733,RAB10,neutral,0.10531339240506331,0.13182593379790938,0.7988822030004347
ENSG00000084764,MAPRE3,neutral,5.112629594936708,2.112123951219512,2.420610585844048
ENSG00000085365,SCAMP1,gene-driven,17.33202189029536,11.12204256794425,1.5583488180713674
ENSG00000085491,SLC25A24,neutral,3.8426391434599156,3.4131214529616725,1.125843072512271
ENSG00000085552,IGSF9,neutral,1.7014553797468353,5.636056905923345,0.3018875444565954
ENSG00000085662,AKR1B1,regulation-driven,13.646876624472574,6.227168439024391,2.191505940155784
ENSG00000085733,CTTN,neutral,1.0568243924050633,0.43823757491289206,2.411533042585696
ENSG00000085840,ORC1,neutral,1.4866499746835444,2.8090153728222997,0.5292423776199786
ENSG00000085871,MGST2,neutral,15.535988801687763,7.2937259999999995,2.1300483184709385
ENSG00000085978,ATG16L1,gene-driven,1.1430104978902953,1.5441802578397212,0.7402053562641354
ENSG00000086062,B4GALT1,neutral,27.978491898734177,27.459922292682926,1.018884598453122
ENSG00000086065,CHMP5,neutral,6.597171911392405,4.577968609756097,1.4410697131765362
ENSG00000086102,NFX1,neutral,0.07049637974683545,0.5173308606271776,0.13626942661292296
ENSG00000086159,AQP6,gene-driven,12.915054919831226,8.056067243902438,1.6031463651953142
ENSG00000086189,DIMT1,gene-driven,3.8053786835443035,3.0821070174216025,1.2346679275036232
ENSG00000086289,EPDR1,neutral,6.777880620253164,29.141328331010453,0.23258653631929846
ENSG00000086300,SNX10,neutral,13.075928578059072,7.448000369337979,1.7556294212726167
ENSG00000086589,RBM22,gene-driven,33.386538025316455,24.185999710801397,1.380407608721095
ENSG00000086619,ERO1B,regulation-driven,8.601538898734177,5.736391073170731,1.499468705849541
ENSG00000086730,LAT2,gene-driven,18.922383143459914,13.085632965156794,1.4460426326983704
ENSG00000086827,ZW10,neutral,5.18208941350211,2.6077539895470383,1.9871849239897927
ENSG00000087085,ACHE,neutral,521.9387799915613,800.3671875958188,0.6521241601112934
ENSG00000087095,NLK,neutral,7.770920025316456,9.23475342857143,0.8414864658187823
ENSG00000087111,PIGS,gene-driven,0.8383515232067511,0.4222707177700349,1.985341364975514
ENSG00000087116,ADAMTS2,neutral,0.0014769831223628693,0.005189369337979094,0.28461707505637934
ENSG00000087206,UIMC1,gene-driven,0.9022711814345991,1.2582438850174216,0.717087674479027
ENSG00000087299,L2HGDH,gene-driven,8.44234641350211,4.828898585365853,1.7482964829882608
ENSG00000087301,TXNDC16,gene-driven,21.211183042194094,11.93014862369338,1.7779479293383234
ENSG00000087302,RTRAF,neutral,2.5803227637130806,1.1493342264808362,2.2450586646269204
ENSG00000087338,GMCL1,neutral,23.49680070886076,13.972488728222997,1.6816474978719882
ENSG00000087494,PTHLH,gene-driven,17.188728848101267,13.789512641114984,1.2465073491322047
ENSG00000087884,AAMDC,gene-driven,1.7072848059071728,1.4866396306620209,1.148418736252104
ENSG00000088035,ALG6,gene-driven,6.577435548523207,4.3232044843205575,1.521425963629136
ENSG00000088280,ASAP3,dual-driven,3.4270476075949365,4.257495452961672,0.8049445138481486
ENSG00000088386,SLC15A1,neutral,10.89019147257384,11.445712825783973,0.9514646783764572
ENSG00000088451,TGDS,neutral,13.077135523206753,20.19669056097561,0.6474890271614409
ENSG00000088726,TMEM40,gene-driven,1.1209890970464136,1.4394644216027874,0.778754292376491
ENSG00000088808,PPP1R13B,neutral,13.706408430379746,14.546740599303137,0.9422322709897194
ENSG00000088926,F11,neutral,32.44433519409283,7.865291484320557,4.125000994403138
ENSG00000088992,TESC,neutral,4.095073383966245,6.736317944250872,0.6079097539422402
ENSG00000089041,P2RX7,neutral,4.472298962025316,3.84149855749129,1.1642068570620454
ENSG00000089116,LHX5,neutral,1.5810302109704641,2.7620907909407664,0.5724034185103547
ENSG00000089127,OAS1,gene-driven,9.83454075949367,5.328589714285714,1.8456179377308222
ENSG00000089169,RPH3A,gene-driven,1.5303010126582277,1.9295134878048783,0.7931020033444717
ENSG00000089225,TBX5,regulation-driven,6.541497502109705,4.11136780139373,1.5910757242132838
ENSG00000089234,BRAP,regulation-driven,25.45341394514768,17.615727898954706,1.4449254717801387
ENSG00000089250,NOS1,regulation-driven,114.29610843037975,51.601492355400694,2.2149768003447545
ENSG00000089597,GANAB,gene-driven,10.485994683544304,1.5979015574912894,6.562353378018699
ENSG00000089692,LAG3,neutral,49.40311822362869,76.43854917421602,0.6463115634368054
ENSG00000089723,OTUB2,neutral,30.631591113924053,37.340329282229966,0.8203353238371531
ENSG00000089737,DDX24,neutral,2.7986118987341775,2.0910020522648085,1.3384070549825342
ENSG00000089775,ZBTB25,neutral,33.092337789029536,35.25576687456446,0.9386361643122917
ENSG00000089818,NECAP1,gene-driven,4.184422822784811,3.9165512578397212,1.0683947553115496
ENSG00000089902,RCOR1,gene-driven,2.1048351814345994,0.8247939163763066,2.5519528449992626
ENSG00000090054,SPTLC1,neutral,11.971964751054852,6.744426693379791,1.7750900551423177
ENSG00000090060,,neutral,4.852566734177215,3.500278735191638,1.386337232343738
ENSG00000090104,RGS1,neutral,44.1632538607595,70.70183195818817,0.6246408705063947
ENSG00000090263,MRPS33,gene-driven,14.864453434599158,26.83143549477352,0.5539939686601784
ENSG00000090266,NDUFB2,gene-driven,21.26963658649789,23.43719513240418,0.9075162990425661
ENSG00000090273,NUDC,gene-driven,5.071324578059072,4.928181331010453,1.029045856358388
ENSG00000090402,SI,regulation-driven,11.37081740506329,10.882555742160278,1.0448664518217379
ENSG00000090432,MUL1,neutral,5.582572168776371,1.4651681045296168,3.810192258156358
ENSG00000090470,PDCD7,neutral,14.841341708860758,9.7609907456446,1.520474928785588
ENSG00000090520,DNAJB11,neutral,0.4667781898734177,0.3826906759581881,1.2197271038932151
ENSG00000090530,P3H2,neutral,0.15080764978902955,0.9318646027874564,0.16183429367090832
ENSG00000090539,CHRD,regulation-driven,0.5947787341772152,1.4868700139372824,0.4000206666366355
ENSG00000090581,GNPTG,neutral,4.619301565400844,1.7796669965156795,2.595598825198614
ENSG00000090686,,regulation-driven,24.471265421940924,2.8253151986062717,8.661428443103482
ENSG00000090975,PITPNM2,regulation-driven,10.726242257383968,7.879652393728223,1.3612583044807252
ENSG00000091128,,regulation-driven,34.379496864978904,44.22765954006969,0.7773302323138199
ENSG00000091138,SLC26A3,regulation-driven,13.482370286919831,16.722708526132404,0.8062312552928296
ENSG00000091140,DLD,neutral,8.072594687763713,12.26690550174216,0.6580791452756553
ENSG00000091317,CMTM6,neutral,5.819964181434599,6.6292317386759585,0.8779243826219004
ENSG00000091483,FH,gene-driven,13.499617016877638,6.2153035783972115,2.1719964031682726
ENSG00000091656,,regulation-driven,4.970206683544304,7.115391372822299,0.698514870528181
ENSG00000091664,SLC17A6,regulation-driven,0.007313797468354432,0.015181557491289195,0.4817554109682692
ENSG00000091732,ZC3HC1,gene-driven,0.022344033755274263,0.09657012543554007,0.2313762527955787
ENSG00000091831,ESR1,gene-driven,6.679208172995781,2.132958118466899,3.1314295930932667
ENSG00000091844,RGS17,neutral,1.6774839789029534,0.737716668989547,2.273886506049279
ENSG00000091879,ANGPT2,neutral,11.491390772151899,10.449084536585367,1.0997509620978858
ENSG00000092009,CMA1,neutral,19.835336210970464,21.420908393728222,0.9259801613631851
ENSG00000092010,PSME1,gene-driven,7.93016870042194,6.506632076655052,1.2187824064732893
ENSG00000092020,PPP2R3C,gene-driven,6.880025717299579,3.980643069686411,1.728370415748322
ENSG00000092051,JPH4,neutral,0.38876491561181437,0.4890287038327526,0.794973613133293
ENSG00000092067,CEBPE,neutral,2.352465438818566,6.656414512195122,0.35341330298896617
ENSG00000092068,SLC7A8,regulation-driven,3.801491270042195,3.779250641114982,1.0058849309133546
ENSG00000092201,SUPT16H,neutral,10.80448217721519,9.676107679442508,1.1166145040086712
ENSG00000092203,TOX4,neutral,3.5928661434599154,2.1390481986062717,1.679656468611086
ENSG00000092345,DAZL,gene-driven,0.17444928691983122,0.03329161324041812,5.240037052576316
ENSG00000092529,,gene-driven,3.172171907172996,5.242661857142856,0.6050689503941734
ENSG00000092531,SNAP23,neutral,0.363053582278481,0.24503953658536584,1.4816122628113195
ENSG00000092607,TBX15,gene-driven,13.23531682278481,17.34744629268293,0.7629547657609642
ENSG00000092820,EZR,neutral,77.30250882700422,70.84154150174216,1.0912030877405903
ENSG00000092847,AGO1,neutral,4.1023228185654,0.6459189198606272,6.351142058898936
ENSG00000092853,CLSPN,regulation-driven,6.038064835443038,4.51514581533101,1.3372912154776957
ENSG00000092871,RFFL,gene-driven,0.21339,0.5237650383275262,0.40741550959833395
ENSG00000092969,TGFB2,neutral,1.9491256329113924,1.3198748222996517,1.4767503705505807
ENSG00000092978,GPATCH2,neutral,5.898987552742616,3.6098397944250875,1.6341410945307904
ENSG00000095015,MAP3K1,gene-driven,79.83272910126583,45.23616792682927,1.7647986723897002
ENSG00000095139,ARCN1,neutral,1.2660255949367092,6.245212470383276,0.20271937919495825
ENSG00000095203,EPB41L4B,regulation-driven,1.5531345949367088,1.8828017700348432,0.8249060626854873
ENSG00000095261,PSMD5,gene-driven,0.1978885864978903,0.7451300348432056,0.2655759092297643
ENSG00000095319,NUP188,neutral,12.927876244725736,13.870720229965155,0.9320263137308057
ENSG00000095321,CRAT,neutral,6.093863274261604,4.968665804878049,1.2264586739319192
ENSG00000095380,NANS,gene-driven,0.6644302025316455,1.4113273937282234,0.4707838914516199
ENSG00000095383,TBC1D2,neutral,1.1998083375527426,3.5154463797909408,0.34129615642838895
ENSG00000095464,PDE6C,neutral,5.256525270042194,3.862588355400697,1.3608815608560734
ENSG00000095564,BTAF1,regulation-driven,4.390621227848102,4.901349177700348,0.8957984972431868
ENSG00000095574,IKZF5,neutral,0.10755879746835442,0.3630473763066202,0.2962665604764297
ENSG00000095585,BLNK,neutral,0.15615559071729956,0.7882806898954704,0.1980964302677597
ENSG00000095596,CYP26A1,neutral,0.023316852320675107,0.09057217770034844,0.2574394578191246
ENSG00000095627,TDRD1,regulation-driven,8.972135763713078,12.310529968641115,0.7288179945597791
ENSG00000095739,BAMBI,neutral,0.27280100843881855,0.3434354738675958,0.7943297335207461
ENSG00000095970,TREM2,neutral,0.0005552784810126583,0.00515877700348432,0.10763762043554399
ENSG00000095981,KCNK16,neutral,0.003355873417721519,0.02612254355400697,0.1284665641683563
ENSG00000096060,FKBP5,neutral,15.344937970464136,6.117515219512196,2.508361225080487
ENSG00000096070,BRPF3,regulation-driven,11.92587488185654,17.983853473867594,0.6631434636178545
ENSG00000096092,TMEM14A,neutral,2.25550411814346,1.6754107491289199,1.3462394933995396
ENSG00000096395,MLN,neutral,13.754871573839663,6.40222418466899,2.148452034337942
ENSG00000096401,CDC5L,neutral,1.1809945569620253,1.3675653867595818,0.8635744721211229
ENSG00000096654,ZNF184,gene-driven,0.9158093670886076,0.8528014041811847,1.0738835121500765
ENSG00000096696,,gene-driven (relaxed),10.185963586497891,3.9124384912891985,2.603482101808452
ENSG00000096717,SIRT1,neutral,50.743650354430386,21.522406275261325,2.3577126881373425
ENSG00000096746,HNRNPH3,neutral,2.2773003586497893,1.3960338850174216,1.6312643862662188
ENSG00000097007,ABL1,regulation-driven,28.480053274261603,30.933502749128923,0.9206863349823385
ENSG00000097033,SH3GLB1,neutral,7.095728814345991,2.9564307874564464,2.400099756927093
ENSG00000097096,SYDE2,neutral,1.5773120717299576,0.5488396027874565,2.8739035297727726
ENSG00000099194,SCD,neutral,10.91762034177215,9.78606869337979,1.1156288274532395
ENSG00000099219,,regulation-driven,32.24936882278481,29.94718801045296,1.0768746905895898
ENSG00000099256,PRTFDC1,neutral,3.1222204092827006,1.4162353972125437,2.2045914227450485
ENSG00000099260,PALMD,gene-driven,2.1109723797468356,9.57659806271777,0.22043029956169602
ENSG00000099282,TSPAN15,gene-driven,56.534083181434596,6.768076341463415,8.353050457644605
ENSG00000099284,MACROH2A2,regulation-driven,0.5733696075949367,0.4838408397212544,1.1850376415625865
ENSG00000099814,CEP170B,neutral,32.91670328691983,32.22101622648084,1.0215910961823493
ENSG00000100439,ABHD4,neutral,6.101812523206751,6.2473959651567945,0.9766969401712334
ENSG00000100442,FKBP3,gene-driven,12.372990776371308,13.231522515679442,0.9351146673944161
ENSG00000100445,SDR39U1,gene-driven,0.04632822362869198,0.03112669337979094,1.4883760078020578
ENSG00000100448,CTSG,neutral,0.010382206751054853,0.1824181707317073,0.05691432333418446
ENSG00000100453,GZMB,gene-driven,10.324491464135022,8.317928710801393,1.241233463653995
ENSG00000100461,RBM23,gene-driven,19.856039054852324,12.530544505226482,1.5846110315932707
ENSG00000100462,PRMT5,gene-driven,4.704612333333334,4.503372027874565,1.0446865824571345
ENSG00000100483,VCPKMT,neutral,6.6787225189873425,5.499816602787456,1.2143536778303452
ENSG00000100504,PYGL,regulation-driven,7.719629544303797,15.353268055749128,0.5028004146265872
ENSG00000100505,TRIM9,regulation-driven,3.161266210970464,3.4385271080139375,0.9193663774244267
ENSG00000100523,DDHD1,neutral,2.4964201983122365,1.0743293519163764,2.323701008316631
ENSG00000100526,CDKN3,neutral,27.67374305063291,26.07334355749129,1.061380677534232
ENSG00000100528,CNIH1,neutral,1.6021591350210969,4.464053411149826,0.3589023220509411
ENSG00000100554,ATP6V1D,neutral,0.017252172995780593,0.013625414634146342,1.2661759997046487
ENSG00000100565,LRRC74A,gene-driven,11.114017088607595,9.725861609756098,1.1427282779202848
ENSG00000100567,PSMA3,neutral,18.043361561181435,20.40228344599303,0.8843795160940731
ENSG00000100577,GSTZ1,neutral,2.921317573839663,1.1652451114982578,2.507041261115843
ENSG00000100583,SAMD15,gene-driven,32.71049748945148,37.88006849825784,0.8635279392632534
ENSG00000100592,DAAM1,regulation-driven,0.1809233037974684,0.15961289547038324,1.1335130740175026
ENSG00000100603,SNW1,neutral,30.916193278481014,53.136589017421606,0.5818249505692714
ENSG00000100604,CHGA,regulation-driven,28.4989228185654,49.9569528641115,0.5704695980174302
ENSG00000100626,GALNT16,neutral,0.13526640084388186,0.7295546829268291,0.1854095436701466
ENSG00000100628,ASB2,neutral,0.6942690084388186,0.27826999651567946,2.4949474148561293
ENSG00000100644,HIF1A,regulation-driven,3.6513832658227843,6.467914728222996,0.5645379414001598
ENSG00000100647,SUSD6,neutral,15.679553135021099,20.117127038327524,0.77941313912012
ENSG00000100652,SLC10A1,neutral,26.78805028691983,28.365371090592333,0.9443927315939245
ENSG00000100665,SERPINA4,neutral,4.219521721518987,3.259065961672474,1.2947027679530703
ENSG00000100678,SLC8A3,regulation-driven,7.843957037974683,3.967058428571428,1.9772728784333433
ENSG00000100721,TCL1A,neutral,7.735322455696202,5.221783480836237,1.4813564147354186
ENSG00000100744,GSKIP,gene-driven,11.271359717299578,2.7249169337979096,4.136404885410538
ENSG00000100796,PPP4R3A,gene-driven,2.686426949367088,1.060688456445993,2.5327200772679217
ENSG00000100802,C14orf93,neutral,78.60041322362869,64.02374031707318,1.22767605944866
ENSG00000100811,YY1,gene-driven,16.087750801687765,7.987150484320557,2.014204043515815
ENSG00000100815,TRIP11,neutral,86.09425768776373,28.46069439372823,3.0250230896241233
ENSG00000100842,EFS,neutral,9.245295122362869,12.457762393728222,0.7421312776857384
ENSG00000100884,CPNE6,neutral,14.718976527426161,7.108563006968641,2.070598025648349
ENSG00000100889,PCK2,regulation-driven,6.862548594936709,5.584369655052265,1.228885087993424
ENSG00000100890,PRORP,gene-driven,12.228947957805905,16.042279658536586,0.7622948993597995
ENSG00000100908,EMC9,gene-driven,2.086375814345992,2.454891543554007,0.8498851282551954
ENSG00000100911,PSME2,gene-driven,5.402108282700422,7.928040411149826,0.6813926269980931
ENSG00000100938,GMPR2,neutral,19.62947050632911,11.340873574912893,1.730860535272291
ENSG00000100941,PNN,neutral,6.32652017721519,6.608111229965157,0.9573870591837099
ENSG00000102466,FGF14,neutral,0.8595908565400844,6.774856118466899,0.12687957375168635
ENSG00000102468,HTR2A,neutral,7.614124383966244,30.909232825783967,0.24633818726211373
ENSG00000102471,NDFIP2,regulation-driven,0.08574584810126583,0.35971803135888497,0.23836961349240388
ENSG00000102524,TNFSF13B,neutral,9.13924828691983,6.695773926829269,1.364927846548076
ENSG00000102539,MLNR,neutral,2.514557337552742,3.539268351916376,0.7104737724086978
ENSG00000102547,CAB39L,regulation-driven,0.7866759198312238,0.8018422195121951,0.9810856808086286
ENSG00000102580,DNAJC3,neutral,0.7020669113924051,0.9047925470383275,0.7759424120926862
ENSG00000102595,UGGT2,regulation-driven,16.46619807172996,14.67247912195122,1.1222505709410204
ENSG00000102678,FGF9,neutral,0.5800436624472574,0.6797264111498258,0.8533487193267288
ENSG00000102683,SGCG,neutral,2.2506184767932487,2.1314678710801394,1.0559007280052168
ENSG00000102738,MRPS31,neutral,4.259949421940927,2.0418897351916376,2.0862778966569016
ENSG00000102760,RGCC,neutral,2.255122345991561,2.600116836236934,0.8673157738770414
ENSG00000102794,ACOD1,neutral,1.7492248270042194,1.8712096341463413,0.9348096520474724
ENSG00000102805,CLN5,neutral,0.12513137552742615,0.3043624355400697,0.4111262130801041
ENSG00000102837,OLFM4,neutral,0.041798603375527425,0.12463124390243902,0.3353782090809208
ENSG00000103024,NME3,gene-driven,54.61926678902954,164.21893455400695,0.33260029933434265
ENSG00000103275,UBE2I,gene-driven,0.02484197046413502,3.8838026202090585,0.006396300969279901
ENSG00000103313,MEFV,neutral,99.74309440084389,97.99895670383275,1.0177975129090626
ENSG00000103343,ZNF174,neutral,11.846633810126583,8.979082090592335,1.3193591160658473
ENSG00000103351,CLUAP1,gene-driven,22.41514778059072,12.746714655052266,1.758503927261468
ENSG00000103591,AAGAB,neutral,0.15527103797468356,0.18112328919860626,0.8572671060783627
ENSG00000103647,CORO2B,regulation-driven,29.231915248945146,9.881893891986062,2.958128833244345
ENSG00000103707,MTFMT,neutral,2.0517777383966243,4.761194763066202,0.43093757775102703
ENSG00000103710,RASL12,neutral,12.80418794092827,14.66980605574913,0.872825986401523
ENSG00000103742,IGDCC4,neutral,44.066685016877635,32.78822214634146,1.3439790916444865
ENSG00000103769,RAB11A,neutral,0.9548931308016879,5.8019702439024385,0.16458083903571027
ENSG00000104043,,gene-driven,2.620641,0.8144086550522648,3.2178452227178505
ENSG00000104055,TGM5,regulation-driven,7.307984371308017,8.58473669686411,0.8512764723439363
ENSG00000104059,ENTREP2,neutral,7.072326713080169,3.435690160278746,2.058487926194827
ENSG00000104129,DNAJC17,neutral,19.320107818565404,15.144853132404178,1.2756880274545406
ENSG00000104142,VPS18,neutral,3.0987580042194085,0.3349644076655052,9.251006773572856
ENSG00000104154,SLC30A4,neutral,21.14018134599156,14.560384979094076,1.4518971425786347
ENSG00000104221,BRF2,neutral,5.297043860759493,4.496873090592334,1.1779393712135557
ENSG00000104237,RP1,neutral,5.411368215189873,37.64206953310105,0.14375852024903454
ENSG00000104267,CA2,neutral,10.002473497890294,4.723377728222996,2.1176526785321004
ENSG00000104312,RIPK2,neutral,0.6233296371308017,1.1197105574912891,0.5566881842459103
ENSG00000104313,EYA1,neutral,4.6210065358649794,4.51691043554007,1.02304586327545
ENSG00000104321,TRPA1,regulation-driven,1.658775012658228,5.253494174216028,0.3157469976457649
ENSG00000104324,CPQ,gene-driven,4.756903097046414,8.540603167247387,0.5569750758692084
ENSG00000104327,CALB1,neutral,15.65213999578059,14.220965637630664,1.1006383388173613
ENSG00000104332,SFRP1,neutral,19.07000433333333,18.903797477351915,1.0087922469641637
ENSG00000104361,NIPAL2,neutral,1.497019776371308,1.7384037595818815,0.8611461912227854
ENSG00000104369,JPH1,regulation-driven,0.15171109704641347,0.16893931010452962,0.8980212891395357
ENSG00000104371,DKK4,neutral,0.2443730042194093,0.3962929825783972,0.6166473164108222
ENSG00000104381,GDAP1,neutral,36.65363924472573,36.26582532404181,1.0106936466278853
ENSG00000104415,CCN4,neutral,28.153001092827004,26.476984121951222,1.0633009017626842
ENSG00000104427,ZC2HC1A,neutral,2.570331632911393,0.8675906585365853,2.96260869987572
ENSG00000104432,IL7,gene-driven,1176.2018653797468,355.50981166550525,3.308493399575763
ENSG00000104435,STMN2,neutral,18.605664649789027,14.046682066202091,1.324559391470557
ENSG00000104442,ARMC1,gene-driven,1.2357785021097045,1.3633885923344946,0.9064022605570679
ENSG00000104450,SPAG1,neutral,2.2231099029535866,1.8379507282229965,1.209559031597641
ENSG00000104490,NCALD,neutral,1.8876204135021097,1.8340885818815331,1.0291871571250173
ENSG00000104497,SNX16,gene-driven,0.0004755864978902953,0.008347662020905922,0.056972418947872396
ENSG00000104518,GSDMD,neutral,8.793628679324895,6.820639665505227,1.2892674456617146
ENSG00000104537,ANXA13,neutral,37.39307751898733,10.1812517630662,3.6727387151583395
ENSG00000104611,SH2D4A,neutral,7.81039923628692,6.234102519163763,1.2528506248136901
ENSG00000104626,ERI1,gene-driven,2.7744026033755276,4.200114731707316,0.6605540040206838
ENSG00000104643,MTMR9,gene-driven,16.83710170886076,10.131015822299652,1.6619361773969559
ENSG00000104660,LEPROTL1,gene-driven,20.475228894514768,19.691519466898953,1.0397993374220418
ENSG00000104671,DCTN6,gene-driven,21.731215194092822,16.089309850174217,1.3506617372936922
ENSG00000104689,TNFRSF10A,neutral,1.4802338607594936,2.872317529616725,0.5153447853507381
ENSG00000104714,ERICH1,gene-driven,50.11133413080168,99.12135251219512,0.5055553910509482
ENSG00000104723,TUSC3,regulation-driven,101.01342388607598,181.66001912891983,0.5560575429334792
ENSG00000104738,MCM4,neutral,0.0033773797468354427,0.018316062717770035,0.18439441919789604
ENSG00000104755,ADAM2,regulation-driven,0.7897240421940929,1.157647275261324,0.6821801934581695
ENSG00000104760,FGL1,neutral,20.31663153586498,21.907562759581882,0.9273798166790111
ENSG00000104763,,gene-driven,64.29571957383966,47.58872786062718,1.3510703577145862
ENSG00000104765,BNIP3L,neutral,6.466995569620254,2.650255303135889,2.440140601536857
ENSG00000105784,RUNDC3B,regulation-driven,0.14351303797468357,0.24950218815331007,0.5751975124422556
ENSG00000105810,CDK6,neutral,12.014406932489452,10.74116500348432,1.1185385317693293
ENSG00000105819,PMPCB,gene-driven,3.4724457763713077,2.6439892857142855,1.313335797211149
ENSG00000105835,NAMPT,neutral,2.7004061097046415,2.992734031358885,0.9023207814021788
ENSG00000105849,POLR1F,neutral,0.12804491139240506,0.17990662020905923,0.7117298476488045
ENSG00000105855,ITGB8,regulation-driven,7.122249147679326,4.955782843205575,1.4371592487035618
ENSG00000105865,DUS4L,neutral,8.405800493670885,1.9767426027874562,4.252349537981145
ENSG00000105866,SP4,neutral,2.3057303206751047,2.5517545923344946,0.9035862334103562
ENSG00000105875,WDR91,gene-driven,0.48746008016877634,0.22125905226480835,2.203119263049956
ENSG00000105880,DLX5,neutral,88.01664184388187,93.86905462717769,0.937653438542233
ENSG00000105887,MTPN,neutral,0.14528129113924051,0.5384748292682926,0.2698014526262188
ENSG00000105894,PTN,neutral,5.32443805907173,3.0548109895470383,1.7429680845364603
ENSG00000105926,PALS2,neutral,3.829149489451477,2.142689243902439,1.787076450935797
ENSG00000105948,IFT56,regulation-driven,18.83756248523207,26.346644362369336,0.7149890599403081
ENSG00000105954,NPVF,neutral,8.400996540084387,27.669451024390245,0.30361992121488146
ENSG00000105967,TFEC,neutral,39.39926652320675,34.446262595818816,1.1437892982906408
ENSG00000105968,H2AZ2,neutral,1.4968556244725737,1.6693882648083624,0.8966491834327142
ENSG00000105971,CAV2,neutral,4.883319594936709,4.0633913937282236,1.201784204808336
ENSG00000105974,CAV1,neutral,0.9051603839662448,3.9689976167247387,0.228057678883968
ENSG00000105976,MET,regulation-driven,0.502235493670886,0.5241018919860627,0.958278345013572
ENSG00000105983,LMBR1,gene-driven,54.534200464135026,49.407223,1.1037697962529693
ENSG00000105991,HOXA1,neutral,4.3092920295358645,3.0071260731707317,1.4330267254116558
ENSG00000105993,DNAJB6,neutral,0.024875097046413504,0.0060413588850174215,4.1174671989945475
ENSG00000105996,HOXA2,neutral,0.021924578059071727,0.0025436445993031356,8.61935589000061
ENSG00000106003,LFNG,neutral,0.010024046413502111,0.004115271777003484,2.4358163826548225
ENSG00000106006,HOXA6,neutral,5.251541506329112,3.2349325609756097,1.6233851579104703
ENSG00000106009,BRAT1,neutral,8.461218624472572,4.442895425087108,1.9044379430350153
ENSG00000106013,ANKRD7,gene-driven,0.3930752953586498,1.5297800069686411,0.25694890348158894
ENSG00000106018,VIPR2,neutral,1.3975606962025318,2.4830638466898955,0.5628371973058935
ENSG00000106025,TSPAN12,neutral,8.130150012658229,6.775924087108014,1.1998584854465515
ENSG00000106031,HOXA13,neutral,0.2924183839662447,0.3793382264808362,0.7708645307883765
ENSG00000106038,EVX1,neutral,3.7008156666666667,8.86333549825784,0.4175420943271404
ENSG00000106049,HIBADH,neutral,20.17224898734177,23.308497198606272,0.865446142471509
ENSG00000106066,CPVL,regulation-driven,7.416512949367089,8.479303170731708,0.8746606649196025
ENSG00000106077,ABHD11,gene-driven,1.116048907172996,9.773641839721254,0.11418966701206906
ENSG00000106089,STX1A,gene-driven,0.47641773417721517,0.5339838815331011,0.8921949718957624
ENSG00000106123,EPHB6,neutral,0.5643572278481012,0.7202507839721255,0.783556561696075
ENSG00000106125,MINDY4,neutral,0.10463598734177215,0.10857851567944252,0.9636896091920253
ENSG00000106128,GHRHR,gene-driven,1.7987379367088607,2.0339469337979095,0.8843583413212005
ENSG00000106144,CASP2,gene-driven,80.51221007172997,90.37477746689895,0.8908703548533629
ENSG00000106153,CHCHD2,neutral,0.009618354430379747,0.007787773519163764,1.2350583137415823
ENSG00000106236,NPTX2,neutral,26.47405367088608,15.435197606271775,1.7151742625004613
ENSG00000106245,BUD31,neutral,9.300237856540086,8.892792181184669,1.0458175190709493
ENSG00000106268,NUDT1,gene-driven,74.5522147257384,27.240112111498256,2.736854181090883
ENSG00000106290,,neutral,11.521646067510549,22.610759825783973,0.5095647451162586
ENSG00000106299,WASL,neutral,0.0029136919831223625,0.0034100383275261323,0.8544455232666396
ENSG00000106305,AIMP2,neutral,1.520371827004219,1.8126460418118469,0.8387582528161525
ENSG00000106331,PAX4,neutral,3.1243547637130797,2.0253421463414636,1.5426305966904654
ENSG00000106333,PCOLCE,neutral,0.12462965400843881,0.12063113240418116,1.0331466805008542
ENSG00000106336,FBXO24,regulation-driven,7.0777548776371315,3.472452365853658,2.0382583062149955
ENSG00000106341,PPP1R17,neutral,4.534594426160337,3.002219529616725,1.5104140058469477
ENSG00000106366,SERPINE1,neutral,59.898823691983125,64.90164367247387,0.9229168985960129
ENSG00000106367,AP1S1,gene-driven,0.004213848101265823,0.004776149825783972,0.8822688263499249
ENSG00000106384,MOGAT3,gene-driven,2.295752130801688,2.325507651567944,0.9872047203344209
ENSG00000106397,PLOD3,neutral,2.8430553670886076,3.089566794425087,0.9202116530442739
ENSG00000106399,RPA3,gene-driven,7.278221991561182,8.971845703832752,0.8112290638761144
ENSG00000106400,ZNHIT1,neutral,1.589712303797468,1.164664581881533,1.3649529044914064
ENSG00000106404,CLDN15,neutral,0.0018669071729957806,0.004435993031358885,0.4208543971548774
ENSG00000106436,MYL10,neutral,9.798509156118143,4.854538850174215,2.018422235052564
ENSG00000106460,TMEM106B,gene-driven,7.338827354430381,0.26455907317073174,27.739843757671125
ENSG00000106462,EZH2,regulation-driven,4.519546489451477,2.193314648083624,2.0606010603177083
ENSG00000106477,CEP41,gene-driven,3.2018719324894516,2.6898619547038325,1.1903480499771573
ENSG00000106479,ZNF862,neutral,0.75149588185654,0.8114365156794425,0.9261302237887185
ENSG00000106483,SFRP4,neutral,12.091852658227847,4.578505965156794,2.6410040197061866
ENSG00000106511,MEOX2,neutral,23.774141556962025,12.744347982578397,1.8654655059216387
ENSG00000106536,POU6F2,dual-driven,64.09785665822784,41.19701298257839,1.555886022254426
ENSG00000106546,AHR,neutral,44.555373088607595,10.56616262369338,4.216797968706008
ENSG00000106565,TMEM176B,neutral,5.3561157215189885,0.9054985783972127,5.915101193200808
ENSG00000106571,,gene-driven,14.845197565400843,9.522007062717769,1.5590408059583742
ENSG00000106609,TMEM248,gene-driven,2.847236637130802,3.8823381184668992,0.7333819338371153
ENSG00000106617,PRKAG2,regulation-driven,4.83070916877637,5.523876790940767,0.8745142861800972
ENSG00000106628,,gene-driven,0.21748812658227848,0.1834904494773519,1.185283088039538
ENSG00000106633,GCK,gene-driven,6.686587767932489,14.168099452961673,0.4719466990002486
ENSG00000106635,BCL7B,gene-driven,32.82591430801688,22.493549609756098,1.4593478965089324
ENSG00000106686,SPATA6L,neutral,12.888624603375527,12.741249780487806,1.0115667478015709
ENSG00000106688,SLC1A1,neutral,47.1960745021097,17.462634585365855,2.7026892346279325
ENSG00000106701,FSD1L,regulation-driven,0.763024911392405,0.18929512543554008,4.030874591391604
ENSG00000106723,SPIN1,neutral,1.9613228185654006,4.381290243902439,0.447658728223958
ENSG00000106733,NMRK1,neutral,10.802188274261603,11.088759278745645,0.9741566213784326
ENSG00000106771,TMEM245,regulation-driven,1.8002058143459918,11.012249097560977,0.16347303792326187
ENSG00000106780,MEGF9,neutral,1.5854978734177216,2.631075348432056,0.6026045108752099
ENSG00000106785,TRIM14,gene-driven,1.9598781139240509,1.688881536585366,1.1604591982730739
ENSG00000106789,CORO2A,neutral,14.983356691983124,2.4971427456445996,6.0002003161879305
ENSG00000106803,SEC61B,neutral,0.918648029535865,0.5005454320557492,1.8352940027101252
ENSG00000106809,OGN,neutral,1.7047375147679324,0.7053569163763066,2.416843834928044
ENSG00000106823,ECM2,neutral,15.72657969198312,6.687547324041812,2.351621443551641
ENSG00000106927,AMBP,neutral,1.3886200210970463,0.9631875540069685,1.4416922387755435
ENSG00000106948,,neutral,0.04821136708860759,0.09615127526132404,0.501411624105626
ENSG00000106991,ENG,neutral,31.2471834092827,27.301711470383275,1.1445137219027257
ENSG00000106992,AK1,gene-driven,5.888241257383967,7.641335285714285,0.7705775283008741
ENSG00000106993,CDC37L1,neutral,0.11928886497890297,0.08173134146341464,1.4595241292142522
ENSG00000107020,PLGRKT,neutral,9.81224388607595,14.094811944250871,0.6961599718312144
ENSG00000107021,TBC1D13,neutral,2.2952734556962024,2.05191637630662,1.1185999011458825
ENSG00000107140,TESK1,neutral,0.890868506329114,5.317174045296168,0.16754548539128972
ENSG00000107159,CA9,neutral,7.812306700421941,6.485396275261324,1.204599745156999
ENSG00000107164,FUBP3,regulation-driven,0.09330669198312237,0.8242249512195123,0.11320537171929462
ENSG00000107185,RGP1,neutral,4.3459401645569615,5.208266219512196,0.8344312639540918
ENSG00000107187,LHX3,regulation-driven,1.324320852320675,1.9146644006968643,0.6916725729264477
ENSG00000107201,RIGI,gene-driven,129.43252773417723,116.51321900348434,1.1108827722827446
ENSG00000107223,EDF1,neutral,1.15223105907173,6.760130027874563,0.17044510302622096
ENSG00000107242,PIP5K1B,neutral,0.4998762700421941,0.4634755888501742,1.0785385078906216
ENSG00000107295,SH3GL2,regulation-driven,24.643935198312235,241.91777763414635,0.10186905418576307
ENSG00000107338,SHB,neutral,38.59661278059072,18.562637982578394,2.079263346988441
ENSG00000107362,ABHD17B,neutral,3.9383089029535863,2.8526594390243902,1.3805745085016137
ENSG00000107371,EXOSC3,gene-driven,29.52054678059072,32.98408517421603,0.8949936499578048
ENSG00000107404,DVL1,neutral,4.672757607594936,2.1590245679442512,2.164291077078467
ENSG00000107438,PDLIM1,neutral,5.385844962025318,0.9359625714285714,5.754337968669875
ENSG00000107443,CCNJ,neutral,0.004183257383966245,0.012279881533101047,0.3406594251491809
ENSG00000107447,DNTT,gene-driven,0.1992891139240506,0.11076043205574912,1.7992807559990582
ENSG00000107554,,neutral,6.63556787763713,8.553659836236934,0.7757577463539114
ENSG00000107562,CXCL12,neutral,4.2651773586497885,2.732178801393728,1.561090129413951
ENSG00000107566,ERLIN1,neutral,34.337377780590714,18.16913424738676,1.8898741851461307
ENSG00000107581,EIF3A,neutral,0.05822032067510549,0.8086985644599303,0.07199261039122348
ENSG00000107593,PKD2L1,neutral,0.16369327426160338,0.09945609059233448,1.645884865237403
ENSG00000107679,PLEKHA1,neutral,3.8801913248945152,3.7325654041811847,1.0395507927464476
ENSG00000107742,SPOCK2,neutral,31.492070873417724,29.785028083623686,1.0573121094598732
ENSG00000107771,CCSER2,neutral,4.135677109704641,1.8093351846689898,2.2857440372283735
ENSG00000107779,BMPR1A,regulation-driven,6.344688755274261,2.859000557491289,2.2191981525325715
ENSG00000107796,ACTA2,regulation-driven,4.430360455696202,13.041647790940766,0.3397086416314434
ENSG00000107798,LIPA,neutral,0.002846413502109705,0.002131247386759582,1.3355622251049348
ENSG00000107819,SFXN3,gene-driven,0.19688235443037974,0.7166721672473868,0.2747174558021008
ENSG00000107821,KAZALD1,neutral,5.114183810126582,11.811568320557493,0.43298092779310093
ENSG00000107829,FBXW4,neutral,0.06451159071729959,0.1618404529616725,0.39861227237529673
ENSG00000107831,FGF8,neutral,18.12698591561181,12.573900271777003,1.4416358905199127
ENSG00000107833,NPM3,neutral,18.985953194092826,10.630197494773519,1.786039554150102
ENSG00000107854,TNKS2,regulation-driven,0.016656320675105484,0.02771987804878049,0.6008800127401088
ENSG00000107859,PITX3,neutral,16.161126654008438,13.842279226480837,1.1675191917160255
ENSG00000107864,CPEB3,regulation-driven,7.634605535864979,11.786732766550523,0.6477287376473967
ENSG00000107874,CUEDC2,neutral,6.922207135021097,2.967983773519163,2.3322927829936813
ENSG00000107882,SUFU,gene-driven (relaxed),1.250998953586498,1.4116460209059236,0.8861987602130381
ENSG00000107902,LHPP,neutral,7.220305742616034,6.094185902439024,1.1847859350214953
ENSG00000107937,GTPBP4,neutral,3.0280715105485227,1.6705206097560976,1.812651393143023
ENSG00000107951,MTPAP,regulation-driven,10.074981594936709,21.32520642508711,0.4724447395306071
ENSG00000107968,MAP3K8,neutral,0.49170738396624475,0.48383971428571426,1.0162609009724335
ENSG00000107984,DKK1,neutral,5.064946987341773,0.13268870383275264,38.171651700855264
ENSG00000108001,EBF3,regulation-driven,11.357353877637129,8.106012452961671,1.4011024463066948
ENSG00000108010,GLRX3,neutral,5.954596569620254,1.853996404181185,3.2117627392325465
ENSG00000108018,SORCS1,neutral,4.4742319156118135,2.4577793101045295,1.8204368053783984
ENSG00000108055,SMC3,regulation-driven,19.71668759493671,14.40204120209059,1.3690203574806223
ENSG00000108061,SHOC2,regulation-driven,8.969133616033755,3.6118574703832755,2.4832468306347613
ENSG00000108091,CCDC6,neutral,12.037707919831224,8.517712780487805,1.4132559091927763
ENSG00000108176,DNAJC12,gene-driven,10.954055,19.15879518118467,0.5717507231747891
ENSG00000108219,TSPAN14,regulation-driven,4.956320135021097,19.051675020905922,0.2601514108120358
ENSG00000108231,LGI1,regulation-driven,4.692974569620254,4.492539811846689,1.044615020938718
ENSG00000108239,TBC1D12,neutral,0.014867050632911393,0.0789910243902439,0.1882118980944322
ENSG00000108256,NUFIP2,gene-driven,37.08348608016878,47.07034990243902,0.7878311114540333
ENSG00000108671,PSMD11,gene-driven,13.306457426160337,32.46113028571429,0.4099197196474804
ENSG00000108684,ASIC2,neutral,0.00658229535864979,0.00203106968641115,3.2408023233710623
ENSG00000108691,CCL2,gene-driven,0.02082167932489452,0.08450849477351915,0.246385637097148
ENSG00000108700,CCL8,neutral,0.006761400843881857,0.11114497212543553,0.06083406846556318
ENSG00000109046,WSB1,gene-driven,0.20649081012658227,0.289904968641115,0.7122706833707482
ENSG00000109072,VTN,gene-driven (relaxed),20.759856721518993,20.007713261324042,1.0375926749034776
ENSG00000109101,FOXN1,neutral,7.9927258185654,6.080211655052265,1.314547300655884
ENSG00000109107,ALDOC,gene-driven,19.37012848523207,16.421370602787455,1.1795683170285478
ENSG00000109132,PHOX2B,neutral,5.825321139240507,6.791453181184669,0.8577429577780533
ENSG00000109133,TMEM33,neutral,0.7284148902953586,5.712055118466898,0.12752238470886174
ENSG00000109158,GABRA4,neutral,0.45228783966244723,0.30887158885017424,1.4643232203588676
ENSG00000109163,GNRHR,gene-driven,9.028008966244725,2.6390210209059233,3.420968948229745
ENSG00000109180,OCIAD1,gene-driven,0.000496957805907173,0.0029888327526132403,0.16627153375265497
ENSG00000109182,CWH43,gene-driven,6.405582675105485,6.563612292682926,0.9759233771693658
ENSG00000109189,USP46,dual-driven,1.1674692236286919,0.011888871080139373,98.1984930073786
ENSG00000109193,SULT1E1,neutral,0.002201974683544304,0.003163606271777004,0.6960331009545794
ENSG00000109255,NMU,neutral,24.714073957805912,2.469729156794425,10.006795234941245
ENSG00000109265,CRACD,gene-driven,16.961849430379747,11.86633443205575,1.4294093536213641
ENSG00000109270,LAMTOR3,neutral,0.059584616033755276,0.03161045296167247,1.8849655873644504
ENSG00000109321,AREG,neutral,1.5192172489451476,1.5160489477351915,1.002089840974257
ENSG00000109424,UCP1,neutral,13.846434919831223,16.54565664808362,0.836862217942554
ENSG00000109445,ZNF330,neutral,0.3126104514767933,1.122069212543554,0.278601754670868
ENSG00000109458,GAB1,regulation-driven,14.648312185654007,25.06516792334495,0.5844090983332693
ENSG00000109471,,neutral,187.87703743037974,405.70021509407667,0.46309326552073304
ENSG00000109511,ANXA10,neutral,6.6551069029535865,7.538752191637632,0.882786266716098
ENSG00000109519,GRPEL1,neutral,5.86363994092827,3.651276864111498,1.605914905703851
ENSG00000109534,GAR1,neutral,13.591146177215192,7.610234188153309,1.7859038028517233
ENSG00000109576,AADAT,neutral,1.50809988185654,1.9866286898954701,0.7591251900907016
ENSG00000109606,DHX15,neutral,1.2035938902953585,6.360659825783971,0.18922469103227224
ENSG00000109625,CPZ,regulation-driven,51.849764147679316,32.782563059233446,1.5816263070704428
ENSG00000109674,NEIL3,neutral,2.855417936708861,1.9604813728222996,1.4564881749415526
ENSG00000109684,CLNK,neutral,11.446505835443036,4.038394052264808,2.8344202391600737
ENSG00000109705,NKX3-2,neutral,13.498092080168774,7.634598787456446,1.7680159044304957
ENSG00000109738,GLRB,dual-driven,0.34245726582278485,0.33677717770034843,1.0168660125998512
ENSG00000109787,KLF3,neutral,9.096285261603375,7.430760714285714,1.22413917112358
ENSG00000109805,NCAPG,regulation-driven,6.362714248945147,2.7585780209059236,2.3065195911535668
ENSG00000109832,DDX25,regulation-driven,6.426730776371309,98.90533842160279,0.0649786035711859
ENSG00000109851,DBX1,neutral,0.8337311350210972,3.6783667386759586,0.2266579692163054
ENSG00000109861,CTSC,regulation-driven,3.3870111012658226,2.3155547351916375,1.4627212433333001
ENSG00000109881,CCDC34,neutral,0.5651671434599156,2.1085478780487805,0.26803619179988125
ENSG00000109906,ZBTB16,gene-driven,5.558615485232068,6.0822678710801386,0.9139050767004322
ENSG00000109911,ELP4,neutral,13.369321949367087,6.6015618397212545,2.025175598435596
ENSG00000109920,FNBP4,neutral,0.7053980126582279,0.9136378083623695,0.7720762059120598
ENSG00000109943,CRTAM,neutral,1.448374523206751,0.5830020975609757,2.4843384428051167
ENSG00000109944,JHY,neutral,33.8657213164557,31.91441016724739,1.061142008860025
ENSG00000109991,P2RX3,neutral,1.4538793291139245,3.1417044285714284,0.46276769892545916
ENSG00000110002,VWA5A,neutral,5.558313649789029,7.100404080139373,0.7828165252363956
ENSG00000110013,SIAE,neutral,11.344882561181434,12.252652651567946,0.9259123623103487
ENSG00000110031,LPXN,neutral,28.755100248945144,9.502168383275261,3.0261619336863057
ENSG00000110042,DTX4,neutral,3.337887071729958,4.032955111498258,0.8276529193725443
ENSG00000110057,UNC93B1,neutral,4.741474506329114,2.3695664494773516,2.0009882007634463
ENSG00000110060,PUS3,gene-driven,2.4207843122362873,1.9913705470383274,1.2156372985613386
ENSG00000110063,DCPS,neutral,14.3179722278481,4.332423160278746,3.304841585909833
ENSG00000110074,FOXRED1,neutral,7.790659236286921,5.571492149825784,1.3983074958708377
ENSG00000110079,MS4A4A,gene-driven,5.244942827004219,5.991212550522648,0.8754392842475055
ENSG00000110092,CCND1,neutral,4.405045168776372,5.193000777003484,0.8482658404912109
ENSG00000110107,PRPF19,gene-driven,8.201133586497889,13.262743857142855,0.618358740456338
ENSG00000110108,TMEM109,neutral,3.2775663122362872,9.050041003484319,0.3621603825854938
ENSG00000110172,CHORDC1,gene-driven,2.326094713080168,1.432538055749129,1.6237577101320106
ENSG00000110195,FOLR1,gene-driven,7.974493371308017,10.240877257839722,0.7786924079383224
ENSG00000110200,ANAPC15,neutral,0.008347257383966245,0.017766296167247387,0.469836667439701
ENSG00000110218,PANX1,gene-driven,5.659146413502111,9.505521341463414,0.5953536066261529
ENSG00000110237,ARHGEF17,regulation-driven,0.0075588734177215195,0.00988932055749129,0.764347092783394
ENSG00000110244,APOA4,neutral,0.006044797468354429,0.008831853658536584,0.6844313438676289
ENSG00000110318,CEP126,neutral,200.23343441772153,71.34564960278746,2.806526193713407
ENSG00000110324,IL10RA,neutral,5.182634645569619,8.820660163763065,0.5875563222422806
ENSG00000110328,GALNT18,regulation-driven,15.450493400843882,7.774920609756098,1.9872220150333562
ENSG00000110344,UBE4A,regulation-driven,0.0016097552742616035,0.005104961672473867,0.3153315103111274
ENSG00000110367,DDX6,neutral,1.9201892278481012,0.5337693554006968,3.597413767612472
ENSG00000110395,CBL,regulation-driven,12.751572105485234,19.71303508362369,0.6468599102772568
ENSG00000110400,NECTIN1,regulation-driven,6.4435788607594935,7.4622805191637624,0.863486550018033
ENSG00000110429,FBXO3,gene-driven,9.280559632911393,12.421789860627177,0.7471193553456891
ENSG00000110435,PDHX,gene-driven,35.30760375527426,246.6354123902439,0.1431570730784113
ENSG00000110442,COMMD9,neutral,1.087896734177215,1.798814418118467,0.6047854204521769
ENSG00000110448,CD5,gene-driven,0.27516932489451473,0.38481990940766553,0.7150600012303663
ENSG00000110583,NAA40,neutral,5.960998717299578,5.679682111498257,1.049530343473239
ENSG00000110660,SLC35F2,gene-driven,0.029098624472573838,0.04648052961672475,0.6260390041275152
ENSG00000110675,ELMOD1,neutral,0.03822813924050633,0.025682724738675958,1.4884767729857753
ENSG00000110693,SOX6,neutral,10.314156654008439,8.136492055749128,1.2676417039847785
ENSG00000110696,C11orf58,gene-driven,16.11614628270042,20.06947350174216,0.8030178908929243
ENSG00000110697,PITPNM1,neutral,65.00576224472574,23.748448094076657,2.7372635882232443
ENSG00000110711,AIP,neutral,5.461107396624473,3.2919278571428574,1.6589389663491283
ENSG00000110768,GTF2H1,neutral,0.014070637130801686,0.06957302787456446,0.2022427018149923
ENSG00000110777,POU2AF1,neutral,16.46635494092827,19.24410087108014,0.8556572765461731
ENSG00000110786,PTPN5,regulation-driven,5.970802540084388,7.7717835923344945,0.7682667008347402
ENSG00000110811,P3H3,neutral,3.3806969156118147,4.622689041811846,0.7313269149262879
ENSG00000110844,PRPF40B,gene-driven,0.042205805907173,0.2248817351916376,0.18768000821056657
ENSG00000110848,CD69,neutral,8.603969451476793,7.060289522648084,1.2186425817067237
ENSG00000110852,CLEC2B,neutral,10.07433053586498,8.012858442508712,1.257270499428772
ENSG00000110880,CORO1C,gene-driven,15.99407123628692,11.650541386759583,1.3728178550108925
ENSG00000110881,ASIC1,gene-driven,0.07054169198312235,1.01999887456446,0.06915859785947676
ENSG00000110900,TSPAN11,neutral,7.565048409282701,4.396950560975609,1.7205215988610396
ENSG00000110906,KCTD10,neutral,5.22620917299578,5.69647081184669,0.9174468448301485
ENSG00000110921,MVK,gene-driven,31.466890379746836,12.218197275261323,2.575411877123569
ENSG00000110944,IL23A,neutral,288.4557562911392,333.4669812334495,0.8650204443755727
ENSG00000110975,SYT10,neutral,26.544764329113928,6.980506944250871,3.8026986494120076
ENSG00000110987,BCL7A,neutral,10.120322493670885,6.860448449477351,1.4751692353933337
ENSG00000111011,RSRC2,gene-driven,0.09386547257383968,0.06060685714285714,1.5487599423376839
ENSG00000111012,CYP27B1,gene-driven,0.2807320632911392,0.080824,3.4733750283472635
ENSG00000111046,MYF6,neutral,0.0027068143459915615,0.001589,1.7034703247272256
ENSG00000111049,MYF5,neutral,9.018719270042194,6.413427832752613,1.4062244879383639
ENSG00000111057,KRT18,gene-driven,0.5606840970464134,1.5632240348432056,0.3586716200295955
ENSG00000111087,GLI1,regulation-driven,2.8158319620253165,13.44109374912892,0.20949425802552735
ENSG00000111110,PPM1H,neutral,18.257671848101268,10.547113672473868,1.7310586019140588
ENSG00000111144,LTA4H,neutral,1.9605996160337553,2.1715558153310104,0.9028548113716806
ENSG00000111181,SLC6A12,neutral,3.3299749746835436,1.1701528257839722,2.845760742792333
ENSG00000111186,WNT5B,gene-driven,3.01309670464135,1.6210251986062718,1.8587599423080876
ENSG00000111196,MAGOHB,gene-driven,0.15182231223628698,0.1496312822299652,1.0146428605948483
ENSG00000111199,TRPV4,regulation-driven,3.370230400843882,2.0574235156794423,1.6380829591766861
ENSG00000111206,FOXM1,neutral,1.753889210970464,2.3525214320557493,0.7455359118398462
ENSG00000111218,PRMT8,regulation-driven,2.415437873417721,1.153597693379791,2.093830359820686
ENSG00000111229,ARPC3,gene-driven,6.397309561181435,5.196309125435541,1.2311256714630556
ENSG00000111237,VPS29,gene-driven,0.004527025316455696,0.008962425087108015,0.5051116491860655
ENSG00000111241,FGF6,neutral,0.02170088185654008,0.043460059233449484,0.4993293207441782
ENSG00000111245,MYL2,neutral,1.9051476708860764,0.32904498954703826,5.789930652062788
ENSG00000111252,SH2B3,neutral,0.2657851898734177,0.45411972822299657,0.5852755856114299
ENSG00000111266,DUSP16,neutral,9.215868514767932,18.733014104529616,0.4919586599008404
ENSG00000111269,CREBL2,neutral,1.4143974430379744,1.4219063728222996,0.9947191109570591
ENSG00000111271,ACAD10,neutral,39.57227235021098,104.04883843554006,0.3803240184629898
ENSG00000111276,CDKN1B,neutral,0.0329905358649789,0.04529268989547039,0.7283854401475547
ENSG00000111291,GPRC5D,neutral,2.327973523206751,1.759806993031359,1.322857297661203
ENSG00000111335,OAS2,neutral,0.0131922194092827,0.008938668989547038,1.475859484752126
ENSG00000111339,ART4,gene-driven,2.2842504599156115,4.548306076655052,0.5022200400364242
ENSG00000111344,RASAL1,regulation-driven,5.155560974683545,7.760371898954705,0.6643445754678305
ENSG00000111364,DDX55,neutral,13.087531447257383,5.047611282229965,2.5928168227477877
ENSG00000111404,RERGL,neutral,0.10602047679324893,1.2004080139372821,0.08832036737701103
ENSG00000111405,ENDOU,dual-driven,14.580294324894513,10.554028675958188,1.3814908763805103
ENSG00000111424,VDR,gene-driven,1.7237713206751055,0.5558117108013938,3.1013584046109717
ENSG00000111445,RFC5,neutral,7.757134970464135,3.476837637630662,2.231089219268329
ENSG00000111536,IL26,neutral,0.0018576118143459918,0.014503874564459932,0.12807693600011233
ENSG00000111537,IFNG,neutral,32.13838320675106,47.411097902439025,0.677866251333904
ENSG00000111602,TIMELESS,gene-driven,15.469539075949367,8.040103811846688,1.9240471812261652
ENSG00000111605,CPSF6,regulation-driven,5.193766337552743,4.219770334494773,1.2308173018555015
ENSG00000111615,KRR1,neutral,25.436109324894513,31.987625278745643,0.7951859227823229
ENSG00000111640,GAPDH,neutral,4.39722470886076,2.7991955365853656,1.5708887254888848
ENSG00000111647,,gene-driven,12.90480810970464,38.38645109059234,0.336181328126666
ENSG00000111665,CDCA3,neutral,4.054791092827004,7.7125002543554,0.5257427499645376
ENSG00000111667,USP5,neutral,70.77242303375527,155.7905376933798,0.4542793425172362
ENSG00000111684,LPCAT3,gene-driven,3.8866028312236285,6.584756229965158,0.5902424775479037
ENSG00000111707,SUDS3,neutral,7.4627653881856535,9.227298487804877,0.8087703457353967
ENSG00000111711,GOLT1B,gene-driven,0.035953987341772145,0.04427785365853658,0.8120083601848296
ENSG00000111726,CMAS,gene-driven,4.299629510548523,2.406273055749129,1.786841896548581
ENSG00000111729,CLEC4A,neutral,7.47028382278481,6.313007285714286,1.1833162048916572
ENSG00000111732,AICDA,gene-driven,22.596465210970464,11.773038533101046,1.9193401217059045
ENSG00000111775,COX6A1,neutral,28.664897966244727,42.373648,0.6764793525977448
ENSG00000111785,RIC8B,regulation-driven,27.285331379746832,17.85249249825784,1.5283765772431783
ENSG00000111790,FGFR1OP2,gene-driven,0.06551358649789028,0.15724737630662022,0.41662753323237556
ENSG00000111796,KLRB1,neutral,1.3811953417721519,0.7322074076655053,1.886344398202434
ENSG00000111802,TDP2,neutral,0.08965483544303797,0.19433785017421604,0.46133491423655265
ENSG00000111816,FRK,regulation-driven,36.406882088607595,11.959328979094076,3.0442244838527244
ENSG00000111834,RSPH4A,neutral,0.23387827004219405,0.23429033449477346,0.9982412229959551
ENSG00000111845,PAK1IP1,neutral,1.984976717299578,0.5438386724738676,3.649936677489517
ENSG00000111846,GCNT2,neutral,6.848082662447257,5.722150665505226,1.1967672755856418
ENSG00000111875,ASF1A,neutral,0.7617322784810127,0.4387347351916376,1.7362023504892792
ENSG00000111880,RNGTT,regulation-driven,2.101845362869198,4.941420801393729,0.4253524335098869
ENSG00000111885,MAN1A1,neutral,0.025541008438818565,0.04658571777003484,0.5482583431449717
ENSG00000111886,GABRR2,regulation-driven,175.32554109704643,200.67418158188153,0.8736826018922018
ENSG00000111897,SERINC1,neutral,15.918941506329112,36.250509571428566,0.43913704095558115
ENSG00000111906,HDDC2,gene-driven,1.1950286329113924,6.1996134006968635,0.1927585731034561
ENSG00000111907,TPD52L1,neutral,20.47703948523207,18.72036455400697,1.0938376454239025
ENSG00000111911,HINT3,neutral,4.772793274261605,14.379063818815334,0.3319265659017589
ENSG00000111962,UST,neutral,0.7381218481012659,0.2668385365853659,2.7661740974401163
ENSG00000112029,FBXO5,neutral,1.1385776371308016,1.569296149825784,0.7255339518020236
ENSG00000112033,PPARD,gene-driven (relaxed),0.09104567510548522,0.19231127526132405,0.47342868992869463
ENSG00000112039,FANCE,neutral,0.0633344430379747,0.03986354006968641,1.5887812002460955
ENSG00000112053,SLC26A8,gene-driven,7.546222493670886,6.241501156794426,1.209039669159743
ENSG00000112062,MAPK14,gene-driven,0.33622804219409286,0.003935010452961673,85.445272944836
ENSG00000112077,RHAG,neutral,14.864177666666668,8.753126094076656,1.6981564651199796
ENSG00000112079,STK38,regulation-driven,64.5653479493671,31.19329430662021,2.069847041954279
ENSG00000112081,SRSF3,gene-driven,11.639126966244728,24.6438356097561,0.4722936457844648
ENSG00000112110,MRPL18,neutral,0.0003938227848101266,0.0026614947735191636,0.14797052721219292
ENSG00000112115,IL17A,neutral,0.008554586497890294,0.020799156794425087,0.4112948703854777
ENSG00000112116,IL17F,gene-driven,10.52056683544304,5.36788662369338,1.9599085399840939
ENSG00000112118,MCM3,gene-driven,4.764408362869197,4.2255552439024395,1.1275224409252094
ENSG00000112144,CILK1,neutral,4.767860780590717,12.557779540069687,0.37967387191161495
ENSG00000112149,CD83,neutral,2.584476029535865,2.8851248222996517,0.8957934885728278
ENSG00000112164,GLP1R,neutral,6.629305919831222,3.3238250836236927,1.994480982917379
ENSG00000112167,SAYSD1,neutral,0.49324510970464136,0.23128517073170732,2.132627475182184
ENSG00000112182,BACH2,gene-driven,3.8304384135021095,2.6357248362369337,1.4532770495765739
ENSG00000112186,CAP2,dual-driven,0.017075856540084387,0.008987017421602789,1.9000582439105804
ENSG00000112195,TREML2,neutral,3.60400835443038,1.815310898954704,1.985339457007418
ENSG00000112210,RAB23,neutral,0.16803925316455698,0.030923219512195118,5.434080144801473
ENSG00000112212,TSPO2,neutral,0.642938405063291,2.264474693379791,0.2839238640833242
ENSG00000112214,FHL5,neutral,1.6186704894514767,1.2957646271777004,1.249201016528053
ENSG00000112232,KHDRBS2,neutral,2.4865307088607596,2.5969096933797906,0.957496025063784
ENSG00000112234,FBXL4,regulation-driven,5.778022856540084,5.219839902439024,1.106934880098572
ENSG00000112238,PRDM13,neutral,4.014520776371308,3.0682626724738675,1.3084019215129632
ENSG00000112242,E2F3,neutral,47.577176,19.41970422996516,2.4499433892812363
ENSG00000112245,PTP4A1,neutral,0.019028354430379747,0.0030220487804878044,6.296508035620882
ENSG00000112246,SIM1,regulation-driven,2.3423560253164557,1.4102639721254355,1.660934457388319
ENSG00000112276,BVES,neutral,1.5980503080168778,1.1257171707317073,1.4195841989139755
ENSG00000112290,WASF1,regulation-driven,1.5213681308016875,1.7795318919860625,0.8549260272620071
ENSG00000112293,GPLD1,neutral,8.90408689029536,17.48932264111498,0.5091155942976935
ENSG00000112294,ALDH5A1,neutral,0.07346901265822785,0.14917002439024393,0.4925186072640536
ENSG00000112299,VNN1,neutral,0.05080372995780591,0.17226566550522648,0.2949150070549871
ENSG00000112304,ACOT13,neutral,35.911634738396614,18.722839881533098,1.918065580094895
ENSG00000112308,C6orf62,neutral,22.25467889029536,13.461239024390245,1.6532414921072565
ENSG00000112319,EYA4,neutral,40.131571274261596,15.730105668989546,2.5512588483990473
ENSG00000112320,SOBP,regulation-driven,8.105097177215189,5.111568773519164,1.5856379002869345
ENSG00000112335,SNX3,neutral,0.0009314092827004219,0.0014937560975609755,0.623535049812509
ENSG00000112337,SLC17A2,neutral,5.802266202531646,5.685692682926829,1.0205029582331924
ENSG00000112343,TRIM38,neutral,2.309391396624473,3.608414742160279,0.6400016521498554
ENSG00000112365,ZBTB24,neutral,12.28253057383966,10.802511296167246,1.1370069641304172
ENSG00000112378,PERP,neutral,4.387504447257385,9.469893630662021,0.4633108478696464
ENSG00000112406,HECA,neutral,1.6049298312236284,0.6268680104529616,2.560235654813427
ENSG00000112425,EPM2A,neutral,0.0007873206751054853,0.004324310104529617,0.18206850481901948
ENSG00000112499,SLC22A2,neutral,12.636676510548522,13.341041240418116,0.9472031667411652
ENSG00000112531,QKI,gene-driven,0.6193474092827004,0.180576031358885,3.4298428458192283
ENSG00000112539,C6orf118,neutral,10.813881962025315,4.828081592334494,2.2397885692724055
ENSG00000112559,MDFI,neutral,0.6316398734177215,2.508565832752613,0.2517932219162183
ENSG00000112561,TFEB,gene-driven,2.417336156118143,3.297274616724738,0.7331315820213182
ENSG00000112562,SMOC2,neutral,5.57528482700422,10.935269344947736,0.5098443075460312
ENSG00000112584,,gene-driven (relaxed),9.003059620253163,4.61521868989547,1.9507330475941267
ENSG00000112599,GUCA1B,neutral,1.7749285822784815,2.2015804703832753,0.8062065439604315
ENSG00000112619,PRPH2,neutral,6.861713265822785,3.881056717770034,1.7680012854244933
ENSG00000112624,BICRAL,neutral,34.11024551476793,33.09386157142857,1.030712159146059
ENSG00000112658,SRF,neutral,2.591241299578059,2.882357421602787,0.8990006860901908
ENSG00000112659,CUL9,neutral,60.07972657383967,51.31056638327526,1.1709035937171555
ENSG00000112667,DNPH1,neutral,7.401809877637131,12.224891717770035,0.6054703835844943
ENSG00000112699,GMDS,regulation-driven,5.501496510548524,3.7769924738675957,1.4565812742843662
ENSG00000112706,IMPG1,gene-driven,5.291290713080168,2.304468526132404,2.296100230086699
ENSG00000112739,,regulation-driven,2.540612894514768,0.0970367944250871,26.18195406770299
ENSG00000112761,CCN6,gene-driven,6.980427776371308,6.791345393728222,1.027841667840617
ENSG00000112773,TENT5A,neutral,0.4039931518987342,0.5780724390243902,0.6988625034269949
ENSG00000112782,CLIC5,regulation-driven,6.045774873417722,4.378598986062718,1.3807555550672033
ENSG00000112799,LY86,neutral,0.016476540084388185,0.5316767073170732,0.03098977227633589
ENSG00000112812,PRSS16,neutral,0.008303725738396623,0.015812926829268294,0.5251226308735698
ENSG00000112837,TBX18,neutral,5.499768696202532,6.348375076655052,0.8663269938833467
ENSG00000112874,NUDT12,neutral,2.7615811392405067,7.253273947735191,0.3807358110474789
ENSG00000112893,MAN2A1,neutral,5.248994687763714,5.051529550522648,1.0390901676939879
ENSG00000112941,TENT4A,gene-driven,0.4636398101265824,0.44333071777003485,1.0458102530289415
ENSG00000112964,GHR,gene-driven,85.08631698312237,39.338207648083625,2.1629434097327866
ENSG00000112981,NME5,neutral,10.1248261814346,6.584863707317074,1.5375908494786208
ENSG00000112996,MRPS30,neutral,31.561220341772152,38.641080637630665,0.8167789259764184
ENSG00000113068,PFDN1,neutral,6.765822358649789,4.3326284738675955,1.5615976305049208
ENSG00000113070,HBEGF,neutral,0.03852670886075949,0.09911259581881532,0.388716575753792
ENSG00000113083,LOX,neutral,0.011048333333333334,0.08361162717770033,0.1321387192938159
ENSG00000113088,GZMK,gene-driven,1.2881458270042194,2.5981653031358887,0.49579055861052235
ENSG00000113119,TMCO6,gene-driven,74.58564469620252,89.1021867944251,0.8370798448334958
ENSG00000113141,IK,gene-driven,49.917950776371306,16.288255871080136,3.064659050758211
ENSG00000113161,HMGCR,gene-driven,6.385944679324894,10.416438104529616,0.6130641410472116
ENSG00000113196,HAND1,neutral,1.9908083206751053,0.7998544041811847,2.488963379170371
ENSG00000113240,CLK4,gene-driven,4.754655654008439,1.8274755331010455,2.601761592911867
ENSG00000113262,GRM6,regulation-driven,0.008372620253164556,0.04720693031358885,0.17735998078134807
ENSG00000113269,RNF130,neutral,4.723281489451476,1.3417087770034843,3.520347761307974
ENSG00000113302,IL12B,gene-driven,0.01720635864978903,0.015512797909407666,1.1091718431627549
ENSG00000113319,RASGRF2,neutral,9.919105886075949,30.619347703832748,0.3239489613566893
ENSG00000113327,GABRG2,regulation-driven,13.16001852320675,6.269261222996516,2.099133862046454
ENSG00000113361,CDH6,gene-driven,34.39709147679326,1.2823138292682927,26.82423810123045
ENSG00000113368,LMNB1,neutral,34.40556535864979,5.276699097560975,6.520281850930806
ENSG00000113369,ARRDC3,neutral,15.223899248945148,10.88994343205575,1.3979778080510428
ENSG00000113384,GOLPH3,neutral,18.04187683122363,19.863718264808362,0.9082829604559783
ENSG00000113396,SLC27A6,neutral,12.044920620253164,6.401702637630662,1.8815182931881878
ENSG00000113430,IRX4,neutral,2.074106481012658,4.302258554006968,0.4820971252601521
ENSG00000113441,LNPEP,neutral,5.040283451476794,2.076964282229965,2.4267549974741094
ENSG00000113456,RAD1,gene-driven,3.9481023628691987,2.4294333658536584,1.6251124308906113
ENSG00000113460,BRIX1,neutral,0.009857531645569621,0.012052034843205576,0.8179143002666374
ENSG00000113492,AGXT2,gene-driven,0.18218127004219412,0.3941914111498258,0.46216448377397534
ENSG00000113520,IL4,gene-driven (relaxed),6.9623812025316445,4.4122633344947735,1.5779613941217479
ENSG00000113525,IL5,gene-driven,3.3318948691983126,0.9064277665505226,3.675852607514533
ENSG00000113532,ST8SIA4,neutral,9.954972308016877,8.925329815331011,1.1153618425301497
ENSG00000113569,NUP155,neutral,48.3882221772152,51.71167371080139,0.9357311164946495
ENSG00000113583,C5orf15,neutral,4.129850839662447,3.221352662020905,1.282023818240254
ENSG00000113594,LIFR,neutral,10.546437801687764,12.916887076655051,0.8164844779628485
ENSG00000113595,TRIM23,gene-driven,3.62123064556962,4.915570101045296,0.7366857904843154
ENSG00000113600,C9,neutral,4.040344725738397,1.6200154320557492,2.4940161962601337
ENSG00000113643,RARS1,neutral,8.381783434599155,6.8322905609756095,1.2267896629680644
ENSG00000113658,SMAD5,gene-driven,30.258846586497892,17.44212968989547,1.7348137598143976
ENSG00000113719,ERGIC1,neutral,7.574092160337553,9.207353052264809,0.8226134174875037
ENSG00000113721,PDGFRB,neutral,0.012986599156118144,0.04880296167247387,0.26610268539179505
ENSG00000113734,BNIP1,gene-driven,0.5083093333333333,0.26093244599303134,1.9480495474560822
ENSG00000113749,HRH2,regulation-driven,106.92696064556962,20.236113968641114,5.283967110052303
ENSG00000113790,EHHADH,neutral,2.3229643080168776,2.818247003484321,0.8242585923607463
ENSG00000113805,CNTN3,regulation-driven,8.423719341772152,0.9768313728222996,8.623514330251302
ENSG00000113838,TBCCD1,neutral,9.264924455696203,13.410477829268292,0.6908720609101309
ENSG00000113845,TIMMDC1,neutral,6.931492303797468,8.908130216027875,0.7781085520422727
ENSG00000113889,KNG1,neutral,0.002625185654008439,0.014666519163763067,0.17899173107785182
ENSG00000113905,HRG,neutral,4.122944341772151,7.644684609756098,0.5393217055037792
ENSG00000113946,CLDN16,gene-driven,3.7577404092827,5.710628181184669,0.6580257530447653
ENSG00000114013,CD86,neutral,15.260171071729957,7.378489048780488,2.0681972922697702
ENSG00000114021,NIT2,gene-driven,6.717115831223628,17.85430544599303,0.37621826575903705
ENSG00000114030,KPNA1,neutral,7.3985204303797465,7.402197529616725,0.9995032422166166
ENSG00000114113,RBP2,neutral,20.154350755274262,7.7874884355400695,2.58804246351045
ENSG00000114120,SLC25A36,gene-driven,0.01979024050632911,0.021107898954703833,0.937575101567317
ENSG00000114124,GRK7,gene-driven,10.681192729957806,10.68347098954704,0.9997867491200694
ENSG00000114125,RNF7,neutral,4.472614367088608,2.3633117491289197,1.8925198373583783
ENSG00000114166,KAT2B,regulation-driven,3.9268158649789027,5.111632989547039,0.7682116210238468
ENSG00000114200,BCHE,neutral,0.08755283122362868,0.19064219163763066,0.4592521228986266
ENSG00000114248,LRRC31,neutral,1.083168430379747,0.9178907177700348,1.1800625166046406
ENSG00000114251,WNT5A,neutral,3.895171227848101,1.1742503554006969,3.317155672922004
ENSG00000114279,FGF12,neutral,10.715179687763712,4.378910522648083,2.446996720381457
ENSG00000114353,GNAI2,gene-driven,12.79320871729958,11.553989292682926,1.1072546800265293
ENSG00000114383,TUSC2,neutral,5.959010624472574,6.140103017421603,0.9705066197692113
ENSG00000114388,NPRL2,gene-driven,82.8106686413502,36.48496661672473,2.2697202798971383
ENSG00000114395,CYB561D2,neutral,14.646355839662448,9.831432693379792,1.4897478624376779
ENSG00000114416,FXR1,neutral,5.755156919831223,0.8495261707317074,6.774549293607088
ENSG00000114439,,gene-driven,7.05015193670886,8.88816599651568,0.7932066007174761
ENSG00000114455,HHLA2,neutral,2.11757088185654,1.3971725156794426,1.5156116070797234
ENSG00000114480,GBE1,regulation-driven,0.027118502109704637,0.03450594076655052,0.785908209058101
ENSG00000114491,UMPS,gene-driven,24.78066309282701,10.951019121951218,2.2628636492063463
ENSG00000114547,ROPN1B,neutral,21.97892547257384,8.742431972125436,2.5140516440564746
ENSG00000114573,ATP6V1A,regulation-driven,1.9206895400843884,8.564947832752612,0.22424999866778117
ENSG00000114631,PODXL2,neutral,0.021045371308016876,0.09736300348432056,0.2161536780385585
ENSG00000114650,SCAP,neutral,0.37411981012658224,0.765841794425087,0.48850795666934294
ENSG00000114686,MRPL3,neutral,1.6376818185654007,4.6191770940766546,0.3545397340719978
ENSG00000114735,HEMK1,neutral,0.4904757172995781,0.125654149825784,3.9033785830361287
ENSG00000114737,CISH,neutral,2.7269579071729964,4.0619476341463425,0.6713424575563474
ENSG00000114739,ACVR2B,neutral,15.600615409282701,8.414724993031358,1.853966163148805
ENSG00000114744,COMMD2,neutral,5.851148860759493,8.472999376306621,0.6905640613076509
ENSG00000114757,PEX5L,gene-driven,12.425692843881857,7.812524229965158,1.5904837512340455
ENSG00000114767,RRP9,neutral,3.1160635358649786,5.171331080139373,0.6025650819055657
ENSG00000114770,,gene-driven,0.0012179831223628691,0.009682076655052265,0.12579771527911893
ENSG00000114771,AADAC,neutral,1.4196414894514768,3.052930522648084,0.4650094323863266
ENSG00000114779,ABHD14B,gene-driven,45.09410700421941,35.68304004181185,1.2637406160287934
ENSG00000114784,EIF1B,neutral,6.53770388185654,11.608862146341464,0.5631649165475618
ENSG00000114790,ARHGEF26,regulation-driven,6.783867151898734,4.243605881533101,1.5986091407357332
ENSG00000114805,,regulation-driven,0.10989339662447259,4.005151780487806,0.02743801050433304
ENSG00000114850,SSR3,neutral,8.212414894514769,21.168714777003487,0.3879505667219948
ENSG00000114902,SPCS1,neutral,6.49191417299578,4.409140557491289,1.4723763255779594
ENSG00000114933,INO80D,neutral,65.52480365822784,24.788526101045296,2.643352145711671
ENSG00000114956,DGUOK,neutral,4.5077925147679325,2.719200818815331,1.6577637383662727
ENSG00000114988,LMAN2L,neutral,1.1529306624472573,7.2647476271777,0.15870209422473253
ENSG00000114993,RTKN,neutral,17.7488525443038,15.375184104529616,1.1543830905462062
ENSG00000115008,IL1A,neutral,0.015522662447257385,0.02154648083623693,0.7204268096139083
ENSG00000115041,KCNIP3,gene-driven,1.7856113333333334,2.5271031881533097,0.7065842588874164
ENSG00000115053,NCL,gene-driven,22.323061409282705,44.00666468292683,0.5072654692220593
ENSG00000115073,ACTR1B,neutral,2.254321962025316,1.841533355400697,1.224154835650425
ENSG00000115085,ZAP70,regulation-driven,17.145508738396625,8.736551041811847,1.962503126959454
ENSG00000115107,STEAP3,regulation-driven,5.73966099578059,2.80151412543554,2.0487710355157565
ENSG00000115109,EPB41L5,neutral,0.035559658227848095,0.12876478048780488,0.276159817095451
ENSG00000115112,TFCP2L1,regulation-driven,38.65904366666667,19.83943867944251,1.9485956377750195
ENSG00000115128,SF3B6,neutral,5.311779472573839,3.107538463414634,1.7093205876966475
ENSG00000115129,TP53I3,gene-driven,2.0744060801687767,4.23367193728223,0.4899779933115045
ENSG00000115137,DNAJC27,neutral,0.9215409324894513,1.7831957491289196,0.5167917952583829
ENSG00000115145,STAM2,neutral,0.192505417721519,0.8402697944250871,0.2290995332674445
ENSG00000115163,CENPA,neutral,0.3912112109704642,0.19813111149825785,1.9745067193745798
ENSG00000115194,SLC30A3,gene-driven,6.341615278481013,10.25007244599303,0.6186898006716123
ENSG00000115211,EIF2B4,gene-driven (relaxed),16.522019451476794,12.343752344947735,1.3384924607823336
ENSG00000115226,FNDC4,neutral,0.38053188185654013,0.33515042857142857,1.1354062218525247
ENSG00000115234,SNX17,neutral,4.489000257383967,3.749784864111498,1.1971354144466697
ENSG00000115241,PPM1G,regulation-driven,18.73195453586498,11.689459529616723,1.6024654081230363
ENSG00000115252,PDE1A,gene-driven,4.4833177890295355,7.667052550522648,0.5847511490871308
ENSG00000115263,GCG,neutral,45.178639738396626,19.070183003484324,2.369072165177545
ENSG00000115289,PCGF1,neutral,1.9467214092827003,1.2500759965156796,1.5572824489941182
ENSG00000115290,GRB14,neutral,1.1286301139240504,4.453225609756098,0.2534410364144711
ENSG00000115307,AUP1,gene-driven,121.51656467088608,137.692406815331,0.8825219013991129
ENSG00000115317,HTRA2,neutral,6.859253177215191,3.6861146515679444,1.860835547884411
ENSG00000115318,LOXL3,neutral,1.8427323248945149,1.5136912055749128,1.217376647302796
ENSG00000115350,POLE4,neutral,0.5813742573839662,0.5131921777003484,1.132858766454989
ENSG00000115353,TACR1,gene-driven,15.494764729957804,7.1942032717770035,2.1537846714373585
ENSG00000115365,LANCL1,neutral,5.751661345991562,3.6690577526132406,1.5676126498404155
ENSG00000115368,WDR75,regulation-driven,1.378034105485232,7.24955968641115,0.1900852141500775
ENSG00000115380,EFEMP1,regulation-driven,0.0006698227848101265,0.002268801393728223,0.29523200517319664
ENSG00000115386,REG1A,neutral,9.75625982700422,6.303102909407666,1.54785031550771
ENSG00000115419,GLS,regulation-driven,5.423748088607595,2.0914867212543555,2.5932500711047966
ENSG00000115421,PAPOLG,neutral,0.22515586497890297,0.2290008710801394,0.9832096442118299
ENSG00000115423,DNAH6,regulation-driven,1.6889961476793252,1.725049519163763,0.9791000947602275
ENSG00000115457,IGFBP2,neutral,1.993125371308017,1.9236554668989547,1.0361134858109762
ENSG00000115459,ELMOD3,neutral,43.343016666666664,13.865908609756097,3.1258692009674993
ENSG00000115461,IGFBP5,neutral,9.04979634599156,5.910102968641115,1.531241738766582
ENSG00000115488,NEU2,neutral,14.999691481012656,10.623845891986063,1.4118890309136962
ENSG00000115507,OTX1,gene-driven,4.772828696202532,4.635647839721254,1.0295925965958463
ENSG00000115520,COQ10B,neutral,0.02719315611814346,0.3341054912891986,0.08139092839574229
ENSG00000115524,,neutral,6.7269234092826995,9.622001783972124,0.6991189110449024
ENSG00000115526,CHST10,neutral,4.52628164135021,3.4741522543554004,1.302844927327465
ENSG00000115540,MOB4,neutral,12.320888999999998,13.985631965156795,0.8809676266825649
ENSG00000115592,PRKAG3,gene-driven,0.013821683544303798,0.5920068257839721,0.023347169225625512
ENSG00000115593,SMYD1,regulation-driven,0.2212310253164557,0.7563113902439025,0.29251314758741237
ENSG00000115596,WNT6,neutral,0.12706038396624472,0.4500518989547038,0.2823238481191986
ENSG00000115598,IL1RL2,neutral,0.004290185654008438,0.02565510801393728,0.16722539822002583
ENSG00000115604,IL18R1,neutral,0.00705451476793249,0.03955860627177701,0.17833072074041992
ENSG00000115616,SLC9A2,regulation-driven,1.2498252362869198,3.3235582857142854,0.3760503438916861
ENSG00000115661,STK16,gene-driven,0.4257691054852321,0.3234081219512195,1.316507151757469
ENSG00000115665,SLC5A7,dual-driven,23.805223578059078,21.583774013937283,1.1029222027013135
ENSG00000115677,,neutral,18.371454130801688,26.249021216027874,0.6998910161108759
ENSG00000115758,ODC1,neutral,5.905070383966246,3.324027707317073,1.776480494120915
ENSG00000115761,NOL10,neutral,24.641656924050633,44.47711126829268,0.554030066732716
ENSG00000115806,GORASP2,gene-driven,4.164854881856541,6.76877949825784,0.6153036722393599
ENSG00000115808,STRN,neutral,14.852228628691982,7.950185738675957,1.8681612124404916
ENSG00000115816,CEBPZ,neutral,3.1849500506329114,1.530263675958188,2.081308012907401
ENSG00000115828,QPCT,neutral,8.72590600843882,13.508564783972126,0.6459535966983023
ENSG00000115839,RAB3GAP1,gene-driven,7.5286838185654,13.786755055749127,0.5460809152060703
ENSG00000115840,SLC25A12,neutral,0.2057598523206751,0.5261523867595819,0.39106513150665273
ENSG00000115844,DLX2,neutral,0.007107354430379746,0.021666717770034843,0.32803096924118547
ENSG00000115850,LCT,regulation-driven,14.51064288607595,12.493361118466899,1.1614682989213552
ENSG00000115866,DARS1,gene-driven,32.643359223628686,16.239645358885017,2.0101029611320227
ENSG00000115896,,gene-driven,17.448346506329116,18.160337905923345,0.9607941546416932
ENSG00000115902,SLC1A4,neutral,8.348327189873418,4.44383881533101,1.8786296120984693
ENSG00000115944,COX7A2L,gene-driven,4.650279455696203,4.7773971986062715,0.9733918412839625
ENSG00000115946,PNO1,neutral,9.808402147679324,6.817681432055749,1.4386712323579158
ENSG00000115956,PLEK,regulation-driven,43.27593644303797,4.231744912891986,10.226499312658966
ENSG00000115963,RND3,neutral,21.152516691983124,13.78445467595819,1.534519659227126
ENSG00000115998,C2orf42,neutral,13.136441940928268,4.525563466898954,2.90271963635276
ENSG00000116001,TIA1,gene-driven,17.842528675105488,13.54995824041812,1.316795842357881
ENSG00000116030,SUMO1,neutral,0.0018870084388185654,0.006489763066202091,0.29076692316332464
ENSG00000116031,CD207,neutral,0.3740406793248945,0.46339081533101045,0.8071819012159506
ENSG00000116062,,regulation-driven,3.949453206751055,5.319952017421602,0.7423851181021026
ENSG00000116095,PLEKHA3,neutral,2.0293026497890296,5.2611417247386765,0.38571526029168623
ENSG00000116096,SPR,neutral,15.441667565400845,18.85239719860627,0.8190824436131882
ENSG00000116117,PARD3B,regulation-driven,22.62776526582279,17.21560532752613,1.3143752331289291
ENSG00000116120,FARSB,neutral,3.4954355063291143,0.944153613240418,3.702189407857555
ENSG00000116128,BCL9,gene-driven (relaxed),0.5354956455696203,1.48604518815331,0.360349503392339
ENSG00000116132,PRRX1,neutral,43.17661560337553,58.99933648083623,0.7318152741836321
ENSG00000116141,MARK1,neutral,4.53635417721519,7.581666721254355,0.5983320480835735
ENSG00000116147,TNR,regulation-driven,0.9362837383966243,1.2433467700348433,0.7530350831814893
ENSG00000116157,GPX7,neutral,11.966325447257383,19.33663994773519,0.6188420263086577
ENSG00000116171,SCP2,regulation-driven,1.2945287637130802,0.6226393205574912,2.079098959818344
ENSG00000116176,TPSG1,neutral,3.023849130801688,0.3271769860627178,9.242242760381792
ENSG00000116205,TCEANC2,gene-driven (relaxed),25.772914497890298,32.63904766898955,0.7896343900492299
ENSG00000116209,TMEM59,neutral,11.278442784810125,4.003907362369337,2.8168590739162447
ENSG00000116218,NPHS2,neutral,0.028687679324894518,0.05521990592334494,0.5195169902085331
ENSG00000116237,ICMT,neutral,64.09411757383965,17.330906414634146,3.6982553618614458
ENSG00000116254,CHD5,regulation-driven,4.677558109704641,5.73332243902439,0.8158547089321906
ENSG00000116266,STXBP3,regulation-driven,10.278789379746836,5.089533662020906,2.0195935546019017
ENSG00000116273,PHF13,neutral,5.373139468354431,5.804801662020906,0.9256370469139863
ENSG00000116285,ERRFI1,neutral,61.851290772151906,73.45151177003486,0.8420696767385616
ENSG00000116299,ELAPOR1,neutral,0.05867483122362869,0.6576110243902439,0.08922422077402627
ENSG00000116337,,gene-driven,30.743847139240508,17.04625217421603,1.8035546362351313
ENSG00000116350,SRSF4,neutral,3.987690345991561,7.534899418118467,0.529229406354481
ENSG00000116353,MECR,gene-driven (relaxed),2.186529329113924,4.798659400696864,0.4556542039212858
ENSG00000116459,ATP5PB,neutral,6.90215041350211,8.065181780487805,0.8557960132033934
ENSG00000116489,CAPZA1,gene-driven,3.3979710675105483,1.7347385609756099,1.9587799245089377
ENSG00000116514,RNF19B,neutral,18.199387012658228,15.00339606620209,1.2130178349191019
ENSG00000116521,SCAMP3,neutral,4.537551995780591,3.94377050174216,1.1505618782269729
ENSG00000116525,TRIM62,neutral,8.20311575949367,8.56763630662021,0.9574537790726626
ENSG00000116544,DLGAP3,regulation-driven,49.913902738396615,20.086601271777003,2.484935209448745
ENSG00000116574,RHOU,neutral,2.9559677679324894,1.810833146341463,1.6323799759821118
ENSG00000116586,LAMTOR2,neutral,10.157594789029538,23.625342013937285,0.429944877963556
ENSG00000116649,SRM,neutral,0.4253905274261604,0.24248129965156795,1.7543230263010912
ENSG00000116667,C1orf21,gene-driven,3.760886261603375,0.8891149407665505,4.229921339934887
ENSG00000116679,IVNS1ABP,neutral,7.5363859578059085,7.431516073170733,1.0141115061318076
ENSG00000116685,KIAA2013,gene-driven,28.02602805907173,36.861816588850175,0.7602996990535984
ENSG00000116691,MIIP,neutral,13.635433869198314,10.601635919860627,1.2861631895558974
ENSG00000116701,NCF2,regulation-driven,0.042630358649789035,0.06713596167247388,0.6349854472594488
ENSG00000116703,PDC,neutral,2.1403289662447262,1.40241518815331,1.5261735499763773
ENSG00000116704,SLC35D1,neutral,0.3761279662447257,1.6144384912891985,0.23297757596473767
ENSG00000116711,PLA2G4A,neutral,6.191596932489453,6.932676226480837,0.893103432241553
ENSG00000116717,GADD45A,neutral,0.0003441054852320675,0.0015279790940766552,0.22520300609217925
ENSG00000116741,RGS2,neutral,0.1800359282700422,0.5739028222996515,0.31370455288689997
ENSG00000116745,RPE65,regulation-driven,8.656382075949368,3.906036463414634,2.216154958364626
ENSG00000116748,AMPD1,neutral,6.873275991561181,7.215925062717769,0.9525148794952238
ENSG00000116752,BCAS2,gene-driven,13.081012535864978,8.60953443902439,1.5193635182609577
ENSG00000116761,CTH,neutral,0.1786834641350211,0.9918118850174217,0.1801586236606576
ENSG00000116771,AGMAT,neutral,6.199931725738396,4.415743459930314,1.4040516125989435
ENSG00000116783,,gene-driven,0.014242033755274263,0.012598839721254354,1.130424235118082
ENSG00000116786,PLEKHM2,neutral,2.374022299578059,3.849909860627178,0.6166436060898614
ENSG00000116819,TFAP2E,neutral,0.04431688607594938,0.07884105923344947,0.5621041435367637
ENSG00000116824,CD2,gene-driven,0.6051666075949367,0.5040765958188154,1.2005449422064756
ENSG00000116857,TMEM9,neutral,18.71603824472574,12.360785888501743,1.5141463021486186
ENSG00000116863,ADPRS,neutral,32.34292881012658,37.3780015783972,0.8652931522379552
ENSG00000116874,WARS2,neutral,0.005305514767932489,0.012799013937282229,0.41452527467589223
ENSG00000116898,MRPS15,neutral,4.758907607594936,3.804621703832753,1.2508228092167064
ENSG00000116903,EXOC8,neutral,21.915182915611812,12.083324787456446,1.8136715929676657
ENSG00000116954,RRAGC,neutral,9.39437459493671,6.720967188153311,1.3977712332081715
ENSG00000116962,NID1,neutral,8.22156316877637,5.7375811428571435,1.4329319209736315
ENSG00000116981,NT5C1A,neutral,23.30459571729958,89.38578769686411,0.26071925210675484
ENSG00000116983,HPCAL4,gene-driven,2.421422135021097,2.2470633310104526,1.0775940765017242
ENSG00000116996,ZP4,gene-driven (relaxed),9.722434974683543,3.1522777735191636,3.0842570589296567
ENSG00000117000,RLF,neutral,0.9888416371308019,3.562354808362369,0.2775808953138435
ENSG00000117010,ZNF684,neutral,0.732696911392405,1.8009958048780488,0.4068287718427075
ENSG00000117016,RIMS3,neutral,57.015334734177216,17.320188226480838,3.29184267449279
ENSG00000117036,ETV3,neutral,6.616593894514767,8.229949264808361,0.8039653321810408
ENSG00000117054,ACADM,regulation-driven,7.116136843881857,7.119946296167248,0.9994649605310307
ENSG00000117069,ST6GALNAC5,neutral,0.007286527426160336,0.017116459930313587,0.4257029465103209
ENSG00000117090,SLAMF1,neutral,0.05327245991561181,0.21818420905923347,0.24416276569836087
ENSG00000117091,CD48,neutral,10.999734396624474,5.638674717770035,1.9507659063856433
ENSG00000117115,PADI2,regulation-driven,15.03924905485232,26.486155268292684,0.5678154833161544
ENSG00000117118,SDHB,gene-driven,4.328528510548523,0.19346366550522648,22.37385764011375
ENSG00000117122,MFAP2,neutral,11.164812426160337,8.681761289198608,1.2860077643520342
ENSG00000117143,UAP1,regulation-driven,0.06890546835443039,0.04098010801393728,1.6814369628063381
ENSG00000117148,ACTL8,gene-driven,0.7674244852320674,1.76533006271777,0.4347201135013801
ENSG00000117151,CTBS,neutral,1.207737265822785,96.9239239651568,0.012460672416202986
ENSG00000117154,IGSF21,neutral,6.288484156118145,13.675781665505228,0.45982630535699087
ENSG00000117155,SSX2IP,neutral,2.7988670421940927,3.4528363344947737,0.810599394542003
ENSG00000117174,ZNHIT6,neutral,0.001624012658227848,0.009439655052264809,0.17204152580111567
ENSG00000117215,PLA2G2D,neutral,6.817773877637132,5.210976783972125,1.3083485419868264
ENSG00000117222,RBBP5,gene-driven,0.2509889620253164,1.06416087456446,0.23585622063773132
ENSG00000117245,KIF17,neutral,0.4236309746835444,0.4508486968641115,0.9396300302742792
ENSG00000117308,GALE,neutral,8.158730324894515,10.931120205574912,0.7463764162737441
ENSG00000117318,ID3,neutral,0.0030198270042194088,0.019476167247386756,0.15505242719789228
ENSG00000117362,APH1A,neutral,1.8410514641350213,1.071069386759582,1.7188909391808374
ENSG00000117385,P3H1,neutral,33.34562729535865,35.455169961672475,0.9405011266736483
ENSG00000117395,EBNA1BP2,neutral,7.6386033628691985,0.5191796620209059,14.712832419390136
ENSG00000117399,CDC20,neutral,0.06555862025316454,0.3508705923344948,0.1868455826319741
ENSG00000117408,IPO13,regulation-driven,39.29137016033756,65.63340553310104,0.5986489629967723
ENSG00000117448,AKR1A1,gene-driven,95.44307637130802,126.63082521951218,0.7537112405755805
ENSG00000117450,PRDX1,neutral,16.672771088607593,7.13811949477352,2.335737178512531
ENSG00000117472,TSPAN1,neutral,2.5880415864978903,3.805512219512195,0.680077066426983
ENSG00000117477,CCDC181,neutral,3.938947455696202,2.2181634529616723,1.7757697028309405
ENSG00000117479,SLC19A2,gene-driven,7.265138189873417,11.535143623693381,0.6298264180214193
ENSG00000117500,TMED5,gene-driven,0.0012338354430379745,0.004232724738675957,0.291499097912975
ENSG00000117525,F3,neutral,9.989802367088606,6.197439132404181,1.6119242405876195
ENSG00000117528,ABCD3,neutral,5.599458434599156,8.82373050522648,0.6345908265537439
ENSG00000117533,VAMP4,neutral,9.028893029535865,4.274030404181184,2.1125008892550485
ENSG00000117543,DPH5,gene-driven,0.004220308016877637,0.02315329268292683,0.1822767964225529
ENSG00000117560,FASLG,neutral,30.327480084388185,10.303811013937283,2.9433265073831625
ENSG00000117569,PTBP2,neutral,0.16290386497890294,0.3845339721254355,0.42363972181309245
ENSG00000117586,TNFSF4,neutral,20.031454506329112,44.95109810452962,0.4456277010129501
ENSG00000117592,PRDX6,neutral,3.4251211729957802,2.2714549024390247,1.507897501868948
ENSG00000117594,HSD11B1,neutral,0.24083978059071728,1.126034770034843,0.21388307625994973
ENSG00000117598,PLPPR5,neutral,20.707616527426158,31.696996240418116,0.6532990183158441
ENSG00000117600,PLPPR4,regulation-driven,0.0779628312236287,0.10857706968641115,0.7180414009035101
ENSG00000117614,SYF2,neutral,5.5221362531645575,8.43193793728223,0.6549071274289341
ENSG00000117625,RCOR3,gene-driven,368.90031635443034,132.31541122996515,2.7880374094388665
ENSG00000117640,MTFR1L,neutral,1.6789577890295357,3.8594218188153313,0.4350283197458059
ENSG00000117643,MAN1C1,neutral,2.6137845822784804,0.6279877770034843,4.162158369945437
ENSG00000117650,NEK2,neutral,1.5789691012658227,2.381284470383275,0.6630745385122689
ENSG00000117697,NSL1,neutral,2.9919605105485236,2.2086324529616723,1.354666552389215
ENSG00000117707,PROX1,gene-driven,23.227391426160338,7.388889571428572,3.1435564439853363
ENSG00000117748,RPA2,neutral,17.417976755274264,11.534367216027874,1.510093829080686
ENSG00000117862,TXNDC12,neutral,6.186722084388186,9.55049581881533,0.6477906699042567
ENSG00000117868,ESYT2,neutral,4.340799367088609,4.721040693379791,0.9194581553121569
ENSG00000118094,TREH,neutral,6.818037059071729,7.56444544599303,0.9013267539239533
ENSG00000118137,APOA1,gene-driven,0.0683806582278481,0.12337681184668987,0.554242383186389
ENSG00000118193,KIF14,gene-driven,0.017914864978902954,0.5989809303135889,0.02990890706574557
ENSG00000118194,TNNT2,neutral,2.6076226118143455,1.8430109756097561,1.4148709076198633
ENSG00000118197,DDX59,neutral,26.626543443037974,20.39084413937282,1.3058087865830232
ENSG00000118246,FASTKD2,gene-driven,5.176254734177215,1.8141597456445995,2.853251896148765
ENSG00000118260,CREB1,gene-driven,20.34233811392405,3.7748160452961677,5.388961440723137
ENSG00000118292,C1orf54,gene-driven,2.3213992953586495,4.915309278745645,0.47227939560113613
ENSG00000118298,CA14,gene-driven,0.4282042278481012,0.6690246480836237,0.640042529187323
ENSG00000118402,ELOVL4,neutral,1.2281459324894515,2.0218662055749133,0.6074318513772432
ENSG00000118407,FILIP1,regulation-driven,2.806852379746836,1.3780523972125436,2.0368255847342223
ENSG00000118434,SPACA1,neutral,8.10980428691983,5.9973629756097555,1.3522283576800356
ENSG00000118454,ANKRD13C,neutral,6.137841341772151,8.850540195121951,0.6934990640633522
ENSG00000118491,ZC2HC1B,regulation-driven,0.02175992827004219,0.024914121951219514,0.8733973572356649
ENSG00000118496,FBXO30,neutral,0.6102907130801688,0.5965010801393728,1.0231175322223627
ENSG00000118507,AKAP7,neutral,3.9943615569620254,2.8394570731707316,1.4067342643435876
ENSG00000118922,KLF12,neutral,11.096579067510547,9.361694240418117,1.1853173990240196
ENSG00000118972,FGF23,neutral,1.2465267637130804,0.8532633449477353,1.4608933702518694
ENSG00000119013,NDUFB3,neutral,4.198649350210971,2.683266588850174,1.5647529647846747
ENSG00000119048,UBE2B,gene-driven,0.11281721518987341,0.39443811149825786,0.28602006728341134
ENSG00000119125,GDA,gene-driven,1.7363191561181435,18.09612662020906,0.09594976828793235
ENSG00000119138,KLF9,neutral,1.9408629915611817,7.139137700348433,0.27186238352937997
ENSG00000119203,CPSF3,regulation-driven,1.4761166371308012,4.24382312543554,0.347827087392882
ENSG00000119285,HEATR1,neutral,5.985914902953588,2.970319362369338,2.0152428653930317
ENSG00000119333,DYNC2I2,neutral,69.31152381012657,29.294460818815335,2.366028316370614
ENSG00000119402,FBXW2,neutral,2.995726388185654,2.3789037944250873,1.2592885829204519
ENSG00000119403,PHF19,neutral,7.232657632911392,6.842975306620208,1.056946329459086
ENSG00000119411,BSPRY,neutral,14.58197357805907,16.312483466898954,0.8939149950802152
ENSG00000119414,PPP6C,gene-driven,31.79999164556962,52.019078508710805,0.6113140131893068
ENSG00000119421,NDUFA8,neutral,4.6065175316455695,4.8200729790940775,0.9556945613946606
ENSG00000119446,RBM18,neutral,0.025764000000000002,0.20995091289198606,0.122714398547316
ENSG00000119457,SLC46A2,neutral,9.47590300421941,15.847512463414633,0.5979426125138162
ENSG00000119471,HSDL2,regulation-driven,8.640898510548524,12.177904648083624,0.7095554416176431
ENSG00000119508,NR4A3,regulation-driven,1.127282852320675,0.9307258362369336,1.2111868054275268
ENSG00000119509,INVS,neutral,0.5934366624472573,0.7439486515679442,0.7976849762366419
ENSG00000119523,ALG2,neutral,0.21401050210970465,0.36867886411149825,0.5804794441511087
ENSG00000119599,DCAF4,neutral,0.45993226160337547,0.24523323344947737,1.875489121657445
ENSG00000119608,PROX2,neutral,0.04004606751054852,0.028509299651567944,1.404666828016804
ENSG00000119614,VSX2,neutral,8.012334261603375,4.483736369337979,1.7869771105178494
ENSG00000119630,PGF,gene-driven,4.748475641350211,10.776062386759582,0.4406503480514929
ENSG00000119636,BBOF1,neutral,3.889633122362869,4.190746703832753,0.9281479882345328
ENSG00000119650,IFT43,neutral,5.914517232067511,10.778825508710803,0.5487162981985144
ENSG00000119681,,neutral,12.117106746835443,8.299167658536584,1.4600387948991125
ENSG00000119686,FLVCR2,regulation-driven,2.58863941350211,2.271449400696864,1.139642121329198
ENSG00000119699,TGFB3,gene-driven,0.595464611814346,0.9258443031358885,0.6431584768599565
ENSG00000119705,SLIRP,gene-driven,8.45124228270042,6.610165073170733,1.2785221229954198
ENSG00000119707,RBM25,neutral,5.986202189873418,18.344057578397212,0.3263292302856179
ENSG00000119711,ALDH6A1,neutral,1.5557529662447256,1.6302975783972127,0.9542754567385338
ENSG00000119715,ESRRB,neutral,10.48644036708861,8.972258153310104,1.1687626668677478
ENSG00000119718,EIF2B2,neutral,1.9434259915611816,1.456291672473868,1.3345032648987114
ENSG00000119760,SUPT7L,neutral,3.8792925400843887,2.0113426411149824,1.9287079490016248
ENSG00000119772,DNMT3A,neutral,3.9866734177215197,6.686880045296166,0.5961933503691178
ENSG00000119778,ATAD2B,neutral,38.657181177215186,21.609283466898955,1.7889154555462312
ENSG00000119787,ATL2,neutral,34.61471500843882,41.255861891986065,0.8390253753288504
ENSG00000119801,YPEL5,gene-driven,5.961528502109704,10.722143299651568,0.5560015694160171
ENSG00000119862,LGALSL,neutral,29.697722540084392,34.43645672125436,0.8623919348169988
ENSG00000119865,CNRIP1,neutral,35.358758649789024,6.934510407665505,5.09895530774645
ENSG00000132423,COQ3,neutral,5.709801797468355,5.691332885017422,1.0032450943959987
ENSG00000132424,PNISR,neutral,0.3742968143459915,3.4823102020905923,0.10748520166907698
ENSG00000132429,POPDC3,gene-driven,16.005697742616036,10.837499916376306,1.4768810026406718
ENSG00000132432,SEC61G,gene-driven,14.532614746835446,18.4084881184669,0.7894518362024917
ENSG00000132464,ENAM,neutral,0.015684455696202533,0.1263459512195122,0.12413896563216748
ENSG00000132485,ZRANB2,neutral,0.0019426329113924052,0.0042629024390243905,0.45570663161528907
ENSG00000132541,RIDA,gene-driven,2.2475852995780596,1.9076590662020902,1.178190243423695
ENSG00000132570,PCBD2,gene-driven,15.830704746835444,13.379803202090592,1.1831791923786965
ENSG00000132591,ERAL1,gene-driven,9.815329776371307,7.629171878048779,1.2865524506811419
ENSG00000132676,DAP3,gene-driven,0.045873531645569614,0.5319823693379792,0.08623130067760804
ENSG00000132680,KHDC4,neutral,0.15550706329113925,0.2122346236933798,0.7327129786127821
ENSG00000132688,NES,neutral,37.653168852320675,67.0034820348432,0.5619583894571366
ENSG00000132698,RAB25,neutral,0.650715641350211,16.03576856794425,0.04057901176317808
ENSG00000132703,APCS,neutral,0.001125434599156118,0.00560048432055749,0.20095308454396113
ENSG00000132704,FCRL2,neutral,9.082196839662448,16.712755773519163,0.5434290408319676
ENSG00000132718,SYT11,gene-driven,3.3221356877637134,2.8110811498257835,1.1817999946282598
ENSG00000132740,IGHMBP2,neutral,0.6786238691983123,1.757626087108014,0.3861025244083145
ENSG00000132744,ACY3,neutral,0.006061350210970465,0.0132207212543554,0.45847348978586394
ENSG00000132763,MMACHC,neutral,5.811334848101265,6.165899975609756,0.9424958028980307
ENSG00000132768,DPH2,gene-driven,3.4944062658227852,2.3068548745644595,1.5147924147081593
ENSG00000132773,TOE1,neutral,14.550778375527424,5.20006712891986,2.7981904876966195
ENSG00000132781,,gene-driven,13.183514168776371,5.644653717770035,2.335575365282925
ENSG00000132837,DMGDH,gene-driven,0.038385666666666665,0.5358589337979094,0.0716339025918773
ENSG00000132849,PATJ,neutral,0.15411385654008442,0.39473683275261323,0.3904217791519587
ENSG00000132854,KANK4,regulation-driven,0.02066540928270042,0.016391229965156795,1.2607601337196381
ENSG00000132855,ANGPTL3,neutral,98.85107260337553,57.08362341811847,1.73168882219204
ENSG00000132881,CPLANE2,neutral,1.7387476371308015,3.089851013937283,0.5627286329625258
ENSG00000132911,NMUR2,neutral,22.738593168776372,14.496482097560975,1.5685593936339994
ENSG00000132912,DCTN4,neutral,0.010963135021097047,0.022384494773519167,0.4897646845291511
ENSG00000132915,PDE6A,regulation-driven,13.858508324894515,8.697201818815332,1.5934444909526335
ENSG00000132932,,regulation-driven,2.7565337679324893,1.7433048954703834,1.5812115110183946
ENSG00000132938,MTUS2,regulation-driven,2.68089035021097,1.5482899825783971,1.7315169512021462
ENSG00000132950,ZMYM5,neutral,8.5388538185654,4.673708421602788,1.826997546337542
ENSG00000132952,USPL1,neutral,2.386958071729958,1.6210516236933796,1.4724750506659057
ENSG00000132963,POMP,gene-driven,9.88338582278481,4.503475864111499,2.194612810417432
ENSG00000132964,CDK8,gene-driven,1.2053622025316455,2.0344620069686408,0.5924722105416171
ENSG00000132965,ALOX5AP,neutral,37.583640801687764,14.427547466898954,2.6049916583477346
ENSG00000132975,GPR12,neutral,1.8793695907172998,4.659571111498258,0.4033353168663198
ENSG00000133055,MYBPH,neutral,9.192458071729957,3.8011760627177704,2.418319467464372
ENSG00000133056,PIK3C2B,gene-driven,5.153448573839662,7.698444972125435,0.6694142248855831
ENSG00000133065,SLC41A1,neutral,0.669755835443038,2.5968809790940766,0.2579077904743569
ENSG00000133069,TMCC2,regulation-driven,38.22853056540084,32.49397827526132,1.1764804617508289
ENSG00000133083,DCLK1,neutral,6.76445552742616,4.8661926271777,1.390092017658047
ENSG00000133101,CCNA1,gene-driven,2.6357769282700425,3.219843243902439,0.8186041147380485
ENSG00000133104,SPART,neutral,0.01641415189873418,0.06981868989547038,0.23509681896507598
ENSG00000133105,RXFP2,neutral,0.3160438481012658,0.6548154390243902,0.482645688031027
ENSG00000133111,RFXAP,neutral,260.8812793037975,157.6187948118467,1.6551406804957345
ENSG00000133116,KL,neutral,5.060736333333333,2.788446174216028,1.8148947539775122
ENSG00000133119,RFC3,neutral,1.827502240506329,3.5446486585365853,0.5155665389022834
ENSG00000133121,STARD13,regulation-driven,0.18081152742616036,0.1424778919860627,1.2690497094373594
ENSG00000133302,SLF1,neutral,19.95747016033755,29.477489184668983,0.6770410476723125
ENSG00000133317,LGALS12,gene-driven,97.04475929957806,147.2046722020906,0.6592505376891145
ENSG00000133318,RTN3,neutral,1.3721087341772151,6.1956329860627175,0.22146384998333815
ENSG00000133321,PLAAT4,neutral,0.021223476793248944,0.07607966898954704,0.27896384244475275
ENSG00000133328,PLAAT2,neutral,1.1721883628691985,10.075098850174216,0.11634509797875872
ENSG00000133398,MED10,neutral,6.056135400843882,6.200883236933799,0.9766569002254764
ENSG00000133574,GIMAP4,neutral,15.216778746835443,13.565829707317073,1.121699083295133
ENSG00000133606,MKRN1,gene-driven,17.994415607594938,22.312560289198604,0.806470229071199
ENSG00000133636,NTS,neutral,26.927845898734173,15.268824975609755,1.7635833760455308
ENSG00000133639,BTG1,neutral,0.3746889578059071,0.1442938780487805,2.5967072399235014
ENSG00000133641,RLIG1,gene-driven,6.502937637130801,4.32960862369338,1.5019689312202678
ENSG00000133678,TMEM254,gene-driven,1.5141278396624474,3.3852666341463418,0.4472698913550315
ENSG00000133704,IPO8,gene-driven,15.960082594936708,11.527409515679443,1.384533322359026
ENSG00000133731,IMPA1,regulation-driven,2.6918209915611815,1.7111165609756098,1.5731371275060382
ENSG00000133739,LRRCC1,neutral,4.479645244725739,2.0613118710801395,2.1732011092423287
ENSG00000133773,CCDC59,gene-driven,2.367609244725738,3.4606810034843205,0.6841454737787032
ENSG00000133800,LYVE1,gene-driven,0.2766089746835443,1.982194101045296,0.13954686603984773
ENSG00000133805,AMPD3,regulation-driven,0.04632816877637131,0.045602313588850175,1.015917069341381
ENSG00000133858,ZFC3H1,neutral,0.1871717088607595,0.10992911498257839,1.70265819833465
ENSG00000133874,RNF122,neutral,28.640355556962028,29.981808818815328,0.9552577607988928
ENSG00000133895,,gene-driven,16.741392607594936,14.17819649825784,1.1807843550237191
ENSG00000133935,ERG28,neutral,0.024487497890295355,0.006807655052264808,3.597053273454083
ENSG00000133937,GSC,neutral,4.1400486751054855,9.356557773519164,0.44247561713588834
ENSG00000133961,NUMB,neutral,0.03292693670886076,0.03454123693379791,0.953264550773583
ENSG00000133985,TTC9,neutral,4.980065751054852,3.5828333344947736,1.3899797412030908
ENSG00000134007,ADAM20,neutral,1.4383754725738396,0.52659381184669,2.7314705190508417
ENSG00000134013,LOXL2,regulation-driven,9.565248991561182,7.628883954703832,1.2538202243413892
ENSG00000134028,ADAMDEC1,neutral,26.119436670886074,18.450682400696863,1.415635265062043
ENSG00000134057,CCNB1,gene-driven,3.258715324894515,3.199764668989547,1.0184234348470333
ENSG00000134061,CD180,neutral,0.9876636329113924,1.3144429163763065,0.7513933245836277
ENSG00000134070,IRAK2,neutral,14.458010443037972,32.87401297212544,0.43980059432650404
ENSG00000134086,VHL,gene-driven,4.528106970464135,20.35092012195122,0.22250133867804628
ENSG00000134107,BHLHE40,neutral,20.30144769198312,43.7631801533101,0.46389333729549787
ENSG00000134109,EDEM1,neutral,1.1005675822784813,2.224582975609756,0.49472984120847047
ENSG00000134115,CNTN6,neutral,56.86171310126583,23.071249522648085,2.46461350285545
ENSG00000134193,REG4,gene-driven,8.510895624472573,1.6083972334494774,5.291538338585382
ENSG00000134198,TSPAN2,gene-driven,0.10422313924050633,0.02445111149825784,4.26251130742798
ENSG00000134202,GSTM3,gene-driven,15.18558818565401,2.3291086376306622,6.519914073695545
ENSG00000134222,PSRC1,neutral,0.0219535611814346,0.010324773519163763,2.1262995397125852
ENSG00000134240,HMGCS2,gene-driven,0.0135303417721519,0.03217783275261324,0.42048642231982103
ENSG00000134245,WNT2B,neutral,13.903390029535863,5.5160016968641115,2.5205557926931106
ENSG00000134248,LAMTOR5,neutral,0.001505789029535865,0.0015121219512195122,0.9958118975268234
ENSG00000134253,TRIM45,neutral,1.8739711434599158,2.402207696864111,0.7801037128913684
ENSG00000134255,CEPT1,gene-driven,0.7541025527426161,0.2935319198606272,2.569064901359531
ENSG00000134256,CD101,neutral,0.17417352320675106,0.09782273519163763,1.7805014638523444
ENSG00000134258,VTCN1,neutral,0.6293252658227847,0.7526574738675958,0.8361376690899541
ENSG00000134259,NGF,gene-driven,3.8204071012658227,3.415233714285714,1.1186370892525725
ENSG00000134262,AP4B1,gene-driven,10.602804502109706,22.96235119860627,0.4617473363421624
ENSG00000134294,SLC38A2,gene-driven,3.100390995780591,1.0646395400696864,2.912150900930895
ENSG00000134321,RSAD2,gene-driven,33.680087443037976,2.058793637630662,16.35913713129515
ENSG00000134323,MYCN,neutral,2.2773640590717297,3.5483806271777,0.6418037686343397
ENSG00000134343,ANO3,regulation-driven,5.348389223628693,19.429466627177703,0.275272055906436
ENSG00000134371,CDC73,gene-driven,14.051187502109705,16.799020550522645,0.836428972739875
ENSG00000134375,TIMM17A,neutral,1.8359698059071727,1.2008899337979095,1.5288410321675132
ENSG00000134376,,regulation-driven,0.011517464135021097,0.04207003832752613,0.27376880537532816
ENSG00000134452,,neutral,7.550149143459916,7.072134073170732,1.0675913472996235
ENSG00000134460,IL2RA,neutral,2.6838281983122356,2.646586951219512,1.014071423980823
ENSG00000134461,ANKRD16,gene-driven,1.8576128396624474,0.8866625853658535,2.095061718315273
ENSG00000134516,,neutral,3.1223115822784813,2.0001343205574913,1.5610509505222674
ENSG00000134533,RERG,neutral,0.00111326582278481,0.006069641114982578,0.1834154279792217
ENSG00000134548,SPX,gene-driven,0.018058464135021098,0.03285210801393728,0.5496896615389162
ENSG00000134571,MYBPC3,regulation-driven,4.992468371308018,3.2567909163763065,1.5329410144827247
ENSG00000134686,PHC2,neutral,4.803182611814346,0.4040011358885018,11.88903244356212
ENSG00000134690,CDCA8,gene-driven,6.170651835443038,3.009278829268293,2.0505417362549396
ENSG00000134716,CYP2J2,neutral,16.02957754008439,7.90254481184669,2.0284070412425224
ENSG00000134717,BTF3L4,neutral,3.3797846793248945,1.263011944250871,2.675972064008898
ENSG00000134780,DAGLA,regulation-driven,2.6790900886075955,1.3841276341463415,1.9355802330035263
ENSG00000134802,SLC43A3,neutral,22.320089312236284,31.30261648432056,0.713042289082013
ENSG00000134809,TIMM10,gene-driven,0.0025272320675105483,0.008993452961672473,0.28100798194874527
ENSG00000134825,TMEM258,gene-driven,0.006877907172995782,0.01748208710801394,0.3934259754284653
ENSG00000134827,TCN1,neutral,0.07044877637130803,0.18292640418118467,0.3851208724440351
ENSG00000134851,TMEM165,gene-driven,1.7069695907172995,3.326220289198606,0.5131859715546873
ENSG00000134874,DZIP1,neutral,7.391056113924051,8.035644282229965,0.9197838846934331
ENSG00000134882,UBAC2,neutral,15.65736087763713,13.046490588850174,1.2001205052811876
ENSG00000134884,ARGLU1,neutral,8.682282641350213,3.7655578222996517,2.3057095524954345
ENSG00000134897,BIVM,gene-driven,6.9066378143459906,4.1114131986062725,1.6798695438072901
ENSG00000134899,ERCC5,gene-driven,8.059277071729957,4.215177156794424,1.9119663947550214
ENSG00000134900,TPP2,neutral,2.5660106540084384,0.7050621149825784,3.6394107688963584
ENSG00000134901,POGLUT2,neutral,3.1576488565400846,2.2634697247386755,1.3950479752516438
ENSG00000134905,CARS2,gene-driven,7.5301258860759495,12.860200226480835,0.585537219752647
ENSG00000134917,ADAMTS8,neutral,0.31187726160337553,0.5209955365853659,0.5986179145553466
ENSG00000134940,ACRV1,neutral,4.570502088607594,4.078022418118468,1.120764336238335
ENSG00000134955,SLC37A2,neutral,0.2666924810126582,0.15624418118466898,1.7068954439810309
ENSG00000134962,KLB,neutral,16.997696620253166,16.085978634146343,1.0566778066067726
ENSG00000134986,NREP,neutral,4.080998793248945,2.1425708675958193,1.9047205648923236
ENSG00000134987,WDR36,neutral,6.146081012658228,19.494421815331012,0.31527382914351226
ENSG00000134996,OSTF1,neutral,12.573438029535865,16.303165411149827,0.7712267962966762
ENSG00000135002,RFK,gene-driven,33.606074164556965,27.654488411149828,1.2152122890477177
ENSG00000135040,NAA35,regulation-driven,5.770746907172994,4.534259731707317,1.2726987972963104
ENSG00000135047,CTSL,neutral,3.577986489451477,2.790644080139373,1.2821364483258582
ENSG00000135063,ENTREP1,neutral,24.312254050632912,42.396847501742165,0.5734448545881595
ENSG00000135070,ISCA1,gene-driven,3.2159697510548524,2.708396484320558,1.1874072978874166
ENSG00000135083,CCNJL,neutral,4.236481860759493,5.001498292682927,0.8470425486213533
ENSG00000135093,USP30,neutral,0.36632537130801696,3.407231174216028,0.10751409357843322
ENSG00000135100,HNF1A,gene-driven,28.272032295358652,15.468274271777002,1.8277431469483991
ENSG00000135111,TBX3,neutral,0.061944067510548526,0.695565393728223,0.0890557064354927
ENSG00000135114,OASL,neutral,0.169884611814346,0.8145272648083624,0.20856835511125038
ENSG00000135119,RNFT2,gene-driven,0.6883793924050633,1.3087338710801395,0.5259888260070185
ENSG00000135144,DTX1,neutral,16.942075113924048,5.692620331010453,2.9761470340174245
ENSG00000135148,TRAFD1,neutral,6.435947156118144,4.446942463414634,1.447274663224725
ENSG00000135185,TMEM243,neutral,1.049991160337553,0.8592695121951219,1.2219578903191926
ENSG00000135211,TMEM60,neutral,3.2415658649789028,2.503853599303136,1.2946307507280315
ENSG00000135222,CSN2,gene-driven,0.0006067172995780591,0.0012657979094076654,0.4793160859792971
ENSG00000135312,HTR1B,neutral,3.0111836075949365,3.8599291463414627,0.7801136998716703
ENSG00000135316,,gene-driven,6.431189177215189,6.920274466898954,0.9293257381592078
ENSG00000135333,EPHA7,regulation-driven,50.905780818565404,33.38782209059233,1.5246810852304469
ENSG00000135334,AKIRIN2,gene-driven,7.701793240506329,6.492154167247387,1.1863232206286034
ENSG00000135338,LCA5,gene-driven,7.227793814345992,4.809045,1.5029582410532634
ENSG00000135341,MAP3K7,regulation-driven,0.03573249367088607,0.38979849825783974,0.0916691414425361
ENSG00000135355,GJA10,neutral,0.6274526919831223,1.4192552229965156,0.4420999703339916
ENSG00000135363,LMO2,gene-driven,6.951554620253165,3.110522923344948,2.2348507924763035
ENSG00000135365,PHF21A,gene-driven,8.758500004219409,5.767677540069686,1.518548834148864
ENSG00000135374,ELF5,neutral,0.048796860759493674,0.1366009825783972,0.3572218869764606
ENSG00000135407,AVIL,gene-driven,0.0051386582278481014,0.005809121951219512,0.8845843263402898
ENSG00000135413,LACRT,gene-driven,8.391886801687763,9.250034682926831,0.9072276039328818
ENSG00000135452,TSPAN31,gene-driven,14.39628646413502,12.261015839721255,1.1741512002208057
ENSG00000135457,TFCP2,gene-driven,3.6851481139240505,4.760410839721255,0.7741239649264882
ENSG00000135480,KRT7,gene-driven,2.879268628691983,1.2761352613240418,2.2562409455754917
ENSG00000135517,MIP,neutral,4.643797109704641,29.359085641114977,0.1581724024538893
ENSG00000135519,KCNH3,neutral,8.016652130801688,6.1646701463414635,1.300418666448734
ENSG00000135521,LTV1,gene-driven,0.9605104303797469,11.885696226480837,0.08081229841965586
ENSG00000135525,MAP7,neutral,5.452918746835443,9.446507188153308,0.5772417929956003
ENSG00000135535,CD164,gene-driven,0.6879522489451477,0.751513487804878,0.9154223578270184
ENSG00000135547,HEY2,neutral,0.9586099451476794,8.49626493728223,0.11282721904553952
ENSG00000135549,PKIB,gene-driven,0.0030159535864978907,0.004716480836236933,0.6394499821405367
ENSG00000135569,TAAR5,neutral,0.6878560717299578,0.31705459233449473,2.1695193457543898
ENSG00000135577,NMBR,neutral,1.5724530210970467,1.8755919616724739,0.83837692484824
ENSG00000135604,STX11,gene-driven,0.1275297341772152,0.10116624041811846,1.260595764457954
ENSG00000135605,TEC,gene-driven,6.663733700421941,15.177084439024389,0.4390654692074901
ENSG00000135617,,neutral,6.615106459915612,6.217432543554008,1.0639611147488681
ENSG00000135624,CCT7,regulation-driven,0.18235878902953587,6.289101540069686,0.028996000123018405
ENSG00000135625,EGR4,gene-driven,3.5165073080168776,13.076297703832752,0.26892224295154776
ENSG00000135631,RAB11FIP5,regulation-driven,11.562735257383965,8.495511721254354,1.361040468987398
ENSG00000135677,GNS,gene-driven,0.508812358649789,2.450245181184669,0.20765773260445036
ENSG00000135678,CPM,neutral,8.00372705485232,4.951652034843206,1.6163751003771325
ENSG00000135744,AGT,gene-driven,2.2692920801687757,0.4025030452961672,5.637950089294355
ENSG00000135750,KCNK1,neutral,2.846107540084388,1.31312862369338,2.1674247965742035
ENSG00000135773,CAPN9,regulation-driven,1.4359492025316454,1.8543094564459928,0.7743848781765988
ENSG00000135775,COG2,neutral,2.9957629156118144,2.3709134041811843,1.2635480107914052
ENSG00000135776,ABCB10,neutral,1.728896725738397,3.062474156794425,0.5645424703103716
ENSG00000135778,NTPCR,neutral,4.648891628691983,2.431872275261324,1.9116512310221647
ENSG00000135801,TAF5L,neutral,35.5578122742616,184.85859246341465,0.1923514173748718
ENSG00000135823,STX6,neutral,3.4759328523206747,3.380117271777004,1.0283468213791584
ENSG00000135824,RGS8,gene-driven,0.48490361181434605,1.2169698222996517,0.3984516320199675
ENSG00000135828,RNASEL,neutral,45.08953469198312,15.987029351916378,2.820382304895074
ENSG00000135829,DHX9,neutral,0.8384553670886076,1.012806567944251,0.8278534061943006
ENSG00000135838,NPL,neutral,0.3795001265822785,0.722877756097561,0.5249852044569766
ENSG00000135845,PIGC,neutral,23.580064084388187,9.398064331010453,2.5090341216948158
ENSG00000135870,RC3H1,neutral,0.108074029535865,0.2215638606271777,0.4877782379759107
ENSG00000135900,MRPL44,neutral,0.01664648523206751,0.030352843205574912,0.548432485198291
ENSG00000135902,CHRND,neutral,0.517663805907173,0.11915768641114982,4.344359323333876
ENSG00000135903,PAX3,regulation-driven,0.8300284135021095,3.402436080139373,0.24395121435113318
ENSG00000135913,USP37,regulation-driven,0.26005118143459915,0.13167193031358887,1.9749933096238752
ENSG00000135914,HTR2B,neutral,108.91917245569621,332.44900723344955,0.3276267039029294
ENSG00000135916,ITM2C,neutral,0.2552189071729958,0.8423774599303137,0.3029745207025233
ENSG00000135925,WNT10A,neutral,3.0751836708860756,12.717910306620208,0.24179944635128564
ENSG00000135932,CAB39,neutral,66.2787223164557,154.772968358885,0.4282319000483966
ENSG00000135940,COX5B,neutral,6.072353978902954,3.2664722125435546,1.858994531037048
ENSG00000135953,MFSD9,neutral,21.588415662447257,20.288283087108017,1.0640829275576007
ENSG00000135956,TMEM127,neutral,0.013084696202531644,0.012859738675958188,1.0174931646934648
ENSG00000135960,EDAR,neutral,6.966703831223629,4.214904832752612,1.6528733406001743
ENSG00000135966,TGFBRAP1,neutral,1.1834278902953588,4.128702128919861,0.28663435950148425
ENSG00000135974,C2orf49,neutral,0.27210596202531645,0.18996605923344947,1.4323925185547233
ENSG00000136011,,regulation-driven,0.3263898523206751,0.21123590243902438,1.5451438346987023
ENSG00000136044,APPL2,gene-driven,28.432118223628688,14.325860975609757,1.9846708181822574
ENSG00000136048,DRAM1,gene-driven,3.277495877637131,3.192150108013937,1.0267361391962528
ENSG00000136099,PCDH8,neutral,6.599521464135021,9.66494312195122,0.6828308641719837
ENSG00000136122,BORA,neutral,4.565970181434599,1.8686381637630665,2.4434747560970504
ENSG00000136143,SUCLA2,neutral,7.263790455696203,7.189092229965156,1.0103904948415732
ENSG00000136144,RCBTB1,neutral,14.997482485232068,13.161832264808362,1.139467680752307
ENSG00000136147,PHF11,neutral,8.034978219409282,2.835859299651568,2.8333486856687538
ENSG00000136155,SCEL,regulation-driven,81.7593782278481,253.31470255400694,0.32275812419698346
ENSG00000136158,SPRY2,neutral,5.79899723628692,6.7919279895470375,0.8538072319394043
ENSG00000136159,NUDT15,neutral,5.743185333333333,15.298765233449478,0.37540188673373037
ENSG00000136160,EDNRB,neutral,14.169942481012658,5.037071717770035,2.8131309766790142
ENSG00000136161,RCBTB2,regulation-driven,0.971925611814346,1.3893286376306622,0.6995649448872311
ENSG00000136169,SETDB2,neutral,57.96408613924051,71.89630358536586,0.8062178894971564
ENSG00000136193,SCRN1,regulation-driven,3.662615700421941,5.214629146341464,0.7023731885117083
ENSG00000136197,C7orf25,gene-driven,3.3449843797468355,11.212629700348431,0.29832291524287924
ENSG00000136231,IGF2BP3,regulation-driven,0.8195973966244725,2.3338006655052266,0.35118568982284704
ENSG00000136235,GPNMB,gene-driven,4.165263426160338,16.905282714285715,0.24638827380511685
ENSG00000136240,KDELR2,neutral,4.59473170886076,4.1230289198606265,1.1144068591728624
ENSG00000136267,DGKB,dual-driven,6.375939814345991,5.852918404181184,1.0893607896175646
ENSG00000136270,TBRG4,gene-driven,11.174778438818565,10.153987578397214,1.1005310330094458
ENSG00000136274,NACAD,neutral,0.001608,0.007743435540069687,0.20765976441324246
ENSG00000136286,MYO1G,regulation-driven,62.96861764978903,26.982856135888504,2.333652795414705
ENSG00000136297,MMD2,neutral,7.801421447257384,5.852954428571428,1.3329031589882945
ENSG00000136327,NKX2-8,neutral,1.304180628691983,0.15755483972125434,8.277629751008197
ENSG00000136352,NKX2-1,gene-driven,1.8607720801687762,1.2523331602787457,1.485844293825617
ENSG00000136514,RTP4,neutral,7.849586734177216,2.0665142613240417,3.798467245586724
ENSG00000136518,ACTL6A,neutral,7.240967400843881,17.378946229965155,0.41665169481673453
ENSG00000136522,,neutral,12.534145126582278,5.72527362369338,2.189265692858971
ENSG00000136542,GALNT5,neutral,0.12295159915611813,0.42377005923344946,0.2901375320817219
ENSG00000136573,BLK,regulation-driven,0.0027003924050632913,0.0022002961672473865,1.2272858741746275
ENSG00000136634,IL10,gene-driven,12.901966189873416,9.458054766550525,1.3641247072815301
ENSG00000136689,IL1RN,neutral,0.0023146835443037975,0.002371418118466899,0.976075676523978
ENSG00000136697,IL1F10,gene-driven,0.021124704641350214,0.032341439024390246,0.6531776345950175
ENSG00000136698,CFC1,gene-driven,10.058372084388187,6.322629637630661,1.5908526453175986
ENSG00000136720,HS6ST1,neutral,7.0868002447257386,3.613831344947736,1.9610213007403723
ENSG00000136750,GAD2,regulation-driven,14.403263649789029,17.51252679790941,0.8224549099053168
ENSG00000136754,ABI1,neutral,12.616163670886076,8.477833783972125,1.488135294034394
ENSG00000136770,DNAJC1,neutral,12.8731456371308,7.67324793728223,1.6776657997174413
ENSG00000136802,LRRC8A,neutral,7.833800864978903,10.489291731707317,0.7468379243661111
ENSG00000136813,,gene-driven,8.645911860759496,4.952816320557491,1.7456556636015745
ENSG00000136827,TOR1A,neutral,12.838217805907174,4.386095031358885,2.9270268232035273
ENSG00000136830,NIBAN2,neutral,0.0014189746835443038,0.0062022543554006975,0.228783697383954
ENSG00000136856,SLC2A8,gene-driven,2.405860793248945,6.407109282229965,0.3754986355424854
ENSG00000136859,ANGPTL2,neutral,6.986833687763714,2.541637930313589,2.748949252146892
ENSG00000136866,ZFP37,gene-driven,1.5280935063291137,11.147784836236932,0.13707597776393216
ENSG00000136869,TLR4,neutral,9.098826755274262,7.096095174216028,1.282230090195978
ENSG00000136870,ZNF189,gene-driven (relaxed),0.10251654430379747,0.2230462613240418,0.4596200971728522
ENSG00000136872,ALDOB,regulation-driven,1.985176869198312,2.360711958188153,0.8409229522105424
ENSG00000136875,PRPF4,neutral,6.786554400843882,4.349727536585366,1.560225173591328
ENSG00000136881,BAAT,gene-driven,0.398343835443038,1.2704510836236933,0.3135451971175831
ENSG00000136897,MRPL50,neutral,11.351668949367088,9.687501773519164,1.171784967348025
ENSG00000136908,DPM2,neutral,0.6970283333333335,0.34074504878048784,2.045600767576722
ENSG00000136918,WDR38,neutral,13.614581852320676,6.719401860627177,2.026159788432406
ENSG00000136929,HEMGN,neutral,79.52632792827006,51.192823233449474,1.5534663436242648
ENSG00000136932,TRMO,gene-driven,8.336231227848101,7.096482912891986,1.1746989783775705
ENSG00000136935,GOLGA1,neutral,8.946669987341773,5.821213522648082,1.5369080609281471
ENSG00000136936,XPA,neutral,13.653490928270044,6.498009668989546,2.1011804573681387
ENSG00000136938,ANP32B,neutral,0.002852848101265823,0.010129508710801394,0.2816373609732668
ENSG00000136942,RPL35,gene-driven,0.9281663924050633,0.7500924947735191,1.2374025855108859
ENSG00000136943,CTSV,neutral,0.06413206329113924,0.00834654006968641,7.683670449754248
ENSG00000136944,LMX1B,neutral,9.220968198312237,19.31632090940766,0.4773666911808932
ENSG00000136950,ARPC5L,gene-driven,1.3436769957805905,27.330357682926827,0.04916426676040104
ENSG00000136982,DSCC1,neutral,12.13611724894515,6.436276707317072,1.8855804063160029
ENSG00000136986,DERL1,neutral,8.024909746835444,0.8784408083623693,9.135401805610396
ENSG00000136997,MYC,neutral,8.142775244725739,10.440624578397214,0.779912655951065
ENSG00000136999,CCN3,neutral,3.0159778523206757,4.163629808362369,0.7243626333597881
ENSG00000137033,IL33,neutral,14.286914210970465,18.65917212543554,0.7656778186581513
ENSG00000137055,PLAA,neutral,1.8786032025316455,2.4306465191637625,0.7728821067647296
ENSG00000137070,IL11RA,gene-driven,4.342042654008439,2.3459959337979095,1.8508312787137482
ENSG00000137074,APTX,gene-driven,20.401759265822783,9.593496721254354,2.1266238847638075
ENSG00000137075,RNF38,gene-driven,6.60424599156118,10.399013888501743,0.6350838706796553
ENSG00000137076,,regulation-driven,0.02710584388185654,0.07597384668989546,0.3567786161005538
ENSG00000137077,CCL21,gene-driven,0.03231295358649789,0.032171560975609755,1.0043949564957488
ENSG00000137078,SIT1,neutral,0.02412181434599156,0.04167341463414634,0.5788298021114555
ENSG00000137103,TMEM8B,neutral,9.090495333333333,11.492184637630663,0.7910154265679737
ENSG00000137106,GRHPR,neutral,7.922561054852322,3.90223887456446,2.0302603990988586
ENSG00000137124,ALDH1B1,neutral,4.727120358649788,7.479454149825784,0.6320140833753082
ENSG00000137133,HINT2,neutral,3.2728224810126583,2.58415731010453,1.2664950652250624
ENSG00000137135,ARHGEF39,gene-driven,79.86164088607596,2.2597881777003486,35.34032157268226
ENSG00000137161,CNPY3,neutral,8.747745443037974,3.2923599024390247,2.6569833500151447
ENSG00000137166,FOXP4,regulation-driven,21.052671316455697,15.423310898954703,1.3649904002053488
ENSG00000137168,PPIL1,neutral,6.552399232067511,5.061876763066201,1.294460441999863
ENSG00000137193,PIM1,neutral,1.321482535864979,2.5511969965156793,0.5179852977523124
ENSG00000137198,GMPR,neutral,9.293100046413503,9.573174989547038,0.9707437769142057
ENSG00000137200,CMTR1,neutral,0.9194806962025316,0.10028853658536585,9.16835290960565
ENSG00000137203,TFAP2A,neutral,0.14627973839662445,0.08694804878048781,1.6823809211167873
ENSG00000137207,YIPF3,gene-driven,3.6939597088607594,4.831487160278745,0.7645595623703659
ENSG00000137216,TMEM63B,regulation-driven,8.53508710970464,6.284109923344948,1.3582014340642736
ENSG00000137251,TINAG,gene-driven,6.906681898734177,0.6009234355400697,11.493447401542785
ENSG00000137252,HCRTR2,regulation-driven,0.2361871012658228,0.025741682926829264,9.175278164103903
ENSG00000137261,KIAA0319,gene-driven,0.016087409282700423,0.027311017421602787,0.5890446713997339
ENSG00000137269,LRRC1,neutral,0.006092873417721519,0.009977515679442507,0.6106603701235134
ENSG00000137270,GCM1,neutral,3.150966417721519,3.2182230452961673,0.9791013156552489
ENSG00000137273,FOXF2,regulation-driven,5.15193252320675,2.507044968641115,2.05498209551432
ENSG00000137275,RIPK1,neutral,726.6200828312236,76.97067738675958,9.440219412129224
ENSG00000137309,HMGA1,gene-driven,3.0959078987341773,0.7113908850174216,4.351908302365105
ENSG00000137310,TCF19,gene-driven,42.41028882700422,67.44221088850175,0.6288389462367814
ENSG00000137338,PGBD1,neutral,95.84627351898735,12.429651522648083,7.711099007429592
ENSG00000137364,TPMT,neutral,0.007502455696202531,0.10357002439024392,0.07243848536651737
ENSG00000137392,CLPS,neutral,0.5363073839662448,1.7376055261324042,0.3086473747352589
ENSG00000137393,RNF144B,neutral,8.826926118143458,1.3668225226480835,6.457989952522996
ENSG00000137411,VARS2,gene-driven,0.9403042405063291,1.3892955958188153,0.6768208603959028
ENSG00000137414,FAM8A1,neutral,1.5337154219409281,1.0452284599303137,1.4673494654395292
ENSG00000137434,C6orf52,gene-driven,0.006848303797468354,0.0016963344947735191,4.03711875138322
ENSG00000137460,FHDC1,neutral,0.13192933333333334,0.2361426968641115,0.5586847913795623
ENSG00000137473,TTC29,regulation-driven,0.21438716033755276,0.431146,0.49724956357603406
ENSG00000137494,ANKRD42,gene-driven,8.030825510548523,5.962429222996517,1.3469049627581993
ENSG00000137496,IL18BP,neutral,18.379225189873416,10.691049888501743,1.7191225727643764
ENSG00000137507,LRRC32,neutral,3.316408932489452,5.81409225783972,0.5704087216740683
ENSG00000137547,MRPL15,neutral,0.4531105527426161,0.11469034843205576,3.950729585681269
ENSG00000137558,PI15,neutral,0.25971038396624474,0.9981657386759581,0.2601876360841077
ENSG00000137561,TTPA,neutral,12.421982713080169,5.7741038675958185,2.1513265084807607
ENSG00000137563,GGH,gene-driven,3.5450115527426154,0.07275137282229965,48.727761624533954
ENSG00000137571,SLCO5A1,regulation-driven,2.004163105485232,1.7882757874564459,1.1207237270353323
ENSG00000137574,TGS1,neutral,25.30266677637131,23.908122344947735,1.0583293163429153
ENSG00000137628,DDX60,gene-driven,0.002432257383966245,0.007786714285714285,0.31235991134650076
ENSG00000137672,TRPC6,regulation-driven,0.002581299578059072,0.00295093031358885,0.874740947345435
ENSG00000137673,MMP7,neutral,0.001081831223628692,0.0020472090592334492,0.5284419872749927
ENSG00000137674,MMP20,neutral,0.003552894514767932,0.0032178327526132407,1.1041265310891573
ENSG00000137675,MMP27,neutral,0.6988408185654008,0.2967118675958188,2.3552843512055355
ENSG00000137700,SLC37A4,gene-driven,0.006169270042194092,0.011957902439024391,0.5159157363636615
ENSG00000137720,CFAP68,neutral,127.33332496624472,84.99001897909407,1.498215043316631
ENSG00000137726,FXYD6,neutral,6.3386148185654,5.571529651567944,1.13767945518904
ENSG00000137727,ARHGAP20,gene-driven,0.11369208016877637,0.07196577700348433,1.5798075821966293
ENSG00000137745,MMP13,neutral,0.6563118312236287,0.06999426480836238,9.376651544530796
ENSG00000137760,ALKBH8,neutral,4.542417995780591,4.760735794425087,0.9541420049186198
ENSG00000137767,SQOR,neutral,7.3566734894514765,2.3564467386759587,3.1219349746835556
ENSG00000137801,THBS1,regulation-driven,6.660196780590717,4.678247275261324,1.4236521476344328
ENSG00000137807,KIF23,regulation-driven,0.03154131223628693,0.07815936236933797,0.40355129929591943
ENSG00000137814,HAUS2,neutral,22.486667367088607,13.04141711498258,1.7242502995517939
ENSG00000137818,RPLP1,neutral,0.314982194092827,0.7539720592334495,0.41776374898171165
ENSG00000137819,PAQR5,neutral,8.91538824472574,4.627444871080139,1.9266330541166896
ENSG00000137824,RMDN3,gene-driven,1.008824776371308,29.783361498257847,0.033872092524892414
ENSG00000137825,ITPKA,neutral,1.5948649029535864,1.1474015400696862,1.389979747505589
ENSG00000137834,SMAD6,neutral,0.9650653164556963,1.242814588850174,0.7765159220962754
ENSG00000137880,GCHFR,neutral,1.378739417721519,1.940035494773519,0.7106774187564409
ENSG00000137941,TTLL7,regulation-driven,59.235601552742615,5.827618529616725,10.16463264568528
ENSG00000137947,GTF2B,neutral,0.005615772151898734,0.021266609756097562,0.26406522789973985
ENSG00000137960,GIPC2,neutral,0.9544934092827005,1.6315111777003484,0.5850363897770412
ENSG00000137962,ARHGAP29,neutral,2.440430603375527,2.77264068989547,0.8801827846894696
ENSG00000137968,SLC44A5,regulation-driven,164.2183333333333,54.26424797909407,3.0262712457859973
ENSG00000137976,DNASE2B,neutral,2.5610881434599153,2.9182272125435538,0.8776177990704319
ENSG00000137992,DBT,neutral,11.916277270042192,10.049372052264808,1.1857733207675045
ENSG00000137996,RTCA,neutral,4.211750189873417,3.758407257839721,1.1206210239957526
ENSG00000138032,PPM1B,regulation-driven,2.003417801687764,2.417054156794425,0.8288675684225302
ENSG00000138039,LHCGR,regulation-driven,15.860175261603377,7.909572954703833,2.0051873030858527
ENSG00000138050,THUMPD2,gene-driven,1.5757595147679326,2.5470626864111496,0.6186575317422603
ENSG00000138061,CYP1B1,neutral,0.012891856540084387,0.021823296167247385,0.5907382845050058
ENSG00000138071,ACTR2,gene-driven,11.09814545991561,12.142229087108014,0.9140121949847778
ENSG00000138074,SLC5A6,gene-driven,0.04378654430379746,0.1080135087108014,0.40538026054715864
ENSG00000138075,ABCG5,neutral,26.589886704641348,61.73914598606272,0.4306811550429265
ENSG00000138079,SLC3A1,regulation-driven,1.7845645400843881,1.7900211289198604,0.996951662331067
ENSG00000138081,FBXO11,neutral,4.557959147679325,1.2015822369337978,3.7932977099514575
ENSG00000138092,CENPO,neutral,19.08905023206751,16.368821400696866,1.1661835488812184
ENSG00000138100,TRIM54,regulation-driven,3.8320901645569623,6.131544275261324,0.6249796123984834
ENSG00000138107,ACTR1A,neutral,0.0009950464135021098,0.003619770034843206,0.27489216274072265
ENSG00000138115,CYP2C8,neutral,0.8421637848101265,0.8668495017421602,0.9715224881799882
ENSG00000138131,LOXL4,neutral,0.7806213502109703,2.0254253414634147,0.3854110710627103
ENSG00000138134,STAMBPL1,regulation-driven,0.6478337341772151,1.0554163031358885,0.6138181988020743
ENSG00000138152,BTBD16,neutral,7.000186679324894,0.3900466480836237,17.947049958558022
ENSG00000138160,KIF11,neutral,0.7007717594936709,0.5018540104529617,1.3963657655364168
ENSG00000138161,CUZD1,gene-driven,3.484724151898734,2.140236397212544,1.6281959116466098
ENSG00000138166,DUSP5,neutral,1.6664503248945148,2.381506205574913,0.6997463710123827
ENSG00000138172,CALHM2,neutral,67.69399794936709,46.391769059233454,1.4591812151619987
ENSG00000138175,ARL3,neutral,1.8371206244725735,0.05603872822299651,32.783053483335074
ENSG00000138190,EXOC6,regulation-driven,2.5489310042194093,1.2056599094076657,2.114137647217353
ENSG00000138207,RBP4,regulation-driven,6.859080202531646,2.1819365958188155,3.1435744813463007
ENSG00000138271,GPR87,neutral,11.723612679324896,37.257634634146335,0.31466336482295887
ENSG00000138308,PLA2G12B,neutral,1.0832201687763714,12.909069675958188,0.08391155954435332
ENSG00000138311,ZNF365,neutral,0.03655721518987341,0.02641794425087108,1.3838024201549297
ENSG00000138315,OIT3,regulation-driven,0.17848929957805906,0.327066700348432,0.5457275209855058
ENSG00000138316,ADAMTS14,regulation-driven,104.83192941772151,33.71278903135889,3.1095596783822654
ENSG00000138336,TET1,neutral,1.6899557594936707,0.3456200905923345,4.889634038916464
ENSG00000138376,BARD1,neutral,0.43082998734177214,2.860973038327527,0.1505886219723439
ENSG00000138379,MSTN,neutral,1.32813023628692,1.2435461602787456,1.0680184449198207
ENSG00000138380,CARF,neutral,25.350366548523205,14.568637428571428,1.7400643452631392
ENSG00000138395,CDK15,gene-driven,8.072554025316455,6.3056155226480834,1.2802166570927138
ENSG00000138399,FASTKD1,neutral,0.6014903670886076,1.2819018989547037,0.46921715895660854
ENSG00000138400,MDH1B,gene-driven,2.823963869198313,3.3121834146341462,0.8525988798570925
ENSG00000138435,CHRNA1,gene-driven,23.16737594092827,3.361330369337979,6.892323394409795
ENSG00000138439,FAM117B,neutral,5.560846476793249,3.5961016724738673,1.5463540754029277
ENSG00000138442,WDR12,neutral,43.29643120253165,33.32802243902439,1.299099917546715
ENSG00000138463,SLC49A4,neutral,5.049782805907173,2.0425530209059235,2.472289705198188
ENSG00000138472,GUCA1C,gene-driven,0.008402679324894516,0.04833042508710801,0.17385899895873053
ENSG00000138587,MNS1,neutral,3.306722253164557,4.8141484006968644,0.686875845515252
ENSG00000138604,GLCE,neutral,16.81485631223629,7.384481533101045,2.2770530655217236
ENSG00000138606,SHF,neutral,4.125034299578059,3.2567828885017427,1.266597879195978
ENSG00000138615,CILP,neutral,3.691923493670886,1.1758766480836238,3.139720054554847
ENSG00000138622,HCN4,regulation-driven,16.485783194092825,18.52652743554007,0.889847449904054
ENSG00000138623,SEMA7A,neutral,32.35595851898734,44.678338623693385,0.7241978890823985
ENSG00000138639,ARHGAP24,neutral,3.75436458649789,2.153270979094077,1.74356345436719
ENSG00000138646,HERC5,neutral,18.74649656540084,16.896991254355402,1.1094576710850048
ENSG00000138650,PCDH10,regulation-driven,0.7750465105485231,0.16727303135888502,4.633421802978255
ENSG00000138653,NDST4,regulation-driven,0.5128845105485232,0.20149718466898955,2.5453681220959323
ENSG00000138668,HNRNPD,gene-driven,1.3979649282700422,1.447006648083624,0.9661081586055383
ENSG00000138669,PRKG2,neutral,4.296367578059072,2.34532656445993,1.831884584076426
ENSG00000138674,SEC31A,gene-driven,0.18730037130801688,0.23985089895470385,0.7809033533928459
ENSG00000138675,FGF5,gene-driven,0.02787956962025316,0.8351380557491289,0.03338318668192512
ENSG00000138678,GPAT3,neutral,0.0006842278481012659,0.0024307560975609754,0.2814876608919427
ENSG00000138684,IL21,neutral,1.8164149240506329,3.642019494773519,0.4987383858480932
ENSG00000138685,FGF2,neutral,4.344963362869198,6.174824257839721,0.703657817848454
ENSG00000138686,BBS7,regulation-driven,7.152644164556963,7.49836294076655,0.9538940994266883
ENSG00000138696,BMPR1B,neutral,27.773889919831223,33.673512637630665,0.8247993079520156
ENSG00000138698,RAP1GDS1,regulation-driven,1.7137668902953587,1.5185326027874564,1.1285677285752873
ENSG00000138709,,neutral,0.5642017046413502,0.15953287456445991,3.536585836503449
ENSG00000138722,MMRN1,neutral,1.5770143375527428,1.440818843205575,1.094526452780251
ENSG00000138741,TRPC3,neutral,1.725594194092827,1.8599886480836236,0.9277444762207203
ENSG00000138755,CXCL9,neutral,2.06328782278481,1.9965468083623692,1.0334282242434294
ENSG00000138756,BMP2K,regulation-driven,39.41820614767933,35.66476831707317,1.1052421761789306
ENSG00000138758,SEPTIN11,neutral,1.3762071561181433,1.1483562369337978,1.1984148401481456
ENSG00000138767,CNOT6L,neutral,9.815105253164557,10.492796125435541,0.9354137005837561
ENSG00000138769,CDKL2,neutral,2.459170898734177,1.3395656236933797,1.8357972578856427
ENSG00000138792,ENPEP,regulation-driven,2.960287924050633,0.6545016062717771,4.522965101511752
ENSG00000138798,,regulation-driven,44.588247329113926,29.574452038327525,1.5076609795281757
ENSG00000138801,PAPSS1,neutral,12.055805734177214,7.1397633728223,1.6885441582094949
ENSG00000138813,C4orf17,neutral,34.51114610970464,85.39789966202092,0.404121720162783
ENSG00000138814,PPP3CA,neutral,1.0885920632911392,3.007326236933798,0.3619800372576283
ENSG00000138821,SLC39A8,gene-driven,0.28304164978902957,0.1645055087108014,1.720560314406329
ENSG00000138834,MAPK8IP3,gene-driven,1.5782733713080168,1.934400505226481,0.8158979317073903
ENSG00000139053,PDE6H,neutral,0.025898822784810125,0.033989595818815325,0.7619632467201489
ENSG00000139055,ERP27,neutral,1.3540662658227849,1.1637270662020907,1.1635600005780395
ENSG00000139131,YARS2,gene-driven,5.165536383966245,1.7170502299651569,3.0083781439935313
ENSG00000139133,ALG10,neutral,0.12817675949367088,0.17889271428571427,0.716500725060029
ENSG00000139151,PLCZ1,gene-driven,4.151918130801688,4.105230017421603,1.0113728373762132
ENSG00000139154,AEBP2,gene-driven,1.329284987341772,6.8533797804878045,0.19396050268896045
ENSG00000139155,SLCO1C1,gene-driven,2.9931190464135025,4.455919801393728,0.6717174410269483
ENSG00000139160,ETFBKMT,gene-driven,7.824092164556962,3.8215045052264807,2.0473853043628085
ENSG00000139163,ETNK1,gene-driven,10.782995940928272,11.540058958188155,0.9343969541227763
ENSG00000139168,ZCRB1,gene-driven,1.6496792067510548,2.153843243902439,0.765923523646078
ENSG00000139174,PRICKLE1,neutral,1.3092482953586497,1.589134801393728,0.8238749124431686
ENSG00000139190,VAMP1,gene-driven,0.5798688270042194,4.566550602787457,0.1269818025557985
ENSG00000139192,TAPBPL,neutral,1.3301360928270043,1.5140931114982576,0.8785034967306468
ENSG00000139197,PEX5,regulation-driven,25.91849794092827,36.36051614634147,0.7128198575788409
ENSG00000139200,PIANP,neutral,0.12208365822784811,0.038048728222996514,3.208613373680679
ENSG00000139209,SLC38A4,neutral,3.5124537974683543,1.7524905470383276,2.004264047760102
ENSG00000139211,AMIGO2,neutral,2.1043850253164558,1.8753497665505225,1.1221293557346455
ENSG00000139233,LLPH,gene-driven,306.9998241476793,138.29658734494774,2.2198655081917655
ENSG00000139266,MARCHF9,gene-driven,0.046488105485232065,0.17670046689895472,0.26308988482648465
ENSG00000139269,INHBE,neutral,1.8062299620253164,2.506186871080139,0.7207084127955914
ENSG00000139292,LGR5,regulation-driven,0.029701223628691983,0.021965738675958187,1.352161384911694
ENSG00000139318,DUSP6,gene-driven,0.9158522658227848,1.4922094564459931,0.6137558382749277
ENSG00000139323,POC1B,neutral,2.1287975358649787,2.4297295993031356,0.8761458626818118
ENSG00000139324,TMTC3,gene-driven,2.975335481012658,1.1043017595818816,2.6943138097861947
ENSG00000139329,LUM,neutral,0.2108950210970464,0.05849031707317073,3.6056399016134426
ENSG00000139330,KERA,neutral,8.96554317721519,3.43222543902439,2.6121661692955827
ENSG00000139350,NEDD1,neutral,0.7531070843881856,1.6680622891986063,0.4514861880547661
ENSG00000139351,SYCP3,gene-driven,15.879421746835442,4.9630907142857135,3.1995026206408568
ENSG00000139352,ASCL1,neutral,2.614109662447257,0.259982968641115,10.0549265827325
ENSG00000139364,TMEM132B,regulation-driven,2.3132218902953583,2.4951692404181185,0.9270801566581227
ENSG00000139370,SLC15A4,neutral,5.042149143459916,1.2528348466898955,4.0245920336441285
ENSG00000139405,RITA1,gene-driven,0.8713771983122363,3.3066622020905925,0.2635216859349346
ENSG00000139410,SDSL,neutral,4.24760112236287,5.644074010452962,0.7525771480842046
ENSG00000139428,MMAB,gene-driven,5.916814641350212,14.729974432055748,0.40168533004876694
ENSG00000139437,TCHP,neutral,2.718702253164557,6.0817811184669,0.44702402145144765
ENSG00000139496,NUP58,gene-driven,8.494600286919832,11.014486961672473,0.7712206947521763
ENSG00000139505,MTMR6,neutral,0.7175288734177214,2.577334337979094,0.27839960956727905
ENSG00000139508,SLC46A3,neutral,11.422838210970466,10.547697637630662,1.0829698198986664
ENSG00000139515,PDX1,regulation-driven,4.381830109704642,1.8502344634146342,2.3682566703562054
ENSG00000139517,LNX2,neutral,2.666756818565401,5.020589745644599,0.5311640571466397
ENSG00000139549,DHH,neutral,2.4610965443037975,2.7648695365853655,0.8901311659512405
ENSG00000139567,ACVRL1,gene-driven,0.07714881434599156,0.08464909756097562,0.911395591552747
ENSG00000139579,NABP2,gene-driven,1.4876839915611815,4.002849839721255,0.37165620773443225
ENSG00000139597,N4BP2L1,gene-driven,0.006528506329113925,0.010446815331010453,0.6249278964216615
ENSG00000139610,CELA1,gene-driven,25.954318219409284,17.6230538989547,1.4727480474283032
ENSG00000139636,LMBR1L,gene-driven,20.38820701687764,21.06073713240418,0.9680671141138844
ENSG00000139644,TMBIM6,gene-driven,5.946952215189875,8.351942721254355,0.7120441810569217
ENSG00000139645,ANKRD52,neutral,0.004132561181434599,0.013580634146341464,0.3042981010240884
ENSG00000139651,ZNF740,neutral,0.09948653164556961,0.1785904425087108,0.5570652619930494
ENSG00000139668,WDFY2,regulation-driven,4.752852898734177,2.9183412926829266,1.6286144840738361
ENSG00000139697,SBNO1,gene-driven,2.1580278607594936,1.6184612613240419,1.3333824616809422
ENSG00000139718,SETD1B,neutral,4.5271753628691975,3.5411496167247387,1.2784479202707195
ENSG00000139726,DENR,neutral,1.0466355400843883,0.35882679442508714,2.9168266036579276
ENSG00000139746,RBM26,neutral,16.25200587341772,7.185698557491289,2.261715509409249
ENSG00000139780,METTL21C,neutral,3.714936793248945,26.647079930313588,0.13941252861342046
ENSG00000139797,RNF113B,neutral,2.808811417721519,1.6468792020905925,1.7055357880261885
ENSG00000139835,GRTP1,neutral,8.38244393670886,5.830093867595819,1.4377888464711057
ENSG00000139842,CUL4A,gene-driven,0.012998586497890296,0.019335815331010458,0.6722543774527769
ENSG00000139865,TTC6,neutral,5.748308578059072,10.013193034843205,0.5740734806626131
ENSG00000139880,CDH24,neutral,2.784544299578059,0.8388077142857143,3.3196455542248255
ENSG00000139890,REM2,neutral,0.5700729873417721,32.21871376655053,0.017693846857835212
ENSG00000139908,TSSK4,gene-driven,10.636412978902953,9.461054069686412,1.1242312854951795
ENSG00000139910,NOVA1,gene-driven,0.1360739493670886,0.13668512195121948,0.995528609292612
ENSG00000139914,FITM1,gene-driven,1.9420389198312238,1.2371328850174217,1.5697900713421544
ENSG00000139970,RTN1,regulation-driven,7.435666426160338,3.183970738675958,2.3353438321020596
ENSG00000139973,SYT16,gene-driven,0.6384053375527428,0.772763787456446,0.826132574941245
ENSG00000139988,RDH12,neutral,11.902572198312237,5.803034470383276,2.05109451943788
ENSG00000139990,DCAF5,neutral,20.751698375527425,33.9403237804878,0.6114172189322932
ENSG00000140009,ESR2,regulation-driven,0.6005513755274262,1.6383787038327524,0.36655223491523803
ENSG00000140015,KCNH5,neutral,2.1580599029535863,3.978196547038327,0.5424719159640844
ENSG00000140025,EFCAB11,regulation-driven,0.05239125738396625,0.12081815679442508,0.4336372841137711
ENSG00000140043,PTGR2,neutral,0.9455866455696202,2.8919220731707322,0.3269751472012763
ENSG00000140093,SERPINA10,neutral,2.7974235021097047,2.8274696202090595,0.9893734956921896
ENSG00000140107,SLC25A47,neutral,4.7674038143459905,2.524514045296167,1.8884441634337175
ENSG00000140254,DUOXA1,gene-driven,17.12214794514768,11.487982801393727,1.4904399006473457
ENSG00000140259,MFAP1,neutral,11.497967810126584,5.079646846689895,2.2635368475702453
ENSG00000140265,ZSCAN29,gene-driven,0.007018308016877636,0.02097708362369338,0.33457024545349745
ENSG00000140274,DUOXA2,neutral,0.006525274261603375,0.012467898954703835,0.5233659885526701
ENSG00000140280,LYSMD2,neutral,0.47819345991561185,0.9626325331010452,0.49675597226612433
ENSG00000140284,SLC27A2,neutral,0.032406573839662445,0.029684829268292683,1.0916880655357835
ENSG00000140320,BAHD1,neutral,10.678365907172996,7.340094094076656,1.4547995938894398
ENSG00000140323,DISP2,neutral,3.7203100759493677,2.081209717770035,1.7875709709522156
ENSG00000140326,CDAN1,neutral,10.269779734177217,2.487235449477352,4.12899379362546
ENSG00000140451,PIF1,neutral,9.739264021097048,2.048129895470383,4.755198409356884
ENSG00000140465,CYP1A1,neutral,0.5279994599156118,0.601008944250871,0.8785218006592863
ENSG00000140474,ULK3,neutral,0.0003693839662447257,0.0004125156794425087,0.8954422453564116
ENSG00000140488,CELF6,neutral,6.092387814345991,7.92828468292683,0.7684370652665446
ENSG00000140497,SCAMP2,neutral,0.006610493670886076,0.002634693379790941,2.5090182112237325
ENSG00000140506,LMAN1L,neutral,1.6589259156118144,0.8526052055749129,1.9457140359507872
ENSG00000140527,WDR93,neutral,1.2471790928270041,0.15146233101045298,8.234252599353773
ENSG00000140545,MFGE8,neutral,7.416630097046413,5.53076163066202,1.3409780772198383
ENSG00000140564,FURIN,neutral,3.4810411898734177,3.6103957003484317,0.964171652857184
ENSG00000140575,,neutral,3.8101595991561177,3.154898498257839,1.2076964128196577
ENSG00000140986,RPL3L,neutral,3.36363146835443,3.0513169965156792,1.102353990816223
ENSG00000140987,ZSCAN32,neutral,140.7673490506329,35.16011951916377,4.003608377210114
ENSG00000140993,TIGD7,neutral,12.186824569620253,18.859656888501743,0.6461848506401118
ENSG00000141068,KSR1,gene-driven,16.89051745147679,13.864598121951222,1.21824789315276
ENSG00000141127,PRPSAP2,neutral,2.3329029367088605,1.8893177108013939,1.2347859353519268
ENSG00000141161,UNC45B,neutral,1.234938936708861,2.145847052264808,0.5755018445538604
ENSG00000141314,RHBDL3,gene-driven,0.021059632911392404,0.013366498257839721,1.57555348492568
ENSG00000141316,SPACA3,gene-driven,1.1411766540084392,2.2339336202090587,0.5108373157039663
ENSG00000142208,AKT1,neutral,0.0007496540084388185,0.0014971463414634148,0.5007219319028323
ENSG00000142224,IL19,gene-driven,5.054292742616035,6.3978948222996515,0.7899930966353907
ENSG00000142319,SLC6A3,neutral,4.291036139240507,4.933102759581881,0.8698452775802721
ENSG00000142606,MMEL1,neutral,0.07963826160337553,0.31537095121951214,0.2525225018202256
ENSG00000142611,PRDM16,regulation-driven,0.009178544303797467,0.05106425783972125,0.17974498586872187
ENSG00000142619,PADI3,neutral,0.06903759071729959,0.13144182229965157,0.5252330613608862
ENSG00000142623,PADI1,neutral,1.363283299578059,1.241254926829268,1.0983104841005604
ENSG00000142627,EPHA2,regulation-driven,0.7074347552742616,0.2273295156794425,3.111935347066044
ENSG00000142655,PEX14,neutral,76.61956358227847,19.36641099651568,3.9563119669443934
ENSG00000142677,IL22RA1,neutral,3.7035364725738398,4.9694205331010455,0.7452652573684961
ENSG00000142694,EVA1B,neutral,0.3160202362869199,0.16924944599303138,1.8671862376431743
ENSG00000142698,C1orf94,neutral,3.641991312236286,0.2789224146341463,13.057363342467012
ENSG00000142700,DMRTA2,neutral,2.6096353206751055,0.32889797909407664,7.934482686282046
ENSG00000142748,FCN3,neutral,5.094929151898733,5.2180646411149825,0.9764020766921856
ENSG00000142751,GPN2,neutral,0.05801992827004219,0.4783700522648082,0.12128670679811802
ENSG00000142784,WDTC1,gene-driven,0.0019325189873417722,0.0037032961672473865,0.5218375468949299
ENSG00000142789,CELA3A,gene-driven,0.8323093966244726,0.53494706271777,1.5558724491278988
ENSG00000142856,ITGB3BP,gene-driven,29.31071142616034,12.42302279790941,2.359386431383902
ENSG00000142864,SERBP1,neutral,3.9759945864978903,1.5751075644599304,2.524268612639906
ENSG00000142867,BCL10,gene-driven,14.474939383966243,7.933875411149827,1.8244475283319888
ENSG00000142871,CCN1,neutral,52.454597362869194,66.55909164111497,0.788090643509727
ENSG00000142910,TINAGL1,neutral,1.8404464725738394,4.461013735191638,0.4125623864493161
ENSG00000142920,AZIN2,neutral,242.10952804219409,68.05051713240418,3.557791156401173
ENSG00000142937,RPS8,gene-driven,4.953535670886076,0.21412859581881533,23.133461702973594
ENSG00000142945,KIF2C,neutral,20.106026607594934,13.47963931358885,1.4915849111278527
ENSG00000142959,BEST4,neutral,0.5959430379746835,1.342627993031359,0.4438631110536993
ENSG00000142961,MOB3C,neutral,0.00499637552742616,0.027864519163763063,0.1793095907401765
ENSG00000143001,TMEM61,neutral,0.007965362869198312,0.0025317421602787456,3.1461982954541168
ENSG00000143006,DMRTB1,neutral,73.1174504135021,67.72623278745645,1.07960309327945
ENSG00000143013,LMO4,neutral,0.045016784810126595,0.3947319268292683,0.1140439415978569
ENSG00000143028,SYPL2,neutral,1.052885611814346,2.1411470905923347,0.4917390385931271
ENSG00000143032,BARHL2,neutral,6.1541544430379735,2.2129278222996516,2.7810009802500653
ENSG00000143033,MTF2,gene-driven,0.8936380379746837,1.8138157979094074,0.49268400848900157
ENSG00000143093,STRIP1,neutral,0.0017263544303797469,0.009599128919860627,0.17984490517758484
ENSG00000143106,PSMA5,neutral,0.026015181434599154,0.055435261324041814,0.4692894163974399
ENSG00000143110,C1orf162,gene-driven,1.4000282742616035,2.8876444250871076,0.4848340266892004
ENSG00000143119,CD53,gene-driven,0.10102450632911393,0.19600309407665506,0.5154230182182948
ENSG00000143125,PROK1,gene-driven,22.481259628691987,23.43801104878049,0.9591794961570221
ENSG00000143147,GPR161,regulation-driven,17.04569269198312,21.403304770034843,0.7964047082975482
ENSG00000143149,ALDH9A1,neutral,62.23284733333333,266.83759027526133,0.23322368962010137
ENSG00000143153,ATP1B1,neutral,26.062898092827005,15.001420623693383,1.7373619970140044
ENSG00000143155,TIPRL,neutral,7.198113649789031,17.88088210801394,0.40255920296923975
ENSG00000143156,NME7,neutral,15.000963966244726,8.395614320557492,1.7867619203890037
ENSG00000143158,MPC2,gene-driven,15.747900021097045,18.026436435540074,0.873600285747505
ENSG00000143162,CREG1,gene-driven,9.42620428691983,17.107491055749126,0.5509986389121665
ENSG00000143171,RXRG,regulation-driven,0.2982529957805908,0.18618588850174214,1.6019097804923064
ENSG00000143179,UCK2,gene-driven (relaxed),19.391378569620255,16.953687418118466,1.143785307077009
ENSG00000143185,XCL2,neutral,2.8145371181434595,1.4893880905923345,1.88972715434035
ENSG00000143194,MAEL,neutral,1.9700766793248947,2.371718038327526,0.830653832997004
ENSG00000143196,DPT,neutral,13.411713603375528,23.38116017770035,0.5736119808189362
ENSG00000143198,MGST3,neutral,0.022926451476793248,0.057093881533101055,0.40155706463049434
ENSG00000143217,NECTIN4,neutral,33.82461270464135,31.464072494773518,1.0750233527544772
ENSG00000143222,UFC1,neutral,3.764854481012658,3.3090075540069686,1.137759409601133
ENSG00000143256,PFDN2,neutral,3.6984704978902947,4.304776578397213,0.8591550410421851
ENSG00000143257,NR1I3,neutral,8.434072324894515,5.700315289198606,1.4795799700546461
ENSG00000143278,F13B,gene-driven,19.82629315189873,11.492630216027875,1.725131043044311
ENSG00000143297,FCRL5,regulation-driven,3.393592831223629,3.7592426306620212,0.9027331206408458
ENSG00000143318,CASQ1,neutral,5.483530210970464,3.052107651567944,1.7966372215453927
ENSG00000143319,ISG20L2,neutral,6.030477991561181,3.9615216864111495,1.5222630264140635
ENSG00000143321,HDGF,gene-driven (relaxed),4.953410679324896,2.7502137735191634,1.801100237014132
ENSG00000143324,XPR1,neutral,5.542358109704641,19.706150236933798,0.28125017028019017
ENSG00000143340,FAM163A,neutral,0.16996,0.12788491637630664,1.3290073983384068
ENSG00000143344,RGL1,regulation-driven,3.1221731645569624,4.7108651846689895,0.662760032852934
ENSG00000143353,LYPLAL1,neutral,3.6794842194092823,0.3407924181184669,10.796848825815758
ENSG00000143367,TUFT1,neutral,19.809564544303797,9.493049703832751,2.086744003489819
ENSG00000143374,TARS2,neutral,0.40439970464135017,0.729910306620209,0.5540402717614586
ENSG00000143376,SNX27,gene-driven (relaxed),8.242522780590717,2.4095783972125435,3.4207323530646936
ENSG00000143384,MCL1,gene-driven (relaxed),2.4006476329113924,2.8139039268292683,0.8531377386492591
ENSG00000143412,ANXA9,neutral,2.2638948649789032,9.87963419163763,0.2291476405973736
ENSG00000143420,ENSA,neutral,1.4800638565400848,2.2268431637630663,0.6646466534441408
ENSG00000143437,ARNT,neutral,14.95641770464135,6.421742135888501,2.3290280718461154
ENSG00000143443,C1orf56,neutral,1.4307833881856538,1.2112732160278745,1.1812226748293986
ENSG00000143452,HORMAD1,neutral,3.6946412025316455,4.262924790940767,0.8666916222362653
ENSG00000143458,GABPB2,neutral,0.3439198270042194,0.6349345958188153,0.5416618172470165
ENSG00000143473,,neutral,2.8610856962025317,0.14927258885017422,19.166852522898363
ENSG00000143476,DTL,regulation-driven,2.216560805907173,0.945231961672474,2.344991383898229
ENSG00000143494,VASH2,regulation-driven,3.392064654008439,0.7404698257839722,4.58096270218316
ENSG00000143507,DUSP10,neutral,0.03846458227848101,0.06582736933797909,0.5843250712479692
ENSG00000143515,ATP8B2,regulation-driven,0.0029488565400843884,0.0053915540069686425,0.5469399984258637
ENSG00000143537,,gene-driven,37.90036401687764,51.563242466898956,0.7350267788378085
ENSG00000143543,JTB,gene-driven,3.25957017721519,3.1473435017421605,1.0356575872353648
ENSG00000143545,RAB13,neutral,1.7816020590717299,3.206863714285714,0.5555590189677138
ENSG00000143546,S100A8,neutral,17.159567270042192,19.02915887804878,0.9017512219017064
ENSG00000143553,SNAPIN,neutral,2.900153459915612,1.3012197351916377,2.228796091452218
ENSG00000143590,EFNA3,neutral,0.010594742616033754,0.019571059233449477,0.5413474298788062
ENSG00000143595,AQP10,neutral,1.4514617257383968,1.4078457351916378,1.0309806603497094
ENSG00000143603,KCNN3,regulation-driven,50.0613624978903,72.10737285365855,0.6942613565951088
ENSG00000143612,C1orf43,neutral,18.957167810126577,8.420543299651568,2.2512998431955102
ENSG00000143627,PKLR,gene-driven,10.170169248945147,2.1415783588850172,4.748912971944722
ENSG00000143630,HCN3,neutral,0.6875507426160338,0.17139057839721253,4.011601740572782
ENSG00000143633,C1orf131,neutral,13.767548151898733,7.356957278745645,1.871364428290671
ENSG00000143641,GALNT2,neutral,7.049811016877636,3.232048888501742,2.181220414690468
ENSG00000143653,SCCPDH,neutral,1.8542338270042191,1.5849726271777,1.1698838170511388
ENSG00000143674,MAP3K21,neutral,24.451633822784814,4.062116609756097,6.019431781957873
ENSG00000143748,NVL,neutral,5.218054345991561,3.237079344947735,1.611963683910198
ENSG00000143751,SDE2,neutral,15.123718594936708,20.41897832404181,0.7406697022215685
ENSG00000143756,FBXO28,neutral,103.27305402953586,104.73335274912893,0.9860569848929504
ENSG00000143761,ARF1,gene-driven,0.04345181012658229,0.0874988606271777,0.4965985821429757
ENSG00000143771,CNIH4,neutral,3.8487752827004216,13.337361477351916,0.2885709657967958
ENSG00000143772,ITPKB,neutral,29.901979814345996,75.2134438466899,0.3975616363917096
ENSG00000143774,GUK1,gene-driven,6.591812025316456,8.394690811846688,0.7852358321540576
ENSG00000143786,CNIH3,regulation-driven,3.136607957805907,2.447594487804878,1.2815063824641026
ENSG00000143799,PARP1,neutral,4.719723156118143,6.6261043972125435,0.7122923022618882
ENSG00000143815,LBR,neutral,1.013159270042194,0.4680023832752613,2.164859210655541
ENSG00000143816,WNT9A,neutral,11.16517706329114,36.55151068641114,0.30546417517681557
ENSG00000143819,EPHX1,regulation-driven,0.009832350210970465,0.11662820209059233,0.08430508260200283
ENSG00000143839,REN,neutral,0.8183968987341772,1.95688849825784,0.4182133521980285
ENSG00000143858,SYT2,neutral,84.41481753586497,51.92037855052264,1.6258513495567577
ENSG00000143862,ARL8A,neutral,0.3049303122362869,0.10621289198606271,2.8709350299613345
ENSG00000143867,OSR1,neutral,0.014719059071729957,0.14949839721254354,0.0984563001756046
ENSG00000143869,GDF7,neutral,32.21782181012658,22.839476742160276,1.4106199618248896
ENSG00000143882,ATP6V1C2,regulation-driven,10.462518902953585,6.067866787456446,1.724249933202523
ENSG00000143889,HNRNPLL,neutral,1.0046071983122362,1.4213114076655051,0.7068170936320683
ENSG00000143891,GALM,neutral,0.9197416160337553,1.7206520034843207,0.5345308721178241
ENSG00000143924,EML4,regulation-driven,69.98239598312237,143.1070857804878,0.489021180198362
ENSG00000143942,CHAC2,neutral,50.12660323628691,28.797827080139378,1.7406383855557308
ENSG00000143971,ETAA1,neutral,5.525361405063291,3.288366574912892,1.6802753826828618
ENSG00000143994,ABHD1,neutral,2.5580275274261597,1.433180857142857,1.7848602391506683
ENSG00000143995,MEIS1,neutral,0.0015415696202531646,0.004425425087108014,0.3483438517000341
ENSG00000144021,CIAO1,neutral,2.2440193080168775,1.4629873205574913,1.5338610775941404
ENSG00000144029,MRPS5,neutral,0.9896706244725739,0.21173431010452962,4.674115517622016
ENSG00000144031,ANKRD53,neutral,6.635178953586498,3.456733087108014,1.9194941542731747
ENSG00000144034,TPRKB,neutral,0.13082615189873417,0.09353842160278744,1.3986354447404483
ENSG00000144036,EXOC6B,regulation-driven,4.767303485232068,25.595112585365854,0.1862583518369753
ENSG00000144043,TEX261,neutral,0.025135367088607592,0.08721716376306621,0.2881928969496214
ENSG00000144045,DQX1,neutral,3.9927923797468354,2.897966411149826,1.3777911173796578
ENSG00000144048,DUSP11,gene-driven,19.263678789029537,4.454643275261324,4.324404357136648
ENSG00000144057,ST6GAL2,gene-driven,0.20970864556962024,0.34575143554006965,0.6065300791652586
ENSG00000144063,MALL,neutral,0.6442212447257384,2.6876307177700354,0.23969857185597943
ENSG00000144120,TMEM177,neutral,0.20090820675105486,0.021714160278745644,9.25240507447616
ENSG00000144152,FBLN7,neutral,3.9498074472573848,2.8739131951219514,1.3743656050438848
ENSG00000144161,ZC3H8,neutral,1.0316666413502107,1.0726137839721253,0.9618248961240473
ENSG00000144191,CNGA3,regulation-driven,1.1524070759493668,2.7661583658536584,0.4166092188267481
ENSG00000144214,LYG1,gene-driven,22.787141008438816,4.62964643902439,4.922004586864471
ENSG00000144227,NXPH2,neutral,2.431851430379747,2.904376613240418,0.8373058160892316
ENSG00000144228,SPOPL,gene-driven,1.8495920886075952,0.3259626236933798,5.674245923199567
ENSG00000144229,THSD7B,regulation-driven,4.380817713080169,19.275261045296165,0.22727669953654095
ENSG00000144233,AMMECR1L,regulation-driven,3.4348379071729953,4.9786066027874565,0.689919525927169
ENSG00000144278,GALNT13,regulation-driven,8.451195455696203,27.298894463414634,0.3095801358191375
ENSG00000144320,LNPK,regulation-driven,1.2867994852320677,4.9918857003484325,0.2577782350149262
ENSG00000144331,ZNF385B,regulation-driven,5.68640352742616,8.092108871080141,0.7027097160974225
ENSG00000144339,TMEFF2,regulation-driven,8.0494678185654,0.22719430662020904,35.42988351385649
ENSG00000144354,CDCA7,neutral,13.36363642194093,3.2457857526132408,4.11722690297153
ENSG00000144357,UBR3,neutral,1.9311712616033756,1.1921523519163764,1.6199030757260442
ENSG00000144369,FAM171B,regulation-driven,28.370912168776368,20.5648761358885,1.379580989513731
ENSG00000144401,METTL21A,gene-driven,0.5194319620253165,4.513817418118467,0.11507597979934149
ENSG00000144410,CPO,neutral,3.45314311814346,1.7218619825783972,2.005470329841746
ENSG00000144445,KANSL1L,neutral,1.9457927510548525,2.105588578397212,0.9241087128882524
ENSG00000144451,SPAG16,neutral,0.0949700210970464,0.02935663763066202,3.23504422719901
ENSG00000144452,ABCA12,regulation-driven,0.9247187383966246,1.5704293275261323,0.5888318068112728
ENSG00000144455,SUMF1,neutral,3.0047077172995786,0.9473235644599304,3.1717861035290134
ENSG00000144481,TRPM8,gene-driven,53.507295113924044,12.386130045296166,4.319936486880687
ENSG00000144535,DIS3L2,neutral,0.9499738902953586,14.435077045296167,0.0658101018314217
ENSG00000144550,CPNE9,gene-driven (relaxed),1.2213261729957805,0.1953053031358885,6.25342043142583
ENSG00000144560,VGLL4,neutral,16.282903029535866,18.39662801045296,0.8851025862067724
ENSG00000144583,MARCHF4,neutral,3.0818168607594933,2.543299668989547,1.2117395752990048
ENSG00000144597,EAF1,neutral,3.5898618270042193,3.5350716864111495,1.0154990182529207
ENSG00000144619,CNTN4,dual-driven,13.418593362869201,9.019609139372822,1.4877133981664157
ENSG00000144642,RBMS3,regulation-driven,0.40484308016877635,0.03382355400696864,11.969264970953876
ENSG00000144644,GADL1,regulation-driven,2.088490540084388,1.1292772996515679,1.8494045180300533
ENSG00000144647,POMGNT2,neutral,0.07853951476793247,0.09216297909407666,0.852180729615545
ENSG00000144655,CSRNP1,gene-driven,11.134422556962027,10.532002902439023,1.057198963967575
ENSG00000144677,CTDSPL,neutral,1.4664753417721519,0.5634095714285714,2.602858410895972
ENSG00000144681,STAC,neutral,11.314089540084387,39.548812515679444,0.2860791214805457
ENSG00000144712,CAND2,regulation-driven,146.7411600295359,58.021011822299656,2.529103775007553
ENSG00000144724,PTPRG,regulation-driven,17.012648497890297,2.1246075331010457,8.00743112920196
ENSG00000144744,UBA3,gene-driven,44.96749517721519,66.52632712891987,0.6759353344439667
ENSG00000144746,ARL6IP5,neutral,5.1773254135021105,3.3980643240418122,1.5236101850314487
ENSG00000144747,TMF1,regulation-driven,12.018866721518988,17.706402358885015,0.6787864907795885
ENSG00000144771,LRTM1,neutral,28.648268308016878,27.682428188153313,1.034890007238487
ENSG00000144791,LIMD1,gene-driven,2.0440493502109707,0.8098275296167248,2.5240551542849854
ENSG00000144810,COL8A1,gene-driven,3.5992097552742615,5.420325198606272,0.6640209993672938
ENSG00000144820,ADGRG7,neutral,0.08607667088607596,0.44344197909407673,0.1941103344837244
ENSG00000144821,MYH15,regulation-driven,0.37173376371308026,0.5113716655052265,0.7269346129019754
ENSG00000144827,ABHD10,neutral,102.12452113502108,179.61552987456443,0.5685728912546724
ENSG00000144837,PLA1A,neutral,4.226061742616033,5.184911268292684,0.8150692507429571
ENSG00000144847,IGSF11,neutral,5.913584717299579,6.162352177700349,0.9596310867624569
ENSG00000144848,ATG3,neutral,0.03193061603375527,0.035361334494773515,0.9029810806058434
ENSG00000144891,AGTR1,gene-driven,0.5384393080168777,1.4697218989547036,0.36635455210936624
ENSG00000145014,TMEM44,gene-driven,10.350042864978901,7.990157435540071,1.2953490526910152
ENSG00000145029,NICN1,neutral,0.013022548523206749,0.026260878048780488,0.4958915882026837
ENSG00000145041,DCAF1,regulation-driven,12.138528160337552,8.658117519163763,1.4019823747448903
ENSG00000145192,AHSG,neutral,3.576768092827004,9.723100630662023,0.36786291006261757
ENSG00000145194,ECE2,neutral,0.6035902109704642,6.764523689895471,0.08922878219379718
ENSG00000145198,VWA5B2,neutral,2.855886329113924,5.796907473867596,0.49265687644459266
ENSG00000145220,LYAR,neutral,1.2697841265822785,0.8738590557491288,1.4530765782288964
ENSG00000145241,CENPC,gene-driven,21.925546147679324,6.75607493728223,3.245308311588877
ENSG00000145248,SLC10A4,neutral,0.021640012658227847,0.05025643902439024,0.4305918421264509
ENSG00000145283,SLC10A6,neutral,105.16615680168775,110.48387709407666,0.9518688117012685
ENSG00000145284,SCD5,neutral,0.0244571223628692,0.04200857142857143,0.5821936221862355
ENSG00000145287,PLAC8,neutral,44.90338441350211,53.13233620905923,0.8451234712665606
ENSG00000145293,ENOPH1,neutral,0.004976210970464134,0.0021415052264808364,2.3236977939304904
ENSG00000145332,KLHL8,regulation-driven,21.388120556962022,60.113186299651574,0.35579748593506166
ENSG00000145354,CISD2,neutral,0.39049087763713075,1.7725602020905924,0.22029766728180974
ENSG00000145358,DDIT4L,neutral,34.79527748945148,33.344670466898954,1.0435034145559343
ENSG00000145384,FABP2,neutral,9.485823881856541,0.8519108571428571,11.134761110652052
ENSG00000145386,CCNA2,neutral,6.254436548523208,2.8274428153310103,2.21204705347542
ENSG00000145390,USP53,regulation-driven,7.24290758649789,7.973294191637629,0.908395879095272
ENSG00000145391,SETD7,neutral,1.7542509873417722,1.61233593728223,1.08801828873129
ENSG00000145414,NAF1,neutral,4.529933729957806,2.6856712857142857,1.6867044578588541
ENSG00000145416,MARCHF1,neutral,12.712528582278482,3.4182451742160285,3.7190218765375977
ENSG00000145423,SFRP2,neutral,53.123906898734184,16.827283027874564,3.157010362916812
ENSG00000145428,RNF175,gene-driven,5.668882489451477,1.7025282439024392,3.329684843558063
ENSG00000145439,CBR4,neutral,0.3304854599156118,2.2263306480836236,0.14844401490860595
ENSG00000145451,GLRA3,regulation-driven,0.5896988227848101,1.8400424703832752,0.3204810933858378
ENSG00000145476,CYP4V2,neutral,0.7595014092827003,0.6772597456445993,1.121432971864916
ENSG00000145494,NDUFS6,neutral,31.78468921940928,17.73262167944251,1.792441625045065
ENSG00000145506,NKD2,neutral,2.2112074683544307,5.666634888501742,0.39021527094347064
ENSG00000145526,CDH18,gene-driven,0.4716886286919831,0.48174670731707314,0.9791216453121078
ENSG00000145536,ADAMTS16,regulation-driven,18.663924898734173,7.454292355400697,2.5037822517401005
ENSG00000145545,SRD5A1,gene-driven,7.400258945147678,11.099593083623693,0.6667144362315406
ENSG00000145569,OTULINL,neutral,57.82842469620253,21.590690905923346,2.6783962101156042
ENSG00000145604,SKP2,gene-driven,0.7892067848101266,0.9073382334494773,0.8698043967680675
ENSG00000145632,PLK2,gene-driven,0.12374035021097048,0.09339941463414635,1.324851453252381
ENSG00000145642,SHISAL2B,gene-driven,0.09553571729957805,0.2747834529616725,0.34767638396662703
ENSG00000145649,GZMA,gene-driven,11.963306383966245,20.92213197560976,0.571801496994313
ENSG00000145685,LHFPL2,gene-driven,28.621299565400843,5.494124198606272,5.2094380343024245
ENSG00000145692,BHMT,regulation-driven,0.09128422362869197,0.05033069337979094,1.8136889738408597
ENSG00000145700,ANKRD31,gene-driven,2.8423728987341774,0.2556965052264808,11.116197682156711
ENSG00000145708,CRHBP,gene-driven,11.184938185654008,8.866309588850173,1.2615099973183461
ENSG00000145723,GIN1,neutral,8.25973028270042,2.4611982055749126,3.355979320962907
ENSG00000145736,GTF2H2,neutral,4.518292573839662,3.351543641114982,1.3481228525302833
ENSG00000145757,SPATA9,gene-driven,0.016442987341772155,0.051042299651567945,0.32214432841031
ENSG00000145780,FEM1C,neutral,5.627775050632911,6.697557505226481,0.8402727481236617
ENSG00000145781,COMMD10,neutral,5.427171016877636,4.222229428571429,1.2853804154157236
ENSG00000145794,MEGF10,neutral,0.19695143037974683,0.3480586480836237,0.565857022844115
ENSG00000145824,CXCL14,neutral,0.06933308016877636,0.07715944250871079,0.8985689620677225
ENSG00000145826,LECT2,gene-driven,0.39547437552742615,2.8977531149825784,0.13647621444444683
ENSG00000145832,SLC25A48,regulation-driven,8.449007611814347,4.1773840418118455,2.0225594599987464
ENSG00000145839,IL9,neutral,0.08688467088607596,0.03177045993031359,2.7347627663134797
ENSG00000145850,TIMD4,neutral,27.629512438818566,13.232153069686415,2.0880587077030652
ENSG00000145860,RNF145,regulation-driven,0.79908994092827,1.1017852787456448,0.7252683043995778
ENSG00000145861,C1QTNF2,neutral,0.09021410548523207,6.7507256306620205,0.013363616064542247
ENSG00000145863,GABRA6,regulation-driven,4.411072151898734,22.030296916376304,0.2002275397668266
ENSG00000145868,FBXO38,neutral,0.006780805907172995,0.008772770034843206,0.7729378383613571
ENSG00000145879,SPINK7,gene-driven,2.6122015822784803,3.29253987456446,0.7933697637068176
ENSG00000145882,PCYOX1L,neutral,0.7475340337552742,3.005439707317073,0.24872701053869772
ENSG00000145888,GLRA1,neutral,8.218569139240506,6.978857979094077,1.1776381126912336
ENSG00000145901,TNIP1,neutral,7.473404729957807,3.906286069686411,1.9131739449276322
ENSG00000145908,ZNF300,gene-driven,2.722188101265823,2.8135000313588847,0.9675450758573622
ENSG00000145911,N4BP3,neutral,33.3672926835443,30.219632142857147,1.1041594591822703
ENSG00000145936,KCNMB1,neutral,11.997369506329115,11.816894090592335,1.0152726608492209
ENSG00000145949,MYLK4,neutral,0.11945784388185653,0.1818536655052265,0.6568899425259223
ENSG00000145990,GFOD1,neutral,7.290359299578059,2.034583613240418,3.5832193143278737
ENSG00000145996,CDKAL1,regulation-driven,1.9778047046413503,0.3889386550522648,5.085132781095201
ENSG00000146007,ZMAT2,gene-driven,0.20224627004219406,0.3172509825783972,0.6374961186833082
ENSG00000146013,GFRA3,neutral,0.9839691940928269,2.9483011916376305,0.33374106990279456
ENSG00000146039,SLC17A4,neutral,0.0023655021097046414,0.004552243902439025,0.519634307915101
ENSG00000146047,H2BC1,neutral,0.08916084810126583,0.11721775609756097,0.7606428502782188
ENSG00000146054,TRIM7,neutral,2.3878620886075947,4.967145947735192,0.4807312113903878
ENSG00000146066,HIGD2A,neutral,7.282539898734177,4.006407418118467,1.8177232464676003
ENSG00000146070,PLA2G7,neutral,17.960078067510555,20.132604825783975,0.8920891371447847
ENSG00000146072,TNFRSF21,neutral,11.82601081012658,9.60684093728223,1.2309989191381523
ENSG00000146085,MMUT,neutral,10.551420421940929,5.387402588850174,1.9585357225350601
ENSG00000146090,RASGEF1C,neutral,0.6850497721518988,0.6446809233449476,1.062618339313495
ENSG00000146094,DOK3,gene-driven,7.308601130801688,4.842748432055749,1.509184553635627
ENSG00000146109,ABT1,neutral,23.885377708860755,3.192876818815331,7.480832823899252
ENSG00000146112,PPP1R18,neutral,3.7564888945147676,32.060905529616726,0.11716727373918547
ENSG00000146122,DAAM2,regulation-driven,2.511238700421941,0.47633652961672474,5.271984289012145
ENSG00000146151,HMGCLL1,regulation-driven,0.015450928270042194,0.007780637630662021,1.9858177444420506
ENSG00000146192,FGD2,neutral,1.733670189873418,0.40739860627177704,4.255464214123699
ENSG00000146197,SCUBE3,regulation-driven,0.07083132067510547,0.16173169686411148,0.4379557133727387
ENSG00000146205,ANO7,regulation-driven,0.7614362194092827,0.8732098397212543,0.8719968382998846
ENSG00000146216,TTBK1,regulation-driven,14.957167827004222,20.737316951219515,0.721268226848634
ENSG00000146221,TCTE1,neutral,12.846094924050634,9.413587630662022,1.3646332756502122
ENSG00000146232,NFKBIE,neutral,0.5430592573839662,0.3735321602787456,1.4538487314685629
ENSG00000146233,CYP39A1,neutral,1.4420060379746837,2.3043664146341465,0.6257711572330932
ENSG00000146263,MMS22L,neutral,13.999094810126582,9.195280365853659,1.5224217482385545
ENSG00000146267,FAXC,neutral,0.01683328270042194,0.0600049337979094,0.2805316435664232
ENSG00000146282,,gene-driven,0.11964571729957807,0.052093853658536596,2.296733854320485
ENSG00000146352,CLVS2,neutral,0.9898369873417722,2.2547549163763065,0.438999813306793
ENSG00000146373,RNF217,gene-driven,10.60451046413502,1.965261794425087,5.3959785379317555
ENSG00000146374,RSPO3,neutral,1.4185284472573838,1.012406707317073,1.4011448531554607
ENSG00000146376,ARHGAP18,neutral,0.00048313080168776366,0.002924975609756098,0.16517430096726518
ENSG00000146386,ABRACL,neutral,0.0,0.004689595818815331,0.0
ENSG00000146411,SLC2A12,neutral,1.64346711814346,1.0166261254355402,1.6165894983658522
ENSG00000146433,TMEM181,neutral,0.0700446329113924,0.8933232508710802,0.07840905612060564
ENSG00000146453,PNLDC1,neutral,13.756246278481012,7.430038303135888,1.8514367917423944
ENSG00000146457,WTAP,neutral,18.503174122362868,8.108133104529617,2.282051106441019
ENSG00000146476,ARMT1,neutral,0.27405467510548526,0.5547124982578397,0.49404813478368753
ENSG00000146477,SLC22A3,neutral,0.3715858312236287,0.05254705574912892,7.071487182795937
ENSG00000146535,GNA12,neutral,10.171618683544306,14.20321694076655,0.7161489348479487
ENSG00000146574,CCZ1B,gene-driven,14.838885126582278,7.201685968641114,2.060473782277711
ENSG00000146587,RBAK,neutral,1.9457458691983123,1.5300848571428574,1.2716587972980942
ENSG00000146674,IGFBP3,gene-driven,5.0784166877637125,11.331302344947737,0.44817590539608315
ENSG00000146700,SSC4D,neutral,57.09197835443038,53.872134519163765,1.0597682617183328
ENSG00000146701,MDH2,neutral,4.1204721054852325,3.7190628013937284,1.1079329189980538
ENSG00000146731,CCT6A,neutral,4.441968485232066,4.570583069686411,0.971860355124632
ENSG00000146755,TRIM50,gene-driven,8.754363898734177,2.425505299651568,3.609294896198236
ENSG00000146828,SLC12A9,neutral,6.799890683544303,4.621517418118467,1.4713545505390966
ENSG00000146830,GIGYF1,gene-driven,3.2157129662447255,2.3770006097560974,1.3528448217666582
ENSG00000146834,MEPCE,neutral,0.0044957594936708865,0.002112031358885017,2.1286423966944725
ENSG00000146842,TMEM209,neutral,0.31453048945147677,0.34086338327526133,0.9227464869627264
ENSG00000146857,STRA8,dual-driven,2.5359744430379747,0.640987606271777,3.9563548783542757
ENSG00000146858,ZC3HAV1L,neutral,2.039603603375528,4.170265613240418,0.4890824212491099
ENSG00000146904,EPHA1,neutral,1.6878524936708859,1.5238102299651568,1.1076526856690547
ENSG00000146910,CNPY1,neutral,3.332536789029536,1.0795417735191637,3.0869919726829154
ENSG00000146926,ASB10,regulation-driven,6.722781675105485,7.087347923344948,0.9485609776488294
ENSG00000146955,RAB19,gene-driven,16.6555261814346,10.758798958188153,1.5480841538319339
ENSG00000146963,LUC7L2,gene-driven,8.635276746835444,8.275229167247387,1.043509076584017
ENSG00000147324,MFHAS1,neutral,6.0685746160337555,4.884315550522649,1.2424616209295454
ENSG00000147416,ATP6V1B2,gene-driven,5.015514316455696,11.224986595818814,0.4468169537346192
ENSG00000147419,CCDC25,neutral,2.1827188396624475,2.2507149651567944,0.9697890996652213
ENSG00000147434,CHRNA6,neutral,0.47029516033755275,0.44303929616724735,1.0615201956262055
ENSG00000147439,BIN3,neutral,0.0852150042194093,0.19690860975609756,0.4327642367947321
ENSG00000147443,DOK2,neutral,2.220673987341772,3.253569334494774,0.6825347054380836
ENSG00000147454,SLC25A37,neutral,15.178095670886075,8.25647957142857,1.8383253467264253
ENSG00000147475,ERLIN2,gene-driven,1.1295234683544304,2.0745584843205576,0.5444645098662344
ENSG00000147509,RGS20,neutral,2.4720831139240507,13.797543358885017,0.1791683526279435
ENSG00000147533,GOLGA7,gene-driven,8.273750084388185,2.3698147595818813,3.4913066732051097
ENSG00000147536,GINS4,gene-driven,11.409037164556961,4.647275055749129,2.4549950299246603
ENSG00000147571,CRH,neutral,0.016591919831223625,0.07041339721254355,0.2356358376111402
ENSG00000147573,TRIM55,regulation-driven,1.5321014767932488,5.63521512543554,0.2718798559930459
ENSG00000147576,ADHFE1,neutral,10.77866970464135,14.833376501742164,0.7266497754827033
ENSG00000147588,PMP2,neutral,0.7425671012658228,2.207083261324042,0.3364472533856075
ENSG00000147592,LACTB2,neutral,0.0032801645569620255,0.003693557491289199,0.8880772980244358
ENSG00000147613,PSKH2,neutral,0.00345884388185654,0.004093512195121951,0.8449575125190256
ENSG00000147647,DPYS,regulation-driven,13.893499843881857,10.940869512195123,1.2698716339131562
ENSG00000147655,RSPO2,neutral,19.76298730379747,29.875671149825788,0.6615077266276815
ENSG00000147676,MAL2,neutral,42.56911356962025,14.789979777003484,2.878240147144065
ENSG00000147684,NDUFB9,neutral,3.4589154641350213,5.245073794425087,0.6594598283462575
ENSG00000147689,FAM83A,gene-driven,0.019893278481012657,0.1809139094076655,0.10995991710170716
ENSG00000147789,ZNF7,gene-driven,6.666871869198312,4.569822250871081,1.4588908502792424
ENSG00000147799,ARHGAP39,regulation-driven,0.7368195907172995,0.814046494773519,0.9051320722439752
ENSG00000147853,AK3,neutral,4.326033573839663,1.9600814459930316,2.2070682739655108
ENSG00000147869,CER1,neutral,3.803796291139241,1.2998863902439026,2.9262528784731106
ENSG00000147894,C9orf72,regulation-driven,0.032095611814345996,0.0626921393728223,0.5119559188031121
ENSG00000147905,ZCCHC7,neutral,3.2531331434599156,4.686144944250871,0.694202416306174
ENSG00000147912,FBXO10,regulation-driven,0.00027913502109704644,2.8679442508710804e-05,9.732930513285423
ENSG00000147955,SIGMAR1,gene-driven,0.048733067510548525,0.0574333275261324,0.8485154806392643
ENSG00000148019,,neutral,11.990589481012655,35.749220236933795,0.3354084201429588
ENSG00000148082,SHC3,neutral,2.522857662447257,6.627205839721254,0.3806819530677759
ENSG00000148090,AUH,neutral,7.478231308016877,9.881444083623693,0.7567953878735589
ENSG00000148110,MFSD14B,neutral,0.36654767932489457,1.9080553797909408,0.19210536717495902
ENSG00000148123,PLPPR1,neutral,0.0007817130801687763,0.004233303135888502,0.18465795032292376
ENSG00000148153,INIP,gene-driven,9.123713742616035,7.339075250871081,1.2431693954266423
ENSG00000148154,UGCG,neutral,0.003142818565400844,0.0062938432055749125,0.4993480871301373
ENSG00000148175,STOM,neutral,3.641721691983122,13.912632195121953,0.26175648438833754
ENSG00000148187,MRRF,gene-driven,0.37217626160337547,0.4119157456445993,0.9035252124702438
ENSG00000148204,CRB2,regulation-driven,0.017374582278481012,0.019665818815331013,0.8834914244677264
ENSG00000148218,ALAD,gene-driven,10.053086911392406,7.571812630662022,1.3276988485798598
ENSG00000148225,,neutral,23.089862527426163,15.952520895470386,1.4474115206445133
ENSG00000148229,POLE3,neutral,27.898377409282702,24.26635949477352,1.1496729624932591
ENSG00000148248,SURF4,neutral,0.4889774978902953,0.6901325958188154,0.7085268843303114
ENSG00000148290,SURF1,gene-driven,17.139920843881853,17.629354801393728,0.9722375570163702
ENSG00000148291,SURF2,neutral,11.724706518987341,9.564193351916376,1.225896015228306
ENSG00000148296,SURF6,neutral,5.156402236286919,3.091792905923345,1.6677708996641192
ENSG00000148308,GTF3C5,neutral,9.749461088607596,10.084432470383277,0.96678331847038
ENSG00000148331,ASB6,neutral,9.730714455696202,21.877268519163763,0.4447865348076894
ENSG00000148341,SH3GLB2,neutral,2.1280694219409284,4.5579964216027875,0.46688703217380056
ENSG00000148344,PTGES,neutral,0.12933590295358652,0.1256211533101045,1.0295710518937196
ENSG00000148346,LCN2,gene-driven,6.970422713080169,6.0564887665505225,1.1509016167217592
ENSG00000148384,INPP5E,neutral,0.0017373924050632912,0.0106124181184669,0.1637131505438913
ENSG00000148411,NACC2,neutral,0.8266815358649788,0.3829177595818815,2.1589010046639134
ENSG00000148426,PROSER2,neutral,10.000845928270042,2.435792902439024,4.105786628352488
ENSG00000148429,USP6NL,regulation-driven,16.04335488185654,9.145792609756096,1.7541787318403224
ENSG00000148482,SLC39A12,neutral,0.0010149915611814347,0.0014981533101045294,0.6774951230529381
ENSG00000148484,RSU1,neutral,0.5435024641350211,0.7819759721254356,0.6950372946342125
ENSG00000148541,FAM13C,gene-driven,5.3657197679324895,6.665844094076655,0.8049572855597582
ENSG00000148584,A1CF,regulation-driven,2.1302494092827002,4.250707428571428,0.5011517365236853
ENSG00000148602,LRIT1,neutral,0.3141972869198312,2.746695038327526,0.1143910345107505
ENSG00000148655,LRMDA,regulation-driven,13.746983991561182,31.09795403135889,0.442054290057116
ENSG00000148677,ANKRD1,neutral,1.3677024008438818,1.2538005540069688,1.090845267592919
ENSG00000148680,HTR7,neutral,3.916216189873418,2.664682090592334,1.4696748267643738
ENSG00000148690,FRA10AC1,gene-driven,8.990368025316455,26.22442992682927,0.342824154820568
ENSG00000148700,ADD3,regulation-driven,0.036306455696202534,0.16526926132404182,0.21968063150604167
ENSG00000148702,HABP2,regulation-driven,0.2673189240506329,0.14642259581881534,1.8256671557811732
ENSG00000148704,VAX1,neutral,4.662993443037975,5.966870247386759,0.7814806170923815
ENSG00000148730,EIF4EBP2,neutral,0.10391542194092827,0.17238652264808363,0.6028047920722036
ENSG00000148734,NPFFR1,neutral,0.0014056202531645568,0.006834327526132404,0.20567060150247254
ENSG00000148795,CYP17A1,regulation-driven,191.93140813502112,79.25179608362369,2.421792534928822
ENSG00000148798,INA,neutral,1.6437659535864977,1.3728108710801392,1.197372477312311
ENSG00000148803,FUOM,neutral,2.5803147383966247,1.389860118466899,1.8565283686554515
ENSG00000148832,PAOX,neutral,9.905418219409283,36.0584672020906,0.2747043617770582
ENSG00000148835,TAF5,regulation-driven,5.328836426160337,2.9729828571428567,1.7924208386729616
ENSG00000148842,CNNM2,regulation-driven,7.9390826497890306,3.1974747491289195,2.482922703909345
ENSG00000148848,ADAM12,regulation-driven,2.398781481012658,3.9781448397212547,0.6029899809230522
ENSG00000148908,RGS10,neutral,19.036733628691984,20.111073128919863,0.9465797029655781
ENSG00000148926,ADM,neutral,0.6064264767932489,0.4995543902439024,1.2139348359988735
ENSG00000148943,LIN7C,neutral,4.661452949367089,7.4055001010452965,0.6294582250710007
ENSG00000148965,SAA4,neutral,2.220546552742616,1.8913016271777006,1.1740837742820704
ENSG00000148985,PGAP2,neutral,4.182532080168777,2.8473530209059232,1.4689193961759082
ENSG00000149021,SCGB1A1,gene-driven,0.0014611012658227848,0.0030391114982578397,0.4807659299964335
ENSG00000149050,ZNF214,neutral,0.8154008860759494,0.3688735714285714,2.2105158765320856
ENSG00000149089,APIP,neutral,1.214067451476793,7.766457452961673,0.15632190851876987
ENSG00000149091,,gene-driven,17.713695810126584,9.785774466898955,1.810147563695072
ENSG00000149136,SSRP1,gene-driven,0.3569967257383966,0.5602607247386759,0.6371974867681678
ENSG00000149196,HIKESHI,neutral,0.2513726582278481,0.11376463414634148,2.2095852556823075
ENSG00000149218,ENDOD1,neutral,5.7665741054852315,3.4705755644599305,1.6615613169576933
ENSG00000149243,KLHL35,neutral,7.93580606329114,2.6737039756097563,2.96809449949721
ENSG00000149260,CAPN5,neutral,3.8854976962025316,1.645234926829268,2.3616674025336586
ENSG00000149289,ZC3H12C,regulation-driven,0.41770070464135023,0.8310584459930314,0.5026129108672253
ENSG00000149300,C11orf52,neutral,0.033517907172995784,1.213252794425087,0.027626482565720038
ENSG00000149313,AASDHPPT,neutral,2.950660548523207,1.0135402195121952,2.9112416968942036
ENSG00000149380,P4HA3,neutral,1.396943434599156,2.884922745644599,0.484222129243543
ENSG00000149403,GRIK4,regulation-driven,0.13171428691983122,0.32761323344947735,0.40204202233528963
ENSG00000149418,ST14,neutral,11.310372383966246,19.60091294773519,0.5770329379108393
ENSG00000149452,SLC22A8,neutral,11.123160253164556,9.964223212543555,1.1163098232446322
ENSG00000149476,TKFC,gene-driven,28.72546430379747,8.891599442508712,3.2306295947686947
ENSG00000149483,TMEM138,neutral,16.31409333755274,10.002368665505227,1.6310229989636864
ENSG00000149485,FADS1,neutral,0.8476944135021096,0.25726380139372823,3.2950396010232295
ENSG00000149503,INCENP,neutral,0.05391805485232068,0.08850162020905923,0.609232404163393
ENSG00000149516,MS4A3,neutral,1.611273776371308,4.7531869128919855,0.33898809491397836
ENSG00000149548,CCDC15,neutral,2.37559182278481,0.3660530836236934,6.489746785542571
ENSG00000149571,KIRREL3,gene-driven,0.17742192405063292,0.19531004529616725,0.9084116681330504
ENSG00000149573,MPZL2,gene-driven,2.0272549156118145,27.703995216027874,0.07317554380889317
ENSG00000149575,SCN2B,gene-driven,3.4006006835443037,5.751240770034843,0.5912812242641863
ENSG00000149735,GPHA2,neutral,0.013590767932489452,0.3701208606271777,0.03671981068416302
ENSG00000149761,NUDT22,neutral,0.5338562109704641,0.6361696620209059,0.8391726969100901
ENSG00000150045,KLRF1,regulation-driven,0.36020039662447256,0.5548550174216028,0.6491793086747502
ENSG00000150201,FXYD4,neutral,0.0005169831223628691,0.0008163484320557491,0.6332873342587175
ENSG00000150316,CWC15,neutral,0.26929829957805906,0.2114015191637631,1.2738711653696584
ENSG00000150347,,regulation-driven,20.95448795780591,1.5248594041811847,13.741914762992854
ENSG00000150361,KLHL1,regulation-driven,5.368287181434599,8.961088031358885,0.5990664484768528
ENSG00000150455,TIRAP,neutral,5.784642620253165,13.715984052264808,0.421744630076177
ENSG00000150456,EEF1AKMT1,neutral,1.32082111814346,0.9284005505226481,1.422684548603398
ENSG00000150510,FAM124A,neutral,0.0015767004219409283,0.004228801393728223,0.37284806618711114
ENSG00000150540,HNMT,neutral,25.4198742278481,22.574372846689894,1.126050074590464
ENSG00000150551,LYPD1,neutral,0.9862988776371309,1.020479526132404,0.9665053069464146
ENSG00000150556,LYPD6B,gene-driven,12.39796405485232,9.54595306620209,1.298766500198698
ENSG00000150593,PDCD4,regulation-driven,32.05975157383966,4.115540226480837,7.789925455607484
ENSG00000150625,GPM6A,neutral,2.9004728607594936,3.7560755993031356,0.7722083286336457
ENSG00000150628,SPATA4,neutral,1.0235292827004219,1.0066800243902438,1.0167374517244283
ENSG00000150630,VEGFC,neutral,0.5443830421940928,0.6797102752613241,0.8009045353695693
ENSG00000150681,RGS18,neutral,2.336959405063291,1.1758699303135889,1.987430195140763
ENSG00000150722,PPP1R1C,neutral,0.008206046413502109,0.0011538710801393727,7.111753258007753
ENSG00000150750,POU2AF2,neutral,26.831451514767934,15.333014543554006,1.749913654523198
ENSG00000150756,ATPSCKMT,gene-driven,4.26873011814346,7.798174972125435,0.54740117186419
ENSG00000150760,,neutral,9.394044109704641,8.236731540069687,1.140506287476399
ENSG00000150764,DIXDC1,neutral,7.358829675105485,9.549470101045296,0.7706008393387167
ENSG00000150768,DLAT,neutral,0.7174951561181435,1.1974673066202093,0.599177240289956
ENSG00000150773,PIH1D2,neutral,13.78917500843882,6.285354526132404,2.1938579520229187
ENSG00000150779,TIMM8B,gene-driven (relaxed),0.08572108438818565,0.39836454355400697,0.2151825150487177
ENSG00000150782,IL18,neutral,0.04793783122362869,0.06664527177700348,0.7192983079734405
ENSG00000150787,PTS,neutral,9.025621518987341,34.60228165853658,0.26083891253340713
ENSG00000150873,C2orf50,gene-driven,0.4486986624472574,0.2893188257839721,1.5508795918530744
ENSG00000150938,CRIM1,gene-driven,2.1907424599156125,1.2428479163763066,1.762679432494864
ENSG00000151012,SLC7A11,neutral,3.776398227848101,3.8041715087108017,0.992699256382341
ENSG00000151014,NOCT,neutral,1.6025318902953583,2.5251016411149827,0.6346405484049129
ENSG00000151033,LYZL2,gene-driven,0.03128797468354431,0.0745010174216028,0.4199670791941674
ENSG00000151062,CACNA2D4,gene-driven,3.174394303797468,1.7229408885017423,1.8424278656233528
ENSG00000151065,DCP1B,neutral,1.8762564810126583,2.4214664216027875,0.7748430720632291
ENSG00000151079,KCNA6,neutral,2.8552528354430375,9.549311972125437,0.29900089595748436
ENSG00000151090,THRB,neutral,2.4375539789029537,2.072391679442509,1.1762033225102875
ENSG00000151116,UEVLD,gene-driven,1.2839476497890299,1.4598971811846693,0.8794781347184595
ENSG00000151117,TMEM86A,neutral,5.040217734177215,3.443343432055749,1.463756907677402
ENSG00000151135,TMEM263,neutral,0.751291970464135,2.783124965156795,0.2699454677277881
ENSG00000151151,IPMK,neutral,0.16453442194092827,0.1755884843205575,0.9370456301710042
ENSG00000151164,RAD9B,neutral,7.0151961983122355,14.671205919860625,0.4781608435347269
ENSG00000151176,PLBD2,neutral,20.632185860759492,4.859878491289198,4.245411875572699
ENSG00000151224,MAT1A,dual-driven,2.2638706624472578,10.533887526132403,0.21491312270337626
ENSG00000151229,SLC2A13,neutral,2.6465879156118146,1.4125157944250872,1.8736696085504738
ENSG00000151233,GXYLT1,neutral,7.511912873417722,4.691614717770035,1.6011359255408337
ENSG00000151239,TWF1,gene-driven,11.605118337552742,5.98796175609756,1.9380748926352467
ENSG00000151287,TEX30,neutral,9.956272223628691,5.638534425087108,1.7657553316214576
ENSG00000151304,SRFBP1,neutral,11.064835489451477,15.015462675958188,0.7368960736166854
ENSG00000151353,TMEM18,neutral,0.07612524050632911,0.04973677700348432,1.5305623945233955
ENSG00000151364,KCTD14,gene-driven,0.08219349789029534,0.22193285017421602,0.3703530046397995
ENSG00000151365,THRSP,neutral,34.25602306751054,39.30813257491289,0.8714741918158002
ENSG00000151366,NDUFC2,gene-driven (relaxed),7.964605518987341,8.461220149825785,0.9413069720389359
ENSG00000151376,ME3,neutral,0.010576185654008438,0.017279240418118468,0.612074686044566
ENSG00000151379,MSGN1,neutral,0.31368431223628696,0.1065508850174216,2.9439859855222976
ENSG00000151413,NUBPL,gene-driven,2.1657848734177216,8.346496080139373,0.259484321639022
ENSG00000151422,FER,regulation-driven,11.2081557721519,5.359744487804878,2.0911735247182053
ENSG00000151458,ANKRD50,gene-driven,6.723413831223629,5.847598055749129,1.1497735937259628
ENSG00000151461,,gene-driven (relaxed),22.476202126582283,16.60422724041812,1.3536433705189583
ENSG00000151468,CCDC3,neutral,1.4782501392405063,2.362398156794425,0.6257413192560084
ENSG00000151498,ACAD8,neutral,15.03294635021097,17.535966536585363,0.8572636312260102
ENSG00000151500,THYN1,gene-driven,27.83249842616034,20.12273388501742,1.3831370322341388
ENSG00000151532,VTI1A,neutral,21.690828675105486,84.38495671080138,0.25704615515112345
ENSG00000151572,ANO4,gene-driven,0.4646269746835443,0.20759708013937284,2.2381190254295067
ENSG00000151575,TEX9,neutral,1.1385731645569623,0.6742558885017421,1.6886365903113956
ENSG00000151576,QTRT2,neutral,0.2968723333333334,0.14202509756097564,2.0902807914346067
ENSG00000151577,DRD3,regulation-driven,2.7002566919831223,1.1382541881533101,2.372279162323124
ENSG00000151611,MMAA,neutral,5.444860485232068,3.338558101045296,1.6309018206174974
ENSG00000151615,POU4F2,neutral,2.529357611814346,1.7310820174216028,1.4611425607561632
ENSG00000151617,EDNRA,regulation-driven,1.1174028860759493,3.9376993832752607,0.28377049066313614
ENSG00000151640,DPYSL4,regulation-driven,0.01968638818565401,0.06930873170731706,0.28403907705002307
ENSG00000151657,KIN,neutral,2.1547482616033755,2.993017181184669,0.7199251227654171
ENSG00000151665,PIGF,gene-driven,0.40098302953586495,0.2835541463414634,1.4141321321148679
ENSG00000151687,ANKAR,regulation-driven,4.344549556962026,8.581425341463413,0.5062736531622773
ENSG00000151689,INPP1,neutral,6.79863747257384,18.167382006968644,0.3742221895243915
ENSG00000151694,ADAM17,neutral,0.9267883966244728,1.187446763066202,0.7804883767852782
ENSG00000151702,FLI1,regulation-driven,0.00830201687763713,0.06651765853658535,0.12480921698515501
ENSG00000151704,KCNJ1,neutral,0.38796179324894514,0.5805037386759583,0.6683191983118448
ENSG00000151715,TMEM45B,neutral,1.4377718270042195,1.588416149825784,0.9051606703708678
ENSG00000151718,WWC2,regulation-driven,4.564325350210971,0.6336770592334495,7.20292029465667
ENSG00000151725,CENPU,gene-driven,7.083192902953587,6.980731289198606,1.0146777765122577
ENSG00000151726,,regulation-driven,49.086347126582275,94.20542983623695,0.521056453029428
ENSG00000151729,SLC25A4,regulation-driven,10.694560497890295,14.547658498257842,0.7351396445806743
ENSG00000151746,BICD1,gene-driven,7.055356088607595,10.292416017421603,0.6854907610288242
ENSG00000151773,CCDC122,gene-driven,19.25216853164557,26.583437149825784,0.724216677592865
ENSG00000151778,SERP2,gene-driven,10.608532776371307,5.917192867595819,1.792832008986315
ENSG00000151806,GUF1,neutral,0.33793916877637126,0.5883307735191637,0.5744033526496528
ENSG00000151834,GABRA2,dual-driven,7.2534536793248945,5.420741156794425,1.3380926093903829
ENSG00000151838,CCDC175,neutral,57.72352173839663,11.468070707317073,5.033411740439199
ENSG00000151876,FBXO4,gene-driven,1.15443305907173,1.6304419477351915,0.7080491646300721
ENSG00000151881,TMEM267,gene-driven,0.09525918987341772,0.3135199442508711,0.3038377354302973
ENSG00000151882,CCL28,gene-driven,2.150262299578059,2.1240920522648086,1.0123206747491693
ENSG00000151893,CACUL1,neutral,4.5057153586497884,8.475153522648084,0.5316381994272082
ENSG00000151917,BEND6,neutral,12.533522447257385,7.900456017421602,1.5864302541042223
ENSG00000151948,GLT1D1,regulation-driven,1.6116048649789028,5.862085557491289,0.2749200517756683
ENSG00000151962,RBM46,neutral,0.038686358649789025,0.0769727944250871,0.5025978196418487
ENSG00000151967,SCHIP1,regulation-driven,15.780892544303798,6.406672529616724,2.4631963739916456
ENSG00000152034,MCHR2,gene-driven,0.002199438818565401,0.000980006968641115,2.2443093661008953
ENSG00000152049,KCNE4,neutral,0.20374106329113922,0.2844457073170732,0.7162739955292344
ENSG00000152093,CFC1B,neutral,46.92650146835443,42.79004052613241,1.0966687783269529
ENSG00000152102,FAM168B,neutral,0.15004073839662446,0.3304768536585366,0.45401285062963365
ENSG00000152104,PTPN14,regulation-driven,2.5642123755274264,2.0800036794425085,1.2327922305477352
ENSG00000152127,MGAT5,regulation-driven,6.926245210970464,6.670363735191638,1.0383609479088585
ENSG00000152133,GPATCH11,neutral,2.3496221097046415,23.35674344599303,0.10059716223443518
ENSG00000152137,HSPB8,gene-driven,2.977861725738397,2.657345174216028,1.120615324886022
ENSG00000152147,GEMIN6,neutral,18.344924472573837,30.863289261324034,0.5943930446701468
ENSG00000152154,TMEM178A,neutral,0.17002358227848102,0.03612464111498258,4.706581907272271
ENSG00000152193,OBI1,neutral,0.4193897426160338,0.8672904947735192,0.48356317190533904
ENSG00000152219,ARL14EP,neutral,2.9246861898734178,2.237364919860627,1.3072012365580516
ENSG00000152266,PTH,neutral,8.959866362869198,11.524023860627178,0.77749460355435
ENSG00000152270,PDE3B,regulation-driven,2.9955861265822783,1.4023569616724738,2.1361081439704863
ENSG00000152315,KCNK13,neutral,3.1772668734177216,12.961627181184669,0.24512870405884682
ENSG00000152332,UHMK1,neutral,2.3797849324894513,1.9618342508710798,1.2130407711216153
ENSG00000152359,POC5,gene-driven,31.86851003375528,57.049152843205576,0.5586149564980043
ENSG00000152377,SPOCK1,neutral,0.6399578185654009,0.5282764076655052,1.2114071521638163
ENSG00000152380,FAM151B,gene-driven,12.5093774092827,7.448380696864112,1.679476106068175
ENSG00000152382,TADA1,neutral,7.40741935864979,3.503440839721254,2.114326942435012
ENSG00000152402,GUCY1A2,neutral,3.5697541054852318,2.642008972125435,1.3511513939384723
ENSG00000152404,CWF19L2,neutral,6.398297012658227,3.8535556898954706,1.6603618910803346
ENSG00000152409,JMY,neutral,6.945666050632911,12.144704599303136,0.5719090154758852
ENSG00000152413,HOMER1,neutral,1.8931239029535867,1.516720181184669,1.248169521602145
ENSG00000152422,XRCC4,neutral,0.0033507679324894517,0.005023160278745644,0.6670637102040047
ENSG00000152430,BOLL,neutral,2.1422905274261606,1.3187701254355402,1.624460917112937
ENSG00000152457,DCLRE1C,neutral,0.06266933755274261,0.0997713693379791,0.6281294720978318
ENSG00000152465,NMT2,neutral,0.873539029535865,1.1521470766550523,0.7581836097453369
ENSG00000152492,CCDC50,neutral,12.436338274261603,14.07413629616725,0.8836306550227411
ENSG00000152495,CAMK4,neutral,15.9879493628692,5.447407860627177,2.934964623895164
ENSG00000152518,ZFP36L2,neutral,4.6983471898734175,2.7619073205574916,1.701124130742032
ENSG00000152527,PLEKHH2,regulation-driven,24.52805737130802,27.19891364808362,0.9018028325935075
ENSG00000152580,IGSF10,regulation-driven,0.4075010210970464,0.49838177003484324,0.8176483282455473
ENSG00000152592,DMP1,neutral,0.22323956962025315,0.7942467804878047,0.2810707894631257
ENSG00000152595,MEPE,neutral,2.5314056244725744,6.791183390243902,0.3727488243225987
ENSG00000152611,CAPSL,gene-driven,9.48238099156118,9.162815526132404,1.0348763395396725
ENSG00000152661,GJA1,neutral,0.2230230675105485,1.5521635783972125,0.14368528589032187
ENSG00000152669,CCNO,gene-driven,0.026900578059071735,0.03651396167247387,0.736720334549477
ENSG00000152670,DDX4,neutral,0.003374447257383967,0.01382927526132404,0.24400752704815937
ENSG00000152684,PELO,neutral,0.5238819873417723,2.02602306271777,0.25857651720855573
ENSG00000152705,CATSPER3,neutral,0.3047564303797468,0.3684918083623694,0.8270371917740268
ENSG00000152749,GPR180,neutral,0.43594078059071734,0.784407299651568,0.5557581893798812
ENSG00000152760,DYNLT5,neutral,0.3279601476793249,0.31519379094076655,1.040503198684385
ENSG00000152766,ANKRD22,neutral,28.62624529535865,10.483907275261323,2.7304939412147853
ENSG00000152767,FARP1,regulation-driven,10.788164029535865,5.773279428571429,1.8686370827897631
ENSG00000152778,IFIT5,neutral,0.3796205021097046,0.19137904529616723,1.9836053708086259
ENSG00000152782,PANK1,regulation-driven,34.860791691983124,8.483772912891986,4.1091141936400115
ENSG00000152785,BMP3,neutral,64.76788040084388,32.06564165156795,2.0198529349459267
ENSG00000152795,HNRNPDL,gene-driven,0.4170018438818565,0.5221310452961673,0.7986536093545663
ENSG00000152804,HHEX,neutral,1.9966731814345993,3.972461968641115,0.5026286462139784
ENSG00000152822,GRM1,regulation-driven,8.493636286919832,8.313411773519164,1.0216787665895175
ENSG00000152932,RAB3C,dual-driven,0.017013805907172996,0.044752442508710806,0.3801760295845608
ENSG00000152939,MARVELD2,gene-driven,5.1204829915611825,3.564410198606272,1.4365582820864315
ENSG00000152942,RAD17,gene-driven (relaxed),12.280690915611816,7.793429560975609,1.5757749293206516
ENSG00000152944,MED21,gene-driven,2.013353430379747,2.043790247386759,0.985107661098819
ENSG00000152953,STK32B,neutral,8.774412261603374,34.17894533101045,0.2567198073734117
ENSG00000152969,JAKMIP1,neutral,16.7116558185654,17.76500331358885,0.9407065973234173
ENSG00000152990,,gene-driven,0.010411358649789029,0.01799337630662021,0.5786217368198113
ENSG00000153002,CPB1,neutral,3.8816779367088614,2.164883613240418,1.7930192242061131
ENSG00000153006,SREK1IP1,gene-driven,1.4223582362869196,2.888161787456446,0.4924787255562874
ENSG00000153015,CWC27,gene-driven,0.0871192405063291,0.5460839686411149,0.1595345139376975
ENSG00000153064,BANK1,neutral,4.739343215189873,4.971990515679442,0.9532084182872225
ENSG00000153086,ACMSD,regulation-driven,0.019660552742616036,0.018237038327526135,1.0780562276354553
ENSG00000153140,CETN3,neutral,16.675662624472572,9.296522278745645,1.7937527738300194
ENSG00000153157,SYCP2L,neutral,1.5703632827004221,1.5465743275261326,1.0153817083025953
ENSG00000153162,BMP6,neutral,0.02538228691983123,0.05229142160278746,0.4854005904187962
ENSG00000153179,RASSF3,gene-driven,66.8736468649789,27.814165484320554,2.4043017541790714
ENSG00000153208,MERTK,neutral,1.0703892320675106,2.388407930313589,0.4481601398497168
ENSG00000153266,FEZF2,neutral,0.025990122362869197,0.04753280836236933,0.5467828066192066
ENSG00000153294,ADGRF4,neutral,0.004753485232067511,0.00753636236933798,0.630740004144078
ENSG00000153395,LPCAT1,regulation-driven,1.1643685907172998,0.07446487804878049,15.636480193448307
ENSG00000153485,LYSET,gene-driven,7.839607455696202,2.691228808362369,2.913021528060505
ENSG00000153487,ING1,neutral,0.10736479324894514,1.8302384599303139,0.05866164196606001
ENSG00000153495,TEX29,gene-driven,0.0005755400843881856,0.0030032961672473873,0.19163613987350628
ENSG00000153498,SPACA7,neutral,1.059922805907173,2.1764557038327528,0.4869948899215555
ENSG00000153531,ADPRHL1,regulation-driven,0.8279541856540085,0.8592994494773519,0.9635223043114848
ENSG00000153558,FBXL2,neutral,7.754015725738397,6.776982588850173,1.1441693444064158
ENSG00000153560,UBP1,neutral,10.08609859493671,17.38686779790941,0.5800986533152025
ENSG00000153561,RMND5A,neutral,1.2596286033755273,1.1062021080139373,1.1386966217566248
ENSG00000153563,CD8A,neutral,7.624182632911391,3.021663031358885,2.5231743426674176
ENSG00000153574,RPIA,neutral,2.5644487510548526,3.3240335888501744,0.7714870149497882
ENSG00000153714,LURAP1L,neutral,2.1312271139240506,2.026341818815331,1.0517609093070186
ENSG00000153820,SPHKAP,regulation-driven,0.9212202320675107,5.126246763066202,0.1797065718148328
ENSG00000153823,PID1,neutral,14.115852143459914,10.491652271777003,1.3454365220845306
ENSG00000153832,FBXO36,gene-driven,17.682222645569624,9.04924106271777,1.9540006198330955
ENSG00000153898,MCOLN2,regulation-driven,3.8858697215189877,11.133613069686414,0.3490214449879778
ENSG00000153936,HS2ST1,gene-driven,5.438869721518987,6.583521839721254,0.8261337706368524
ENSG00000153975,ZUP1,neutral,0.09082638396624475,0.10116012195121951,0.8978477112754194
ENSG00000153989,NUS1,neutral,0.3770221814345991,0.48666173519163763,0.7747109628130827
ENSG00000153993,SEMA3D,regulation-driven,13.412032590717299,5.615426783972127,2.3884262241649545
ENSG00000154001,PPP2R5E,neutral,0.0022559789029535865,0.0052109233449477346,0.43293265964867383
ENSG00000154007,ASB17,neutral,1.371445375527426,0.9367924041811847,1.4639800337900426
ENSG00000154025,SLC5A10,gene-driven,4.660080877637132,40.956150533101045,0.11378219918082443
ENSG00000154124,OTULIN,gene-driven,3.51186747257384,2.6510928397212545,1.324686717852963
ENSG00000154127,UBASH3B,neutral,1.9207511139240505,1.9768632195121951,0.9716155852188951
ENSG00000154133,ROBO4,gene-driven,1.3732506624472574,1.4678135958188152,0.9355756523574056
ENSG00000154143,PANX3,neutral,6.192792599156117,13.956990641114983,0.4437054346739458
ENSG00000154146,NRGN,gene-driven,7.735386670886077,13.624503585365852,0.5677554871940211
ENSG00000154174,TOMM70,neutral,0.4558342109704641,0.40919912891986066,1.1139667187799334
ENSG00000154252,GAL3ST2,neutral,0.2826852953586498,0.7091360034843206,0.3986333989103405
ENSG00000154269,ENPP3,neutral,0.31873685654008443,1.5371402404181185,0.20735704404783822
ENSG00000154274,C4orf19,neutral,361.0986185400843,345.0288408327526,1.0465751722915282
ENSG00000154277,UCHL1,gene-driven,6.337866502109704,5.6893798919860625,1.113981949251989
ENSG00000154305,MIA3,gene-driven,1.562658434599156,0.7322563449477352,2.1340319484847767
ENSG00000154328,NEIL2,gene-driven,0.6466229620253164,1.230691675958188,0.5254142647238357
ENSG00000154342,WNT3A,neutral,2.9027319324894507,0.9532278432055747,3.045160664556294
ENSG00000154359,LONRF1,neutral,4.181418687763713,3.920982125435541,1.0664212572249978
ENSG00000154415,PPP1R3A,neutral,31.925514168776367,17.82475571777003,1.7910772340598682
ENSG00000154478,GPR26,neutral,0.3853878227848101,0.60897918815331,0.632842353699268
ENSG00000154511,DIPK1A,regulation-driven,14.96253670886076,24.438583735191635,0.6122505653760394
ENSG00000154518,ATP5MC3,neutral,0.08016683966244725,0.05346670034843206,1.4993788496394127
ENSG00000154548,SRSF12,neutral,2.7264691012658226,2.1013686027874567,1.297473036215147
ENSG00000154553,PDLIM3,regulation-driven,5.136060257383966,4.81233380836237,1.0672701566252654
ENSG00000154589,LY96,neutral,0.23825801265822785,0.04257426480836237,5.596291885031673
ENSG00000154678,PDE1C,neutral,8.756736514767933,9.220215581881531,0.9497322960621039
ENSG00000154764,WNT7A,neutral,4.414894008438818,4.407567153310104,1.0016623354503427
ENSG00000154781,CCDC174,neutral,1.0030124050632911,1.2561751672473869,0.798465398150767
ENSG00000154813,DPH3,neutral,1.2063429367088607,1.770719770034843,0.6812726424154191
ENSG00000154814,OXNAD1,gene-driven,16.48864378902954,8.052819226480835,2.0475616458405517
ENSG00000154917,RAB6B,neutral,2.4066117510548524,1.58259381184669,1.5206755726200116
ENSG00000154928,EPHB1,regulation-driven,2.530801687763713,6.823953278745645,0.3708703129088416
ENSG00000154997,SEPTIN14,neutral,4.210376025316456,3.6696173519163757,1.1473610519957023
ENSG00000155011,DKK2,neutral,2.1292623755274263,2.450468529616725,0.8689205145027762
ENSG00000155016,CYP2U1,neutral,0.6829916497890296,0.7073922926829268,0.9655062075933102
ENSG00000155052,CNTNAP5,regulation-driven,0.3236432362869198,0.25666068292682925,1.2609770713467106
ENSG00000155087,ODF1,gene-driven,7.905979919831224,5.991032655052265,1.3196355912305162
ENSG00000155090,KLF10,neutral,29.82810875527426,43.956545822299645,0.678581726504591
ENSG00000155096,AZIN1,neutral,10.275308569620254,34.159751337979095,0.3008016208301868
ENSG00000155097,ATP6V1C1,neutral,7.2331928185654,10.763156693379791,0.6720326596206108
ENSG00000155158,TTC39B,neutral,16.041412599156118,10.736658386759583,1.494078699471182
ENSG00000155189,AGPAT5,gene-driven,12.269548008438816,10.097551679442509,1.2151012837516098
ENSG00000155252,PI4K2A,neutral,4.3277493291139235,3.1123745714285715,1.3904975862617648
ENSG00000155256,ZFYVE27,gene-driven,32.30863627848102,27.47891761672474,1.175760877088431
ENSG00000155269,GPR78,gene-driven,1.1812357046413504,0.7356603728222998,1.6056807574256555
ENSG00000155275,TRMT44,neutral,0.023076240506329115,0.03349564111498258,0.688932641328281
ENSG00000155324,GRAMD2B,gene-driven,6.356040919831225,3.591911745644599,1.7695426196198423
ENSG00000155329,ZCCHC10,neutral,10.771846392405063,3.4237371881533103,3.146224666331695
ENSG00000155363,MOV10,neutral,13.23936806329114,18.416558811846688,0.7188839238943351
ENSG00000155380,SLC16A1,gene-driven,4.168666725738397,2.720187031358885,1.5324926843930713
ENSG00000155463,OXA1L,gene-driven,0.4751280675105484,0.36256363414634146,1.3104680744643369
ENSG00000155511,GRIA1,regulation-driven,0.181591417721519,0.10036245993031359,1.8093559867664315
ENSG00000155530,LRGUK,regulation-driven,0.502203223628692,0.976147954703833,0.5144744925281971
ENSG00000155542,SETD9,gene-driven,6.852691329113924,2.599728379790941,2.635925884559135
ENSG00000155545,MIER3,gene-driven,8.690321548523206,2.655651574912892,3.2723876997336356
ENSG00000155629,PIK3AP1,regulation-driven,3.086595738396625,2.070439219512195,1.490792730985767
ENSG00000155636,RBM45,neutral,2.152461670886076,0.567978331010453,3.789689770482569
ENSG00000155660,PDIA4,gene-driven,1.7026482911392404,2.1709123240418116,0.7843008085970254
ENSG00000155729,KCTD18,neutral,1.6642507679324896,2.36520193728223,0.7036400324637064
ENSG00000155749,FLACC1,gene-driven,0.022953291139240505,0.04957936236933798,0.46296059574650383
ENSG00000155754,C2CD6,neutral,4.90478011392405,3.516086832752613,1.3949542054068902
ENSG00000155755,TMEM237,neutral,7.504962021097047,3.4296125156794424,2.188282783196642
ENSG00000155760,FZD7,neutral,0.33457308438818567,0.17119037630662023,1.954391897526585
ENSG00000155761,SPAG17,gene-driven,2.2094436835443036,5.535183846689896,0.3991635589241677
ENSG00000155792,DEPTOR,regulation-driven,5.3499928565400845,7.431750592334495,0.7198832616985765
ENSG00000155833,CYLC2,gene-driven,0.21022288607594936,1.0594190104529617,0.19843223880423586
ENSG00000155858,LSM11,neutral,4.94111517299578,3.2910115609756097,1.5013970876270646
ENSG00000155875,SAXO1,gene-driven,74.23281724050632,76.5129762891986,0.97019905433983
ENSG00000155886,SLC24A2,regulation-driven,0.002825240506329114,0.0034879233449477357,0.8100064786175651
ENSG00000155890,TRIM42,neutral,9.682104392405064,2.5013545017421603,3.8707445848485715
ENSG00000155897,ADCY8,regulation-driven,2.875841088607595,2.0552374773519166,1.3992743516496158
ENSG00000155903,RASA2,neutral,8.207896780590717,5.813386278745645,1.4118959909131887
ENSG00000155906,RMND1,neutral,0.02301721518987342,0.06229685017421603,0.369476388059825
ENSG00000155957,TMBIM4,neutral,30.276721953586495,24.871715226480838,1.2173153993557695
ENSG00000155975,VPS37A,neutral,57.9402048649789,214.21512026480838,0.27047672822233276
ENSG00000156026,MCU,gene-driven,2.236083464135021,1.9106539721254356,1.170323615242363
ENSG00000156049,GNA14,neutral,10.79213741772152,6.324703379790941,1.7063468070621592
ENSG00000156127,BATF,neutral,17.23960793670886,11.67043368641115,1.4772037098143458
ENSG00000156136,DCK,neutral,3.0321260421940934,0.7802990905923344,3.8858510521809917
ENSG00000156140,ADAMTS3,regulation-driven,1.8226492869198312,0.9770144146341464,1.8655295762471855
ENSG00000156150,ALX3,gene-driven,2.5450423164556963,2.886204320557491,0.8817956158987743
ENSG00000156172,CFAP418,neutral,0.008852105485232067,0.01807054355400697,0.48986381946818625
ENSG00000156194,PPEF2,neutral,0.16933626160337553,0.211255181184669,0.8015721112910836
ENSG00000156234,CXCL13,gene-driven,3.6435647552742614,2.621467550522648,1.3898950435407205
ENSG00000156345,CDK20,gene-driven,1.3181511856540085,1.0018431707317075,1.3157260778563593
ENSG00000156374,PCGF6,neutral,3.071491164556962,11.264727508710804,0.2726644885268494
ENSG00000156384,SFR1,neutral,4.247102037974684,4.3932763728223,0.966727716983188
ENSG00000156427,FGF18,neutral,10.668514607594936,13.791733456445993,0.7735441408642274
ENSG00000156463,SH3RF2,regulation-driven,0.0940584345991561,0.17868593031358884,0.5263897075392906
ENSG00000156466,GDF6,neutral,10.185294877637132,16.137952205574912,0.631139239222594
ENSG00000156467,UQCRB,gene-driven,5.741532075949369,4.797772017421602,1.1967079834349774
ENSG00000156471,PTDSS1,neutral,30.712941210970463,23.009002592334493,1.3348227976297657
ENSG00000156508,EEF1A1,gene-driven,0.24682656540084388,0.023081285714285714,10.693796197326883
ENSG00000156510,HKDC1,regulation-driven,43.112835620253165,45.64071836585366,0.9446134321257366
ENSG00000156521,TYSND1,neutral,11.120960556962025,2.9287526933797907,3.7971661390530036
ENSG00000156535,CD109,neutral,5.701654603375527,4.460041770034843,1.2783859204374635
ENSG00000156574,NODAL,gene-driven (relaxed),0.015966101265822787,0.019757449477351915,0.8081053824343485
ENSG00000156575,PRG3,neutral,45.26793183544303,23.104829132404184,1.9592411428810532
ENSG00000156587,UBE2L6,gene-driven,7.737369919831223,7.4582362195121945,1.0374262348501058
ENSG00000156603,MED19,neutral,23.68650016877637,17.39475430662021,1.3617036349723897
ENSG00000156711,MAPK13,neutral,8.247198021097047,11.846586961672473,0.6961665877082902
ENSG00000156735,BAG4,neutral,0.005790050632911391,0.027053062717770037,0.214025698062946
ENSG00000156804,FBXO32,regulation-driven,4.900049864978903,3.1715833554006974,1.5449853640563804
ENSG00000156831,NSMCE2,neutral,7.290108801687764,2.8249209407665505,2.580641708050623
ENSG00000156869,FRRS1,neutral,6.1752804177215195,8.674475804878048,0.7118909034536567
ENSG00000156876,SASS6,regulation-driven,0.37320718565400846,0.8097427944250871,0.460895963784381
ENSG00000156928,MALSU1,neutral,5.47195182278481,4.658310271777004,1.1746645250183017
ENSG00000156958,GALK2,gene-driven,10.19547025316456,5.654146121951221,1.8031847839203259
ENSG00000156959,LHFPL4,neutral,0.9982823459915612,2.7789992996515682,0.35922367670863614
ENSG00000156966,B3GNT7,neutral,2.4775180970464135,3.03652781184669,0.8159049580842436
ENSG00000157005,SST,neutral,17.999567670886076,15.295725045296164,1.17677113164514
ENSG00000157014,TATDN2,neutral,0.10253368776371306,0.18985747386759583,0.5400561045872692
ENSG00000157020,SEC13,neutral,6.907418565400843,5.897218714285714,1.171301065817344
ENSG00000157036,EXOG,neutral,11.403282,15.467306623693382,0.7372506589176967
ENSG00000157060,SHCBP1L,neutral,32.851217135021095,27.061949344947738,1.213926488305772
ENSG00000157064,NMNAT2,regulation-driven,10.778242556962024,11.870858010452963,0.907958173492697
ENSG00000157077,ZFYVE9,neutral,13.952060278481012,59.86382321254355,0.2330633015025604
ENSG00000157093,LYZL4,neutral,17.699437367088606,68.54619516027874,0.25821181359086004
ENSG00000157110,RBPMS,neutral,0.45668548101265816,0.4582509303135889,0.9965838600701596
ENSG00000157111,TMEM171,gene-driven,0.1228147552742616,0.07837318466898954,1.567050717576066
ENSG00000157119,KLHL40,neutral,0.0038871054852320677,0.005929250871080139,0.6555812141785711
ENSG00000157150,TIMP4,neutral,11.513564371308018,75.0057096794425,0.1535025056160977
ENSG00000157184,CPT2,neutral,3.866365603375527,3.627992700348432,1.0657037989641494
ENSG00000157211,CDCP2,neutral,1.660606388185654,1.0025363728222996,1.6564051272382094
ENSG00000157303,SUSD3,neutral,4.795266345991561,6.3362498362369335,0.7567988115884404
ENSG00000157330,CFAP107,neutral,0.034688400843881854,0.014619912891986064,2.3726817731517658
ENSG00000157343,ARMC12,neutral,8.051977097046413,3.090232348432056,2.6056219044926774
ENSG00000157379,DHRS1,neutral,0.6407234683544304,1.4324758919860627,0.447283945188143
ENSG00000157445,CACNA2D3,neutral,7.899269215189873,5.164194581881533,1.5296226913881772
ENSG00000157456,CCNB2,neutral,8.449038046413502,7.460669512195123,1.1324771902310917
ENSG00000157510,AFAP1L1,regulation-driven,13.600879345991562,21.172747829268292,0.6423766747550024
ENSG00000157593,SLC35B2,neutral,4.5814188734177215,3.6737548885017413,1.247067105036545
ENSG00000157653,,neutral,5.138724763713079,7.512926101045295,0.6839844681818598
ENSG00000157693,TMEM268,neutral,0.07467450210970464,0.07497678397212544,0.9959683271753402
ENSG00000157703,SVOPL,neutral,19.0466455907173,16.6411291358885,1.1445524780912268
ENSG00000157734,SNX22,neutral,1.8135375949367087,1.2788777003484317,1.4180696046561827
ENSG00000157765,SLC34A2,gene-driven,0.16261171308016878,0.33346318466898955,0.48764517510856387
ENSG00000157778,PSMG3,neutral,1.6956422573839665,28.301814219512195,0.059912846725385376
ENSG00000157782,CABP1,regulation-driven,3.4870363670886073,1.9475698397212544,1.7904551076780326
ENSG00000157833,GAREM2,neutral,14.210662540084387,9.425796268292682,1.5076352316129997
ENSG00000157884,CIB4,neutral,1.2292351476793248,2.0543407526132405,0.5983599099203316
ENSG00000157927,RADIL,gene-driven,21.9101935907173,17.13329966550523,1.2788075863068846
ENSG00000157954,WIPI2,gene-driven,0.00245989029535865,0.0013944041811846692,1.7641156908097884
ENSG00000157978,LDLRAP1,neutral,13.929001822784812,7.193509602787455,1.936329078838983
ENSG00000157992,KRTCAP3,gene-driven,0.16472594092827003,0.13401808013937283,1.2291322242264804
ENSG00000157999,ANKRD61,neutral,1.031586210970464,1.6849990592334496,0.6122176776999269
ENSG00000158006,PAFAH2,neutral,1.1307777805907173,12.284920860627178,0.09204599634132182
ENSG00000158008,EXTL1,regulation-driven,0.016064987341772155,0.040463209059233445,0.3970270207252934
ENSG00000158014,SLC30A2,neutral,5.99231870464135,10.721291912891987,0.5589175962493654
ENSG00000158022,TRIM63,regulation-driven,0.1983414894514768,0.27475003135888504,0.7218979683842089
ENSG00000158055,GRHL3,gene-driven,5.79836983122363,7.435470362369339,0.7798255589275134
ENSG00000158077,NLRP14,neutral,1.2594566329113923,2.296220087108014,0.5484912530739252
ENSG00000158079,PTPDC1,regulation-driven,2.9720566624472577,3.8784093972125437,0.7663081325512743
ENSG00000158089,GALNT14,regulation-driven,4.718204645569621,3.4994388710801396,1.3482746289873886
ENSG00000158104,HPD,neutral,2.7393796033755278,6.5664355923344955,0.4171790867138659
ENSG00000158106,RHPN1,neutral,17.056469565400842,67.38807105226482,0.25310814360856526
ENSG00000158109,TPRG1L,neutral,0.2696785611814346,0.741985212543554,0.3634554390335705
ENSG00000158113,LRRC43,neutral,0.7506272953586497,1.689274,0.44434904897526967
ENSG00000158122,PRXL2C,gene-driven,0.006684147679324895,0.005753264808362369,1.16180080388608
ENSG00000158156,XKR8,neutral,4.721513451476794,3.4612479128919866,1.3641072729551502
ENSG00000158161,EYA3,regulation-driven,0.3534860548523207,0.1925791393728223,1.8355365799407366
ENSG00000158195,WASF2,neutral,3.302140459915612,5.547700665505226,0.5952268622652674
ENSG00000158220,ESYT3,neutral,1.3224289578059072,1.7333800731707318,0.7629192110111748
ENSG00000158246,TENT5B,neutral,7.647748172995781,6.6597112160278735,1.1483603304885064
ENSG00000158258,CLSTN2,regulation-driven,6.252815641350212,8.096966557491289,0.7722417521368081
ENSG00000158292,GPR153,neutral,1.3314986877637132,2.433864205574913,0.5470718886919965
ENSG00000158315,RHBDL2,neutral,40.323131097046414,4.367004344947735,9.233590789461193
ENSG00000158402,CDC25C,gene-driven,0.6046453586497892,1.8076588919860626,0.3344908496455708
ENSG00000158417,EIF5B,regulation-driven,0.3913925147679324,0.33572705226480837,1.1658057107033999
ENSG00000158428,CATIP,neutral,6.378795050632911,6.030350874564459,1.0577817416127744
ENSG00000158457,TSPAN33,neutral,0.6972188227848101,1.0806354250871082,0.6451933803008618
ENSG00000158458,NRG2,regulation-driven,5.828143046413502,11.194461512195122,0.5206273691739783
ENSG00000158467,AHCYL2,neutral,37.68176205485232,15.18904579442509,2.4808511716175645
ENSG00000158516,CPA2,neutral,0.03490973839662448,0.05957782229965157,0.5859519037309399
ENSG00000158604,TMED4,gene-driven,12.673062459915613,7.642271986062717,1.658284667573674
ENSG00000158623,COPG2,regulation-driven,3.5350196413502113,1.3719660034843204,2.576608773375201
ENSG00000158715,SLC45A3,neutral,19.113532434599154,16.80575689198606,1.1373205359000267
ENSG00000158716,DUSP23,neutral,4.857956873417722,3.4406347944250872,1.4119362163311093
ENSG00000158748,HTR6,neutral,0.010439443037974684,0.02188271080139373,0.47706351981354095
ENSG00000158769,F11R,neutral,30.572876075949363,15.625124571428573,1.9566484693410766
ENSG00000158786,PLA2G2F,neutral,6.579351194092828,9.214173829268292,0.7140467844435383
ENSG00000158793,NIT1,neutral,17.032999628691982,10.586006919860628,1.609010815658548
ENSG00000158816,VWA5B1,dual-driven,0.7589011181434598,0.9119421916376308,0.8321811679539186
ENSG00000158828,PINK1,neutral,15.691816493670888,8.073056993031358,1.9437267081374534
ENSG00000158850,B4GALT3,gene-driven,20.515991156118144,68.89538741114983,0.2977846838088597
ENSG00000158856,DMTN,neutral,0.5245255443037974,5.610646770034843,0.09348753642898464
ENSG00000158859,ADAMTS4,neutral,3.8535103164556967,4.215915170731708,0.9140388647304987
ENSG00000158863,FHIP2B,gene-driven,22.435202075949366,27.955823540069687,0.8025233827861484
ENSG00000158864,,neutral,0.08703679746835445,4.80382343902439,0.018118234063579736
ENSG00000158869,FCER1G,neutral,0.01508331223628692,0.10540247735191638,0.14310206567467063
ENSG00000158882,TOMM40L,gene-driven,0.5242502827004218,0.8467051533101047,0.6191651021030409
ENSG00000158966,CACHD1,regulation-driven,12.736050194092826,20.258040331010452,0.6286911263868317
ENSG00000158985,CDC42SE2,gene-driven,1.6331446371308018,1.5052697526132406,1.084951474176348
ENSG00000159164,SV2A,gene-driven,0.00549806329113924,0.015905961672473868,0.3456605393846722
ENSG00000159167,STC1,neutral,0.047462527426160334,0.006608142857142857,7.1824305939235655
ENSG00000159173,TNNI1,neutral,4.690843658227848,46.22563387108014,0.10147710837909249
ENSG00000159176,CSRP1,neutral,0.0,0.0012374773519163763,0.0
ENSG00000159189,C1QC,neutral,0.4509854810126582,0.7594813310104529,0.5938071978841718
ENSG00000159248,GJD2,neutral,0.7251807594936709,0.820082818815331,0.8842774691234807
ENSG00000159251,ACTC1,regulation-driven,5.762735767932489,3.9015764006968645,1.4770275335126595
ENSG00000159339,PADI4,neutral,15.469036590717298,20.271902188153312,0.7630777046545362
ENSG00000159346,ADIPOR1,neutral,4.535453632911391,8.149636993031358,0.5565221661761861
ENSG00000159374,M1AP,neutral,70.79506951054853,58.98873371777003,1.2001456049093304
ENSG00000159377,PSMB4,neutral,0.04704775949367088,0.057136041811846686,0.8234340007066419
ENSG00000159388,BTG2,gene-driven,0.15475867088607592,0.22818820905923343,0.6782062558101039
ENSG00000159399,HK2,regulation-driven,1.71922482278481,3.0187053414634146,0.5695238946214474
ENSG00000159403,C1R,neutral,62.57048412236287,26.631114090592334,2.3495255928653176
ENSG00000159479,MED8,neutral,0.002098198312236287,0.005106376306620209,0.4108977063668532
ENSG00000159495,TGM7,neutral,0.7124008059071731,1.1261756829268295,0.6325840778729189
ENSG00000159527,PGLYRP3,gene-driven,0.003131054852320675,0.024398627177700347,0.12832914038632345
ENSG00000159596,TMEM69,neutral,0.17791929957805905,0.06388035191637631,2.785195983437402
ENSG00000159650,UROC1,regulation-driven,5.611617396624474,15.80768282578397,0.3549930409453398
ENSG00000159674,SPON2,gene-driven (relaxed),16.048666535864978,10.775149167247386,1.4894147901587484
ENSG00000159692,CTBP1,gene-driven,0.37692210970464135,0.26768909756097564,1.4080592491025303
ENSG00000159884,,neutral,2.9625952194092826,1.6014203658536585,1.8499797321049003
ENSG00000159921,,regulation-driven,0.27884223628691984,0.39706627526132404,0.7022561563643335
ENSG00000160049,,neutral,14.62151189029536,4.915945630662021,2.9743030108179425
ENSG00000160050,,gene-driven,2.004573907172996,1.7528190766550524,1.1436285318153734
ENSG00000160062,,neutral,0.8058722742616033,0.7947593972125434,1.013982693489421
ENSG00000160097,,gene-driven,0.8771089324894515,0.21347254355400702,4.108766953758384
ENSG00000160293,,regulation-driven,8.394678683544305,6.061259609756098,1.3849726334163903
ENSG00000160323,,neutral,20.1868354556962,4.389514,4.598877109332879
ENSG00000160349,,gene-driven,6.4344938818565405,2.0402164111498258,3.1538290970957275
ENSG00000160360,,regulation-driven,5.877253898734177,4.42888368292683,1.3270282806005398
ENSG00000160404,,neutral,21.91519757805907,79.51002832404181,0.27562809421654394
ENSG00000160539,,neutral,12.407001843881856,7.438459867595819,1.6679530527455702
ENSG00000160563,,gene-driven,13.057199468354428,14.448001003484322,0.903737441962076
ENSG00000160606,,gene-driven,1.6618345864978903,2.147134383275261,0.7739779118822132
ENSG00000160654,,neutral,1.5428083248945146,31.687831261324042,0.04868772217862567
ENSG00000160679,,gene-driven,9.069271599156119,3.2276906271777004,2.8098329879547066
ENSG00000160683,,neutral,0.6922828312236287,3.6167599128919865,0.19140967271727874
ENSG00000160685,,neutral,6.757471995780591,4.783671944250871,1.4126119170654834
ENSG00000160688,,neutral,3.8460251518987336,5.0968550662020915,0.7545878982124147
ENSG00000160714,,neutral,12.004976375527423,14.296213383275264,0.8397311969036295
ENSG00000160716,,neutral,4.1925094092827,5.577755595818816,0.7516481024061863
ENSG00000160741,,neutral,4.656780025316456,5.329812832752612,0.8737229939294952
ENSG00000160767,,gene-driven,9.788201278481013,126.63950192682927,0.07729184914306213
ENSG00000160781,,regulation-driven,18.132775459915614,12.54754794076655,1.4451250192878604
ENSG00000160785,,neutral,4.583382037974684,4.700196484320557,0.9751469014677246
ENSG00000160801,,regulation-driven,18.69899468776371,13.013723348432055,1.4368673889180716
ENSG00000160808,,gene-driven,6.478128493670885,5.969766421602788,1.0851561076541434
ENSG00000160813,,neutral,4.5398334514767935,7.475179034843205,0.6073210327559758
ENSG00000160818,,gene-driven,0.7331025443037974,0.7117048850174216,1.030065353964589
ENSG00000160838,,neutral,31.77572710970464,25.524017898954707,1.2449343686992933
ENSG00000160867,,regulation-driven,0.0264903417721519,0.02795041114982578,0.9477621502650782
ENSG00000160870,,regulation-driven,11.015430409282699,19.3074801184669,0.5705265701010275
ENSG00000160886,,gene-driven,13.460689198312238,14.884215153310107,0.9043600256825574
ENSG00000160908,,neutral,6.745640164556962,6.05000118466899,1.114981627053356
ENSG00000160973,,neutral,4.7424160168776375,5.177105864111498,0.9160361293271598
ENSG00000160993,,neutral,0.009365050632911391,0.026088829268292684,0.35896783778999614
ENSG00000161010,,neutral,14.86147064556962,28.803261637630666,0.5159648526107723
ENSG00000161021,,neutral,0.0023056329113924053,0.009752742160278747,0.23640868111769164
ENSG00000161040,,gene-driven,2.4228309324894517,6.33730337979094,0.38231260005882467
ENSG00000161055,,neutral,12.04709982278481,13.331998351916376,0.9036229606983959
ENSG00000161202,,gene-driven,88.38214189451477,129.65640543902438,0.6816642925989467
ENSG00000161203,,regulation-driven,6.799541046413501,9.642230055749128,0.7051834489635841
ENSG00000161204,,neutral,3.2436434683544304,4.627173449477351,0.7009988935514848
ENSG00000161328,,neutral,1.737220316455696,4.596053041811847,0.37798091115390015
ENSG00000161638,,neutral,2.5538241392405063,0.7636226445993032,3.3443535983412045
ENSG00000161850,,gene-driven,0.9803133206751056,0.6908296341463416,1.419037736976178
ENSG00000161911,,neutral,0.28470148523206745,0.42145542508710804,0.6755198018229905
ENSG00000161980,,neutral,9.579265620253166,22.02536762369338,0.43491967007844395
ENSG00000162065,,gene-driven,3.429209628691984,4.635743547038326,0.7397323846533378
ENSG00000162068,,neutral,0.03294775949367088,0.41294669686411156,0.0797869549360096
ENSG00000162069,,gene-driven,17.657654012658227,21.759299177700345,0.8114992063142539
ENSG00000162073,,neutral,17.831871025316453,17.58825918466899,1.0138508216242237
ENSG00000162086,,neutral,2.5757921603375524,4.136840212543554,0.6226472447563586
ENSG00000162139,,neutral,1.1446018691983122,1.5004449128919861,0.7628416474098904
ENSG00000162148,,gene-driven,9.615957873417722,19.62406181184669,0.49000853980253684
ENSG00000162188,,neutral,42.57424,20.823877146341463,2.044491508512374
ENSG00000162231,,neutral,20.20352552320675,14.440655034843205,1.3990726510991762
ENSG00000162236,,gene-driven,0.07431608860759494,0.6375936898954704,0.11655712687460663
ENSG00000162241,,gene-driven,167.69385796202536,59.55634481184669,2.815717762596277
ENSG00000162267,,regulation-driven,6.324684924050634,3.098943285714286,2.0409166418780833
ENSG00000162341,,neutral,0.7954244008438818,0.03570394773519163,22.27833198567762
ENSG00000162344,,neutral,0.04136060759493671,0.038999609756097564,1.060539011892805
ENSG00000162365,,gene-driven,0.01709227004219409,0.060182041811846686,0.2840094740492756
ENSG00000162368,,neutral,6.938679649789028,3.498367052264809,1.983405270552441
ENSG00000162377,,neutral,18.382219805907173,14.36894331010453,1.2793021316313793
ENSG00000162383,,regulation-driven,6.435072687763713,7.3767499442508715,0.8723452382683703
ENSG00000162384,,neutral,6.89601576371308,5.231204236933798,1.318246325583168
ENSG00000162391,,neutral,1.8073016835443039,1.5990336480836238,1.1302461869456473
ENSG00000162398,,neutral,0.0061140675105485235,0.03247892682926829,0.18824721465362118
ENSG00000162399,,neutral,8.543250970464134,4.538413602787456,1.882431113201525
ENSG00000162407,,neutral,5.109184320675105,3.918248648083624,1.3039459155237523
ENSG00000162409,,regulation-driven,2.3547360801687764,6.283735379790942,0.3747350799879033
ENSG00000162415,,regulation-driven,5.692930531645571,1.6234110174216028,3.5067709104792324
ENSG00000162419,,neutral,6.7647368185653995,9.042598365853658,0.7480965696884383
ENSG00000162426,,neutral,34.01508323206751,19.038625898954702,1.7866354122718004
ENSG00000162437,,neutral,0.006383552742616034,0.016199494773519164,0.394058755032968
ENSG00000162441,,gene-driven,0.13279888185654007,2.9153215679442512,0.04555205275354363
ENSG00000162456,,neutral,4.408380801687764,0.7338939999999999,6.006835866879638
ENSG00000162460,,neutral,0.46356900000000006,0.6429082613240418,0.7210499971571368
ENSG00000162461,,neutral,0.36179913502109706,1.0594797038327526,0.3414875563092523
ENSG00000162490,,neutral,7.176138122362869,2.54230874912892,2.822685531339045
ENSG00000162494,,neutral,4.654989329113925,7.095932383275262,0.6560081294017809
ENSG00000162510,,neutral,5.062409641350211,7.348585097560976,0.6888958315295886
ENSG00000162511,,neutral,68.93802396202531,46.436080585365865,1.484578868263719
ENSG00000162512,,neutral,15.788708590717299,28.793788013937284,0.5483373213373303
ENSG00000162517,,neutral,18.95919693670886,8.841710229965157,2.144290690782294
ENSG00000162520,,gene-driven,34.86093755274261,13.541810937282229,2.574318731386677
ENSG00000162522,,neutral,0.9849771476793251,0.8210363554006969,1.199675436051329
ENSG00000162526,,gene-driven,0.17176791983122366,0.5153529965156796,0.3333014865394261
ENSG00000162542,,neutral,0.6175678101265822,1.2429033832752612,0.4968751541243587
ENSG00000162545,,neutral,5.591445654008439,11.175879149825784,0.5003137184152177
ENSG00000162592,,neutral,0.0015639367088607595,0.002661324041811847,0.5876536206376511
ENSG00000162594,,regulation-driven,4.48936317299578,3.8544269825783966,1.1647290747203745
ENSG00000162598,,neutral,24.26765216455696,6.9319177456446,3.500856913630372
ENSG00000162599,,gene-driven,0.7965679578059072,1.3076336306620209,0.609167536783698
ENSG00000162601,,neutral,3.17041,5.547129087108014,0.5715406925301765
ENSG00000162616,,neutral,1.95523694092827,2.4337388919860627,0.8033881314739933
ENSG00000162621,,neutral,1.3388595400843881,3.9923138606271773,0.3353592895810197
ENSG00000162624,,regulation-driven,16.70339782278481,4.488232442508711,3.7215982097060016
ENSG00000162630,,neutral,2.2974493881856546,4.624912550522648,0.49675520630677145
ENSG00000162631,,gene-driven (relaxed),5.1677524599156115,8.061000010452961,0.6410808154341172
ENSG00000162636,,neutral,9.059201797468354,6.398588435540069,1.4158125481473818
ENSG00000162639,,neutral,0.2865064641350212,0.11064893728222999,2.589328656670556
ENSG00000162642,,neutral,0.10527106751054853,0.11809370383275261,0.8914198140456003
ENSG00000162650,,neutral,0.43615318987341767,1.957281944250871,0.22283615866101023
ENSG00000162664,,gene-driven,0.4715602025316456,0.178979818815331,2.634711587333738
ENSG00000162670,,regulation-driven,0.011269472573839662,0.02271711846689895,0.49607843487105896
ENSG00000162676,,neutral,2.069908329113924,2.4422300139372823,0.8475484771300825
ENSG00000162692,,neutral,6.528959831223629,7.540477463414635,0.8658549624876208
ENSG00000162704,,gene-driven,124.90034330801689,133.77542378397214,0.9336568689157193
ENSG00000162711,,neutral,5.755985978902954,2.108012940766551,2.730526870869145
ENSG00000162714,,gene-driven,1.5710342742616037,0.6619412229965156,2.3733742811027096
ENSG00000162722,,neutral,0.011949983122362869,0.02342366550522648,0.5101670837852638
ENSG00000162723,,neutral,0.0012120886075949367,0.005961783972125436,0.2033097162295894
ENSG00000162728,,regulation-driven,32.33342815189873,64.3664513902439,0.502333551928568
ENSG00000162734,,neutral,11.570318700421941,22.39586308013937,0.5166274976329217
ENSG00000162738,,neutral,0.006457548523206753,0.03518284320557492,0.18354254332076034
ENSG00000162739,,neutral,1.4985374261603375,2.2015260766550524,0.6806812065733877
ENSG00000162745,,neutral,0.453175164556962,0.6987784076655051,0.6485248536384229
ENSG00000162746,,gene-driven,0.04415369198312236,0.16590564111498257,0.2661373759589115
ENSG00000162755,,neutral,1.7127633206751054,2.0057318989547035,0.8539343276973956
ENSG00000162761,,neutral,0.014964075949367087,0.019382236933797908,0.7720510279839463
ENSG00000162763,,neutral,3.5516879409282707,1.450699606271777,2.448258706056952
ENSG00000162775,,neutral,0.07046204641350212,0.15562985017421604,0.4527540592927713
ENSG00000162777,,neutral,0.007844928270042194,0.012523163763066203,0.6264334171831849
ENSG00000162813,,gene-driven (relaxed),0.44307723206751054,0.17971155400696864,2.4654910727127173
ENSG00000162814,,regulation-driven,16.017921877637132,38.29958332055749,0.41822705337474086
ENSG00000162819,,neutral,0.00038838396624472574,0.00016458188153310103,2.3598221300357003
ENSG00000162836,,gene-driven,32.99507476793249,132.03538257839722,0.24989570313352458
ENSG00000162843,,regulation-driven,3.0929110337552745,1.0947868919860628,2.825126110292019
ENSG00000162851,,neutral,6.490934670886076,10.21246444250871,0.6355894512462622
ENSG00000162873,,gene-driven,0.026380573839662448,0.11673826829268294,0.22598051372084607
ENSG00000162878,,neutral,0.22000853586497887,0.2654485470383275,0.8288180075561399
ENSG00000162885,,neutral,0.043704506329113935,0.08505656097560976,0.5138287491031567
ENSG00000162889,,neutral,0.0034070632911392404,0.0031819547038327524,1.0707453776872873
ENSG00000162891,,neutral,0.057057489451476796,0.049853703832752616,1.1444985039204143
ENSG00000162894,,neutral,0.003037417721518987,0.006234759581881534,0.487174795054784
ENSG00000162896,,neutral,0.0004593164556962026,0.0023676341463414632,0.1939980703547259
ENSG00000162897,,neutral,6.886193510548523,7.964715961672474,0.8645874559351546
ENSG00000162909,,neutral,11.163850400843883,15.825908641114983,0.705416077775194
ENSG00000162924,,gene-driven,0.5847558607594936,0.4198431881533101,1.3927958753637415
ENSG00000162928,,neutral,2.9896884219409285,3.7595369198606265,0.7952278394041579
ENSG00000162929,,neutral,0.4424380168776372,2.074967480836237,0.21322648232507688
ENSG00000162931,,gene-driven,4.257619978902953,8.407728090592334,0.5063936336936176
ENSG00000162961,,neutral,0.7503507257383967,0.7403663170731708,1.0134857683757095
ENSG00000162971,,gene-driven,5.192027109704641,5.683631613240418,0.9135052133937482
ENSG00000162976,,gene-driven,5.737103189873418,5.845985240418118,0.9813749015663076
ENSG00000162981,,neutral,4.084743675105486,14.410695393728222,0.28345222513573043
ENSG00000162989,,regulation-driven,12.03648294514768,11.125967094076655,1.0818370073695234
ENSG00000162998,,neutral,1.1785237004219409,1.498058282229965,0.7867008342743684
ENSG00000162999,,neutral,14.37383883544304,18.540190804878048,0.775279984263225
ENSG00000163013,,neutral,0.2333944936708861,0.16036529965156793,1.4553927450514021
ENSG00000163026,,gene-driven,2.1887751518987337,1.125645599303136,1.9444620520470735
ENSG00000163050,,regulation-driven,13.809389455696204,6.541851738675958,2.1109297500666324
ENSG00000163053,,neutral,0.1381748691983122,0.12730145644599303,1.0854146767514177
ENSG00000163071,,gene-driven,0.5404628101265823,1.2294940557491287,0.43958147467193665
ENSG00000163082,,neutral,3.8784860253164557,1.9645511324041813,1.9742352140104575
ENSG00000163104,,neutral,0.5159448227848102,0.46125834146341466,1.1185593330364372
ENSG00000163106,,neutral,2.5629687594936708,4.147910341463414,0.6178939631056335
ENSG00000163121,,neutral,9.813032438818567,5.452368613240418,1.7997742146392677
ENSG00000163125,,neutral,2.3460901012658226,2.5060921637630664,0.9361547572707821
ENSG00000163126,,neutral,0.6007009578059072,1.2516270139372823,0.4799360760968744
ENSG00000163131,,neutral,1.9416913797468351,2.936014020905923,0.661335867581353
ENSG00000163132,,neutral,2.7666470337552744,2.6123880871080143,1.0590490162654314
ENSG00000163155,,neutral,7.495269932489452,5.601824585365854,1.3380051121325744
ENSG00000163162,,neutral,14.592035852320677,8.498484452961673,1.7170162436710037
ENSG00000163170,,neutral,6.969036016877636,1.8074976411149823,3.8556266179017973
ENSG00000163217,,neutral,0.0013379367088607594,0.0028362787456445993,0.47172257343016805
ENSG00000163218,,neutral,0.23716497468354433,0.7622469895470384,0.31113927366834004
ENSG00000163220,,neutral,0.5176374345991561,0.7341482543554007,0.7050856983289484
ENSG00000163221,,neutral,2.6146947257383966,3.340059369337979,0.7828288172783724
ENSG00000163239,,neutral,3.3981922489451475,2.472721114982578,1.3742723465072566
ENSG00000163273,,neutral,4.517022029535865,4.194189299651567,1.0769714256605245
ENSG00000163291,,neutral,0.14659174683544304,0.1584797979094077,0.9249869621820174
ENSG00000163293,,neutral,0.0008693248945147679,0.0028678675958188154,0.303125882025444
ENSG00000163295,,neutral,1.9902406582278482,0.4755346550522649,4.185269437427448
ENSG00000163328,,regulation-driven,0.14269718565400843,0.5309802020905923,0.2687429495340438
ENSG00000163344,,neutral,9.1848765907173,34.46244581184669,0.26651841952436056
ENSG00000163347,,neutral,11.691325894514769,10.6981702543554,1.0928341591642776
ENSG00000163348,,gene-driven,9.083036080168776,10.66849231707317,0.8513889132799832
ENSG00000163357,,neutral,1.372650016877637,0.2455739233449477,5.58955933993664
ENSG00000163380,,neutral,18.576037881856543,36.483138536585365,0.5091677587778928
ENSG00000163382,,gene-driven,0.48055920675105485,0.41562623693379797,1.156229236865043
ENSG00000163389,,neutral,1.6684937341772152,3.9877570975609755,0.4184040535462185
ENSG00000163393,,neutral,0.09476093670886075,0.09341228222996516,1.0144376568765918
ENSG00000163394,,neutral,0.03308015611814346,0.3016073832752613,0.10967953025192664
ENSG00000163428,,neutral,11.716743080168778,5.194618149825783,2.2555542567766476
ENSG00000163431,,neutral,0.016876995780590716,0.019432648083623695,0.8684866677955908
ENSG00000163440,,gene-driven,10.624656021097048,11.374026202090592,0.9341156625034144
ENSG00000163444,,neutral,10.328091219409282,3.398491177700348,3.0390225189279367
ENSG00000163453,,gene-driven,12.794555362869199,5.355393261324042,2.3890972592563506
ENSG00000163463,,gene-driven,0.0207938776371308,0.09504689895470385,0.21877491918006142
ENSG00000163472,,neutral,27.86057768354431,10.323664411149826,2.698710125975633
ENSG00000163481,,neutral,2.0462837848101265,1.6837877770034844,1.2152860430260102
ENSG00000163485,,neutral,23.79595317721519,10.838918257839719,2.195417717077415
ENSG00000163492,,regulation-driven,0.017916210970464138,0.1397140487804878,0.12823485631436574
ENSG00000163497,,neutral,0.02019015189873418,0.22251966202090595,0.09073423766407346
ENSG00000163501,,neutral,2.309738578059072,0.5227349965156793,4.418565034778175
ENSG00000163507,,neutral,8.610056628691982,1.107821386759582,7.772062113619878
ENSG00000163508,,gene-driven,6.914722759493672,3.8296937665505233,1.8055550080501324
ENSG00000163510,,neutral,7.414193341772152,6.670964003484321,1.1114125841332128
ENSG00000163513,,neutral,0.0028992447257383965,0.006389034843205575,0.4537844599206719
ENSG00000163517,,gene-driven,0.001573016877637131,0.009798968641114982,0.16052882045534786
ENSG00000163518,,neutral,0.0029398270042194094,0.01145080836236934,0.2567353248073323
ENSG00000163527,,regulation-driven,5.061881734177215,7.16638431358885,0.7063369075223762
ENSG00000163528,,neutral,0.0077761012658227845,0.003029895470383275,2.566458592988729
ENSG00000163530,,neutral,6.667042561181434,9.826425156794427,0.6784809790742206
ENSG00000163536,,neutral,33.93391265400844,24.642194390243905,1.3770653748045758
ENSG00000163545,,neutral,0.08204320253164558,0.005551557491289198,14.778411762893098
ENSG00000163558,,regulation-driven,0.495890388185654,1.105722606271777,0.4484763044301623
ENSG00000163565,,gene-driven,1.6539702911392404,0.17411161324041813,9.49948289121526
ENSG00000163568,,neutral,0.3877627088607595,0.2830931219512195,1.3697355350356264
ENSG00000163577,,neutral,0.001392185654008439,0.00430908362369338,0.32308160518249024
ENSG00000163581,,neutral,3.6187047974683546,2.4280329965156793,1.4903853459410705
ENSG00000163584,,gene-driven (relaxed),0.013013763713080169,0.062281773519163766,0.20894979345885042
ENSG00000163586,,neutral,16.982638510548522,7.949629132404183,2.1362806022389265
ENSG00000163590,,neutral,5.268761489451476,3.732714895470383,1.411509219695582
ENSG00000163599,,neutral,0.0032517130801687764,0.009833937282229966,0.3306623773211019
ENSG00000163600,,neutral,23.00016240084388,11.33009957142857,2.0300053195334695
ENSG00000163606,,gene-driven,2.1223421012658226,1.4376929790940767,1.476213720263946
ENSG00000163607,,neutral,5.70557052742616,4.858074425087108,1.1744510331012181
ENSG00000163623,,regulation-driven,4.072747852320675,9.035702118466897,0.45073949970051747
ENSG00000163626,,gene-driven,3.699486303797469,2.985537581881533,1.2391357342974707
ENSG00000163630,,neutral,0.056095050632911404,0.18115932752613242,0.30964483804909043
ENSG00000163633,,gene-driven,17.351661970464136,24.330738101045295,0.7131580595049303
ENSG00000163644,,neutral,0.08255808016877637,0.14105556097560976,0.5852876667730362
ENSG00000163659,,neutral,2.7728482025316454,1.9667581393728224,1.4098572402074188
ENSG00000163661,,neutral,0.1676680886075949,0.25302097212543556,0.6626647870298799
ENSG00000163666,,neutral,2.607232611814346,1.588717898954704,1.64109223766521
ENSG00000163673,,regulation-driven,1.8698889367088607,2.786525463414634,0.671046778958008
ENSG00000163687,,neutral,0.1994658565400844,0.12144263763066204,1.6424697324732918
ENSG00000163704,,neutral,0.3559397848101266,0.05442974912891986,6.539434601601114
ENSG00000163705,,gene-driven,0.7917163206751056,0.8886540243902439,0.890916260935573
ENSG00000163719,,gene-driven,1.7236516540084388,2.073966738675958,0.8310893428835006
ENSG00000163736,,neutral,0.7171503755274261,0.03630056794425087,19.7558995944306
ENSG00000163738,,gene-driven,0.7003226624472573,0.5919615644599303,1.1830542800294628
ENSG00000163743,,neutral,0.0027989367088607597,0.0061741393728222994,0.4533322848494948
ENSG00000163751,,neutral,2.6226569409282696,10.231847923344947,0.2563229008656809
ENSG00000163781,,neutral,3.6773709789029536,1.691674592334495,2.1738051724405323
ENSG00000163788,,regulation-driven,0.0031920464135021098,0.003986707317073171,0.8006723743757396
ENSG00000163792,,neutral,0.04501311814345993,0.5519598641114983,0.08155143348315463
ENSG00000163798,,gene-driven,0.12328716033755276,0.2785490662020906,0.4426048236977628
ENSG00000163807,,neutral,3.874308962025316,0.24567828222996518,15.769847162960868
ENSG00000163812,,regulation-driven,0.16144521518987343,0.08228104181184667,1.9621192395576699
ENSG00000163814,,gene-driven,28.775233282700423,30.62877305923345,0.9394837079190721
ENSG00000163815,,neutral,0.38746344725738396,0.4509442508710801,0.8592269366089678
ENSG00000163817,,regulation-driven,2.601089088607595,4.517788449477353,0.5757438883417629
ENSG00000163818,,neutral,0.5229683502109704,1.4978924111498257,0.34913612374170766
ENSG00000163823,,neutral,0.001971113924050633,0.00676781881533101,0.2912480339434481
ENSG00000163825,,gene-driven,0.402763194092827,1.0905743867595816,0.36931290426648966
ENSG00000163827,,neutral,5.327769080168776,7.406379613240418,0.7193486370377639
ENSG00000163832,,neutral,0.0031094430379746837,0.2725700104529617,0.011407869239933461
ENSG00000163840,,neutral,10.73552712236287,4.174189341463414,2.57188312368196
ENSG00000163875,,neutral,6.480462341772152,3.232382111498258,2.0048565170311377
ENSG00000163877,,neutral,4.748975029535865,2.408235320557491,1.9719729998962507
ENSG00000163879,,neutral,7.068493970464136,6.13906537630662,1.1513957804952841
ENSG00000163884,,neutral,0.4724376413502109,0.22867593728223,2.065970066483786
ENSG00000163885,,neutral,24.158472772151896,49.095404094076656,0.49207198143963554
ENSG00000163898,,gene-driven,1.7689913544303797,2.216980668989547,0.797928181862158
ENSG00000163902,,neutral,5.084166729957807,7.582045285714287,0.6705534639231371
ENSG00000163909,,neutral,3.6770596202531647,3.357883613240418,1.0950527307599967
ENSG00000163914,,neutral,0.02179587341772152,0.006560655052264808,3.322209938502612
ENSG00000163931,,regulation-driven,1.673796054852321,7.586971414634148,0.22061451973099774
ENSG00000163935,,neutral,15.826152046413503,9.323133320557492,1.6975142907714156
ENSG00000163938,,gene-driven,17.214356523206753,2.9639084947735195,5.807991897712804
ENSG00000163946,,neutral,5.221869405063291,10.66278587456446,0.4897284318087826
ENSG00000163947,,gene-driven,25.89767059915612,21.20323930313589,1.2214016089195359
ENSG00000163956,,neutral,0.10290036708860759,0.11188476306620208,0.9196995575503124
ENSG00000163958,,neutral,0.4093560253164557,0.5673360069686411,0.7215407100700423
ENSG00000163961,,neutral,6.810138004219409,7.269424076655052,0.9368194691088956
ENSG00000163964,,neutral,0.6212298396624473,1.2112524668989546,0.5128822079949346
ENSG00000163982,,neutral,0.2543626666666667,0.2190025017421603,1.161460095858344
ENSG00000163993,,neutral,2.1817073333333337,10.632909540069688,0.20518441590344186
ENSG00000164007,,neutral,4.966877738396625,3.6762477386759587,1.3510726402202429
ENSG00000164008,,neutral,2.0435240548523206,1.8709613379790941,1.0922321126419527
ENSG00000164010,,gene-driven,4.113440219409283,2.6124913728222996,1.5745277715369044
ENSG00000164022,,neutral,0.10598112236286919,0.6918415052264809,0.15318699667805455
ENSG00000164032,,gene-driven,0.9429779493670886,1.6051789233449478,0.5874597128412741
ENSG00000164035,,gene-driven,1.453332687763713,1.785224480836237,0.8140896023803915
ENSG00000164038,,neutral,1.1539155907172998,2.888754975609756,0.39945083624606553
ENSG00000164039,,neutral,10.449443527426162,9.983353808362368,1.0466866874610197
ENSG00000164040,,neutral,2.8299969324894514,0.3262952055749129,8.673118342340224
ENSG00000164047,,gene-driven,5.632651248945147,2.545719337979094,2.212597109552775
ENSG00000164049,,neutral,9.816567396624475,11.967408425087108,0.8202751212239189
ENSG00000164050,,gene-driven,4.6146405907173,4.508620324041813,1.0235150132536428
ENSG00000164053,,neutral,30.567893337552736,22.345337174216027,1.367976374633747
ENSG00000164061,,regulation-driven,13.370806084388185,14.526940421602788,0.9204144641843968
ENSG00000164070,,gene-driven,2.207528168776371,2.171567048780488,1.0165599860322425
ENSG00000164076,,neutral,5.644955337552742,5.180419853658537,1.0896713967239815
ENSG00000164077,,gene-driven,0.1289868818565401,0.1186712055749129,1.086926531433232
ENSG00000164082,,regulation-driven,5.125226164556962,8.983660543554006,0.5705053234935993
ENSG00000164086,,neutral,3.322743042194093,1.4138268989547038,2.3501767045532405
ENSG00000164087,,neutral,3.8070601814345983,6.283216167247387,0.6059094705796877
ENSG00000164088,,neutral,1.6167815105485235,30.233120728222996,0.053477162515983265
ENSG00000164099,,neutral,1.5433021223628693,1.8785125609756101,0.8215553914429785
ENSG00000164100,,regulation-driven,30.615010510548526,4.834208881533102,6.332992897245144
ENSG00000164105,,neutral,5.740964569620254,31.830105041811848,0.18036272774089043
ENSG00000164106,,neutral,0.003079852320675105,0.024199766550522646,0.1272678525325935
ENSG00000164109,,neutral,20.332602029535863,26.98846974912892,0.7533810630442327
ENSG00000164116,,neutral,3.826785261603375,3.9747588118466903,0.9627716907495663
ENSG00000164117,,gene-driven,1.8889929957805909,0.9809320174216027,1.9257124471743134
ENSG00000164123,,neutral,0.2369777510548523,12.193341205574914,0.01943501350938197
ENSG00000164125,,dual-driven,5.288206265822785,3.5044115191637633,1.5090140632469664
ENSG00000164136,,gene-driven,0.17430073839662447,0.20672890243902436,0.8431367667519798
ENSG00000164144,,neutral,7.140398080168777,4.371140554006969,1.6335320248678036
ENSG00000164161,,gene-driven,1.8010577805907177,1.7424833728222997,1.0336154758673795
ENSG00000164163,,neutral,3.799293696202532,3.1581795017421608,1.203001189168225
ENSG00000164167,,neutral,7.433687139240506,5.762620846689894,1.289983730841929
ENSG00000164168,,neutral,2.2796186413502113,2.191831442508711,1.0400519844450362
ENSG00000164169,,neutral,1.6168567426160334,0.6812893031358885,2.3732307775475796
ENSG00000164172,,gene-driven,0.062031582278481004,0.07514523344947735,0.8254892483657916
ENSG00000164175,,neutral,13.77579046835443,42.35515920905923,0.32524468625791314
ENSG00000164176,,regulation-driven,1.177976556962025,0.8877152578397212,1.3269756789228369
ENSG00000164187,,gene-driven,0.7496711350210972,5.864103477351917,0.1278407070946896
ENSG00000164197,,gene-driven,3.173093164556963,1.9534320975609756,1.6243682944079996
ENSG00000164209,,neutral,3.5765154008438813,5.987322135888502,0.597348083111472
ENSG00000164211,,neutral,1.8657723881856538,1.3443627735191637,1.387848893867826
ENSG00000164219,,neutral,0.17035732067510548,0.08713098606271778,1.955186419587637
ENSG00000164220,,gene-driven,18.638004679324894,2.7607553101045297,6.751052732239138
ENSG00000164221,,neutral,0.42533770464135023,0.8788897909407665,0.4839488511819751
ENSG00000164236,,neutral,5.4818683206751055,6.986545592334495,0.7846321545070438
ENSG00000164237,,neutral,0.7268905527426159,0.2509113449477352,2.897001540101852
ENSG00000164241,,neutral,6.974855308016878,1.5440955853658538,4.517113690448299
ENSG00000164244,,neutral,0.5914311097046413,0.2331994773519164,2.5361596707702954
ENSG00000164258,,gene-driven,0.007546396624472573,0.007842926829268291,0.9621913845110572
ENSG00000164265,,gene-driven,0.006598168776371309,0.004554787456445993,1.448622760000249
ENSG00000164270,,regulation-driven,0.1527624219409283,0.12209313588850175,1.2511958254592987
ENSG00000164291,,gene-driven,10.42766835864979,8.730918822299651,1.194338026831319
ENSG00000164294,,gene-driven,1.1231000253164558,0.9976692857142856,1.1257237657791255
ENSG00000164304,,regulation-driven,19.37265435443038,6.594076484320558,2.9378874207017187
ENSG00000164325,,neutral,3.1255254514767934,11.782412442508713,0.2652704161161843
ENSG00000164326,,neutral,2.947458886075949,2.2316681393728226,1.320742467965819
ENSG00000164330,,regulation-driven,5.610386210970464,4.055776313588851,1.3833076030778384
ENSG00000164332,,neutral,0.0068652573839662456,0.015404351916376307,0.445669991261873
ENSG00000164344,,neutral,19.860165333333327,11.18072763414634,1.7762855856250068
ENSG00000164363,,neutral,7.896794485232068,7.481561780487805,1.0555008054370687
ENSG00000164399,,neutral,0.00010644303797468355,0.003187125435540069,0.03339781885824849
ENSG00000164400,,neutral,6.753467303797468,38.2216492369338,0.17669220032691718
ENSG00000164402,,gene-driven,0.739651894514768,3.7173818815331012,0.19897118942478006
ENSG00000164404,,neutral,50.46035249367089,75.54129706620209,0.6679836652718443
ENSG00000164405,,neutral,0.3198951223628692,0.3342259581881533,0.957122313589968
ENSG00000164406,,neutral,0.08932618987341773,0.054362268292682925,1.6431652445496079
ENSG00000164430,,gene-driven,162.22647036708864,33.405237717770035,4.856318393471324
ENSG00000164434,,neutral,0.4528913586497891,0.8244382334494774,0.5493332796501641
ENSG00000164438,,neutral,0.08101991561181435,0.25520780139372823,0.3174664534914387
ENSG00000164442,,neutral,0.005051582278481012,0.013598045296167247,0.3714932674849123
ENSG00000164458,,regulation-driven,1.8743922911392406,2.3679189059233448,0.791577906849112
ENSG00000164463,,neutral,1.7881145443037978,1.6907470522648085,1.0575884440600163
ENSG00000164466,,gene-driven,0.24481799156118145,0.10426781533101045,2.3479727736116645
ENSG00000164483,,neutral,2.7345932025316455,1.4087093170731708,1.941204739252538
ENSG00000164484,,neutral,0.0009141392405063291,0.0024750069686411153,0.369348148142076
ENSG00000164485,,neutral,0.6130964219409283,0.9670822369337978,0.6339651360827323
ENSG00000164488,,neutral,3.4827882447257386,2.6237159547038327,1.327425797934319
ENSG00000164500,,neutral,5.127645945147679,7.260204313588852,0.7062674442302285
ENSG00000164509,,gene-driven,0.3567364556962026,0.696618331010453,0.5120974281264637
ENSG00000164512,,gene-driven,0.016212556962025317,0.07456952613240418,0.2174153143100121
ENSG00000164530,,neutral,0.003077502109704642,0.00395320905923345,0.7784820037575719
ENSG00000164532,,neutral,5.245321455696202,4.517190080139373,1.1611912190186966
ENSG00000164543,,neutral,19.326687864978904,9.032931351916378,2.13958095240906
ENSG00000164548,,neutral,0.03220751898734177,0.03499537630662022,0.9203364097344752
ENSG00000164576,,neutral,84.06888609704643,38.9424317456446,2.15879908697404
ENSG00000164587,,neutral,2.940858565400844,9.577010432055747,0.30707480024845035
ENSG00000164588,,regulation-driven,0.9620217848101267,0.7396969128919861,1.300562119488804
ENSG00000164591,,gene-driven,6.319647548523207,4.333896881533102,1.4581905664279793
ENSG00000164603,,gene-driven,15.518532586497889,5.612207414634146,2.7651388197151165
ENSG00000164615,,gene-driven,0.32345940928270045,0.38677640766550525,0.8362956035375274
ENSG00000164620,,neutral,0.09583572151898737,0.07351155400696864,1.3036824321507674
ENSG00000164626,,gene-driven,0.08717181434599156,0.342703724738676,0.2543649457339958
ENSG00000164674,,neutral,0.07455926160337552,0.0807615818815331,0.9232020951836284
ENSG00000164675,,neutral,13.814871662447258,10.81424436933798,1.2774698990173614
ENSG00000164683,,gene-driven,9.837183278481012,3.643416536585366,2.6999886451908366
ENSG00000164684,,neutral,2.2825671729957806,0.7985817038327526,2.85827631918026
ENSG00000164690,,gene-driven,0.3135778227848101,0.4093874529616725,0.7659683278426409
ENSG00000164691,,neutral,15.559180434599154,4.053675724738675,3.838289367757011
ENSG00000164692,,regulation-driven,0.777041911392405,0.24233418466898957,3.20648905747155
ENSG00000164695,,regulation-driven,0.82681617721519,1.162944581881533,0.7109678226261483
ENSG00000164708,,neutral,18.97715239662447,14.90496413937282,1.2732102015928097
ENSG00000164715,,neutral,0.008078080168776371,0.003143696864111498,2.569611676302472
ENSG00000164742,,regulation-driven,1.930523135021097,0.5999356271777004,3.217883798805097
ENSG00000164746,,gene-driven,0.039099949367088604,0.07180632404181185,0.544519579422019
ENSG00000164749,,regulation-driven,4.0126227679324895,6.336146700348432,0.6332906982270203
ENSG00000164754,,gene-driven,0.013037084388185653,0.039487860627177705,0.33015423426643725
ENSG00000164756,,neutral,8.23224046835443,3.2912477317073168,2.501252150984089
ENSG00000164758,,neutral,0.2937442362869198,0.38074918815331005,0.7714901184993272
ENSG00000164764,,neutral,0.5660083080168776,1.6386752787456447,0.3454060211673783
ENSG00000164776,,regulation-driven,0.7066720464135021,1.5509529790940768,0.4556373119875462
ENSG00000164794,,neutral,1.2727529493670886,0.8098820209059234,1.5715288356980734
ENSG00000164808,,gene-driven,4.41502729535865,4.365995435540069,1.0112303964909015
ENSG00000164815,,neutral,0.08753960337552741,0.16272719512195122,0.5379531264575867
ENSG00000164816,,neutral,2.2810486666666665,1.455334731707317,1.5673704591593633
ENSG00000164823,,neutral,0.013853037974683544,0.8391594599303137,0.016508230719145967
ENSG00000164825,,neutral,9.662771721518986,9.433408801393728,1.0243138959578824
ENSG00000164889,,neutral,0.0013523333333333332,0.001842627177700348,0.7339158727817552
ENSG00000164896,,gene-driven,10.558675244725737,8.308314317073169,1.2708564988963151
ENSG00000164900,,neutral,12.064562725738398,9.424574613240418,1.2801174823093986
ENSG00000164902,,neutral,5.443249320675105,7.652864888501743,0.7112694918805458
ENSG00000164919,,neutral,0.020827367088607593,0.013176010452961672,1.5807035948370902
ENSG00000164924,,gene-driven,31.54956142616034,118.62834348432054,0.2659529796968828
ENSG00000164930,,neutral,2.244628299578059,1.2114747665505228,1.8528064814501028
ENSG00000164932,,gene-driven,3.7137231645569617,5.523672418118466,0.6723286399778883
ENSG00000164933,,neutral,4.122546316455696,1.7645809024390242,2.336275038881734
ENSG00000164935,,neutral,4.623488886075949,1.334325655052265,3.4650378403275535
ENSG00000164938,,neutral,4.158273898734177,2.140820961672474,1.9423734974481979
ENSG00000164946,,regulation-driven,1.5668258185654007,1.3516368327526131,1.159206216195333
ENSG00000164967,,neutral,29.00537908016878,39.32147910801393,0.7376472029572592
ENSG00000164972,,neutral,9.872377143459916,6.686916432055749,1.4763721430903043
ENSG00000164975,,neutral,6.724722907172995,13.797548275261324,0.4873853508619545
ENSG00000164976,,neutral,10.930526421940927,15.18078237630662,0.7200239191229516
ENSG00000164978,,neutral,10.716351835443037,9.47555812195122,1.1309467682560435
ENSG00000164985,,neutral,0.6107246202531645,0.25977908013937284,2.350938420158804
ENSG00000165006,,neutral,15.628369485232069,79.12852134146341,0.19750614848204917
ENSG00000165025,,regulation-driven,2.722084873417722,1.8553159756097561,1.4671812829742379
ENSG00000165030,,neutral,0.8150676244725737,0.9544436132404182,0.8539714794731027
ENSG00000165046,,neutral,4.871673540084387,2.74590706271777,1.774158203032055
ENSG00000165066,,neutral,0.09378061603375526,0.16649919860627177,0.5632496541651384
ENSG00000165071,,dual-driven,0.8774481940928269,0.48775059233449475,1.7989689974401533
ENSG00000165072,,neutral,0.022292877637130802,0.03840279442508711,0.580501444513832
ENSG00000165076,,neutral,0.006931573839662448,0.011953651567944253,0.5798708286136297
ENSG00000165078,,neutral,2.738217953586498,1.130202825783972,2.4227668619454357
ENSG00000165084,,regulation-driven,0.03155694514767933,0.10855542160278746,0.29069893222973786
ENSG00000165097,,neutral,7.487315240506331,5.600348337979094,1.3369374168622083
ENSG00000165105,,neutral,2.918907843881857,2.2441038885017424,1.3007008538408809
ENSG00000165115,,neutral,5.199205303797469,2.229444226480836,2.332063409365653
ENSG00000165118,,neutral,65.49842562025317,31.400779853658534,2.085885316399933
ENSG00000165120,,gene-driven,2.0922610253164557,1.8177482578397213,1.1510180335988744
ENSG00000165152,,neutral,12.918507696202532,8.863398480836238,1.4575117799491855
ENSG00000165185,,regulation-driven,0.8255907383966246,1.4011753763066201,0.5892129938600633
ENSG00000165233,,gene-driven,9.864455194092827,8.682171229965157,1.1361737672308514
ENSG00000165244,,neutral,2.3511455105485233,1.7730446585365853,1.3260497975776222
ENSG00000165272,,neutral,3.615801658227848,2.99749893728223,1.2062728741135837
ENSG00000165275,,neutral,54.193155962025315,35.76967693379791,1.5150585805492558
ENSG00000165283,,gene-driven,2.7827243966244715,0.8879144146341464,3.134000699573119
ENSG00000165325,,neutral,2.6138218227848102,2.029394675958188,1.287981019044845
ENSG00000165379,,regulation-driven,0.045588666666666666,0.03746042508710802,1.216982096723616
ENSG00000165383,,neutral,1.6822921772151902,6.7883921184669,0.247818945614344
ENSG00000165392,,neutral,5.819461265822786,4.299959445993031,1.3533758489852086
ENSG00000165410,,gene-driven,9.146898029535867,7.709894303135889,1.186384361432231
ENSG00000165416,,neutral,11.02240740506329,6.893872146341463,1.5988702968494732
ENSG00000165417,,neutral,5.457227565400844,24.96926362369338,0.21855780961928212
ENSG00000165434,,neutral,20.628221253164554,49.3487231707317,0.4180092194441815
ENSG00000165443,,regulation-driven,3.5387765232067507,1.874290094076655,1.8880623305807331
ENSG00000165449,,neutral,2.867088691983122,2.921966491289199,0.981218881369901
ENSG00000165457,,neutral,5.251015645569621,6.60090831010453,0.7954989523989414
ENSG00000165458,,gene-driven,0.03627120675105485,0.028028770034843206,1.29407058197578
ENSG00000165471,,gene-driven,1.142984312236287,1.0579010627177698,1.0804264713563445
ENSG00000165474,,neutral,10.726759299578058,28.371765522648083,0.37807866736440143
ENSG00000165476,,gene-driven,9.167233396624473,51.07386499651568,0.17948971352079723
ENSG00000165478,,regulation-driven,2.2103165527426163,0.1684869756097561,13.118619672193997
ENSG00000165480,,neutral,7.424843130801687,7.684079592334496,0.9662631733029654
ENSG00000165494,,neutral,5.066620291139241,6.903265369337979,0.7339454620480754
ENSG00000165495,,regulation-driven,0.052199316455696206,0.013624229965156795,3.8313590264692414
ENSG00000165501,,gene-driven,85.93679033333335,84.56354670383276,1.0162391915077795
ENSG00000165512,,neutral,20.020053109704637,17.528910770034845,1.1421162086082568
ENSG00000165516,,neutral,2.0870777805907172,1.997552038327526,1.0448177271707764
ENSG00000165525,,gene-driven,9.12997499578059,4.723464268292683,1.9328980759032308
ENSG00000165526,,gene-driven,21.83418806751055,10.708392937282229,2.0389789761536363
ENSG00000165527,,gene-driven,1.9777848312236292,4.6541593867595825,0.4249499569890417
ENSG00000165556,,regulation-driven,16.02204970886076,13.039613076655051,1.2287212522850999
ENSG00000165566,,neutral,0.7969783544303798,0.4985730696864112,1.5985186583215523
ENSG00000165588,,regulation-driven,0.557658717299578,0.5015041324041811,1.1119723273788298
ENSG00000165606,,neutral,4.735000924050633,3.6852949024390242,1.2848363697887204
ENSG00000165609,,neutral,71.92143008016879,3.90320781184669,18.426236456557316
ENSG00000165623,,neutral,0.8535917004219409,0.6009538780487804,1.4203946951693578
ENSG00000165629,,neutral,8.19754546835443,5.887094418118467,1.392460335462802
ENSG00000165630,,gene-driven,3.260935637130802,2.732390348432056,1.1934369622561594
ENSG00000165632,,gene-driven,0.6105817468354431,1.345270905923345,0.4538727063426396
ENSG00000165633,,neutral,16.036778227848103,13.085437020905923,1.2255439541092112
ENSG00000165637,,neutral,0.11546904219409285,5.553851202090592,0.020790805873702155
ENSG00000165646,,neutral,7.660772894514769,7.417659344947735,1.0327749682563439
ENSG00000165650,,regulation-driven,3.2659722194092824,2.3470677456445994,1.3915116960172424
ENSG00000165660,,neutral,4.923969603375528,3.810550574912892,1.2921937411860984
ENSG00000165669,,gene-driven,9.076986860759494,4.3803784773519165,2.0721923705201912
ENSG00000165672,,neutral,2.2674886793248943,2.4480477944250874,0.9262436315535267
ENSG00000165678,,neutral,0.01547826582278481,0.0022498466898954704,6.879698022225658
ENSG00000165682,,neutral,3.678548894514768,2.4208111219512194,1.5195522117189335
ENSG00000165685,,neutral,7.442196839662447,7.626189271777003,0.9758736079636163
ENSG00000165688,,neutral,5.203312468354431,3.265164512195122,1.593583554188613
ENSG00000165695,,neutral,3.1748977215189877,4.130266891986063,0.7686906934947053
ENSG00000165698,,gene-driven,6.6372018902953585,6.127429449477352,1.0831951546764016
ENSG00000165702,,neutral,11.497433291139242,45.61201168292683,0.25207029611112025
ENSG00000165714,,neutral,19.652828354430376,14.306322149825784,1.373716329648686
ENSG00000165716,,neutral,12.225491088607594,6.892953466898955,1.7736215901233516
ENSG00000165730,,neutral,0.4871691603375527,1.4275546097560978,0.34126131288300565
ENSG00000165757,,neutral,0.0012427172995780591,0.0015522613240418117,0.800585107887791
ENSG00000165782,,gene-driven,2.9507271350210975,2.7846383205574914,1.0596446630923166
ENSG00000165792,,neutral,0.019429632911392408,0.10135970383275261,0.19168991400618185
ENSG00000165794,,neutral,34.18834197046414,223.47467436585367,0.15298530836874114
ENSG00000165816,,neutral,6.489708130801688,4.726251390243903,1.3731195391336937
ENSG00000165828,,neutral,8.013388637130802,9.277657372822299,0.8637297450329424
ENSG00000165832,,regulation-driven,0.5186642236286919,0.35666936236933794,1.4541877670210575
ENSG00000165861,,neutral,0.004357265822784811,0.030401303135888506,0.14332496877875908
ENSG00000165886,,neutral,0.13028327426160338,0.8648101602787456,0.15064956477802074
ENSG00000165887,,neutral,0.9737510717299578,0.03941154006968642,24.707257569945185
ENSG00000165891,,regulation-driven,0.5362753248945148,0.5749414285714286,0.9327477517614473
ENSG00000165929,,neutral,8.29240611392405,4.850497400696863,1.70959912538716
ENSG00000165953,,neutral,0.2818569071729958,2.3795651219512197,0.118448915128608
ENSG00000165966,,regulation-driven,0.08908999156118144,0.24932708362369335,0.357321756892019
ENSG00000165970,,neutral,0.027279751054852322,0.03643096515679443,0.7488067070812866
ENSG00000165973,,regulation-driven,4.566316616033754,15.007047783972128,0.3042781419614513
ENSG00000165983,,neutral,5.186131502109704,13.72078825087108,0.37797620714542085
ENSG00000165997,,neutral,2.7252984092827006,1.7199076062717769,1.5845609376600742
ENSG00000166002,,neutral,1.878628405063291,1.4461863205574914,1.2990223862296646
ENSG00000166006,,regulation-driven,0.0004898776371308017,0.0027946724738675964,0.1752898207970866
ENSG00000166012,,neutral,0.0,0.0,nan
ENSG00000166016,,neutral,3.905796835443038,1.9917309233449476,1.961006273319076
ENSG00000166024,,neutral,9.903839835443039,4.639945282229965,2.134473411437136
ENSG00000166033,,gene-driven,0.011770932489451475,0.2079368118466899,0.056608218549248926
ENSG00000166035,,neutral,8.601903421940928,2.597033724738676,3.3122032032165802
ENSG00000166069,,neutral,5.2220255738396615,7.695459435540069,0.6785852901417027
ENSG00000166073,,regulation-driven,12.308881552742616,14.06326363763066,0.8752507149056321
ENSG00000166086,,gene-driven,0.0017254135021097046,0.011341128919860626,0.15213772053046273
ENSG00000166090,,neutral,0.8264242194092826,9.792335850174215,0.08439500360831473
ENSG00000166091,,gene-driven,0.00515668776371308,0.0035436306620209054,1.4551989909615073
ENSG00000166106,,neutral,19.64108323206751,38.50399781881533,0.5101050370013712
ENSG00000166118,,neutral,16.239653413502108,19.230484229965157,0.8444744926493997
ENSG00000166130,,neutral,6.228915953586499,4.097893104529617,1.5200289013643011
ENSG00000166133,,neutral,8.720322620253164,9.397296756097562,0.9279607579269927
ENSG00000166135,,neutral,30.725564856540082,62.0350094912892,0.49529394947307115
ENSG00000166136,,gene-driven,5.403462831223629,5.547474721254355,0.9740400998171357
ENSG00000166148,,neutral,0.006259603375527426,0.005202717770034844,1.2031410605395003
ENSG00000166170,,gene-driven,6.462016472573839,8.327772027874566,0.775959818657895
ENSG00000166171,,neutral,6.934389497890296,16.08904304529617,0.43100074245358244
ENSG00000166199,,neutral,17.918636772151903,12.580937512195122,1.4242687999032482
ENSG00000166224,,neutral,6.3904383755274266,4.980682993031359,1.2830445913679918
ENSG00000166226,,regulation-driven,8.641238675105486,15.502425592334495,0.5574120400473543
ENSG00000166228,,neutral,16.53138769620253,10.231506829268293,1.615733437123139
ENSG00000166272,,gene-driven,7.824445907172996,10.148283296167246,0.7710117739941389
ENSG00000166275,,neutral,1.280843628691983,0.5428877282229966,2.359315862387414
ENSG00000166295,,neutral,8.810944270042194,16.308673313588848,0.5402612524404831
ENSG00000166313,,neutral,0.038063244725738396,0.06460126829268294,0.5892027468143319
ENSG00000166317,,neutral,0.3677067721518987,0.524102637630662,0.7015930578296834
ENSG00000166321,,neutral,0.15054305485232067,0.15075403484320557,0.9986005018631552
ENSG00000166326,,neutral,0.010040666666666666,0.0054096306620209055,1.8560724925563994
ENSG00000166333,,gene-driven,17.594620552742615,19.707917292682925,0.8927691491416535
ENSG00000166343,,gene-driven (relaxed),16.596371392405064,19.69808710801394,0.8425372119332857
ENSG00000166349,,neutral,0.0008305822784810126,0.000567595818815331,1.463334032682938
ENSG00000166391,,neutral,0.3573115485232068,1.4802410731707318,0.24138740303823084
ENSG00000166394,,neutral,0.0041804852320675105,0.007282797909407665,0.5740218641337425
ENSG00000166402,,regulation-driven,2.8558041181434604,4.724005933797909,0.6045301716730719
ENSG00000166407,,neutral,0.0,0.0026621463414634146,0.0
ENSG00000166415,,gene-driven,25.26197342194093,18.136027717770034,1.3929165644794839
ENSG00000166435,,neutral,0.3466254725738397,1.228443411149826,0.2821664143644984
ENSG00000166471,,neutral,0.009524649789029536,0.07026827526132404,0.13554694139863063
ENSG00000166477,,neutral,5.278323869198314,2.8057660418118466,1.8812416254741584
ENSG00000166482,,neutral,2.831878670886076,0.2557826306620209,11.071426795308815
ENSG00000166483,,neutral,10.97926352742616,2.496448181184669,4.397953704857611
ENSG00000166484,,gene-driven (relaxed),0.1636058607594937,0.05460242508710802,2.9963112535476397
ENSG00000166507,,gene-driven,35.165120552742614,7.741196825783972,4.54259481371362
ENSG00000166508,,neutral,0.03958281856540084,0.087815393728223,0.4507503398311282
ENSG00000166527,,neutral,9.567469654008441,4.042093519163763,2.3669590049435025
ENSG00000166578,,neutral,18.56082069620253,26.93050775261324,0.6892116876036789
ENSG00000166689,,neutral,0.0006505063291139241,0.003335128919860627,0.19504683169522224
ENSG00000166710,,gene-driven,5.36196458649789,4.657923013937282,1.1511492505251801
ENSG00000166734,,neutral,0.14536665400843882,0.3073133832752613,0.4730241568367804
ENSG00000166736,,regulation-driven,0.12989964135021095,0.9008103797909408,0.14420309119923544
ENSG00000166741,,gene-driven,0.015585088607594938,0.036587498257839725,0.42596759411544266
ENSG00000166750,,neutral,0.14048654008438818,0.5846481289198605,0.24029246504891338
ENSG00000166793,,neutral,80.33880389029537,54.96122022996516,1.4617361760555347
ENSG00000166794,,gene-driven,0.042844063291139246,0.05677647386759582,0.7546094424788107
ENSG00000166796,,neutral,6.0285198016877635,4.6828634111498255,1.287357599910762
ENSG00000166797,,neutral,0.27252799156118146,0.15771379790940765,1.7279907983556657
ENSG00000166800,,neutral,1.2497717383966243,0.7538960662020907,1.6577507091827803
ENSG00000166819,,neutral,2.7486162700421946,2.489071850174216,1.1042735748467094
ENSG00000166821,,neutral,4.077107430379747,3.5603395714285715,1.14514566618819
ENSG00000166825,,neutral,0.5330884261603376,0.37910836585365854,1.4061637098404671
ENSG00000166831,,neutral,9.475521080168777,2.519631871080139,3.760676783353563
ENSG00000166839,,neutral,0.1305322658227848,0.09616688850174215,1.3573514528383652
ENSG00000166860,,neutral,1.7774290886075947,2.6118715958188155,0.6805193224096359
ENSG00000166866,,gene-driven,0.3165605274261603,0.4133020487804878,0.7659302158317907
ENSG00000166881,,gene-driven,0.002109198312236287,0.0037447142857142857,0.5632467930284213
ENSG00000166886,,gene-driven,23.881456219409287,18.29999806620209,1.3049977455197377
ENSG00000166887,,neutral,1.094396181434599,4.492426432055749,0.24360914930638045
ENSG00000166900,,neutral,8.966216012658228,11.295603334494775,0.7937792915653288
ENSG00000166920,,neutral,70.79774828691983,113.01409136236934,0.6264506260543504
ENSG00000166924,,neutral,8.591136763713079,40.769753414634145,0.21072329470183462
ENSG00000166946,,neutral,0.4914637088607595,0.424618787456446,1.1574233721610114
ENSG00000166961,,neutral,20.38711875949367,125.03335168641115,0.1630534452169643
ENSG00000166963,,neutral,2.210431371308017,2.112785425087108,1.0462166886714883
ENSG00000167034,,neutral,1.9116610295358651,4.496042041811847,0.4251875342263237
ENSG00000167094,,neutral,0.0009332278481012659,0.0016327665505226482,0.5715623264100675
ENSG00000167103,,neutral,0.001834270042194093,0.0023069198606271778,0.7951164986266206
ENSG00000167106,,neutral,0.8058352953586497,2.413642543554007,0.33386687581835733
ENSG00000167112,,neutral,5.992583544303798,5.387931303135889,1.1122234503650759
ENSG00000167113,,neutral,12.688843569620252,19.920751421602787,0.6369661114218819
ENSG00000167114,,neutral,0.0018942616033755274,0.0029941533101045296,0.6326535107547303
ENSG00000167139,,neutral,0.0019419493670886077,0.003550198606271777,0.5469973887257918
ENSG00000167157,,neutral,4.954145299578059,3.7839696968641117,1.309245500481599
ENSG00000167244,,neutral,9.255275084388186,9.888153445993032,0.9359963045616665
ENSG00000167272,,neutral,2.321976805907173,2.2389776341463414,1.0370701209762092
ENSG00000167286,,neutral,13.363023345991563,6.289634209059234,2.1246105738143273
ENSG00000167525,,neutral,216.1633961350211,81.79530874912894,2.6427358664053346
ENSG00000167531,,gene-driven,18.12629424050633,15.460006285714286,1.172463575079902
ENSG00000167580,,gene-driven,1.8031722911392398,5.261978038327526,0.34267955472356215
ENSG00000167588,,gene-driven,1.4573435189873416,1.4136542369337977,1.0309052107029408
ENSG00000167612,,gene-driven,0.2208801434599156,0.4478477804878048,0.49320361311008065
ENSG00000167632,,gene-driven,0.001352645569620253,0.010732909407665504,0.12602785677611197
ENSG00000167653,,gene-driven,64.71098545147679,47.74314515679443,1.355398460636765
ENSG00000167656,,neutral,20.096258109704642,17.587338846689892,1.1426548544316557
ENSG00000167702,,neutral,10.775185599156117,8.977554132404183,1.2002362158155575
ENSG00000167767,,gene-driven,0.3086454050632912,0.08673257839721255,3.5585867590581235
ENSG00000167768,,gene-driven,0.026277886075949365,0.03057112543554007,0.8595655443355168
ENSG00000167771,,neutral,7.073138852320675,5.220984487804878,1.3547519378465958
ENSG00000167779,,gene-driven,0.010220126582278478,0.013996219512195122,0.7302062227141782
ENSG00000167780,,gene-driven,7.4474925738396625,2.562327540069686,2.906534179325535
ENSG00000167791,,neutral,28.74263023206751,35.23809535888502,0.8156692335194635
ENSG00000167797,,neutral,0.003336464135021097,0.005963177700348432,0.5595111034216111
ENSG00000167800,,neutral,4.914410856540084,12.308072076655053,0.39928356170917606
ENSG00000167910,,neutral,7.7351681350210955,2.6331722160278748,2.9375853534903054
ENSG00000167962,,gene-driven,5.617827696202531,17.358225229965157,0.3236406730398098
ENSG00000167965,,gene-driven,10.307920970464135,7.485138087108013,1.3771183444454989
ENSG00000167967,,gene-driven,0.6613302700421941,0.9953156376306619,0.6644427607070292
ENSG00000167968,,gene-driven,12.464478075949366,16.810427104529616,0.7414730154352103
ENSG00000167972,,regulation-driven,13.771312700421943,5.9890952055749125,2.2993978602315424
ENSG00000167977,,neutral,39.3354796371308,25.458535404181184,1.54508022604751
ENSG00000167981,,neutral,0.7189899198312236,0.6612384216027873,1.0873383886079266
ENSG00000167985,,neutral,24.16373679324894,16.165076205574913,1.4948111896259109
ENSG00000167987,,neutral,0.8369991814345991,0.3687284216027875,2.2699611215114195
ENSG00000167992,,neutral,2.3677349029535866,1.842443470383275,1.2851058613272068
ENSG00000167994,,neutral,49.945573215189874,74.09168379790941,0.6741049825702456
ENSG00000167995,,regulation-driven,283.0583043881856,390.7039467421603,0.7244828386005172
ENSG00000168056,,neutral,0.5685268143459915,0.3828185505226481,1.4851077973358466
ENSG00000168062,,neutral,0.005385244725738396,0.017776090592334495,0.30294876692745093
ENSG00000168071,,neutral,10.214359548523207,20.612534212543554,0.49554118106968914
ENSG00000168077,,neutral,6.58341311814346,0.21273280836236932,30.946863198126287
ENSG00000168079,,neutral,3.472153109704641,4.2144604355400705,0.8238665809801806
ENSG00000168092,,gene-driven,3.4101425274261596,2.8951161463414636,1.1778948943846452
ENSG00000168118,,gene-driven,0.0,0.0007421742160278746,0.0
ENSG00000168143,,regulation-driven,0.025719447257383964,0.033775463414634145,0.7614831791246515
ENSG00000168152,,neutral,0.10719697046413502,0.1200254006968641,0.893119038484791
ENSG00000168172,,regulation-driven,15.508065696202532,9.83035661324042,1.5775689841520963
ENSG00000168175,,neutral,37.53088415189873,19.52861355052265,1.921840690574487
ENSG00000168209,,neutral,19.18165899578059,7.175942891986063,2.6730506756404444
ENSG00000168237,,neutral,0.18854700843881858,0.018283425087108014,10.312455545966966
ENSG00000168243,,neutral,28.354985544303798,7.199742013937282,3.938333552704268
ENSG00000168246,,neutral,0.20585772573839656,0.2761794285714286,0.7453767530884559
ENSG00000168263,,neutral,37.318525767932485,15.642343752613238,2.385737480145709
ENSG00000168268,,gene-driven,0.0029406371308016875,0.004343641114982578,0.6769981803189287
ENSG00000168269,,gene-driven,4.055994101265823,1.9294488571428574,2.102151651364302
ENSG00000168273,,neutral,2.8561229662447256,1.0817699825783973,2.6402312989284105
ENSG00000168275,,neutral,68.8944966877637,106.42752306271775,0.6473372179033441
ENSG00000168288,,neutral,10.009591,15.297786083623691,0.6543163138302271
ENSG00000168291,,gene-driven,3.998158729957806,11.046288787456445,0.3619458812717167
ENSG00000168298,,neutral,4.327141147679325,4.083368400696864,1.059698935550576
ENSG00000168301,,neutral,17.287917738396626,9.589955916376306,1.8027108663633042
ENSG00000168303,,neutral,0.28483467932489454,1.0270018780487806,0.2773458212813175
ENSG00000168306,,neutral,35.06053632067511,148.46038508013936,0.23616088764520804
ENSG00000168333,,neutral,0.019284924050632913,0.020063278745644602,0.9612050101641211
ENSG00000168348,,neutral,1.0523348649789028,4.257404167247387,0.2471775813709712
ENSG00000168350,,neutral,0.04495110126582278,0.07145075609756096,0.6291200222492429
ENSG00000168386,,neutral,5.759442071729958,7.189961606271778,0.8010393361080005
ENSG00000168394,,gene-driven,2.5848830801687765,2.451938693379791,1.0542201104570574
ENSG00000168395,,gene-driven,9.034742928270042,8.107143073170732,1.1144176002233204
ENSG00000168398,,gene-driven,0.21866778481012658,0.7621070452961674,0.2869252897736284
ENSG00000168412,,neutral,0.004732122362869198,0.04544234843205575,0.10413463489776607
ENSG00000168427,,neutral,5.420065603375527,5.204689087108013,1.0413812453852431
ENSG00000168438,,regulation-driven,27.763634814345995,19.91379929268293,1.3941907521658805
ENSG00000168439,,dual-driven,0.10003262025316452,0.0683852299651568,1.4627810757400759
ENSG00000168490,,regulation-driven,0.2640268987341772,0.47205027177700354,0.5593194507446517
ENSG00000168497,,neutral,1.7818632784810127,3.867164292682927,0.46076741085256745
ENSG00000168530,,regulation-driven,7.707891603375527,5.391254592334495,1.4297027660936141
ENSG00000168538,,regulation-driven,6.791202042194094,25.83305512195122,0.2628880715089475
ENSG00000168542,,regulation-driven,4.0434648354430385,5.3844803658536575,0.7509480136811654
ENSG00000168556,,neutral,9.888204911392405,4.733341229965157,2.0890538904724587
ENSG00000168564,,neutral,2.1990056244725737,1.4842455156794425,1.4815646072313957
ENSG00000168566,,neutral,4.654414206751054,6.41917587804878,0.725079713529495
ENSG00000168594,,neutral,2.5514414008438817,1.2585111010452963,2.0273491419540925
ENSG00000168615,,regulation-driven,0.003968755274261603,0.0025531393728222994,1.5544608792251122
ENSG00000168621,,gene-driven,0.003873987341772152,0.0014357108013937283,2.6983061895274774
ENSG00000168672,,neutral,7.076307704641351,9.761044574912892,0.7249539381090778
ENSG00000168679,,gene-driven,0.05341951476793249,0.1244386306620209,0.42928401320182885
ENSG00000168685,,gene-driven,19.130548869198307,27.405875344947734,0.6980455332445719
ENSG00000168702,,regulation-driven,0.00315579746835443,0.004348219512195123,0.7257677445914594
ENSG00000168710,,regulation-driven,2.0005905147679326,3.138817634146341,0.6373707389062856
ENSG00000168754,,neutral,0.0,0.002367571428571428,0.0
ENSG00000168758,,neutral,6.288436902953587,4.392279735191638,1.4317022781062052
ENSG00000168772,,gene-driven,4.09310835021097,1.8047484425087108,2.267966135225638
ENSG00000168778,,neutral,0.7670971856540084,0.7102429024390244,1.0800490691561189
ENSG00000168792,,gene-driven,13.387806308016879,2.4822906376306624,5.393327479491077
ENSG00000168795,,neutral,19.944444873417723,12.584776027874566,1.5848072964701085
ENSG00000168811,,gene-driven,4.371341654008439,2.348663174216028,1.8612041530678705
ENSG00000168824,,neutral,2.5634704725738398,1.0447636515679444,2.4536367327927935
ENSG00000168826,,neutral,4.037308367088608,5.1777316271777005,0.7797446174878864
ENSG00000168843,,regulation-driven,0.3448483164556962,0.4963455783972126,0.6947746317581235
ENSG00000168890,,gene-driven,21.232411624472576,22.94713213240418,0.9252751717278775
ENSG00000168894,,gene-driven,7.068724514767933,19.71616750174216,0.3585242676673003
ENSG00000168899,,neutral,0.003366379746835443,0.010918519163763065,0.30831834393879665
ENSG00000168906,,neutral,0.0016245443037974684,0.040048341463414634,0.04056458381133058
ENSG00000168907,,gene-driven,70.11124569198313,182.5042388362369,0.38416228652582
ENSG00000168917,,neutral,1.0462797257383967,1.6385217909407666,0.63855099854221
ENSG00000168924,,neutral,0.006239721518987341,0.012063010452961672,0.5172607238730681
ENSG00000168938,,neutral,0.00029279746835443035,0.00017257839721254354,1.6966055606242987
ENSG00000168952,,neutral,0.022348898734177215,0.024464940766550525,0.9135071671513527
ENSG00000168961,,gene-driven,0.0034490000000000002,0.005585445993031358,0.6174976903013869
ENSG00000168993,,gene-driven,4.488502953586498,5.189808034843205,0.8648687819379248
ENSG00000169006,,neutral,2.117310641350211,1.5289825574912892,1.3847840388867703
ENSG00000169016,,neutral,29.937784902953585,17.121226090592334,1.7485771605693365
ENSG00000169019,,gene-driven,51.2166861350211,95.93257278745645,0.5338821283204225
ENSG00000169020,,neutral,37.079123278481006,56.557275564459935,0.6556030662442514
ENSG00000169026,,neutral,0.041874333333333326,0.32537614285714284,0.12869515559940223
ENSG00000169031,,regulation-driven,16.365004898734174,54.8035129163763,0.29861233391562403
ENSG00000169032,,gene-driven,0.022513354430379745,4.617653324041813,0.004875496892147352
ENSG00000169062,,neutral,0.37846690717299575,0.6102987560975611,0.6201338334572892
ENSG00000169087,,neutral,0.0,0.0,nan
ENSG00000169116,,neutral,5.0669145949367085,1.6000082090592334,3.166805374027383
ENSG00000169129,,neutral,5.431219248945148,2.3519407700348434,2.3092500109450826
ENSG00000169139,,gene-driven,0.001307181434599156,0.006666794425087109,0.19607345768458675
ENSG00000169174,,neutral,25.78342666244726,18.37202494425087,1.4034069048287259
ENSG00000169194,,neutral,0.002542434599156118,0.004960564459930314,0.5125292937311884
ENSG00000169213,,neutral,0.0019998649789029536,0.004732452961672473,0.42258528401647144
ENSG00000169231,,neutral,0.7931913628691983,1.005224630662021,0.7890687699791222
ENSG00000169241,,neutral,2.6719607299578056,3.9468890278745645,0.6769789348236833
ENSG00000169242,,neutral,0.06927048101265822,0.8600336480836237,0.08054391960943699
ENSG00000169245,,neutral,0.16942284810126584,0.23289364111498256,0.7274687590874137
ENSG00000169247,,regulation-driven,0.012186628691983122,0.33881489198606274,0.035968397435389064
ENSG00000169248,,gene-driven,2.4128217848101263,2.363709407665505,1.0207776713099124
ENSG00000169251,,regulation-driven,0.3120255949367089,0.7727586829268293,0.40378141563535674
ENSG00000169271,,neutral,3.47714976371308,12.102545578397212,0.2873073058216545
ENSG00000169282,,gene-driven,12.51391164135021,9.468275010452961,1.3216675294639066
ENSG00000169299,,neutral,1.241870345991561,1.1474812787456448,1.082257609770415
ENSG00000169302,,gene-driven,0.6539896793248945,1.17218125087108,0.5579253881077665
ENSG00000169375,,neutral,2.5017819620253166,1.1411615226480838,2.1923118790580065
ENSG00000169379,,regulation-driven,0.19845197046413499,0.2172866794425087,0.9133186211566312
ENSG00000169410,,neutral,0.7936148312236289,1.483629282229965,0.5349145104704244
ENSG00000169427,,regulation-driven,0.8977738143459917,0.6951012090592334,1.2915727992489903
ENSG00000169429,,gene-driven,2.0895612658227845,0.42522934843205573,4.913962955585273
ENSG00000169435,,neutral,0.43020402953586495,0.18491533797909407,2.326491865074505
ENSG00000169495,,neutral,1.3098580632911392,5.047186177700349,0.25952243828024396
ENSG00000169499,,neutral,34.71641288607595,22.099503853658536,1.570913678242089
ENSG00000169504,,neutral,0.22873505485232065,0.839884456445993,0.2723410977507821
ENSG00000169519,,neutral,0.002299637130801688,0.005427271777003484,0.4237188085081245
ENSG00000169550,,neutral,0.017342518987341772,0.03337187108013937,0.5196747567942883
ENSG00000169564,,neutral,86.80580752320672,115.54749968989546,0.7512564768270604
ENSG00000169567,,neutral,0.5888232278481013,0.8989484599303135,0.6550133340166653
ENSG00000169570,,neutral,0.003937050632911392,0.006148613240418118,0.6403152188905061
ENSG00000169583,,neutral,12.060815308016878,12.999891574912892,0.9277627615980861
ENSG00000169605,,neutral,2.4428990084388182,0.07669048780487805,31.854002737004794
ENSG00000169607,,gene-driven,1.3049103037974683,1.3757901463414635,0.9484806293078341
ENSG00000169621,,neutral,0.0002461054852320675,0.0002105714285714286,1.1687506082934005
ENSG00000169692,,neutral,5.958394734177214,8.258921979094078,0.7214494517879912
ENSG00000169744,,regulation-driven,112.87399685232069,22.799539094076657,4.950713976566547
ENSG00000169758,,neutral,6.553069016877638,2.9373083797909407,2.2309775377905825
ENSG00000169762,,gene-driven,0.0,0.0,nan
ENSG00000169814,,gene-driven,9.950572970464137,3.36062818815331,2.960926473669808
ENSG00000169826,,neutral,0.2780477341772152,0.17520273867595818,1.5870056386017537
ENSG00000169836,,neutral,0.47755052320675107,0.16756609407665507,2.8499233442076295
ENSG00000169840,,neutral,0.0,0.0,nan
ENSG00000169855,,gene-driven (relaxed),0.017131215189873417,0.0211334181184669,0.8106220722952403
ENSG00000169884,,neutral,0.025758945147679325,0.11173297212543554,0.23054023049491057
ENSG00000169885,,neutral,1.3560683966244726,10.209735282229966,0.132821112314705
ENSG00000169903,,neutral,2.6071992827004222,2.3743975609756096,1.098046647937575
ENSG00000169908,,neutral,2.008175835443038,2.838765299651568,0.7074117172312635
ENSG00000169914,,neutral,0.743556029535865,1.8239118222996513,0.4076710400387469
ENSG00000169918,,regulation-driven,4.432462881856541,3.0545676445993033,1.4510933780410644
ENSG00000169919,,neutral,24.968975801687762,5.513681735191637,4.5285486179444705
ENSG00000169926,,neutral,3.517373535864979,6.68580275609756,0.5260959176004822
ENSG00000169967,,neutral,2.698788869198312,3.005841804878049,0.8978479389096811
ENSG00000170044,,neutral,3.6623693670886075,4.364953965156794,0.8390396316486812
ENSG00000170075,,gene-driven,3.8488266286919828,1.8236500174216028,2.110507274928612
ENSG00000170142,,neutral,37.271576894514766,16.917890707317074,2.203086515885495
ENSG00000170145,,regulation-driven,0.0,0.0,nan
ENSG00000170162,,neutral,0.038273286919831215,0.036092463414634145,1.0604232379525758
ENSG00000170166,,neutral,4.0341647721518985,3.386812829268293,1.191138978005898
ENSG00000170178,,neutral,0.29719948523206746,0.016965254355400698,17.51812728569303
ENSG00000170185,,gene-driven,0.6123278818565402,0.16831439721254357,3.638000622628298
ENSG00000170214,,neutral,0.001756751054852321,0.0022320522648083623,0.7870564155464123
ENSG00000170231,,neutral,116.53841533755275,119.76262933449476,0.9730782965031868
ENSG00000170289,,gene-driven,14.216612729957806,5.411995508710801,2.6268707553573645
ENSG00000170293,,neutral,178.36338107172998,156.34334880836238,1.140844061683485
ENSG00000170325,,regulation-driven,9.096392067510546,7.817521358885018,1.1635903056628079
ENSG00000170340,,neutral,12.506903118143457,21.63399369337979,0.5781134678785956
ENSG00000170348,,neutral,0.01068190717299578,0.012485355400696865,0.8555549145520979
ENSG00000170370,,neutral,0.005034227848101265,0.01481193031358885,0.3398765550147595
ENSG00000170374,,neutral,0.20436738818565398,0.1449759965156794,1.4096636208570656
ENSG00000170379,,neutral,4.175115084388186,2.0576885017421604,2.029031644417164
ENSG00000170381,,neutral,9.041188839662448,7.616990104529617,1.186976576782724
ENSG00000170385,,neutral,32.468958118143455,21.920707264808364,1.4812002973220357
ENSG00000170390,,neutral,3.4489761561181433,2.246365334494773,1.5353585203423057
ENSG00000170396,,regulation-driven,0.0022394514767932494,0.012432797909407666,0.1801244975677356
ENSG00000170417,,neutral,7.811652594936709,14.263697508710802,0.5476597207818067
ENSG00000170419,,neutral,0.23991664135021096,0.08342840766550523,2.875718811656143
ENSG00000170430,,neutral,0.4119544345991561,1.1568548257839721,0.356098643855321
ENSG00000170439,,neutral,0.1127627552742616,0.2225348536585366,0.5067195246965124
ENSG00000170448,,neutral,0.0029521097046413505,0.004339209059233449,0.6803335963634951
ENSG00000170454,,regulation-driven,8.81826141772152,5.721863804878049,1.5411519250429737
ENSG00000170458,,gene-driven,14.343642641350211,10.10825825087108,1.4190023924363178
ENSG00000170464,,neutral,0.0007092236286919832,0.010089132404181184,0.07029579950780143
ENSG00000170482,,neutral,0.002638772151898734,0.023713773519163765,0.11127592788074275
ENSG00000170484,,gene-driven,1.6331442236286922,3.9579025679442505,0.4126287081586633
ENSG00000170498,,neutral,10.845642345991562,15.841636236933798,0.6846289224029533
ENSG00000170500,,neutral,8.537576632911392,10.26419949825784,0.8317820239523296
ENSG00000170509,,neutral,21.198694354430376,11.54122036585366,1.8367810060320593
ENSG00000170542,,neutral,1.1088728270042194,1.456493243902439,0.7613305668574015
ENSG00000170545,,gene-driven,1.8063963291139242,0.4949220034843206,3.649860617221784
ENSG00000170577,,neutral,11.104263413502112,24.44284234494774,0.45429509615919644
ENSG00000170581,,gene-driven,9.585744848101266,9.176844672473868,1.0445578180977502
ENSG00000170584,,neutral,0.0018028523206751056,0.0038659756097560974,0.4663382552454455
ENSG00000170606,,neutral,0.006468856540084389,0.019304717770034844,0.3350920027499948
ENSG00000170613,,neutral,0.012442417721518986,0.05620007665505227,0.22139503114717618
ENSG00000170615,,regulation-driven,10.665159464135018,14.587254393728221,0.7311286398570312
ENSG00000170624,,neutral,0.01682460759493671,0.037513878048780494,0.44849022468589184
ENSG00000170627,,gene-driven,1.9181236329113922,1.570259662020906,1.2215327689452262
ENSG00000170633,,neutral,3.3658567130801686,15.487724198606275,0.21732416395838575
ENSG00000170743,,dual-driven,0.645145746835443,2.612915815331011,0.24690644185706928
ENSG00000170759,,neutral,10.914541282700421,25.013477365853657,0.4363464192947461
ENSG00000170775,,neutral,4.777726464135021,1.708947951219512,2.7957120992044353
ENSG00000170786,,neutral,0.07268271308016877,0.023099317073170735,3.1465308195014945
ENSG00000170801,,neutral,4.959463835443038,4.214233132404181,1.1768366105113197
ENSG00000170807,,neutral,0.050106843881856544,0.013210905923344948,3.792839353530851
ENSG00000170819,,neutral,0.00460348523206751,0.028646209059233447,0.16070137666553413
ENSG00000170860,,neutral,0.025059160337552736,0.028067404181184665,0.8928207316853141
ENSG00000170873,,gene-driven,15.452191556962024,8.899379609756098,1.7363223319547234
ENSG00000170876,,gene-driven,13.907903067510548,10.177808599303136,1.3664928881117697
ENSG00000170881,,neutral,113.2643188227848,54.7390217630662,2.069169582771154
ENSG00000170890,,neutral,0.5339794345991561,0.9741242961672474,0.5481635523311875
ENSG00000170891,,gene-driven,13.834952118143462,5.337694108013937,2.591934239425947
ENSG00000170893,,neutral,58.58965070042194,21.880167149825784,2.677751513469971
ENSG00000170899,,neutral,10.260359219409281,6.083854313588851,1.6864899602365264
ENSG00000170903,,gene-driven,14.929886603375529,25.175410066202094,0.5930344953315717
ENSG00000170915,,neutral,0.7199810759493671,1.1443792020905923,0.6291455442689629
ENSG00000170950,,neutral,0.0007910337552742617,0.002622257839721254,0.3016613176980142
ENSG00000170955,,neutral,0.0032357257383966243,0.01803752613240418,0.1793885544306259
ENSG00000170961,,neutral,2.304610362869198,1.0126764564459931,2.2757617679364945
ENSG00000171016,,neutral,0.022282379746835446,0.0208465574912892,1.0688757487247575
ENSG00000171053,,neutral,0.001573818565400844,0.004009020905923345,0.3925693086497804
ENSG00000171097,,neutral,1.7252054641350207,2.6135435679442507,0.6601020489174493
ENSG00000171115,,neutral,0.0001228607594936709,0.0004877770034843206,0.25187895004488503
ENSG00000171121,,neutral,0.05867549789029536,0.01370455400696864,4.281459860748435
ENSG00000171126,,gene-driven,0.0004904978902953587,0.0004934076655052265,0.99410269557347
ENSG00000171130,,gene-driven,10.590119603375525,15.426548463414635,0.686486651793231
ENSG00000171135,,neutral,0.003007637130801688,0.006358554006968642,0.47300646145420416
ENSG00000171160,,neutral,10.563110050632911,6.506037149825784,1.6235858799109018
ENSG00000171169,,neutral,0.7346629029535866,1.196280599303136,0.6141225590229805
ENSG00000171202,,gene-driven,6.902157556962026,14.13766850522648,0.4882104538248583
ENSG00000171209,,gene-driven,0.057176139240506324,0.19064534843205572,0.29990838859036406
ENSG00000171217,,neutral,0.11059371729957808,0.5823079825783972,0.18992306581455567
ENSG00000171243,SOSTDC1,neutral,7.24031947257384,48.933773808362375,0.14796160011955853
ENSG00000171303,KCNK3,neutral,7.742945924050632,7.39030113240418,1.0477172425491856
ENSG00000171357,LURAP1,neutral,0.0029073670886075953,0.0036919372822299657,0.7874909204447583
ENSG00000171385,KCND3,regulation-driven,6.4038215949367085,7.648587850174215,0.8372554150359725
ENSG00000171435,KSR2,regulation-driven,3.508345506329114,5.379906592334494,0.6521201522955704
ENSG00000171448,ZBTB26,neutral,23.070913928270038,60.92494584668989,0.3786776271631845
ENSG00000171476,HOPX,gene-driven,0.00019123628691983122,0.00021640418118466898,0.8836995933855794
ENSG00000171488,LRRC8C,neutral,0.006859510548523206,0.006480724738675958,1.0584480633140785
ENSG00000171495,MROH2B,gene-driven,0.03838376371308016,0.05739147038327526,0.6688060692075554
ENSG00000171502,COL24A1,neutral,3.277942004219409,5.520479254355401,0.5937785205212511
ENSG00000171503,ETFDH,neutral,0.0019160928270042195,0.006888191637630662,0.27817066188119294
ENSG00000171517,LPAR3,neutral,0.2976727215189873,0.3710278606271777,0.8022921001560573
ENSG00000171522,PTGER4,neutral,12.727098628691982,7.779346216027875,1.6360113401907985
ENSG00000171530,TBCA,gene-driven,124.81134971308018,18.56375186062718,6.7233903281049034
ENSG00000171533,MAP6,neutral,0.1426263122362869,0.009797839721254356,14.55691420700515
ENSG00000171540,OTP,neutral,2.6678018185654007,1.4155785156794425,1.8846017999114109
ENSG00000171551,ECEL1,neutral,27.153694189873416,25.99643124041812,1.0445162237367427
ENSG00000171557,FGG,neutral,0.0006981308016877638,0.00238129268292683,0.2931730344166246
ENSG00000171564,FGB,neutral,11.087911071729957,7.446059933797909,1.489097747038211
ENSG00000171566,PLRG1,gene-driven,30.7909168185654,27.153416881533104,1.1339610389698742
ENSG00000171596,NMUR1,neutral,95.45627014345993,187.89818136236934,0.5080212562535057
ENSG00000171604,CXXC5,gene-driven,5.668011713080169,3.4196047212543554,1.657504938465832
ENSG00000171621,SPSB1,neutral,0.036412413502109706,0.14501412891986062,0.25109562615262376
ENSG00000171714,ANO5,gene-driven,9.236412109704641,5.740848048780489,1.6088933257285403
ENSG00000171723,GPHN,gene-driven,16.16404242616034,29.25230095818815,0.5525733667674366
ENSG00000171757,LRRC34,neutral,0.1267402658227848,0.5523972682926829,0.22943680770635633
ENSG00000171759,PAH,regulation-driven,3.4110633544303797,1.5374611463414631,2.21863385786843
ENSG00000171766,GATM,regulation-driven,0.7590258776371309,2.4189584459930313,0.31378210687928354
ENSG00000171812,COL8A2,neutral,4.616134362869198,5.311520048780488,0.8690797211485725
ENSG00000171819,ANGPTL7,neutral,7.596692042194093,5.928726156794425,1.281336300798469
ENSG00000171823,FBXL14,neutral,8.503753670886075,5.518883348432055,1.5408467862075828
ENSG00000171824,EXOSC10,neutral,3.3206593122362875,1.473091606271777,2.254211006361301
ENSG00000171843,MLLT3,neutral,0.43146841350210957,0.508740637630662,0.8481107691958139
ENSG00000171865,RNASEH1,neutral,49.020650253164554,211.42634091637626,0.23185687289812812
ENSG00000171872,KLF17,neutral,0.4639344135021096,5.511893146341464,0.08416970379950989
ENSG00000171931,FBXW10,neutral,0.0014170337552742618,0.005086766550522648,0.27857259443696436
ENSG00000171956,FOXB1,neutral,7.388292966244726,4.816599139372823,1.5339231587386712
ENSG00000171992,SYNPO,neutral,0.0012439831223628691,0.005206421602787456,0.23893246019432143
ENSG00000172005,MAL,neutral,3.611514873417722,2.9079668013937283,1.2419381375629177
ENSG00000172007,RAB33B,gene-driven,9.555652742616033,15.630458867595816,0.6113481903225677
ENSG00000172020,GAP43,regulation-driven,0.0003172151898734177,0.005444808362369338,0.05826012023963682
ENSG00000172023,REG1B,neutral,0.9703712869198312,5.227657344947735,0.18562258826272263
ENSG00000172062,SMN1,neutral,5.473675784810127,13.433515616724737,0.4074641323225468
ENSG00000172073,SPMIP9,neutral,12.306956388185652,5.718642738675958,2.152076454252341
ENSG00000172113,NME6,neutral,20.138887818565397,34.266323285714286,0.5877166234219634
ENSG00000172115,CYCS,gene-driven,0.05324617299578059,0.05662073519163764,0.9404005938030376
ENSG00000172159,FRMD3,neutral,0.708204223628692,1.5560417839721252,0.455131880726783
ENSG00000172171,TEFM,gene-driven,3.9221354261603376,3.6133494773519166,1.0854569840929746
ENSG00000172179,PRL,neutral,0.0579684135021097,0.32474978397212545,0.1785017769467873
ENSG00000172197,MBOAT1,neutral,0.0009953966244725739,0.00031566550522648084,3.153327202344791
ENSG00000172209,GPR22,neutral,0.007934059071729957,0.025175686411149825,0.3151476762999445
ENSG00000172243,CLEC7A,neutral,0.8483866540084389,0.5561068954703833,1.5255819715934842
ENSG00000172260,NEGR1,neutral,5.099190894514768,2.440340337979094,2.0895408788503387
ENSG00000172262,ZNF131,gene-driven,4.035772303797469,2.304781087108014,1.7510436571923897
ENSG00000172273,HINFP,neutral,0.0,0.0,nan
ENSG00000172292,CERS6,regulation-driven,4.660759493670886e-05,5.186759581881533e-05,0.8985879179655679
ENSG00000172322,CLEC12A,neutral,0.0007483164556962024,0.0037426167247386756,0.1999447206949712
ENSG00000172331,BPGM,neutral,0.0003144683544303797,9.279442508710802e-05,3.388871197113209
ENSG00000172348,RCAN2,neutral,0.46952576793248946,1.843175801393728,0.25473737642250666
ENSG00000172350,ABCG4,regulation-driven,0.0,0.0,nan
ENSG00000172367,NHERF4,neutral,4.022221451476793,8.211931264808364,0.489802133234326
ENSG00000172399,MYOZ2,neutral,0.6998536540084388,3.119669470383275,0.22433583450187
ENSG00000172425,TTC36,neutral,7.871107075949367,6.705421306620209,1.1738422861182916
ENSG00000172426,RSPH9,neutral,20.353517670886074,41.40287251567945,0.4915967524518524
ENSG00000172432,GTPBP2,gene-driven,0.6527611940928268,1.3280687735191639,0.4915115896920888
ENSG00000172456,FGGY,neutral,0.0010514894514767933,0.004218135888501742,0.24927823078034508
ENSG00000172461,FUT9,neutral,0.003050957805907173,0.0018325331010452962,1.6648855096624855
ENSG00000172469,MANEA,neutral,0.411125970464135,0.28712071080139373,1.4318924236312505
ENSG00000172482,AGXT,regulation-driven,0.0011167172995780591,0.010575975609756096,0.1055900033040841
ENSG00000172497,ACOT12,neutral,22.79019858649789,24.517143456445993,0.9295617422553336
ENSG00000172508,CARNS1,neutral,0.006136751054852321,0.010833951219512196,0.5664370210380761
ENSG00000172531,PPP1CA,neutral,14.170270021097044,7.241067961672474,1.956930952188457
ENSG00000172543,CTSW,neutral,0.03982403375527427,1.2505781045296167,0.03184449944472152
ENSG00000172548,NIPAL4,neutral,0.004888603375527427,0.08557183972125434,0.05712864642681271
ENSG00000172554,SNTG2,neutral,1.2848033755274262,5.567191362369338,0.2307812489097963
ENSG00000172572,PDE3A,neutral,2.3276255949367086,11.142074783972125,0.20890414398268067
ENSG00000172586,CHCHD1,neutral,7.218421957805908,6.670353163763066,1.0821648840154738
ENSG00000172594,SMPDL3A,neutral,13.406225827004219,15.28707317073171,0.876964849796852
ENSG00000172602,RND1,gene-driven,5.564827185654009,5.114376484320558,1.0880753895835442
ENSG00000172663,TMEM134,gene-driven,2.476082067510548,10.397141843205576,0.23815026329843159
ENSG00000172671,ZFAND4,neutral,0.07315383966244726,1.497837418118467,0.0488396395880807
ENSG00000172689,MS4A10,neutral,0.5582778312236287,0.8425575156794425,0.6625990758309607
ENSG00000172731,LRRC20,neutral,7.371960097046412,4.695754867595819,1.5699201310354567
ENSG00000172733,PURG,gene-driven,0.37861875949367096,0.3514689233449477,1.077246761649186
ENSG00000172766,NAA16,neutral,0.0009236118143459916,0.004324728222996516,0.21356528473505784
ENSG00000172789,HOXC5,neutral,0.2069888438818565,4.948936554006969,0.0418249136199302
ENSG00000172795,DCP2,neutral,2.7938052531645563,6.491087797909407,0.43040632635786574
ENSG00000172803,SNX32,neutral,88.02048674683545,41.373585195121954,2.1274561131630736
ENSG00000172817,CYP7B1,neutral,0.02110039240506329,0.029998254355400697,0.7033873423126206
ENSG00000172818,OVOL1,neutral,0.9020463755274262,1.1298495609756096,0.7983774182719702
ENSG00000172867,KRT2,gene-driven,2.687328637130802,3.3987768919860626,0.7906752112700376
ENSG00000172878,METAP1D,neutral,1.6438602278481014,2.061922494773519,0.7972463717791984
ENSG00000172901,LVRN,neutral,0.036012725738396624,0.04805710104529617,0.7493736608134741
ENSG00000172932,ANKRD13D,neutral,0.6121444556962026,1.5992961045296166,0.38275867362050875
ENSG00000172985,SH3RF3,neutral,0.7510308776371307,0.8530838919860627,0.8803716547603043
ENSG00000172987,HPSE2,regulation-driven,28.301739687763714,18.789140003484324,1.5062818033457275
ENSG00000173011,TADA2B,neutral,2.7027628607594942,1.7371864041811849,1.5558277766014579
ENSG00000173020,GRK2,neutral,9.412347092827003,5.481785773519164,1.7170220584494897
ENSG00000173040,EVC2,gene-driven,2.1260233333333334,2.829275257839721,0.7514374317034984
ENSG00000173083,HPSE,neutral,3.6320940042194096,1.7431770905923343,2.0836058618606663
ENSG00000173085,COQ2,gene-driven,0.3624012109704641,0.45295376306620205,0.8000843364612845
ENSG00000173093,CCDC63,neutral,0.23732025738396617,3.2774482543554004,0.0724100699587221
ENSG00000173113,TRMT112,neutral,20.943748042194095,10.79184030662021,1.940702183050859
ENSG00000173137,ADCK5,gene-driven,12.259133240506328,13.574036118466898,0.9031310314423209
ENSG00000173145,NOC3L,neutral,5.01260917299578,8.323573944250871,0.6022183747713338
ENSG00000173153,ESRRA,gene-driven,0.285148447257384,0.5529875296167248,0.5156507732733505
ENSG00000173156,RHOD,neutral,0.012980021097046414,0.011775592334494774,1.1022817985150057
ENSG00000173171,MTX1,neutral,9.521169388185653,13.07828701045296,0.7280134914133446
ENSG00000173175,,regulation-driven,0.6807484050632909,1.5865753414634145,0.4290678086773912
ENSG00000173208,ABCD2,regulation-driven,1.9049486286919832,3.2299541916376304,0.5897757415953161
ENSG00000173210,ABLIM3,neutral,0.007707383966244726,0.033014087108013936,0.2334574310968548
ENSG00000173212,MAB21L3,gene-driven,0.08406651476793252,0.07672603832752613,1.0956712558137247
ENSG00000173218,VANGL1,gene-driven,2.9873471434599157,3.7609803588850172,0.7943001181600285
ENSG00000173221,GLRX,gene-driven,6.064493548523206,3.401962491289199,1.7826456241218056
ENSG00000173227,SYT12,neutral,5.394966046413502,6.678476578397213,0.8078138753775873
ENSG00000173239,LIPM,neutral,0.09442197468354431,0.11979989547038328,0.788164082387594
ENSG00000173250,GPR151,neutral,0.10229689029535866,0.42676868292682923,0.23970102396875678
ENSG00000173253,DMRT2,neutral,0.634051388185654,3.6498954843205573,0.17371768339927826
ENSG00000173258,ZNF483,gene-driven,0.2428408016877637,0.45400284668989543,0.5348882797944987
ENSG00000173264,GPR137,gene-driven,3.75560282700422,104.78406773170731,0.035841353636129045
ENSG00000173267,SNCG,neutral,2.207376253164557,3.412168891986063,0.6469129527406678
ENSG00000173281,PPP1R3B,neutral,0.000682620253164557,0.0013505853658536586,0.5054254772952439
ENSG00000173320,STOX2,regulation-driven,1.8926043628691984,3.6954688153310102,0.5121418844119442
ENSG00000173327,MAP3K11,neutral,7.527354029535865,6.057003693379791,1.242752095027306
ENSG00000173334,TRIB1,neutral,0.0005911518987341772,0.003341121951219512,0.17693215254187483
ENSG00000173369,C1QB,neutral,6.214593299578059,8.67790000348432,0.7161402294429294
ENSG00000173389,IQCF1,neutral,0.5524980886075949,1.7325504006968644,0.3188929386327634
ENSG00000173402,,gene-driven,17.021147869198312,2.273296442508711,7.487429950145223
ENSG00000173406,DAB1,regulation-driven,7.756943476793249,11.203553721254355,0.692364554121563
ENSG00000173409,ARV1,neutral,11.280147092827002,19.0048361184669,0.5935408767806286
ENSG00000173421,IHO1,neutral,0.003227700421940929,0.009006672473867598,0.3583676914316511
ENSG00000173456,RNF26,neutral,24.188617033755275,3.623514777003485,6.6754569864783
ENSG00000173473,SMARCC1,regulation-driven,2.217907405063291,1.1596970975609757,1.9124885366427986
ENSG00000173486,FKBP2,neutral,35.44744151898733,45.11595296864111,0.7856963931056914
ENSG00000173540,GMPPB,neutral,5.454950367088608,4.281414756097561,1.2740999594397402
ENSG00000173597,SULT1B1,neutral,6.250299244725738,6.921831069686411,0.9029834998571995
ENSG00000173612,GPRC6A,neutral,1.146964324894515,1.9258766620209058,0.5955544025809812
ENSG00000173621,LRFN4,neutral,0.02239763713080169,0.049388435540069685,0.4534996277140648
ENSG00000173626,TRAPPC3L,neutral,0.01295153164556962,0.03313773170731708,0.39083941411444945
ENSG00000173641,HSPB7,gene-driven,4.38643111392405,3.019926480836237,1.4524959934486283
ENSG00000173653,RCE1,neutral,58.70575289451477,72.47779704181184,0.809982577983819
ENSG00000173702,MUC13,neutral,0.5170981350210971,3.753974324041812,0.13774684917512975
ENSG00000173705,SUSD5,neutral,4.063145101265823,4.898525616724739,0.8294628668253307
ENSG00000173715,C11orf80,gene-driven,103.82689498734179,92.71518815679443,1.1198477515006053
ENSG00000173726,TOMM20,neutral,1.2101401097046414,0.5872932090592335,2.0605382303724005
ENSG00000173728,SPMIP3,neutral,11.17767365822785,10.645793703832751,1.0499615124237855
ENSG00000173769,TOPAZ1,regulation-driven,40.090900476793244,194.87563427526132,0.2057255676210652
ENSG00000173846,PLK3,neutral,6.351693953586498,10.690028236933799,0.5941699884048522
ENSG00000173848,NET1,gene-driven,5.977340421940928,7.125593236933798,0.8388551273119019
ENSG00000173905,GOLIM4,neutral,0.004321848101265822,0.010907818815331009,0.39621561142833034
ENSG00000173926,MARCHF3,neutral,0.49812281856540086,0.4638542613240418,1.073877853667964
ENSG00000173930,SLCO4C1,neutral,31.986296206751053,12.213461853658536,2.6189377418139292
ENSG00000173947,CIMAP3,neutral,7.3435218481012665,2.1590774529616725,3.4012313166569976
ENSG00000173960,UBXN2A,gene-driven,0.002041151898734177,0.003682864111498258,0.5542294901301146
ENSG00000173992,CCS,neutral,0.5102571772151899,0.6510435923344948,0.7837527059985696
ENSG00000174004,NRROS,neutral,4.7742581814345995,3.332561233449477,1.4326092896702296
ENSG00000174007,CEP19,neutral,3.809026375527426,2.397821160278746,1.5885364757914755
ENSG00000174013,FBXO45,neutral,0.001020987341772152,0.00441801393728223,0.231096451090016
ENSG00000174015,CBY2,neutral,0.002814181434599156,0.0024405505226480838,1.1530928814969459
ENSG00000174059,CD34,neutral,18.01100575949367,47.386816745644595,0.38008473656650704
ENSG00000174080,CTSF,neutral,0.6488884556962026,0.32894009059233453,1.972664549729178
ENSG00000174106,LEMD3,neutral,7.59941505907173,7.160375898954703,1.061315099418331
ENSG00000174136,RGMB,neutral,0.13921871729957805,0.19881075958188152,0.7002574588637387
ENSG00000174145,NWD2,regulation-driven,2.7082418059071727,4.791152543554007,0.5652589395323736
ENSG00000174206,KICS2,gene-driven,0.04002903797468355,0.04710132752613241,0.8498494644864296
ENSG00000174243,DDX23,neutral,0.0074517890295358645,0.0059289198606271775,1.2568544026074242
ENSG00000174279,EVX2,neutral,11.48347175949367,23.81913152264808,0.48211127045395313
ENSG00000174307,PHLDA3,neutral,0.0031390295358649793,0.0029561986062717773,1.0618466327686218
ENSG00000174332,GLIS1,regulation-driven,0.002216126582278481,0.003244160278745645,0.6831125443454806
ENSG00000174343,CHRNA9,neutral,0.5056673544303798,1.1795390209059236,0.428699132006681
ENSG00000174348,PODN,neutral,0.1526723206751055,0.1299368222996516,1.1749734830595042
ENSG00000174358,SLC6A19,neutral,3.169264455696202,3.229291613240418,0.981411664001449
ENSG00000174417,TRHR,neutral,0.00995542194092827,0.0046450662020905914,2.143224984920056
ENSG00000174429,ABRA,neutral,24.933291924050632,51.53797628571429,0.4837848460681962
ENSG00000174446,SNAPC5,gene-driven,0.07731491561181433,0.15424451219512195,0.5012490526341037
ENSG00000174453,VWC2L,neutral,7.354127021097047,11.842518801393728,0.6209934849528422
ENSG00000174473,GALNTL6,regulation-driven,2.6121454810126576,2.2916592822299653,1.1398489737404742
ENSG00000174498,IGDCC3,neutral,0.005553801687763712,0.026705452961672475,0.2079650809793228
ENSG00000174502,SLC26A9,regulation-driven,1.6893246751054856,25.218825811846692,0.06698665067554078
ENSG00000174514,MFSD4A,neutral,3.988092953586498,10.719492756097562,0.3720412004866512
ENSG00000174516,PELI3,gene-driven,93.3788088649789,132.09343865505227,0.7069148158738419
ENSG00000174527,MYO1H,regulation-driven,4.31936523206751,2.978461993031359,1.450199882413619
ENSG00000174547,MRPL11,neutral,0.006807037974683544,0.00918260975609756,0.7412966635289541
ENSG00000174564,IL20RB,gene-driven,0.5863993037974683,3.4149621811846687,0.1717147285051465
ENSG00000174567,GOLT1A,neutral,0.13074398734177214,0.029905665505226484,4.371880215102473
ENSG00000174576,NPAS4,neutral,10.763616405063292,4.491980871080139,2.3961848266898516
ENSG00000174579,MSL2,regulation-driven,2.9067957721518987,2.6031173205574913,1.1166595332435385
ENSG00000174606,ANGEL2,gene-driven,1.6689596244725735,21.079927937282232,0.07917292836285413
ENSG00000174611,KY,neutral,4.150426189873418,10.6629866271777,0.3892367434181019
ENSG00000174640,SLCO2A1,regulation-driven,5.824525481012658,3.4532846864111497,1.6866624127261969
ENSG00000174669,SLC29A2,neutral,15.408166573839662,14.091116219512195,1.0934667157527043
ENSG00000174684,B4GAT1,neutral,29.197269957805904,20.532899536585365,1.4219750067827697
ENSG00000174695,TMEM167A,neutral,0.008784687763713082,0.006299721254355401,1.3944565813351923
ENSG00000174697,LEP,neutral,9.788399970464136,2.7284319163763064,3.587555149063179
ENSG00000174705,SH3PXD2B,gene-driven,0.049371691983122364,0.07461508013937282,0.6616851699535997
ENSG00000174720,,neutral,25.48166467510549,3.959205822299652,6.436054557099233
ENSG00000174738,NR1D2,neutral,1.3784352742616035,0.6861542439024391,2.0089291679111096
ENSG00000174748,RPL15,neutral,5.236295181434598,1.6308247526132404,3.2108264073401735
ENSG00000174749,FAM241A,neutral,31.77011418565401,35.45580048432056,0.8960484251287331
ENSG00000174775,HRAS,neutral,0.23379797468354427,0.2068103763066202,1.1304944116387654
ENSG00000174799,CEP135,neutral,3.045564202531646,2.8025041393728225,1.0867296000544777
ENSG00000174804,FZD4,neutral,4.279173641350211,2.3490912508710804,1.821629381048278
ENSG00000174839,DENND6A,neutral,5.652045371308017,4.313391975609757,1.3103481907667396
ENSG00000174840,PDE12,gene-driven,2.8164047088607598,3.552709324041812,0.7927484215501818
ENSG00000174851,YIF1A,neutral,90.61159404219411,56.55558622648084,1.6021687703728078
ENSG00000174871,CNIH2,neutral,0.00352368776371308,0.0020756759581881533,1.697609759275185
ENSG00000174885,NLRP6,neutral,68.3048304092827,72.3108350696864,0.9446002157692814
ENSG00000174891,RSRC1,neutral,0.09311888607594938,0.03129947735191638,2.97509396176061
ENSG00000174903,RAB1B,neutral,0.38518297890295355,0.45536540766550526,0.8458766792972884
ENSG00000174945,AMZ1,neutral,0.012961556962025316,0.049793686411149826,0.2603052293618284
ENSG00000174946,GPR171,neutral,0.7212304135021096,0.42475374912891983,1.697996580327309
ENSG00000174948,GPR149,neutral,0.05199423206751055,0.053949731707317074,0.9637533018622721
ENSG00000174989,FBXW8,neutral,0.10368643459915614,0.39332244250871085,0.26361687865512484
ENSG00000174996,KLC2,neutral,0.03942261181434599,0.05316784668989547,0.7414746744264563
ENSG00000175018,TEX36,neutral,9.975963139240507,3.331043331010453,2.9948464033382463
ENSG00000175073,VCPIP1,neutral,0.3447833080168776,0.976465101045296,0.3530933237120206
ENSG00000175077,RTP1,neutral,0.48366231645569624,2.6488891463414634,0.18259062185509375
ENSG00000175084,DES,neutral,15.965011101265823,2.8225173623693376,5.656302176956011
ENSG00000175087,PDIK1L,neutral,3.5945279029535864,0.5070090662020906,7.089671847250223
ENSG00000175097,RAG2,neutral,2.9130823206751053,1.6883412299651568,1.7254108760556799
ENSG00000175104,TRAF6,neutral,4.503659481012658,2.0716544634146343,2.1739433677513174
ENSG00000175105,ZNF654,neutral,0.8228639620253164,0.5044897351916376,1.6310816744620973
ENSG00000175137,SH3BP5L,gene-driven,0.0007451434599156119,0.004245177700348432,0.17552703620733065
ENSG00000175161,CADM2,regulation-driven,0.03859754852320675,0.26083149825783974,0.14797886290961654
ENSG00000175182,FAM131A,regulation-driven,26.140869464135022,2.1198530313588853,12.33145367977609
ENSG00000175183,CSRP2,neutral,0.08131437974683545,0.04498974564459931,1.8073980766458644
ENSG00000175197,DDIT3,gene-driven,3.496103253164556,5.465362372822299,0.6396837052470096
ENSG00000175213,ZNF408,neutral,18.285566767932487,17.750622916376308,1.03013662416673
ENSG00000175224,ATG13,neutral,7.038684282700423,4.67112043554007,1.5068513817684552
ENSG00000175229,GAL3ST3,neutral,0.01832166666666667,0.22774025435540068,0.08044983842897946
ENSG00000175274,TP53I11,neutral,3.8786647848101263,6.846817111498258,0.5664916590654158
ENSG00000175279,CENPS,gene-driven,5.888616594936709,5.364067975609756,1.0977893311031959
ENSG00000175283,DOLK,neutral,0.985756151898734,3.0493676933797906,0.32326575572989147
ENSG00000175294,CATSPER1,neutral,0.0024554430379746836,0.010008167247386757,0.24534392534415597
ENSG00000175315,CST6,neutral,0.3605296033755274,1.389849930313589,0.25940182138526413
ENSG00000175336,APOF,gene-driven,0.20407555274261602,0.20622977351916377,0.9895542688148878
ENSG00000175352,NRIP3,gene-driven,5.197254687763713,2.741066195121951,1.896070476887
ENSG00000175356,SCUBE2,gene-driven,6.038097042194093,4.608731954703833,1.3101428118490164
ENSG00000175376,EIF1AD,neutral,7.876914392405064,4.4293631324041804,1.7783401714750837
ENSG00000175395,ZNF25,neutral,0.00332510970464135,0.0034995435540069687,0.9501552569146076
ENSG00000175449,RFESD,gene-driven,2.977808729957806,1.1379651916376305,2.6167836695184685
ENSG00000175463,TBC1D10C,neutral,15.199128658227849,9.767151118466897,1.5561475883679767
ENSG00000175467,SART1,gene-driven,9.847269464135021,8.78991225087108,1.1202921238672385
ENSG00000175513,TSGA10IP,gene-driven,0.005735265822784811,0.015929756097560976,0.3600347543088211
ENSG00000175535,PNLIP,neutral,1.028939624472574,0.7638629651567944,1.347021221615802
ENSG00000175544,CABP4,neutral,0.689092164556962,0.26266278397212545,2.6234861069244224
ENSG00000175575,PAAF1,neutral,3.6752616244725735,4.028057229965157,0.9124154436366747
ENSG00000175581,MRPL48,gene-driven,43.59803712658228,55.51458800348432,0.7853437933079119
ENSG00000175600,SUGCT,gene-driven,24.534349616033754,103.50097963066202,0.23704461255906306
ENSG00000175606,TMEM70,neutral,0.540769434599156,0.7831206202090593,0.6905314719650647
ENSG00000175634,RPS6KB2,gene-driven,5.681389772151899,2.101253073170732,2.7038103333164156
ENSG00000175664,TEX26,neutral,6.252742616033756e-05,0.0005320522648083624,0.11752121040751334
ENSG00000175697,GPR156,neutral,0.0011274810126582278,0.0035535052264808365,0.3172869999616724
ENSG00000175745,NR2F1,neutral,0.0032083881856540086,0.005934926829268292,0.5405943961822299
ENSG00000175756,AURKAIP1,gene-driven,1.9689929156118147,3.629032916376307,0.542566838323944
ENSG00000175782,SLC35E3,neutral,0.6876550210970465,2.432455759581882,0.28269990867798905
ENSG00000175793,SFN,neutral,0.019623679324894516,0.027219982578397216,0.7209291654899366
ENSG00000175877,TMEM270,gene-driven,0.006492827004219409,0.0035595017421602786,1.8240831089687517
ENSG00000175879,HOXD8,neutral,0.6320211476793248,0.20003376655052263,3.1595722991082855
ENSG00000175893,ZDHHC21,neutral,0.12959281012658228,0.06760405923344948,1.916938296250437
ENSG00000175895,PLEKHF2,neutral,1.8725904472573838,0.6707433135888502,2.7918138121094076
ENSG00000175920,DOK7,neutral,14.76007692827004,9.599629898954705,1.5375672899511732
ENSG00000175946,KLHL38,neutral,0.023697966244725737,0.019416013937282227,1.2205371463615091
ENSG00000175970,UNC119B,neutral,0.279038,0.2496631602787456,1.117657886283494
ENSG00000175984,DENND2C,regulation-driven,0.06451419831223629,0.45154011846689895,0.14287589446377316
ENSG00000175985,PLEKHD1,neutral,0.6543543628691983,0.34358120905923345,1.9045114971825703
ENSG00000176018,LYSMD3,gene-driven,4.982484341772151,5.044259808362369,0.987753313878122
ENSG00000176029,C11orf16,neutral,0.03323276793248945,0.017942923344947737,1.8521378759524678
ENSG00000176055,MBLAC2,gene-driven,0.023853000000000003,0.021667400696864115,1.1008703966716324
ENSG00000176095,IP6K1,neutral,24.719407949367085,30.05653195121951,0.8224304783228367
ENSG00000176101,SSNA1,neutral,9.543954848101265,5.57773143902439,1.7110818174800135
ENSG00000176171,BNIP3,neutral,0.005650092827004218,0.020695076655052266,0.2730162792426704
ENSG00000176248,ANAPC2,neutral,0.00015962025316455697,0.0034731428571428574,0.045958447357350225
ENSG00000176273,SLC35G1,neutral,0.8277533881856539,0.5884579930313589,1.40664821956381
ENSG00000176340,COX8A,neutral,236.38315024050635,103.58477678745645,2.282025965316663
ENSG00000176383,B3GNT4,neutral,1.5277701308016876,1.3507270209059232,1.1310724573918887
ENSG00000176393,RNPEP,gene-driven,0.0013098227848101266,0.003988797909407665,0.3283753187196778
ENSG00000176399,DMRTA1,neutral,6.4076419746835445,5.986191905923345,1.0704037016159094
ENSG00000176402,GJC3,neutral,1.8900087004219408,6.3020109547038325,0.29990565138755193
ENSG00000176422,SPRYD4,neutral,22.093995468354432,5.952286954703833,3.711849854767924
ENSG00000176438,,regulation-driven,4.733076464135021,2.8175257735191637,1.6798698022993712
ENSG00000176444,CLK2,neutral,11.168045565400844,38.269699439024386,0.29182475245709827
ENSG00000176463,SLCO3A1,gene-driven (relaxed),2.129802805907173,2.461292466898955,0.8653188658195367
ENSG00000176542,USF3,neutral,0.0007386877637130801,0.007351731707317073,0.10047806328104639
ENSG00000176623,RMDN1,neutral,19.8127633164557,6.385769700348432,3.102642946139232
ENSG00000176658,MYO1D,gene-driven,0.011335417721518986,0.024686069686411148,0.4591827644300442
ENSG00000176697,BDNF,neutral,2.878045417721519,1.8863282787456446,1.5257394220031195
ENSG00000176720,BOK,neutral,0.7667020421940928,0.6390720940766551,1.1997113460287139
ENSG00000176742,OR51V1,neutral,0.00034279324894514774,0.0023744006968641116,0.1443704297248048
ENSG00000176769,TCERG1L,neutral,2.7983080464135024,0.558938069686411,5.0064724486980765
ENSG00000176884,GRIN1,regulation-driven,142.46713027004222,1.577503662020906,90.3117588250354
ENSG00000176907,TCIM,neutral,0.9822905907172995,1.101603101045296,0.8916919258716842
ENSG00000176915,ANKLE2,neutral,0.1261775274261603,0.3074188675958188,0.4104417156075571
ENSG00000176946,THAP4,neutral,0.0024108227848101266,0.0017622439024390243,1.3680414961138128
ENSG00000176956,LY6H,gene-driven,0.0183719029535865,0.008799198606271777,2.0879063850759794
ENSG00000176978,DPP7,gene-driven,0.0009558607594936709,0.0030194285714285713,0.3165700849950651
ENSG00000177000,MTHFR,neutral,0.0,0.0,nan
ENSG00000177034,MTX3,gene-driven,2.498216067510548,3.0901363902439023,0.808448479943426
ENSG00000177042,TMEM80,gene-driven,1.5165555611814345,0.8950820871080138,1.6943200886539744
ENSG00000177047,IFNW1,neutral,6.584027569620253,2.05446618815331,3.204738830741436
ENSG00000177054,ZDHHC13,neutral,1.2316196793248946,0.8850449407665505,1.3915899889311503
ENSG00000177058,SLC38A9,gene-driven,1.1084497932489452,0.6054354355400697,1.8308307181593508
ENSG00000177076,ACER2,neutral,3.7764593797468353,2.6624816236933797,1.418398289077448
ENSG00000177098,SCN4B,neutral,7.318625485232068,3.2450042125435536,2.2553516130863387
ENSG00000177105,RHOG,neutral,0.31072248523206747,1.3590736829268293,0.2286281377790437
ENSG00000177119,ANO6,gene-driven,10.225122476793251,2.0279017491289197,5.042217889099128
ENSG00000177125,ZBTB34,neutral,1.56505688185654,3.8731276968641115,0.40408088871526043
ENSG00000177144,NUDT4B,neutral,3.8302598818565396,3.395521606271777,1.128032840309945
ENSG00000177156,TALDO1,neutral,8.79092353586498,9.063083233449477,0.9699705176953438
ENSG00000177169,ULK1,neutral,13.224669164556962,7.718410135888502,1.7133929049799852
ENSG00000177181,RIMKLA,neutral,8.147885265822785,3.744673550522648,2.1758599664009632
ENSG00000177192,PUS1,neutral,23.109860253164555,26.7519347630662,0.8638575287298509
ENSG00000177239,,neutral,0.0,0.0,nan
ENSG00000177301,KCNA2,neutral,5.762755291139241,2.838354808362369,2.0303153341368723
ENSG00000177453,NIM1K,gene-driven,0.1549676371308017,0.08447318466898955,1.8345187024503284
ENSG00000177468,OLIG3,neutral,6.862761147679325,17.001147916376308,0.4036645749707753
ENSG00000177479,ARIH2,gene-driven,0.0621352447257384,0.023183710801393725,2.6801250782511934
ENSG00000177519,RPRM,neutral,0.0050472573839662445,0.00863087456445993,0.5847909555712646
ENSG00000177551,NHLH2,gene-driven,0.0008074261603375527,0.002322418118466899,0.3476661475886865
ENSG00000177556,ATOX1,neutral,0.006154417721518989,0.024142198606271776,0.2549236638257199
ENSG00000177570,SAMD12,gene-driven,0.3864825569620254,0.6537322195121952,0.5911939865078283
ENSG00000177613,CSTF2T,gene-driven (relaxed),13.934378029535862,24.04413010801394,0.579533464797361
ENSG00000177614,PGBD5,neutral,0.047727130801687764,0.19143788501742162,0.2493087029108392
ENSG00000177669,MBOAT4,neutral,0.0011400590717299578,0.005530627177700349,0.20613558554926817
ENSG00000177791,MYOZ1,neutral,0.0013727594936708862,0.017549128919860626,0.07822379674453885
ENSG00000177875,CCDC184,neutral,12.999276915611814,12.562487156794425,1.0347693695814966
ENSG00000177879,AP3S1,neutral,51.731468443037976,36.48900666550522,1.4177275067326558
ENSG00000177888,ZBTB41,neutral,28.475890827004218,22.413120588850173,1.2705009422547828
ENSG00000177889,UBE2N,neutral,0.0027831814345991557,0.016942742160278745,0.16426983355292743
ENSG00000177910,SPATA31C2,neutral,7.082853092827005,2.0656670766550524,3.428845418931841
ENSG00000177917,ARL6IP6,neutral,15.260752464135022,4.849603885017421,3.1468039093424225
ENSG00000177947,CIMAP1A,neutral,6.518334485232067,8.211296404181185,0.7938252578378412
ENSG00000177984,LCN15,neutral,0.6263059999999999,0.6002462160278746,1.043415157440851
ENSG00000178028,DMAP1,gene-driven,1.5138275485232067,0.40204420905923344,3.765326087062663
ENSG00000178033,CALHM5,neutral,47.18958765822786,16.17313283972126,2.9177765449579502
ENSG00000178035,IMPDH2,neutral,0.25049511392405066,0.6368182299651568,0.39335418198966504
ENSG00000178053,MLF1,neutral,0.01051702953586498,0.023455320557491287,0.4483856662750232
ENSG00000178057,NDUFAF3,gene-driven,7.2534608438818555,6.917413574912892,1.0485799013359116
ENSG00000178074,C2orf69,neutral,0.6788238902953586,1.450754306620209,0.4679109944376453
ENSG00000178105,DDX10,regulation-driven,0.002665388185654008,0.02596791289198606,0.10264160222428086
ENSG00000178125,PPP1R42,neutral,9.284858877637129,14.749509271777004,0.6295029011848948
ENSG00000178175,ZNF366,gene-driven,6.677373818565401,1.0133448257839721,6.589438904372423
ENSG00000178177,,gene-driven,4.611398759493671,1.0387151045296166,4.43952219370291
ENSG00000178233,TMEM151B,neutral,7.38410770042194,8.825670801393729,0.8366624890717496
ENSG00000178301,AQP11,neutral,11.62537188185654,8.133454797909408,1.4293276560465646
ENSG00000178307,TMEM11,neutral,2.0935048270042196,1.1414255958188155,1.8341141417127749
ENSG00000178338,ZNF354B,neutral,0.3428867341772152,0.9756435888501743,0.35144671486164086
ENSG00000178343,SHISA3,neutral,0.0027514852320675103,0.009793574912891987,0.28094799463325004
ENSG00000178401,DNAJC22,neutral,25.06219439240506,0.48331148780487804,51.85515971539071
ENSG00000178409,BEND3,neutral,0.012256561181434597,0.011923188153310104,1.0279600576488381
ENSG00000178460,MCMDC2,neutral,0.017935628691983122,0.0266818850174216,0.6722024579699777
ENSG00000178462,TUBAL3,gene-driven,264.321383371308,52.461744188153304,5.038364382688519
ENSG00000178522,AMBN,gene-driven,106.18566413080167,133.80307088501743,0.7935966149988549
ENSG00000178537,SLC25A20,neutral,4.054183704641351,4.549247529616725,0.8911767667614509
ENSG00000178538,CA8,neutral,15.081462080168777,6.342437254355401,2.3778653970620236
ENSG00000178562,CD28,neutral,14.636072485232068,7.879228052264809,1.8575515758837655
ENSG00000178602,OTOS,neutral,0.0,0.0,nan
ENSG00000178662,CSRNP3,regulation-driven,2.096146978902954,1.04984574912892,1.996623771294186
ENSG00000178691,SUZ12,neutral,1.7781789957805907,1.0018898710801394,1.7748248057079692
ENSG00000178694,NSUN3,neutral,63.41619238818567,14.551186470383275,4.358145812869602
ENSG00000178776,C5orf46,neutral,0.00985868776371308,0.015528052264808363,0.6348953233533408
ENSG00000178795,GDPD4,neutral,3.6567428649789036,2.762460968641115,1.3237265273571253
ENSG00000178796,RIIAD1,neutral,10.009353282700424,15.323150275261323,0.6532177197831288
ENSG00000178802,MPI,gene-driven,0.3860738987341772,0.7412169965156795,0.5208648756693888
ENSG00000178804,H1-8,neutral,0.031389476793248945,0.021486996515679445,1.460859211772268
ENSG00000178821,TMEM52,neutral,0.28711260337552735,0.573520118466899,0.5006147023107407
ENSG00000178826,TMEM139,gene-driven,0.002652514767932489,0.0023959407665505228,1.1070869551384446
ENSG00000178860,MSC,gene-driven,0.31773056962025314,0.9480436202090593,0.3351434078003587
ENSG00000178882,RFLNA,neutral,0.0006208860759493671,0.000650226480836237,0.9548766379844511
ENSG00000178965,,neutral,7.426687282700421,1.6539845400696866,4.490179383652229
ENSG00000178988,MRFAP1L1,neutral,3.4774892236286914,3.0772004738675958,1.1300821162483414
ENSG00000178997,EXD1,neutral,8.455047253164556,0.10635104529616725,79.50130842267579
ENSG00000179002,TAS1R2,neutral,1.3990138438818565,0.5330585609756097,2.6245030964728637
ENSG00000179008,C14orf39,neutral,124.06311328691983,151.41449462369337,0.8193608781989515
ENSG00000179021,,gene-driven,0.02214198312236287,0.044978393728222994,0.4922804326040048
ENSG00000179041,RRS1,neutral,0.9158376497890295,0.5528287770034843,1.6566388869139084
ENSG00000179046,TRIML2,neutral,15.926314455696206,8.774156188153311,1.8151391557400807
ENSG00000179051,RCC2,neutral,0.005191746835443038,0.01581391986062718,0.3283023362455015
ENSG00000179057,IGSF22,neutral,0.1587354345991561,0.378335668989547,0.4195624351864687
ENSG00000179091,CYC1,neutral,7.9438750295358656,9.195974909407665,0.8638426167745547
ENSG00000179104,TMTC2,regulation-driven,0.923177489451477,0.15291039024390246,6.037375798851512
ENSG00000179119,SPTY2D1,neutral,84.93436909704641,50.18184183972126,1.6925319195800606
ENSG00000179151,EDC3,regulation-driven,2.6479941054852323,2.854610717770035,0.9276200390481938
ENSG00000179152,TCAIM,neutral,0.04129232489451477,0.01650730662020906,2.501457436064262
ENSG00000179241,LDLRAD3,neutral,10.99461134599156,3.5729293240418114,3.0771981052102384
ENSG00000179256,SMCO3,neutral,35.950689704641356,45.5299036097561,0.7896061018002657
ENSG00000179270,PCARE,neutral,58.130082729957806,56.37004874912892,1.0312228571712223
ENSG00000179292,TMEM151A,neutral,1.4245784599156117,7.441719111498258,0.19143136667366073
ENSG00000179299,NSUN7,neutral,0.001352240506329114,0.0103365574912892,0.13082116627984425
ENSG00000179331,RAB39A,neutral,10.404879080168776,6.84146049825784,1.5208564140388374
ENSG00000179364,PACS2,regulation-driven,0.0020765822784810125,0.0015161428571428572,1.3696481625711003
ENSG00000179388,EGR3,neutral,0.04248332911392405,0.14276379442508713,0.2975777527138819
ENSG00000179397,CATSPERE,neutral,1.0984519324894515,6.396895261324042,0.1717164167327779
ENSG00000179455,MKRN3,gene-driven,208.76973861603378,60.79073824390244,3.4342359485488605
ENSG00000179456,ZBTB18,neutral,0.0010413206751054853,0.0027809337979094076,0.3744500052062755
ENSG00000179476,C14orf28,neutral,0.32567804219409285,0.350131299651568,0.9301597501228548
ENSG00000179526,SHARPIN,gene-driven,0.08669627004219409,0.14672697212543553,0.5908679828005873
ENSG00000179528,LBX2,neutral,0.29495513924050637,0.44188488501742157,0.6674931622268039
ENSG00000179562,GCC1,neutral,1.1597440379746835,1.5762184529616723,0.7357762090626179
ENSG00000179564,LSMEM2,neutral,0.010173544303797468,0.003410526132404181,2.982983829719503
ENSG00000179580,RNF151,gene-driven,0.8762262658227848,3.131514087108014,0.2798091407061141
ENSG00000179639,FCER1A,neutral,7.501341822784811,11.606611571428571,0.646299031945766
ENSG00000179715,PCED1B,neutral,2.614189856540084,2.178555787456446,1.1999646149030954
ENSG00000179813,FAM216B,neutral,0.0021103881856540086,0.005367682926829269,0.3931655826959643
ENSG00000179817,MRGPRX4,neutral,7.861636388185654,4.448838627177701,1.7671210504600834
ENSG00000179869,,regulation-driven,0.006750400843881857,0.006918679442508712,0.9756776419510141
ENSG00000179902,CFAP276,neutral,6.812478358649789,2.188341547038328,3.1130781974457804
ENSG00000179914,ITLN1,neutral,21.203093556962028,18.60274463414634,1.1397830790002141
ENSG00000179930,ZNF648,neutral,6.145366510548524,6.849808219512195,0.8971589150544367
ENSG00000179941,BBS10,neutral,7.297304240506329,5.336219891986063,1.3675044110280057
ENSG00000179988,PSTK,neutral,0.010288371308016877,0.005534174216027875,1.8590616967243403
ENSG00000180053,NKX2-6,neutral,0.05864767088607595,0.08983054355400696,0.6528700435928724
ENSG00000180098,TRNAU1AP,neutral,8.533440797468355,10.460701773519164,0.8157617894308401
ENSG00000180116,C12orf40,neutral,5.432732105485232,2.6704447317073168,2.0343922646966295
ENSG00000180176,TH,regulation-driven,0.0643230506329114,0.038560567944250876,1.6681043372054778
ENSG00000180185,FAHD1,gene-driven,0.26077996202531645,0.17164987108013938,1.5192552163558823
ENSG00000180198,RCC1,regulation-driven,0.0012798396624472573,0.004948188153310104,0.258648140045181
ENSG00000180219,GARIN6,neutral,0.1661475400843882,0.11967952961672473,1.388270330076312
ENSG00000180233,ZNRF2,neutral,0.11163123628691983,0.23682459581881535,0.47136673410528795
ENSG00000180251,SLC9A4,regulation-driven,0.5790655864978903,0.4115169407665505,1.407148841598695
ENSG00000180263,,neutral,0.03498773839662447,0.022204745644599302,1.575687420906543
ENSG00000180316,PNPLA1,neutral,0.1053396371308017,0.02824260975609756,3.729812437324739
ENSG00000180332,KCTD4,neutral,0.4394276329113924,0.4836429337979094,0.9085786273370999
ENSG00000180357,ZNF609,neutral,26.45930929535865,7.162839554006969,3.693969283530444
ENSG00000180423,HARBI1,neutral,0.0020610970464135024,0.0006752508710801394,3.0523426694978517
ENSG00000180432,CYP8B1,neutral,0.0010779493670886075,0.0021862439024390246,0.49305997646741156
ENSG00000180481,GLIPR1L2,neutral,0.0003310506329113924,0.0027500557491289194,0.12037960794658535
ENSG00000180537,RNF182,neutral,0.06785793248945148,0.1095730487804878,0.6192940074652304
ENSG00000180549,FUT7,neutral,4.315798729957806,8.65226131707317,0.4988058695640189
ENSG00000180573,H2AC6,neutral,20.039216725738395,7.891005069686412,2.539501185054333
ENSG00000180611,MB21D2,neutral,1.6958080464135024,0.12188677351916377,13.912978393401128
ENSG00000180613,GSX2,neutral,14.115526523206753,10.621691167247388,1.3289339993929417
ENSG00000180628,PCGF5,gene-driven,0.00038074683544303794,0.004673216027874564,0.08147426379862997
ENSG00000180638,SLC47A2,neutral,0.06558569620253166,0.3259769233449477,0.2011973594005889
ENSG00000180644,PRF1,gene-driven,0.0,0.0012931184668989548,0.0
ENSG00000180660,MAB21L1,neutral,0.07427546835443039,0.09170628571428573,0.8099277794963621
ENSG00000180667,YOD1,neutral,2.9587139704641348,1.4829474912891987,1.9951576086432974
ENSG00000180697,C3orf22,neutral,0.001412012658227848,0.003281993031358885,0.43023024264107423
ENSG00000180730,SHISA2,neutral,0.13167733755274263,6.2913232299651565,0.020929990836517854
ENSG00000180745,CLRN3,neutral,0.2201809367088608,0.16103283972125434,1.3673045640255181
ENSG00000180758,GPR157,neutral,16.22858175105485,15.248890902439024,1.0642466953750143
ENSG00000180767,CHST13,neutral,0.842361628691983,2.3241686271777002,0.3624356765003257
ENSG00000180773,SLC36A4,gene-driven,3.4972656160337547,4.111193282229965,0.8506692281168527
ENSG00000180801,ARSJ,neutral,0.029088143459915616,0.059699780487804874,0.48724037546264637
ENSG00000180806,HOXC9,gene-driven,1.5867656540084387,1.3412506794425088,1.183049282530823
ENSG00000180875,GREM2,neutral,0.3676688016877637,0.39423352264808365,0.9326167881871548
ENSG00000180878,C11orf42,neutral,17.289464253164557,13.372730822299651,1.2928895737835064
ENSG00000180881,CAPS2,gene-driven,1.9586247341772154,0.47043281533101045,4.163452612886006
ENSG00000180934,OR56A1,neutral,0.7566811434599157,0.32023567595818814,2.3628883358976918
ENSG00000180938,ZNF572,neutral,2.772691329113924,2.4868129337979097,1.1149577402589006
ENSG00000181072,CHRM2,neutral,0.024353658227848102,0.03572763763066202,0.6816475939329223
ENSG00000181085,MAPK15,neutral,5.841753109704642,1.902496682926829,3.0705720341743787
ENSG00000181092,ADIPOQ,gene-driven,0.27019996624472564,0.2697540174216028,1.0016531684213097
ENSG00000181104,F2R,neutral,0.004556510548523207,0.01094254355400697,0.4164032362342932
ENSG00000181135,ZNF707,gene-driven,0.0012053713080168774,0.003629752613240418,0.33208084309106584
ENSG00000181218,H2AC25,neutral,4.088416358649789,2.25192762369338,1.8155185431512177
ENSG00000181220,ZNF746,neutral,25.70228244725738,24.43501900348432,1.0518625929283032
ENSG00000181234,TMEM132C,regulation-driven,1.1448284430379745,2.1610228222996515,0.5297623103395576
ENSG00000181264,TLCD5,gene-driven,0.0029621687763713082,0.0030791498257839722,0.9620086530271778
ENSG00000181291,TMEM132E,regulation-driven,0.0005882025316455696,0.0015525087108013936,0.37887229073384315
ENSG00000181333,HEPHL1,neutral,83.21671091561183,27.297000013937282,3.048566174785621
ENSG00000181381,DDX60L,gene-driven,0.16110418987341774,0.7342736306620209,0.21940620382644851
ENSG00000181418,DDN,neutral,0.0009082405063291139,0.022099641114982575,0.04109752287847639
ENSG00000181472,ZBTB2,neutral,1.1872764978902954,1.768651,0.6712893034806163
ENSG00000181541,MAB21L2,neutral,0.37414956962025314,0.13700593728222996,2.73090040506428
ENSG00000181617,FDCSP,neutral,1.0768835189873416,0.6909260034843205,1.558609045768502
ENSG00000181631,P2RY13,neutral,0.0089933164556962,0.015454564459930313,0.5819197609232886
ENSG00000181634,TNFSF15,neutral,3.0070165443037977,2.5827720766550524,1.1642593519898141
ENSG00000181652,ATG9B,neutral,3.0437075316455693,8.586108414634147,0.3544920917208406
ENSG00000181690,PLAG1,regulation-driven,0.0005422700421940928,0.0006690871080139372,0.8104625476998389
ENSG00000181744,DIPK2A,neutral,13.228616270042197,10.628294581881534,1.2446602950386352
ENSG00000181754,AMIGO1,neutral,0.0008421603375527426,0.00238905574912892,0.35250761220612153
ENSG00000181773,GPR3,neutral,0.03866881012658228,0.10626897212543554,0.3638767681025389
ENSG00000181778,TMEM252,neutral,0.0015251350210970464,0.002565177700348432,0.5945533601394886
ENSG00000181790,ADGRB1,regulation-driven,0.003727430379746835,0.04269267944250871,0.08730841981390063
ENSG00000181817,LSM10,neutral,0.1975143839662447,0.2967619895470383,0.665564967628503
ENSG00000181873,IBA57,neutral,0.0514784641350211,0.14050945993031358,0.3663700946580545
ENSG00000181904,C5orf24,neutral,1.687166181434599,1.1601247421602785,1.4542972148778692
ENSG00000181982,CCDC149,neutral,0.00018797046413502108,0.0010360383275261323,0.18143195974598716
ENSG00000182010,RTKN2,neutral,37.430060628691976,51.925328306620216,0.720843985957424
ENSG00000182054,IDH2,neutral,0.08738992827004219,0.062075658536585365,1.407797038810912
ENSG00000182077,PTCHD3,neutral,0.006622240506329114,0.007160240418118467,0.924862870466195
ENSG00000182117,NOP10,neutral,1.9578498691983124,3.3438728745644597,0.5855036787106696
ENSG00000182132,KCNIP1,regulation-driven,5.394741801687763,4.7852217560975605,1.1273755066447073
ENSG00000182134,TDRKH,gene-driven (relaxed),6.099611459915612,3.141089289198606,1.9418777686105895
ENSG00000182168,UNC5C,neutral,0.0023500210970464133,0.0035981602787456446,0.6531174030595587
ENSG00000182179,UBA7,neutral,23.44046197890296,15.094011132404182,1.5529644024563105
ENSG00000182180,MRPS16,neutral,0.12356587763713081,0.15269712543554007,0.8092220288016699
ENSG00000182183,SHISAL2A,neutral,0.23043938818565401,0.18174258188153308,1.267943845630318
ENSG00000182208,MOB2,neutral,0.006091206751054852,0.001625581881533101,3.7470931610717635
ENSG00000182223,ZAR1,neutral,5.671113282700422,4.682663599303136,1.211087058131698
ENSG00000182263,FIGN,regulation-driven,0.04264928270042193,0.11596002090592335,0.3677929890597611
ENSG00000182271,TMIGD1,gene-driven,36.89140239240507,19.13470713937282,1.9279836437368258
ENSG00000182272,B4GALNT4,neutral,9.456644392405062,8.482368407665506,1.1148589565927252
ENSG00000182307,C8orf33,gene-driven,0.08743467932489452,0.11148303484320556,0.7842868598604832
ENSG00000182325,FBXL6,gene-driven,1.18792029535865,2.928377487804878,0.40565818454270364
ENSG00000182333,LIPF,neutral,0.0008146919831223628,0.004598926829268292,0.1771482811897626
ENSG00000182348,ZNF804B,regulation-driven,3.348405835443038,7.843340554006967,0.4269106782227403
ENSG00000182359,KBTBD3,gene-driven,3.9291937805907176,2.89646750174216,1.3565468206452846
ENSG00000182372,CLN8,neutral,0.07551900421940928,0.1833908885017422,0.4117925641583434
ENSG00000182447,OTOL1,neutral,0.9829660337552742,2.7825320174216026,0.3532631529847146
ENSG00000182504,CEP97,neutral,0.1172611476793249,0.6011469860627178,0.19506235645851017
ENSG00000182533,CAV3,neutral,8.643681067510549,25.573062557491287,0.3379994495410366
ENSG00000182552,RWDD4,neutral,0.1806765654008439,0.2052445087108014,0.8802991443509223
ENSG00000182568,SATB1,gene-driven,0.43637083122362863,0.008475895470383275,51.48374384139216
ENSG00000182645,CCDC172,neutral,0.04010086919831224,0.02418790940766551,1.6578890106808353
ENSG00000182685,BRICD5,gene-driven,0.1534268523206751,0.0827472961672474,1.8541615185899418
ENSG00000182698,RESP18,neutral,2.2682904894514766,22.927480763066203,0.098933263226436
ENSG00000182704,TSKU,gene-driven,3.662869198312236e-05,0.0017362857142857143,0.02109600492692583
ENSG00000182732,RGS6,gene-driven,0.006692691983122363,0.005996505226480836,1.116098749246
ENSG00000182747,SLC35D3,neutral,3.3942121603375535,3.395825693379791,0.9995248480964783
ENSG00000182752,PAPPA,regulation-driven,0.12334378059071732,0.08802801393728224,1.4011878159445548
ENSG00000182768,NGRN,neutral,3.959256168776372,5.211335902439025,0.7597391998706798
ENSG00000182771,GRID1,gene-driven,0.024115257383966245,0.004852808362369338,4.969340551538326
ENSG00000182795,C1orf116,neutral,3.7891186919831217,4.696922477351917,0.8067237026486741
ENSG00000182827,ACBD3,neutral,10.625823717299578,6.6376985331010445,1.6008295140718503
ENSG00000182866,LCK,gene-driven,2.212581869198312,15.566530135888504,0.14213712689234598
ENSG00000182901,,regulation-driven,2.93788987763713,20.17118125087108,0.14564788452883784
ENSG00000182934,SRPRA,neutral,0.001008097046413502,0.005465445993031359,0.18444918268314467
ENSG00000182950,CIMAP1C,neutral,27.646659135021096,12.858109153310103,2.1501341142296906
ENSG00000183049,CAMK1D,neutral,1.9940928270042195e-05,5.888501742160279e-06,3.3864179961550946
ENSG00000183090,FREM3,regulation-driven,0.03568418143459916,0.11346293031358887,0.314500791897188
ENSG00000183128,CALHM3,neutral,0.0007869620253164557,0.0034381567944250877,0.22889067380303924
ENSG00000183155,RABIF,neutral,0.6390353881856541,1.010104857142857,0.6326426248391721
ENSG00000183166,CALN1,neutral,0.00040715611814345985,0.0004624216027874564,0.8804868018473645
ENSG00000183185,GABRR3,neutral,10.733964801687765,8.538743839721255,1.2570894505295493
ENSG00000183273,CCDC60,neutral,0.03727434177215191,0.04070656097560975,0.9156838818805073
ENSG00000183283,DAZAP2,gene-driven,5.6465781687763705,0.8743792613240419,6.457813466694024
ENSG00000183317,EPHA10,regulation-driven,0.0015138902953586498,0.006202059233449477,0.24409478180953303
ENSG00000183323,CCDC125,gene-driven,0.01186006329113924,0.023010418118466897,0.5154214595353661
ENSG00000183324,REC114,neutral,1.2899826455696202,0.7946537944250872,1.6233266041382102
ENSG00000183347,GBP6,neutral,6.948377227848101,4.961823735191637,1.400367606484461
ENSG00000183379,SYNDIG1L,neutral,0.0,0.0,nan
ENSG00000183386,FHL3,neutral,0.0009048059071729957,0.0024541393728222992,0.36868562445679465
ENSG00000183395,PMCH,neutral,0.027903383966244723,0.01678944599303136,1.661959779841832
ENSG00000183396,TMEM89,neutral,2.721302831223629,2.328678379790941,1.1686039836329551
ENSG00000183423,LRIT3,neutral,1.2881409915611812,1.5917302996515679,0.8092708870611794
ENSG00000183508,TENT5C,gene-driven,10.296742371308017,14.292421686411151,0.7204337093620657
ENSG00000183513,COA5,neutral,0.0035225400843881855,0.007065160278745645,0.4985789345763548
ENSG00000183520,UTP11,neutral,3.5432645822784807,5.929056271777004,0.5976102131370943
ENSG00000183560,IZUMO1R,gene-driven,0.07745985232067511,0.13160450522648084,0.5885805519147911
ENSG00000183576,SETD3,neutral,1.984985417721519,5.687487132404181,0.3490092147043571
ENSG00000183578,TNFAIP8L3,neutral,2.451183198312236,3.574495557491289,0.6857424100514383
ENSG00000183580,FBXL7,regulation-driven,23.725672637130803,21.641735073170732,1.0962925364770557
ENSG00000183607,GKN2,gene-driven,1.4556116455696202,0.4236809024390244,3.435631951286995
ENSG00000183615,FAM167B,neutral,25.97734510970464,40.94333122299651,0.6344707265810855
ENSG00000183621,,gene-driven,16.720242556962024,18.142269055749132,0.921618045988769
ENSG00000183638,RP1L1,neutral,0.004150215189873418,0.03146359930313589,0.13190528997932469
ENSG00000183644,HOATZ,neutral,1.0999406371308016,0.6217983972125436,1.7689666651791305
ENSG00000183648,NDUFB1,gene-driven,0.15371208860759494,0.21163543554006967,0.7263060092717417
ENSG00000183715,OPCML,regulation-driven,2.2751945569620253,2.2792962543554007,0.9982004544667953
ENSG00000183722,LHFPL6,neutral,6.2114557974683535,18.7001191184669,0.3321612957713389
ENSG00000183733,FIGLA,neutral,1.1436634430379746,0.4218271080139373,2.7112137207649245
ENSG00000183742,MACC1,neutral,0.0022249071729957804,0.000949588850174216,2.3430215851708756
ENSG00000183751,TBL3,gene-driven,0.0,0.0,nan
ENSG00000183775,KCTD16,neutral,0.13962005063291139,0.10947953310104529,1.2753073262017622
ENSG00000183779,ZNF703,neutral,1.005203953586498,4.939692606271777,0.20349524428103508
ENSG00000183780,SLC35F3,neutral,1.5408397510548522,5.866932341463415,0.2626312460031734
ENSG00000183807,FAM162B,neutral,5.185531561181434,2.015910365853659,2.572302642526254
ENSG00000183813,CCR4,neutral,2.482483510548523,0.5478159756097561,4.5316011600161
ENSG00000183814,LIN9,gene-driven,0.012017696202531647,0.015063048780487805,0.797826281894472
ENSG00000183831,ANKRD45,neutral,0.6845688776371309,0.49700506271776995,1.3773881374441275
ENSG00000183833,CFAP91,gene-driven,5.290004818565401,11.908284599303137,0.4442289545947674
ENSG00000183840,GPR39,neutral,0.02782299578059072,0.04357573170731707,0.6384975005690791
ENSG00000183856,IQGAP3,regulation-driven,0.0015249957805907172,0.0016183066202090594,0.9423404449730992
ENSG00000183888,SRARP,neutral,0.31818360759493663,0.3449724041811847,0.9223451027921116
ENSG00000183908,LRRC55,gene-driven,0.0003988185654008439,0.00040605574912891987,0.9821768716645403
ENSG00000183960,KCNH8,neutral,2.103781751054852,1.4933264320557489,1.4087889331462082
ENSG00000183977,PP2D1,neutral,74.34312602109704,82.26616796167247,0.903690154326056
ENSG00000184108,TRIML1,neutral,4.644444966244726,1.7360299860627175,2.675325313232773
ENSG00000184163,C1QTNF12,gene-driven,3.81504388185654,3.3335096898954704,1.144452615038347
ENSG00000184209,SNRNP35,neutral,0.004471071729957806,0.00457455400696864,0.97737871782622
ENSG00000184220,CMSS1,gene-driven,14.445838658227851,70.39607500348433,0.2052080127693602
ENSG00000184232,OAF,gene-driven,10.676414594936709,4.878601930313589,2.18841683487188
ENSG00000184260,H2AC20,neutral,3.5737240210970462,6.467147233449477,0.5525966693031166
ENSG00000184271,POU6F1,neutral,0.014011578059071727,0.039161522648083626,0.35778940939001985
ENSG00000184302,SIX6,neutral,0.014075561181434599,0.04977090940766551,0.2828069920552173
ENSG00000184305,CCSER1,neutral,1.1417654135021096,3.3463164076655056,0.3412006739370592
ENSG00000184307,ZDHHC23,neutral,1.8773470379746835,2.0390932090592333,0.9206774019127973
ENSG00000184344,GDF3,neutral,0.0011565738396624471,0.001767801393728223,0.6542442175720197
ENSG00000184345,IQCF2,neutral,1.2252037046413504,3.1625671219512204,0.38740796871543776
ENSG00000184347,SLIT3,regulation-driven,1.105383789029536,0.37816913588850176,2.9229878488958545
ENSG00000184349,,regulation-driven,0.014768481012658225,0.08119296167247386,0.18189361132351764
ENSG00000184357,H1-5,neutral,0.026197624472573844,0.019203174216027876,1.3642340676526317
ENSG00000184371,CSF1,gene-driven,0.0877117383966245,0.14117005226480836,0.6213197274454063
ENSG00000184374,COLEC10,regulation-driven,0.552828523206751,0.8799544425087109,0.6282467551736673
ENSG00000184378,ACTRT3,neutral,3.479006185654008,4.380837034843205,0.7941418861244003
ENSG00000184384,MAML2,neutral,0.14475481856540087,1.7801888083623691,0.08131430659794098
ENSG00000184434,LRRC19,neutral,6.496278717299577,6.392858533101045,1.0161774554626921
ENSG00000184445,KNTC1,regulation-driven,0.39092117299578066,0.8556152787456446,0.45688895781393923
ENSG00000184454,NCMAP,neutral,0.017353945147679326,0.01412788850174216,1.2283466949459114
ENSG00000184500,PROS1,neutral,0.008653337552742616,0.07414272473867596,0.11671189025278257
ENSG00000184564,SLITRK6,neutral,0.007811902953586499,0.0091035818815331,0.8581131092403517
ENSG00000184574,LPAR5,gene-driven,6.630054962025317,7.146009480836237,0.9277982319790398
ENSG00000184584,STING1,neutral,0.004321282700421941,0.017009634146341462,0.2540491267033741
ENSG00000184601,C14orf180,neutral,112.48712075949366,78.53369336236933,1.4323421698818721
ENSG00000184611,KCNH7,regulation-driven,0.1255536793248945,0.065990606271777,1.9025992700811352
ENSG00000184661,CDCA2,neutral,0.6080571898734177,0.39474711846689897,1.5403714464970961
ENSG00000184677,ZBTB40,neutral,20.7881510886076,11.455766547038328,1.8146451399170649
ENSG00000184719,RNLS,neutral,0.000739042194092827,0.004047494773519164,0.18259250115108958
ENSG00000184752,NDUFA12,neutral,0.0,0.0002404076655052265,0.0
ENSG00000184786,DYNLT2,neutral,7.939198945147679,6.18803781184669,1.282991343386506
ENSG00000184840,TMED9,neutral,0.29945367932489453,0.3629679268292683,0.8250141601788155
ENSG00000184845,DRD1,neutral,0.001034337552742616,0.003265759581881533,0.3167218917403262
ENSG00000184887,BTBD6,neutral,0.09543785654008438,0.030236804878048782,3.1563472703218736
ENSG00000184898,RBM43,neutral,44.15904006329114,48.66089776655053,0.9074851079637506
ENSG00000184903,IMMP2L,neutral,55.690375312236284,64.5091133902439,0.8632946941208259
ENSG00000184916,JAG2,regulation-driven,4.930339333333333,16.087269975609757,0.3064745815050237
ENSG00000184923,NUTM2A,gene-driven,15.003573746835443,10.624187839721255,1.4122090058254362
ENSG00000184924,PTRHD1,neutral,0.11421556540084389,0.7114179756097562,0.1605463585636134
ENSG00000184925,LCN12,neutral,0.0023865822784810125,0.0241754425087108,0.09871928001405098
ENSG00000184937,WT1,regulation-driven,14.727960240506327,8.073179550522648,1.8243072817020225
ENSG00000184945,AQP12A,gene-driven,0.48235289873417725,0.223096181184669,2.162084963412741
ENSG00000184992,BRI3BP,neutral,0.0017529198312236287,0.02002730662020906,0.08752648893160704
ENSG00000185000,DGAT1,neutral,0.0012029915611814347,0.010531170731707316,0.11423151250975926
ENSG00000185002,RFX6,regulation-driven,18.41423253586498,3.5527875923344947,5.183037842058327
ENSG00000185009,AP3M1,neutral,0.7513118902953587,2.0364071149825786,0.36893992599401526
ENSG00000185024,BRF1,gene-driven,0.2123865105485232,0.10496371080139373,2.0234279917026625
ENSG00000185033,SEMA4B,gene-driven,0.0002198691983122363,2.7686411149825783e-05,7.941412020590463
ENSG00000185043,CIB1,gene-driven,0.005452303797468355,0.020514452961672477,0.2657786589608308
ENSG00000185055,EFCAB10,neutral,0.045133029535864976,0.08848246689895471,0.510078788687097
ENSG00000185069,KRT76,neutral,16.904159181434597,7.085394808362369,2.3857751951216417
ENSG00000185085,INTS5,neutral,0.0020181814345991557,0.017838094076655053,0.11313884913525465
ENSG00000185090,MANEAL,neutral,0.0,0.0,nan
ENSG00000185100,ADSS1,dual-driven,0.008983151898734176,0.020536024390243903,0.4374338347105695
ENSG00000185104,FAF1,gene-driven,0.5178543248945149,1.8815842369337978,0.27522250385048014
ENSG00000185127,C6orf120,neutral,0.08170786919831223,0.07617409756097562,1.072646369494656
ENSG00000185149,NPY2R,neutral,0.13556521518987344,0.19266487108013938,0.7036322419850206
ENSG00000185155,MIXL1,neutral,0.028819417721518987,0.017067010452961672,1.688603742345391
ENSG00000185163,DDX51,neutral,1.5185608565400843,2.9896778780487807,0.5079346064971977
ENSG00000185176,AQP12B,neutral,0.0003587088607594937,0.0021004111498257837,0.17078030688860435
ENSG00000185219,ZNF445,neutral,1.4915784388185653,0.7291365958188153,2.045677651309674
ENSG00000185220,PGBD2,gene-driven,0.0018399198312236287,0.003937045296167248,0.46733519500393067
ENSG00000185238,PRMT3,regulation-driven,0.263629194092827,0.4098080731707317,0.6432991718613494
ENSG00000185246,PRPF39,gene-driven,0.0025388312236286916,0.00389702787456446,0.6514788462765195
ENSG00000185261,KIAA0825,gene-driven,24.921482168776375,13.031199665505225,1.9124472656762226
ENSG00000185267,CDNF,neutral,0.21153822784810125,0.5988967456445993,0.35321318639061944
ENSG00000185271,KLHL33,neutral,1.3496695232067513,2.373311595818815,0.5686861875130655
ENSG00000185278,ZBTB37,neutral,0.39563148523206754,2.696284693379791,0.14673208886415617
ENSG00000185305,ARL15,neutral,0.01704777637130802,0.03992214634146341,0.4270255468103949
ENSG00000185313,SCN10A,gene-driven,0.00041680590717299576,0.004753306620209059,0.08768757003827872
ENSG00000185344,ATP6V0A2,neutral,1.5066995780590715,4.268958421602787,0.35294313723800075
ENSG00000185352,HS6ST3,neutral,29.85317151054852,26.133771365853658,1.1423215996124703
ENSG00000185414,MRPL30,neutral,4.084423886075949,6.697242031358885,0.6098665490885969
ENSG00000185436,IFNLR1,neutral,2.539349455696202,6.798966693379791,0.37349049792651395
ENSG00000185467,KPNA7,gene-driven (relaxed),8.322776042194093,11.748737,0.7083975104893482
ENSG00000185480,PARPBP,neutral,0.4263597552742617,0.5089321916376306,0.8377535598648826
ENSG00000185483,ROR1,regulation-driven,1.1163285443037976,0.975157275261324,1.1447676929904895
ENSG00000185499,MUC1,gene-driven,12.660055455696204,4.016219543554008,3.1522319231814575
ENSG00000185518,SV2B,gene-driven,2.9797403291139237,4.171782588850174,0.7142606944757395
ENSG00000185519,FAM131C,neutral,0.4663583459915612,0.3852201637630662,1.2106280767753368
ENSG00000185532,PRKG1,dual-driven,13.49009852742616,4.715095811846689,2.861044412614534
ENSG00000185559,DLK1,neutral,0.11058482700421941,0.17035950522648086,0.6491262513189666
ENSG00000185585,OLFML2A,neutral,4.676098784810127,2.994276926829268,1.561678795608859
ENSG00000185591,SP1,gene-driven,0.008888379746835443,0.011495783972125436,0.7731860452830069
ENSG00000185610,DBX2,neutral,8.390206784810127,2.6567194216027876,3.1581079720297867
ENSG00000185614,INKA1,neutral,2.8998839915611816,8.160415101045297,0.3553598629057148
ENSG00000185633,NDUFA4L2,gene-driven,0.6601323839662446,1.2247162578397213,0.5390084272504498
ENSG00000185634,SHC4,neutral,0.003501662447257384,0.006777961672473868,0.5166247046627696
ENSG00000185640,KRT79,gene-driven,72.10363838396624,35.70070201393728,2.019670043345857
ENSG00000185652,NTF3,neutral,6.437412523206751,5.830589313588851,1.104075793540051
ENSG00000185662,SMIM23,gene-driven,0.19639330801687765,0.04517653658536585,4.347241352726801
ENSG00000185670,ZBTB3,gene-driven,0.04617691561181434,0.07624686411149827,0.6056238004003461
ENSG00000185697,MYBL1,regulation-driven,0.0,0.0,nan
ENSG00000185736,ADARB2,neutral,5.579244160337553,6.408596536585366,0.870587519199686
ENSG00000185742,C11orf87,neutral,1.7937694135021096,19.91810771080139,0.0900572202714501
ENSG00000185774,KCNIP4,regulation-driven,0.0007056540084388185,0.00366284668989547,0.19265180013825706
ENSG00000185798,WDR53,neutral,15.098540122362868,17.649427606271775,0.8554691097742773
ENSG00000185860,CCDC190,neutral,0.26297643037974683,1.049203763066202,0.2506438116569676
ENSG00000185863,TMEM210,neutral,0.14424050210970465,0.22321411846689898,0.6461979336270992
ENSG00000185896,LAMP1,gene-driven,0.004074561181434599,0.010331069686411148,0.3943987704191005
ENSG00000185909,KLHDC8B,neutral,0.2011316793248945,0.5442214668989547,0.36957689389021936
ENSG00000185933,CALHM1,neutral,0.006308556962025317,0.014134383275261326,0.4463270055133467
ENSG00000185942,NKAIN3,regulation-driven,0.001922493670886076,0.0023768153310104534,0.808852772785157
ENSG00000185989,RASA3,regulation-driven,0.0009374599156118144,0.0009835261324041813,0.9531621832154471
ENSG00000186007,LEMD1,gene-driven,0.04106259915611815,0.01127251567944251,3.6427183003172305
ENSG00000186009,ATP4B,neutral,40.86738227848101,65.79988839721254,0.6210858904771678
ENSG00000186038,HTR3E,gene-driven,1.2516318396624473,1.1257636550522647,1.1118069357145297
ENSG00000186073,CDIN1,regulation-driven,0.05952981856540085,0.10989279790940765,0.5417080982365693
ENSG00000186106,ANKRD46,gene-driven,17.992421966244727,32.5028055087108,0.5535651979772248
ENSG00000186130,ZBTB6,neutral,2.3834245485232066,3.517564069686411,0.677578148202909
ENSG00000186166,CENATAC,neutral,12.146850029535864,3.5952081358885013,3.3786222022258396
ENSG00000186174,BCL9L,neutral,19.279139548523208,9.837511358885017,1.959757792920943
ENSG00000186188,FFAR4,neutral,0.005321088607594936,0.002281926829268293,2.331840153394033
ENSG00000186193,SAPCD2,neutral,25.570388789029536,32.971310571428575,0.7755344978973223
ENSG00000186197,EDARADD,gene-driven,0.25814372151898735,0.6224995783972125,0.4146889901253358
ENSG00000186198,SLC51B,neutral,0.010657772151898733,0.05240890940766551,0.20335802199196096
ENSG00000186231,KLHL32,neutral,0.00030945147679324895,0.0007147526132404181,0.4329490666572214
ENSG00000186265,BTLA,neutral,0.0011260632911392406,0.007362972125435541,0.1529359709578733
ENSG00000186318,BACE1,gene-driven,0.01792724050632911,0.00913176306620209,1.9631740745311594
ENSG00000186334,SLC36A3,neutral,0.0015654683544303798,0.0028593554006968638,0.5474899531722618
ENSG00000186350,RXRA,regulation-driven,6.345600274261603,5.376947024390243,1.1801493013558577
ENSG00000186367,MINAR2,neutral,12.11774451898734,5.489203104529617,2.207559874945771
ENSG00000186377,CYP4X1,neutral,0.0004571223628691983,0.0021079686411149823,0.21685444173752483
ENSG00000186442,KRT3,neutral,3.573760286919831,0.9401590069686412,3.8012296435288344
ENSG00000186468,RPS23,neutral,104.28066610548522,26.320752069686414,3.9619181788344555
ENSG00000186479,RGS7BP,gene-driven,21.11219913080169,17.742564216027873,1.1899181467653832
ENSG00000186501,TMEM222,neutral,0.0004463924050632911,0.008272121951219513,0.05396347003775518
ENSG00000186583,SPATC1,neutral,25.927891717299584,18.654362905923342,1.389910330792732
ENSG00000186591,UBE2H,neutral,1.3920198396624472,4.418525763066202,0.3150416936115058
ENSG00000186603,HPDL,neutral,0.4663021518987342,0.4093409303135888,1.1391534961859504
ENSG00000186638,KIF24,regulation-driven,13.722852915611814,31.571392376306626,0.43466099790740936
ENSG00000186648,CARMIL3,regulation-driven,0.12169359915611815,0.045495567944250866,2.6748451476688553
ENSG00000186660,ZFP91,regulation-driven,12.847962603375528,6.188394895470384,2.0761381295785823
ENSG00000186684,CYP27C1,neutral,5.613478156118143,6.623444271777003,0.8475164771956485
ENSG00000186687,LYRM7,neutral,0.20092492827004219,0.20481837979094075,0.9809907122355297
ENSG00000186710,CFAP73,neutral,2.196404620253164,1.4129883135888501,1.5544393390448605
ENSG00000186766,FOXI2,neutral,4.49476987763713,1.146075132404181,3.921880643381747
ENSG00000186795,KCNK18,neutral,0.0011149535864978903,0.002295212543554007,0.48577356795525684
ENSG00000186827,TNFRSF4,neutral,0.016779506329113923,0.04693049128919861,0.3575395413125762
ENSG00000186854,TRABD2A,neutral,0.0018004135021097048,0.004768717770034844,0.3775466674549183
ENSG00000186867,QRFPR,neutral,168.4097320970464,83.08851364808363,2.0268714013869067
ENSG00000186881,OR13F1,neutral,0.0006801603375527427,0.005638912891986063,0.12061905381077549
ENSG00000186891,TNFRSF18,gene-driven,1.6192374894514767,0.4018490975609756,4.029466531788783
ENSG00000186895,FGF3,neutral,1.8887535654008438,0.24212363414634144,7.800781497684221
ENSG00000186907,RTN4RL2,neutral,7.9292860168776365,8.974948233449476,0.8834910030261038
ENSG00000186908,ZDHHC17,regulation-driven,0.0016294894514767933,0.1718276306620209,0.009483279523780105
ENSG00000186910,SERPINA11,neutral,0.015880240506329114,0.010987787456445993,1.4452628037515378
ENSG00000187003,ACTL7A,neutral,0.003294810126582278,0.004664825783972125,0.7063093626996567
ENSG00000187024,PTRH1,neutral,0.0003743839662447258,0.0036521986062717773,0.10250920242995847
ENSG00000187033,SAMD7,gene-driven,0.003970497890295358,0.019564871080139372,0.20294015094870096
ENSG00000187048,CYP4A11,neutral,3.6933578607594937,2.825966216027875,1.3069363107782683
ENSG00000187049,TMEM216,gene-driven,8.532577641350212,17.219737857142853,0.4955114713207348
ENSG00000187054,TMPRSS11A,gene-driven,0.060517113924050625,0.04822298954703833,1.2549432229833073
ENSG00000187068,C3orf70,neutral,4.156384139240505,2.4628320975609754,1.6876441326863942
ENSG00000187091,PLCD1,regulation-driven,4.96418341772152,80.24769758188152,0.061860758218717324
ENSG00000187094,CCK,neutral,1.5750768987341772,2.108176285714286,0.747127699617641
ENSG00000187098,MITF,neutral,0.020559805907172997,0.054789397212543556,0.37525154415215956
ENSG00000187109,NAP1L1,gene-driven,0.04226587763713079,0.061704331010452966,0.6849742464588228
ENSG00000187118,CMC1,gene-driven,31.43732560759494,15.696404522648084,2.0028360993267302
ENSG00000187151,ANGPTL5,neutral,0.0013229915611814348,0.0027795679442508712,0.47597021829160496
ENSG00000187164,SHTN1,gene-driven,0.11509640506329115,0.12722247038327525,0.9046861353701696
ENSG00000187186,ENSG00000187186,gene-driven,1.0249565696202532,0.7731401184668989,1.325706097948577
ENSG00000187258,NPSR1,neutral,4.478141957805907,3.101195229965157,1.444005174049046
ENSG00000187260,WDR86,neutral,1.8546142911392405,1.8863808675958187,0.9831600410064248
ENSG00000187288,CIDEC,neutral,13.339954974683545,1.6200755156794426,8.23415627578873
ENSG00000187398,LUZP2,gene-driven,6.953749911392404,11.439855975609758,0.6078529245663655
ENSG00000187498,,gene-driven,0.0994479535864979,0.0364794425087108,2.7261368800455505
ENSG00000187527,ATP13A5,neutral,4.61404629957806,4.2046642543554,1.097363789462762
ENSG00000187566,NHLRC1,neutral,0.002132476793248945,0.0023605923344947734,0.9033651266623084
ENSG00000187583,PLEKHN1,neutral,0.1810107088607595,0.1484822857142857,1.2190727532917025
ENSG00000187605,,regulation-driven,5.987931999999999,1.0017234146341465,5.97763006486869
ENSG00000187616,MYMK,neutral,0.0033950042194092825,0.006775090592334495,0.5011009333588062
ENSG00000187642,PERM1,gene-driven,0.951519759493671,0.9593746027874565,0.991812537802269
ENSG00000187676,B3GLCT,regulation-driven,3.3888425654008443,5.725000163763067,0.5919375490765653
ENSG00000187713,TMEM203,neutral,0.6674072573839662,0.3122702229965157,2.1372747326965373
ENSG00000187715,KBTBD12,gene-driven,0.9951568607594938,1.2040638188153312,0.8264984340602649
ENSG00000187735,TCEA1,gene-driven,3.2749951097046415,1.6569709024390245,1.9764952449580866
ENSG00000187736,NHEJ1,gene-driven,2.8876035822784814,1.7380864390243902,1.6613693757942958
ENSG00000187778,MCRS1,gene-driven,0.12874739662447257,0.2165673902439024,0.5944911488265835
ENSG00000187783,TMEM72,neutral,0.0007983628691983122,0.0005336933797909408,1.4959205031005784
ENSG00000187796,CARD9,gene-driven,0.6603958101265822,1.0974567282229968,0.6017511152315735
ENSG00000187801,ZFP69B,gene-driven,0.0029170253164556965,0.004564313588850174,0.6390939753967569
ENSG00000187806,TMEM202,neutral,0.2793849535864979,0.10685096167247388,2.614716322749493
ENSG00000187821,HELT,neutral,0.03292269620253164,0.0953959407665505,0.34511632191037217
ENSG00000187833,C2orf78,neutral,4.606896654008439,5.239749634146342,0.879220759706965
ENSG00000187862,TTC24,neutral,4.628536198312236,5.25442206620209,0.8808839754393302
ENSG00000187871,GFRAL,neutral,0.04857571308016877,0.054817083623693384,0.8861418716404145
ENSG00000187889,FYB2,neutral,0.0093567805907173,0.0037577770034843212,2.4899776069845068
ENSG00000187954,ZFTRAF1,neutral,0.39368022784810125,0.7586528850174216,0.5189200959000648
ENSG00000187957,DNER,regulation-driven,0.9956934936708861,0.7967817839721255,1.2496438971121349
ENSG00000188010,MORN2,neutral,4.491647223628692,7.94243243205575,0.565525393140312
ENSG00000188015,S100A3,gene-driven,38.22767567510548,31.202109219512195,1.2251631902884264
ENSG00000188026,RILPL1,neutral,0.0014996413502109706,0.0059950905923344955,0.25014490225192887
ENSG00000188060,RAB42,gene-driven,13.728844890295358,4.063803536585366,3.3783239683459443
ENSG00000188089,PLA2G4E,regulation-driven,0.07566981434599156,0.05509170731707316,1.3735245834819345
ENSG00000188112,C6orf132,neutral,0.0,0.0,nan
ENSG00000188133,TMEM215,neutral,0.01239323206751055,0.01749318118466899,0.7084607388833295
ENSG00000188175,HEPACAM2,gene-driven (relaxed),1.4510322194092826,0.28666483972125434,5.061772559272458
ENSG00000188177,ZC3H6,neutral,1.2825188438818564,1.0442585331010452,1.2281621870718833
ENSG00000188191,PRKAR1B,neutral,0.1649470253164557,0.044104383275261325,3.7399236326920016
ENSG00000188199,NUTM2B,gene-driven,22.361916126582276,13.622909738675958,1.6414933781067307
ENSG00000188243,COMMD6,neutral,0.006408362869198312,0.024335982578397215,0.2633287087773865
ENSG00000188257,PLA2G2A,neutral,0.02322745991561181,0.11552024041811845,0.20106831349676418
ENSG00000188277,C15orf62,neutral,0.0005782784810126583,0.000838951219512195,0.689287371617263
ENSG00000188282,RUFY4,neutral,2.276888130801688,1.6821476620209057,1.3535602029528553
ENSG00000188306,LRRIQ4,gene-driven,1.534730894514768,1.7734135679442509,0.8654105969730653
ENSG00000188312,CENPP,neutral,0.9243780126582277,1.8451587874564463,0.5009747773157691
ENSG00000188342,GTF2F2,neutral,3.496826556962026,2.4969920487804877,1.400415575480046
ENSG00000188393,CLEC2A,neutral,6.9103306751054845,1.8370951637630661,3.7615529186580146
ENSG00000188467,SLC24A5,neutral,1.63192511814346,0.464197243902439,3.5155855395092437
ENSG00000188487,INSC,regulation-driven,0.027332502109704643,0.056361989547038326,0.4849456580466098
ENSG00000188522,FAM83G,neutral,0.4370413924050633,0.23326501045296166,1.8735831471526825
ENSG00000188523,CFAP77,neutral,0.0012429578059071729,0.0049191358885017425,0.2526780788496879
ENSG00000188529,SRSF10,neutral,100.90887788185654,10.8785453728223,9.275953210983117
ENSG00000188610,FAM72B,gene-driven,0.09593876371308016,0.05564336585365854,1.7241725449426997
ENSG00000188611,ASAH2,gene-driven,67.76893671308017,37.583141425087106,1.803173820585518
ENSG00000188620,HMX3,neutral,0.012836215189873415,0.01643959581881533,0.7808108746312487
ENSG00000188643,S100A16,neutral,0.014625341772151898,0.018952536585365852,0.7716825505797896
ENSG00000188676,IDO2,neutral,3.9592848691983122,6.031757891986063,0.6564064639362784
ENSG00000188690,UROS,neutral,0.0038380379746835447,0.005600452961672474,0.6853084921790654
ENSG00000188716,DUSP29,neutral,0.0005507763713080168,0.0019673658536585367,0.2799562523075139
ENSG00000188729,OSTN,neutral,1.5776605189873416,4.987459442508711,0.3163254833795245
ENSG00000188730,VWC2,regulation-driven,1.41106682278481,1.3361686689895471,1.056054415534158
ENSG00000188732,FAM221A,neutral,3.67995999578059,3.960628944250871,0.9291352579550045
ENSG00000188760,TMEM198,neutral,0.1213847299578059,0.10761201742160278,1.1279848930091547
ENSG00000188761,BCL2L15,neutral,1.692477687763713,2.066768717770035,0.8189003797143941
ENSG00000188778,ADRB3,neutral,1.3398498734177215,0.6272323205574912,2.136130153858857
ENSG00000188779,SKOR1,neutral,0.008736367088607595,0.00813215331010453,1.0742993590335177
ENSG00000188782,CATSPER4,neutral,1.661842649789029,5.259114111498258,0.31599288674030884
ENSG00000188783,PRELP,neutral,0.00195057805907173,0.006428989547038328,0.30340352007109916
ENSG00000188784,PLA2G2E,neutral,4.631353455696202,1.6096343484320557,2.877270518119598
ENSG00000188786,MTF1,neutral,0.010204869198312238,0.014079853658536584,0.7247851750309243
ENSG00000188800,TMCO2,neutral,0.16096366244725738,0.08924379790940766,1.8036397622908578
ENSG00000188811,NHLRC3,neutral,0.007534645569620253,0.001885219512195122,3.996694029994959
ENSG00000188816,HMX2,neutral,0.005565827004219409,0.008765097560975611,0.6349988651580847
ENSG00000188848,BEND4,regulation-driven,0.01337190717299578,0.016072508710801393,0.8319738637944744
ENSG00000188909,BSX,neutral,0.009503831223628691,0.3001444146341463,0.0316641948350535
ENSG00000188916,INSYN2A,neutral,1.7201938818565399,2.4221894703832754,0.7101813887351863
ENSG00000188921,HACD4,neutral,5.913558358649789,10.025747362369337,0.5898371607532973
ENSG00000188931,CFAP126,neutral,0.37755810548523205,0.7379601463414633,0.5116239777405692
ENSG00000188959,C9orf152,neutral,1.5077078016877634,2.1289190975609755,0.7082034274647115
ENSG00000188981,MSANTD1,neutral,0.0011200675105485234,0.003247463414634146,0.3449053515125461
ENSG00000188986,NELFB,neutral,0.5006176962025316,0.1373252055749129,3.645490236891998
ENSG00000188991,SLC15A5,neutral,0.06792910548523207,0.03989559581881533,1.7026717884783598
ENSG00000188993,LRRC66,gene-driven,10.929514827004219,2.177854108013937,5.0184788718337225
ENSG00000189007,ADAT2,neutral,0.12299695780590718,0.1146841637630662,1.0724842364462364
ENSG00000189043,NDUFA4,neutral,0.08638317299578058,0.1476832857142857,0.5849217978729231
ENSG00000189046,ALKBH2,neutral,1.6797011434599154,1.5066004459930313,1.1148948932859168
ENSG00000189099,PRSS48,neutral,0.9378892278481012,0.5233523101045296,1.792080038131055
ENSG00000189143,CLDN4,neutral,1.9418172278481014,1.2679820487804878,1.5314232797819896
ENSG00000189167,ZAR1L,neutral,0.0006556413502109705,0.0023319930313588848,0.28115064727655686
ENSG00000189171,S100A13,neutral,9.100566240506328,3.0649729233449476,2.969215868495979
ENSG00000189180,ZNF33A,neutral,0.007140329113924051,1.1701560662020907,0.006102031447052198
ENSG00000189184,PCDH18,neutral,0.08296399156118142,0.20797441463414632,0.3989144131364703
ENSG00000189227,C15orf61,neutral,0.030278995780590717,0.0038984564459930305,7.7669190870947205
ENSG00000189241,TSPYL1,neutral,0.0016422320675105486,0.005592027874564459,0.29367379854816184
ENSG00000189298,ZKSCAN3,gene-driven,0.0021366540084388186,0.002445494773519164,0.8737103148104827
ENSG00000189308,LIN54,neutral,0.22762626582278483,1.1362650662020908,0.20032849076634404
ENSG00000189319,FAM53B,neutral,0.012535789029535865,0.07785735191637631,0.16100970198678335
ENSG00000189320,FAM180A,gene-driven,0.012952320675105485,0.04671939721254356,0.2772364681029736
ENSG00000189325,BNIP5,neutral,0.001895957805907173,0.0025509128919860625,0.7432467850484061
ENSG00000189339,SLC35E2B,neutral,115.00951829535866,27.538653540069685,4.176294172408098
ENSG00000189350,TOGARAM2,neutral,0.00023943037974683543,7.50801393728223e-05,3.1889975397875334
ENSG00000189376,C8orf76,neutral,0.020606675105485233,0.06563512195121951,0.31395805314112557
ENSG00000189410,SH2D5,neutral,0.14225862025316457,0.4861337944250871,0.2926326494569316
ENSG00000189433,GJB4,neutral,0.002735898734177215,0.010047522648083625,0.27229585142552887
ENSG00000196116,TDRD7,neutral,2.2669933164556957,2.1166492787456446,1.0710292627218558
ENSG00000196151,WDSUB1,neutral,2.4825998523206754,1.2087531428571427,2.053851828217404
ENSG00000196152,ZNF79,neutral,0.5637763713080169,2.7239458989547036,0.2069704730642273
ENSG00000196154,S100A4,gene-driven,0.5322820717299578,0.29104195818815326,1.8288843129135601
ENSG00000196177,ACADSB,neutral,9.815733261603375,6.638003512195122,1.4787176963028466
ENSG00000196182,STK40,neutral,0.1799864599156118,0.05053738327526133,3.5614519045294015
ENSG00000196189,SEMA4A,neutral,0.07039347679324895,0.07871548432055749,0.8942773763111416
ENSG00000196199,MPHOSPH8,neutral,3.3565893713080173,2.0027880034843206,1.67595839672918
ENSG00000196220,,regulation-driven,0.005971025316455696,0.005010996515679443,1.1915844079660236
ENSG00000196230,TUBB,gene-driven,3.925582113924051,1.2623054425087108,3.109851214871049
ENSG00000196247,ZNF107,gene-driven,0.0004399493670886076,0.006191271777003484,0.07105961148769645
ENSG00000196260,SFTA2,gene-driven,39.76977170886075,40.49861357839721,0.9820032883810808
ENSG00000196277,GRM7,neutral,3.220846164556962,1.722171843205575,1.870223449108203
ENSG00000196284,SUPT3H,neutral,0.0020338565400843884,0.0035388571428571435,0.5747212893827998
ENSG00000196329,GIMAP5,gene-driven,0.42995696202531647,0.06218840418118466,6.913780272808506
ENSG00000196345,ZKSCAN7,gene-driven,0.010728810126582278,0.013209135888501741,0.8122264936286611
ENSG00000196353,CPNE4,dual-driven,0.5726633755274261,0.3622683693379791,1.580771118863978
ENSG00000196358,NTNG2,regulation-driven,94.36639880590718,37.86411209407665,2.4922385231547413
ENSG00000196372,ASB13,gene-driven,0.5434204177215188,0.031376592334494774,17.319293692836546
ENSG00000196376,SLC35F1,neutral,4.141085510548523,2.2696991393728227,1.8245085609420522
ENSG00000196378,ZNF34,neutral,2.23879194092827,1.5249355121951218,1.4681223717490601
ENSG00000196387,ZNF140,gene-driven,1.1981503924050632,2.0191151533101044,0.5934036949011229
ENSG00000196408,NOXO1,gene-driven,0.6981870801687764,0.24240481881533105,2.8802524783992416
ENSG00000196420,S100A5,gene-driven,0.2512867510548523,0.2766709616724739,0.9082512654592508
ENSG00000196449,YRDC,neutral,8.751973704641347,4.883282139372822,1.792231834011007
ENSG00000196453,ZNF777,neutral,4.090752046413502,5.302265243902439,0.7715102617919449
ENSG00000196458,ZNF605,neutral,4.750629139240506,3.0529010905923344,1.5561031943942778
ENSG00000196465,MYL6B,gene-driven,0.43474221518987344,0.3401197595818815,1.2782033473277585
ENSG00000196482,ESRRG,regulation-driven,3.8079819535864985,1.6394164529616724,2.3227667056209085
ENSG00000196503,ARL9,gene-driven,8.989474054852321,3.2929869965156793,2.729884467920497
ENSG00000196504,PRPF40A,neutral,2.3835754050632914,1.1237548153310104,2.1210813716168073
ENSG00000196505,GDAP2,gene-driven,12.398537649789029,22.01947724390244,0.5630713895908855
ENSG00000196526,AFAP1,regulation-driven,30.999857219409282,12.862020578397212,2.4101856337779473
ENSG00000196547,MAN2A2,gene-driven,0.26611481434599155,0.49377717421602785,0.5389370514514025
ENSG00000196581,AJAP1,neutral,0.6547002278481013,0.1585224773519164,4.130015117002501
ENSG00000196584,XRCC2,gene-driven,5.0372452151898734,6.840314111498258,0.7364055411903515
ENSG00000196611,MMP1,neutral,0.03308433333333333,0.0959865993031359,0.3446765858310021
ENSG00000196652,ZKSCAN5,neutral,3.5035992742616036,1.2787393658536585,2.7398853650858532
ENSG00000196653,ZNF502,neutral,11.017617232067511,6.796176379790941,1.621149395832253
ENSG00000196655,TRAPPC4,neutral,0.026458991561181432,0.0290468362369338,0.910907864297391
ENSG00000196660,SLC30A10,neutral,0.00020844725738396625,0.0023449477351916376,0.0888920696421966
ENSG00000196663,TECPR2,regulation-driven,0.1810061434599156,0.2351307386759582,0.7698106359005933
ENSG00000196666,FAM180B,neutral,0.28195054430379746,0.5164311672473868,0.5459595821968163
ENSG00000196711,ALKAL1,neutral,6.185188379746836,6.475661968641115,0.9551437999233252
ENSG00000196715,VKORC1L1,neutral,3.7654614472573837,2.1780976794425086,1.7287844722469776
ENSG00000196754,S100A2,neutral,2.947716443037974,2.162741470383275,1.3629536786547067
ENSG00000196776,CD47,neutral,0.00014647679324894517,0.002094721254355401,0.06992662768107531
ENSG00000196781,TLE1,gene-driven,3.0604982194092827,0.9164568641114983,3.339489657679006
ENSG00000196811,CHRNG,neutral,4.689704510548523,1.513513881533101,3.098554012466755
ENSG00000196812,ZSCAN16,neutral,15.868112464135022,8.716641717770035,1.8204387627617826
ENSG00000196821,ILRUN,neutral,4.150629088607595,1.1175067351916375,3.714187089794871
ENSG00000196843,ARID5A,neutral,0.056778320675105486,0.09889110452961673,0.5741499293103864
ENSG00000196844,PATE2,neutral,2.560293987341772,5.236458993031358,0.4889361285458346
ENSG00000196850,PPTC7,neutral,0.0018445147679324893,0.014159857142857142,0.13026365656965289
ENSG00000196865,NHLRC2,neutral,0.6502005274261604,0.18678056097560974,3.4810931289100537
ENSG00000196890,H2BC26,neutral,0.0010448649789029537,0.003452445993031359,0.3026448439778571
ENSG00000196911,KPNA5,neutral,0.1689196835443038,0.10514640418118466,1.606518880600303
ENSG00000196923,PDLIM7,regulation-driven,18.558371814345993,13.07201382229965,1.419702584974866
ENSG00000196932,TMEM26,gene-driven,0.05562659493670886,0.05961727177700349,0.9330617332637825
ENSG00000196950,SLC39A10,regulation-driven,0.17415243881856535,0.49196231707317073,0.35399548456200813
ENSG00000196968,FUT11,neutral,0.011617569620253163,0.010379501742160279,1.1192800877005495
ENSG00000196981,WDR5B,neutral,0.16458937974683543,0.049952606271777,3.2949107570354683
ENSG00000196990,FAM163B,gene-driven,0.016115831223628693,0.012138668989547038,1.3276440141424488
ENSG00000197024,ZNF398,gene-driven,2.0411613502109702,1.1335760278745644,1.8006391278740366
ENSG00000197037,ZSCAN25,neutral,0.0,6.317770034843205e-05,0.0
ENSG00000197045,GMFB,gene-driven,0.011712734177215188,0.01324135888501742,0.8845568101373742
ENSG00000197057,DTHD1,neutral,0.6238500801687763,0.45642921602787456,1.3668057570851844
ENSG00000197106,SLC6A17,regulation-driven,0.014637869198312234,0.026415466898954704,0.5541400897551985
ENSG00000197136,,neutral,0.03607716877637131,0.09459003135888502,0.38140561175511767
ENSG00000197142,ACSL5,gene-driven,0.3376097848101266,0.6488884564459931,0.5202893986729841
ENSG00000197168,NEK5,regulation-driven,9.204121443037975,10.672270735191637,0.8624332788604713
ENSG00000197181,PIWIL2,regulation-driven,0.19464606751054855,0.4041625087108014,0.48160347215636373
ENSG00000197191,CYSRT1,neutral,0.611431164556962,0.9433952264808363,0.6481177213899993
ENSG00000197208,SLC22A4,neutral,0.0020852573839662447,0.007791076655052264,0.2676468832602259
ENSG00000197241,SLC2A7,neutral,0.8391335822784809,1.0261878885017421,0.8177192419447039
ENSG00000197273,GUCA2A,neutral,1.2148767215189875,0.6461676271777004,1.8801262558219871
ENSG00000197279,ZNF165,gene-driven,22.81013123206751,22.741912285714285,1.0029997014101613
ENSG00000197299,,neutral,0.03270329957805907,0.009405404181184669,3.477075407719468
ENSG00000197329,PELI1,neutral,0.6031639704641351,0.4460570940766551,1.352212482378951
ENSG00000197345,MRPL21,gene-driven,0.00820062447257384,0.006593275261324041,1.243786152942599
ENSG00000197353,LYPD2,neutral,0.3782072278481013,1.5693740766550524,0.2409924016676816
ENSG00000197355,UAP1L1,neutral,14.858985244725739,21.219495386759583,0.7002515834564738
ENSG00000197361,FBXL22,neutral,3.551219253164557,1.8498314703832754,1.9197528585827135
ENSG00000197362,ZNF786,neutral,4.9092160084388174,2.9018985540069684,1.6917255779531393
ENSG00000197375,SLC22A5,neutral,0.009278046413502107,0.026750578397212548,0.3468353571924596
ENSG00000197429,IPP,neutral,0.4593555358649789,32.6435373379791,0.014071867613763233
ENSG00000197430,OPALIN,neutral,0.0014789535864978905,0.005277006968641115,0.28026371677859213
ENSG00000197442,MAP3K5,regulation-driven,1.3388279409282702,13.59582089547038,0.09847349058373649
ENSG00000197444,OGDHL,regulation-driven,0.034281784810126587,0.1620709442508711,0.21152332374309796
ENSG00000197451,HNRNPAB,neutral,0.011808721518987342,0.023217181184668992,0.5086199493840794
ENSG00000197506,SLC28A3,neutral,1.762558417721519,0.3902849756097561,4.516080627925303
ENSG00000197557,IFT70A,neutral,0.07830994514767933,0.3261280801393728,0.2401202163095343
ENSG00000197579,TOPORS,neutral,0.10550561603375529,0.5426698606271777,0.1944195240764241
ENSG00000197587,DMBX1,neutral,0.006689649789029535,0.0023190592334494772,2.884639466098948
ENSG00000197599,CCDC154,neutral,5.490492691983122,7.5074794320557485,0.7313363615143037
ENSG00000197622,CDC42SE1,neutral,0.037584468354430384,0.0037951289198606274,9.903344299516085
ENSG00000197629,MPEG1,neutral,0.018502578059071732,0.11704645296167247,0.15807893012469593
ENSG00000197635,DPP4,gene-driven,0.0039527594936708856,0.014525376306620208,0.27212785474406903
ENSG00000197646,PDCD1LG2,neutral,2.644083274261604,0.9532308466898954,2.773812118484428
ENSG00000197724,PHF2,neutral,0.03496892827004219,0.08893105923344947,0.3932138959263559
ENSG00000197747,S100A10,neutral,0.3535877046413502,0.2826020905923345,1.251185735746787
ENSG00000197756,RPL37A,gene-driven,0.0013405147679324894,0.0019137282229965155,0.7004729050990905
ENSG00000197763,TXNRD3,neutral,1.967431004219409,1.9033977595818816,1.0336415467104434
ENSG00000197769,MAP1LC3C,neutral,14.648805894514767,4.955990101045296,2.955777876034318
ENSG00000197771,MCMBP,neutral,0.5802561181434599,0.9661958397212543,0.6005574587351387
ENSG00000197780,TAF13,gene-driven,2.7510898776371313,1.4656453484320557,1.8770501885604463
ENSG00000197816,CCDC180,neutral,1.8338139873417723,2.9502333728222996,0.621582687062983
ENSG00000197822,OCLN,gene-driven,0.008783713080168776,0.009173696864111498,0.957488917530251
ENSG00000197859,ADAMTSL2,gene-driven,5.184026877637132,19.176057836236932,0.27033850867099984
ENSG00000197885,NKIRAS1,neutral,0.0010081434599156116,0.0051120139372822304,0.19721062428315378
ENSG00000197891,SLC22A12,regulation-driven,1.22436811814346,4.098471432055749,0.2987377461185157
ENSG00000197894,ADH5,gene-driven,1.299178928270042,1.7426252229965156,0.7455297393412283
ENSG00000197901,SLC22A6,regulation-driven,4.711491189873418,7.240763707317072,0.6506898139918962
ENSG00000197930,ERO1A,gene-driven,2.993883042194093,3.326040965156794,0.9001341455374882
ENSG00000197935,ZNF311,neutral,2.1689553839662445,1.288382574912892,1.6834715294972755
ENSG00000197953,AADACL2,neutral,0.0,0.0,nan
ENSG00000197956,S100A6,gene-driven,35.209256523206754,15.10195898954704,2.3314363750806875
ENSG00000197958,RPL12,gene-driven,13.773235877637132,13.915812261324042,0.9897543613689609
ENSG00000197977,ELOVL2,neutral,0.0037489493670886075,0.0017227003484320555,2.176205148214416
ENSG00000197980,LEKR1,regulation-driven,13.742650308016875,24.05884086062718,0.571209992519092
ENSG00000197992,CLEC9A,neutral,0.1683619029535865,0.3130878641114983,0.5377464994734791
ENSG00000198015,MRPL42,neutral,1.557471877637131,0.8135102334494774,1.9145080339470086
ENSG00000198040,ZNF84,gene-driven,4.048849333333333,3.611556818815331,1.1210814439467807
ENSG00000198049,AVPR1B,neutral,9.139931911392406,74.34241789198606,0.12294369984941893
ENSG00000198060,MARCHF5,neutral,0.00042709704641350215,0.0008563414634146341,0.49874619490041555
ENSG00000198075,SULT1C4,neutral,0.01589117299578059,0.08005343554006968,0.19850707079056557
ENSG00000198087,CD2AP,neutral,0.44305209282700425,0.07595993379790941,5.832707727283434
ENSG00000198092,TMPRSS11F,gene-driven,7.419195725738397,2.545185156794425,2.9149925324421675
ENSG00000198099,ADH4,neutral,0.005987510548523206,0.025144592334494772,0.2381231904209161
ENSG00000198113,TOR4A,neutral,3.0305522067510546,38.24334318815331,0.07924391421118833
ENSG00000198121,LPAR1,gene-driven,0.08571842616033758,0.2827352857142857,0.30317555144835784
ENSG00000198160,MIER1,gene-driven,0.0,0.0,nan
ENSG00000198189,HSD17B11,neutral,3.7234471814345986,2.887754756097561,1.289391757929739
ENSG00000198218,QRICH1,neutral,5.771594037974683,0.4353435958188153,13.257560449738993
ENSG00000198246,SLC29A3,neutral,0.0010841476793248944,0.01808623693379791,0.05994324210687178
ENSG00000198252,STYX,gene-driven,81.95189830379746,109.0294752195122,0.7516490209532912
ENSG00000198315,ZKSCAN8,neutral,5.55482624050633,1.4938740348432054,3.7184033666462084
ENSG00000198353,HOXC4,gene-driven,2.8081643375527428,1.337573393728223,2.0994469168720054
ENSG00000198380,GFPT1,gene-driven,4.428676029535865,3.724485146341463,1.1890706649444216
ENSG00000198382,UVRAG,gene-driven,0.02866741772151899,0.10222341463414633,0.2804388585933915
ENSG00000198393,ZNF26,gene-driven,0.001124620253164557,0.004671808362369338,0.2407248255778622
ENSG00000198398,TMEM207,neutral,1.089962983122363,2.9199482299651565,0.3732816123028898
ENSG00000198431,TXNRD1,regulation-driven,0.0006100337552742617,0.0,inf
ENSG00000198471,RTP2,neutral,1.1093102573839662,1.4486055679442509,0.7657779881090845
ENSG00000198478,SH3BGRL2,neutral,1.13875305907173,1.407194236933798,0.8092365852442751
ENSG00000198513,ATL1,gene-driven,0.02342799578059072,0.09019571428571428,0.2597462192757576
ENSG00000198515,CNGA1,neutral,4.1449851729957805,7.566571574912891,0.5478022816487398
ENSG00000198522,GPN1,neutral,0.12475662869198312,1.6872445818815331,0.07394104567392393
ENSG00000198546,ZNF511,neutral,0.3201830084388186,0.3000125261324042,1.0672321338260142
ENSG00000198570,RD3,gene-driven,0.002596493670886076,0.005215379790940767,0.4978532292885447
ENSG00000198586,TLK1,neutral,1.4928159071729958,1.3644278780487806,1.0940966035579824
ENSG00000198589,LRBA,gene-driven,0.06130144725738396,0.08193375609756098,0.748183046611344
ENSG00000198598,MMP17,neutral,0.0005011392405063291,0.0025011324041811843,0.2003649385648542
ENSG00000198604,BAZ1A,regulation-driven,0.00987859493670886,0.007596045296167247,1.3004918416815292
ENSG00000198643,FAM3D,neutral,18.441484556962024,6.145009491289199,3.001050622151777
ENSG00000198663,C6orf89,neutral,214.93234619409282,409.89288193031354,0.5243622313759373
ENSG00000198682,PAPSS2,regulation-driven,15.115527265822786,21.46437043205575,0.7042147969664488
ENSG00000198691,ABCA4,neutral,1.4601552067510548,1.6696274982578396,0.874539505533206
ENSG00000198700,IPO9,regulation-driven,0.0009841603375527427,0.002250783972125436,0.4372522417704046
ENSG00000198718,,gene-driven,7.2559885021097035,1.891203331010453,3.836704590739534
ENSG00000198719,DLL1,neutral,26.24679175949367,9.132148139372823,2.874109285013881
ENSG00000198728,LDB1,gene-driven,17.63036528691983,10.883476581881533,1.6199203585617397
ENSG00000198729,PPP1R14C,neutral,12.267459198312235,6.230252567944251,1.9690147493266128
ENSG00000198732,SMOC1,neutral,0.08365356962025318,0.26493079442508705,0.315756308366438
ENSG00000198739,LRRTM3,neutral,4.696520236286919,3.232722801393728,1.4528063570010092
ENSG00000198742,SMURF1,regulation-driven,6.8145438607594935,3.0135158257839723,2.261326720919634
ENSG00000198746,GPATCH3,gene-driven,0.18564652742616033,0.11372119512195121,1.6324707740459337
ENSG00000198755,RPL10A,neutral,2.8189045569620252,7.495888188153311,0.3760601127184758
ENSG00000198756,COLGALT2,neutral,0.0030225274261603376,0.008033073170731708,0.3762604126615997
ENSG00000198771,RCSD1,neutral,0.2070157088607595,0.1582254425087108,1.3083591714357992
ENSG00000198774,RASSF9,neutral,8.596642113924052,9.709468452961671,0.8853875117439436
ENSG00000198785,GRIN3A,neutral,0.0,0.0,nan
ENSG00000198797,BRINP2,neutral,0.0012835147679324894,0.003951114982578397,0.3248487511985542
ENSG00000198805,PNP,neutral,0.024289616033755273,0.025556421602787455,0.9504310271319827
ENSG00000198818,SFT2D1,neutral,0.5009073924050632,0.4169407177700348,1.2013875619635226
ENSG00000198821,CD247,neutral,34.510947476793255,35.527615515679436,0.9713837243471211
ENSG00000198829,SUCNR1,neutral,15.307892291139241,3.8504235749128917,3.9756385221814337
ENSG00000198837,DENND4B,gene-driven,1.1057451983122362,1.4338137003484317,0.7711916813485103
ENSG00000198842,STYXL2,regulation-driven,14.916141227848103,27.67990440418119,0.5388797956106721
ENSG00000198843,SELENOT,neutral,1.0519420253164558,1.1620356236933798,0.9052579833766148
ENSG00000198846,TOX,neutral,0.15990422362869197,0.5531040662020905,0.28910332322573623
ENSG00000198851,CD3E,neutral,37.62734581434599,28.052668463414633,1.3413107513610814
ENSG00000198853,RUSC2,neutral,0.0011538776371308014,0.005126961672473867,0.22506071058144486
ENSG00000198865,CCDC152,gene-driven,0.7859661308016876,31.827924170731706,0.02469423159944706
ENSG00000198870,STKLD1,neutral,8.648757721518987,4.663899066202091,1.854404994352043
ENSG00000198873,GRK5,neutral,3.9677855907173,3.550933149825784,1.1173923651342093
ENSG00000198890,PRMT6,neutral,14.305894227848102,51.718262191637635,0.276612044210589
ENSG00000198892,SHISA4,neutral,14.051555177215192,18.904440860627176,0.7432938789784982
ENSG00000198894,CIPC,neutral,20.16456122362869,19.558689944250872,1.0309770890128513
ENSG00000198912,C1orf174,neutral,43.33755467088608,12.486067449477352,3.4708730227706823
ENSG00000198924,DCLRE1A,neutral,10.120090244725738,17.351555808362367,0.5832382039107114
ENSG00000198937,CCDC167,neutral,0.0,0.0,nan
ENSG00000198948,MFAP3L,regulation-driven,4.079880177215189,3.0049538710801396,1.357718072307268
ENSG00000198952,SMG5,neutral,16.395749105485233,23.648247989547038,0.6933177084717843
ENSG00000198961,PJA2,neutral,7.707923713080168,4.540037951219512,1.697766361404473
ENSG00000198963,RORB,regulation-driven,3.4423954177215195,5.600518128919861,0.6146565975647389
ENSG00000203666,EFCAB2,gene-driven,16.58383193670886,11.553865756097562,1.4353491971253631
ENSG00000203667,COX20,neutral,11.47590689873418,3.513357240418118,3.266364936281986
ENSG00000203685,STUM,neutral,1.1028426666666666,0.08292070731707317,13.299966948540417
ENSG00000203740,NTMT2,neutral,1.7260240970464134,1.5963226689895471,1.0812501323049968
ENSG00000203760,CENPW,gene-driven,0.9386328649789032,0.624497968641115,1.503019884950682
ENSG00000203778,FAM229B,neutral,0.1982905864978903,0.5676179721254356,0.34933810456246595
ENSG00000203780,FANK1,neutral,0.0021817383966244723,0.001409348432055749,1.5480475565876035
ENSG00000203795,FAM24A,neutral,0.2019056919831224,1.693554944250871,0.11922004223632295
ENSG00000203797,DDO,neutral,0.03183322784810127,0.11943632404181184,0.266528864677359
ENSG00000203805,PLPP4,neutral,0.09597806751054853,0.24354278048780492,0.3940912036821987
ENSG00000203814,H2BC18,neutral,0.2175730759493671,0.34562655749128923,0.6295033504618653
ENSG00000203837,PNLIPRP3,neutral,0.14782709704641353,0.18856018466898952,0.7839783213297047
ENSG00000203872,C6orf163,neutral,26.163854717299575,11.889064400696864,2.200665572622015
ENSG00000203908,KHDC3L,neutral,0.004967147679324895,0.006369303135888501,0.7798573208640337
ENSG00000203909,DPPA5,neutral,0.034148624472573844,0.0649024425087108,0.5261531485196513
ENSG00000203943,SAMD13,neutral,0.7865223713080168,1.0304145644599303,0.7633067295785514
ENSG00000203970,DEFB110,neutral,0.0036066118143459917,0.007833599303135888,0.46040289715893684
ENSG00000203972,GLYATL3,gene-driven,0.000983818565400844,0.005436675958188153,0.18095957400571563
ENSG00000203985,LDLRAD1,neutral,0.1462080717299578,0.16242651916376308,0.9001490180464105
ENSG00000203995,ZYG11A,neutral,0.0317052447257384,0.16474968989547037,0.19244494327033088
ENSG00000204001,LCN8,neutral,0.0055652742616033755,0.07478538327526131,0.07441660412596086
ENSG00000204006,C1orf185,neutral,0.002231451476793249,0.02522858536585366,0.08844933017185616
ENSG00000204020,LIPN,neutral,0.001135295358649789,0.004699993031358884,0.24155256211551174
ENSG00000204021,LIPK,neutral,0.042021122362869194,0.02692745993031359,1.560530494581255
ENSG00000204033,LRIT2,neutral,0.0009704472573839663,0.03279244599303136,0.029593622189396714
ENSG00000204052,LRRC73,neutral,0.002565438818565401,0.003971644599303136,0.6459386670739705
ENSG00000204084,INPP5B,neutral,0.020780021097046415,0.037192804878048775,0.558710781969305
ENSG00000204104,TRAF3IP1,gene-driven,0.05394732489451477,0.06730182229965156,0.8015730191423668
ENSG00000204140,CLPSL1,neutral,1.0439311434599157,0.7286404982578397,1.4327108443133858
ENSG00000204147,ASAH2B,gene-driven,0.0010942489451476794,0.0032773379790940766,0.3338834603351322
ENSG00000204178,MACO1,neutral,0.013314253164556965,0.06365694076655053,0.2091563465700371
ENSG00000204217,BMPR2,regulation-driven,0.5406263670886076,0.80940706271777,0.6679288975726632
ENSG00000204219,TCEA3,dual-driven,8.079045801687766,10.097859759581882,0.8000750648197051
ENSG00000204220,PFDN6,neutral,23.351916599156116,20.84199404529617,1.1204262196988015
ENSG00000204227,RING1,neutral,2.3502916202531643,5.23755094076655,0.4487386656155718
ENSG00000204228,HSD17B8,neutral,15.717255776371308,15.99325356445993,0.9827428617337787
ENSG00000204231,RXRB,neutral,8.65178435443038,13.172061832752613,0.6568284042607159
ENSG00000204334,ERICH2,neutral,1.6644103924050633,0.5706831881533101,2.916522559199573
ENSG00000204335,SP5,neutral,0.2132180084388186,0.10802044947735193,1.9738670730445618
ENSG00000204361,NXPE2,neutral,0.0009002320675105486,0.00250174912891986,0.3598410636398332
ENSG00000204370,SDHD,gene-driven,25.593517679324894,11.97773080836237,2.1367584635861516
ENSG00000204381,LAYN,neutral,0.0,0.0,nan
ENSG00000204442,NALF1,neutral,3.049360510548523,1.6567028815331013,1.8406200318349577
ENSG00000204531,POU5F1,neutral,0.0092734388185654,0.011921219512195122,0.7778934704690987
ENSG00000204536,CCHCR1,gene-driven,0.006411088607594937,0.01965532055749129,0.3261757338855234
ENSG00000204539,CDSN,neutral,0.010943050632911393,0.059403968641114975,0.1842141338910046
ENSG00000204542,C6orf15,neutral,0.0009508396624472572,0.001915644599303136,0.49635494120002693
ENSG00000204568,MRPS18B,neutral,16.475836877637132,8.28700218466899,1.9881540405669906
ENSG00000204569,PPP1R10,neutral,0.002851649789029536,0.02692426480836237,0.10591374766689436
ENSG00000204576,PRR3,neutral,0.08254327004219408,0.06124101742160279,1.3478428921900458
ENSG00000204590,GNL1,neutral,18.629111497890293,52.25309841811846,0.35651687769448626
ENSG00000204592,HLA-E,neutral,0.004021713080168777,0.006356421602787456,0.6327008073858963
ENSG00000204613,TRIM10,neutral,0.002299670886075949,0.002562853658536585,0.8973087005635288
ENSG00000204614,TRIM40,gene-driven,0.005600135021097046,0.01510579094076655,0.3707276926482384
ENSG00000204618,RNF39,neutral,25.61996782278481,25.965482655052263,0.9866933021481801
ENSG00000204619,PPP1R11,neutral,1.4991740675105485,0.5843839233449476,2.56539238610372
ENSG00000204624,DISP3,regulation-driven,0.025767324894514766,0.07530529616724739,0.34217148336137576
ENSG00000204628,RACK1,gene-driven,0.12165137552742619,0.5688097944250872,0.21387004358879372
ENSG00000204634,TBC1D8,regulation-driven,12.347969164556961,41.15703404181185,0.3000208701145115
ENSG00000204671,IL31,neutral,4.447265337552742,5.803086073170732,0.76636211861714
ENSG00000204710,SPDYC,gene-driven,0.2654431518987342,0.7257608153310106,0.3657446727509928
ENSG00000204711,CFAP95,neutral,9.97894606751055,4.788285895470383,2.0840330517754633
ENSG00000204767,INSYN2B,neutral,0.003085324894514768,0.004118491289198606,0.749139594541943
ENSG00000204822,MRPL53,neutral,0.06816181856540084,0.12617063414634147,0.5402352062869242
ENSG00000204856,FAM216A,neutral,3.159577350210971,2.4211869860627178,1.3049704002205165
ENSG00000204899,MZT1,neutral,0.055420426160337544,0.05390601742160279,1.0280935007105136
ENSG00000204909,SPINK9,neutral,0.010348649789029534,0.02207702787456446,0.46875194649513907
ENSG00000204923,FBXO48,neutral,0.00025561603375527425,0.003842637630662021,0.06652098332551747
ENSG00000204954,UQCC6,neutral,105.91113689873417,107.0901899337979,0.988990092969369
ENSG00000204979,MS4A13,neutral,0.04055964978902953,0.4917078083623694,0.08248730058632435
ENSG00000205002,AARD,neutral,0.12035054008438818,0.08999620905923345,1.3372845516767957
ENSG00000205060,SLC35B4,neutral,0.02404809282700422,0.011485317073170733,2.0938118359117532
ENSG00000205085,GARIN1A,neutral,0.0030615864978902957,0.007647989547038328,0.4003125892184163
ENSG00000205089,CCNI2,neutral,19.107366544303797,14.306964261324044,1.3355290609033434
ENSG00000205090,TMEM240,neutral,2.2455696202531647e-05,0.00230798606271777,0.00972956317426325
ENSG00000205126,ACCSL,neutral,0.5953895864978902,0.5488432264808363,1.084808115999732
ENSG00000205143,ARID3C,gene-driven,0.020413308016877636,0.06731019860627178,0.3032721406199443
ENSG00000205186,FABP9,neutral,0.004212565400843882,0.0069760766550522645,0.603858817662651
ENSG00000205189,ZBTB10,neutral,4.116716219409283,1.0410571777003483,3.9543613046335615
ENSG00000205208,C4orf46,neutral,0.18261459071729957,0.15182730662020907,1.2027783063695114
ENSG00000205213,LGR4,regulation-driven,0.01162031223628692,0.0011628989547038328,9.992538207454475
ENSG00000205269,TMEM170B,neutral,0.0006304978902953586,0.00025591637630662027,2.4636871598242007
ENSG00000205307,,gene-driven,4.652968881856541,6.3361340766550525,0.7343545489354478
ENSG00000205352,PRR13,gene-driven,6.317170016877638,6.019331219512195,1.0494803802123351
ENSG00000205359,SLCO6A1,neutral,0.0014571729957805904,0.016420944250871077,0.08873868478685641
ENSG00000205363,INSYN1,neutral,3.0473691476793245,34.62509208013937,0.08801042725391818
ENSG00000205403,CFI,neutral,0.0008733544303797468,0.002587609756097561,0.33751396566724745
ENSG00000205426,KRT81,neutral,0.0009349957805907174,0.0024626550522648086,0.3796698119498457
ENSG00000205436,EXOC3L4,neutral,0.0007717637130801689,0.0033455435540069686,0.2306841027837838
ENSG00000205442,IZUMO3,gene-driven,0.007407531645569621,0.025787212543554008,0.28725600462083567
ENSG00000205476,CCDC85C,neutral,0.06213022362869198,0.04789755052264808,1.2971482455937713
ENSG00000205639,MFSD2B,neutral,0.012216974683544305,0.018632700348432056,0.6556738666476952
ENSG00000205659,LIN52,neutral,0.13109852320675106,0.01231042857142857,10.649387423523116
ENSG00000205683,DPF3,regulation-driven,0.0752148776371308,0.050951459930313595,1.4762065255834147
ENSG00000205707,ETFRF1,gene-driven,1.554403210970464,1.9566077003484321,0.7944378480641041
ENSG00000205835,GMNC,gene-driven,0.0621293164556962,0.048960202090592334,1.2689758988481443
ENSG00000205838,TTC23L,gene-driven,0.0011939113924050633,0.003205264808362369,0.3724844790640108
ENSG00000205858,LRRC72,neutral,0.10483455696202532,0.1753575087108014,0.5978332934400765
ENSG00000205937,RNPS1,gene-driven,17.152115206751052,16.974603285714284,1.0104575004227734
ENSG00000205978,NYNRIN,neutral,2.5935522278481016,4.781375299651568,0.5424280808990461
ENSG00000205981,DNAJC19,gene-driven,0.00017640506329113923,0.0014733414634146343,0.11973128271453155
ENSG00000206013,IFITM5,neutral,0.004022392405063292,0.019741174216027873,0.2037564919414727
ENSG00000206047,DEFA1,neutral,21.516542278481012,13.987255052264809,1.5382962702890777
ENSG00000206113,CFAP99,neutral,0.002195839662447257,0.0063855783972125435,0.343874826343968
ENSG00000206199,ANKUB1,neutral,4.04665852742616,1.2967200766550522,3.120687803234063
ENSG00000206527,HACD2,neutral,0.5989455021097047,0.7703833937282231,0.7774641911881625
ENSG00000206530,CFAP44,neutral,0.00047508860759493674,0.026603958188153313,0.017857816654008
ENSG00000206535,LNP1,neutral,0.0006731223628691983,0.0023057212543554006,0.29193570627746146
ENSG00000206557,TRIM71,regulation-driven,0.10853448101265822,0.23914815331010458,0.453837838638549
ENSG00000206560,ANKRD28,neutral,0.8873715780590719,1.1817432090592337,0.7509005097355235
ENSG00000206562,METTL6,neutral,0.7596155063291139,0.7573547177700347,1.0029851118716682
ENSG00000211452,DIO1,gene-driven,0.17968198734177215,0.3375415261324042,0.5323255760575367
ENSG00000211456,SACM1L,neutral,0.0,0.0,nan
ENSG00000211460,TSN,neutral,0.5007713333333333,0.32107919860627177,1.5596505021410987
ENSG00000211598,IGKV4-1,neutral,0.0012121223628691984,0.0038513135888501742,0.3147295941775239
ENSG00000211801,TRAV21,neutral,0.0018337088607594937,0.00600508362369338,0.30535942139498223
ENSG00000211812,TRAV26-2,neutral,0.0013449324894514768,0.003940031358885017,0.3413507068715506
ENSG00000211973,IGHV1-69,neutral,0.0,0.009436686411149826,0.0
ENSG00000212126,TAS2R50,neutral,2.271207839662447,2.7018914459930317,0.8405992191250694
ENSG00000212128,TAS2R13,neutral,0.0,0.002883630662020906,0.0
ENSG00000213064,SFT2D2,neutral,0.0019479029535864978,0.0030125226480836233,0.6466019283956689
ENSG00000213079,,regulation-driven,39.35751221940928,18.59394430313589,2.116684420355696
ENSG00000213123,DYNLT2B,neutral,2.916085451476793,4.272249923344948,0.6825643405228623
ENSG00000213139,CRYGS,neutral,0.0012491054852320673,0.0009821358885017423,1.271825518093621
ENSG00000213231,TCL1B,neutral,0.015341118143459915,0.014564505226480836,1.053322299995956
ENSG00000213281,NRAS,neutral,1.846474877637131,0.8018275783972124,2.302832837613397
ENSG00000213316,LTC4S,gene-driven,15.582278556962027,5.212133703832753,2.9896160464002617
ENSG00000213341,CHUK,neutral,0.028910481012658227,0.018600637630662022,1.5542736537698607
ENSG00000213402,PTPRCAP,neutral,2.0049694261603377,4.170397156794425,0.4807622273801513
ENSG00000213445,SIPA1,neutral,0.17800526582278484,0.06577710801393728,2.7061886908294586
ENSG00000213463,SYNJ2BP,neutral,22.58046464135021,37.44603281533101,0.6030135355782044
ENSG00000213471,TTLL13,regulation-driven,61.0695474978903,39.184210644599304,1.5585243773771775
ENSG00000213551,DNAJC9,neutral,632.4864302742617,134.24960312891986,4.71127225357147
ENSG00000213563,C8orf82,gene-driven,0.003606396624472574,0.005299348432055749,0.6805358565701185
ENSG00000213578,CPLX3,neutral,0.1583524303797468,0.07705575609756096,2.0550370069596804
ENSG00000213593,TMX2,gene-driven,0.0027538649789029535,0.01250624738675958,0.22019914477451344
ENSG00000213614,HEXA,gene-driven,20.853669531645572,36.93563344250871,0.5645948800121395
ENSG00000213625,LEPROT,gene-driven,22.11023511392405,6.681965585365854,3.3089417823922327
ENSG00000213626,LBH,gene-driven,3.5846905864978904,8.162783132404181,0.4391505358347176
ENSG00000213639,PPP1CB,neutral,1.0297601308016877,1.096853550522648,0.9388310137766428
ENSG00000213694,S1PR3,neutral,1.0845222320675105,0.6502893031358885,1.6677534550201296
ENSG00000213699,SLC35F6,neutral,0.916682434599156,0.7897851567944251,1.1606731611920649
ENSG00000213780,GTF2H4,neutral,0.005579586497890296,0.008914087108013937,0.6259290974253706
ENSG00000213809,KLRK1,neutral,0.26759977215189873,0.07030699303135887,3.80616152980034
ENSG00000213927,CCL27,neutral,2.3306618818565394,8.693595257839721,0.26808953174519967
ENSG00000213949,ITGA1,neutral,0.3612357974683544,0.18021439372822298,2.0044780552497126
ENSG00000213995,NAXD,neutral,0.2718490928270042,0.23564631010452963,1.1536318676342332
ENSG00000214128,TMEM213,neutral,0.39837128270042194,0.24336367595818817,1.6369381384955137
ENSG00000214160,ALG3,gene-driven,0.0002801476793248945,0.0035277770034843198,0.0794119580257476
ENSG00000214237,MINDY4B,neutral,0.1447051983122363,0.11012108710801392,1.314055301418338
ENSG00000214285,NPS,neutral,0.010690708860759495,0.0063892682926829265,1.6732289788179084
ENSG00000214336,FOXI3,neutral,34.917911362869205,10.741917459930313,3.250621827352575
ENSG00000214338,SOGA3,regulation-driven,0.5137737805907173,0.6055735783972125,0.8484085153624699
ENSG00000214357,NEURL1B,neutral,0.10386411814345992,0.14547689198606273,0.7139561254402556
ENSG00000214360,EFCAB9,neutral,0.19713383544303797,0.07416173519163763,2.658161044015951
ENSG00000214415,GNAT3,neutral,0.02719882700421941,0.020473414634146345,1.328494903769309
ENSG00000214513,NOTO,neutral,0.004477468354430379,0.009751372822299653,0.45916287234872266
ENSG00000214517,PPME1,neutral,0.001348240506329114,0.0015429337979094076,0.8738161729012012
ENSG00000214595,EML6,regulation-driven,0.9137765569620253,0.9057672473867595,1.0088425692123153
ENSG00000214681,IQCF5,neutral,0.002346810126582279,0.0010175261324041813,2.30638806399724
ENSG00000214700,C12orf71,neutral,0.016368206751054853,0.0009672299651567943,16.9227663954781
ENSG00000214711,CAPN14,neutral,0.0,0.0,nan
ENSG00000214756,CSKMT,neutral,0.007492848101265822,0.005804205574912891,1.2909343069535013
ENSG00000214782,MS4A18,neutral,1.5480482827004218,2.2075258083623694,0.7012594266559564
ENSG00000214814,,regulation-driven,0.09542556118143461,0.05822059233449478,1.6390345297963669
ENSG00000214842,RAD51AP2,neutral,0.9333983080168777,1.3241701707317073,0.7048930180182977
ENSG00000214866,DCDC2C,neutral,6.614072991561182,3.200890710801394,2.066322654891658
ENSG00000214872,SMTNL1,neutral,0.10394708438818565,0.053032362369337976,1.960068904045001
ENSG00000214960,CRPPA,neutral,0.632785864978903,1.4221447317073173,0.4449518047429878
ENSG00000215009,ACSM4,neutral,5.967019084388185,4.380909515679442,1.3620502918473882
ENSG00000215018,COL28A1,gene-driven,0.7884201940928269,0.7056568048780488,1.1172856105725235
ENSG00000215021,PHB2,neutral,2.2955630210970464,2.5115091010452963,0.914017400988763
ENSG00000215183,MSMP,neutral,0.009669755274261603,0.0378157700348432,0.25570695150070866
ENSG00000215187,CIMIP2B,neutral,1.965268227848101,1.7922486550522647,1.0965377054730114
ENSG00000215203,GRXCR1,neutral,0.0014415696202531648,0.004805895470383275,0.2999585881834001
ENSG00000215217,CFAP90,neutral,34.24169121940928,32.61187075958189,1.0499762945782105
ENSG00000215277,RNF212B,gene-driven,0.024230291139240502,0.022310452961672472,1.0860510622920188
ENSG00000215375,MYL5,neutral,0.0,0.0005597142857142857,0.0
ENSG00000215475,SIAH3,neutral,0.02400746835443038,0.01571429268292683,1.5277473086977609
ENSG00000215712,TMEM242,neutral,16.092052451476793,11.54600468641115,1.393733407229258
ENSG00000215784,FAM72D,neutral,0.017419308016877636,0.04079308362369338,0.4270162113157873
ENSG00000215845,TSTD1,neutral,0.006489700421940928,0.002132637630662021,3.0430394402852077
ENSG00000215883,CYB5RL,neutral,0.00419845147679325,0.019031459930313587,0.22060585431524854
ENSG00000215906,LACTBL1,neutral,2.90502205907173,4.025851459930315,0.7215919633363757
ENSG00000218739,CEBPZOS,gene-driven,24.207752852320677,38.068349226480834,0.6359023531149455
ENSG00000219545,UMAD1,neutral,0.05789202953586498,0.029590163763066207,1.956461951323316
ENSG00000219626,FAM228B,gene-driven,0.0,0.0028599407665505223,0.0
ENSG00000221818,EBF2,gene-driven,0.32482710970464124,0.40490698257839725,0.8022264956661963
ENSG00000221838,AP4M1,neutral,0.001074983122362869,0.004778721254355401,0.2249520457764957
ENSG00000221886,FAM200C,neutral,0.7087046540084389,0.7109815540069687,0.9967975259193468
ENSG00000221914,PPP2R2A,gene-driven,2.46757276793249,3.147134195121951,0.7840697647266586
ENSG00000221947,XKR9,neutral,0.1863066835443038,0.1157026480836237,1.6102197022288658
ENSG00000221978,CCNL2,neutral,141.62802924472572,77.93408798606272,1.8172796128704767
ENSG00000221986,MYBPHL,neutral,4.330624223628693,5.540818484320557,0.7815856512685844
ENSG00000222009,BTBD19,gene-driven,1.166371789029536,1.3124236271777003,0.8887159335417929
ENSG00000223501,VPS52,neutral,0.07818843459915611,0.2148527526132404,0.3639163736473242
ENSG00000223865,HLA-DPB1,neutral,0.008916194092827005,0.007116094076655052,1.2529618069661745
ENSG00000224531,SMIM13,neutral,0.00041439240506329115,0.002124641114982578,0.19504113054250535
ENSG00000224586,GPX5,neutral,0.0005057130801687763,0.001886268292682927,0.26810241264750156
ENSG00000224982,TMEM233,neutral,0.002933337552742616,0.0004728641114982578,6.2033414704457295
ENSG00000225526,MKRN2OS,neutral,0.10270653164556962,0.19950288153310106,0.5148122716639999
ENSG00000225828,FAM229A,neutral,1.9294960759493671,1.59198325087108,1.2120077738843116
ENSG00000226124,FTCDNL1,neutral,0.01232610970464135,0.02518255400696864,0.4894701983456646
ENSG00000226479,TMEM185B,gene-driven,0.004892654008438819,0.0048570905923344945,1.0073219585734001
ENSG00000227729,RD3L,neutral,0.019586008438818567,0.07195487108013937,0.2721985064361348
ENSG00000228474,OST4,neutral,0.0019442784810126581,0.0022099616724738673,0.8797792763691693
ENSG00000228570,NUTM2E,gene-driven,0.0,0.0,nan
ENSG00000229183,PGA4,neutral,3.74824664556962,7.115943365853658,0.5267392463458659
ENSG00000229474,PATL2,neutral,0.0,0.0,nan
ENSG00000229972,IQCF3,neutral,0.0008278818565400843,0.0027312090592334494,0.3031191822322237
ENSG00000230124,ACBD6,neutral,0.008823687763713079,0.005191578397212544,1.6996156252693175
ENSG00000230246,SPATA31C1,neutral,0.005070502109704642,0.002398362369337979,2.114151795628888
ENSG00000231213,PLSCR5,neutral,0.0009889957805907172,0.0034997944250871075,0.2825868209576629
ENSG00000231925,TAPBP,neutral,0.0009890675105485233,0.002026240418118467,0.4881293955566018
ENSG00000232070,TMEM253,gene-driven (relaxed),0.002543409282700422,0.002553383275261324,0.9960938129980188
ENSG00000232112,TMA7,neutral,0.0021946202531645566,0.003012578397212543,0.7284856902629253
ENSG00000233276,GPX1,neutral,0.002827379746835443,0.0048488571428571435,0.5831022988582906
ENSG00000233436,BTBD18,neutral,5.356118143459916e-05,0.0003381358885017421,0.15840135062836788
ENSG00000234602,MCIDAS,neutral,5.4842770548523205,11.042056891986062,0.49667168974945386
ENSG00000235169,SMIM1,neutral,0.0013719535864978904,0.0025881184668989543,0.5300969040036815
ENSG00000235173,HGH1,gene-driven,409.62213966666667,120.0556505087108,3.411935530988989
ENSG00000235376,RPEL1,neutral,0.0020675991561181434,0.0012779268292682927,1.617932348522643
ENSG00000236027,PATE3,neutral,0.005203459915611814,0.014794463414634147,0.35171670440340136
ENSG00000236279,CLEC2L,neutral,0.030197286919831222,0.03404322299651568,0.8870278505334794
ENSG00000236287,ZBED5,neutral,0.017995151898734178,0.0599538606271777,0.30015001053287954
ENSG00000236320,SLFN14,neutral,0.0,0.0,nan
ENSG00000236699,ARHGEF38,gene-driven,0.00797045147679325,0.11029056445993032,0.0722677548693569
ENSG00000236980,C3orf84,gene-driven,0.0010076160337552742,0.002846473867595819,0.3539874527660161
ENSG00000237136,C4orf51,neutral,0.11770555696202532,0.19714848083623693,0.5970401418400908
ENSG00000237190,CDKN2AIPNL,neutral,0.0,0.0,nan
ENSG00000237289,CKMT1B,neutral,0.021266341772151896,0.041505724738675955,0.5123712910941041
ENSG00000237353,PATE4,neutral,0.0006554345991561182,0.004668135888501742,0.14040606674937275
ENSG00000237412,PRSS56,neutral,0.0001599662447257384,0.0023548954703832754,0.06792923369108302
ENSG00000237489,C10orf143,neutral,0.0021743502109704644,0.001073425087108014,2.025618962221692
ENSG00000237651,C2orf74,gene-driven (relaxed),0.0,0.005220829268292683,0.0
ENSG00000239264,TXNDC5,neutral,0.09422955696202533,0.02958484668989547,3.1850615265891804
ENSG00000239305,RNF103,neutral,17.658383151898732,8.618942310104531,2.0487877185576115
ENSG00000239306,RBM14,neutral,0.0001709324894514768,0.001213170731707317,0.14089730734842276
ENSG00000239732,TLR9,neutral,1.7496306455696202,4.898888905923346,0.357148463492223
ENSG00000239839,DEFA3,neutral,0.006925295358649788,0.00966164111498258,0.7167825089166826
ENSG00000240021,TEX35,gene-driven,0.6958797341772152,0.2996017003484321,2.322682859836636
ENSG00000240247,DEFA1B,neutral,0.0,0.0036833379790940767,0.0
ENSG00000240303,ACAD11,neutral,0.00035396202531645573,0.003846651567944251,0.09201821871941006
ENSG00000240682,ISY1,gene-driven,0.0015835189873417723,0.005336547038327526,0.29673100901553134
ENSG00000240720,LRRD1,gene-driven,0.0019647594936708862,0.003977466898954704,0.4939725568017257
ENSG00000240771,ARHGEF25,gene-driven,0.0,0.00021993728222996514,0.0
ENSG00000241058,NSUN6,gene-driven,0.012523253164556963,0.002193599303135889,5.708997603461207
ENSG00000241127,YAE1,neutral,0.0007746244725738398,0.004007003484320557,0.19331764387152464
ENSG00000241186,TDGF1,neutral,0.005042371308016878,0.015398655052264811,0.3274553063824398
ENSG00000241399,CD302,neutral,0.011012059071729958,0.05856008362369339,0.18804718829456185
ENSG00000241644,INMT,gene-driven (relaxed),0.012013510548523208,0.0034773797909407665,3.45475940816723
ENSG00000241697,TMEFF1,regulation-driven,0.0,0.015908209059233448,0.0
ENSG00000242028,HYPK,gene-driven,0.0008308523206751055,0.012621257839721253,0.0658295972735991
ENSG00000243244,STON1,neutral,0.002416645569620253,0.017521076655052266,0.1379279148877763
ENSG00000243284,VSIG8,neutral,0.00438,0.012280825783972127,0.3566535408161557
ENSG00000243317,STMP1,neutral,0.6703780084388187,1.4588555400696863,0.4595232290147085
ENSG00000243709,LEFTY1,neutral,0.8707056202531643,0.6750818536585366,1.2897778477298196
ENSG00000243725,TTC4,neutral,0.0035642194092827006,0.051285010452961674,0.0694982681645699
ENSG00000243749,TMEM35B,neutral,0.0,0.0005549303135888501,0.0
ENSG00000243943,ZNF512,neutral,0.0061092151898734185,0.012494076655052264,0.48896892171723777
ENSG00000244045,TMEM199,gene-driven,0.0008492784810126583,0.01117551219512195,0.07599459122628524
ENSG00000244219,TMEM225B,gene-driven,0.0005859535864978902,0.006687885017421603,0.08761418370254732
ENSG00000244607,CCDC13,regulation-driven,10.105464890295359,4.154933773519164,2.432160280074979
ENSG00000244694,PTCHD4,gene-driven,0.2571205949367089,0.07490167595818815,3.432774923223875
ENSG00000244731,,neutral,0.02349115189873418,0.03339797560975609,0.7033705327897788
ENSG00000247077,PGAM5,neutral,0.21484817299578057,0.7551527108013938,0.2845095699488073
ENSG00000247596,TWF2,neutral,58.61684613080169,44.68253126829268,1.3118515103551662
ENSG00000247626,MARS2,neutral,5.312691945147679,140.6987569163763,0.03775933818878908
ENSG00000248712,CCDC153,neutral,0.013591286919831224,0.08499091986062716,0.15991457607611462
ENSG00000248746,ACTN3,regulation-driven,0.0007501814345991561,0.003792498257839721,0.197806665579452
ENSG00000248771,SMIM31,neutral,0.03825810548523208,0.025426850174216028,1.5046340865306045
ENSG00000249481,SPATS1,gene-driven,0.0004926877637130802,0.0005982857142857143,0.8234991275051484
ENSG00000249581,CLRN2,neutral,0.00905125316455696,0.007032801393728223,1.2870053706662001
ENSG00000249693,SPMAP2L,neutral,0.13808754430379747,0.12944809059233447,1.0667406809318716
ENSG00000249853,HS3ST5,neutral,0.0022285316455696205,0.009155421602787457,0.24341114393804894
ENSG00000249948,GBA3,regulation-driven,0.0004269071729957806,0.0026385191637630662,0.1617980186988386
ENSG00000250298,GIMD1,gene-driven,5.237311337552742,3.232131529616725,1.620389297144042
ENSG00000250317,SMIM20,neutral,5.766230042194093,2.0332610696864113,2.8359516287219404
ENSG00000251692,PTX4,neutral,5.2434599156118145e-05,8.910801393728222e-05,0.5884386469776299
ENSG00000253117,OC90,neutral,0.0017364219409282701,0.005743578397212544,0.3023240601662171
ENSG00000253148,RGS21,neutral,0.0,0.006651763066202091,0.0
ENSG00000253250,C8orf88,regulation-driven,3.169806928270042,1.3892853414634148,2.2816097123223806
ENSG00000253710,ALG11,neutral,3.013180282700422,1.0358399477351916,2.9089245778641564
ENSG00000253719,ATXN7L3B,neutral,0.060505632911392396,0.18479172125435542,0.3274261016710256
ENSG00000253831,ETV3L,neutral,0.013660164556962026,0.0071238606271777,1.9175227130143688
ENSG00000254402,LRRC24,neutral,0.007999270042194093,0.0036161777003484324,2.2120788039324872
ENSG00000254598,CSNK2A3,neutral,0.013556071729957805,0.006894487804878048,1.9662188277955173
ENSG00000254726,MEX3A,neutral,0.014344789029535867,0.017174909407665508,0.8352177405450243
ENSG00000254772,EEF1G,neutral,0.0028594936708860757,0.015985477351916376,0.17888071828791982
ENSG00000255587,RAB44,neutral,167.02485377215189,55.51029658188153,3.008898601825675
ENSG00000256043,CTSO,neutral,0.0022114852320675106,0.0020547177700348434,1.076296348004042
ENSG00000256061,DNAAF4,neutral,0.09633149367088607,0.0831222717770035,1.1589131482031632
ENSG00000256162,SMLR1,neutral,11.32454723628692,3.8873541358885024,2.9131761193911796
ENSG00000256269,HMBS,regulation-driven,1.5187282194092826,1.048896386759582,1.4479296893196287
ENSG00000256394,ASIC5,neutral,0.05067404641350211,0.018029560975609756,2.8106090038494864
ENSG00000256453,DND1,neutral,0.5991763459915612,0.39162953310104537,1.5299570010644885
ENSG00000256713,PGA5,neutral,0.003118278481012658,0.0030337804878048775,1.0278523754594124
ENSG00000256797,KLRF2,neutral,7.346756691983122,7.72154425087108,0.9514620979028027
ENSG00000256870,SLC5A8,regulation-driven,5.283690447257385,4.172366303135889,1.2663534463132446
ENSG00000257057,C11orf97,neutral,0.07640085654008438,0.08959196515679442,0.8527646023432531
ENSG00000257093,DENND11,gene-driven,0.011197582278481012,0.010622797909407665,1.0541085666860246
ENSG00000257365,FNTB,neutral,0.0,0.0,nan
ENSG00000257743,MGAM2,neutral,0.00045802953586497895,0.0041606445993031356,0.1100861957644001
ENSG00000257987,SPMIP11,gene-driven,0.0002168818565400844,0.0014875435540069686,0.14579865978100187
ENSG00000258102,MAP1LC3B2,neutral,0.017415510548523205,0.03280521602787456,0.5308762647295253
ENSG00000258223,,gene-driven,0.0009138607594936709,0.01302020905923345,0.07018787143403007
ENSG00000258227,CLEC5A,gene-driven,0.08255640084388186,0.16555031707317075,0.49867860299774097
ENSG00000258484,SPESP1,neutral,0.03732733333333333,0.09500941114982579,0.39288037765511163
ENSG00000258818,RNASE4,neutral,0.029943987341772154,0.055906770034843206,0.5356057472665642
