gene_id,gds_p_pct,gds_lrt_pct,gds_fdr,gds_selectome,gds_v5,busted_p,busted_lrt,busted_fdr,busted_fdr_sig,has_selectome,selectome_evidence,rds_har_pct,rds_rate_pct,rds_tau_pct,rds_tpm_pct,rds_v5,n_hars,max_nc_accel,brain_tau,brain_tpm,has_brain_expr,gene_symbol,classification_v5,known_intelligence_gene,cds_length,gc_content,length_category
ENSG00000000460,0.0001,0.0802,0.0,0.3,0.3201,0.5,-0.0009912359673762,0.5,False,True,1.0,0.0,0.9638,0.0,0.0,0.3373,0,7.3358981780871,0.0,0.0,no,FIRRM,dual-driven,no,228420,0.11038437965151914,long
ENSG00000000971,0.0001,0.2585,0.0,0.0,0.0647,0.5,0.0,0.5,False,False,0.0,0.0,0.9034,0.7313,0.787,0.5439,0,3.5757639860520225,0.292,401.5,yes,CFH,regulation-driven,no,36990,0.39659367396593675,medium
ENSG00000001084,0.0006,0.417,0.0,0.0,0.1044,0.4947548645349308,0.0210913633563905,0.5,False,False,0.0,0.0,0.971,0.0,0.0,0.3399,0,7.818457334837587,0.0,0.0,no,GCLC,regulation-driven,no,105990,0.18160203792810642,long
ENSG00000001167,0.0001,0.2585,0.0,0.0,0.0647,0.5,0.0,0.5,False,False,0.0,0.0,0.0,0.0,0.0,0.0,0,0.0,0.0,0.0,no,NFYA,neutral,no,45220,0.29475895621406456,medium
ENSG00000001561,0.0001,0.0706,0.0,0.0,0.0177,0.5,-0.001453042103094,0.5,False,False,0.0,0.0,0.0,0.0,0.0,0.0,0,0.0,0.0,0.0,no,ENPP4,neutral,no,18920,0.2792283298097252,short
ENSG00000002745,0.0001,0.071,0.0,0.0,0.0178,0.5,-0.0014113409870333,0.5,False,False,0.0,0.0,0.0,0.0,0.0,0.0,0,0.0,0.0,0.0,no,WNT16,neutral,no,33960,0.3048586572438163,medium
ENSG00000002822,0.649,0.7602,0.15,0.0,0.5347,2.541983650239388e-07,28.98400745910476,1.0589469578132928e-06,True,False,0.0,0.4076,0.2101,0.0,0.0,0.2162,1,0.7781817574381369,0.0,0.0,no,MAD1L1,gene-driven,no,155650,0.23162222936074525,long
ENSG00000003056,0.8252,0.7843,0.15,0.0,0.5936,4.9656995182445485e-09,36.85512895496504,2.2997569277233133e-08,True,False,0.0,0.0,0.0,0.0,0.0,0.0,0,0.0,0.0,0.0,no,M6PR,gene-driven,no,49880,0.21972734562951082,medium
ENSG00000003400,0.2155,0.6789,0.15,0.0,0.3844,0.0040708696503123,9.621502897098251,0.01267115496912,True,False,0.0,0.0,0.0,0.0,0.0,0.0,0,0.0,0.0,0.0,no,CASP10,gene-driven,no,165080,0.1754179791616186,long
ENSG00000003436,0.6414,0.7587,0.15,0.0,0.5321,3.006842717034885e-07,28.64811574691703,1.2452985574131157e-06,True,False,0.0,0.0,0.0,0.0,0.0,0.0,0,0.0,0.0,0.0,no,TFPI,gene-driven,no,67570,0.12884416161018203,medium
ENSG00000003987,1.0,0.9045,0.15,0.0,0.6761,0.0,91.24487068315648,0.0,True,False,0.0,0.0,0.0,0.0,0.0,0.0,0,0.0,0.0,0.0,no,MTMR7,gene-driven,no,83110,0.20292383588015883,long
ENSG00000003989,0.0797,0.6281,0.0,0.0,0.1809,0.084434249315625,3.557269962599094,0.2268913863295078,False,False,0.0,0.4076,0.5121,0.3731,0.5266,0.4568,1,1.1297537461454652,0.136,129.3,yes,SLC7A2,regulation-driven,no,145710,0.1788415345549379,long
ENSG00000004059,0.0001,0.2585,0.0,0.0,0.0647,0.5,0.0,0.5,False,False,0.0,0.0,0.3478,0.0,0.0,0.1217,0,0.8813133859864533,0.0,0.0,no,ARF5,neutral,no,22840,0.18585814360770578,short
ENSG00000004142,0.0001,0.2585,0.0,0.0,0.0647,0.5,0.0,0.5,False,False,0.0,0.0,0.0,0.0,0.0,0.0,0,0.0,0.0,0.0,no,POLDIP2,neutral,no,33732,0.29562433297758806,medium
ENSG00000004455,0.0001,0.2585,0.0,0.0,0.0647,0.5,0.0,0.5,False,False,0.0,0.0,0.9106,0.0,0.0,0.3187,0,3.858306853044628,0.0,0.0,no,AK2,regulation-driven,no,61440,0.24749348958333334,medium
ENSG00000004700,1.0,0.9369,0.15,0.0,0.6842,0.0,120.5000386212632,0.0,True,False,0.0,0.0,0.0,0.0,0.0,0.0,0,0.0,0.0,0.0,no,RECQL,gene-driven,no,112220,0.15849224737123507,long
ENSG00000004799,0.0003,0.4067,0.0,0.0,0.1018,0.4981286149058203,0.0074995837567257,0.5,False,False,0.0,0.0,0.3019,0.791,0.8047,0.345,0,0.8476522565173112,0.315,437.8,yes,PDK4,regulation-driven,no,43320,0.16359649122807018,medium
ENSG00000004846,0.0001,0.2585,0.0,0.0,0.0647,0.5,0.0,0.5,False,False,0.0,0.0,0.9493,0.0,0.1361,0.3527,0,6.480019419366949,0.0,7.1,yes,ABCB5,regulation-driven,no,99640,0.20581091930951426,long
ENSG00000004866,0.0001,0.2585,0.0,0.0,0.0647,0.5,0.0,0.5,False,False,0.0,0.0,0.7101,0.0,0.0,0.2486,0,1.7475024504050511,0.0,0.0,no,ST7,neutral,no,250080,0.22739923224568137,long
ENSG00000004948,0.9273,0.801,0.15,0.0,0.6284,5.076963849326431e-10,41.41598066042206,2.548090534270111e-09,True,False,0.0,0.0,0.5193,0.8209,0.3669,0.3599,0,1.1385510200715347,0.333,45.3,yes,CALCR,gene-driven (dual),no,77160,0.19354587869362364,medium
ENSG00000005001,1.0,0.9375,0.15,0.0,0.6844,0.0,120.6541920354575,0.0,True,False,0.0,0.0,0.0,0.0,0.0,0.0,0,0.0,0.0,0.0,no,PRSS22,gene-driven,no,53874,0.2997921075101162,medium
ENSG00000005108,0.1506,0.6602,0.075,0.0,0.2852,0.0173301638106168,6.724319084722083,0.0509758928409272,False,False,0.0,0.8761,0.0435,0.0,0.9172,0.4594,2,0.6571715671156487,0.0,1126.7,yes,THSD7A,regulation-driven,no,182420,0.25754851441727883,long
ENSG00000005156,0.4166,0.7207,0.15,0.0,0.4552,4.558578110297473e-05,18.60553505495773,0.0001631249461915,True,False,0.0,0.0,0.0,0.0,0.0,0.0,0,0.0,0.0,0.0,no,LIG3,gene-driven,no,242685,0.17569689103158415,long
ENSG00000005238,1.0,0.9403,0.15,0.0,0.6851,0.0,123.0010826875223,0.0,True,False,0.0,0.0,0.0,0.0,0.0,0.0,0,0.0,0.0,0.0,no,ATOSB,gene-driven,no,143550,0.15476837338906305,long
ENSG00000005249,0.0283,0.5527,0.0,0.0,0.1467,0.2661225449776938,1.261302400554996,0.5,False,False,0.0,0.4076,0.0821,0.0,0.0,0.1714,1,0.6950851304825192,0.0,0.0,no,PRKAR2B,neutral,no,46530,0.2218568665377176,medium
ENSG00000005448,0.0001,0.2585,0.0,0.0,0.0647,0.5,0.0,0.5,False,False,0.0,0.0,0.0,0.0,0.0,0.0,0,0.0,0.0,0.0,no,WDR54,neutral,no,35290,0.29056389912156416,medium
ENSG00000005469,0.3601,0.7115,0.15,0.0,0.4359,0.0001609895158603,16.08204826694418,0.0005576336015942,True,False,0.0,0.0,0.4034,0.0,0.0,0.1412,0,0.950739855458986,0.0,0.0,no,CROT,gene-driven,no,69940,0.2680154418072634,medium
ENSG00000005486,0.9364,0.8032,0.15,0.0,0.6317,4.1363801273064377e-10,41.82576537939894,2.099423954410431e-09,True,False,0.0,0.0,0.9348,0.0,0.0,0.3272,0,5.242703111674593,0.0,0.0,no,RHBDD2,gene-driven (dual),no,28520,0.31654978962131836,short
ENSG00000005700,0.0112,0.4819,0.0,0.0,0.1238,0.3899200391142489,0.4973328164342092,0.5,False,False,0.0,0.0,0.6812,0.0,0.0,0.2384,0,1.6195458889215213,0.0,0.0,no,IBTK,neutral,no,207110,0.19175800299357829,long
ENSG00000005812,0.03,0.5595,0.0,0.0,0.1489,0.2563481468866049,1.336143258020456,0.5,False,False,0.0,0.0,0.0,0.0,0.0,0.0,0,0.0,0.0,0.0,no,FBXL3,neutral,no,29580,0.20520622041920217,short
ENSG00000005981,0.0898,0.6363,0.0,0.0,0.186,0.0674214523473107,4.007289694225619,0.1851901751208268,False,False,0.0,0.0,0.9734,0.0,0.1479,0.3629,0,7.862911659685052,0.0,7.6,yes,ASB4,regulation-driven,no,40420,0.20915388421573478,medium
ENSG00000006042,1.0,0.9383,0.15,0.0,0.6846,0.0,121.3923631843754,0.0,True,False,0.0,0.0,0.0,0.0,0.0,0.0,0,0.0,0.0,0.0,no,TMEM98,gene-driven,no,33966,0.22466584231290113,medium
ENSG00000006128,0.0413,0.5869,0.0,0.0,0.1591,0.1991199847325009,1.841401033918373,0.481723153725418,False,False,0.0,0.0,0.0,0.0,0.0,0.0,0,0.0,0.0,0.0,no,TAC1,neutral,no,39970,0.15138854140605454,medium
ENSG00000006194,0.0767,0.6263,0.0,0.0,0.1796,0.090370712923487,3.421375710728171,0.2416687774631316,False,False,0.0,0.0,0.0,0.0,0.0,0.0,0,0.0,0.0,0.0,no,ZNF263,neutral,no,110682,0.18613686055546522,long
ENSG00000006377,0.2586,0.6898,0.15,0.0,0.4,0.001552785708437,11.54911509876183,0.0050023031824909,True,False,0.0,0.8761,0.0,0.0,0.0,0.3066,2,0.0,0.0,0.0,no,DLX6,dual-driven,no,20870,0.2502635361763297,short
ENSG00000006432,0.0001,0.0935,0.0,0.0,0.0234,0.5,-0.0004345992492744,0.5,False,False,0.0,0.0,0.0,0.0,0.0,0.0,0,0.0,0.0,0.0,no,MAP3K9,neutral,no,175810,0.3484898469939139,long
ENSG00000006453,0.0043,0.4505,0.0,0.0,0.1139,0.4556590952356183,0.1857263333222363,0.5,False,False,0.0,0.0,0.2826,0.3881,0.432,0.2219,0,0.8332703900243243,0.142,63.4,yes,BAIAP2L1,neutral,no,53180,0.2213990221887928,medium
ENSG00000006530,1.0,0.9208,0.15,0.0,0.6802,0.0,105.4836735229401,0.0,True,False,0.0,0.0,0.2367,0.0,0.0,0.0829,0,0.8026861663835444,0.0,0.0,no,AGK,gene-driven,no,133260,0.1454074741107609,long
ENSG00000006555,0.0001,0.0092,0.0,0.0,0.0023,0.5,-0.008569735349738,0.5,False,False,0.0,0.0,0.0,0.0,0.0,0.0,0,0.0,0.0,0.0,no,TTC22,neutral,no,44980,0.33492663405958206,medium
ENSG00000006715,0.5183,0.7382,0.15,0.0,0.49,4.706196689741038e-06,23.14696658500179,1.7965174470277762e-05,True,False,0.0,0.8761,0.0,0.0,0.0,0.3066,2,0.0,0.0,0.0,no,VPS41,gene-driven (dual),no,175670,0.1759947629077247,long
ENSG00000006831,0.0001,0.2585,0.0,0.0,0.0647,0.5,0.0,0.5,False,False,0.0,0.0,0.0,0.0,0.0,0.0,0,0.0,0.0,0.0,no,ADIPOR2,neutral,no,35320,0.23881653454133636,medium
ENSG00000007171,1.0,0.924,0.15,0.0,0.681,0.0,108.6150247233454,0.0,True,False,0.0,0.0,0.0,0.0,0.0,0.0,0,0.0,0.0,0.0,no,NOS2,gene-driven,no,180153,0.2805837260550754,long
ENSG00000007216,1.0,0.8971,0.15,0.0,0.6743,0.0,85.24981594450946,0.0,True,False,0.0,0.0,0.0,0.0,0.0,0.0,0,0.0,0.0,0.0,no,SLC13A2,gene-driven,no,63837,0.26739978382442786,medium
ENSG00000007341,1.0,0.9439,0.15,0.0,0.686,0.0,127.5424391897832,0.0,True,False,0.0,0.0,0.6329,0.0,0.0,0.2215,0,1.4349475015660984,0.0,0.0,no,ST7L,gene-driven,no,179020,0.13949279410121773,long
ENSG00000007402,1.0,0.8378,0.15,0.0,0.6594,9.338640971634504e-13,54.01256911098608,5.748811905063122e-12,True,False,0.0,0.0,0.7923,0.0,0.5089,0.3536,0,2.163708446381001,0.0,112.6,yes,CACNA2D2,gene-driven (dual),no,229830,0.21289213766697124,long
ENSG00000007866,1.0,0.9612,0.15,0.0,0.6903,0.0,155.5238212532531,0.0,True,False,0.0,0.0,0.0,0.0,0.0,0.0,0,0.0,0.0,0.0,no,TEAD3,gene-driven,no,63790,0.3437529393321837,medium
ENSG00000007908,0.0001,0.2585,0.0,0.0,0.0647,0.5,0.0,0.5,False,False,0.0,0.0,0.8551,0.0,0.3728,0.3552,0,2.7882769581822635,0.0,45.4,yes,SELE,regulation-driven,no,144190,0.2392606976905472,long
ENSG00000007944,1.0,0.8635,0.15,0.0,0.6659,1.831867990631508e-15,66.50493929076765,1.3379899244348196e-14,True,False,0.0,0.4076,0.4179,0.0,0.0,0.2889,1,0.9589263761877478,0.0,0.0,no,MYLIP,gene-driven,no,29450,0.27062818336162986,short
ENSG00000007968,0.0001,0.0832,0.0,0.0,0.0208,0.5,-0.000863892633788,0.5,False,False,0.0,0.0,0.0,0.0,0.0,0.0,0,0.0,0.0,0.0,no,E2F2,neutral,no,23840,0.34395973154362414,short
ENSG00000008018,0.0001,0.2585,0.0,0.0,0.0647,0.5,0.0,0.5,False,False,0.0,0.0,0.1594,0.0,0.0,0.0558,0,0.7519893209755851,0.0,0.0,no,PSMB1,neutral,no,8230,0.4128797083839611,short
ENSG00000008083,0.0001,0.1019,0.0,0.0,0.0255,0.5,-0.0002517876273486,0.5,False,False,0.0,0.0,0.2609,0.0,0.0,0.0913,0,0.8155744889314802,0.0,0.0,no,JARID2,neutral,no,232540,0.2627418938677217,long
ENSG00000008118,0.0026,0.4401,0.0,0.0,0.1108,0.472685165401711,0.1123570876079611,0.5,False,False,0.0,0.4076,0.8792,0.0,0.0,0.4504,1,3.036156884376585,0.0,0.0,no,CAMK1G,regulation-driven,no,68140,0.17340769004989728,medium
ENSG00000008197,0.0001,0.2585,0.0,0.0,0.0647,0.5,0.0,0.5,False,False,0.0,0.0,0.0,0.0,0.0,0.0,0,0.0,0.0,0.0,no,TFAP2D,neutral,no,21360,0.3368445692883895,short
ENSG00000008256,0.0001,0.2585,0.0,0.0,0.0647,0.5,0.0,0.5,False,False,0.0,0.0,0.0749,0.0,0.8343,0.1514,0,0.6912241908717706,0.0,612.3,yes,CYTH3,neutral,no,52430,0.20932672134274272,medium
ENSG00000008323,0.0001,0.0269,0.0,0.0,0.0068,0.5,-0.0058529235611786,0.5,False,False,0.0,0.0,0.0,0.0,0.0,0.0,0,0.0,0.0,0.0,no,PLEKHG6,neutral,no,162960,0.21450662739322532,long
ENSG00000008394,0.0001,0.0862,0.0,0.21,0.2316,0.5,-0.0007025028298812,0.5,False,True,0.7,0.4076,0.0,0.0,0.0,0.1426,1,0.0,0.0,0.0,no,MGST1,neutral,no,41430,0.13149891383055756,medium
ENSG00000008405,0.0001,0.2585,0.0,0.0,0.0647,0.5,0.0,0.5,False,False,0.0,0.0,0.0,0.0,0.0,0.0,0,0.0,0.0,0.0,no,CRY1,neutral,no,53800,0.22427509293680298,medium
ENSG00000008516,0.7,0.7672,0.15,0.0,0.5518,8.127852713091245e-08,31.26447358716905,3.488174235972032e-07,True,False,0.0,0.0,0.0,0.0,0.0,0.0,0,0.0,0.0,0.0,no,MMP25,gene-driven,no,34389,0.31489720550175926,medium
ENSG00000008952,1.0,0.8132,0.15,0.0,0.6533,9.614092855159127e-11,44.74411718134797,5.141989017372204e-10,True,False,0.0,0.0,0.6377,0.0,0.0,0.2232,0,1.4513262926049144,0.0,0.0,no,SEC62,gene-driven,no,36920,0.20593174431202602,medium
ENSG00000009709,0.0001,0.0655,0.0,0.0,0.0164,0.5,-0.0018570340216683,0.5,False,False,0.0,0.0,0.157,0.0,0.1065,0.0709,0,0.7486159273472396,0.0,5.5,yes,PAX7,neutral,no,51500,0.30036893203883497,medium
ENSG00000009724,0.7823,0.7793,0.15,0.0,0.5795,1.2921737957416471e-08,34.94241530231375,5.8482915923739335e-08,True,False,0.0,0.0,0.0,0.0,0.0,0.0,0,0.0,0.0,0.0,no,MASP2,gene-driven,no,194600,0.11120246659815006,long
ENSG00000009765,1.0,0.847,0.15,0.0,0.6618,1.230682222796986e-13,58.06535630378494,8.03335088739135e-13,True,False,0.0,0.0,0.256,0.9403,0.1183,0.2484,0,0.8126708953448489,0.373,6.7,yes,IYD,gene-driven,no,68980,0.2514931864308495,medium
ENSG00000009780,1.0,0.9451,0.15,0.0,0.6863,0.0,128.747803124661,0.0,True,False,0.0,0.0,0.0,0.0,0.0,0.0,0,0.0,0.0,0.0,no,FAM76A,gene-driven,no,59240,0.25008440243079,medium
ENSG00000009790,1.0,0.9725,0.15,0.0,0.6931,0.0,183.4640177974943,0.0,True,False,0.0,0.4076,0.715,0.5373,0.7041,0.5791,1,1.7509648498970916,0.194,265.8,yes,TRAF3IP3,dual-driven,no,125240,0.25545352922389014,long
ENSG00000009844,1.0,0.8643,0.15,0.0,0.6661,1.609823385706477e-15,66.71404642995549,1.1845061420863931e-14,True,False,0.0,0.0,0.1329,0.0,0.0,0.0465,0,0.7342331636019509,0.0,0.0,no,VTA1,gene-driven,no,61410,0.2012050154697932,medium
ENSG00000009954,0.0001,0.2585,0.0,0.0,0.0647,0.5,0.0,0.5,False,False,0.0,0.0,0.0,0.0,0.0,0.0,0,0.0,0.0,0.0,no,BAZ1B,neutral,no,134420,0.23165451569706888,long
ENSG00000010017,0.0001,0.2585,0.0,0.0,0.0647,0.5,0.0,0.5,False,False,0.0,0.0,0.3164,0.0,0.0,0.1107,0,0.8560781715799933,0.0,0.0,no,RANBP9,neutral,no,37110,0.2497978981406629,medium
ENSG00000010072,0.0253,0.5434,0.0,0.0,0.1434,0.2848102172563766,1.125570088581298,0.5,False,False,0.0,0.0,0.0,0.0,0.0,0.0,0,0.0,0.0,0.0,no,SPRTN,neutral,no,54320,0.20758468335787925,medium
ENSG00000010165,0.0002,0.4053,0.0,0.0,0.1014,0.4987054395076377,0.0051849571100319,0.5,False,False,0.0,0.0,0.0,0.0,0.0,0.0,0,0.0,0.0,0.0,no,METTL13,neutral,no,76340,0.23422845166361017,medium
ENSG00000010244,1.0,0.9507,0.15,0.0,0.6877,0.0,136.0861920817115,0.0,True,False,0.0,0.0,0.0,0.0,0.0,0.0,0,0.0,0.0,0.0,no,ZNF207,gene-driven,no,126810,0.2906553110953395,long
ENSG00000010256,0.026,0.545,0.0,0.0,0.1441,0.2804904812157499,1.156136618108576,0.5,False,False,0.0,0.0,0.7874,0.0,0.0,0.2756,0,2.148762363277872,0.0,0.0,no,UQCRC1,neutral,no,53740,0.22206922218087086,medium
ENSG00000010278,1.0,0.8561,0.15,0.0,0.664,1.3933298959045711e-14,62.42660481822531,9.665861788325435e-14,True,False,0.0,0.0,0.0,0.0,0.0,0.0,0,0.0,0.0,0.0,no,CD9,gene-driven,no,49488,0.1564015518913676,medium
ENSG00000010295,0.0001,0.1138,0.0,0.0,0.0285,0.5,-1.169300230685622e-05,0.5,False,False,0.0,0.0,0.0,0.0,0.0,0.0,0,0.0,0.0,0.0,no,IFFO1,neutral,no,117270,0.2342713396435576,long
ENSG00000010322,0.7621,0.7772,0.15,0.0,0.5729,2.031028761839693e-08,34.03798224175989,9.109411236601113e-08,True,False,0.0,0.0,0.8116,0.0,0.0,0.2841,0,2.344477892107572,0.0,0.0,no,NISCH,gene-driven,no,227240,0.25752508361204013,long
ENSG00000010539,1.0,0.9282,0.15,0.0,0.6821,0.0,112.3004212506239,0.0,True,False,0.0,0.0,0.0,0.0,0.0,0.0,0,0.0,0.0,0.0,no,ZNF200,gene-driven,no,65043,0.11455498670110542,medium
ENSG00000010704,0.0001,0.2585,0.0,0.0,0.0647,0.5,0.0,0.5,False,False,0.0,0.0,0.0966,0.0,0.2249,0.0675,0,0.7089040078587998,0.0,13.4,yes,HFE,neutral,no,112220,0.21116556763500266,long
ENSG00000010803,1.0,0.8472,0.15,0.0,0.6618,1.08080211447259e-13,58.32581085592392,7.064270325081029e-13,True,False,0.0,0.0,0.7899,0.0,0.0,0.2764,0,2.152163950596377,0.0,0.0,no,SCMH1,gene-driven,no,225370,0.22834450015530017,long
ENSG00000011007,0.8057,0.7815,0.15,0.0,0.5871,7.676345781248983e-09,35.98395006809733,3.5093882275673204e-08,True,False,0.0,0.0,0.5821,0.0,0.0,0.2037,0,1.274065435633051,0.0,0.0,no,ELOA,gene-driven,no,164720,0.14635745507527925,long
ENSG00000011021,1.0,0.9105,0.15,0.0,0.6776,0.0,96.17831758075044,0.0,True,False,0.0,0.0,0.2633,0.0,0.0,0.0921,0,0.8157077177237052,0.0,0.0,no,CLCN6,gene-driven,no,154820,0.2841234982560393,long
ENSG00000011083,0.1118,0.6456,0.075,0.0,0.2699,0.0412618985436861,4.989337155486282,0.1163395600291413,False,False,0.0,0.0,0.0,0.0,0.0,0.0,0,0.0,0.0,0.0,no,SLC6A7,neutral,no,100430,0.251876929204421,long
ENSG00000011114,0.0001,0.0135,0.0,0.0,0.0034,0.5,-0.0077179740037536,0.5,False,False,0.0,0.0,0.0,0.0,0.0,0.0,0,0.0,0.0,0.0,no,BTBD7,neutral,no,244900,0.17494079216006533,long
ENSG00000011376,1.0,0.8818,0.15,0.0,0.6704,0.0,75.66877037391532,0.0,True,False,0.0,0.0,0.6208,0.0,0.0,0.2173,0,1.397680273274454,0.0,0.0,no,LARS2,gene-driven,no,170440,0.19652076977235391,long
ENSG00000011405,0.0001,0.2585,0.0,0.0,0.0647,0.5,0.0,0.5,False,False,0.0,0.0,0.0,0.0,0.0,0.0,0,0.0,0.0,0.0,no,PIK3C2A,neutral,no,265450,0.14457713317008852,long
ENSG00000011465,0.0323,0.5698,0.0,0.0,0.1521,0.2436055570054579,1.438115501565335,0.5,False,False,0.0,0.0,0.0,0.0,0.0,0.0,0,0.0,0.0,0.0,no,DCN,neutral,no,122610,0.1781094527363184,long
ENSG00000012171,1.0,0.9164,0.15,0.0,0.6791,0.0,102.2200062875854,0.0,True,False,0.0,0.0,0.6304,0.9851,0.6746,0.4696,0,1.4291422158749256,0.414,247.7,yes,SEMA3B,gene-driven (dual),no,135310,0.23769861798832312,long
ENSG00000012232,1.0,0.9763,0.15,0.0,0.6941,0.0,197.2966886341019,0.0,True,False,0.0,0.0,0.587,0.0,0.0,0.2054,0,1.2796407833615269,0.0,0.0,no,EXTL3,gene-driven,no,228870,0.15502687114956087,long
ENSG00000012660,0.0012,0.4274,0.0,0.0,0.1072,0.4884117996709938,0.0468983932514675,0.5,False,False,0.0,0.0,0.5266,0.0,0.0,0.1843,0,1.1461059567025196,0.0,0.0,no,ELOVL5,neutral,no,72780,0.21112943116240726,medium
ENSG00000012779,0.0001,0.2585,0.0,0.0,0.0647,0.5,0.0,0.5,False,False,0.0,0.0,0.0,0.0,0.0,0.0,0,0.0,0.0,0.0,no,ALOX5,neutral,no,80830,0.28042805888902633,long
ENSG00000012822,1.0,0.996,0.15,0.0,0.699,0.0,378.5567771948699,0.0,True,False,0.0,0.0,0.0,0.0,0.0,0.0,0,0.0,0.0,0.0,no,CALCOCO1,gene-driven,no,138650,0.24664262531554274,long
ENSG00000012963,0.5732,0.7503,0.15,0.0,0.5095,1.380762232661148e-06,25.5994553765413,5.52527059151774e-06,True,False,0.0,0.0,0.0,0.0,0.0,0.0,0,0.0,0.0,0.0,no,UBR7,gene-driven,no,53470,0.23304656816906677,medium
ENSG00000013016,0.0001,0.2585,0.0,0.0,0.0647,0.5,0.0,0.5,False,False,0.0,0.0,0.0,0.0,0.0,0.0,0,0.0,0.0,0.0,no,EHD3,neutral,no,74510,0.2139041739363844,medium
ENSG00000013293,0.0001,0.2585,0.0,0.0,0.0647,0.5,0.0,0.5,False,False,0.0,0.0,0.0,0.0,0.0,0.0,0,0.0,0.0,0.0,no,SLC7A14,neutral,no,62290,0.28457216246588535,medium
ENSG00000013297,0.0001,0.2585,0.0,0.0,0.0647,0.5,0.0,0.5,False,False,0.0,0.0,0.0,0.0,0.0,0.0,0,0.0,0.0,0.0,no,CLDN11,neutral,no,15780,0.35621039290240814,short
ENSG00000013374,1.0,0.9801,0.15,0.0,0.695,0.0,209.2928867438532,0.0,True,False,0.0,0.0,0.7729,0.0,0.0,0.2705,0,2.0876436431160625,0.0,0.0,no,NUB1,gene-driven,no,94170,0.19712222576191993,long
ENSG00000013392,0.0001,0.2585,0.0,0.0,0.0647,0.5,0.0,0.5,False,False,0.0,0.0,0.0,0.0,0.0,0.0,0,0.0,0.0,0.0,no,RWDD2A,neutral,no,17580,0.2356655290102389,short
ENSG00000013441,0.0001,0.2585,0.0,0.0,0.0647,0.5,0.0,0.5,False,False,0.0,0.0,0.0,0.0,0.0,0.0,0,0.0,0.0,0.0,no,CLK1,neutral,no,71260,0.2043923659837216,medium
ENSG00000013561,0.1352,0.6544,0.075,0.0,0.2792,0.0244823031877871,6.03331512157456,0.0707866578315885,False,False,0.0,0.0,0.0,0.0,0.0,0.0,0,0.0,0.0,0.0,no,RNF14,neutral,no,109110,0.1393639446430208,long
ENSG00000013583,1.0,0.8468,0.15,0.0,0.6617,1.317834730230061e-13,57.92875254234787,8.590969787895574e-13,True,False,0.0,0.0,0.0,0.0,0.0,0.0,0,0.0,0.0,0.0,no,HEBP1,gene-driven,no,18070,0.20177089097952408,short
ENSG00000013810,0.0001,0.0143,0.0,0.0,0.0036,0.5,-0.0075672775856219,0.5,False,False,0.0,0.0,0.7222,0.0,0.2899,0.2963,0,1.813161321767761,0.0,28.5,yes,TACC3,neutral,no,129390,0.1755158822165546,long
ENSG00000014123,0.0001,0.2585,0.0,0.0,0.0647,0.5,0.0,0.5,False,False,0.0,0.0,0.2029,0.0,0.0,0.071,0,0.7755583680834486,0.0,0.0,no,UFL1,neutral,no,83860,0.18301931791080372,long
ENSG00000014138,1.0,0.9831,0.15,0.0,0.6958,0.0,228.1799132670931,0.0,True,False,0.0,0.0,0.0,0.0,0.0,0.0,0,0.0,0.0,0.0,no,POLA2,gene-driven,no,115130,0.1593502996612525,long
ENSG00000014164,1.0,0.8289,0.15,0.0,0.6572,6.932288076910709e-12,50.00336857937509,4.0470893068725185e-11,True,False,0.0,0.4076,0.0,0.0,0.0,0.1426,1,0.0,0.0,0.0,no,ZC3H3,gene-driven,no,185190,0.18455640153356012,long
ENSG00000014257,0.4619,0.7296,0.15,0.0,0.471,1.656685232165334e-05,20.62991905309173,6.122104268046337e-05,True,False,0.0,0.0,0.2585,0.0,0.4024,0.1508,0,0.8146830998026836,0.0,55.6,yes,ACP3,gene-driven,no,59220,0.23378926038500505,medium
ENSG00000014641,1.0,0.8934,0.15,0.0,0.6734,0.0,83.24037415565545,0.0,True,False,0.0,0.0,0.7367,0.0,0.0,0.2579,0,1.8665048103734043,0.0,0.0,no,MDH1,gene-driven,no,95330,0.17574740375537606,long
ENSG00000014824,0.0001,0.2585,0.0,0.0,0.0647,0.5,0.0,0.5,False,False,0.0,0.0,0.2222,0.0,0.0,0.0778,0,0.7862335471026871,0.0,0.0,no,SLC30A9,neutral,no,57070,0.2256702295426669,medium
ENSG00000014914,0.0001,0.2585,0.0,0.0,0.0647,0.5,0.0,0.5,False,False,0.0,0.0,0.1836,0.0,0.0,0.0643,0,0.76320773253998,0.0,0.0,no,MTMR11,neutral,no,74610,0.2877496314167002,medium
ENSG00000014919,0.0001,0.2585,0.0,0.0,0.0647,0.5,0.0,0.5,False,False,0.0,0.0,0.0,0.0,0.0,0.0,0,0.0,0.0,0.0,no,COX15,neutral,no,32560,0.26922604422604424,short
ENSG00000015520,0.0001,0.2585,0.0,0.0,0.0647,0.5,0.0,0.5,False,False,0.0,0.0,0.0,0.0,0.0,0.0,0,0.0,0.0,0.0,no,NPC1L1,neutral,no,275130,0.26739359575473415,long
ENSG00000015592,0.9721,0.8088,0.15,0.0,0.6438,1.862918708184225e-10,43.42111850401488,9.733358880786064e-10,True,False,0.0,0.0,0.442,0.0,0.7751,0.271,0,0.9999190344531594,0.0,365.0,yes,STMN4,gene-driven,no,55350,0.23208672086720866,medium
ENSG00000016082,1.0,0.8263,0.15,0.0,0.6566,1.1000200750288509e-11,49.0799183131021,6.32543335629307e-11,True,False,0.0,0.0,0.3068,0.8806,0.2781,0.2812,0,0.85263168322464,0.356,24.2,yes,ISL1,gene-driven,no,30360,0.2788866930171278,short
ENSG00000016391,0.0003,0.4091,0.0,0.0,0.1024,0.4973832471607733,0.0104944968770723,0.5,False,False,0.0,0.0,0.0,0.0,0.0,0.0,0,0.0,0.0,0.0,no,CHDH,neutral,no,58030,0.24184042736515596,medium
ENSG00000016490,0.0001,0.0111,0.0,0.0,0.0028,0.5,-0.0083150355130783,0.5,False,False,0.0,0.0,0.8043,0.0,0.0,0.2815,0,2.2912677862430524,0.0,0.0,no,CLCA1,neutral,no,106490,0.174711240492065,long
ENSG00000016602,0.0001,0.2585,0.0,0.0,0.0647,0.5,0.0,0.5,False,False,0.0,0.0,0.4275,0.9254,0.3964,0.3479,0,0.978640880709436,0.369,54.9,yes,CLCA4,regulation-driven,no,84150,0.16428995840760546,long
ENSG00000016864,0.0001,0.2585,0.0,0.0,0.0647,0.5,0.0,0.5,False,False,0.0,0.0,0.8019,0.0,0.0,0.2807,0,2.22470087955614,0.0,0.0,no,GLT8D1,neutral,no,58050,0.1416709732988803,medium
ENSG00000017427,1.0,0.9142,0.15,0.0,0.6785,0.0,99.98702066845544,0.0,True,False,0.0,0.8761,0.0,0.0,0.0,0.3066,2,0.0,0.0,0.0,no,IGF1,gene-driven (dual),no,28940,0.3590186592950933,short
ENSG00000018280,0.0015,0.4324,0.0,0.0,0.1086,0.4841646428926427,0.0643661565663933,0.5,False,False,0.0,0.0,0.3744,0.209,0.426,0.2263,0,0.9079073315068316,0.08,62.7,yes,SLC11A1,neutral,no,89070,0.162826990007859,long
ENSG00000018408,0.2405,0.6852,0.15,0.0,0.3934,0.002328234588058,10.73899561123108,0.0073903247230382,True,False,0.0,0.0,0.0,0.0,0.0,0.0,0,0.0,0.0,0.0,no,WWTR1,gene-driven,no,70360,0.1809693007390563,medium
ENSG00000018510,0.6647,0.7622,0.15,0.0,0.54,1.78658498217743e-07,29.68928500819311,7.505467653167683e-07,True,False,0.0,0.0,0.0,0.0,0.0,0.0,0,0.0,0.0,0.0,no,AGPS,gene-driven,no,234850,0.10638279753033851,long
ENSG00000019102,0.1092,0.6444,0.075,0.0,0.2688,0.0437500290492077,4.872231643377745,0.1229449968874345,False,False,0.0,0.4076,0.0,0.0,0.0,0.1426,1,0.0,0.0,0.0,no,VSIG2,neutral,no,20450,0.33031784841075795,short
ENSG00000019485,1.0,0.9322,0.15,0.0,0.6831,0.0,115.114816902591,0.0,True,False,0.0,0.0,0.0,0.0,0.0,0.0,0,0.0,0.0,0.0,no,PRDM11,gene-driven,no,129230,0.3237793082101679,long
ENSG00000019505,1.0,0.9095,0.15,0.0,0.6774,0.0,95.50225486958334,0.0,True,False,0.0,0.0,0.0,0.0,0.0,0.0,0,0.0,0.0,0.0,no,SYT13,gene-driven,no,29130,0.32042567799519395,short
ENSG00000019582,0.0001,0.0605,0.0,0.0,0.0152,0.5,-0.0022596615381189,0.5,False,False,0.0,0.0,0.0,0.0,0.0,0.0,0,0.0,0.0,0.0,no,CD74,neutral,no,52420,0.29181610072491415,medium
ENSG00000019995,0.0478,0.5967,0.0,0.0,0.1635,0.1724893826013685,2.128544827766746,0.4274848973887428,False,False,0.0,0.0,0.0,0.0,0.0,0.0,0,0.0,0.0,0.0,no,ZRANB1,neutral,no,69160,0.18295257374204743,medium
ENSG00000020633,1.0,0.8653,0.15,0.0,0.6663,9.992007221626409e-16,67.71736345400132,7.40689179141129e-15,True,False,0.0,0.0,0.0,0.0,0.0,0.0,0,0.0,0.0,0.0,no,RUNX3,gene-driven,no,73100,0.20872777017783858,medium
ENSG00000020922,0.0001,0.2585,0.0,0.0,0.0647,0.5,0.0,0.5,False,False,0.0,0.0,0.0,0.0,0.0,0.0,0,0.0,0.0,0.0,no,MRE11,neutral,no,191160,0.19156727348817745,long
ENSG00000021355,0.0001,0.0877,0.0,0.0,0.0219,0.5,-0.0006554553146997,0.5,False,False,0.0,0.0,0.0,0.0,0.0,0.0,0,0.0,0.0,0.0,no,SERPINB1,neutral,no,46020,0.15234680573663625,medium
ENSG00000021852,1.0,0.8794,0.15,0.0,0.6698,5.551115123125783e-17,74.04460013005155,4.453426874585104e-16,True,False,0.0,0.0,0.8696,0.0,0.0,0.3043,0,2.943678839819926,0.0,0.0,no,C8B,gene-driven (dual),no,81430,0.2152892054525359,long
ENSG00000022840,0.0161,0.5129,0.0,0.0,0.133,0.3497757139186086,0.7146319334060536,0.5,False,False,0.0,0.0,0.0,0.0,0.0,0.0,0,0.0,0.0,0.0,no,RNF10,neutral,no,139160,0.23375251509054326,long
ENSG00000023041,0.361,0.7119,0.15,0.0,0.4363,0.0001579032045688,16.1207623229493,0.0005477060945085,True,False,0.0,0.0,0.0,0.0,0.0,0.0,0,0.0,0.0,0.0,no,ZDHHC6,gene-driven,no,158440,0.10092148447361778,long
ENSG00000023318,1.0,0.8959,0.15,0.0,0.674,0.0,84.37963890598621,0.0,True,False,0.0,0.0,0.0,0.0,0.0,0.0,0,0.0,0.0,0.0,no,ERP44,gene-driven,no,83320,0.12652424387902064,long
ENSG00000023516,0.0265,0.5464,0.0,0.0,0.1446,0.2773645849034778,1.178550533251837,0.5,False,False,0.0,0.0,0.0,0.0,0.0,0.0,0,0.0,0.0,0.0,no,AKAP11,neutral,no,227580,0.22695755338781967,long
ENSG00000023572,0.0159,0.5111,0.0,0.0,0.1325,0.3512362698821089,0.7062979356396681,0.5,False,False,0.0,0.0,0.6256,0.0,0.0,0.219,0,1.4136075738795977,0.0,0.0,no,GLRX2,neutral,no,17000,0.23929411764705882,short
ENSG00000023608,0.0164,0.5145,0.0,0.0,0.1335,0.3474348211422316,0.7280620320907474,0.5,False,False,0.0,0.0,0.0,0.0,0.0,0.0,0,0.0,0.0,0.0,no,SNAPC1,neutral,no,23140,0.24191875540190147,short
ENSG00000023697,1.0,0.9487,0.15,0.0,0.6872,0.0,133.114300156667,0.0,True,False,0.0,0.9527,0.0,0.0,0.0,0.3335,3,0.0,0.0,0.0,no,DERA,gene-driven (dual),no,94750,0.1794406332453826,long
ENSG00000023902,0.0001,0.2585,0.0,0.0,0.0647,0.5,0.0,0.5,False,False,0.0,0.0,0.5918,0.0,0.6095,0.2985,0,1.3212311205441754,0.0,169.7,yes,PLEKHO1,neutral,no,71740,0.1779342068580987,medium
ENSG00000023909,0.0001,0.0599,0.0,0.0,0.015,0.5,-0.0023256343010871,0.5,False,False,0.0,0.0,0.4903,0.0,0.0,0.1716,0,1.0634405809505405,0.0,0.0,no,GCLM,neutral,no,43670,0.17252118158919166,medium
ENSG00000024048,1.0,0.8183,0.15,0.0,0.6546,4.139105724831893e-11,46.4296181617683,2.2749073895374404e-10,True,False,0.0,0.0,0.0,0.0,0.0,0.0,0,0.0,0.0,0.0,no,,gene-driven,no,302080,0.1809123411016949,long
ENSG00000024862,0.0001,0.2585,0.0,0.0,0.0647,0.5,0.0,0.5,False,False,0.0,0.0,0.0,0.0,0.0,0.0,0,0.0,0.0,0.0,no,CCDC28A,neutral,no,20330,0.22518445646827348,short
ENSG00000025039,0.0001,0.0219,0.0,0.0,0.0055,0.5,-0.0066425308432371,0.5,False,False,0.0,0.0,0.0918,0.0,0.0,0.0321,0,0.7053016089898124,0.0,0.0,no,RRAGD,neutral,no,36540,0.23700054734537493,medium
ENSG00000025156,0.0331,0.5716,0.0,0.0,0.1528,0.2392093457456408,1.474538012418634,0.5,False,False,0.0,0.0,0.4638,0.0,0.0,0.1623,0,1.0338312890384076,0.0,0.0,no,HSF2,neutral,no,44820,0.28020972780008924,medium
ENSG00000026751,0.1608,0.6639,0.15,0.0,0.3642,0.0138179588255935,7.177277976355981,0.0410822039441137,True,False,0.0,0.0,0.0,0.0,0.0,0.0,0,0.0,0.0,0.0,no,SLAMF7,gene-driven,no,67670,0.25596276045515,medium
ENSG00000027644,0.0298,0.5579,0.0,0.0,0.1484,0.2575260806608812,1.326974198556854,0.5,False,False,0.0,0.0,0.0,0.0,0.0,0.0,0,0.0,0.0,0.0,no,INSRR,neutral,no,102620,0.32424478659130773,long
ENSG00000027697,1.0,0.8721,0.15,0.0,0.668,1.665334536937735e-16,71.04152172306203,1.2963026583299364e-15,True,False,0.0,0.0,0.0,0.0,0.0,0.0,0,0.0,0.0,0.0,no,IFNGR1,gene-driven,no,228460,0.07382911669438852,long
ENSG00000027869,0.0001,0.2585,0.0,0.0,0.0647,0.5,0.0,0.5,False,False,0.0,0.0,0.0,0.0,0.0,0.0,0,0.0,0.0,0.0,no,SH2D2A,neutral,no,54490,0.21901266287392182,medium
ENSG00000028137,0.0001,0.2585,0.0,0.0,0.0647,0.5,0.0,0.5,False,False,0.0,0.0,0.1256,0.8955,0.6686,0.2786,0,0.7311144712558617,0.359,246.6,yes,TNFRSF1B,neutral,no,50400,0.2993849206349206,medium
ENSG00000028310,1.0,0.9807,0.15,0.0,0.6952,0.0,213.2297405699937,0.0,True,False,0.0,0.0,0.0845,0.0,0.0,0.0296,0,0.6980626074545004,0.0,0.0,no,BRD9,gene-driven,no,108400,0.17660516605166052,long
ENSG00000028839,0.0462,0.5949,0.0,0.0,0.1626,0.1784904963711388,2.060145480289066,0.4403828020585538,False,False,0.0,0.0,0.0,0.0,0.0,0.0,0,0.0,0.0,0.0,no,TBPL1,neutral,no,24030,0.1492301290054099,short
ENSG00000029364,1.0,0.9057,0.15,0.0,0.6764,0.0,92.3874041523959,0.0,True,False,0.0,0.0,0.0,0.0,0.0,0.0,0,0.0,0.0,0.0,no,SLC39A9,gene-driven,no,48670,0.32463529895212656,medium
ENSG00000029559,0.0001,0.2585,0.0,0.0,0.0647,0.5,0.0,0.5,False,False,0.0,0.0,0.058,0.0,0.142,0.0416,0,0.6681189402983472,0.0,7.3,yes,IBSP,neutral,no,18840,0.2565286624203822,short
ENSG00000029639,0.0001,0.2585,0.0,0.0,0.0647,0.5,0.0,0.5,False,False,0.0,0.0,0.0,0.0,0.0,0.0,0,0.0,0.0,0.0,no,TFB1M,neutral,no,20790,0.24992784992784992,short
ENSG00000030304,1.0,0.8335,0.15,0.0,0.6584,2.8879121316549568e-12,51.75467921541713,1.7327472789929743e-11,True,False,0.0,0.0,0.0,0.0,0.0,0.0,0,0.0,0.0,0.0,no,MUSK,gene-driven,no,226940,0.17675156429012073,long
ENSG00000030419,1.0,0.9331,0.15,0.0,0.6833,0.0,115.7289011617977,0.0,True,False,0.0,0.4076,0.0,0.0,0.0,0.1426,1,0.0,0.0,0.0,no,IKZF2,gene-driven,no,142680,0.21385618166526493,long
ENSG00000031691,0.0413,0.5867,0.0,0.0,0.159,0.1992968126313562,1.839625728141982,0.4819165513020738,False,False,0.0,0.0,0.0,0.0,0.0,0.0,0,0.0,0.0,0.0,no,CENPQ,neutral,no,16650,0.24864864864864866,short
ENSG00000032219,1.0,0.9813,0.15,0.0,0.6953,0.0,215.5000112356065,0.0,True,False,0.0,0.0,0.0,0.0,0.0,0.0,0,0.0,0.0,0.0,no,ARID4A,gene-driven,no,227460,0.179495295876198,long
ENSG00000032389,1.0,0.8977,0.15,0.0,0.6744,0.0,85.57116796377522,0.0,True,False,0.0,0.0,0.7005,0.0,0.0,0.2452,0,1.6973691310218566,0.0,0.0,no,EIPR1,gene-driven,no,91540,0.24162114922438277,long
ENSG00000033100,0.0278,0.5511,0.0,0.0,0.1461,0.2694446062067222,1.236490543975378,0.5,False,False,0.0,0.0,0.9275,0.0,0.0,0.3246,0,4.872926249221114,0.0,0.0,no,CHPF2,regulation-driven,no,183100,0.2114800655379574,long
ENSG00000034677,1.0,0.8852,0.15,0.0,0.6713,0.0,77.7609351179126,0.0,True,False,0.0,0.0,0.0,0.0,0.0,0.0,0,0.0,0.0,0.0,no,RNF19A,gene-driven,no,81440,0.17783644400785856,long
ENSG00000034971,0.1009,0.6409,0.0,0.0,0.1905,0.0526704479945269,4.501107118656364,0.1466048171934957,False,False,0.0,0.0,0.0,0.0,0.0,0.0,0,0.0,0.0,0.0,no,MYOC,neutral,no,60200,0.18200996677740863,medium
ENSG00000035115,1.0,0.9966,0.15,0.0,0.6991,0.0,384.7012306259348,0.0,True,False,0.0,0.0,0.8454,0.0,0.0,0.2959,0,2.6388045603672783,0.0,0.0,no,SH3YL1,gene-driven,no,118740,0.18999494694290045,long
ENSG00000035403,0.0001,0.2585,0.0,0.0,0.0647,0.5,0.0,0.5,False,False,0.0,0.0,0.0,0.0,0.0,0.0,0,0.0,0.0,0.0,no,VCL,neutral,no,133410,0.2672588261749494,long
ENSG00000035499,1.0,0.8802,0.15,0.0,0.67,5.551115123125783e-17,74.4365049597618,4.453426874585104e-16,True,False,0.0,0.0,0.5652,0.0,0.3018,0.2431,0,1.2202364818872875,0.0,29.9,yes,DEPDC1B,gene-driven,no,59600,0.26538590604026846,medium
ENSG00000035681,1.0,0.9453,0.15,0.0,0.6863,0.0,129.0063337859974,0.0,True,False,0.0,0.0,0.7198,0.0,0.0,0.2519,0,1.8038096256659133,0.0,0.0,no,NSMAF,gene-driven,no,131310,0.19682430888736577,long
ENSG00000035687,0.0001,0.0493,0.0,0.0,0.0123,0.5,-0.0033589373379072,0.5,False,False,0.0,0.0,0.4203,0.0,0.0,0.1471,0,0.9614784459787806,0.0,0.0,no,ADSS2,neutral,no,40840,0.19245837414299707,medium
ENSG00000035720,0.3111,0.7023,0.15,0.0,0.4189,0.0004809352463198,13.89326147889733,0.0016141510898751,True,False,0.0,0.0,0.3768,0.0,0.2101,0.1634,0,0.9089554715484366,0.0,11.3,yes,STAP1,gene-driven,no,32720,0.17264669926650367,short
ENSG00000036549,0.8909,0.7935,0.15,0.0,0.6156,1.1447776060435901e-09,39.78981658085831,5.539030945973557e-09,True,False,0.0,0.0,0.0,0.0,0.0,0.0,0,0.0,0.0,0.0,no,ZZZ3,gene-driven,no,168990,0.1484584886679685,long
ENSG00000036565,0.4279,0.7236,0.15,0.0,0.4593,3.542194838540569e-05,19.11006347711373,0.0001280441651664,True,False,0.0,0.0,0.4976,0.0,0.1746,0.2003,0,1.0841422863544188,0.0,8.5,yes,SLC18A1,gene-driven,no,132320,0.1938860338573156,long
ENSG00000037749,0.0001,0.2585,0.0,0.0,0.0647,0.5,0.0,0.5,False,False,0.0,0.4076,0.0,0.0,0.0,0.1426,1,0.0,0.0,0.0,no,MFAP3,neutral,no,50900,0.15927308447937133,medium
ENSG00000038219,0.1136,0.646,0.075,0.0,0.2706,0.039623301117133,5.070381482422817,0.111853745605346,False,False,0.0,0.0,0.0,0.0,0.0,0.0,0,0.0,0.0,0.0,no,BOD1L1,neutral,no,234190,0.20164396430248943,long
ENSG00000038274,1.0,0.8482,0.15,0.0,0.6621,7.255307465925398e-14,59.12259750274097,4.773531658136631e-13,True,False,0.0,0.0,0.93,0.0,0.0,0.3255,0,5.169776949885465,0.0,0.0,no,MAT2B,gene-driven (dual),no,141530,0.10980710803363244,long
ENSG00000039600,0.0001,0.3987,0.0,0.0,0.0997,0.4998179796977474,0.0007282137667061,0.5,False,False,0.0,0.0,0.5628,0.0,0.0947,0.2112,0,1.2181279675801902,0.0,5.2,yes,SOX30,neutral,no,81910,0.2778049078256623,long
ENSG00000040487,0.0002,0.4021,0.0,0.0,0.1006,0.4992787808925612,0.0028869590605609,0.5,False,False,0.0,0.8761,0.4517,0.0,0.0,0.4647,2,1.0196342243318717,0.0,0.0,no,SLC66A1,regulation-driven,no,62860,0.18900731784918867,medium
ENSG00000040731,0.0167,0.5167,0.0,0.0,0.1342,0.344906648625777,0.7426686033504666,0.5,False,False,0.0,0.4076,0.6111,0.0,0.0,0.3565,1,1.3818141174899972,0.0,0.0,no,CDH10,regulation-driven,no,46820,0.2923109782144383,medium
ENSG00000041515,0.0001,0.2585,0.0,0.0,0.0647,0.5,0.0,0.5,False,False,0.0,0.0,0.0,0.0,0.0,0.0,0,0.0,0.0,0.0,no,MYO16,neutral,no,281000,0.260711743772242,long
ENSG00000041880,0.2753,0.6942,0.15,0.0,0.4061,0.0010715387657226,12.29102476853586,0.0035018619058504,True,False,0.0,0.0,0.4758,0.0,0.0,0.1665,0,1.0433737618166232,0.0,0.0,no,PARP3,gene-driven,no,81030,0.20767616932000493,long
ENSG00000043039,0.0001,0.2585,0.0,0.0,0.0647,0.5,0.0,0.5,False,False,0.0,0.4076,0.0,0.0,0.0,0.1426,1,0.0,0.0,0.0,no,BARX2,neutral,no,17320,0.30958429561200923,short
ENSG00000043093,1.0,0.9091,0.15,0.0,0.6773,0.0,94.87498120475357,0.0,True,False,0.0,0.0,0.5676,0.0,0.0,0.1987,0,1.2345068913601178,0.0,0.0,no,DCUN1D1,gene-driven,no,41960,0.17833651096282174,medium
ENSG00000043143,0.0001,0.2585,0.0,0.0,0.0647,0.5,0.0,0.5,False,False,0.0,0.0,0.9324,0.0,0.0,0.3263,0,5.200418172452611,0.0,0.0,no,JADE2,regulation-driven,no,269100,0.21184689706428836,long
ENSG00000043355,0.0456,0.5935,0.0,0.0,0.1621,0.1808315649589241,2.034084161321516,0.4445682507823459,False,False,0.0,0.0,0.0,0.0,0.0,0.0,0,0.0,0.0,0.0,no,ZIC2,neutral,no,48810,0.29969268592501536,medium
ENSG00000043462,0.9999,0.813,0.15,0.0,0.6532,1.002088967361203e-10,44.66123338235047,5.353802925515171e-10,True,False,0.0,0.0,0.4807,0.6269,0.7337,0.3723,0,1.0522368755875309,0.248,291.8,yes,LCP2,gene-driven (dual),no,55750,0.3273542600896861,medium
ENSG00000044012,0.0001,0.2585,0.0,0.0,0.0647,0.5,0.0,0.5,False,False,0.0,0.0,0.2923,0.0,0.0,0.1023,0,0.8355294702082657,0.0,0.0,no,GUCA2B,neutral,no,3670,0.5689373297002724,short
ENSG00000044115,1.0,0.9616,0.15,0.0,0.6904,0.0,156.1342202756059,0.0,True,False,0.0,0.0,0.6473,0.0,0.0,0.2266,0,1.5152559055496275,0.0,0.0,no,CTNNA1,gene-driven,no,227290,0.20143869065950987,long
ENSG00000044459,0.0001,0.3949,0.0,0.0,0.0987,0.4999999547653736,1.809385139495134e-07,0.5,False,False,0.0,0.0,0.0,0.0,0.0,0.0,0,0.0,0.0,0.0,no,,neutral,no,335860,0.1002947656761746,long
ENSG00000044524,0.0086,0.4717,0.0,0.0,0.1205,0.4132242881446859,0.381235164582904,0.5,False,False,0.0,0.8761,0.6159,0.0,0.0,0.5222,2,1.3857746501866304,0.0,0.0,no,EPHA3,regulation-driven,no,116010,0.16888199293164383,long
ENSG00000044574,1.0,0.9558,0.15,0.0,0.6889,0.0,146.0338388655182,0.0,True,False,0.0,0.0,0.0,0.0,0.0,0.0,0,0.0,0.0,0.0,no,HSPA5,gene-driven,no,71600,0.1933659217877095,medium
ENSG00000046889,0.1562,0.6622,0.15,0.0,0.3624,0.0153073002674842,6.972556484412053,0.0452935821121158,True,False,0.0,0.0,0.0,0.0,0.0,0.0,0,0.0,0.0,0.0,no,,gene-driven,no,343630,0.14041556325117133,long
ENSG00000047410,0.0001,0.2585,0.0,0.0,0.0647,0.5,0.0,0.5,False,False,0.0,0.0,0.5435,0.0,0.0,0.1902,0,1.182267100933436,0.0,0.0,no,TPR,neutral,no,222370,0.20981247470432163,long
ENSG00000047579,1.0,0.9944,0.15,0.0,0.6986,0.0,346.4301379063545,0.0,True,False,0.0,0.0,0.1473,0.0,0.0,0.0516,0,0.7436770208249068,0.0,0.0,no,DTNBP1,gene-driven,no,113540,0.25551347542716224,long
ENSG00000047621,0.0196,0.5279,0.0,0.0,0.1379,0.3238176055074771,0.868855374159466,0.5,False,False,0.0,0.0,0.0,0.0,0.0,0.0,0,0.0,0.0,0.0,no,C12orf4,neutral,no,62760,0.19166666666666668,medium
ENSG00000047662,0.0001,0.2585,0.0,0.0,0.0647,0.5,0.0,0.5,False,False,0.0,0.0,0.3816,0.0,0.0,0.1336,0,0.914643868969974,0.0,0.0,no,FAM184B,neutral,no,196920,0.1527828559821247,long
ENSG00000047936,0.0001,0.2585,0.0,0.0,0.0647,0.5,0.0,0.5,False,False,0.0,0.0,0.0,0.0,0.0,0.0,0,0.0,0.0,0.0,no,ROS1,neutral,no,179120,0.27620031263957123,long
ENSG00000048544,0.0001,0.2585,0.0,0.0,0.0647,0.5,0.0,0.5,False,False,0.0,0.0,0.2246,0.0,0.0,0.0786,0,0.7924596205885239,0.0,0.0,no,MRPS10,neutral,no,12290,0.22847843775427176,short
ENSG00000048545,0.141,0.6564,0.075,0.0,0.2814,0.0214961064481825,6.29347255034736,0.062527271036994,False,False,0.0,0.0,0.0,0.0,0.0,0.0,0,0.0,0.0,0.0,no,GUCA1A,neutral,no,19290,0.27786417833074134,short
ENSG00000048740,1.0,0.9739,0.15,0.0,0.6935,0.0,190.9697679054079,0.0,True,False,0.0,0.8761,0.0,0.0,0.0,0.3066,2,0.0,0.0,0.0,no,CELF2,gene-driven (dual),yes,252790,0.23334783812650817,long
ENSG00000049167,1.0,0.9262,0.15,0.0,0.6816,0.0,110.5208164764699,0.0,True,False,0.0,0.0,0.7391,0.0,0.0,0.2587,0,1.8715916154542205,0.0,0.0,no,ERCC8,gene-driven,no,113310,0.1058335539669932,long
ENSG00000049192,0.9731,0.809,0.15,0.0,0.6442,1.82495518696868e-10,43.46229656974901,9.545033753924515e-10,True,False,0.0,0.0,0.9155,0.1269,0.6982,0.4442,0,4.1706236326364925,0.047,265.1,yes,ADAMTS6,gene-driven (dual),no,99900,0.19546546546546548,long
ENSG00000049239,0.0001,0.2585,0.0,0.0,0.0647,0.5,0.0,0.5,False,False,0.0,0.0,0.8575,0.0,0.0,0.3001,0,2.795133001982221,0.0,0.0,no,H6PD,regulation-driven,no,119030,0.24893724271192136,long
ENSG00000049245,0.5454,0.7449,0.15,0.0,0.4998,2.568863048557635e-06,24.35779993996675,1.0061043152382423e-05,True,False,0.0,0.0,0.0676,0.0,0.0,0.0237,0,0.6759131290989728,0.0,0.0,no,VAMP3,gene-driven,no,10200,0.23294117647058823,short
ENSG00000049246,1.0,0.8245,0.15,0.0,0.6561,1.39478428806683e-11,48.6050962240115,7.937822710348298e-11,True,False,0.0,0.0,0.6401,0.0,0.0,0.224,0,1.4630898808031154,0.0,0.0,no,PER3,gene-driven,no,213810,0.12632711285720968,long
ENSG00000050130,0.7062,0.7682,0.15,0.0,0.5539,7.078665287263419e-08,31.54089638484584,3.051064223470386e-07,True,False,0.0,0.0,0.0,0.0,0.0,0.0,0,0.0,0.0,0.0,no,JKAMP,gene-driven,no,56330,0.1688443103142198,medium
ENSG00000050165,1.0,0.9009,0.15,0.0,0.6752,0.0,87.916148569504,0.0,True,False,0.0,0.0,0.0,0.0,0.0,0.0,0,0.0,0.0,0.0,no,DKK3,gene-driven,no,66950,0.24724421209858102,medium
ENSG00000050344,0.0043,0.4509,0.0,0.0,0.114,0.4550643180356831,0.1883386622721446,0.5,False,False,0.0,0.0,0.0,0.0,0.0,0.0,0,0.0,0.0,0.0,no,NFE2L3,neutral,no,69210,0.17711313394018205,medium
ENSG00000050426,1.0,0.97,0.15,0.0,0.6925,0.0,179.2031957027939,0.0,True,False,0.0,0.0,0.0,0.0,0.0,0.0,0,0.0,0.0,0.0,no,LETMD1,gene-driven,no,123870,0.16572212803745862,long
ENSG00000050438,1.0,0.9333,0.15,0.0,0.6833,0.0,115.7400713329116,0.0,True,False,0.0,0.0,0.0,0.0,0.0,0.0,0,0.0,0.0,0.0,no,SLC4A8,gene-driven,no,121220,0.31531925424847385,long
ENSG00000050555,0.0037,0.4461,0.0,0.0,0.1126,0.4615521419780913,0.16002613431192,0.5,False,False,0.0,0.0,0.0,0.0,0.0,0.0,0,0.0,0.0,0.0,no,LAMC3,neutral,no,113180,0.31775048595158156,long
ENSG00000050730,0.0495,0.5991,0.0,0.0,0.1646,0.1660442735473175,2.204707274810062,0.4139870760021841,False,False,0.0,0.0,0.0145,0.0,0.3609,0.0592,0,0.6211875717587383,0.0,44.6,yes,TNIP3,neutral,no,109620,0.13843276774311258,long
ENSG00000051009,0.0001,0.2585,0.0,0.0,0.0647,0.5,0.0,0.5,False,False,0.0,0.0,0.0,0.0,0.0,0.0,0,0.0,0.0,0.0,no,FHIP1B,neutral,no,224110,0.1570880371246263,long
ENSG00000051180,0.0001,0.2585,0.0,0.0,0.0647,0.5,0.0,0.5,False,False,0.0,0.0,0.0,0.0,0.0,0.0,0,0.0,0.0,0.0,no,RAD51,neutral,no,76990,0.181166385244837,medium
ENSG00000051596,0.0001,0.2585,0.0,0.0,0.0647,0.5,0.0,0.5,False,False,0.0,0.0,0.9372,0.0,0.5207,0.4061,0,5.441837926894328,0.0,125.6,yes,THOC3,regulation-driven,no,40360,0.23050049554013874,medium
ENSG00000052723,1.0,0.888,0.15,0.0,0.672,0.0,79.5042376641577,0.0,True,False,0.0,0.0,0.0,0.0,0.0,0.0,0,0.0,0.0,0.0,no,SIKE1,gene-driven,no,15570,0.21515735388567758,short
ENSG00000053108,0.0001,0.0796,0.0,0.0,0.0199,0.5,-0.0010020065092248,0.5,False,False,0.0,0.9527,0.5507,0.0,0.8639,0.6558,3,1.20167660958474,0.0,714.9,yes,FSTL4,regulation-driven,no,217260,0.1696078431372549,long
ENSG00000053328,0.0001,0.0937,0.0,0.0,0.0235,0.5,-0.0004332240196163,0.5,False,False,0.0,0.4076,0.0,0.0,0.0,0.1426,1,0.0,0.0,0.0,no,METTL24,neutral,no,19530,0.2815668202764977,short
ENSG00000053372,0.0001,0.0881,0.0,0.0,0.022,0.5,-0.0006084112665121,0.5,False,False,0.0,0.0,0.0459,0.0,0.0,0.0161,0,0.657846000433798,0.0,0.0,no,MRTO4,neutral,no,15060,0.27224435590969454,short
ENSG00000053770,0.0001,0.2585,0.0,0.0,0.0647,0.5,0.0,0.5,False,False,0.0,0.0,0.0,0.0,0.0,0.0,0,0.0,0.0,0.0,no,AP5M1,neutral,no,53920,0.16798961424332345,medium
ENSG00000053918,0.0222,0.534,0.0,0.0,0.1402,0.3050380747577407,0.988342988603108,0.5,False,False,0.0,0.4076,0.0,0.0,0.0,0.1426,1,0.0,0.0,0.0,no,KCNQ1,neutral,no,119340,0.22113289760348584,long
ENSG00000054116,0.8725,0.7907,0.15,0.0,0.6094,1.7233482418888e-09,38.97169919409134,8.226424333162083e-09,True,False,0.0,0.0,0.9686,0.0,0.0,0.339,0,7.737805771779389,0.0,0.0,no,TRAPPC3,gene-driven (dual),no,35020,0.2034266133637921,medium
ENSG00000054118,0.0001,0.0985,0.0,0.0,0.0247,0.5,-0.0003300248499726,0.5,False,False,0.0,0.0,0.5217,0.0,0.0,0.1826,0,1.1392949055893644,0.0,0.0,no,THRAP3,neutral,no,105630,0.21261005396194263,long
ENSG00000054179,0.0087,0.4719,0.0,0.0,0.1206,0.4130060049017528,0.3822919316844491,0.5,False,False,0.0,0.0,0.0,0.0,0.0,0.0,0,0.0,0.0,0.0,no,ENTPD2,neutral,no,37110,0.3508757747237941,medium
ENSG00000054965,0.0001,0.2585,0.0,0.0,0.0647,0.5,0.0,0.5,False,False,0.0,0.0,0.0,0.0,0.0,0.0,0,0.0,0.0,0.0,no,FAM168A,neutral,no,28660,0.31922540125610605,short
ENSG00000055044,0.1304,0.6526,0.075,0.0,0.2773,0.0272363035105125,5.820114654379722,0.0783535995727526,False,False,0.0,0.0,0.0,0.0,0.0,0.0,0,0.0,0.0,0.0,no,NOP58,neutral,no,49510,0.2054332458089275,medium
ENSG00000055118,0.0001,0.2585,0.0,0.0,0.0647,0.5,0.0,0.5,False,False,0.0,0.0,0.07,0.0,0.0,0.0245,0,0.6885817004422995,0.0,0.0,no,KCNH2,neutral,no,203000,0.2849162561576355,long
ENSG00000055211,0.0063,0.4624,0.0,0.0,0.1175,0.4355034064593312,0.2762109604045691,0.5,False,False,0.0,0.0,0.0604,0.0,0.0,0.0211,0,0.6695820414893789,0.0,0.0,no,GINM1,neutral,no,44560,0.16283662477558347,medium
ENSG00000055813,0.0001,0.2585,0.0,0.0,0.0647,0.5,0.0,0.5,False,False,0.0,0.4076,0.0,0.0,0.0,0.1426,1,0.0,0.0,0.0,no,CCDC85A,neutral,no,78820,0.21504694240040598,long
ENSG00000056050,0.0001,0.2585,0.0,0.0,0.0647,0.5,0.0,0.5,False,False,0.0,0.0,0.1449,0.0,0.0,0.0507,0,0.7413572017396266,0.0,0.0,no,HPF1,neutral,no,42910,0.12973665812164997,medium
ENSG00000056291,1.0,0.8526,0.15,0.0,0.6632,2.5479618415147343e-14,61.21554846574145,1.7266433514569872e-13,True,False,0.0,0.0,0.0,0.0,0.0,0.0,0,0.0,0.0,0.0,no,NPFFR2,gene-driven,no,76240,0.18136149003147953,medium
ENSG00000056736,0.2197,0.6805,0.15,0.0,0.386,0.0037080167204829,9.808221882962243,0.0115997957029447,True,False,0.0,0.0,0.0,0.0,0.0,0.0,0,0.0,0.0,0.0,no,IL17RB,gene-driven,no,57340,0.22685734216951517,medium
ENSG00000057252,0.5201,0.7386,0.15,0.0,0.4907,4.513898661240301e-06,23.23040429839602,1.725759565027614e-05,True,False,0.0,0.0,0.2705,0.0,0.6183,0.1874,0,0.8281519803924854,0.0,178.6,yes,SOAT1,gene-driven,no,67360,0.28640142517814726,medium
ENSG00000057294,1.0,0.8856,0.15,0.0,0.6714,0.0,78.06586276691814,0.0,True,False,0.0,0.0,0.0,0.0,0.0,0.0,0,0.0,0.0,0.0,no,PKP2,gene-driven,no,130740,0.18252256386721738,long
ENSG00000057468,0.0001,0.1126,0.0,0.0,0.0282,0.5,-2.398101059952751e-05,0.5,False,False,0.0,0.0,0.1618,0.0,0.0,0.0566,0,0.7542451667363895,0.0,0.0,no,MSH4,neutral,no,100480,0.14689490445859874,long
ENSG00000057593,0.0414,0.5873,0.0,0.0,0.1592,0.1987864211402782,1.84475422115429,0.4813844492462238,False,False,0.0,0.0,0.0,0.0,0.0,0.0,0,0.0,0.0,0.0,no,F7,neutral,no,42790,0.3574433278803459,medium
ENSG00000057663,1.0,0.9113,0.15,0.0,0.6778,0.0,97.03692637473068,0.0,True,False,0.0,0.4076,0.0,0.0,0.0,0.1426,1,0.0,0.0,0.0,no,ATG5,gene-driven,no,69030,0.21447196870925683,medium
ENSG00000057757,0.0463,0.5951,0.0,0.0,0.1627,0.1783535541619777,2.061680517408604,0.440263314343264,False,False,0.0,0.0,0.0,0.0,0.0,0.0,0,0.0,0.0,0.0,no,PITHD1,neutral,no,18870,0.19353471118177,short
ENSG00000058056,0.0026,0.4405,0.0,0.0,0.1109,0.4726678211754055,0.1124304749100702,0.5,False,False,0.0,0.0,0.9251,0.0,0.0,0.3238,0,4.859883769843866,0.0,0.0,no,USP13,regulation-driven,no,264140,0.1512152646323919,long
ENSG00000058063,0.0001,0.1043,0.0,0.0,0.0261,0.5,-0.0001688215270405,0.5,False,False,0.0,0.4076,0.3792,0.0,0.0,0.2754,1,0.912400002437888,0.0,0.0,no,ATP11B,neutral,no,180320,0.17035825199645074,long
ENSG00000058085,0.0001,0.2585,0.0,0.0,0.0647,0.5,0.0,0.5,False,False,0.0,0.0,0.5314,0.0,0.1746,0.2122,0,1.151289242670723,0.0,8.5,yes,LAMC2,neutral,no,149560,0.1798074351430864,long
ENSG00000058091,0.0931,0.6381,0.0,0.0,0.1874,0.062698074648879,4.152554717322346,0.1731594799020124,False,False,0.0,0.4076,0.7705,0.0,0.0,0.4123,1,2.0815837265271355,0.0,0.0,no,CDK14,regulation-driven,no,141850,0.18382093761015156,long
ENSG00000058262,1.0,0.8762,0.15,0.0,0.669,5.551115123125783e-17,72.90248693366448,4.453426874585104e-16,True,False,0.0,0.0,0.314,0.0,0.0,0.1099,0,0.8539403388004779,0.0,0.0,no,SEC61A1,gene-driven,no,133220,0.13802732322474104,long
ENSG00000058668,0.0002,0.4055,0.0,0.0,0.1014,0.4986934859544338,0.0052328960155136,0.5,False,False,0.0,0.0,0.5411,0.0,0.0,0.1894,0,1.1762217503037795,0.0,0.0,no,ATP2B4,neutral,no,292830,0.19968240958918143,long
ENSG00000058729,0.176,0.6687,0.15,0.0,0.37,0.0098415280623777,7.855994217148691,0.0296857250347281,True,False,0.0,0.0,0.43,0.0,0.0,0.1505,0,0.9809930952910146,0.0,0.0,no,RIOK2,gene-driven,no,68410,0.1588364274228914,medium
ENSG00000058804,0.0146,0.503,0.0,0.0,0.1301,0.3613678649278079,0.6494232849872787,0.5,False,False,0.0,0.0,0.0048,0.0,0.0,0.0017,0,0.6005039091093762,0.0,0.0,no,NDC1,neutral,no,95600,0.1399163179916318,long
ENSG00000058866,0.0001,0.2585,0.0,0.0,0.0647,0.5,0.0,0.5,False,False,0.0,0.4076,0.2295,0.0,0.9527,0.3659,1,0.7942555167070445,0.0,1684.0,yes,DGKG,regulation-driven,no,153580,0.3105742935278031,long
ENSG00000059377,1.0,0.9717,0.15,0.0,0.6929,0.0,182.4836715739875,0.0,True,False,0.0,0.0,0.942,0.0,0.9349,0.4699,0,6.133645867766768,0.0,1339.0,yes,TBXAS1,gene-driven (dual),no,117620,0.2828345519469478,long
ENSG00000059588,0.0001,0.2585,0.0,0.0,0.0647,0.5,0.0,0.5,False,False,0.0,0.0,0.128,0.0,0.0,0.0448,0,0.7325042402210258,0.0,0.0,no,TARBP1,neutral,no,244000,0.1340409836065574,long
ENSG00000059769,0.0014,0.4298,0.0,0.0,0.1079,0.48628548852644,0.0556244440704176,0.5,False,False,0.0,0.0,0.0,0.0,0.0,0.0,0,0.0,0.0,0.0,no,DNAJC25,neutral,no,38210,0.21460350693535724,medium
ENSG00000060339,1.0,0.9903,0.15,0.0,0.6976,0.0,293.1087282403023,0.0,True,False,0.0,0.0,0.0,0.0,0.0,0.0,0,0.0,0.0,0.0,no,CCAR1,gene-driven,no,254140,0.17357755567797278,long
ENSG00000060642,1.0,0.9433,0.15,0.0,0.6858,0.0,125.9625123834412,0.0,True,False,0.0,0.0,0.0,0.0,0.0,0.0,0,0.0,0.0,0.0,no,PIGV,gene-driven,no,226730,0.10155691791999294,long
ENSG00000060688,0.0536,0.6047,0.0,0.0,0.1673,0.1512519412071025,2.391322334093275,0.3824744054723578,False,False,0.0,0.0,0.57,0.0,0.0,0.1995,0,1.2402765963709796,0.0,0.0,no,SNRNP40,neutral,no,74310,0.12356345041044274,medium
ENSG00000060982,1.0,0.9479,0.15,0.0,0.687,0.0,131.8060653649736,0.0,True,False,0.0,0.0,0.0,0.0,0.0,0.0,0,0.0,0.0,0.0,no,BCAT1,gene-driven,no,104900,0.2806291706387035,long
ENSG00000061337,0.0001,0.0121,0.0,0.0,0.003,0.5,-0.0080333570695074,0.5,False,False,0.0,0.0,0.4348,0.0,0.7278,0.2613,0,0.9916375617360954,0.0,290.7,yes,LZTS1,neutral,no,54710,0.35925790531895446,medium
ENSG00000061492,0.1885,0.6721,0.15,0.0,0.3746,0.0074431536471199,8.4146269242774,0.0226851999024354,True,False,0.0,0.0,0.9952,0.0,0.0,0.3483,0,30.59442391643794,0.0,0.0,no,WNT8A,dual-driven,no,58950,0.17304495335029685,medium
ENSG00000061676,0.0001,0.112,0.0,0.0,0.028,0.5,-3.076429129578173e-05,0.5,False,False,0.0,0.0,0.0,0.0,0.0,0.0,0,0.0,0.0,0.0,no,NCKAP1,neutral,no,199680,0.2153145032051282,long
ENSG00000062194,0.7718,0.7782,0.15,0.0,0.5761,1.6361069665737922e-08,34.47042788677209,7.371373235269965e-08,True,False,0.0,0.0,0.0386,0.0,0.0,0.0135,0,0.6459398981469725,0.0,0.0,no,GPBP1,gene-driven,no,89060,0.2157758814282506,long
ENSG00000062524,0.0001,0.3957,0.0,0.0,0.0989,0.4999987800325801,4.879875632468611e-06,0.5,False,False,0.0,0.0,0.0,0.0,0.0,0.0,0,0.0,0.0,0.0,no,LTK,neutral,no,108540,0.38662244333886125,long
ENSG00000063660,1.0,0.9781,0.15,0.0,0.6945,0.0,204.3784740260417,0.0,True,False,0.0,0.0,0.0,0.0,0.0,0.0,0,0.0,0.0,0.0,no,GPC1,gene-driven,no,76470,0.3093500719236302,medium
ENSG00000064199,0.0001,0.2585,0.0,0.0,0.0647,0.5,0.0,0.5,False,False,0.0,0.4076,0.0,0.0,0.0,0.1426,1,0.0,0.0,0.0,no,SPA17,neutral,no,20630,0.13868153174987882,short
ENSG00000064201,0.7568,0.7766,0.15,0.0,0.5712,2.2876566141416532e-08,33.80001116683707,1.0232737408939373e-07,True,False,0.0,0.0,0.0,0.0,0.0,0.0,0,0.0,0.0,0.0,no,TSPAN32,gene-driven,no,92950,0.21328671328671328,long
ENSG00000064218,0.0001,0.2585,0.0,0.0,0.0647,0.5,0.0,0.5,False,False,0.0,0.0,0.0,0.0,0.0,0.0,0,0.0,0.0,0.0,no,DMRT3,neutral,no,83460,0.15265995686556436,long
ENSG00000064393,0.0001,0.2585,0.0,0.0,0.0647,0.5,0.0,0.5,False,False,0.0,0.0,0.0628,0.0149,0.8757,0.1556,0,0.6724292827160733,0.002,750.3,yes,HIPK2,neutral,no,218870,0.2510577054872756,long
ENSG00000064419,0.8555,0.7893,0.15,0.0,0.604,2.522205388988397e-09,38.20996997808106,1.1959437182867766e-08,True,False,0.0,0.0,0.5097,0.0,0.0,0.1784,0,1.1247327922216652,0.0,0.0,no,TNPO3,gene-driven,no,165580,0.24317550428795748,long
ENSG00000064651,0.282,0.6962,0.15,0.0,0.4087,0.0009209894944886,12.59382949580322,0.0030297630592503,True,False,0.0,0.0,0.1715,0.0896,0.8994,0.2084,0,0.7600184116815313,0.04,922.1,yes,SLC12A2,gene-driven,no,209940,0.24185957892731255,long
ENSG00000064703,0.0001,0.2585,0.0,0.0,0.0647,0.5,0.0,0.5,False,False,0.0,0.0,0.0,0.0,0.0,0.0,0,0.0,0.0,0.0,no,DDX20,neutral,no,187240,0.1566225165562914,long
ENSG00000064763,1.0,0.9851,0.15,0.0,0.6963,0.0,238.4337717488743,0.0,True,False,0.0,0.0,0.0,0.0,0.0,0.0,0,0.0,0.0,0.0,no,FAR2,gene-driven,no,139660,0.11074752971502219,long
ENSG00000064886,1.0,0.8874,0.15,0.0,0.6719,0.0,79.03907215088839,0.0,True,False,0.0,0.0,0.7174,0.9104,0.0888,0.401,0,1.7884934434801916,0.366,5.1,yes,CHI3L2,gene-driven (dual),no,98860,0.16627554116933035,long
ENSG00000064995,0.8792,0.7923,0.15,0.0,0.6118,1.4866037290062201e-09,39.26724905732044,7.151225288275568e-09,True,False,0.0,0.0,0.756,0.0,0.0,0.2646,0,2.021711122531209,0.0,0.0,no,TAF11,gene-driven,no,26650,0.2153846153846154,short
ENSG00000064999,1.0,0.9121,0.15,0.0,0.678,0.0,97.73417998338118,0.0,True,False,0.0,0.4076,0.0,0.0,0.0,0.1426,1,0.0,0.0,0.0,no,ANKS1A,gene-driven,no,206710,0.2318562236950317,long
ENSG00000065060,0.0001,0.2585,0.0,0.0,0.0647,0.5,0.0,0.5,False,False,0.0,0.0,0.0,0.0,0.0,0.0,0,0.0,0.0,0.0,no,BLTP3A,neutral,no,177810,0.28629998312805804,long
ENSG00000065135,0.0001,0.0099,0.0,0.0,0.0025,0.5,-0.0085309736714407,0.5,False,False,0.0,0.0,0.0,0.0,0.0,0.0,0,0.0,0.0,0.0,no,GNAI3,neutral,no,28540,0.1874562018220042,short
ENSG00000065154,0.0001,0.2585,0.0,0.0,0.0647,0.5,0.0,0.5,False,False,0.0,0.0,0.0,0.0,0.0,0.0,0,0.0,0.0,0.0,no,OAT,neutral,no,67120,0.13078069129916567,medium
ENSG00000065243,0.4902,0.7346,0.15,0.0,0.4807,8.820207634152588e-06,21.89063593285391,3.321098620157076e-05,True,False,0.0,0.0,0.0483,0.0,0.0,0.0169,0,0.6600482617738508,0.0,0.0,no,PKN2,gene-driven,no,246630,0.1557353120058387,long
ENSG00000065308,0.0001,0.0993,0.0,0.0,0.0249,0.5,-0.0003029888939636,0.5,False,False,0.0,0.0,0.0,0.0,0.0,0.0,0,0.0,0.0,0.0,no,TRAM2,neutral,no,38600,0.30085492227979277,medium
ENSG00000065357,1.0,0.9926,0.15,0.0,0.6981,0.0,322.3071157746308,0.0,True,False,0.0,0.0,0.0,0.0,0.0,0.0,0,0.0,0.0,0.0,no,DGKA,gene-driven,no,198210,0.17744311588719036,long
ENSG00000065491,0.0001,0.2585,0.0,0.0,0.0647,0.5,0.0,0.5,False,False,0.0,0.0,0.0,0.0,0.0,0.0,0,0.0,0.0,0.0,no,TBC1D22B,neutral,no,49960,0.2839671737389912,medium
ENSG00000065518,0.0001,0.2585,0.0,0.0,0.0647,0.5,0.0,0.5,False,False,0.0,0.4076,0.0,0.0,0.0,0.1426,1,0.0,0.0,0.0,no,NDUFB4,neutral,no,16390,0.20323367907260526,short
ENSG00000065548,0.0234,0.5386,0.0,0.0,0.1417,0.2968967752113137,1.04244715641471,0.5,False,False,0.0,0.4076,0.0,0.0,0.0,0.1426,1,0.0,0.0,0.0,no,ZC3H15,neutral,no,33400,0.26176646706586826,medium
ENSG00000065600,0.0004,0.4121,0.0,0.0,0.1032,0.4965173405264,0.013979380029923,0.5,False,False,0.0,0.0,0.6643,0.2463,0.5148,0.3466,0,1.5531301588611477,0.109,119.8,yes,PACC1,regulation-driven,no,50300,0.23970178926441352,medium
ENSG00000065615,0.0001,0.2585,0.0,0.0,0.0647,0.5,0.0,0.5,False,False,0.0,0.0,0.0072,0.0,0.0,0.0025,0,0.6199993518612376,0.0,0.0,no,CYB5R4,neutral,no,139770,0.11882378192745224,long
ENSG00000065621,0.0001,0.2585,0.0,0.0,0.0647,0.5,0.0,0.5,False,False,0.0,0.0,0.0,0.0,0.0,0.0,0,0.0,0.0,0.0,no,GSTO2,neutral,no,23500,0.2686808510638298,short
ENSG00000065675,0.0001,0.0961,0.0,0.0,0.0241,0.5,-0.0003815402742475,0.5,False,False,0.0,0.0,0.0,0.0,0.0,0.0,0,0.0,0.0,0.0,no,PRKCQ,neutral,no,136820,0.25473614968571845,long
ENSG00000065802,0.9981,0.8128,0.15,0.0,0.6526,1.0432515962222059e-10,44.58072314538003,5.567739742070012e-10,True,False,0.0,0.0,0.0,0.0,0.0,0.0,0,0.0,0.0,0.0,no,ASB1,gene-driven,no,53840,0.300074294205052,medium
ENSG00000065833,0.0001,0.0987,0.0,0.0,0.0247,0.5,-0.0003135200204269,0.5,False,False,0.0,0.0,0.2681,0.0,0.0,0.0938,0,0.8198762086707941,0.0,0.0,no,ME1,neutral,no,44430,0.22871933378347964,medium
ENSG00000065970,0.0001,0.2585,0.0,0.0,0.0647,0.5,0.0,0.5,False,False,0.0,0.0,0.0,0.0,0.0,0.0,0,0.0,0.0,0.0,no,FOXJ2,neutral,no,77520,0.23728070175438595,medium
ENSG00000066027,0.0001,0.2585,0.0,0.0,0.0647,0.5,0.0,0.5,False,False,0.0,0.0,0.2657,0.0,0.0,0.093,0,0.8162268695122579,0.0,0.0,no,PPP2R5A,neutral,no,101430,0.175628512274475,long
ENSG00000066056,0.0001,0.2585,0.0,0.0,0.0647,0.5,0.0,0.5,False,False,0.0,0.0,0.3116,0.0,0.6864,0.212,0,0.8535860968419455,0.0,263.3,yes,TIE1,neutral,no,110980,0.2911515588394305,long
ENSG00000066185,1.0,0.8404,0.15,0.0,0.6601,5.376810108259633e-13,55.11682769079562,3.3640570413186684e-12,True,False,0.0,0.0,0.0121,0.0,0.3195,0.0522,0,0.6211734329227997,0.0,35.8,yes,ZMYND12,gene-driven,no,30310,0.24315407456285054,short
ENSG00000066294,0.0001,0.0973,0.0,0.0,0.0244,0.5,-0.0003467928800091,0.5,False,False,0.0,0.0,0.0,0.0,0.0,0.0,0,0.0,0.0,0.0,no,CD84,neutral,no,48640,0.2584703947368421,medium
ENSG00000066336,0.5527,0.7455,0.15,0.0,0.5022,2.182756522861595e-06,24.68354967874257,8.56908519709043e-06,True,False,0.0,0.0,0.0,0.0,0.0,0.0,0,0.0,0.0,0.0,no,SPI1,gene-driven,no,42590,0.21164592627377318,medium
ENSG00000066379,0.0001,0.0195,0.0,0.0,0.0049,0.5,-0.006938568917576,0.5,False,False,0.0,0.0,0.0,0.0,0.0,0.0,0,0.0,0.0,0.0,no,POLR1H,neutral,no,17090,0.18613224107665302,short
ENSG00000066405,0.0001,0.2585,0.0,0.0,0.0647,0.5,0.0,0.5,False,False,0.0,0.0,0.8961,0.0,0.2189,0.3465,0,3.411198527864606,0.0,12.9,yes,CLDN18,regulation-driven,no,20700,0.41357487922705316,short
ENSG00000066422,0.0639,0.6172,0.0,0.0,0.1735,0.1201669343914052,2.851452404516749,0.3137587042849604,False,False,0.0,0.0,0.5942,0.0,0.0,0.208,0,1.327820648003619,0.0,0.0,no,ZBTB11,neutral,no,167770,0.14686177504917447,long
ENSG00000066855,1.0,0.8619,0.15,0.0,0.6655,2.775557561562891e-15,65.62975916491268,2.0066312952345668e-14,True,False,0.0,0.0,0.0,0.0,0.0,0.0,0,0.0,0.0,0.0,no,MTFR1,gene-driven,no,73010,0.1946034789754828,medium
ENSG00000067082,0.2595,0.6902,0.15,0.0,0.4004,0.0015219919599345,11.5891762432293,0.004909460446637,True,False,0.0,0.0,0.0,0.0,0.0,0.0,0,0.0,0.0,0.0,no,KLF6,gene-driven,no,47940,0.2188360450563204,medium
ENSG00000067113,1.0,0.9063,0.15,0.0,0.6766,0.0,92.92914443874906,0.0,True,False,0.0,0.4076,0.3285,0.0,0.929,0.397,1,0.8668205466904183,0.0,1275.2,yes,PLPP1,gene-driven (dual),no,105340,0.12054300360736663,long
ENSG00000067221,1.0,0.8727,0.15,0.0,0.6682,1.665334536937735e-16,71.4117289425194,1.2963026583299364e-15,True,False,0.0,0.0,0.0,0.0,0.0,0.0,0,0.0,0.0,0.0,no,STOML1,gene-driven,no,79220,0.3312926028780611,long
ENSG00000067334,0.0001,0.2585,0.0,0.0,0.0647,0.5,0.0,0.5,False,False,0.0,0.0,0.0,0.0,0.0,0.0,0,0.0,0.0,0.0,no,DNTTIP2,neutral,no,67830,0.19197994987468672,medium
ENSG00000067533,0.0312,0.5649,0.0,0.0,0.1506,0.2497993553217369,1.387900162919323,0.5,False,False,0.0,0.4076,0.1908,0.0,0.0,0.2094,1,0.7708603593785147,0.0,0.0,no,RRP15,neutral,no,18780,0.21592119275825347,short
ENSG00000067704,0.0001,0.2585,0.0,0.0,0.0647,0.5,0.0,0.5,False,False,0.0,0.0,0.1522,0.0,0.0,0.0533,0,0.7461093342644293,0.0,0.0,no,IARS2,neutral,no,61870,0.2401971876515274,medium
ENSG00000068028,0.0482,0.5971,0.0,0.0,0.1637,0.1706170616764542,2.150372916876222,0.4232664662237821,False,False,0.0,0.0,0.8188,0.0,0.5976,0.3762,0,2.3739907084485363,0.0,158.3,yes,RASSF1,regulation-driven,no,53520,0.2279708520179372,medium
ENSG00000068650,0.0001,0.2585,0.0,0.0,0.0647,0.5,0.0,0.5,False,False,0.0,0.0,0.0,0.0,0.0,0.0,0,0.0,0.0,0.0,no,,neutral,no,366560,0.2028781099956351,long
ENSG00000068654,0.0001,0.0117,0.0,0.0,0.0029,0.5,-0.0080752125650178,0.5,False,False,0.0,0.0,0.0,0.0,0.0,0.0,0,0.0,0.0,0.0,no,POLR1A,neutral,no,247890,0.17054742022671346,long
ENSG00000068697,0.0001,0.2585,0.0,0.0,0.0647,0.5,0.0,0.5,False,False,0.0,0.0,0.1111,0.0,0.6331,0.1339,0,0.7172818276036945,0.0,181.5,yes,LAPTM4A,neutral,no,18460,0.20265438786565548,short
ENSG00000068745,1.0,0.9982,0.15,0.0,0.6995,0.0,453.7007583129598,0.0,True,False,0.0,0.0,0.9879,0.0,0.0,0.3458,0,10.56018945741772,0.0,0.0,no,IP6K2,gene-driven (dual),no,148350,0.1921402089652848,long
ENSG00000068784,0.0001,0.2585,0.0,0.0,0.0647,0.5,0.0,0.5,False,False,0.0,0.0,0.6932,0.0,0.0,0.2426,0,1.6624993134784478,0.0,0.0,no,SRBD1,neutral,no,74540,0.2186074590823719,medium
ENSG00000068831,0.05,0.5995,0.0,0.0,0.1649,0.1641388921360174,2.227790251286933,0.4096471899069496,False,False,0.0,0.0,0.0,0.0,0.0,0.0,0,0.0,0.0,0.0,no,RASGRP2,neutral,no,147610,0.17506266513108867,long
ENSG00000068912,1.0,0.8963,0.15,0.0,0.6741,0.0,85.05158654932166,0.0,True,False,0.0,0.0,0.0,0.0,0.0,0.0,0,0.0,0.0,0.0,no,,gene-driven,no,302150,0.10587456561310607,long
ENSG00000068976,0.0001,0.2585,0.0,0.0,0.0647,0.5,0.0,0.5,False,False,0.0,0.0,0.0,0.0,0.0,0.0,0,0.0,0.0,0.0,no,PYGM,neutral,no,196800,0.18698170731707317,long
ENSG00000069206,0.0173,0.5205,0.0,0.0,0.1353,0.3406038697932379,0.7677759370781132,0.5,False,False,0.0,0.0,0.9469,0.4925,0.2485,0.4426,0,6.390839695804344,0.178,16.6,yes,ADAM7,regulation-driven,no,122100,0.2082964782964783,long
ENSG00000069275,0.0001,0.2585,0.0,0.0,0.0647,0.5,0.0,0.5,False,False,0.0,0.0,0.2778,0.0,0.0,0.0972,0,0.8316244608085875,0.0,0.0,no,NUCKS1,neutral,no,16310,0.2237277743715512,short
ENSG00000069482,0.0172,0.5201,0.0,0.0,0.1352,0.3410877334118287,0.764936742946702,0.5,False,False,0.0,0.0,0.0,0.0,0.0,0.0,0,0.0,0.0,0.0,no,GAL,neutral,no,11230,0.26277827248441676,short
ENSG00000069667,1.0,0.9735,0.15,0.0,0.6934,0.0,190.5511910203932,0.0,True,False,0.0,0.0,0.0,0.0,0.0,0.0,0,0.0,0.0,0.0,no,RORA,gene-driven,no,112100,0.2404549509366637,long
ENSG00000069869,1.0,0.844,0.15,0.0,0.661,2.197131365733185e-13,56.90641620068345,1.4065033993766878e-12,True,False,0.0,0.4076,0.0,0.0,0.0,0.1426,1,0.0,0.0,0.0,no,,gene-driven,no,384670,0.1512621207788494,long
ENSG00000069956,1.0,0.8283,0.15,0.0,0.6571,7.793710121717368e-12,49.76911163594923,4.5294379228597095e-11,True,False,0.0,0.0,0.0,0.0,0.0,0.0,0,0.0,0.0,0.0,no,MAPK6,gene-driven,no,142200,0.11709563994374121,long
ENSG00000069966,0.0001,0.2585,0.0,0.0,0.0647,0.5,0.0,0.5,False,False,0.0,0.0,0.0,0.0,0.0,0.0,0,0.0,0.0,0.0,no,GNB5,neutral,no,66930,0.2985955475870312,medium
ENSG00000070019,0.0221,0.5338,0.0,0.0,0.1401,0.3056874606401971,0.9840897776957718,0.5,False,False,0.0,0.0,0.0,0.0,0.0,0.0,0,0.0,0.0,0.0,no,GUCY2C,neutral,no,112190,0.1764774044032445,long
ENSG00000070047,0.1994,0.6747,0.15,0.0,0.3785,0.0058381693954833,8.900381620900589,0.017936414189706,True,False,0.0,0.0,0.0,0.0,0.0,0.0,0,0.0,0.0,0.0,no,,gene-driven,no,343970,0.16538070180539,long
ENSG00000070087,1.0,0.8559,0.15,0.0,0.664,1.521005543736464e-14,62.24797449381367,1.0522227502844469e-13,True,False,0.0,0.0,0.0,0.0,0.0,0.0,0,0.0,0.0,0.0,no,PFN2,gene-driven,no,54680,0.17723116313094367,medium
ENSG00000070159,0.0064,0.463,0.0,0.0,0.1177,0.4343898188386777,0.2813315347302705,0.5,False,False,0.0,0.0,0.0,0.0,0.0,0.0,0,0.0,0.0,0.0,no,PTPN3,neutral,no,227370,0.2100409024937327,long
ENSG00000070190,0.0001,0.2585,0.0,0.0,0.0647,0.5,0.0,0.5,False,False,0.0,0.0,0.2899,0.5672,0.4201,0.2495,0,0.8354700656435028,0.21,62.0,yes,DAPP1,neutral,no,41290,0.20060547348026156,medium
ENSG00000070193,1.0,0.9194,0.15,0.0,0.6798,0.0,104.5572818544092,0.0,True,False,0.0,0.0,0.0,0.0,0.0,0.0,0,0.0,0.0,0.0,no,FGF10,gene-driven,no,9400,0.32978723404255317,short
ENSG00000070269,0.422,0.7216,0.15,0.0,0.457,4.041000655718996e-05,18.8465718722,0.0001450211923632,True,False,0.0,0.0,0.0,0.0,0.0,0.0,0,0.0,0.0,0.0,no,TMEM260,gene-driven,no,102650,0.21825621042377008,long
ENSG00000070367,0.1535,0.661,0.15,0.0,0.3613,0.0162589039803513,6.851934805017663,0.0479382266735433,True,False,0.0,0.0,0.0,0.0,0.0,0.0,0,0.0,0.0,0.0,no,EXOC5,gene-driven,no,139020,0.16081858725363257,long
ENSG00000070610,0.0001,0.0758,0.0,0.0,0.019,0.5,-0.0012086838687537,0.5,False,False,0.0,0.0,0.0,0.0,0.0,0.0,0,0.0,0.0,0.0,no,GBA2,neutral,no,129910,0.23143714879531985,long
ENSG00000070748,1.0,0.8492,0.15,0.0,0.6623,5.0459636469213365e-14,59.84988812905794,3.342027054565476e-13,True,False,0.0,0.0,0.0,0.0,0.0,0.0,0,0.0,0.0,0.0,no,CHAT,gene-driven,no,124360,0.20565294306851079,long
ENSG00000070756,0.7126,0.7694,0.15,0.0,0.5561,6.13722875852929e-08,31.82632053154521,2.659109394157203e-07,True,False,0.0,0.0,0.0,0.0,0.0,0.0,0,0.0,0.0,0.0,no,,gene-driven,no,393850,0.08192459058017011,long
ENSG00000070759,0.0017,0.4341,0.0,0.0,0.109,0.4827038936348634,0.0704093788408499,0.5,False,False,0.0,0.0,0.0,0.0,0.0,0.0,0,0.0,0.0,0.0,no,TESK2,neutral,no,73750,0.22686101694915253,medium
ENSG00000070886,1.0,0.9125,0.15,0.0,0.6781,0.0,97.86824998927476,0.0,True,False,0.0,0.0,0.0,0.0,0.0,0.0,0,0.0,0.0,0.0,no,EPHA8,gene-driven,no,113050,0.2967448031844317,long
ENSG00000070985,0.5331,0.7413,0.15,0.0,0.4952,3.381441540273311e-06,23.80812253536715,1.305845514077597e-05,True,False,0.0,0.0,0.0,0.0,0.0,0.0,0,0.0,0.0,0.0,no,TRPM5,gene-driven,no,145920,0.22582236842105263,long
ENSG00000071073,0.0062,0.4616,0.0,0.0,0.1173,0.4365759477534005,0.271291491415468,0.5,False,False,0.0,0.0,0.0,0.0,0.0,0.0,0,0.0,0.0,0.0,no,MGAT4A,neutral,no,57861,0.17167003681236065,medium
ENSG00000071189,0.0559,0.6082,0.0,0.0,0.1688,0.1437061611917401,2.49367486150004,0.366561254239854,False,False,0.0,0.0,0.0,0.0,0.0,0.0,0,0.0,0.0,0.0,no,,neutral,no,343010,0.13568117547593364,long
ENSG00000071243,0.9581,0.8062,0.15,0.0,0.639,2.549351840741565e-10,42.79372923914343,1.3140389695179838e-09,True,False,0.0,0.0,0.2319,0.0,0.0,0.0812,0,0.7973898508047645,0.0,0.0,no,ING3,gene-driven,no,48910,0.1842772439173993,medium
ENSG00000071246,0.2964,0.699,0.15,0.0,0.4137,0.000668310771169,13.23522017160576,0.0022190772869125,True,False,0.0,0.0,0.0,0.0,0.0,0.0,0,0.0,0.0,0.0,no,VASH1,gene-driven,no,44730,0.212161860049184,medium
ENSG00000071462,0.9896,0.8122,0.15,0.0,0.6499,1.261405424557438e-10,44.20095484359626,6.710407039303419e-10,True,False,0.0,0.0,0.1063,0.0,0.0,0.0372,0,0.7161271158409057,0.0,0.0,no,BUD23,gene-driven,no,29980,0.3027351567711808,short
ENSG00000071537,0.6681,0.7628,0.15,0.0,0.5411,1.656939639382848e-07,29.83995232068992,6.978507846139108e-07,True,False,0.0,0.0,0.0,0.0,0.0,0.0,0,0.0,0.0,0.0,no,SEL1L,gene-driven,no,114090,0.2188710667017267,long
ENSG00000071575,0.0035,0.4457,0.0,0.0,0.1125,0.463270177693874,0.1525953547752579,0.5,False,False,0.0,0.0,0.5072,0.5522,0.6627,0.3598,0,1.122671731429417,0.196,224.2,yes,TRIB2,regulation-driven,no,58040,0.21309441764300482,medium
ENSG00000071677,0.0001,0.0768,0.0,0.0,0.0192,0.5,-0.001117305084108,0.5,False,False,0.0,0.0,0.0,0.0,0.0,0.0,0,0.0,0.0,0.0,no,PRLH,neutral,no,2610,0.6651340996168582,short
ENSG00000072042,0.0001,0.2585,0.0,0.0,0.0647,0.5,0.0,0.5,False,False,0.0,0.0,0.0,0.0,0.0,0.0,0,0.0,0.0,0.0,no,RDH11,neutral,no,54990,0.22627750500090926,medium
ENSG00000072080,0.008,0.469,0.0,0.0,0.1196,0.4196273019181631,0.3504823149432923,0.5,False,False,0.0,0.0,0.0,0.0,0.0,0.0,0,0.0,0.0,0.0,no,SPP2,neutral,no,19070,0.2616151022548506,short
ENSG00000072134,1.0,0.9988,0.15,0.0,0.6997,0.0,546.3841927307512,0.0,True,False,0.0,0.0,0.0,0.0,0.0,0.0,0,0.0,0.0,0.0,no,EPN2,gene-driven,no,154998,0.21978993277332612,long
ENSG00000072182,0.0076,0.4682,0.0,0.0,0.1193,0.4228445241188333,0.3352070844121045,0.5,False,False,0.0,0.0,0.0,0.0,0.0,0.0,0,0.0,0.0,0.0,no,ASIC4,neutral,no,121370,0.20796737249732225,long
ENSG00000072401,0.0001,0.1021,0.0,0.0,0.0256,0.5,-0.0002387914246355,0.5,False,False,0.0,0.0,0.0,0.0,0.0,0.0,0,0.0,0.0,0.0,no,UBE2D1,neutral,no,22790,0.16805616498464238,short
ENSG00000072415,0.0001,0.1086,0.0,0.0,0.0272,0.5,-8.029916352825239e-05,0.5,False,False,0.0,0.0,0.0,0.0,0.0,0.0,0,0.0,0.0,0.0,no,PALS1,neutral,no,131300,0.0990936785986291,long
ENSG00000072422,0.003,0.4435,0.0,0.0,0.1118,0.4682350772593444,0.1312752535523032,0.5,False,False,0.0,0.0,0.0,0.0,0.0,0.0,0,0.0,0.0,0.0,no,RHOBTB1,neutral,no,112950,0.186755201416556,long
ENSG00000072571,1.0,0.8705,0.15,0.0,0.6676,2.775557561562891e-16,70.18602742600342,2.1370933918287645e-15,True,False,0.0,0.0,0.0362,0.0,0.0,0.0127,0,0.6456304530537073,0.0,0.0,no,HMMR,gene-driven,no,98590,0.19066842478953241,long
ENSG00000072609,1.0,0.8241,0.15,0.0,0.656,1.444538932915407e-11,48.53499824636674,8.202210790321044e-11,True,False,0.0,0.0,0.0,0.0,0.0,0.0,0,0.0,0.0,0.0,no,CHFR,gene-driven,no,119440,0.2750502344273275,long
ENSG00000072832,0.0364,0.5786,0.0,0.0,0.1556,0.2224465232701421,1.619842740983586,0.5,False,False,0.0,0.0,0.4614,0.0,0.0,0.1615,0,1.0335428650781502,0.0,0.0,no,CRMP1,neutral,no,153430,0.25719872254448284,long
ENSG00000072840,0.8595,0.7903,0.15,0.0,0.6054,2.304450297252458e-09,38.39055296762672,1.0979248830013149e-08,True,False,0.0,0.0,0.1401,0.3582,0.3432,0.1542,0,0.7401381717631694,0.131,41.7,yes,EVC,gene-driven,no,122680,0.22074502771437887,long
ENSG00000072858,0.001,0.4254,0.0,0.0,0.1067,0.489762387014233,0.0413754987821448,0.5,False,False,0.0,0.0,0.3502,0.0,0.0,0.1226,0,0.8876173258651076,0.0,0.0,no,SIDT1,neutral,no,142460,0.19890495577706022,long
ENSG00000073060,1.0,0.8454,0.15,0.0,0.6613,1.7424950371491832e-13,57.37025717194047,1.1256065343870178e-12,True,False,0.0,0.0,0.0,0.0,0.0,0.0,0,0.0,0.0,0.0,no,SCARB1,gene-driven,no,169680,0.21631895332390383,long
ENSG00000073067,0.0125,0.4871,0.0,0.0,0.1255,0.3792602571498531,0.5527708693261957,0.5,False,False,0.0,0.0,0.1014,0.0,0.0,0.0355,0,0.7127598819420281,0.0,0.0,no,CYP2W1,neutral,no,64300,0.2316796267496112,medium
ENSG00000073598,0.0843,0.6311,0.0,0.0,0.183,0.0763406603826722,3.758804800616417,0.2068183250236447,False,False,0.0,0.0,0.0,0.0,0.0,0.0,0,0.0,0.0,0.0,no,FNDC8,neutral,no,10494,0.44892319420621307,short
ENSG00000073734,1.0,0.8983,0.15,0.0,0.6746,0.0,86.26150764957129,0.0,True,False,0.0,0.0,0.0,0.0,0.0,0.0,0,0.0,0.0,0.0,no,ABCB11,gene-driven,no,118580,0.2574548827795581,long
ENSG00000073737,0.0001,0.2585,0.0,0.0,0.0647,0.5,0.0,0.5,False,False,0.0,0.0,0.0,0.0,0.0,0.0,0,0.0,0.0,0.0,no,DHRS9,neutral,no,85540,0.1330839373392565,long
ENSG00000073754,0.0001,0.2585,0.0,0.0,0.0647,0.5,0.0,0.5,False,False,0.0,0.0,0.0,0.0,0.0,0.0,0,0.0,0.0,0.0,no,CD5L,neutral,no,23400,0.3252564102564103,short
ENSG00000073756,0.004,0.4489,0.0,0.0,0.1134,0.457918127739684,0.1758353813529538,0.5,False,False,0.0,0.0,0.7778,0.0,0.4911,0.3459,0,2.0994768337132887,0.0,100.5,yes,PTGS2,regulation-driven,no,46880,0.19878412969283277,medium
ENSG00000073792,0.0001,0.2585,0.0,0.0,0.0647,0.5,0.0,0.5,False,False,0.0,0.0,0.7609,0.2239,0.503,0.3753,0,2.0291286739966417,0.105,109.8,yes,IGF2BP2,regulation-driven,no,122280,0.2450278050376186,long
ENSG00000074071,1.0,0.9021,0.15,0.0,0.6755,0.0,88.77156877356447,0.0,True,False,0.0,0.0,0.0,0.0,0.0,0.0,0,0.0,0.0,0.0,no,MRPS34,gene-driven,no,12708,0.34781240163676425,short
ENSG00000074211,1.0,0.8834,0.15,0.0,0.6708,0.0,76.81920208257361,0.0,True,False,0.0,0.0,0.5024,0.0,0.0,0.1758,0,1.107096243862651,0.0,0.0,no,PPP2R2C,gene-driven,no,134930,0.28934262210034833,long
ENSG00000074276,1.0,0.8297,0.15,0.0,0.6574,5.786982004707397e-12,50.36452458068379,3.394392510780023e-11,True,False,0.0,0.0,0.6618,0.0,0.0,0.2316,0,1.545564083177179,0.0,0.0,no,CDHR2,gene-driven,no,148650,0.23936764211234443,long
ENSG00000074317,0.8138,0.7829,0.15,0.0,0.5898,6.405216301796912e-09,36.34601190503963,2.9472290365529922e-08,True,False,0.0,0.0,0.6425,0.0,0.0,0.2249,0,1.495828929178997,0.0,0.0,no,SNCB,gene-driven,no,20060,0.24990029910269193,short
ENSG00000074410,0.0001,0.2585,0.0,0.0,0.0647,0.5,0.0,0.5,False,False,0.0,0.0,0.0,0.0,0.0,0.0,0,0.0,0.0,0.0,no,CA12,neutral,no,70690,0.2967463573348423,medium
ENSG00000074416,0.0001,0.2585,0.0,0.0,0.0647,0.5,0.0,0.5,False,False,0.0,0.0,0.8986,0.0,0.8935,0.4485,0,3.412630507680971,0.0,861.6,yes,MGLL,regulation-driven,no,91420,0.2412491796105885,long
ENSG00000074771,0.006,0.4606,0.0,0.0,0.117,0.4379229882207858,0.2651300589550374,0.5,False,False,0.0,0.4076,0.5773,0.0,0.1893,0.3731,1,1.2575484255179203,0.0,9.4,yes,NOX3,regulation-driven,no,20410,0.41847133757961785,short
ENSG00000074935,0.0001,0.3961,0.0,0.0,0.099,0.4999928460522569,2.861599568859674e-05,0.5,False,False,0.0,0.0,0.3961,0.0,0.0,0.1386,0,0.9332085728289444,0.0,0.0,no,TUBE1,neutral,no,66450,0.18341610233258088,medium
ENSG00000075073,0.0013,0.4294,0.0,0.0,0.1078,0.4866366766265576,0.0541805953107541,0.5,False,False,0.0,0.0,0.0,0.0,0.0,0.0,0,0.0,0.0,0.0,no,TACR2,neutral,no,41180,0.24130645944633317,medium
ENSG00000075142,0.0006,0.4172,0.0,0.0,0.1045,0.4946982136098012,0.0213203825042001,0.5,False,False,0.0,0.0,0.2995,0.0,0.0,0.1048,0,0.8429203243780233,0.0,0.0,no,SRI,neutral,no,50970,0.21275259956837356,medium
ENSG00000075188,0.0001,0.2585,0.0,0.0,0.0647,0.5,0.0,0.5,False,False,0.0,0.0,0.0,0.0,0.0,0.0,0,0.0,0.0,0.0,no,NUP37,neutral,no,33830,0.18519065917824415,medium
ENSG00000075290,0.0162,0.5133,0.0,0.0,0.1332,0.3489544321670277,0.7193335031570314,0.5,False,False,0.0,0.0,0.0,0.0,0.0,0.0,0,0.0,0.0,0.0,no,WNT8B,neutral,no,21310,0.3625527921163773,short
ENSG00000075303,0.3281,0.7057,0.15,0.0,0.4249,0.0003289922133789,14.65265858902421,0.0011170015490422,True,False,0.0,0.0,0.1425,0.0,0.0,0.0499,0,0.7404049143035679,0.0,0.0,no,SLC25A40,gene-driven,no,43860,0.1265845873233014,medium
ENSG00000075407,0.005,0.455,0.0,0.0,0.1152,0.448036696846951,0.2194659135020629,0.5,False,False,0.0,0.4076,0.0,0.0,0.0,0.1426,1,0.0,0.0,0.0,no,ZNF37A,neutral,no,75360,0.17201433121019108,medium
ENSG00000075420,0.0001,0.0279,0.0,0.0,0.007,0.5,-0.0057752243446884,0.5,False,False,0.0,0.0,0.5483,0.0,0.858,0.3206,0,1.2007670013331628,0.0,714.2,yes,FNDC3B,regulation-driven,no,263390,0.150453699836744,long
ENSG00000075673,0.1803,0.6701,0.15,0.0,0.3716,0.0089328205558807,8.049751803468098,0.0270595916229907,True,False,0.0,0.0,0.0,0.0,0.0,0.0,0,0.0,0.0,0.0,no,ATP12A,gene-driven,no,128870,0.16998525645999846,long
ENSG00000075884,0.0001,0.2585,0.0,0.0,0.0647,0.5,0.0,0.5,False,False,0.0,0.9769,0.0,0.0,0.0,0.3419,4,0.0,0.0,0.0,no,ARHGAP15,regulation-driven,no,76540,0.16216357460151554,medium
ENSG00000075914,0.0001,0.2585,0.0,0.0,0.0647,0.5,0.0,0.5,False,False,0.0,0.0,0.9855,0.0,0.0,0.3449,0,9.94078622375468,0.0,0.0,no,EXOSC7,regulation-driven,no,40380,0.22662209014363546,medium
ENSG00000075945,0.0001,0.2585,0.0,0.0,0.0647,0.5,0.0,0.5,False,False,0.0,0.0,0.8527,0.0,0.0,0.2984,0,2.7296633226512013,0.0,0.0,no,KIFAP3,neutral,no,151350,0.2183614139411959,long
ENSG00000075975,1.0,0.9715,0.15,0.0,0.6929,0.0,182.3306480850515,0.0,True,False,0.0,0.0,0.3213,0.0,0.0,0.1124,0,0.8576241999211103,0.0,0.0,no,MKRN2,gene-driven,no,102090,0.1821627975315898,long
ENSG00000076003,0.0001,0.2585,0.0,0.0,0.0647,0.5,0.0,0.5,False,False,0.0,0.0,0.0,0.0,0.0,0.0,0,0.0,0.0,0.0,no,MCM6,neutral,no,80570,0.2389723222042944,long
ENSG00000076053,1.0,0.9005,0.15,0.0,0.6751,0.0,87.80580860493137,0.0,True,False,0.0,0.0,0.0,0.0,0.0,0.0,0,0.0,0.0,0.0,no,RBM7,gene-driven,no,38862,0.15287427306880758,medium
ENSG00000076067,1.0,0.8502,0.15,0.0,0.6626,4.5019543648550104e-14,60.07824126190826,3.00170522932826e-13,True,False,0.0,0.0,0.0,0.0,0.0,0.0,0,0.0,0.0,0.0,no,RBMS2,gene-driven,no,72220,0.24843533647189145,medium
ENSG00000076248,0.0171,0.5193,0.0,0.0,0.135,0.3417678496034371,0.7609527883105329,0.5,False,False,0.0,0.0,0.0,0.0,0.0,0.0,0,0.0,0.0,0.0,no,UNG,neutral,no,93850,0.1219072988811934,long
ENSG00000076321,0.0001,0.2585,0.0,0.0,0.0647,0.5,0.0,0.5,False,False,0.0,0.0,0.0,0.0,0.0,0.0,0,0.0,0.0,0.0,no,KLHL20,neutral,no,95780,0.17829400709960325,long
ENSG00000076356,0.0001,0.0489,0.0,0.0,0.0122,0.5,-0.0034537742612883,0.5,False,False,0.0,0.0,0.0,0.0,0.0,0.0,0,0.0,0.0,0.0,no,,neutral,no,401300,0.14638674308497385,long
ENSG00000076513,0.1879,0.6717,0.15,0.0,0.3743,0.0075476914891657,8.386732689985365,0.0229756532846452,True,False,0.0,0.0,0.0,0.0,0.0,0.0,0,0.0,0.0,0.0,no,ANKRD13A,gene-driven,no,93890,0.1411971455959101,long
ENSG00000076604,1.0,0.9129,0.15,0.0,0.6782,0.0,98.6202842449202,0.0,True,False,0.0,0.0,0.0,0.0,0.0,0.0,0,0.0,0.0,0.0,no,TRAF4,gene-driven,no,93258,0.2128825409080186,long
ENSG00000076641,0.0131,0.4897,0.0,0.0,0.1264,0.3741987846704153,0.5796418647551036,0.5,False,False,0.0,0.0,0.8768,0.1791,0.8521,0.4616,0,2.98952805647106,0.072,712.7,yes,PAG1,regulation-driven,no,85740,0.15275250758105902,long
ENSG00000076706,0.004,0.4485,0.0,0.0,0.1133,0.4581739623854192,0.1747183117695386,0.5,False,False,0.0,0.0,0.0,0.0,0.0,0.0,0,0.0,0.0,0.0,no,MCAM,neutral,no,129770,0.22411959620867689,long
ENSG00000077092,0.0001,0.0014,0.0,0.0,0.0004,0.5,-0.0097245010911137,0.5,False,False,0.0,0.8761,0.0,0.0,0.0,0.3066,2,0.0,0.0,0.0,no,RARB,regulation-driven,no,176860,0.10469297749632478,long
ENSG00000077097,1.0,0.9855,0.15,0.0,0.6964,0.0,241.1666653693246,0.0,True,False,0.0,0.4076,0.0,0.0,0.0,0.1426,1,0.0,0.0,0.0,no,,gene-driven,no,408420,0.14891778071592968,long
ENSG00000077150,0.9223,0.7996,0.15,0.0,0.6266,5.667077362936368e-10,41.19606041384395,2.824453186697945e-09,True,False,0.0,0.0,0.0,0.0,0.0,0.0,0,0.0,0.0,0.0,no,NFKB2,gene-driven,no,149600,0.2190106951871658,long
ENSG00000077152,0.0001,0.1011,0.0,0.0,0.0253,0.5,-0.0002591808861325,0.5,False,False,0.0,0.4076,0.6884,0.0,0.0,0.3836,1,1.6394980763879503,0.0,0.0,no,UBE2T,regulation-driven,no,31360,0.1293686224489796,short
ENSG00000077157,1.0,0.9011,0.15,0.0,0.6753,0.0,88.00413677474717,0.0,True,False,0.0,0.0,0.0,0.0,0.0,0.0,0,0.0,0.0,0.0,no,,gene-driven,no,306010,0.20036926897813798,long
ENSG00000077232,0.3179,0.7037,0.15,0.0,0.4213,0.0004136336520926,14.1947653874231,0.0013948568037349,True,False,0.0,0.0,0.0,0.0,0.0,0.0,0,0.0,0.0,0.0,no,DNAJC10,gene-driven,no,229040,0.15310426126440796,long
ENSG00000077327,0.0505,0.6003,0.0,0.0,0.1652,0.162229922148127,2.251186993555166,0.4056971507113041,False,False,0.0,0.0,0.0,0.0,0.0,0.0,0,0.0,0.0,0.0,no,SPAG6,neutral,no,106240,0.2305722891566265,long
ENSG00000077420,0.0001,0.2585,0.0,0.0,0.0647,0.5,0.0,0.5,False,False,0.0,0.0,0.0,0.0,0.0,0.0,0,0.0,0.0,0.0,no,APBB1IP,neutral,no,107170,0.13124941681440702,long
ENSG00000077498,0.0211,0.532,0.0,0.0,0.1393,0.3125998794973234,0.9393681317778828,0.5,False,False,0.0,0.4076,0.0,0.0,0.0,0.1426,1,0.0,0.0,0.0,no,TYR,neutral,no,32020,0.2495315427857589,short
ENSG00000077943,0.0001,0.2585,0.0,0.0,0.0647,0.5,0.0,0.5,False,False,0.0,0.0,0.0,0.0,0.0,0.0,0,0.0,0.0,0.0,no,ITGA8,neutral,no,127210,0.19930036946780913,long
ENSG00000078124,0.0449,0.5923,0.0,0.0,0.1615,0.184030392466486,1.999014355831605,0.4511420266773294,False,False,0.0,0.0,0.0,0.0,0.0,0.0,0,0.0,0.0,0.0,no,ACER3,neutral,no,102370,0.09820259841750513,long
ENSG00000078177,1.0,0.9513,0.15,0.0,0.6878,0.0,138.9493447228888,0.0,True,False,0.0,0.0,0.0,0.0,0.0,0.0,0,0.0,0.0,0.0,no,N4BP2,gene-driven,no,256510,0.13337881564071577,long
ENSG00000078237,0.0001,0.1212,0.0,0.0,0.0303,0.5,-3.637978807091713e-12,0.5,False,False,0.0,0.0,0.0,0.0,0.0,0.0,0,0.0,0.0,0.0,no,TIGAR,neutral,no,68990,0.10529062182925061,medium
ENSG00000078295,0.0001,0.2585,0.0,0.0,0.0647,0.5,0.0,0.5,False,False,0.0,0.0,0.3551,0.0,0.9763,0.2707,0,0.8926255067021344,0.0,1868.4,yes,ADCY2,neutral,no,227620,0.13911782795887884,long
ENSG00000078399,1.0,0.9511,0.15,0.0,0.6878,0.0,137.7575832519105,0.0,True,False,0.0,0.0,0.0,0.0,0.0,0.0,0,0.0,0.0,0.0,no,HOXA9,gene-driven,no,24680,0.30182333873581846,short
ENSG00000078401,0.0001,0.2585,0.0,0.0,0.0647,0.5,0.0,0.5,False,False,0.0,0.0,0.0894,0.0,0.5444,0.1129,0,0.7005943545142452,0.0,140.5,yes,EDN1,neutral,no,15550,0.22282958199356914,short
ENSG00000078725,0.0166,0.5159,0.0,0.0,0.1339,0.3461053619744013,0.7357297106391343,0.5,False,False,0.0,0.0,0.0,0.0,0.0,0.0,0,0.0,0.0,0.0,no,BRINP1,neutral,no,71260,0.2269435868650014,medium
ENSG00000078900,1.0,0.9459,0.15,0.0,0.6865,0.0,129.8262629551027,0.0,True,False,0.0,0.0,0.3889,0.6418,0.3846,0.2901,0,0.918450378664612,0.252,48.5,yes,TP73,gene-driven,no,194920,0.2842345577672891,long
ENSG00000079277,1.0,0.9228,0.15,0.0,0.6807,0.0,108.0424585543369,0.0,True,False,0.0,0.4076,0.0,0.0,0.0,0.1426,1,0.0,0.0,0.0,no,MKNK1,gene-driven,no,134140,0.21578947368421053,long
ENSG00000079393,1.0,0.9481,0.15,0.0,0.687,0.0,132.0015085719206,0.0,True,False,0.0,0.0,0.0,0.0,0.0,0.0,0,0.0,0.0,0.0,no,DUSP13B,gene-driven,no,57270,0.2819102496944299,medium
ENSG00000079459,1.0,0.852,0.15,0.0,0.663,2.7422508708241373e-14,61.06955074094003,1.8507402756416906e-13,True,False,0.0,0.0,0.0,0.0,0.0,0.0,0,0.0,0.0,0.0,no,FDFT1,gene-driven,no,139700,0.16970651395848246,long
ENSG00000079557,0.0217,0.533,0.0,0.0,0.1398,0.3087168689240385,0.9643670466684852,0.5,False,False,0.0,0.0,0.1087,0.0,0.0,0.038,0,0.7167184019453698,0.0,0.0,no,AFM,neutral,no,44510,0.20449337227589306,medium
ENSG00000079689,0.0001,0.2585,0.0,0.0,0.0647,0.5,0.0,0.5,False,False,0.0,0.0,0.0,0.0,0.0,0.0,0,0.0,0.0,0.0,no,SCGN,neutral,no,16320,0.2743259803921569,short
ENSG00000079739,1.0,0.9123,0.15,0.0,0.6781,0.0,97.83924972351817,0.0,True,False,0.0,0.0,0.0,0.0,0.0,0.0,0,0.0,0.0,0.0,no,PGM1,gene-driven,no,202630,0.16665350639095888,long
ENSG00000079931,0.0001,0.2585,0.0,0.0,0.0647,0.5,0.0,0.5,False,False,0.0,0.0,0.0,0.0,0.0,0.0,0,0.0,0.0,0.0,no,MOXD1,neutral,no,49180,0.3247864985766572,medium
ENSG00000079950,0.0001,0.0211,0.0,0.0,0.0053,0.5,-0.006734382463037,0.5,False,False,0.0,0.0,0.0,0.0,0.0,0.0,0,0.0,0.0,0.0,no,STX7,neutral,no,28460,0.2420590302178496,short
ENSG00000080007,0.0001,0.2585,0.0,0.0,0.0647,0.5,0.0,0.5,False,False,0.0,0.0,0.0,0.0,0.0,0.0,0,0.0,0.0,0.0,no,DDX43,neutral,no,41660,0.23458953432549207,medium
ENSG00000080166,0.0889,0.6349,0.0,0.0,0.1854,0.0687976582570275,3.966876781396422,0.1883321696039928,False,False,0.0,0.0,0.0,0.0,0.0,0.0,0,0.0,0.0,0.0,no,DCT,neutral,no,45160,0.3097209920283437,medium
ENSG00000080293,0.3469,0.7087,0.15,0.0,0.4312,0.0002162884464726,15.49150092057971,0.000741943953624,True,False,0.0,0.0,0.0,0.0,0.0,0.0,0,0.0,0.0,0.0,no,SCTR,gene-driven,no,49050,0.24487257900101936,medium
ENSG00000080298,1.0,0.9853,0.15,0.0,0.6963,0.0,239.0773335362319,0.0,True,False,0.0,0.4076,0.0,0.0,0.0,0.1426,1,0.0,0.0,0.0,no,RFX3,gene-driven,no,241760,0.23909662475181997,long
ENSG00000080371,0.0145,0.5016,0.0,0.0,0.1297,0.3627323115626909,0.6418859397745109,0.5,False,False,0.0,0.0,0.0,0.0,0.0,0.0,0,0.0,0.0,0.0,no,RAB21,neutral,no,29170,0.18028796708947548,short
ENSG00000080546,0.0001,0.0895,0.0,0.0,0.0224,0.5,-0.0005644900738843,0.5,False,False,0.0,0.0,0.0,0.0,0.0,0.0,0,0.0,0.0,0.0,no,SESN1,neutral,no,77290,0.2199767110881097,medium
ENSG00000080608,0.0058,0.4598,0.0,0.0,0.1167,0.4402325736972907,0.2546098691309453,0.5,False,False,0.0,0.0,0.0,0.0,0.0,0.0,0,0.0,0.0,0.0,no,PUM3,neutral,no,81060,0.15146804835924008,long
ENSG00000080802,1.0,0.9387,0.15,0.0,0.6847,0.0,121.9158213949268,0.0,True,False,0.0,0.0,0.4928,0.0,0.0,0.1725,0,1.071510340008068,0.0,0.0,no,CNOT4,gene-driven,no,218010,0.18975276363469565,long
ENSG00000080815,0.0001,0.0078,0.0,0.0,0.002,0.5,-0.008710937021533,0.5,False,False,0.0,0.0,0.0,0.0,0.0,0.0,0,0.0,0.0,0.0,no,,neutral,no,572460,0.0662613981762918,long
ENSG00000080819,0.0223,0.5346,0.0,0.0,0.1403,0.3044736041489799,0.992047401756281,0.5,False,False,0.0,0.0,0.0,0.0,0.0,0.0,0,0.0,0.0,0.0,no,CPOX,neutral,no,102950,0.15635745507527926,long
ENSG00000081014,0.4473,0.727,0.15,0.0,0.4659,2.29962321804944e-05,19.97406598637463,8.416722506679849e-05,True,False,0.0,0.0,0.0,0.0,0.0,0.0,0,0.0,0.0,0.0,no,AP4E1,gene-driven,no,99780,0.18786329925836842,long
ENSG00000081019,1.0,0.9079,0.15,0.0,0.677,0.0,94.23493990448333,0.0,True,False,0.0,0.0,0.4469,0.0,0.0,0.1564,0,1.008592470895417,0.0,0.0,no,RSBN1,gene-driven,no,99820,0.2188339010218393,long
ENSG00000081026,1.0,0.9849,0.15,0.0,0.6962,0.0,234.5739534474851,0.0,True,False,0.0,0.0,0.0652,0.0,0.0,0.0228,0,0.6739264184791454,0.0,0.0,no,MAGI3,gene-driven,no,202310,0.16985813850032128,long
ENSG00000081051,0.0166,0.5157,0.0,0.0,0.1339,0.3462668090080488,0.7347969924085191,0.5,False,False,0.0,0.0,0.9614,0.0,0.0118,0.3382,0,7.222279246869883,0.0,1.1,yes,AFP,regulation-driven,no,57580,0.20875303924973948,medium
ENSG00000081148,0.0001,0.2585,0.0,0.0,0.0647,0.5,0.0,0.5,False,False,0.0,0.0,0.0,0.0,0.0,0.0,0,0.0,0.0,0.0,no,IMPG2,neutral,no,78730,0.2540581735043821,long
ENSG00000081177,0.0001,0.0786,0.0,0.0,0.0197,0.5,-0.001039382565068,0.5,False,False,0.0,0.0,0.0,0.0,0.0,0.0,0,0.0,0.0,0.0,no,EXD2,neutral,no,128780,0.13994409069731326,long
ENSG00000081181,0.0001,0.109,0.0,0.0,0.0273,0.5,-6.587008283531759e-05,0.5,False,False,0.0,0.0,0.0,0.0,0.0,0.0,0,0.0,0.0,0.0,no,ARG2,neutral,no,35270,0.21650127587184576,medium
ENSG00000081277,0.0075,0.468,0.0,0.0,0.1193,0.4234606642142629,0.3322949424909893,0.5,False,False,0.0,0.0,0.0,0.0,0.0,0.0,0,0.0,0.0,0.0,no,PKP1,neutral,no,71900,0.3957858136300417,medium
ENSG00000081307,0.0001,0.3993,0.0,0.0,0.0999,0.4997143515209951,0.0011429204205342,0.5,False,False,0.0,0.0,0.9758,0.0,0.0,0.3415,0,8.025406845575448,0.0,0.0,no,UBA5,regulation-driven,no,81920,0.145263671875,long
ENSG00000081320,0.0376,0.5806,0.0,0.0,0.1564,0.2163849669885641,1.67509804484871,0.5,False,False,0.0,0.0,0.0,0.0,0.0,0.0,0,0.0,0.0,0.0,no,STK17B,neutral,no,32450,0.16998459167950694,short
ENSG00000081692,1.0,0.8524,0.15,0.0,0.6631,2.7033930649622562e-14,61.09599753801376,1.8294798782479266e-13,True,False,0.0,0.0,0.0,0.0,0.0,0.0,0,0.0,0.0,0.0,no,JMJD4,gene-driven,no,48310,0.24317946594907885,medium
ENSG00000081760,0.0001,0.2585,0.0,0.0,0.0647,0.5,0.0,0.5,False,False,0.0,0.0,0.0,0.0,0.0,0.0,0,0.0,0.0,0.0,no,AACS,neutral,no,88830,0.23099178205561186,long
ENSG00000081791,0.2578,0.6896,0.15,0.0,0.3997,0.0015838358819622,11.50951684064421,0.0050990289170746,True,False,0.0,0.0,0.0,0.0,0.0,0.0,0,0.0,0.0,0.0,no,DELE1,gene-driven,no,70040,0.23419474585950886,medium
ENSG00000081800,0.9645,0.807,0.15,0.0,0.6411,2.2111762421062048e-10,43.07835833164427,1.144241058106533e-09,True,False,0.0,0.0,0.3309,0.0,0.0207,0.1189,0,0.8679809165397094,0.0,1.2,yes,SLC13A1,gene-driven,no,72970,0.22629847882691517,medium
ENSG00000082068,0.7212,0.7706,0.15,0.0,0.559,5.0623692460227694e-08,32.21139791890164,2.2049233476109683e-07,True,False,0.0,0.0,0.0,0.0,0.0,0.0,0,0.0,0.0,0.0,no,WDR70,gene-driven,no,131540,0.13151132735289645,long
ENSG00000082074,1.0,0.9914,0.15,0.0,0.6978,0.0,311.1808779368876,0.0,True,False,0.0,0.0,0.0,0.0,0.0,0.0,0,0.0,0.0,0.0,no,FYB1,gene-driven,no,145210,0.16398319674953515,long
ENSG00000082293,0.0081,0.4696,0.0,0.0,0.1198,0.4183815903275619,0.3564283736050129,0.5,False,False,0.0,0.0,0.0,0.0,0.0,0.0,0,0.0,0.0,0.0,no,COL19A1,neutral,no,48260,0.35072523829258184,medium
ENSG00000082497,0.0307,0.5619,0.0,0.0,0.1497,0.2525646343989558,1.365881809189887,0.5,False,False,0.0,0.4076,0.0,0.0,0.0,0.1426,1,0.0,0.0,0.0,no,SERTAD4,neutral,no,37410,0.17187917669072442,medium
ENSG00000082512,0.0001,0.2585,0.0,0.0,0.0647,0.5,0.0,0.5,False,False,0.0,0.0,0.0,0.0,0.0,0.0,0,0.0,0.0,0.0,no,TRAF5,neutral,no,84030,0.1438295846721409,long
ENSG00000082515,0.3172,0.7035,0.15,0.0,0.421,0.0004200342582864,14.16405420431329,0.0014154813012986,True,False,0.0,0.0,0.0,0.0,0.0,0.0,0,0.0,0.0,0.0,no,MRPL22,gene-driven,no,29580,0.1775185936443543,short
ENSG00000082516,0.0001,0.0941,0.0,0.0,0.0236,0.5,-0.0004170099273324,0.5,False,False,0.0,0.0,0.0,0.0,0.0,0.0,0,0.0,0.0,0.0,no,GEMIN5,neutral,no,139800,0.2180400572246066,long
ENSG00000082556,0.0001,0.0531,0.0,0.0,0.0133,0.5,-0.002970442030346,0.5,False,False,0.0,0.0,0.628,0.0,0.0,0.2198,0,1.4152780156339098,0.0,0.0,no,OPRK1,neutral,no,57780,0.2011422637590862,medium
ENSG00000082996,0.0001,0.0577,0.0,0.0,0.0145,0.5,-0.0025602894857001,0.5,False,False,0.0,0.0,0.0,0.0,0.0,0.0,0,0.0,0.0,0.0,no,RNF13,neutral,no,90830,0.11298029285478366,long
ENSG00000083123,0.0001,0.2585,0.0,0.0,0.0647,0.5,0.0,0.5,False,False,0.0,0.0,0.0,0.0,0.0,0.0,0,0.0,0.0,0.0,no,BCKDHB,neutral,no,83970,0.17119209241395736,long
ENSG00000083168,0.0001,0.0826,0.0,0.0,0.0207,0.5,-0.0008746275561861,0.5,False,False,0.0,0.0,0.0,0.0,0.0,0.0,0,0.0,0.0,0.0,no,,neutral,no,378890,0.1319116366227665,long
ENSG00000083520,0.0001,0.2585,0.0,0.0,0.0647,0.5,0.0,0.5,False,False,0.0,0.0,0.0,0.0,0.0,0.0,0,0.0,0.0,0.0,no,DIS3,neutral,no,176840,0.16249151775616377,long
ENSG00000083535,0.0355,0.5768,0.0,0.0,0.1548,0.2268338486275861,1.580780586504261,0.5,False,False,0.0,0.0,0.0,0.0,0.0,0.0,0,0.0,0.0,0.0,no,PIBF1,neutral,no,104050,0.16896684286400768,long
ENSG00000083635,0.0211,0.5318,0.0,0.0,0.1393,0.3127800872378889,0.9382155029434216,0.5,False,False,0.0,0.0,0.0,0.0,0.0,0.0,0,0.0,0.0,0.0,no,NUFIP1,neutral,no,35400,0.21048022598870056,medium
ENSG00000083720,1.0,0.853,0.15,0.0,0.6633,2.381428387820961e-14,61.35056993661419,1.6182001094291617e-13,True,False,0.0,0.0,0.0,0.0,0.0,0.0,0,0.0,0.0,0.0,no,OXCT1,gene-driven,no,112540,0.14677448018482317,long
ENSG00000083782,0.0094,0.4747,0.0,0.0,0.1215,0.4062665816613804,0.4151970984039508,0.5,False,False,0.0,0.0,0.0,0.0,0.0,0.0,0,0.0,0.0,0.0,no,EPYC,neutral,no,19710,0.25068493150684934,short
ENSG00000083937,1.0,0.8607,0.15,0.0,0.6652,3.386180225106727e-15,65.23624110797755,2.4269251354007e-14,True,False,0.0,0.4076,0.0,0.0,0.0,0.1426,1,0.0,0.0,0.0,no,CHMP2B,gene-driven,no,35320,0.1753114382785957,medium
ENSG00000084073,1.0,0.952,0.15,0.0,0.688,0.0,139.8779927394608,0.0,True,False,0.0,0.0,0.0,0.0,0.0,0.0,0,0.0,0.0,0.0,no,ZMPSTE24,gene-driven,no,43770,0.21258853095727667,medium
ENSG00000084092,0.0001,0.2585,0.0,0.0,0.0647,0.5,0.0,0.5,False,False,0.0,0.4076,0.0,0.0,0.0,0.1426,1,0.0,0.0,0.0,no,NOA1,neutral,no,90350,0.18855561704482568,long
ENSG00000084093,1.0,0.9984,0.15,0.0,0.6996,0.0,468.1632790940348,0.0,True,False,0.0,0.4076,0.0,0.0,0.0,0.1426,1,0.0,0.0,0.0,no,REST,gene-driven,no,223100,0.16918422232182878,long
ENSG00000084110,0.0561,0.609,0.0,0.0,0.1691,0.1431760827433422,2.501065755328455,0.3659347351814855,False,False,0.0,0.0,0.0,0.0,0.0,0.0,0,0.0,0.0,0.0,no,HAL,neutral,no,93860,0.22771148519070958,long
ENSG00000084444,0.5392,0.7435,0.15,0.0,0.4976,2.948647779887903e-06,24.08203338379826,1.1485179371309654e-05,True,False,0.0,0.0,0.0,0.0,0.0,0.0,0,0.0,0.0,0.0,no,FAM234B,gene-driven,no,99160,0.20474989915288422,long
ENSG00000084628,1.0,0.8382,0.15,0.0,0.6595,8.597567102697212e-13,54.17790533082007,5.3057442641210826e-12,True,False,0.0,0.0,0.0,0.0,0.0,0.0,0,0.0,0.0,0.0,no,NKAIN1,gene-driven,no,24440,0.21939443535188216,short
ENSG00000084652,0.545,0.7445,0.15,0.0,0.4996,2.59141271191643e-06,24.34032040368402,1.0133401595182643e-05,True,False,0.0,0.0,0.0,0.0,0.0,0.0,0,0.0,0.0,0.0,no,TXLNA,gene-driven,no,34820,0.2927340608845491,medium
ENSG00000084710,0.0001,0.2585,0.0,0.0,0.0647,0.5,0.0,0.5,False,False,0.0,0.4076,0.0,0.0,0.0,0.1426,1,0.0,0.0,0.0,no,EFR3B,neutral,no,183130,0.20489815977720746,long
ENSG00000084731,1.0,0.9343,0.15,0.0,0.6836,0.0,116.9069247976367,0.0,True,False,0.0,0.0,0.0,0.0,0.0,0.0,0,0.0,0.0,0.0,no,KIF3C,gene-driven,no,108900,0.23021120293847566,long
ENSG00000084733,0.0001,0.0873,0.0,0.0,0.0218,0.5,-0.0006750145485057,0.5,False,False,0.0,0.0,0.0,0.0,0.0,0.0,0,0.0,0.0,0.0,no,RAB10,neutral,no,6990,0.36909871244635195,short
ENSG00000084764,0.0001,0.2585,0.0,0.0,0.0647,0.5,0.0,0.5,False,False,0.0,0.0,0.5531,0.0,0.0,0.1936,0,1.205688717589882,0.0,0.0,no,MAPRE3,neutral,no,39670,0.17398537937988404,medium
ENSG00000085365,1.0,0.9027,0.15,0.0,0.6757,0.0,89.3087427118844,0.0,True,False,0.0,0.0,0.0,0.0,0.0,0.0,0,0.0,0.0,0.0,no,SCAMP1,gene-driven,no,42700,0.24295081967213114,medium
ENSG00000085491,0.0001,0.007,0.0,0.0,0.0018,0.5,-0.0088175476848846,0.5,False,False,0.0,0.0,0.0,0.0,0.0,0.0,0,0.0,0.0,0.0,no,SLC25A24,neutral,no,69000,0.19642028985507246,medium
ENSG00000085552,0.0166,0.5155,0.0,0.0,0.1338,0.3462784335458061,0.7347298514505383,0.5,False,False,0.0,0.0,0.0,0.0,0.0,0.0,0,0.0,0.0,0.0,no,IGSF9,neutral,no,171930,0.24434944454138313,long
ENSG00000085662,0.0001,0.0125,0.0,0.0,0.0031,0.5,-0.008007846379769,0.5,False,False,0.0,0.0,0.6135,0.0,0.0,0.2147,0,1.3840729773659846,0.0,0.0,no,AKR1B1,neutral,no,82320,0.13503401360544218,long
ENSG00000085733,0.0005,0.4148,0.0,0.0,0.1038,0.4956709710919523,0.0173915131090325,0.5,False,False,0.0,0.0,0.0,0.0,0.0,0.0,0,0.0,0.0,0.0,no,CTTN,neutral,no,142300,0.20070976809557273,long
ENSG00000085840,0.0004,0.4103,0.0,0.0,0.1027,0.4971338529113907,0.0114975736651103,0.5,False,False,0.0,0.0,0.0,0.0,0.0,0.0,0,0.0,0.0,0.0,no,ORC1,neutral,no,58040,0.24664024810475535,medium
ENSG00000085871,0.0001,0.1064,0.0,0.0,0.0266,0.5,-0.0001280253563891,0.5,False,False,0.0,0.0,0.3841,0.3284,0.6509,0.2813,0,0.9163183364346164,0.121,209.3,yes,MGST2,neutral,no,21340,0.17642924086223055,short
ENSG00000085978,1.0,0.9708,0.15,0.0,0.6927,0.0,180.0741955584817,0.0,True,False,0.0,0.0,0.0,0.0,0.0,0.0,0,0.0,0.0,0.0,no,ATG16L1,gene-driven,no,107750,0.3306264501160093,long
ENSG00000086062,0.0001,0.2585,0.0,0.0,0.0647,0.5,0.0,0.5,False,False,0.0,0.0,0.0,0.0,0.0,0.0,0,0.0,0.0,0.0,no,B4GALT1,neutral,no,50950,0.22906771344455348,medium
ENSG00000086065,0.0001,0.2585,0.0,0.0,0.0647,0.5,0.0,0.5,False,False,0.0,0.0,0.0,0.0,0.0,0.0,0,0.0,0.0,0.0,no,CHMP5,neutral,no,16070,0.32806471686372124,short
ENSG00000086102,0.0001,0.2585,0.0,0.0,0.0647,0.5,0.0,0.5,False,False,0.0,0.0,0.0,0.0,0.0,0.0,0,0.0,0.0,0.0,no,NFX1,neutral,no,223580,0.14793362554790232,long
ENSG00000086159,0.8389,0.7865,0.15,0.0,0.5983,3.653056024344181e-09,37.46910914326145,1.7093415489264305e-08,True,False,0.0,0.0,0.0,0.0,0.0,0.0,0,0.0,0.0,0.0,no,AQP6,gene-driven,no,47810,0.2165237398033884,medium
ENSG00000086189,1.0,0.8675,0.15,0.0,0.6669,6.661338147750939e-16,68.51432018857304,5.0050598107119605e-15,True,False,0.0,0.0,0.0,0.0,0.0,0.0,0,0.0,0.0,0.0,no,DIMT1,gene-driven,no,85040,0.13646519285042333,long
ENSG00000086289,0.0026,0.4399,0.0,0.0,0.1108,0.4728808777411735,0.1115291714886553,0.5,False,False,0.0,0.0,0.0,0.0,0.0,0.0,0,0.0,0.0,0.0,no,EPDR1,neutral,no,19040,0.4167016806722689,short
ENSG00000086300,0.3366,0.7075,0.15,0.0,0.4279,0.0002719690418366,15.03335026882996,0.0009291030316589,True,False,0.0,0.4076,0.0,0.0,0.0,0.1426,1,0.0,0.0,0.0,no,SNX10,gene-driven,no,107640,0.08936269044964697,long
ENSG00000086589,1.0,0.8317,0.15,0.21,0.8679,4.379607787541318e-12,50.92183711443431,2.5995428562327583e-11,True,True,0.7,0.0,0.0,0.0,0.0,0.0,0,0.0,0.0,0.0,no,RBM22,gene-driven,no,54550,0.21983501374885425,medium
ENSG00000086619,0.0001,0.2585,0.0,0.0,0.0647,0.5,0.0,0.5,False,False,0.0,0.0,0.0,0.0,0.0,0.0,0,0.0,0.0,0.0,no,ERO1B,neutral,no,81730,0.14936987642236632,long
ENSG00000086730,1.0,0.9033,0.15,0.0,0.6758,0.0,89.86497537721152,0.0,True,False,0.0,0.0,0.0,0.0,0.0,0.0,0,0.0,0.0,0.0,no,LAT2,gene-driven,no,47800,0.1505857740585774,medium
ENSG00000086827,0.0001,0.2585,0.0,0.0,0.0647,0.5,0.0,0.5,False,False,0.0,0.0,0.0,0.0,0.0,0.0,0,0.0,0.0,0.0,no,ZW10,neutral,no,71120,0.20763498312710912,medium
ENSG00000087085,0.0001,0.2585,0.0,0.0,0.0647,0.5,0.0,0.5,False,False,0.0,0.0,0.0,0.0,0.0,0.0,0,0.0,0.0,0.0,no,ACHE,neutral,no,167830,0.17393195495441816,long
ENSG00000087095,0.0001,0.2585,0.0,0.0,0.0647,0.5,0.0,0.5,False,False,0.0,0.0,0.0,0.0,0.0,0.0,0,0.0,0.0,0.0,no,NLK,neutral,no,57024,0.18571127946127947,medium
ENSG00000087111,1.0,0.927,0.15,0.0,0.6818,0.0,111.8724897680659,0.0,True,False,0.0,0.0,0.0,0.0,0.0,0.0,0,0.0,0.0,0.0,no,PIGS,gene-driven,no,200493,0.12399435391759313,long
ENSG00000087116,0.8582,0.7901,0.15,0.0,0.605,2.376248198210362e-09,38.32919158224104,1.1310486639137169e-08,True,False,0.0,0.4076,0.0,0.0,0.0,0.1426,1,0.0,0.0,0.0,no,ADAMTS2,gene-driven,no,174130,0.1990696605984035,long
ENSG00000087206,1.0,0.9729,0.15,0.0,0.6932,0.0,184.9615818885213,0.0,True,False,0.0,0.0,0.0,0.0,0.0,0.0,0,0.0,0.0,0.0,no,UIMC1,gene-driven,no,107480,0.23195013025679195,long
ENSG00000087299,1.0,0.8685,0.15,0.0,0.6671,4.440892098500626e-16,69.26624333750806,3.372365999685819e-15,True,False,0.0,0.0,0.0,0.0,0.0,0.0,0,0.0,0.0,0.0,no,L2HGDH,gene-driven,no,71290,0.28593070556880346,medium
ENSG00000087301,0.3081,0.7018,0.15,0.21,0.6279,0.000514756937905,13.757337106872,0.0017253376072371,True,True,0.7,0.0,0.0,0.0,0.0,0.0,0,0.0,0.0,0.0,no,TXNDC16,gene-driven,no,97410,0.17248742428908737,long
ENSG00000087302,0.1256,0.6508,0.075,0.0,0.2754,0.0303021126877962,5.606781325439442,0.0867219266450509,False,False,0.0,0.0,0.0,0.0,0.0,0.0,0,0.0,0.0,0.0,no,RTRAF,neutral,no,39930,0.11294765840220386,medium
ENSG00000087338,0.0001,0.2585,0.0,0.0,0.0647,0.5,0.0,0.5,False,False,0.0,0.0,0.3986,0.0,0.0,0.1395,0,0.9387557280425308,0.0,0.0,no,GMCL1,neutral,no,38300,0.2237597911227154,medium
ENSG00000087494,1.0,0.9435,0.15,0.0,0.6859,0.0,126.3531849465253,0.0,True,False,0.0,0.0,0.0,0.0,0.0,0.0,0,0.0,0.0,0.0,no,PTHLH,gene-driven,no,56700,0.1547089947089947,medium
ENSG00000087884,1.0,0.8965,0.15,0.0,0.6741,0.0,85.07040780553871,0.0,True,False,0.0,0.0,0.0,0.0,0.0,0.0,0,0.0,0.0,0.0,no,AAMDC,gene-driven,no,38210,0.22907615807380266,medium
ENSG00000088035,0.713,0.7696,0.15,0.0,0.5563,6.08634277421416e-08,31.84297238341242,2.639360850823124e-07,True,False,0.0,0.0,0.0,0.0,0.0,0.0,0,0.0,0.0,0.0,no,ALG6,gene-driven,no,68550,0.1512764405543399,medium
ENSG00000088280,0.5605,0.7475,0.15,0.0,0.505,1.831817924680124e-06,25.03410900445306,7.248577849927555e-06,True,False,0.0,0.4076,0.0,0.0,0.0,0.1426,1,0.0,0.0,0.0,no,ASAP3,gene-driven,no,154640,0.25107346094154165,long
ENSG00000088386,0.0039,0.4483,0.0,0.0,0.1133,0.4590020162369297,0.1711069913872052,0.5,False,False,0.0,0.0,0.0,0.0,0.0,0.0,0,0.0,0.0,0.0,no,SLC15A1,neutral,no,54900,0.2689253187613843,medium
ENSG00000088451,0.0001,0.2585,0.0,0.0,0.0647,0.5,0.0,0.5,False,False,0.0,0.0,0.0,0.0,0.0,0.0,0,0.0,0.0,0.0,no,TGDS,neutral,no,54670,0.14589354307664168,medium
ENSG00000088726,1.0,0.8701,0.15,0.0,0.6675,3.33066907387547e-16,69.84757753047597,2.556596909484041e-15,True,False,0.0,0.0,0.0,0.0,0.0,0.0,0,0.0,0.0,0.0,no,TMEM40,gene-driven,no,39730,0.22564812484268815,medium
ENSG00000088808,1.0,0.8442,0.15,0.0,0.661,2.1321833187926131e-13,56.96664856653661,1.3666855448034092e-12,True,False,0.0,0.0,0.0,0.0,0.0,0.0,0,0.0,0.0,0.0,no,PPP1R13B,gene-driven,no,206720,0.1994582043343653,long
ENSG00000088926,0.1552,0.6618,0.15,0.0,0.362,0.0156638980335464,6.926499044624506,0.0462936594289126,True,False,0.0,0.0,0.2536,0.0,0.3136,0.1358,0,0.8125583567499184,0.0,33.8,yes,F11,gene-driven,no,48770,0.21591142095550545,medium
ENSG00000088992,0.0001,0.0995,0.0,0.0,0.0249,0.5,-0.0002944283442047,0.5,False,False,0.0,0.0,0.0,0.0,0.0,0.0,0,0.0,0.0,0.0,no,TESC,neutral,no,25750,0.28625242718446603,short
ENSG00000089041,0.5805,0.7521,0.15,0.0,0.5122,1.171666109633929e-06,25.92787323251468,4.722744918410991e-06,True,False,0.0,0.0,0.0,0.0,0.0,0.0,0,0.0,0.0,0.0,no,P2RX7,gene-driven,no,92040,0.16663407214254672,long
ENSG00000089116,0.0001,0.2585,0.0,0.0,0.0647,0.5,0.0,0.5,False,False,0.0,0.0,0.0,0.0,0.0,0.0,0,0.0,0.0,0.0,no,LHX5,neutral,no,13780,0.5475326560232221,short
ENSG00000089127,1.0,0.841,0.15,0.0,0.6602,4.891087534986127e-13,55.30615405352728,3.0717511867450757e-12,True,False,0.0,0.0,0.0,0.0,0.0,0.0,0,0.0,0.0,0.0,no,OAS1,gene-driven,no,265400,0.10342501883948757,long
ENSG00000089169,1.0,0.9954,0.15,0.0,0.6988,0.0,362.1599130042159,0.0,True,False,0.0,0.0,0.0,0.0,0.0,0.0,0,0.0,0.0,0.0,no,RPH3A,gene-driven,no,200830,0.25445401583428773,long
ENSG00000089225,0.0001,0.2585,0.0,0.0,0.0647,0.5,0.0,0.5,False,False,0.0,0.4076,0.0,0.0,0.0,0.1426,1,0.0,0.0,0.0,no,TBX5,neutral,no,75690,0.18920597172678028,medium
ENSG00000089234,0.0003,0.4079,0.0,0.0,0.1021,0.4977421117399868,0.0090520068770274,0.5,False,False,0.0,0.0,0.0,0.0,0.0,0.0,0,0.0,0.0,0.0,no,BRAP,neutral,no,73120,0.18193380743982496,medium
ENSG00000089250,0.0401,0.5838,0.0,0.0,0.158,0.2047028167355141,1.786097690928727,0.4916425931639049,False,False,0.0,0.0,0.0,0.0,0.0,0.0,0,0.0,0.0,0.0,no,NOS1,neutral,no,225930,0.27408931970079226,long
ENSG00000089597,1.0,0.9379,0.15,0.0,0.6845,0.0,121.0462445689045,0.0,True,False,0.0,0.0,0.0,0.0,0.0,0.0,0,0.0,0.0,0.0,no,GANAB,gene-driven,no,191400,0.3307784743991641,long
ENSG00000089692,0.0001,0.2585,0.0,0.0,0.0647,0.5,0.0,0.5,False,False,0.0,0.0,0.0,0.0,0.0,0.0,0,0.0,0.0,0.0,no,LAG3,neutral,no,30860,0.3694102397926118,short
ENSG00000089723,0.0001,0.2585,0.0,0.0,0.0647,0.5,0.0,0.5,False,False,0.0,0.0,0.0,0.0,0.0,0.0,0,0.0,0.0,0.0,no,OTUB2,neutral,no,24510,0.2171358629130967,short
ENSG00000089737,0.0001,0.0619,0.0,0.0,0.0155,0.5,-0.0021134826965862,0.5,False,False,0.0,0.0,0.0,0.0,0.0,0.0,0,0.0,0.0,0.0,no,DDX24,neutral,no,158870,0.1886699817460817,long
ENSG00000089775,0.0001,0.0352,0.0,0.0,0.0088,0.5,-0.0049517832267156,0.5,False,False,0.0,0.0,0.0,0.0,0.0,0.0,0,0.0,0.0,0.0,no,ZBTB25,neutral,no,33020,0.24085402786190188,medium
ENSG00000089818,1.0,0.9656,0.15,0.0,0.6914,0.0,166.0811431981638,0.0,True,False,0.0,0.0,0.0,0.0,0.0,0.0,0,0.0,0.0,0.0,no,NECAP1,gene-driven,no,78990,0.18793518166856565,long
ENSG00000089902,0.5373,0.7429,0.15,0.0,0.4969,3.075960657294985e-06,23.99749223222534,1.195299086670723e-05,True,False,0.0,0.4076,0.0,0.0,0.0,0.1426,1,0.0,0.0,0.0,no,RCOR1,gene-driven,no,56700,0.2106878306878307,medium
ENSG00000090054,0.0001,0.0752,0.0,0.0,0.0188,0.5,-0.0012333099293755,0.5,False,False,0.0,0.0,0.0,0.0,0.0,0.0,0,0.0,0.0,0.0,no,SPTLC1,neutral,no,96750,0.14390697674418604,long
ENSG00000090060,1.0,0.8731,0.15,0.0,0.6683,1.665334536937735e-16,71.5125218067551,1.2963026583299364e-15,True,False,0.0,0.0,0.0,0.0,0.0,0.0,0,0.0,0.0,0.0,no,,gene-driven,no,312710,0.14407917879185186,long
ENSG00000090104,0.0001,0.0312,0.0,0.0,0.0078,0.5,-0.0054565413356613,0.5,False,False,0.0,0.0,0.0,0.0,0.0,0.0,0,0.0,0.0,0.0,no,RGS1,neutral,no,15400,0.2072077922077922,short
ENSG00000090263,1.0,0.9049,0.15,0.0,0.6762,0.0,91.49233606149028,0.0,True,False,0.0,0.0,0.0,0.0,0.0,0.0,0,0.0,0.0,0.0,no,MRPS33,gene-driven,no,15600,0.12538461538461537,short
ENSG00000090266,1.0,0.8305,0.15,0.0,0.6576,4.841516076936614e-12,50.72129722105456,2.853282105057194e-11,True,False,0.0,0.0,0.0,0.0,0.0,0.0,0,0.0,0.0,0.0,no,NDUFB2,gene-driven,no,26990,0.2011115227862171,short
ENSG00000090273,1.0,0.9286,0.15,0.0,0.6822,0.0,112.945738716171,0.0,True,False,0.0,0.4076,0.0,0.0,0.0,0.1426,1,0.0,0.0,0.0,no,NUDC,gene-driven,no,44570,0.18344177698003142,medium
ENSG00000090402,0.1464,0.6586,0.075,0.0,0.2836,0.0190625976296385,6.53375984512968,0.0558077460917141,False,False,0.0,0.0,0.0,0.0,0.0,0.0,0,0.0,0.0,0.0,no,SI,neutral,no,154750,0.16626171243941842,long
ENSG00000090432,0.033,0.5714,0.0,0.0,0.1527,0.2399656076762141,1.468224973283213,0.5,False,False,0.0,0.0,0.0,0.0,0.0,0.0,0,0.0,0.0,0.0,no,MUL1,neutral,no,21050,0.32270783847981,short
ENSG00000090470,0.0001,0.2585,0.0,0.0,0.0647,0.5,0.0,0.5,False,False,0.0,0.0,0.0,0.0,0.0,0.0,0,0.0,0.0,0.0,no,PDCD7,neutral,no,93450,0.14959871589085072,long
ENSG00000090520,0.0001,0.0442,0.0,0.0,0.0111,0.5,-0.0038367033484973,0.5,False,False,0.0,0.0,0.0,0.0,0.0,0.0,0,0.0,0.0,0.0,no,DNAJB11,neutral,no,28510,0.254542265871624,short
ENSG00000090530,0.3679,0.7135,0.15,0.0,0.4388,0.0001352953235215,16.42980681329936,0.0004719207147237,True,False,0.0,0.0,0.0,0.0,0.0,0.0,0,0.0,0.0,0.0,no,P3H2,gene-driven,no,93820,0.1977616712854402,long
ENSG00000090539,0.0003,0.4089,0.0,0.0,0.1023,0.4974084870718223,0.0103930086552281,0.5,False,False,0.0,0.4076,0.0,0.0,0.0,0.1426,1,0.0,0.0,0.0,no,CHRD,neutral,no,130560,0.35589001225490197,long
ENSG00000090581,0.0001,0.2585,0.0,0.0,0.0647,0.5,0.0,0.5,False,False,0.0,0.0,0.0,0.0,0.0,0.0,0,0.0,0.0,0.0,no,GNPTG,neutral,no,33867,0.23252723890512889,medium
ENSG00000090686,0.0001,0.035,0.0,0.0,0.0088,0.5,-0.0049830971402116,0.5,False,False,0.0,0.0,0.0,0.0,0.0,0.0,0,0.0,0.0,0.0,no,,neutral,no,336570,0.12860326232284516,long
ENSG00000090975,0.0001,0.2585,0.0,0.0,0.0647,0.5,0.0,0.5,False,False,0.0,0.0,0.0,0.0,0.0,0.0,0,0.0,0.0,0.0,no,PITPNM2,neutral,no,223510,0.2714285714285714,long
ENSG00000091128,0.0562,0.6094,0.0,0.0,0.1692,0.1428637624040187,2.505433265221654,0.3655372192374429,False,False,0.0,0.0,0.0,0.0,0.0,0.0,0,0.0,0.0,0.0,no,,neutral,no,325740,0.17123779701602504,long
ENSG00000091138,0.0001,0.2585,0.0,0.0,0.0647,0.5,0.0,0.5,False,False,0.0,0.0,0.0,0.0,0.0,0.0,0,0.0,0.0,0.0,no,SLC26A3,neutral,no,115460,0.1649575610601074,long
ENSG00000091140,1.0,0.8136,0.15,0.0,0.6534,9.17650955223337e-11,44.83728439050174,4.918530012156117e-10,True,False,0.0,0.0,0.0,0.0,0.0,0.0,0,0.0,0.0,0.0,no,DLD,gene-driven,no,90340,0.21771087004649103,long
ENSG00000091317,0.0136,0.493,0.0,0.0,0.1273,0.3697921933327293,0.603333780371031,0.5,False,False,0.0,0.0,0.0,0.0,0.0,0.0,0,0.0,0.0,0.0,no,CMTM6,neutral,no,11510,0.247002606429192,short
ENSG00000091483,1.0,0.8144,0.15,0.0,0.6536,8.164641185359756e-11,45.07095167229636,4.3951217809501536e-10,True,False,0.0,0.0,0.0,0.0,0.0,0.0,0,0.0,0.0,0.0,no,FH,gene-driven,no,47880,0.1928780284043442,medium
ENSG00000091656,0.0001,0.0762,0.0,0.0,0.0191,0.5,-0.0011699547467287,0.5,False,False,0.0,0.4076,0.0,0.0,0.0,0.1426,1,0.0,0.0,0.0,no,,neutral,no,468960,0.13955348004094165,long
ENSG00000091664,0.0001,0.084,0.0,0.0,0.021,0.5,-0.0008211203930841,0.5,False,False,0.0,0.0,0.0,0.0,0.0,0.0,0,0.0,0.0,0.0,no,SLC17A6,neutral,no,41400,0.27852657004830916,medium
ENSG00000091732,0.9105,0.7969,0.15,0.0,0.6224,7.387062628261275e-10,40.66594719708519,3.634347132835963e-09,True,False,0.0,0.0,0.8164,0.0,0.0,0.2857,0,2.3612988914193136,0.0,0.0,no,ZC3HC1,gene-driven,no,91430,0.2624958985015859,long
ENSG00000091831,1.0,0.9743,0.15,0.0,0.6936,0.0,192.2198371063787,0.0,True,False,0.0,0.4076,0.0,0.0,0.0,0.1426,1,0.0,0.0,0.0,no,ESR1,gene-driven,no,127830,0.2611515293749511,long
ENSG00000091844,0.0001,0.2585,0.0,0.0,0.0647,0.5,0.0,0.5,False,False,0.0,0.4076,0.0,0.0,0.0,0.1426,1,0.0,0.0,0.0,no,RGS17,neutral,no,12930,0.2426140757927301,short
ENSG00000091879,1.0,0.8138,0.15,0.0,0.6535,9.074835327638198e-11,44.85956716824876,4.869280573858941e-10,True,False,0.0,0.4076,0.0,0.0,0.0,0.1426,1,0.0,0.0,0.0,no,ANGPT2,gene-driven,no,72060,0.20413544268665001,medium
ENSG00000092009,0.0001,0.4005,0.0,0.0,0.1002,0.4995889120218742,0.0016450282564619,0.5,False,False,0.0,0.0,0.0,0.0,0.0,0.0,0,0.0,0.0,0.0,no,CMA1,neutral,no,21200,0.32287735849056604,short
ENSG00000092010,0.2481,0.6872,0.15,0.0,0.3962,0.0019668470634897,11.07635262647818,0.0062832994822081,True,False,0.0,0.0,0.0,0.0,0.0,0.0,0,0.0,0.0,0.0,no,PSME1,gene-driven,no,35020,0.22701313535122786,medium
ENSG00000092020,1.0,0.9234,0.15,0.0,0.6809,0.0,108.4070739649433,0.0,True,False,0.0,0.0,0.0,0.0,0.0,0.0,0,0.0,0.0,0.0,no,PPP2R3C,gene-driven,no,66270,0.13004376037422666,medium
ENSG00000092051,0.0001,0.2585,0.0,0.0,0.0647,0.5,0.0,0.5,False,False,0.0,0.0,0.0,0.0,0.0,0.0,0,0.0,0.0,0.0,no,JPH4,neutral,no,75520,0.3263373940677966,medium
ENSG00000092067,0.0001,0.2585,0.0,0.0,0.0647,0.5,0.0,0.5,False,False,0.0,0.0,0.0,0.0,0.0,0.0,0,0.0,0.0,0.0,no,CEBPE,neutral,no,11760,0.4698979591836735,short
ENSG00000092068,0.0001,0.2585,0.0,0.0,0.0647,0.5,0.0,0.5,False,False,0.0,0.0,0.0,0.0,0.0,0.0,0,0.0,0.0,0.0,no,SLC7A8,neutral,no,106740,0.25836612329023795,long
ENSG00000092201,0.0119,0.4843,0.0,0.0,0.1246,0.3844793639502722,0.5254359614627901,0.5,False,False,0.0,0.0,0.0,0.0,0.0,0.0,0,0.0,0.0,0.0,no,SUPT16H,neutral,no,71730,0.23967656489613828,medium
ENSG00000092203,0.0001,0.0525,0.0,0.0,0.0132,0.5,-0.0029939751402707,0.5,False,False,0.0,0.0,0.0,0.0,0.0,0.0,0,0.0,0.0,0.0,no,TOX4,neutral,no,85460,0.17430376784460566,long
ENSG00000092345,1.0,0.8512,0.15,0.0,0.6628,3.7359004778636524e-14,60.44881104964952,2.507742102144913e-13,True,False,0.0,0.0,0.0,0.0,0.0,0.0,0,0.0,0.0,0.0,no,DAZL,gene-driven,no,29110,0.2605977327378908,short
ENSG00000092529,1.0,0.9976,0.15,0.0,0.6994,0.0,410.9553011315875,0.0,True,False,0.0,0.0,0.0,0.0,0.0,0.0,0,0.0,0.0,0.0,no,,gene-driven,no,339110,0.17505824068886203,long
ENSG00000092531,0.3192,0.7039,0.15,0.0,0.4217,0.0004016344523089,14.2536420502729,0.0013553119170859,True,False,0.0,0.0,0.0,0.0,0.0,0.0,0,0.0,0.0,0.0,no,SNAP23,gene-driven,no,61160,0.14844669718770437,medium
ENSG00000092607,1.0,0.9767,0.15,0.0,0.6942,0.0,198.6574707016953,0.0,True,False,0.0,0.0,0.0,0.0,0.0,0.0,0,0.0,0.0,0.0,no,TBX15,gene-driven,no,78950,0.19000633312222925,long
ENSG00000092820,0.9239,0.8002,0.15,0.0,0.6272,5.473625441787533e-10,41.26552517199525,2.736262607784039e-09,True,False,0.0,0.0,0.0,0.0,0.0,0.0,0,0.0,0.0,0.0,no,EZR,gene-driven,no,75720,0.31867406233491813,medium
ENSG00000092847,0.9343,0.8026,0.15,0.0,0.6309,4.34154046047297e-10,41.72894899754465,2.1968283062454275e-09,True,False,0.0,0.0,0.0,0.0,0.0,0.0,0,0.0,0.0,0.0,no,AGO1,gene-driven,no,139570,0.21779752095722577,long
ENSG00000092853,0.0001,0.0583,0.0,0.0,0.0146,0.5,-0.0024826279841363,0.5,False,False,0.0,0.0,0.0,0.0,0.0,0.0,0,0.0,0.0,0.0,no,CLSPN,neutral,no,232430,0.20373876005679128,long
ENSG00000092871,1.0,0.9755,0.15,0.0,0.6939,0.0,194.4064229721334,0.0,True,False,0.0,0.4076,0.0,0.0,0.0,0.1426,1,0.0,0.0,0.0,no,RFFL,gene-driven,no,113373,0.1775907844019299,long
ENSG00000092969,0.0001,0.2585,0.0,0.0,0.0647,0.5,0.0,0.5,False,False,0.0,0.0,0.1643,0.0,0.574,0.1436,0,0.7549811853949355,0.0,152.7,yes,TGFB2,neutral,no,54650,0.2554986276303751,medium
ENSG00000092978,0.0001,0.0645,0.0,0.0,0.0162,0.5,-0.0019271637575002,0.5,False,False,0.0,0.4076,0.0,0.0,0.0,0.1426,1,0.0,0.0,0.0,no,GPATCH2,neutral,no,105700,0.17653736991485336,long
ENSG00000095015,1.0,0.9887,0.15,0.0,0.6972,0.0,277.1406091012759,0.0,True,False,0.0,0.0,0.0,0.0,0.0,0.0,0,0.0,0.0,0.0,no,MAP3K1,gene-driven,no,174090,0.16104888276178989,long
ENSG00000095139,0.0006,0.4174,0.0,0.0,0.1045,0.4946428767171566,0.0215441148175159,0.5,False,False,0.0,0.0,0.0,0.0,0.0,0.0,0,0.0,0.0,0.0,no,ARCN1,neutral,no,80000,0.2458625,long
ENSG00000095203,0.0001,0.2585,0.0,0.0,0.0647,0.5,0.0,0.5,False,False,0.0,0.0,0.0,0.0,0.0,0.0,0,0.0,0.0,0.0,no,EPB41L4B,neutral,no,173720,0.14705272852866683,long
ENSG00000095261,0.9248,0.8004,0.15,0.0,0.6275,5.364848565392322e-10,41.30567115602389,2.684583175479015e-09,True,False,0.0,0.0,0.0,0.0,0.0,0.0,0,0.0,0.0,0.0,no,PSMD5,gene-driven,no,63380,0.23778794572420323,medium
ENSG00000095319,0.7619,0.777,0.15,0.0,0.5728,2.0396063726835223e-08,34.0295534596662,9.13964152948454e-08,True,False,0.0,0.0,0.0,0.0,0.0,0.0,0,0.0,0.0,0.0,no,NUP188,gene-driven,no,211750,0.23096103896103895,long
ENSG00000095321,0.3068,0.7012,0.15,0.0,0.4173,0.0005298181349975,13.69965914262139,0.0017722363170665,True,False,0.0,0.0,0.0,0.0,0.0,0.0,0,0.0,0.0,0.0,no,CRAT,gene-driven,no,158240,0.17281976744186048,long
ENSG00000095380,0.8789,0.7921,0.15,0.0,0.6117,1.4961339944719041e-09,39.25446839020151,7.190116414012802e-09,True,False,0.0,0.0,0.0,0.0,0.0,0.0,0,0.0,0.0,0.0,no,NANS,gene-driven,no,32050,0.23697347893915757,short
ENSG00000095383,0.0001,0.2585,0.0,0.0,0.0647,0.5,0.0,0.5,False,False,0.0,0.0,0.0,0.0,0.0,0.0,0,0.0,0.0,0.0,no,TBC1D2,neutral,no,119690,0.19895563539142785,long
ENSG00000095464,0.0001,0.2585,0.0,0.0,0.0647,0.5,0.0,0.5,False,False,0.0,0.0,0.0,0.0,0.0,0.0,0,0.0,0.0,0.0,no,PDE6C,neutral,no,54320,0.22875552282768777,medium
ENSG00000095564,0.0001,0.2585,0.0,0.0,0.0647,0.5,0.0,0.5,False,False,0.0,0.0,0.0,0.0,0.0,0.0,0,0.0,0.0,0.0,no,BTAF1,neutral,no,218400,0.1987179487179487,long
ENSG00000095574,0.0001,0.0818,0.0,0.0,0.0205,0.5,-0.0009276955079258,0.5,False,False,0.0,0.0,0.0,0.0,0.0,0.0,0,0.0,0.0,0.0,no,IKZF5,neutral,no,37660,0.25018587360594796,medium
ENSG00000095585,0.1915,0.6731,0.15,0.0,0.3757,0.0069556384738847,8.5501109532197,0.0212584054858001,True,False,0.0,0.4076,0.0,0.0,0.0,0.1426,1,0.0,0.0,0.0,no,BLNK,gene-driven,no,139170,0.18965294244449235,long
ENSG00000095596,0.1543,0.6614,0.15,0.0,0.3617,0.0159667129321505,6.888203970200266,0.0471325994804254,True,False,0.0,0.0,0.0,0.0,0.0,0.0,0,0.0,0.0,0.0,no,CYP26A1,gene-driven,no,81790,0.17420222521090598,long
ENSG00000095627,0.011,0.4801,0.0,0.0,0.1233,0.3922588399602283,0.4853723410051316,0.5,False,False,0.0,0.0,0.0,0.0,0.0,0.0,0,0.0,0.0,0.0,no,TDRD1,neutral,no,148810,0.18534372690007392,long
ENSG00000095739,0.0149,0.5046,0.0,0.0,0.1306,0.3596799292888256,0.6587870954626851,0.5,False,False,0.0,0.0,0.0,0.0,0.0,0.0,0,0.0,0.0,0.0,no,BAMBI,neutral,no,22510,0.2372278987116837,short
ENSG00000095970,0.0001,0.2585,0.0,0.0,0.0647,0.5,0.0,0.5,False,False,0.0,0.0,0.0,0.0,0.0,0.0,0,0.0,0.0,0.0,no,TREM2,neutral,no,46720,0.21451198630136986,medium
ENSG00000095981,0.8129,0.7825,0.15,0.0,0.5895,6.527336227080127e-09,36.30823944335498,2.997873535872258e-08,True,False,0.0,0.0,0.0,0.0,0.0,0.0,0,0.0,0.0,0.0,no,KCNK16,gene-driven,no,44900,0.3020489977728285,medium
ENSG00000096060,0.5931,0.7529,0.15,0.0,0.5162,8.841867662479075e-07,26.49090068420628,3.5755650205830016e-06,True,False,0.0,0.4076,0.0,0.0,0.0,0.1426,1,0.0,0.0,0.0,no,FKBP5,gene-driven,no,51620,0.2256489732661759,medium
ENSG00000096070,0.0001,0.2585,0.0,0.0,0.0647,0.5,0.0,0.5,False,False,0.0,0.0,0.0,0.0,0.0,0.0,0,0.0,0.0,0.0,no,BRPF3,neutral,no,242070,0.31189325401743295,long
ENSG00000096092,0.0107,0.4789,0.0,0.0,0.1229,0.3949975693360068,0.4714569742118329,0.5,False,False,0.0,0.0,0.0,0.0,0.0,0.0,0,0.0,0.0,0.0,no,TMEM14A,neutral,no,14490,0.18329882677708764,short
ENSG00000096395,0.4583,0.729,0.15,0.0,0.4697,1.795983517399735e-05,20.46845098403901,6.622106757261885e-05,True,False,0.0,0.4076,0.0,0.0,0.0,0.1426,1,0.0,0.0,0.0,no,MLN,gene-driven,no,16320,0.21997549019607843,short
ENSG00000096401,0.0414,0.5871,0.0,0.0,0.1592,0.1989957472249986,1.842649289152178,0.4816568597066389,False,False,0.0,0.0,0.0,0.0,0.0,0.0,0,0.0,0.0,0.0,no,CDC5L,neutral,no,70560,0.2714427437641723,medium
ENSG00000096654,1.0,0.9136,0.15,0.0,0.6784,0.0,99.5242056110801,0.0,True,False,0.0,0.0,0.0,0.0,0.0,0.0,0,0.0,0.0,0.0,no,ZNF184,gene-driven,no,113690,0.2017063945817574,long
ENSG00000096696,1.0,0.9556,0.15,0.0,0.6889,0.0,145.6175664516923,0.0,True,False,0.0,0.0,0.0,0.0,0.0,0.0,0,0.0,0.0,0.0,no,,gene-driven,no,339850,0.1895277328233044,long
ENSG00000096717,0.0001,0.2585,0.0,0.0,0.0647,0.5,0.0,0.5,False,False,0.0,0.0,0.0,0.0,0.0,0.0,0,0.0,0.0,0.0,no,SIRT1,neutral,no,106240,0.17339984939759037,long
ENSG00000096746,0.0001,0.0523,0.0,0.0,0.0131,0.5,-0.0030516476108459,0.5,False,False,0.0,0.0,0.0,0.0,0.0,0.0,0,0.0,0.0,0.0,no,HNRNPH3,neutral,no,43130,0.20686297240899607,medium
ENSG00000097007,0.0954,0.6391,0.0,0.0,0.1884,0.0594742299454749,4.258129979803925,0.1647131513077909,False,False,0.0,0.0,0.0,0.0,0.0,0.0,0,0.0,0.0,0.0,no,ABL1,neutral,no,188880,0.2733322744599746,long
ENSG00000097033,0.0001,0.2585,0.0,0.0,0.0647,0.5,0.0,0.5,False,False,0.0,0.0,0.0,0.0,0.0,0.0,0,0.0,0.0,0.0,no,SH3GLB1,neutral,no,66640,0.22675570228091235,medium
ENSG00000097096,0.0001,0.2585,0.0,0.0,0.0647,0.5,0.0,0.5,False,False,0.0,0.0,0.0,0.0,0.0,0.0,0,0.0,0.0,0.0,no,SYDE2,neutral,no,212580,0.14472198701665256,long
ENSG00000099194,0.0426,0.5897,0.0,0.0,0.1602,0.1937124645538076,1.896466360420163,0.4718539660580994,False,False,0.0,0.0,0.0,0.0,0.0,0.0,0,0.0,0.0,0.0,no,SCD,neutral,no,34230,0.21951504528191645,medium
ENSG00000099219,0.0001,0.2585,0.0,0.0,0.0647,0.5,0.0,0.5,False,False,0.0,0.0,0.0,0.0,0.0,0.0,0,0.0,0.0,0.0,no,,neutral,no,500800,0.07998003194888179,long
ENSG00000099256,0.0151,0.506,0.0,0.0,0.131,0.3576829345142334,0.6699223244177119,0.5,False,False,0.0,0.0,0.0,0.0,0.0,0.0,0,0.0,0.0,0.0,no,PRTFDC1,neutral,no,28629,0.2522966223060533,short
ENSG00000099260,1.0,0.8416,0.15,0.0,0.6604,4.3076653355456074e-13,55.56021675509692,2.715630846515063e-12,True,False,0.0,0.0,0.0,0.0,0.0,0.0,0,0.0,0.0,0.0,no,PALMD,gene-driven,no,76830,0.2155928673695171,medium
ENSG00000099282,1.0,0.8689,0.15,0.0,0.6672,4.440892098500626e-16,69.3369916129086,3.372365999685819e-15,True,False,0.0,0.0,0.0,0.0,0.0,0.0,0,0.0,0.0,0.0,no,TSPAN15,gene-driven,no,21250,0.26296470588235293,short
ENSG00000099284,0.0339,0.5742,0.0,0.0,0.1537,0.2348482278160257,1.511337263887981,0.5,False,False,0.0,0.0,0.0,0.0,0.0,0.0,0,0.0,0.0,0.0,no,MACROH2A2,neutral,no,114140,0.12138601717189416,long
ENSG00000099814,0.0001,0.2585,0.0,0.0,0.0647,0.5,0.0,0.5,False,False,0.0,0.0,0.0,0.0,0.0,0.0,0,0.0,0.0,0.0,no,CEP170B,neutral,no,241200,0.22512023217247099,long
ENSG00000100439,0.1118,0.6454,0.075,0.0,0.2699,0.0412825338663921,4.988337193524785,0.1163395600291413,False,False,0.0,0.0,0.0,0.0,0.0,0.0,0,0.0,0.0,0.0,no,ABHD4,neutral,no,45060,0.21245006657789614,medium
ENSG00000100442,1.0,0.8225,0.15,0.0,0.6556,2.171351987101389e-11,47.7198774454082,1.2217539348237907e-10,True,False,0.0,0.0,0.0,0.0,0.0,0.0,0,0.0,0.0,0.0,no,FKBP3,gene-driven,no,16760,0.2619928400954654,short
ENSG00000100445,1.0,0.8201,0.15,0.0,0.655,3.2428282281671266e-11,46.91768504650463,1.8002039739847423e-10,True,False,0.0,0.0,0.0,0.0,0.0,0.0,0,0.0,0.0,0.0,no,SDR39U1,gene-driven,no,95110,0.17680580380611924,long
ENSG00000100448,0.0001,0.2585,0.0,0.0,0.0647,0.5,0.0,0.5,False,False,0.0,0.0,0.0,0.0,0.0,0.0,0,0.0,0.0,0.0,no,CTSG,neutral,no,9440,0.47182203389830507,short
ENSG00000100453,1.0,0.9692,0.15,0.0,0.6923,0.0,176.3065687106719,0.0,True,False,0.0,0.0,0.0,0.0,0.0,0.0,0,0.0,0.0,0.0,no,GZMB,gene-driven,no,70920,0.19901297236322618,medium
ENSG00000100461,1.0,0.8723,0.15,0.0,0.6681,1.665334536937735e-16,71.19334365037503,1.2963026583299364e-15,True,False,0.0,0.0,0.0,0.0,0.0,0.0,0,0.0,0.0,0.0,no,RBM23,gene-driven,no,97470,0.2301631271160357,long
ENSG00000100462,1.0,0.8207,0.15,0.0,0.6552,3.140315785188363e-11,46.98193128955609,1.749152375758893e-10,True,False,0.0,0.0,0.0,0.0,0.0,0.0,0,0.0,0.0,0.0,no,PRMT5,gene-driven,no,205950,0.20394756008739987,long
ENSG00000100483,0.0148,0.504,0.0,0.0,0.1304,0.3600644657794588,0.6566500227472716,0.5,False,False,0.0,0.0,0.0,0.0,0.0,0.0,0,0.0,0.0,0.0,no,VCPKMT,neutral,no,26500,0.24626415094339624,short
ENSG00000100504,0.0001,0.2585,0.0,0.0,0.0647,0.5,0.0,0.5,False,False,0.0,0.0,0.0,0.0,0.0,0.0,0,0.0,0.0,0.0,no,PYGL,neutral,no,166320,0.2480098605098605,long
ENSG00000100505,0.0026,0.4395,0.0,0.0,0.1106,0.4733031294772254,0.1097440989833558,0.5,False,False,0.0,0.0,0.0,0.0,0.0,0.0,0,0.0,0.0,0.0,no,TRIM9,neutral,no,182260,0.2537199604959947,long
ENSG00000100523,0.4315,0.7246,0.15,0.0,0.4606,3.268414667223496e-05,19.27094645671605,0.0001185783702025,True,False,0.0,0.0,0.0,0.0,0.0,0.0,0,0.0,0.0,0.0,no,DDHD1,gene-driven,no,228250,0.1862606790799562,long
ENSG00000100526,0.0001,0.1009,0.0,0.0,0.0253,0.5,-0.0002593879580672,0.5,False,False,0.0,0.0,0.0,0.0,0.0,0.0,0,0.0,0.0,0.0,no,CDKN3,neutral,no,46630,0.25869611837872614,medium
ENSG00000100528,0.0001,0.0891,0.0,0.0,0.0223,0.5,-0.0005699648500012,0.5,False,False,0.0,0.0,0.0,0.0,0.0,0.0,0,0.0,0.0,0.0,no,CNIH1,neutral,no,41110,0.14916078812940892,medium
ENSG00000100554,0.0001,0.1098,0.0,0.0,0.0275,0.5,-5.615060945274308e-05,0.5,False,False,0.0,0.0,0.0,0.0,0.0,0.0,0,0.0,0.0,0.0,no,ATP6V1D,neutral,no,49890,0.16973341350972138,medium
ENSG00000100565,1.0,0.9367,0.15,0.0,0.6842,0.0,120.4155993857457,0.0,True,False,0.0,0.0,0.0,0.0,0.0,0.0,0,0.0,0.0,0.0,no,LRRC74A,gene-driven,no,73330,0.17929905904813856,medium
ENSG00000100567,0.0493,0.5987,0.0,0.0,0.1645,0.1665617285527429,2.198484231093971,0.4148613108769871,False,False,0.0,0.0,0.0,0.0,0.0,0.0,0,0.0,0.0,0.0,no,PSMA3,neutral,no,31170,0.19124157844080847,short
ENSG00000100577,0.58,0.7515,0.15,0.0,0.5119,1.186948998532777e-06,25.90195445892095,4.772743992483455e-06,True,False,0.0,0.0,0.0,0.0,0.0,0.0,0,0.0,0.0,0.0,no,GSTZ1,gene-driven,no,67840,0.21342865566037736,medium
ENSG00000100583,0.7903,0.7801,0.15,0.0,0.5821,1.0810672468331011e-08,35.29916963974028,4.9107109458884416e-08,True,False,0.0,0.0,0.0,0.0,0.0,0.0,0,0.0,0.0,0.0,no,SAMD15,gene-driven,no,62490,0.1738038086093775,medium
ENSG00000100592,0.0001,0.3981,0.0,0.0,0.0996,0.4998716509652422,0.0005134620441822,0.5,False,False,0.0,0.0,0.0,0.0,0.0,0.0,0,0.0,0.0,0.0,no,DAAM1,neutral,no,177770,0.22786746920177758,long
ENSG00000100603,0.0001,0.2585,0.0,0.0,0.0647,0.5,0.0,0.5,False,False,0.0,0.4076,0.0,0.0,0.0,0.1426,1,0.0,0.0,0.0,no,SNW1,neutral,no,59050,0.1941744284504657,medium
ENSG00000100604,0.0001,0.2585,0.0,0.0,0.0647,0.5,0.0,0.5,False,False,0.0,0.0,0.0,0.0,0.0,0.0,0,0.0,0.0,0.0,no,CHGA,neutral,no,125500,0.17529083665338646,long
ENSG00000100626,0.0001,0.2585,0.0,0.0,0.0647,0.5,0.0,0.5,False,False,0.0,0.0,0.0,0.0,0.0,0.0,0,0.0,0.0,0.0,no,GALNT16,neutral,no,73450,0.29616065350578624,medium
ENSG00000100628,1.0,0.8217,0.15,0.0,0.6554,2.8379631977770708e-11,47.18440398777602,1.5896428992953995e-10,True,False,0.0,0.0,0.0,0.0,0.0,0.0,0,0.0,0.0,0.0,no,ASB2,gene-driven,no,119130,0.1765130529673466,long
ENSG00000100644,0.0001,0.2585,0.0,0.0,0.0647,0.5,0.0,0.5,False,False,0.0,0.0,0.0,0.0,0.0,0.0,0,0.0,0.0,0.0,no,HIF1A,neutral,no,231590,0.18553046331879613,long
ENSG00000100647,0.0339,0.5736,0.0,0.0,0.1536,0.2352301954607667,1.508087017036814,0.5,False,False,0.0,0.4076,0.0,0.0,0.0,0.1426,1,0.0,0.0,0.0,no,SUSD6,neutral,no,28260,0.2197452229299363,short
ENSG00000100652,0.0501,0.6001,0.0,0.0,0.1651,0.163697782077146,2.233172325468331,0.4091621950008664,False,False,0.0,0.0,0.0,0.0,0.0,0.0,0,0.0,0.0,0.0,no,SLC10A1,neutral,no,20150,0.2695781637717122,short
ENSG00000100665,0.0543,0.6057,0.0,0.0,0.1677,0.1489356124557059,2.42218803383912,0.3774219609023056,False,False,0.0,0.0,0.0,0.0,0.0,0.0,0,0.0,0.0,0.0,no,SERPINA4,neutral,no,39370,0.2046990093980188,medium
ENSG00000100678,0.0987,0.6397,0.0,0.0,0.1895,0.0552802051881791,4.404386414447799,0.1533540103770233,False,False,0.0,0.0,0.0,0.0,0.0,0.0,0,0.0,0.0,0.0,no,SLC8A3,neutral,no,268120,0.1779464418916903,long
ENSG00000100721,0.0001,0.2585,0.0,0.0,0.0647,0.5,0.0,0.5,False,False,0.0,0.0,0.0,0.0,0.0,0.0,0,0.0,0.0,0.0,no,TCL1A,neutral,no,20280,0.15552268244575937,short
ENSG00000100744,1.0,0.9055,0.15,0.0,0.6764,0.0,92.1882915529386,0.0,True,False,0.0,0.0,0.0,0.0,0.0,0.0,0,0.0,0.0,0.0,no,GSKIP,gene-driven,no,22480,0.1530693950177936,short
ENSG00000100796,1.0,0.9994,0.15,0.0,0.6998,0.0,652.1912893476838,0.0,True,False,0.0,0.0,0.0,0.0,0.0,0.0,0,0.0,0.0,0.0,no,PPP4R3A,gene-driven,no,186520,0.13095110443920224,long
ENSG00000100802,0.0011,0.4262,0.0,0.0,0.1069,0.4893508603006809,0.0430567210059962,0.5,False,False,0.0,0.0,0.0,0.0,0.0,0.0,0,0.0,0.0,0.0,no,C14orf93,neutral,no,124970,0.1624549891974074,long
ENSG00000100811,1.0,0.9363,0.15,0.0,0.6841,0.0,120.2246455597706,0.0,True,False,0.0,0.0,0.0,0.0,0.0,0.0,0,0.0,0.0,0.0,no,YY1,gene-driven,no,47490,0.21027584754685197,medium
ENSG00000100815,0.0001,0.2585,0.0,0.0,0.0647,0.5,0.0,0.5,False,False,0.0,0.0,0.0,0.0,0.0,0.0,0,0.0,0.0,0.0,no,TRIP11,neutral,no,122690,0.1963974244029668,long
ENSG00000100842,0.0001,0.2585,0.0,0.0,0.0647,0.5,0.0,0.5,False,False,0.0,0.4076,0.0,0.0,0.0,0.1426,1,0.0,0.0,0.0,no,EFS,neutral,no,109650,0.2550843593251254,long
ENSG00000100884,0.2242,0.6813,0.15,0.0,0.3876,0.0033536736786167,10.00910346600722,0.0105177634788395,True,False,0.0,0.0,0.0,0.0,0.0,0.0,0,0.0,0.0,0.0,no,CPNE6,gene-driven,no,111390,0.21551306221384325,long
ENSG00000100889,0.0005,0.4142,0.0,0.0,0.1037,0.4960368552297681,0.0159157391171902,0.5,False,False,0.0,0.0,0.0,0.0,0.0,0.0,0,0.0,0.0,0.0,no,PCK2,neutral,no,127480,0.24195167869469722,long
ENSG00000100890,1.0,0.9483,0.15,0.0,0.6871,0.0,132.3336544187696,0.0,True,False,0.0,0.0,0.0,0.0,0.0,0.0,0,0.0,0.0,0.0,no,PRORP,gene-driven,no,111230,0.1502292546974737,long
ENSG00000100908,1.0,0.8343,0.15,0.0,0.6586,2.267019905133338e-12,52.2387971381504,1.3657873056890416e-11,True,False,0.0,0.0,0.0,0.0,0.0,0.0,0,0.0,0.0,0.0,no,EMC9,gene-driven,no,29350,0.20729131175468485,short
ENSG00000100911,0.4732,0.7308,0.15,0.0,0.4746,1.28952488036016e-05,21.13100888745976,4.7866393693368926e-05,True,False,0.0,0.0,0.0,0.0,0.0,0.0,0,0.0,0.0,0.0,no,PSME2,gene-driven,no,38060,0.20819758276405675,medium
ENSG00000100938,0.071,0.6222,0.0,0.0,0.1769,0.1026407628399257,3.166745891503524,0.2715612523222289,False,False,0.0,0.0,0.0,0.0,0.0,0.0,0,0.0,0.0,0.0,no,GMPR2,neutral,no,172760,0.1342208844639963,long
ENSG00000100941,0.0061,0.4612,0.0,0.0,0.1171,0.4376828849756462,0.2662269143256708,0.5,False,False,0.0,0.0,0.0,0.0,0.0,0.0,0,0.0,0.0,0.0,no,PNN,neutral,no,62080,0.20199742268041238,medium
ENSG00000102466,0.0001,0.0635,0.0,0.0,0.0159,0.5,-0.0020186006895528,0.5,False,False,0.0,0.4076,0.0,0.0,0.0,0.1426,1,0.0,0.0,0.0,no,FGF14,neutral,no,40500,0.19007407407407406,medium
ENSG00000102468,0.0001,0.2585,0.0,0.0,0.0647,0.5,0.0,0.5,False,False,0.0,0.0,0.0,0.0,0.0,0.0,0,0.0,0.0,0.0,no,HTR2A,neutral,no,29600,0.32891891891891895,short
ENSG00000102471,0.0001,0.2585,0.0,0.0,0.0647,0.5,0.0,0.5,False,False,0.0,0.0,0.0,0.0,0.0,0.0,0,0.0,0.0,0.0,no,NDFIP2,neutral,no,119530,0.08514180540450096,long
ENSG00000102524,0.0001,0.2585,0.0,0.0,0.0647,0.5,0.0,0.5,False,False,0.0,0.0,0.0,0.0,0.0,0.0,0,0.0,0.0,0.0,no,TNFSF13B,neutral,no,76890,0.15631421511249838,medium
ENSG00000102539,0.0001,0.0468,0.0,0.0,0.0117,0.5,-0.003689363680678,0.5,False,False,0.0,0.0,0.0,0.0,0.0,0.0,0,0.0,0.0,0.0,no,MLNR,neutral,no,23750,0.36117894736842104,short
ENSG00000102547,0.0507,0.6009,0.0,0.0,0.1655,0.1613886650933563,2.261585147218284,0.4041023194918495,False,False,0.0,0.0,0.0,0.0,0.0,0.0,0,0.0,0.0,0.0,no,CAB39L,neutral,no,77850,0.1096082209377007,medium
ENSG00000102580,0.014,0.4968,0.0,0.0,0.1284,0.36651716158772,0.6211255051166518,0.5,False,False,0.0,0.4076,0.0,0.0,0.0,0.1426,1,0.0,0.0,0.0,no,DNAJC3,neutral,no,82450,0.19405700424499697,long
ENSG00000102595,0.0001,0.0223,0.0,0.0,0.0056,0.5,-0.0065121295774588,0.5,False,False,0.0,0.4076,0.0,0.0,0.0,0.1426,1,0.0,0.0,0.0,no,UGGT2,neutral,no,227150,0.16154523442659036,long
ENSG00000102678,0.0001,0.1025,0.0,0.0,0.0257,0.5,-0.0002347335503145,0.5,False,False,0.0,0.0,0.0,0.0,0.0,0.0,0,0.0,0.0,0.0,no,FGF9,neutral,no,19670,0.18673106253177427,short
ENSG00000102683,0.0001,0.2585,0.0,0.0,0.0647,0.5,0.0,0.5,False,False,0.0,0.0,0.0,0.0,0.0,0.0,0,0.0,0.0,0.0,no,SGCG,neutral,no,41640,0.15590778097982708,medium
ENSG00000102738,0.0003,0.4071,0.0,0.0,0.1019,0.4980521634414717,0.0078065620327834,0.5,False,False,0.0,0.0,0.0,0.0,0.0,0.0,0,0.0,0.0,0.0,no,MRPS31,neutral,no,65570,0.11961262772609425,medium
ENSG00000102760,0.0158,0.5103,0.0,0.0,0.1323,0.3520784242806217,0.7015083027317814,0.5,False,False,0.0,0.0,0.0,0.0,0.0,0.0,0,0.0,0.0,0.0,no,RGCC,neutral,no,17850,0.21204481792717086,short
ENSG00000102794,0.0016,0.4326,0.0,0.0,0.1086,0.4839236776522828,0.065361789878807,0.5,False,False,0.0,0.0,0.0,0.0,0.0,0.0,0,0.0,0.0,0.0,no,ACOD1,neutral,no,48550,0.20797116374871266,medium
ENSG00000102805,0.1611,0.6641,0.15,0.0,0.3643,0.013716780908295,7.191976262762182,0.0408057824389113,True,False,0.0,0.0,0.0,0.0,0.0,0.0,0,0.0,0.0,0.0,no,CLN5,gene-driven,no,85160,0.12694927195866604,long
ENSG00000102837,0.0001,0.2585,0.0,0.0,0.0647,0.5,0.0,0.5,False,False,0.0,0.0,0.0,0.0,0.0,0.0,0,0.0,0.0,0.0,no,OLFM4,neutral,no,21470,0.3271075919888216,short
ENSG00000103024,1.0,0.9041,0.15,0.0,0.676,0.0,90.79447275061648,0.0,True,False,0.0,0.0,0.0,0.0,0.0,0.0,0,0.0,0.0,0.0,no,NME3,gene-driven,no,15372,0.2683450429352069,short
ENSG00000103275,1.0,0.9312,0.15,0.0,0.6828,0.0,114.5613583963423,0.0,True,False,0.0,0.0,0.0,0.0,0.0,0.0,0,0.0,0.0,0.0,no,UBE2I,gene-driven,no,225009,0.07272597984969491,long
ENSG00000103313,0.6499,0.7604,0.15,0.0,0.5351,2.488121252364195e-07,29.02684112399584,1.0373776286051557e-06,True,False,0.0,0.0,0.0,0.0,0.0,0.0,0,0.0,0.0,0.0,no,MEFV,gene-driven,no,180024,0.21069412967159934,long
ENSG00000103343,0.0017,0.4349,0.0,0.0,0.1092,0.4821365794828785,0.072761329171044,0.5,False,False,0.0,0.0,0.0,0.0,0.0,0.0,0,0.0,0.0,0.0,no,ZNF174,neutral,no,53622,0.19490134646227295,medium
ENSG00000103351,1.0,0.9003,0.15,0.0,0.6751,0.0,87.61208962661476,0.0,True,False,0.0,0.0,0.0,0.0,0.0,0.0,0,0.0,0.0,0.0,no,CLUAP1,gene-driven,no,69102,0.20267141327313248,medium
ENSG00000103591,0.0005,0.414,0.0,0.0,0.1036,0.496077593687289,0.0157514900929527,0.5,False,False,0.0,0.0,0.0,0.0,0.0,0.0,0,0.0,0.0,0.0,no,AAGAB,neutral,no,29630,0.18265271684103948,short
ENSG00000103647,0.0001,0.0094,0.0,0.0,0.0024,0.5,-0.0085595565251423,0.5,False,False,0.0,0.0,0.0,0.0,0.0,0.0,0,0.0,0.0,0.0,no,CORO2B,neutral,no,67350,0.27334818114328135,medium
ENSG00000103707,0.0001,0.077,0.0,0.0,0.0193,0.5,-0.0011027779182768,0.5,False,False,0.0,0.0,0.0,0.0,0.0,0.0,0,0.0,0.0,0.0,no,MTFMT,neutral,no,38050,0.19724047306176085,medium
ENSG00000103710,0.0001,0.2585,0.0,0.0,0.0647,0.5,0.0,0.5,False,False,0.0,0.0,0.0,0.0,0.0,0.0,0,0.0,0.0,0.0,no,RASL12,neutral,no,30650,0.39650897226753673,short
ENSG00000103742,0.0001,0.4007,0.0,0.0,0.1002,0.4995665884923779,0.0017343978470307,0.5,False,False,0.0,0.0,0.0,0.0,0.0,0.0,0,0.0,0.0,0.0,no,IGDCC4,neutral,no,90040,0.33577298978231895,long
ENSG00000103769,0.4511,0.7276,0.15,0.0,0.4672,2.109727840438058e-05,20.14643866173355,7.738780441252877e-05,True,False,0.0,0.0,0.0,0.0,0.0,0.0,0,0.0,0.0,0.0,no,RAB11A,gene-driven,no,28570,0.1911095554777739,short
ENSG00000104043,1.0,0.9053,0.15,0.0,0.6763,0.0,92.15474846464348,0.0,True,False,0.0,0.0,0.0,0.0,0.0,0.0,0,0.0,0.0,0.0,no,,gene-driven,no,354620,0.11171958716372456,long
ENSG00000104055,0.0001,0.2585,0.0,0.0,0.0647,0.5,0.0,0.5,False,False,0.0,0.0,0.0,0.0,0.0,0.0,0,0.0,0.0,0.0,no,TGM5,neutral,no,128210,0.24456750643475547,long
ENSG00000104059,0.0001,0.2585,0.0,0.0,0.0647,0.5,0.0,0.5,False,False,0.0,0.0,0.0,0.0,0.0,0.0,0,0.0,0.0,0.0,no,ENTREP2,neutral,no,42990,0.29490579204466155,medium
ENSG00000104129,0.0001,0.2585,0.0,0.0,0.0647,0.5,0.0,0.5,False,False,0.0,0.0,0.0,0.0,0.0,0.0,0,0.0,0.0,0.0,no,DNAJC17,neutral,no,49160,0.22255899104963384,medium
ENSG00000104142,0.0001,0.2585,0.0,0.0,0.0647,0.5,0.0,0.5,False,False,0.0,0.0,0.0,0.0,0.0,0.0,0,0.0,0.0,0.0,no,VPS18,neutral,no,65580,0.33778591033851785,medium
ENSG00000104154,0.0273,0.5495,0.0,0.0,0.1456,0.2723236236728768,1.215233892820834,0.5,False,False,0.0,0.0,0.0,0.0,0.0,0.0,0,0.0,0.0,0.0,no,SLC30A4,neutral,no,47780,0.15391377145249058,medium
ENSG00000104221,0.0001,0.2585,0.0,0.0,0.0647,0.5,0.0,0.5,False,False,0.0,0.0,0.0,0.0,0.0,0.0,0,0.0,0.0,0.0,no,BRF2,neutral,no,55840,0.25395773638968483,medium
ENSG00000104237,0.0001,0.2585,0.0,0.0,0.0647,0.5,0.0,0.5,False,False,0.0,0.0,0.0,0.0,0.0,0.0,0,0.0,0.0,0.0,no,RP1,neutral,no,241640,0.19835292170170502,long
ENSG00000104267,0.0049,0.4542,0.0,0.0,0.115,0.4491010536203652,0.21472034450926,0.5,False,False,0.0,0.0,0.0,0.0,0.0,0.0,0,0.0,0.0,0.0,no,CA2,neutral,no,40890,0.1954756664221081,medium
ENSG00000104312,0.0001,0.2585,0.0,0.0,0.0647,0.5,0.0,0.5,False,False,0.0,0.0,0.0,0.0,0.0,0.0,0,0.0,0.0,0.0,no,RIPK2,neutral,no,76930,0.16854283114519694,medium
ENSG00000104313,0.2891,0.698,0.15,0.0,0.4112,0.0007872412489859,12.90765726692916,0.0026052814187999,True,False,0.0,0.8761,0.0,0.0,0.0,0.3066,2,0.0,0.0,0.0,no,EYA1,dual-driven,no,234770,0.14337436640115858,long
ENSG00000104321,0.0001,0.2585,0.0,0.0,0.0647,0.5,0.0,0.5,False,False,0.0,0.0,0.0,0.0,0.0,0.0,0,0.0,0.0,0.0,no,TRPA1,neutral,no,101750,0.17112530712530713,long
ENSG00000104324,1.0,0.9449,0.15,0.0,0.6862,0.0,128.6489725813226,0.0,True,False,0.0,0.0,0.0,0.0,0.0,0.0,0,0.0,0.0,0.0,no,CPQ,gene-driven,no,82260,0.16779722830051058,long
ENSG00000104327,0.0001,0.0957,0.0,0.0,0.024,0.5,-0.0003869064039463,0.5,False,False,0.0,0.0,0.0,0.0,0.0,0.0,0,0.0,0.0,0.0,no,CALB1,neutral,no,25960,0.17288135593220338,short
ENSG00000104332,0.0446,0.5919,0.0,0.0,0.1614,0.1849445921066591,1.989103640482426,0.4529366819982877,False,False,0.0,0.0,0.0,0.0,0.0,0.0,0,0.0,0.0,0.0,no,SFRP1,neutral,no,49260,0.17911084043848965,medium
ENSG00000104361,0.0083,0.471,0.0,0.0,0.1203,0.4163148465004515,0.366332563724427,0.5,False,False,0.0,0.0,0.0,0.0,0.0,0.0,0,0.0,0.0,0.0,no,NIPAL2,neutral,no,37170,0.21861716437987624,medium
ENSG00000104369,0.0127,0.4879,0.0,0.0,0.1258,0.3772254642504924,0.5635300826143066,0.5,False,False,0.0,0.0,0.0,0.0,0.0,0.0,0,0.0,0.0,0.0,no,JPH1,neutral,no,63820,0.2690692572861172,medium
ENSG00000104371,0.0001,0.0625,0.0,0.3,0.3157,0.5,-0.0021035377358202,0.5,False,True,1.0,0.0,0.0,0.0,0.0,0.0,0,0.0,0.0,0.0,no,DKK4,gene-driven,no,20570,0.20826446280991737,short
ENSG00000104381,1.0,0.8579,0.15,0.0,0.6645,8.271161533457416e-15,63.46090544969775,5.810841450200168e-14,True,False,0.0,0.0,0.0,0.0,0.0,0.0,0,0.0,0.0,0.0,no,GDAP1,gene-driven,no,248620,0.06795511221945137,long
ENSG00000104415,0.0001,0.2585,0.0,0.0,0.0647,0.5,0.0,0.5,False,False,0.0,0.0,0.0,0.0,0.0,0.0,0,0.0,0.0,0.0,no,CCN4,neutral,no,53260,0.27865189635749155,medium
ENSG00000104427,0.0001,0.0694,0.0,0.0,0.0174,0.5,-0.0016033036663429,0.5,False,False,0.0,0.0,0.599,0.0,0.0,0.2097,0,1.365773555878967,0.0,0.0,no,ZC2HC1A,neutral,no,52670,0.20630339851908108,medium
ENSG00000104432,1.0,0.957,0.15,0.0,0.6892,0.0,147.7213358461504,0.0,True,False,0.0,0.0,0.0,0.0,0.0,0.0,0,0.0,0.0,0.0,no,IL7,gene-driven,no,40500,0.16412345679012347,medium
ENSG00000104435,0.0001,0.0026,0.0,0.0,0.0007,0.5,-0.0095789385359239,0.5,False,False,0.0,0.0,0.0,0.0,0.0,0.0,0,0.0,0.0,0.0,no,STMN2,neutral,no,27140,0.21676492262343405,short
ENSG00000104442,1.0,0.8329,0.15,0.0,0.6582,3.159361661175808e-12,51.57501739840518,1.888781839265441e-11,True,False,0.0,0.0,0.0,0.0,0.0,0.0,0,0.0,0.0,0.0,no,ARMC1,gene-driven,no,28360,0.21057827926657263,short
ENSG00000104450,0.1491,0.6596,0.075,0.0,0.2846,0.0179229584731056,6.657051222377049,0.052626207464715,False,False,0.0,0.0,0.0,0.0,0.0,0.0,0,0.0,0.0,0.0,no,SPAG1,neutral,no,88500,0.19362711864406779,long
ENSG00000104490,0.2647,0.6918,0.15,0.0,0.4024,0.0013553712434182,11.82106540257155,0.0043947956745518,True,False,0.0,0.0,0.0,0.0,0.0,0.0,0,0.0,0.0,0.0,no,NCALD,gene-driven,no,83470,0.09861027914220678,long
ENSG00000104497,0.6058,0.7551,0.15,0.0,0.5205,6.658816424920388e-07,27.0580134312986,2.717059302506482e-06,True,False,0.0,0.0,0.0,0.0,0.0,0.0,0,0.0,0.0,0.0,no,SNX16,gene-driven,no,60610,0.16753011054281472,medium
ENSG00000104518,0.0001,0.2585,0.0,0.0,0.0647,0.5,0.0,0.5,False,False,0.0,0.0,0.0,0.0,0.0,0.0,0,0.0,0.0,0.0,no,GSDMD,neutral,no,86360,0.2447545159796202,long
ENSG00000104537,0.0017,0.4335,0.0,0.0,0.1089,0.4828858693966226,0.0696555358699697,0.5,False,False,0.0,0.0,0.0,0.0,0.0,0.0,0,0.0,0.0,0.0,no,ANXA13,neutral,no,41880,0.2773877745940783,medium
ENSG00000104611,0.0001,0.2585,0.0,0.0,0.0647,0.5,0.0,0.5,False,False,0.0,0.0,0.0,0.0,0.0,0.0,0,0.0,0.0,0.0,no,SH2D4A,neutral,no,66390,0.22265401415875885,medium
ENSG00000104626,0.7517,0.7754,0.15,0.0,0.5694,2.5628936806132433e-08,33.57279319948429,1.1402355248095055e-07,True,False,0.0,0.0,0.0,0.0,0.0,0.0,0,0.0,0.0,0.0,no,ERI1,gene-driven,no,54920,0.1595047341587764,medium
ENSG00000104643,0.9663,0.8076,0.15,0.0,0.6418,2.1217499979186977e-10,43.1609248446257,1.1016267734496452e-09,True,False,0.0,0.0,0.0,0.0,0.0,0.0,0,0.0,0.0,0.0,no,MTMR9,gene-driven,no,67560,0.18701894612196565,medium
ENSG00000104660,1.0,0.9097,0.15,0.0,0.6774,0.0,95.74177610920742,0.0,True,False,0.0,0.0,0.0,0.0,0.0,0.0,0,0.0,0.0,0.0,no,LEPROTL1,gene-driven,no,44920,0.1892252894033838,medium
ENSG00000104671,1.0,0.8882,0.15,0.0,0.6721,0.0,79.84386160075155,0.0,True,False,0.0,0.0,0.0,0.0,0.0,0.0,0,0.0,0.0,0.0,no,DCTN6,gene-driven,no,27480,0.18628093158660844,short
ENSG00000104689,0.1484,0.6592,0.075,0.0,0.2843,0.018204617032855,6.625865706879267,0.0533901916989511,False,False,0.0,0.0,0.0,0.0,0.0,0.0,0,0.0,0.0,0.0,no,TNFRSF10A,neutral,no,64220,0.23874182497664279,medium
ENSG00000104714,0.4969,0.7356,0.15,0.0,0.483,7.592540227141509e-06,22.19039432251884,2.8697032743010536e-05,True,False,0.0,0.0,0.0,0.0,0.0,0.0,0,0.0,0.0,0.0,no,ERICH1,gene-driven,no,58340,0.25202262598560166,medium
ENSG00000104723,0.0001,0.0294,0.0,0.0,0.0074,0.5,-0.0056336187117267,0.5,False,False,0.0,0.4076,0.0,0.0,0.0,0.1426,1,0.0,0.0,0.0,no,TUSC3,neutral,no,154420,0.1626538013210724,long
ENSG00000104738,0.6695,0.763,0.15,0.0,0.5416,1.608129117092183e-07,29.89975401213451,6.778673074929253e-07,True,False,0.0,0.0,0.4227,0.0,0.0,0.1479,0,0.9723748541504847,0.0,0.0,no,MCM4,gene-driven,no,228420,0.1390202258996585,long
ENSG00000104755,0.0155,0.5082,0.0,0.0,0.1317,0.3542207145710172,0.6893757841316983,0.5,False,False,0.0,0.0,0.0,0.0,0.0,0.0,0,0.0,0.0,0.0,no,ADAM2,neutral,no,213240,0.1427030575876946,long
ENSG00000104760,0.4586,0.7292,0.15,0.0,0.4699,1.78542266265902e-05,20.48024622291268,6.588050685508877e-05,True,False,0.0,0.0,0.0,0.0,0.0,0.0,0,0.0,0.0,0.0,no,FGL1,gene-driven,no,74390,0.11705874445489985,medium
ENSG00000104763,1.0,0.9588,0.15,0.0,0.6897,0.0,151.052634796637,0.0,True,False,0.0,0.0,0.0,0.0,0.0,0.0,0,0.0,0.0,0.0,no,,gene-driven,no,307270,0.12001171608032024,long
ENSG00000104765,0.2455,0.6866,0.15,0.0,0.3953,0.002084000410936,10.96063755479372,0.0066447551564075,True,False,0.0,0.0,0.0,0.0,0.0,0.0,0,0.0,0.0,0.0,no,BNIP3L,gene-driven,no,36110,0.1602603157020216,medium
ENSG00000105784,0.0017,0.4339,0.0,0.0,0.109,0.4827220634590327,0.070334096737497,0.5,False,False,0.0,0.0,0.0,0.0,0.0,0.0,0,0.0,0.0,0.0,no,RUNDC3B,neutral,no,78000,0.24006410256410257,medium
ENSG00000105810,0.0001,0.2585,0.0,0.0,0.0647,0.5,0.0,0.5,False,False,0.0,0.0,0.0,0.0,0.0,0.0,0,0.0,0.0,0.0,no,CDK6,neutral,no,49090,0.15878997759217764,medium
ENSG00000105819,1.0,0.8331,0.15,0.0,0.6583,3.019084982014419e-12,51.66584884733311,1.807091299703937e-11,True,False,0.0,0.0,0.0,0.0,0.0,0.0,0,0.0,0.0,0.0,no,PMPCB,gene-driven,no,220590,0.10078426039258352,long
ENSG00000105835,1.0,0.891,0.15,0.0,0.6728,0.0,82.0373433278728,0.0,True,False,0.0,0.0,0.0,0.0,0.0,0.0,0,0.0,0.0,0.0,no,NAMPT,gene-driven,no,278010,0.07622747383187656,long
ENSG00000105849,0.0001,0.0434,0.0,0.0,0.0109,0.5,-0.0039040517049215,0.5,False,False,0.0,0.0,0.0,0.0,0.0,0.0,0,0.0,0.0,0.0,no,POLR1F,neutral,no,17090,0.2699824458747806,short
ENSG00000105855,0.007,0.4654,0.0,0.0,0.1185,0.4286030910947461,0.3081536066529225,0.5,False,False,0.0,0.4076,0.0,0.0,0.0,0.1426,1,0.0,0.0,0.0,no,ITGB8,neutral,no,101160,0.162139185448794,long
ENSG00000105865,0.0118,0.4839,0.0,0.0,0.1245,0.3849365357976054,0.5230592395819258,0.5,False,False,0.0,0.0,0.0,0.0,0.0,0.0,0,0.0,0.0,0.0,no,DUS4L,neutral,no,76410,0.09841643763905247,medium
ENSG00000105866,0.0001,0.0179,0.0,0.0,0.0045,0.5,-0.0071240063261939,0.5,False,False,0.0,0.0,0.0,0.0,0.0,0.0,0,0.0,0.0,0.0,no,SP4,neutral,no,73990,0.23659954047844303,medium
ENSG00000105875,1.0,0.8707,0.15,0.0,0.6677,2.775557561562891e-16,70.34264306660043,2.1370933918287645e-15,True,False,0.0,0.0,0.4541,0.0,0.0,0.1589,0,1.0201820309837704,0.0,0.0,no,WDR91,gene-driven,no,200790,0.17368394840380497,long
ENSG00000105880,0.0001,0.0185,0.0,0.0,0.0047,0.5,-0.0070315582415787,0.5,False,False,0.0,0.8761,0.0,0.0,0.0,0.3066,2,0.0,0.0,0.0,no,DLX5,regulation-driven,no,16330,0.31971830985915495,short
ENSG00000105887,0.0001,0.1118,0.0,0.0,0.028,0.5,-3.552370435500052e-05,0.5,False,False,0.0,0.0,0.8623,0.0,0.0,0.3018,0,2.8611774196098287,0.0,0.0,no,MTPN,regulation-driven,no,9430,0.2506892895015907,short
ENSG00000105894,0.0001,0.2585,0.0,0.0,0.0647,0.5,0.0,0.5,False,False,0.0,0.0,0.0,0.0,0.0,0.0,0,0.0,0.0,0.0,no,PTN,neutral,no,23460,0.27877237851662406,short
ENSG00000105926,1.0,0.8657,0.15,0.0,0.6664,8.326672684688674e-16,68.0189647063089,6.190862471396333e-15,True,False,0.0,0.0,0.0,0.0,0.0,0.0,0,0.0,0.0,0.0,no,PALS2,gene-driven,no,122220,0.19001800032727867,long
ENSG00000105948,0.0001,0.1112,0.0,0.0,0.0278,0.5,-4.16768598370254e-05,0.5,False,False,0.0,0.0,0.0,0.0,0.0,0.0,0,0.0,0.0,0.0,no,IFT56,neutral,no,115750,0.23019438444924406,long
ENSG00000105954,0.0001,0.0207,0.0,0.0,0.0052,0.5,-0.0067692877028093,0.5,False,False,0.0,0.4076,0.0,0.0,0.0,0.1426,1,0.0,0.0,0.0,no,NPVF,neutral,no,12840,0.22429906542056074,short
ENSG00000105967,0.0001,0.2585,0.0,0.0,0.0647,0.5,0.0,0.5,False,False,0.0,0.0,0.0,0.0,0.0,0.0,0,0.0,0.0,0.0,no,TFEC,neutral,no,78500,0.20426751592356687,medium
ENSG00000105968,0.0001,0.2585,0.0,0.0,0.0647,0.5,0.0,0.5,False,False,0.0,0.0,0.0,0.0,0.0,0.0,0,0.0,0.0,0.0,no,H2AZ2,neutral,no,47080,0.20350467289719626,medium
ENSG00000105971,0.0001,0.0977,0.0,0.0,0.0245,0.5,-0.0003424937276577,0.5,False,False,0.0,0.0,0.0,0.0,0.0,0.0,0,0.0,0.0,0.0,no,CAV2,neutral,no,11610,0.2941429801894918,short
ENSG00000105974,0.0001,0.2585,0.0,0.0,0.0647,0.5,0.0,0.5,False,False,0.0,0.0,0.0,0.0,0.0,0.0,0,0.0,0.0,0.0,no,CAV1,neutral,no,34670,0.16928179982693972,medium
ENSG00000105976,0.0001,0.2585,0.0,0.0,0.0647,0.5,0.0,0.5,False,False,0.0,0.0,0.0,0.0,0.0,0.0,0,0.0,0.0,0.0,no,MET,neutral,no,240330,0.23505596471518328,long
ENSG00000105983,1.0,0.9236,0.15,0.0,0.6809,0.0,108.4450090096871,0.0,True,False,0.0,0.0,0.0,0.0,0.0,0.0,0,0.0,0.0,0.0,no,LMBR1,gene-driven,no,76740,0.20324472243940578,medium
ENSG00000105991,0.0174,0.5207,0.0,0.0,0.1354,0.3401745585372776,0.7702984101470065,0.5,False,False,0.0,0.4076,0.0,0.0,0.0,0.1426,1,0.0,0.0,0.0,no,HOXA1,neutral,no,18330,0.3951991271140207,short
ENSG00000105993,0.085,0.6325,0.0,0.0,0.1836,0.0750700924856474,3.792371709103463,0.2041545325443468,False,False,0.0,0.0,0.0,0.0,0.0,0.0,0,0.0,0.0,0.0,no,DNAJB6,neutral,no,82360,0.15976202039825158,long
ENSG00000105996,0.0001,0.0298,0.0,0.0,0.0075,0.5,-0.0055911171648403,0.5,False,False,0.0,0.4076,0.0,0.0,0.0,0.1426,1,0.0,0.0,0.0,no,HOXA2,neutral,no,20450,0.3136919315403423,short
ENSG00000106003,0.0061,0.461,0.0,0.0,0.1171,0.437705483187933,0.2661236540443497,0.5,False,False,0.0,0.0,0.9179,0.7463,0.4379,0.4989,0,4.213123146220838,0.298,64.1,yes,LFNG,regulation-driven,no,68920,0.284532791642484,medium
ENSG00000106006,0.0001,0.0187,0.0,0.0,0.0047,0.5,-0.0069958963604221,0.5,False,False,0.0,0.4076,0.0,0.0,0.0,0.1426,1,0.0,0.0,0.0,no,HOXA6,neutral,no,9780,0.4558282208588957,short
ENSG00000106009,0.0001,0.2585,0.0,0.0,0.0647,0.5,0.0,0.5,False,False,0.0,0.0,0.0,0.0,0.0,0.0,0,0.0,0.0,0.0,no,BRAT1,neutral,no,82110,0.29762513701132626,long
ENSG00000106013,1.0,0.8993,0.15,0.0,0.6748,0.0,86.99129033077588,0.0,True,False,0.0,0.0,0.0,0.0,0.0,0.0,0,0.0,0.0,0.0,no,ANKRD7,gene-driven,no,22440,0.19790552584670232,short
ENSG00000106018,0.0001,0.1094,0.0,0.0,0.0274,0.5,-5.863742990186438e-05,0.5,False,False,0.0,0.0,0.0,0.0,0.0,0.0,0,0.0,0.0,0.0,no,VIPR2,neutral,no,55540,0.3428519985595967,medium
ENSG00000106025,0.0001,0.2585,0.0,0.0,0.0647,0.5,0.0,0.5,False,False,0.0,0.0,0.0,0.0,0.0,0.0,0,0.0,0.0,0.0,no,TSPAN12,neutral,no,45300,0.12969094922737306,medium
ENSG00000106031,0.0001,0.2585,0.0,0.0,0.0647,0.5,0.0,0.5,False,False,0.0,0.0,0.0,0.0,0.0,0.0,0,0.0,0.0,0.0,no,HOXA13,neutral,no,20800,0.35884615384615387,short
ENSG00000106038,0.0001,0.2585,0.0,0.0,0.0647,0.5,0.0,0.5,False,False,0.0,0.0,0.0,0.0,0.0,0.0,0,0.0,0.0,0.0,no,EVX1,neutral,no,28350,0.3224691358024691,short
ENSG00000106049,0.0001,0.0688,0.0,0.0,0.0172,0.5,-0.001633670177398,0.5,False,False,0.0,0.4076,0.0,0.0,0.0,0.1426,1,0.0,0.0,0.0,no,HIBADH,neutral,no,31770,0.20679886685552407,short
ENSG00000106066,0.0001,0.2585,0.0,0.0,0.0647,0.5,0.0,0.5,False,False,0.0,0.0,0.0,0.0,0.0,0.0,0,0.0,0.0,0.0,no,CPVL,neutral,no,182720,0.09439032399299474,long
ENSG00000106077,1.0,0.8633,0.15,0.0,0.6658,1.831867990631508e-15,66.47388745807984,1.3379899244348196e-14,True,False,0.0,0.0,0.0,0.0,0.0,0.0,0,0.0,0.0,0.0,no,ABHD11,gene-driven,no,47590,0.28680395040974993,medium
ENSG00000106089,1.0,0.9704,0.15,0.0,0.6926,0.0,179.6520458413761,0.0,True,False,0.0,0.0,0.0,0.0,0.0,0.0,0,0.0,0.0,0.0,no,STX1A,gene-driven,no,45980,0.22394519356241843,medium
ENSG00000106123,1.0,0.8733,0.15,0.0,0.6683,1.110223024625157e-16,71.6706868297988,8.751583715507972e-16,True,False,0.0,0.0,0.0,0.0,0.0,0.0,0,0.0,0.0,0.0,no,EPHB6,gene-driven,no,146650,0.20853733378793043,long
ENSG00000106125,0.0046,0.4524,0.0,0.0,0.1145,0.4524033011045902,0.2000681146600982,0.5,False,False,0.0,0.0,0.0,0.0,0.0,0.0,0,0.0,0.0,0.0,no,MINDY4,neutral,no,87410,0.2466994623040842,long
ENSG00000106128,1.0,0.9127,0.15,0.0,0.6782,0.0,98.05727646885498,0.0,True,False,0.0,0.0,0.0,0.0,0.0,0.0,0,0.0,0.0,0.0,no,GHRHR,gene-driven,no,71860,0.2775396604508767,medium
ENSG00000106144,0.9898,0.8124,0.15,0.0,0.65,1.2567535900842588e-10,44.20834340266083,6.692818369463709e-10,True,False,0.0,0.0,0.0,0.0,0.0,0.0,0,0.0,0.0,0.0,no,CASP2,gene-driven,no,55860,0.2336734693877551,medium
ENSG00000106153,0.0001,0.2585,0.0,0.0,0.0647,0.5,0.0,0.5,False,False,0.0,0.0,0.0,0.0,0.0,0.0,0,0.0,0.0,0.0,no,CHCHD2,neutral,no,10010,0.3045954045954046,short
ENSG00000106236,0.0001,0.2585,0.0,0.0,0.0647,0.5,0.0,0.5,False,False,0.0,0.0,0.1184,0.0,0.7101,0.1479,0,0.7231208989811336,0.0,280.2,yes,NPTX2,neutral,no,18690,0.42776886035313,short
ENSG00000106245,0.0001,0.0595,0.0,0.0,0.0149,0.5,-0.0023448261399607,0.5,False,False,0.0,0.0,0.4565,0.0,0.0,0.1598,0,1.0219503636345046,0.0,0.0,no,BUD31,neutral,no,16760,0.2257159904534606,short
ENSG00000106268,1.0,0.8908,0.15,0.0,0.6727,0.0,81.74948874125585,0.0,True,False,0.0,0.0,0.0,0.0,0.0,0.0,0,0.0,0.0,0.0,no,NUDT1,gene-driven,no,32950,0.21553869499241274,medium
ENSG00000106290,0.0001,0.2585,0.0,0.0,0.0647,0.5,0.0,0.5,False,False,0.0,0.0,0.0,0.0,0.0,0.0,0,0.0,0.0,0.0,no,,neutral,no,891770,0.07980308824024132,long
ENSG00000106299,0.0001,0.2585,0.0,0.0,0.0647,0.5,0.0,0.5,False,False,0.0,0.0,0.0,0.0,0.0,0.0,0,0.0,0.0,0.0,no,WASL,neutral,no,35970,0.2406449819293856,medium
ENSG00000106305,0.0018,0.4353,0.0,0.0,0.1094,0.481064233445926,0.0772145915252622,0.5,False,False,0.0,0.0,0.6908,0.0,0.0,0.2418,0,1.642024112173594,0.0,0.0,no,AIMP2,neutral,no,68180,0.18831035494279846,medium
ENSG00000106331,0.4869,0.734,0.15,0.0,0.4796,9.480385022575533e-06,21.74627689563204,3.5615887539494485e-05,True,False,0.0,0.4076,0.6981,0.0,0.0,0.387,1,1.6925385751197988,0.0,0.0,no,PAX4,dual-driven,no,44170,0.3436268960833145,medium
ENSG00000106333,0.0001,0.2585,0.0,0.0,0.0647,0.5,0.0,0.5,False,False,0.0,0.0,0.087,0.0,0.5917,0.1192,0,0.7002029366121524,0.0,156.7,yes,PCOLCE,neutral,no,34400,0.2812790697674419,medium
ENSG00000106336,0.0001,0.2585,0.0,0.0,0.0647,0.5,0.0,0.5,False,False,0.0,0.0,0.9976,0.0,0.1834,0.3767,0,51.14199048680026,0.0,8.7,yes,FBXO24,regulation-driven,no,87640,0.30149475125513464,long
ENSG00000106341,0.0001,0.0869,0.0,0.0,0.0217,0.5,-0.000684475458911,0.5,False,False,0.0,0.0,0.0,0.0,0.0,0.0,0,0.0,0.0,0.0,no,PPP1R17,neutral,no,20870,0.21298514614278868,short
ENSG00000106366,0.0165,0.5149,0.0,0.0,0.1337,0.3469194861851673,0.7310307473198918,0.5,False,False,0.0,0.0,0.0,0.0,0.0,0.0,0,0.0,0.0,0.0,no,SERPINE1,neutral,no,41560,0.19812319538017326,medium
ENSG00000106367,1.0,0.9696,0.15,0.0,0.6924,0.0,177.8638607758658,0.0,True,False,0.0,0.0,0.0,0.0,0.0,0.0,0,0.0,0.0,0.0,no,AP1S1,gene-driven,no,21420,0.20798319327731093,short
ENSG00000106384,1.0,0.9552,0.15,0.0,0.6888,0.0,145.4075436017374,0.0,True,False,0.0,0.0,0.0,0.0,0.0,0.0,0,0.0,0.0,0.0,no,MOGAT3,gene-driven,no,35200,0.2910511363636364,medium
ENSG00000106397,0.0001,0.2585,0.0,0.0,0.0647,0.5,0.0,0.5,False,False,0.0,0.0,0.9541,0.0,0.0,0.3339,0,6.835740769166617,0.0,0.0,no,PLOD3,regulation-driven,no,76990,0.3002857513962852,medium
ENSG00000106399,1.0,0.8179,0.15,0.0,0.6545,4.3106129776759865e-11,46.3484179481693,2.3639458600838326e-10,True,False,0.0,0.0,0.0,0.0,0.0,0.0,0,0.0,0.0,0.0,no,RPA3,gene-driven,no,12180,0.15747126436781608,short
ENSG00000106400,0.0001,0.2585,0.0,0.0,0.0647,0.5,0.0,0.5,False,False,0.0,0.0,0.0,0.0,0.0,0.0,0,0.0,0.0,0.0,no,ZNHIT1,neutral,no,21960,0.2453096539162113,short
ENSG00000106404,0.0001,0.0513,0.0,0.0,0.0128,0.5,-0.0031758088789501,0.5,False,False,0.0,0.0,0.0,0.0,0.0,0.0,0,0.0,0.0,0.0,no,CLDN15,neutral,no,39260,0.21339786041772796,medium
ENSG00000106436,0.7253,0.7712,0.15,0.0,0.5604,4.6151658106285964e-08,32.39637153547301,2.015437641972488e-07,True,False,0.0,0.4076,0.0,0.0,0.0,0.1426,1,0.0,0.0,0.0,no,MYL10,gene-driven,no,18070,0.3489762036524626,short
ENSG00000106460,0.9473,0.8044,0.15,0.0,0.6353,3.24511417737483e-10,42.3111065881385,1.657207178466366e-09,True,False,0.0,0.0,0.0,0.0,0.0,0.0,0,0.0,0.0,0.0,no,TMEM106B,gene-driven,no,89890,0.11073534319724107,long
ENSG00000106462,0.0001,0.0342,0.0,0.0,0.0086,0.5,-0.005019089236157,0.5,False,False,0.0,0.0,0.0,0.0,0.0,0.0,0,0.0,0.0,0.0,no,EZH2,neutral,no,209100,0.1982831181252989,long
ENSG00000106477,1.0,0.9029,0.15,0.0,0.6757,0.0,89.49022564801271,0.0,True,False,0.0,0.0,0.9444,0.0,0.497,0.4051,0,6.293565843241821,0.0,105.1,yes,CEP41,gene-driven (dual),no,218960,0.13684691267811472,long
ENSG00000106479,0.0245,0.5418,0.0,0.0,0.1428,0.2899202045400482,1.090004740050063,0.5,False,False,0.0,0.0,0.0,0.0,0.0,0.0,0,0.0,0.0,0.0,no,ZNF862,neutral,no,177900,0.21544125913434514,long
ENSG00000106483,0.0001,0.2585,0.0,0.0,0.0647,0.5,0.0,0.5,False,False,0.0,0.0,0.0,0.0,0.0,0.0,0,0.0,0.0,0.0,no,SFRP4,neutral,no,29800,0.2588590604026846,short
ENSG00000106511,0.0368,0.579,0.0,0.0,0.1558,0.2204636845866315,1.637750225570926,0.5,False,False,0.0,0.4076,0.0,0.0,0.0,0.1426,1,0.0,0.0,0.0,no,MEOX2,neutral,no,13070,0.3956388676358072,short
ENSG00000106536,1.0,0.966,0.15,0.0,0.6915,0.0,167.0254547150398,0.0,True,False,0.0,0.9884,0.0,0.0,0.0,0.346,5,0.0,0.0,0.0,no,POU6F2,gene-driven (dual),no,163730,0.20714591095095583,long
ENSG00000106546,0.4563,0.7282,0.15,0.0,0.4689,1.878720801923306e-05,20.37837432744709,6.90669421194865e-05,True,False,0.0,0.0,0.0,0.0,0.0,0.0,0,0.0,0.0,0.0,no,AHR,gene-driven,no,88580,0.16712576202303003,long
ENSG00000106565,0.0069,0.4648,0.0,0.0,0.1183,0.4295838720232326,0.3035821955381834,0.5,False,False,0.0,0.0,0.0,0.0,0.0,0.0,0,0.0,0.0,0.0,no,TMEM176B,neutral,no,76180,0.16541086899448673,medium
ENSG00000106571,1.0,1.0,0.15,0.0,0.7,0.0,1034.934095699922,0.0,True,False,0.0,0.4076,0.0,0.0,0.0,0.1426,1,0.0,0.0,0.0,no,,gene-driven,no,358540,0.15460478607686728,long
ENSG00000106609,1.0,0.9777,0.15,0.0,0.6944,0.0,203.7946209313523,0.0,True,False,0.0,0.0,0.0,0.0,0.0,0.0,0,0.0,0.0,0.0,no,TMEM248,gene-driven,no,29580,0.21139283299526707,short
ENSG00000106617,0.0083,0.4706,0.0,0.0,0.1201,0.4168253077899358,0.3638817811006447,0.5,False,False,0.0,0.0,0.0,0.0,0.0,0.0,0,0.0,0.0,0.0,no,PRKAG2,neutral,no,216890,0.12279035455760985,long
ENSG00000106628,1.0,0.9355,0.15,0.0,0.6839,0.0,118.5097149693174,0.0,True,False,0.0,0.0,0.0,0.0,0.0,0.0,0,0.0,0.0,0.0,no,,gene-driven,no,348360,0.10252038121483523,long
ENSG00000106633,1.0,0.9684,0.15,0.0,0.6921,0.0,175.1232018025912,0.0,True,False,0.0,0.0,0.0,0.0,0.0,0.0,0,0.0,0.0,0.0,no,GCK,gene-driven,no,92440,0.3255192557334487,long
ENSG00000106635,1.0,0.9642,0.15,0.0,0.6911,0.0,162.0722755825154,0.0,True,False,0.0,0.0,0.0,0.0,0.0,0.0,0,0.0,0.0,0.0,no,BCL7B,gene-driven,no,29200,0.2645547945205479,short
ENSG00000106686,0.0001,0.2585,0.0,0.0,0.0647,0.5,0.0,0.5,False,False,0.0,0.0,0.0,0.0,0.0,0.0,0,0.0,0.0,0.0,no,SPATA6L,neutral,no,107420,0.1600074474027183,long
ENSG00000106688,0.0065,0.4636,0.0,0.0,0.1178,0.4337641063214758,0.2842144918067788,0.5,False,False,0.0,0.0,0.0,0.0,0.0,0.0,0,0.0,0.0,0.0,no,SLC1A1,neutral,no,48980,0.2032462229481421,medium
ENSG00000106701,0.0001,0.2585,0.0,0.0,0.0647,0.5,0.0,0.5,False,False,0.0,0.0,0.0,0.0,0.0,0.0,0,0.0,0.0,0.0,no,FSD1L,neutral,no,109660,0.20791537479482036,long
ENSG00000106723,0.0121,0.4847,0.0,0.0,0.1248,0.3828502110450466,0.5339285591999214,0.5,False,False,0.0,0.0,0.0,0.0,0.0,0.0,0,0.0,0.0,0.0,no,SPIN1,neutral,no,26400,0.25814393939393937,short
ENSG00000106733,0.0001,0.0273,0.0,0.0,0.0069,0.5,-0.0058363583702885,0.5,False,False,0.0,0.0,0.0,0.0,0.0,0.0,0,0.0,0.0,0.0,no,NMRK1,neutral,no,63140,0.141019955654102,medium
ENSG00000106771,0.0001,0.2585,0.0,0.0,0.0647,0.5,0.0,0.5,False,False,0.0,0.0,0.0,0.0,0.0,0.0,0,0.0,0.0,0.0,no,TMEM245,neutral,no,113980,0.2520529917529391,long
ENSG00000106780,0.0001,0.2585,0.0,0.0,0.0647,0.5,0.0,0.5,False,False,0.0,0.4076,0.0,0.0,0.0,0.1426,1,0.0,0.0,0.0,no,MEGF9,neutral,no,41320,0.2555421103581801,medium
ENSG00000106785,0.1999,0.6749,0.15,0.0,0.3787,0.0057628081417503,8.926366435916862,0.0177158267596208,True,False,0.0,0.0,0.0,0.0,0.0,0.0,0,0.0,0.0,0.0,no,TRIM14,gene-driven,no,50710,0.21688029974364031,medium
ENSG00000106789,0.7368,0.7734,0.15,0.0,0.5644,3.5726933966806484e-08,32.90842759700899,1.575405758429924e-07,True,False,0.0,0.0,0.0,0.0,0.0,0.0,0,0.0,0.0,0.0,no,CORO2A,gene-driven,no,68890,0.18856147481492233,medium
ENSG00000106803,0.0001,0.043,0.0,0.0,0.0108,0.5,-0.0039600738264198,0.5,False,False,0.0,0.0,0.0,0.0,0.0,0.0,0,0.0,0.0,0.0,no,SEC61B,neutral,no,8010,0.25043695380774034,short
ENSG00000106809,0.4868,0.7338,0.15,0.0,0.4795,9.498266430318925e-06,21.74250815303822,3.565613375426893e-05,True,False,0.0,0.0,0.0,0.0,0.0,0.0,0,0.0,0.0,0.0,no,OGN,gene-driven,no,26490,0.15235938089845225,short
ENSG00000106823,0.0001,0.2585,0.0,0.0,0.0647,0.5,0.0,0.5,False,False,0.0,0.0,0.0,0.0,0.0,0.0,0,0.0,0.0,0.0,no,ECM2,neutral,no,98050,0.17020907700152982,long
ENSG00000106927,0.1232,0.65,0.075,0.0,0.2745,0.0319863317512073,5.498598839392798,0.0913318106374885,False,False,0.0,0.0,0.0,0.0,0.0,0.0,0,0.0,0.0,0.0,no,AMBP,neutral,no,46180,0.22314854915547855,medium
ENSG00000106948,0.0001,0.2585,0.0,0.0,0.0647,0.5,0.0,0.5,False,False,0.0,0.0,0.0,0.0,0.0,0.0,0,0.0,0.0,0.0,no,,neutral,no,354360,0.20991364713850322,long
ENSG00000106991,0.0001,0.2585,0.0,0.0,0.0647,0.5,0.0,0.5,False,False,0.0,0.0,0.0,0.0,0.0,0.0,0,0.0,0.0,0.0,no,ENG,neutral,no,74060,0.34658385093167704,medium
ENSG00000106992,0.9111,0.7971,0.15,0.0,0.6226,7.285086978114919e-10,40.69374872020853,3.587725012786495e-09,True,False,0.0,0.0,0.0,0.0,0.0,0.0,0,0.0,0.0,0.0,no,AK1,gene-driven,no,41560,0.2093599615014437,medium
ENSG00000106993,0.0001,0.2585,0.0,0.0,0.0647,0.5,0.0,0.5,False,False,0.0,0.0,0.0,0.0,0.0,0.0,0,0.0,0.0,0.0,no,CDC37L1,neutral,no,28060,0.2635067712045617,short
ENSG00000107020,0.0001,0.0547,0.0,0.0,0.0137,0.5,-0.0028693389558611,0.5,False,False,0.0,0.0,0.0,0.0,0.0,0.0,0,0.0,0.0,0.0,no,PLGRKT,neutral,no,23220,0.12071490094745908,short
ENSG00000107021,0.0053,0.4572,0.0,0.0,0.1159,0.4456642704124178,0.2300843735647504,0.5,False,False,0.0,0.0,0.0,0.0,0.0,0.0,0,0.0,0.0,0.0,no,TBC1D13,neutral,no,60940,0.21307843780767968,medium
ENSG00000107140,0.0001,0.2585,0.0,0.0,0.0647,0.5,0.0,0.5,False,False,0.0,0.0,0.0,0.0,0.0,0.0,0,0.0,0.0,0.0,no,TESK1,neutral,no,50220,0.30565511748307445,medium
ENSG00000107159,0.0681,0.6206,0.0,0.0,0.1756,0.1095629144221079,3.036218306089722,0.2886472120421423,False,False,0.0,0.0,0.0,0.0,0.0,0.0,0,0.0,0.0,0.0,no,CA9,neutral,no,39720,0.2839375629405841,medium
ENSG00000107164,0.001,0.4232,0.0,0.0,0.1061,0.4905569204013223,0.0381335609563393,0.5,False,False,0.0,0.0,0.0,0.0,0.0,0.0,0,0.0,0.0,0.0,no,FUBP3,neutral,no,113330,0.1537809935586341,long
ENSG00000107185,0.0001,0.2585,0.0,0.0,0.0647,0.5,0.0,0.5,False,False,0.0,0.0,0.0,0.0,0.0,0.0,0,0.0,0.0,0.0,no,RGP1,neutral,no,43120,0.2197356215213358,medium
ENSG00000107187,0.0001,0.0507,0.0,0.0,0.0127,0.5,-0.0032105872342071,0.5,False,False,0.0,0.0,0.0,0.0,0.0,0.0,0,0.0,0.0,0.0,no,LHX3,neutral,no,49800,0.3521285140562249,medium
ENSG00000107201,1.0,0.9586,0.15,0.0,0.6896,0.0,150.560851950795,0.0,True,False,0.0,0.0,0.0,0.0,0.0,0.0,0,0.0,0.0,0.0,no,RIGI,gene-driven,no,113820,0.14796169390265332,long
ENSG00000107223,0.0024,0.4389,0.0,0.0,0.1104,0.4753131167971539,0.1012686366002526,0.5,False,False,0.0,0.0,0.0,0.0,0.0,0.0,0,0.0,0.0,0.0,no,EDF1,neutral,no,14340,0.2686192468619247,short
ENSG00000107242,0.3273,0.7053,0.15,0.0,0.4245,0.0003349419166033,14.61681248787499,0.0011356517335957,True,False,0.0,0.0,0.0,0.0,0.0,0.0,0,0.0,0.0,0.0,no,PIP5K1B,gene-driven,no,100080,0.22252198241406876,long
ENSG00000107295,0.0112,0.4817,0.0,0.0,0.1238,0.3899595866265833,0.4971299773751525,0.5,False,False,0.0,0.0,0.0,0.0,0.0,0.0,0,0.0,0.0,0.0,no,SH3GL2,neutral,no,93280,0.1500321612349914,long
ENSG00000107338,0.0001,0.2585,0.0,0.0,0.0647,0.5,0.0,0.5,False,False,0.0,0.0,0.0,0.0,0.0,0.0,0,0.0,0.0,0.0,no,SHB,neutral,no,28290,0.32916224814422057,short
ENSG00000107362,0.0001,0.1219,0.0,0.0,0.0305,0.5,-1.818989403545856e-12,0.5,False,False,0.0,0.0,0.0,0.0,0.0,0.0,0,0.0,0.0,0.0,no,ABHD17B,neutral,no,21600,0.2697222222222222,short
ENSG00000107371,1.0,0.965,0.15,0.0,0.6913,0.0,164.5052784897198,0.0,True,False,0.0,0.4076,0.0,0.0,0.0,0.1426,1,0.0,0.0,0.0,no,EXOSC3,gene-driven,no,26770,0.2726186029137094,short
ENSG00000107404,0.0005,0.4154,0.0,0.0,0.104,0.4953457957088886,0.0187040051096119,0.5,False,False,0.0,0.0,0.0,0.0,0.0,0.0,0,0.0,0.0,0.0,no,DVL1,neutral,no,105840,0.2617630385487528,long
ENSG00000107438,0.0001,0.2585,0.0,0.0,0.0647,0.5,0.0,0.5,False,False,0.0,0.0,0.0,0.0,0.0,0.0,0,0.0,0.0,0.0,no,PDLIM1,neutral,no,28370,0.23986605569263306,short
ENSG00000107443,0.0001,0.2585,0.0,0.0,0.0647,0.5,0.0,0.5,False,False,0.0,0.0,0.0,0.0,0.0,0.0,0,0.0,0.0,0.0,no,CCNJ,neutral,no,43160,0.18137164040778497,medium
ENSG00000107447,1.0,0.8936,0.15,0.0,0.6734,0.0,83.2661389787645,0.0,True,False,0.0,0.0,0.0,0.0,0.0,0.0,0,0.0,0.0,0.0,no,DNTT,gene-driven,no,39790,0.21349585322945464,medium
ENSG00000107554,0.0001,0.2585,0.0,0.0,0.0647,0.5,0.0,0.5,False,False,0.0,0.0,0.0,0.0,0.0,0.0,0,0.0,0.0,0.0,no,,neutral,no,315330,0.2000063425617607,long
ENSG00000107562,0.0001,0.2585,0.0,0.0,0.0647,0.5,0.0,0.5,False,False,0.0,0.0,0.0,0.0,0.0,0.0,0,0.0,0.0,0.0,no,CXCL12,neutral,no,20740,0.2559787849566056,short
ENSG00000107566,0.022,0.5336,0.0,0.0,0.14,0.3065551978763395,0.9784205365540402,0.5,False,False,0.0,0.0,0.0,0.0,0.0,0.0,0,0.0,0.0,0.0,no,ERLIN1,neutral,no,46550,0.14021482277121375,medium
ENSG00000107581,0.0001,0.0639,0.0,0.0,0.016,0.5,-0.0019427079241722,0.5,False,False,0.0,0.0,0.0,0.0,0.0,0.0,0,0.0,0.0,0.0,no,EIF3A,neutral,no,130710,0.19615178639736822,long
ENSG00000107593,1.0,0.8291,0.15,0.0,0.6573,6.635803018184561e-12,50.09078664873232,3.878552786421857e-11,True,False,0.0,0.0,0.0,0.0,0.0,0.0,0,0.0,0.0,0.0,no,PKD2L1,gene-driven,no,31760,0.4119647355163728,short
ENSG00000107679,0.1441,0.6576,0.075,0.0,0.2826,0.0200535328041714,6.432405521067267,0.0585365446995005,False,False,0.0,0.0,0.0,0.0,0.0,0.0,0,0.0,0.0,0.0,no,PLEKHA1,neutral,no,73830,0.20005417851821752,medium
ENSG00000107742,0.0001,0.2585,0.0,0.0,0.0647,0.5,0.0,0.5,False,False,0.0,0.0,0.0,0.0,0.0,0.0,0,0.0,0.0,0.0,no,SPOCK2,neutral,no,47990,0.31448218378828924,medium
ENSG00000107771,0.1069,0.6433,0.075,0.0,0.2679,0.0460278907981369,4.770721128050354,0.1289818190591173,False,False,0.0,0.0,0.0,0.0,0.0,0.0,0,0.0,0.0,0.0,no,CCSER2,neutral,no,236920,0.1594462265743711,long
ENSG00000107779,0.0001,0.2585,0.0,0.0,0.0647,0.5,0.0,0.5,False,False,0.0,0.0,0.0,0.0,0.0,0.0,0,0.0,0.0,0.0,no,BMPR1A,neutral,no,91540,0.13768844221105528,long
ENSG00000107796,0.0172,0.5197,0.0,0.0,0.1351,0.3415108440857639,0.7624573312277789,0.5,False,False,0.0,0.0,0.0,0.0,0.0,0.0,0,0.0,0.0,0.0,no,ACTA2,neutral,no,45070,0.31362325271799424,medium
ENSG00000107798,0.0001,0.2585,0.0,0.0,0.0647,0.5,0.0,0.5,False,False,0.0,0.0,0.0,0.0,0.0,0.0,0,0.0,0.0,0.0,no,LIPA,neutral,no,56250,0.18748444444444445,medium
ENSG00000107819,1.0,0.8884,0.15,0.0,0.6721,0.0,80.12851437442077,0.0,True,False,0.0,0.0,0.0,0.0,0.0,0.0,0,0.0,0.0,0.0,no,SFXN3,gene-driven,no,55010,0.19458280312670423,medium
ENSG00000107821,0.0294,0.5561,0.0,0.0,0.1478,0.2599474349181888,1.308257322380086,0.5,False,False,0.0,0.0,0.0,0.0,0.0,0.0,0,0.0,0.0,0.0,no,KAZALD1,neutral,no,20150,0.3300744416873449,short
ENSG00000107829,0.0004,0.4107,0.0,0.0,0.1028,0.4970276204158964,0.0119249991839751,0.5,False,False,0.0,0.0,0.0,0.0,0.0,0.0,0,0.0,0.0,0.0,no,FBXW4,neutral,no,59540,0.23703392677191804,medium
ENSG00000107831,0.6485,0.7598,0.15,0.0,0.5345,2.568326682439448e-07,28.96338775992808,1.068131849369048e-06,True,False,0.0,0.0,0.0,0.0,0.0,0.0,0,0.0,0.0,0.0,no,FGF8,gene-driven,no,35310,0.26236193712829226,medium
ENSG00000107833,0.0001,0.113,0.0,0.0,0.0283,0.5,-1.912561765493592e-05,0.5,False,False,0.0,0.0,0.0,0.0,0.0,0.0,0,0.0,0.0,0.0,no,NPM3,neutral,no,11400,0.30780701754385964,short
ENSG00000107854,0.0074,0.4674,0.0,0.0,0.1191,0.4251451126514994,0.3243550924671581,0.5,False,False,0.0,0.0,0.0,0.0,0.0,0.0,0,0.0,0.0,0.0,no,TNKS2,neutral,no,183010,0.22197147696847166,long
ENSG00000107859,0.0001,0.2585,0.0,0.0,0.0647,0.5,0.0,0.5,False,False,0.0,0.0,0.0,0.0,0.0,0.0,0,0.0,0.0,0.0,no,PITX3,neutral,no,12270,0.4745721271393643,short
ENSG00000107864,0.0001,0.2585,0.0,0.0,0.0647,0.5,0.0,0.5,False,False,0.0,0.0,0.0,0.0,0.0,0.0,0,0.0,0.0,0.0,no,CPEB3,neutral,no,154170,0.2630083673866511,long
ENSG00000107874,0.0001,0.2585,0.0,0.0,0.0647,0.5,0.0,0.5,False,False,0.0,0.0,0.0,0.0,0.0,0.0,0,0.0,0.0,0.0,no,CUEDC2,neutral,no,32370,0.2381835032437442,short
ENSG00000107882,1.0,0.9417,0.15,0.0,0.6854,0.0,124.575795397388,0.0,True,False,0.0,0.0,0.0,0.0,0.0,0.0,0,0.0,0.0,0.0,no,SUFU,gene-driven,no,93610,0.28094220702916356,long
ENSG00000107902,0.131,0.653,0.075,0.0,0.2776,0.0268573528578174,5.848136931112094,0.0773529085783346,False,False,0.0,0.0,0.0,0.0,0.0,0.0,0,0.0,0.0,0.0,no,LHPP,neutral,no,84340,0.2120583353094617,long
ENSG00000107937,0.0001,0.2585,0.0,0.0,0.0647,0.5,0.0,0.5,False,False,0.0,0.0,0.0,0.0,0.0,0.0,0,0.0,0.0,0.0,no,GTPBP4,neutral,no,62980,0.23293108923467767,medium
ENSG00000107951,0.0001,0.2585,0.0,0.0,0.0647,0.5,0.0,0.5,False,False,0.0,0.4076,0.0,0.0,0.0,0.1426,1,0.0,0.0,0.0,no,MTPAP,neutral,no,42780,0.17442730247779337,medium
ENSG00000107968,0.0001,0.2585,0.0,0.0,0.0647,0.5,0.0,0.5,False,False,0.0,0.0,0.0,0.0,0.0,0.0,0,0.0,0.0,0.0,no,MAP3K8,neutral,no,68190,0.17238598034902478,medium
ENSG00000107984,0.0001,0.0505,0.0,0.0,0.0126,0.5,-0.0032390829774158,0.5,False,False,0.0,0.0,0.0,0.0,0.0,0.0,0,0.0,0.0,0.0,no,DKK1,neutral,no,16120,0.2814516129032258,short
ENSG00000108001,0.0001,0.2585,0.0,0.0,0.0647,0.5,0.0,0.5,False,False,0.0,0.4076,0.0,0.0,0.0,0.1426,1,0.0,0.0,0.0,no,EBF3,neutral,no,94950,0.20338072669826224,long
ENSG00000108010,0.0159,0.5107,0.0,0.0,0.1324,0.3517230954462355,0.7035277860923088,0.5,False,False,0.0,0.0,0.0,0.0,0.0,0.0,0,0.0,0.0,0.0,no,GLRX3,neutral,no,36420,0.19025260845689182,medium
ENSG00000108018,1.0,0.8277,0.15,0.0,0.6569,8.642253579438375e-12,49.56242069859582,5.010089662485604e-11,True,False,0.0,0.9527,0.0,0.0,0.0,0.3335,3,0.0,0.0,0.0,no,SORCS1,gene-driven (dual),no,184170,0.2534614758103926,long
ENSG00000108055,0.0001,0.2585,0.0,0.0,0.0647,0.5,0.0,0.5,False,False,0.0,0.0,0.0,0.0,0.0,0.0,0,0.0,0.0,0.0,no,SMC3,neutral,no,244330,0.1516841976016044,long
ENSG00000108061,0.0001,0.2585,0.0,0.0,0.0647,0.5,0.0,0.5,False,False,0.0,0.0,0.0,0.0,0.0,0.0,0,0.0,0.0,0.0,no,SHOC2,neutral,no,195080,0.10310129177773221,long
ENSG00000108091,0.0001,0.2585,0.0,0.0,0.0647,0.5,0.0,0.5,False,False,0.0,0.0,0.0,0.0,0.0,0.0,0,0.0,0.0,0.0,no,CCDC6,neutral,no,53770,0.20340338478705597,medium
ENSG00000108176,0.322,0.7045,0.15,0.0,0.4227,0.0003771760943986,14.37930241033428,0.0012753731431263,True,False,0.0,0.0,0.0,0.0,0.0,0.0,0,0.0,0.0,0.0,no,DNAJC12,gene-driven,no,25640,0.22191887675507022,short
ENSG00000108219,0.0001,0.2585,0.0,0.0,0.0647,0.5,0.0,0.5,False,False,0.0,0.0,0.0,0.0,0.0,0.0,0,0.0,0.0,0.0,no,TSPAN14,neutral,no,99550,0.2278553490708187,long
ENSG00000108231,0.0001,0.2585,0.0,0.0,0.0647,0.5,0.0,0.5,False,False,0.0,0.0,0.0,0.0,0.0,0.0,0,0.0,0.0,0.0,no,LGI1,neutral,no,160720,0.1514186162269786,long
ENSG00000108239,0.0001,0.0629,0.0,0.0,0.0158,0.5,-0.0020679596418631,0.5,False,False,0.0,0.0,0.0,0.0,0.0,0.0,0,0.0,0.0,0.0,no,TBC1D12,neutral,no,76600,0.17010443864229766,medium
ENSG00000108256,1.0,0.9522,0.15,0.0,0.688,0.0,140.1262053014289,0.0,True,False,0.0,0.0,0.0,0.0,0.0,0.0,0,0.0,0.0,0.0,no,NUFIP2,gene-driven,no,67311,0.20185408031376745,medium
ENSG00000108671,1.0,0.9509,0.15,0.0,0.6877,0.0,137.2519076021417,0.0,True,False,0.0,0.0,0.0,0.0,0.0,0.0,0,0.0,0.0,0.0,no,PSMD11,gene-driven,no,44829,0.2676615583662361,medium
ENSG00000108684,0.009,0.4733,0.0,0.0,0.121,0.409540467501013,0.3991447565276758,0.5,False,False,0.0,0.4076,0.0,0.0,0.0,0.1426,1,0.0,0.0,0.0,no,ASIC2,neutral,no,38718,0.2856552507877473,medium
ENSG00000108691,1.0,0.8844,0.15,0.0,0.6711,0.0,77.38189720250557,0.0,True,False,0.0,0.0,0.0,0.0,0.0,0.0,0,0.0,0.0,0.0,no,CCL2,gene-driven,no,9018,0.23353293413173654,short
ENSG00000108700,0.0001,0.2585,0.0,0.0,0.0647,0.5,0.0,0.5,False,False,0.0,0.0,0.0,0.0,0.0,0.0,0,0.0,0.0,0.0,no,CCL8,neutral,no,6489,0.2542764678687009,short
ENSG00000109046,1.0,0.9962,0.15,0.0,0.699,0.0,379.5101016372064,0.0,True,False,0.0,0.0,0.0,0.0,0.0,0.0,0,0.0,0.0,0.0,no,WSB1,gene-driven,no,90378,0.18760096483657526,long
ENSG00000109072,0.8758,0.7913,0.15,0.0,0.6106,1.600697852044419e-09,39.11935793102748,7.663013586206872e-09,True,False,0.0,0.0,0.0,0.0,0.0,0.0,0,0.0,0.0,0.0,no,VTN,gene-driven,no,28809,0.31504043875177895,short
ENSG00000109101,1.0,0.8388,0.15,0.0,0.6597,7.863154571907671e-13,54.35654804860314,4.870651412287517e-12,True,False,0.0,0.0,0.0,0.0,0.0,0.0,0,0.0,0.0,0.0,no,FOXN1,gene-driven,no,56547,0.2586697791217925,medium
ENSG00000109107,0.832,0.7853,0.15,0.0,0.5959,4.257206753788267e-09,37.16301080377525,1.9808556027448873e-08,True,False,0.0,0.0,0.0,0.0,0.0,0.0,0,0.0,0.0,0.0,no,ALDOC,gene-driven,no,65691,0.2088566165837025,medium
ENSG00000109132,0.0001,0.0253,0.0,0.0,0.0064,0.5,-0.006052911216102,0.5,False,False,0.0,0.0,0.0,0.0,0.0,0.0,0,0.0,0.0,0.0,no,PHOX2B,neutral,no,14600,0.4010958904109589,short
ENSG00000109133,0.0001,0.2585,0.0,0.0,0.0647,0.5,0.0,0.5,False,False,0.0,0.0,0.2391,0.0,0.0,0.0837,0,0.8059069410698723,0.0,0.0,no,TMEM33,neutral,no,34570,0.17032108764824994,medium
ENSG00000109158,1.0,0.8575,0.15,0.0,0.6644,1.0436096431476471e-14,63.00480083882576,7.31114699298084e-14,True,False,0.0,0.0,0.0,0.0,0.0,0.0,0,0.0,0.0,0.0,no,GABRA4,gene-driven,no,57320,0.1618632240055827,medium
ENSG00000109163,1.0,0.9893,0.15,0.0,0.6973,0.0,286.0202706551136,0.0,True,False,0.0,0.0,0.0,0.0,0.0,0.0,0,0.0,0.0,0.0,no,GNRHR,gene-driven,no,17360,0.267684331797235,short
ENSG00000109180,1.0,0.993,0.15,0.0,0.6982,0.0,328.493654120648,0.0,True,False,0.0,0.0,0.0,0.0,0.0,0.0,0,0.0,0.0,0.0,no,OCIAD1,gene-driven,no,132720,0.09944996986136227,long
ENSG00000109182,0.7317,0.7724,0.15,0.0,0.5626,4.003672410268777e-08,32.6806430422148,1.7576581260968137e-07,True,False,0.0,0.0,0.0,0.0,0.0,0.0,0,0.0,0.0,0.0,no,CWH43,gene-driven,no,61210,0.19810488482274138,medium
ENSG00000109189,0.8899,0.7931,0.15,0.0,0.6152,1.169867425154791e-09,39.74645649100421,5.649437449242651e-09,True,False,0.0,0.4076,0.0,0.0,0.0,0.1426,1,0.0,0.0,0.0,no,USP46,gene-driven,no,72360,0.24369817578772804,medium
ENSG00000109193,0.0001,0.0402,0.0,0.0,0.0101,0.5,-0.0042391531515022,0.5,False,False,0.0,0.0,0.2754,0.0,0.2101,0.1279,0,0.8295016172963445,0.0,11.3,yes,SULT1E1,neutral,no,28280,0.187977369165488,short
ENSG00000109255,0.6191,0.7563,0.15,0.0,0.5248,4.955684747010025e-07,27.64882623814628,2.0321167297302445e-06,True,False,0.0,0.0,0.0,0.0,0.0,0.0,0,0.0,0.0,0.0,no,NMU,gene-driven,no,58400,0.1523972602739726,medium
ENSG00000109265,1.0,0.998,0.15,0.0,0.6995,0.0,423.8395986831601,0.0,True,False,0.0,0.0,0.0,0.0,0.0,0.0,0,0.0,0.0,0.0,no,CRACD,gene-driven,no,228630,0.21976118619603727,long
ENSG00000109270,0.0001,0.2585,0.0,0.0,0.0647,0.5,0.0,0.5,False,False,0.0,0.0,0.6546,0.0,0.0,0.2291,0,1.5247194586048922,0.0,0.0,no,LAMTOR3,neutral,no,8300,0.2191566265060241,short
ENSG00000109321,0.0001,0.2585,0.0,0.0,0.0647,0.5,0.0,0.5,False,False,0.0,0.0,0.0,0.0,0.0,0.0,0,0.0,0.0,0.0,no,AREG,neutral,no,27150,0.2336279926335175,short
ENSG00000109424,0.0001,0.2585,0.0,0.0,0.0647,0.5,0.0,0.5,False,False,0.0,0.0,0.2126,0.0,0.0592,0.0833,0,0.7786713431374088,0.0,2.8,yes,UCP1,neutral,no,10180,0.4573673870333988,short
ENSG00000109445,0.0001,0.2585,0.0,0.0,0.0647,0.5,0.0,0.5,False,False,0.0,0.0,0.5362,0.0,0.0,0.1877,0,1.1609512159721596,0.0,0.0,no,ZNF330,neutral,no,39040,0.20079405737704917,medium
ENSG00000109458,0.0001,0.2585,0.0,0.0,0.0647,0.5,0.0,0.5,False,False,0.0,0.0,0.285,0.0,0.9704,0.2453,0,0.8345043404758331,0.0,1748.2,yes,GAB1,neutral,no,165510,0.17577185668539666,long
ENSG00000109471,0.0001,0.2585,0.0,0.0,0.0647,0.5,0.0,0.5,False,False,0.0,0.0,0.0,0.0,0.0,0.0,0,0.0,0.0,0.0,no,,neutral,no,12980,0.19375963020030817,short
ENSG00000109511,0.3033,0.7006,0.15,0.0,0.4162,0.0005724200232449,13.54498069835063,0.0019108840239062,True,False,0.0,0.0,0.0,0.0,0.0,0.0,0,0.0,0.0,0.0,no,ANXA10,gene-driven,no,30790,0.23825917505683664,short
ENSG00000109519,0.0001,0.0949,0.0,0.0,0.0238,0.5,-0.0004058950917169,0.5,False,False,0.0,0.0,0.0,0.0,0.0,0.0,0,0.0,0.0,0.0,no,GRPEL1,neutral,no,13540,0.27488921713441655,short
ENSG00000109534,0.0001,0.2585,0.0,0.0,0.0647,0.5,0.0,0.5,False,False,0.0,0.0,0.0,0.0,0.0,0.0,0,0.0,0.0,0.0,no,GAR1,neutral,no,20050,0.2536658354114713,short
ENSG00000109576,0.0001,0.0472,0.0,0.0,0.0118,0.5,-0.0036666831765614,0.5,False,False,0.0,0.0,0.0,0.0,0.0,0.0,0,0.0,0.0,0.0,no,AADAT,neutral,no,75320,0.12320764737121614,medium
ENSG00000109606,0.0577,0.6114,0.0,0.0,0.1702,0.13805134433457,2.573964843861177,0.3550503550776376,False,False,0.0,0.0,0.0,0.0,0.0,0.0,0,0.0,0.0,0.0,no,DHX15,neutral,no,69900,0.21025751072961374,medium
ENSG00000109625,0.1098,0.6446,0.075,0.0,0.2691,0.0431738628641973,4.898745625236188,0.1213944566910784,False,False,0.0,0.0,0.0,0.0,0.0,0.0,0,0.0,0.0,0.0,no,CPZ,neutral,no,72730,0.3395985150556854,medium
ENSG00000109674,0.2248,0.6817,0.15,0.0,0.3879,0.0033081423876589,10.03644255762265,0.0103880683309442,True,False,0.0,0.4076,0.3671,0.0,0.0385,0.2769,1,0.9003129835539458,0.0,1.8,yes,NEIL3,gene-driven,no,49710,0.2067390867028767,medium
ENSG00000109684,0.0001,0.2585,0.0,0.0,0.0647,0.5,0.0,0.5,False,False,0.0,0.0,0.0,0.0,0.0,0.0,0,0.0,0.0,0.0,no,CLNK,neutral,no,52700,0.21106261859582542,medium
ENSG00000109705,0.0001,0.2585,0.0,0.0,0.0647,0.5,0.0,0.5,False,False,0.0,0.0,0.0,0.0,0.0,0.0,0,0.0,0.0,0.0,no,NKX3-2,neutral,no,22370,0.3388019669199821,short
ENSG00000109738,0.5298,0.7407,0.15,0.0,0.4941,3.63967365302198e-06,23.66093871117118,1.4023033888560287e-05,True,False,0.0,0.0,0.558,0.0,0.0,0.1953,0,1.213163858391643,0.0,0.0,no,GLRB,gene-driven,no,68710,0.2074370542861301,medium
ENSG00000109787,0.0001,0.0665,0.0,0.0,0.0167,0.5,-0.0018117097060894,0.5,False,False,0.0,0.0,0.0,0.0,0.0,0.0,0,0.0,0.0,0.0,no,KLF3,neutral,no,21400,0.2893457943925234,short
ENSG00000109805,0.1366,0.655,0.075,0.0,0.2797,0.0236910130942241,6.099024633163936,0.0686308090452364,False,False,0.0,0.0,0.0,0.0,0.0,0.0,0,0.0,0.0,0.0,no,NCAPG,neutral,no,114440,0.18337993708493533,long
ENSG00000109832,0.0068,0.4644,0.0,0.0,0.1181,0.4306320254520249,0.2987082844629185,0.5,False,False,0.0,0.0,0.0,0.0,0.0,0.0,0,0.0,0.0,0.0,no,DDX25,neutral,no,70010,0.17167547493215254,medium
ENSG00000109851,0.0001,0.0416,0.0,0.0,0.0104,0.5,-0.0040758212307991,0.5,False,False,0.0,0.0,0.0,0.0,0.0,0.0,0,0.0,0.0,0.0,no,DBX1,neutral,no,22830,0.3557599649583881,short
ENSG00000109861,0.0037,0.4465,0.0,0.0,0.1128,0.4610309158735926,0.1622859900744515,0.5,False,False,0.0,0.0,0.0,0.0,0.0,0.0,0,0.0,0.0,0.0,no,CTSC,neutral,no,177990,0.10288780268554414,long
ENSG00000109881,0.0173,0.5203,0.0,0.0,0.1353,0.3406105574155077,0.7677366682546563,0.5,False,False,0.0,0.0,0.0,0.0,0.0,0.0,0,0.0,0.0,0.0,no,CCDC34,neutral,no,23240,0.24470740103270225,short
ENSG00000109906,1.0,0.9232,0.15,0.0,0.6808,0.0,108.3780843736749,0.0,True,False,0.0,0.9769,0.0,0.0,0.0,0.3419,4,0.0,0.0,0.0,no,ZBTB16,gene-driven (dual),no,228380,0.126048690778527,long
ENSG00000109911,0.5539,0.7461,0.15,0.0,0.5027,2.123628371764053e-06,24.73847451120673,8.356746456609493e-06,True,False,0.0,0.9527,0.0,0.0,0.0,0.3335,3,0.0,0.0,0.0,no,ELP4,gene-driven (dual),no,202608,0.15731363026139145,long
ENSG00000109920,0.3713,0.7147,0.15,0.0,0.4401,0.000125446142486,16.58097370906034,0.0004394148681166,True,False,0.0,0.0,0.0,0.0,0.0,0.0,0,0.0,0.0,0.0,no,FNBP4,gene-driven,no,111230,0.16552189157601366,long
ENSG00000109943,0.0027,0.4413,0.0,0.0,0.1111,0.4719373529333999,0.1155236969570979,0.5,False,False,0.0,0.0,0.0,0.0,0.0,0.0,0,0.0,0.0,0.0,no,CRTAM,neutral,no,29810,0.22921838309292183,short
ENSG00000109944,0.0088,0.4721,0.0,0.0,0.1206,0.4120516475369045,0.386918797637918,0.5,False,False,0.0,0.0,0.0,0.0,0.0,0.0,0,0.0,0.0,0.0,no,JHY,neutral,no,113420,0.20308587550696527,long
ENSG00000109991,0.0039,0.4479,0.0,0.0,0.1132,0.4592187277669698,0.1701629415583739,0.5,False,False,0.0,0.0,0.0,0.0,0.0,0.0,0,0.0,0.0,0.0,no,P2RX3,neutral,no,43210,0.22612821106225411,medium
ENSG00000110002,0.2647,0.6916,0.15,0.0,0.4023,0.001356638786773,11.81919587637822,0.0043960399514064,True,False,0.0,0.0,0.0,0.0,0.0,0.0,0,0.0,0.0,0.0,no,VWA5A,gene-driven,no,119820,0.20671841094975796,long
ENSG00000110013,0.0248,0.5424,0.0,0.0,0.143,0.2881458004958187,1.102282989257219,0.5,False,False,0.0,0.0,0.0,0.0,0.0,0.0,0,0.0,0.0,0.0,no,SIAE,neutral,no,52290,0.21026965002868617,medium
ENSG00000110031,0.0368,0.5792,0.0,0.0,0.1558,0.2203362101174885,1.638906981497712,0.5,False,False,0.0,0.0,0.0,0.0,0.0,0.0,0,0.0,0.0,0.0,no,LPXN,neutral,no,39830,0.3733868943007783,medium
ENSG00000110042,0.0001,0.2585,0.0,0.0,0.0647,0.5,0.0,0.5,False,False,0.0,0.0,0.0,0.0,0.0,0.0,0,0.0,0.0,0.0,no,DTX4,neutral,no,68960,0.23935614849187936,medium
ENSG00000110057,0.0171,0.5189,0.0,0.0,0.1349,0.3421031442931152,0.7589916306096711,0.5,False,False,0.0,0.0,0.0,0.0,0.0,0.0,0,0.0,0.0,0.0,no,UNC93B1,neutral,no,51820,0.31186800463141645,medium
ENSG00000110060,0.8988,0.7947,0.15,0.0,0.6183,9.595736982781487e-10,40.14276964221426,4.670175709623789e-09,True,False,0.0,0.0,0.0,0.0,0.0,0.0,0,0.0,0.0,0.0,no,PUS3,gene-driven,no,72070,0.14105730539753017,medium
ENSG00000110063,0.0001,0.2585,0.0,0.0,0.0647,0.5,0.0,0.5,False,False,0.0,0.0,0.0,0.0,0.0,0.0,0,0.0,0.0,0.0,no,DCPS,neutral,no,25180,0.2508737092930898,short
ENSG00000110074,0.0001,0.2585,0.0,0.0,0.0647,0.5,0.0,0.5,False,False,0.0,0.0,0.0,0.0,0.0,0.0,0,0.0,0.0,0.0,no,FOXRED1,neutral,no,124880,0.1392216527866752,long
ENSG00000110079,1.0,0.8854,0.15,0.0,0.6714,0.0,77.86591898207189,0.0,True,False,0.0,0.0,0.0,0.0,0.0,0.0,0,0.0,0.0,0.0,no,MS4A4A,gene-driven,no,86540,0.11947076496417841,long
ENSG00000110092,0.0149,0.505,0.0,0.0,0.1307,0.3590104415865981,0.6625132502740598,0.5,False,False,0.0,0.0,0.0,0.0,0.0,0.0,0,0.0,0.0,0.0,no,CCND1,neutral,no,32240,0.2434863523573201,short
ENSG00000110107,1.0,0.8476,0.15,0.0,0.6619,9.392486788328824e-14,58.60665852306556,6.155234424920629e-13,True,False,0.0,0.0,0.0,0.0,0.0,0.0,0,0.0,0.0,0.0,no,PRPF19,gene-driven,no,42730,0.35038614556517667,medium
ENSG00000110108,0.0001,0.2585,0.0,0.0,0.0647,0.5,0.0,0.5,False,False,0.0,0.0,0.0,0.0,0.0,0.0,0,0.0,0.0,0.0,no,TMEM109,neutral,no,14950,0.3345819397993311,short
ENSG00000110172,0.5449,0.7443,0.15,0.0,0.4995,2.598096824013574e-06,24.33516838244395,1.0151558211031828e-05,True,False,0.0,0.0,0.0,0.0,0.0,0.0,0,0.0,0.0,0.0,no,CHORDC1,gene-driven,no,59180,0.201892531260561,medium
ENSG00000110195,0.5542,0.7463,0.15,0.0,0.5028,2.107908647686063e-06,24.75333416743524,8.301454959295707e-06,True,False,0.0,0.0,0.0,0.0,0.0,0.0,0,0.0,0.0,0.0,no,FOLR1,gene-driven,no,39070,0.1786281034041464,medium
ENSG00000110200,0.1699,0.6669,0.15,0.0,0.3677,0.0112719615803649,7.584579464593844,0.0338158847410949,True,False,0.0,0.0,0.0,0.0,0.0,0.0,0,0.0,0.0,0.0,no,ANAPC15,gene-driven,no,61180,0.10951291271657404,medium
ENSG00000110218,1.0,0.8872,0.15,0.0,0.6718,0.0,78.82550921188158,0.0,True,False,0.0,0.0,0.0,0.0,0.0,0.0,0,0.0,0.0,0.0,no,PANX1,gene-driven,no,28990,0.2757847533632287,short
ENSG00000110237,0.0001,0.2585,0.0,0.0,0.0647,0.5,0.0,0.5,False,False,0.0,0.0,0.0,0.0,0.0,0.0,0,0.0,0.0,0.0,no,ARHGEF17,neutral,no,242840,0.2603895569098995,long
ENSG00000110244,0.0001,0.2585,0.0,0.0,0.0647,0.5,0.0,0.5,False,False,0.0,0.0,0.0,0.0,0.0,0.0,0,0.0,0.0,0.0,no,APOA4,neutral,no,38970,0.23376956633307672,medium
ENSG00000110318,0.0001,0.2585,0.0,0.0,0.0647,0.5,0.0,0.5,False,False,0.0,0.0,0.0,0.0,0.0,0.0,0,0.0,0.0,0.0,no,CEP126,neutral,no,230610,0.09161788300594076,long
ENSG00000110324,0.0001,0.2585,0.0,0.0,0.0647,0.5,0.0,0.5,False,False,0.0,0.0,0.0,0.0,0.0,0.0,0,0.0,0.0,0.0,no,IL10RA,neutral,no,41610,0.2735400144196107,medium
ENSG00000110328,0.0001,0.2585,0.0,0.0,0.0647,0.5,0.0,0.5,False,False,0.0,0.0,0.0,0.0,0.0,0.0,0,0.0,0.0,0.0,no,GALNT18,neutral,no,149210,0.18886133637155686,long
ENSG00000110344,0.0001,0.2585,0.0,0.0,0.0647,0.5,0.0,0.5,False,False,0.0,0.0,0.0,0.0,0.0,0.0,0,0.0,0.0,0.0,no,UBE4A,neutral,no,222900,0.15547330641543292,long
ENSG00000110367,0.0001,0.2585,0.0,0.0,0.0647,0.5,0.0,0.5,False,False,0.0,0.0,0.0,0.0,0.0,0.0,0,0.0,0.0,0.0,no,DDX6,neutral,no,48610,0.19927998354248097,medium
ENSG00000110395,0.0001,0.0384,0.0,0.0,0.0096,0.5,-0.0045651711698155,0.5,False,False,0.0,0.0,0.0,0.0,0.0,0.0,0,0.0,0.0,0.0,no,CBL,neutral,no,130530,0.27595954952884394,long
ENSG00000110400,0.0001,0.2585,0.0,0.0,0.0647,0.5,0.0,0.5,False,False,0.0,0.4076,0.0,0.0,0.0,0.1426,1,0.0,0.0,0.0,no,NECTIN1,neutral,no,86410,0.2692859622728851,long
ENSG00000110429,1.0,0.8239,0.15,0.0,0.656,1.467626020712487e-11,48.50328832216474,8.323799118613351e-11,True,False,0.0,0.0,0.0,0.0,0.0,0.0,0,0.0,0.0,0.0,no,FBXO3,gene-driven,no,87290,0.18938022683010655,long
ENSG00000110435,1.0,0.9542,0.15,0.0,0.6885,0.0,143.5225175377127,0.0,True,False,0.0,0.0,0.0,0.0,0.0,0.0,0,0.0,0.0,0.0,no,PDHX,gene-driven,no,63250,0.24744664031620553,medium
ENSG00000110442,0.0275,0.5505,0.0,0.0,0.1459,0.2710792987366772,1.224393410075209,0.5,False,False,0.0,0.0,0.0,0.0,0.0,0.0,0,0.0,0.0,0.0,no,COMMD9,neutral,no,31490,0.30387424579231503,short
ENSG00000110448,0.9357,0.803,0.15,0.0,0.6314,4.206261450256932e-10,41.79225905862222,2.132716050313759e-09,True,False,0.0,0.0,0.0,0.0,0.0,0.0,0,0.0,0.0,0.0,no,CD5,gene-driven,no,26390,0.35187571049640015,short
ENSG00000110583,0.0152,0.5062,0.0,0.0,0.1311,0.3572635449991316,0.6722687353740184,0.5,False,False,0.0,0.0,0.0,0.0,0.0,0.0,0,0.0,0.0,0.0,no,NAA40,neutral,no,26980,0.26949592290585617,short
ENSG00000110660,1.0,0.8374,0.15,0.0,0.6593,1.046274178406748e-12,53.78528456894128,6.4248984733273626e-12,True,False,0.0,0.0,0.0,0.0,0.0,0.0,0,0.0,0.0,0.0,no,SLC35F2,gene-driven,no,46910,0.20396503943722022,medium
ENSG00000110675,0.5875,0.7527,0.15,0.0,0.5144,1.002391813109682e-06,26.23994884033164,4.050281785871291e-06,True,False,0.0,0.0,0.0,0.0,0.0,0.0,0,0.0,0.0,0.0,no,ELMOD1,gene-driven,no,64120,0.2272613849033063,medium
ENSG00000110693,1.0,0.879,0.15,0.0,0.6697,5.551115123125783e-17,73.73072076417156,4.453426874585104e-16,True,False,0.0,0.9527,0.0,0.0,0.0,0.3335,3,0.0,0.0,0.0,no,SOX6,gene-driven (dual),no,208330,0.21195219123505976,long
ENSG00000110696,0.6635,0.7618,0.15,0.0,0.5395,1.835602459476782e-07,29.63515145398651,7.698386706102456e-07,True,False,0.0,0.0,0.0,0.0,0.0,0.0,0,0.0,0.0,0.0,no,C11orf58,gene-driven,no,21020,0.1983349191246432,short
ENSG00000110697,0.0001,0.3963,0.0,0.0,0.0991,0.4999829406587991,6.823852891102433e-05,0.5,False,False,0.0,0.0,0.0,0.0,0.0,0.0,0,0.0,0.0,0.0,no,PITPNM1,neutral,no,230880,0.2310984060984061,long
ENSG00000110711,0.0001,0.2585,0.0,0.0,0.0647,0.5,0.0,0.5,False,False,0.0,0.0,0.0,0.0,0.0,0.0,0,0.0,0.0,0.0,no,AIP,neutral,no,89840,0.1407168299198575,long
ENSG00000110768,0.1776,0.6691,0.15,0.0,0.3705,0.009500281267293,7.926573386444943,0.0286911955212603,True,False,0.0,0.0,0.0,0.0,0.0,0.0,0,0.0,0.0,0.0,no,GTF2H1,gene-driven,no,83120,0.20214148219441772,long
ENSG00000110777,0.0282,0.5523,0.0,0.0,0.1465,0.2670604975367095,1.254265766216122,0.5,False,False,0.0,0.4076,0.0,0.0,0.0,0.1426,1,0.0,0.0,0.0,no,POU2AF1,neutral,no,28500,0.25733333333333336,short
ENSG00000110786,0.0001,0.2585,0.0,0.0,0.0647,0.5,0.0,0.5,False,False,0.0,0.0,0.0,0.0,0.0,0.0,0,0.0,0.0,0.0,no,PTPN5,neutral,no,180310,0.21416449448172592,long
ENSG00000110811,0.0001,0.2585,0.0,0.0,0.0647,0.5,0.0,0.5,False,False,0.0,0.0,0.0,0.0,0.0,0.0,0,0.0,0.0,0.0,no,P3H3,neutral,no,46490,0.3442675844267584,medium
ENSG00000110844,1.0,0.9877,0.15,0.0,0.6969,0.0,263.495888469246,0.0,True,False,0.0,0.0,0.0,0.0,0.0,0.0,0,0.0,0.0,0.0,no,PRPF40B,gene-driven,no,98610,0.24799716053138626,long
ENSG00000110848,0.0284,0.5529,0.0,0.0,0.1467,0.2655709899254481,1.26545182283553,0.5,False,False,0.0,0.4076,0.0,0.0,0.0,0.1426,1,0.0,0.0,0.0,no,CD69,neutral,no,17650,0.19405099150141644,short
ENSG00000110852,0.011,0.4807,0.0,0.0,0.1235,0.3916713138301996,0.4883701909393494,0.5,False,False,0.0,0.4076,0.0,0.0,0.0,0.1426,1,0.0,0.0,0.0,no,CLEC2B,neutral,no,12130,0.17065127782357792,short
ENSG00000110880,1.0,0.8938,0.15,0.0,0.6735,0.0,83.44004189193947,0.0,True,False,0.0,0.0,0.0,0.0,0.0,0.0,0,0.0,0.0,0.0,no,CORO1C,gene-driven,no,131140,0.17202989171877384,long
ENSG00000110881,1.0,0.9499,0.15,0.0,0.6875,0.0,135.5766566079183,0.0,True,False,0.0,0.0,0.0,0.0,0.0,0.0,0,0.0,0.0,0.0,no,ASIC1,gene-driven,no,79770,0.24759934812586185,long
ENSG00000110900,0.1352,0.6542,0.075,0.0,0.2791,0.0244921266843916,6.032512784782739,0.0707866578315885,False,False,0.0,0.4076,0.0,0.0,0.0,0.1426,1,0.0,0.0,0.0,no,TSPAN11,neutral,no,49480,0.19573565076798707,medium
ENSG00000110906,0.5719,0.7499,0.15,0.0,0.509,1.422084845270621e-06,25.5404787633961,5.681485960141421e-06,True,False,0.0,0.0,0.0,0.0,0.0,0.0,0,0.0,0.0,0.0,no,KCTD10,gene-driven,no,57210,0.15808425100506904,medium
ENSG00000110921,1.0,0.8641,0.15,0.0,0.666,1.720845688168993e-15,66.61385006619821,1.2624611287540663e-14,True,False,0.0,0.0,0.0,0.0,0.0,0.0,0,0.0,0.0,0.0,no,MVK,gene-driven,no,81730,0.24056038174476937,long
ENSG00000110944,0.0001,0.2585,0.0,0.0,0.0647,0.5,0.0,0.5,False,False,0.0,0.0,0.0,0.0,0.0,0.0,0,0.0,0.0,0.0,no,IL23A,neutral,no,14090,0.26352022711142653,short
ENSG00000110975,1.0,0.8301,0.15,0.0,0.6575,5.2332582711755996e-12,50.56568150447856,3.076858940996151e-11,True,False,0.0,0.0,0.0,0.0,0.0,0.0,0,0.0,0.0,0.0,no,SYT10,gene-driven,no,35320,0.25059456398640995,medium
ENSG00000110987,0.0001,0.2585,0.0,0.0,0.0647,0.5,0.0,0.5,False,False,0.0,0.0,0.0,0.0,0.0,0.0,0,0.0,0.0,0.0,no,BCL7A,neutral,no,15110,0.2909331568497684,short
ENSG00000111011,0.5954,0.7533,0.15,0.0,0.5169,8.415239287629106e-07,26.58980841475568,3.4085830795331573e-06,True,False,0.0,0.0,0.0,0.0,0.0,0.0,0,0.0,0.0,0.0,no,RSRC2,gene-driven,no,46880,0.25637798634812287,medium
ENSG00000111012,0.6483,0.7595,0.15,0.0,0.5344,2.581112183430712e-07,28.95345617091516,1.072552380984491e-06,True,False,0.0,0.0,0.0,0.0,0.0,0.0,0,0.0,0.0,0.0,no,CYP27B1,gene-driven,no,49880,0.23434242181234963,medium
ENSG00000111046,0.0001,0.1172,0.0,0.0,0.0293,0.5,-4.8259607865475125e-08,0.5,False,False,0.0,0.0,0.0,0.0,0.0,0.0,0,0.0,0.0,0.0,no,MYF6,neutral,no,9120,0.4548245614035088,short
ENSG00000111049,0.0001,0.2585,0.0,0.0,0.0647,0.5,0.0,0.5,False,False,0.0,0.0,0.0,0.0,0.0,0.0,0,0.0,0.0,0.0,no,MYF5,neutral,no,10290,0.4193391642371234,short
ENSG00000111057,0.7336,0.7728,0.15,0.0,0.5633,3.8366339327744476e-08,32.76587632274095,1.6866046910857365e-07,True,False,0.0,0.0,0.0,0.0,0.0,0.0,0,0.0,0.0,0.0,no,KRT18,gene-driven,no,38770,0.21367036368326026,medium
ENSG00000111087,0.031,0.5639,0.0,0.0,0.1503,0.2506465313676304,1.381128786611953,0.5,False,False,0.0,0.0,0.0,0.0,0.0,0.0,0,0.0,0.0,0.0,no,GLI1,neutral,no,165850,0.23507386192342478,long
ENSG00000111110,0.97,0.8082,0.15,0.0,0.6431,1.9527818251319218e-10,43.32689786065384,1.0170823872467203e-09,True,False,0.0,0.0,0.0,0.0,0.0,0.0,0,0.0,0.0,0.0,no,PPM1H,gene-driven,no,68690,0.21364099577813364,medium
ENSG00000111144,0.0023,0.4375,0.0,0.0,0.11,0.476595888531686,0.0958783209134708,0.5,False,False,0.0,0.0,0.0,0.0,0.0,0.0,0,0.0,0.0,0.0,no,LTA4H,neutral,no,75480,0.2539348171701113,medium
ENSG00000111181,0.3065,0.701,0.15,0.0,0.4172,0.0005327225394632,13.68872530537919,0.0017807539726414,True,False,0.0,0.0,0.0,0.0,0.0,0.0,0,0.0,0.0,0.0,no,SLC6A12,gene-driven,no,138690,0.16796452520008653,long
ENSG00000111186,1.0,0.9564,0.15,0.0,0.6891,0.0,147.10901473185,0.0,True,False,0.0,0.0,0.0,0.0,0.0,0.0,0,0.0,0.0,0.0,no,WNT5B,gene-driven,no,73930,0.20588394427160828,medium
ENSG00000111196,0.1859,0.6713,0.15,0.0,0.3736,0.0078828116973468,8.299846887726744,0.0239664458328871,True,False,0.0,0.0,0.0,0.0,0.0,0.0,0,0.0,0.0,0.0,no,MAGOHB,gene-driven,no,21830,0.11099404489234997,short
ENSG00000111199,0.0001,0.2585,0.0,0.0,0.0647,0.5,0.0,0.5,False,False,0.0,0.0,0.0,0.0,0.0,0.0,0,0.0,0.0,0.0,no,TRPV4,neutral,no,235740,0.2340544667854416,long
ENSG00000111206,0.5036,0.7358,0.15,0.0,0.485,6.539574817110427e-06,22.48898245355667,2.473600390897891e-05,True,False,0.0,0.0,0.0,0.0,0.0,0.0,0,0.0,0.0,0.0,no,FOXM1,gene-driven,no,112170,0.249879646964429,long
ENSG00000111218,0.0001,0.2585,0.0,0.0,0.0647,0.5,0.0,0.5,False,False,0.0,0.4076,0.0,0.0,0.0,0.1426,1,0.0,0.0,0.0,no,PRMT8,neutral,no,60390,0.22763702599768174,medium
ENSG00000111229,0.8329,0.7855,0.15,0.0,0.5962,4.1743211665057345e-09,37.2023338227682,1.9441080039512662e-08,True,False,0.0,0.0,0.0,0.0,0.0,0.0,0,0.0,0.0,0.0,no,ARPC3,gene-driven,no,18070,0.15794133923630327,short
ENSG00000111237,1.0,0.9457,0.15,0.0,0.6864,0.0,129.8195096239051,0.0,True,False,0.0,0.4076,0.0,0.0,0.0,0.1426,1,0.0,0.0,0.0,no,VPS29,gene-driven,no,32590,0.23896900889843511,short
ENSG00000111241,0.0001,0.2585,0.0,0.0,0.0647,0.5,0.0,0.5,False,False,0.0,0.0,0.0,0.0,0.0,0.0,0,0.0,0.0,0.0,no,FGF6,neutral,no,9950,0.37396984924623117,short
ENSG00000111245,0.6511,0.7606,0.15,0.0,0.5355,2.420831131666468e-07,29.08167509286613,1.0101689638346487e-06,True,False,0.0,0.0,0.0,0.0,0.0,0.0,0,0.0,0.0,0.0,no,MYL2,gene-driven,no,19670,0.24356888662938486,short
ENSG00000111252,0.0001,0.2585,0.0,0.0,0.0647,0.5,0.0,0.5,False,False,0.0,0.0,0.0,0.0,0.0,0.0,0,0.0,0.0,0.0,no,SH2B3,neutral,no,35030,0.42851841278903796,medium
ENSG00000111266,0.3246,0.7047,0.15,0.0,0.4235,0.0003562795295322,14.49329551878691,0.0012055335917642,True,False,0.0,0.4076,0.0,0.0,0.0,0.1426,1,0.0,0.0,0.0,no,DUSP16,gene-driven,no,82100,0.18065773447015834,long
ENSG00000111269,0.0001,0.0517,0.0,0.0,0.0129,0.5,-0.0031266262885765,0.5,False,False,0.0,0.4076,0.0,0.0,0.0,0.1426,1,0.0,0.0,0.0,no,CREBL2,neutral,no,15790,0.20601646611779606,short
ENSG00000111271,0.0001,0.2585,0.0,0.0,0.0647,0.5,0.0,0.5,False,False,0.0,0.0,0.0,0.0,0.0,0.0,0,0.0,0.0,0.0,no,ACAD10,neutral,no,194180,0.173931403852096,long
ENSG00000111276,0.0001,0.0621,0.0,0.0,0.0156,0.5,-0.0021117249953022,0.5,False,False,0.0,0.0,0.0,0.0,0.0,0.0,0,0.0,0.0,0.0,no,CDKN1B,neutral,no,21180,0.2534466477809254,short
ENSG00000111291,0.0001,0.2585,0.0,0.0,0.0647,0.5,0.0,0.5,False,False,0.0,0.0,0.0,0.0,0.0,0.0,0,0.0,0.0,0.0,no,GPRC5D,neutral,no,22310,0.3835499775885253,short
ENSG00000111335,0.0057,0.4592,0.0,0.0,0.1165,0.4414747282706535,0.2489746412393288,0.5,False,False,0.0,0.0,0.0,0.0,0.0,0.0,0,0.0,0.0,0.0,no,OAS2,neutral,no,167830,0.1185842817136388,long
ENSG00000111339,1.0,0.9405,0.15,0.0,0.6851,0.0,123.4504823075858,0.0,True,False,0.0,0.0,0.0,0.0,0.0,0.0,0,0.0,0.0,0.0,no,ART4,gene-driven,no,21420,0.25172735760971054,short
ENSG00000111344,0.0001,0.2585,0.0,0.0,0.0647,0.5,0.0,0.5,False,False,0.0,0.4076,0.0,0.0,0.0,0.1426,1,0.0,0.0,0.0,no,RASAL1,neutral,no,116910,0.2474039859721153,long
ENSG00000111364,0.0223,0.5344,0.0,0.0,0.1403,0.3046148830425544,0.9911195963613864,0.5,False,False,0.0,0.0,0.0,0.0,0.0,0.0,0,0.0,0.0,0.0,no,DDX55,neutral,no,73860,0.2576496073652857,medium
ENSG00000111404,0.0336,0.5728,0.0,0.0,0.1533,0.2364116720548405,1.498066879753424,0.5,False,False,0.0,0.0,0.0,0.0,0.0,0.0,0,0.0,0.0,0.0,no,RERGL,neutral,no,18630,0.24004294149221686,short
ENSG00000111405,1.0,0.8522,0.15,0.0,0.6631,2.7089441800853823e-14,61.0924797119078,1.830745699965311e-13,True,False,0.0,0.4076,0.0,0.0,0.0,0.1426,1,0.0,0.0,0.0,no,ENDOU,gene-driven,no,52640,0.29791033434650455,medium
ENSG00000111424,1.0,0.9897,0.15,0.0,0.6974,0.0,291.7115098900686,0.0,True,False,0.0,0.0,0.0,0.0,0.0,0.0,0,0.0,0.0,0.0,no,VDR,gene-driven,no,77310,0.20660975294269823,medium
ENSG00000111445,0.0001,0.0698,0.0,0.0,0.0175,0.5,-0.0015133786728256,0.5,False,False,0.0,0.0,0.0,0.0,0.0,0.0,0,0.0,0.0,0.0,no,RFC5,neutral,no,42580,0.22987317989666511,medium
ENSG00000111536,0.0001,0.2585,0.0,0.0,0.0647,0.5,0.0,0.5,False,False,0.0,0.0,0.0,0.0,0.0,0.0,0,0.0,0.0,0.0,no,IL26,neutral,no,9330,0.22068595927116827,short
ENSG00000111537,0.0001,0.0963,0.0,0.0,0.0241,0.5,-0.0003681079351736,0.5,False,False,0.0,0.0,0.0,0.0,0.0,0.0,0,0.0,0.0,0.0,no,IFNG,neutral,no,5810,0.33304647160068845,short
ENSG00000111602,1.0,0.9025,0.15,0.0,0.6756,0.0,89.19304076154367,0.0,True,False,0.0,0.0,0.0,0.0,0.0,0.0,0,0.0,0.0,0.0,no,TIMELESS,gene-driven,no,76780,0.27577494139098724,medium
ENSG00000111605,0.1112,0.6448,0.075,0.0,0.2696,0.0418086542857529,4.963009480088658,0.1176223113220222,False,False,0.0,0.0,0.0,0.0,0.0,0.0,0,0.0,0.0,0.0,no,CPSF6,neutral,no,88750,0.26932957746478875,long
ENSG00000111615,0.0001,0.2585,0.0,0.0,0.0647,0.5,0.0,0.5,False,False,0.0,0.0,0.0,0.0,0.0,0.0,0,0.0,0.0,0.0,no,KRR1,neutral,no,50420,0.17669575565251885,medium
ENSG00000111640,0.0001,0.2585,0.0,0.0,0.0647,0.5,0.0,0.5,False,False,0.0,0.0,0.0,0.0,0.0,0.0,0,0.0,0.0,0.0,no,GAPDH,neutral,no,57640,0.19538514920194308,medium
ENSG00000111647,1.0,0.9326,0.15,0.0,0.6832,0.0,115.6824376438017,0.0,True,False,0.0,0.0,0.0,0.0,0.0,0.0,0,0.0,0.0,0.0,no,,gene-driven,no,305140,0.13819885953988334,long
ENSG00000111665,0.0001,0.2585,0.0,0.0,0.0647,0.5,0.0,0.5,False,False,0.0,0.0,0.0,0.0,0.0,0.0,0,0.0,0.0,0.0,no,CDCA3,neutral,no,37060,0.2839719373988127,medium
ENSG00000111667,0.0001,0.2585,0.0,0.0,0.0647,0.5,0.0,0.5,False,False,0.0,0.0,0.0,0.0,0.0,0.0,0,0.0,0.0,0.0,no,USP5,neutral,no,59130,0.32592592592592595,medium
ENSG00000111684,0.8918,0.7937,0.15,0.0,0.616,1.120306680757466e-09,39.83303242223701,5.425905968926617e-09,True,False,0.0,0.0,0.0,0.0,0.0,0.0,0,0.0,0.0,0.0,no,LPCAT3,gene-driven,no,48200,0.24365145228215768,medium
ENSG00000111707,0.0145,0.502,0.0,0.0,0.1299,0.3625000837667299,0.6431667860542802,0.5,False,False,0.0,0.0,0.0,0.0,0.0,0.0,0,0.0,0.0,0.0,no,SUDS3,neutral,no,42480,0.23258003766478344,medium
ENSG00000111711,1.0,0.9117,0.15,0.0,0.6779,0.0,97.48827820727092,0.0,True,False,0.0,0.0,0.0,0.0,0.0,0.0,0,0.0,0.0,0.0,no,GOLT1B,gene-driven,no,21330,0.19676511954992967,short
ENSG00000111726,1.0,0.9335,0.15,0.0,0.6834,0.0,116.3507221811633,0.0,True,False,0.0,0.0,0.0,0.0,0.0,0.0,0,0.0,0.0,0.0,no,CMAS,gene-driven,no,34200,0.2160233918128655,medium
ENSG00000111729,0.0001,0.2585,0.0,0.0,0.0647,0.5,0.0,0.5,False,False,0.0,0.0,0.0,0.0,0.0,0.0,0,0.0,0.0,0.0,no,CLEC4A,neutral,no,37350,0.24733601070950467,medium
ENSG00000111732,1.0,0.9051,0.15,0.0,0.6763,0.0,91.93664346344669,0.0,True,False,0.0,0.0,0.0,0.0,0.0,0.0,0,0.0,0.0,0.0,no,AICDA,gene-driven,no,36330,0.20085328929259566,medium
ENSG00000111775,0.0001,0.1158,0.0,0.0,0.029,0.5,-3.442419256316498e-07,0.5,False,False,0.0,0.4076,0.0,0.0,0.0,0.1426,1,0.0,0.0,0.0,no,COX6A1,neutral,no,3620,0.5251381215469614,short
ENSG00000111785,0.0111,0.4813,0.0,0.0,0.1237,0.3910339900354725,0.4916272223272244,0.5,False,False,0.0,0.0,0.0,0.0,0.0,0.0,0,0.0,0.0,0.0,no,RIC8B,neutral,no,174790,0.22327936380799818,long
ENSG00000111790,1.0,0.8832,0.15,0.0,0.6708,0.0,76.74682361110536,0.0,True,False,0.0,0.0,0.0,0.0,0.0,0.0,0,0.0,0.0,0.0,no,FGFR1OP2,gene-driven,no,24880,0.26917202572347265,short
ENSG00000111796,0.0288,0.5543,0.0,0.0,0.1472,0.2634958181756176,1.28114120164264,0.5,False,False,0.0,0.0,0.0,0.0,0.0,0.0,0,0.0,0.0,0.0,no,KLRB1,neutral,no,13680,0.21162280701754385,short
ENSG00000111802,0.0001,0.2585,0.0,0.0,0.0647,0.5,0.0,0.5,False,False,0.0,0.0,0.0,0.0,0.0,0.0,0,0.0,0.0,0.0,no,TDP2,neutral,no,39570,0.21463229719484458,medium
ENSG00000111816,0.0143,0.499,0.0,0.0,0.129,0.3641563310350349,0.6340496842021821,0.5,False,False,0.0,0.0,0.0,0.0,0.0,0.0,0,0.0,0.0,0.0,no,FRK,neutral,no,102760,0.1303133514986376,long
ENSG00000111834,0.0176,0.5217,0.0,0.0,0.1357,0.338127480848579,0.7823702234964003,0.5,False,False,0.0,0.0,0.0,0.0,0.0,0.0,0,0.0,0.0,0.0,no,RSPH4A,neutral,no,71840,0.25313195991091314,medium
ENSG00000111845,0.0404,0.5846,0.0,0.0,0.1583,0.2032004980002796,1.800829863712352,0.4887669554333971,False,False,0.0,0.0,0.0,0.0,0.0,0.0,0,0.0,0.0,0.0,no,PAK1IP1,neutral,no,39030,0.15213937996413016,medium
ENSG00000111846,0.0322,0.569,0.0,0.0,0.1519,0.2443737034779753,1.431818946206477,0.5,False,False,0.0,0.0,0.0,0.0,0.0,0.0,0,0.0,0.0,0.0,no,GCNT2,neutral,no,97850,0.20277976494634645,long
ENSG00000111875,0.0001,0.2585,0.0,0.0,0.0647,0.5,0.0,0.5,False,False,0.0,0.0,0.0,0.0,0.0,0.0,0,0.0,0.0,0.0,no,ASF1A,neutral,no,12120,0.22103960396039604,short
ENSG00000111880,0.0001,0.2585,0.0,0.0,0.0647,0.5,0.0,0.5,False,False,0.0,0.0,0.0,0.0,0.0,0.0,0,0.0,0.0,0.0,no,RNGTT,neutral,no,123130,0.15546982863640055,long
ENSG00000111885,0.0234,0.5384,0.0,0.0,0.1416,0.297321464586399,1.039588345163793,0.5,False,False,0.0,0.0,0.0,0.0,0.0,0.0,0,0.0,0.0,0.0,no,MAN1A1,neutral,no,69290,0.17529224996391976,medium
ENSG00000111886,0.0653,0.6182,0.0,0.0,0.1741,0.1165586692300645,2.912426706934639,0.3051383267107057,False,False,0.0,0.0,0.0,0.0,0.0,0.0,0,0.0,0.0,0.0,no,GABRR2,neutral,no,108680,0.1152373941847626,long
ENSG00000111897,0.0172,0.5195,0.0,0.0,0.135,0.3416638807610964,0.7615612987938221,0.5,False,False,0.0,0.0,0.0,0.0,0.0,0.0,0,0.0,0.0,0.0,no,SERINC1,neutral,no,32710,0.22127789666768571,short
ENSG00000111906,0.3807,0.7151,0.15,0.0,0.443,0.0001015613297232,17.00340105544819,0.0003562525063775,True,False,0.0,0.0,0.0,0.0,0.0,0.0,0,0.0,0.0,0.0,no,HDDC2,gene-driven,no,31560,0.18491761723700886,short
ENSG00000111907,0.0601,0.614,0.0,0.0,0.1715,0.130949272556074,2.679596164929535,0.3390638634533639,False,False,0.0,0.0,0.0,0.0,0.0,0.0,0,0.0,0.0,0.0,no,TPD52L1,neutral,no,67670,0.24659376385399734,medium
ENSG00000111911,0.0063,0.4622,0.0,0.0,0.1174,0.4355943735712597,0.2757932478843941,0.5,False,False,0.0,0.0,0.0,0.0,0.0,0.0,0,0.0,0.0,0.0,no,HINT3,neutral,no,13800,0.23152173913043478,short
ENSG00000111962,0.0001,0.2585,0.0,0.0,0.0647,0.5,0.0,0.5,False,False,0.0,0.4076,0.0,0.0,0.0,0.1426,1,0.0,0.0,0.0,no,UST,neutral,no,41130,0.21796742037442257,medium
ENSG00000112029,0.0037,0.4463,0.0,0.0,0.1127,0.461394091393959,0.1607111171633733,0.5,False,False,0.0,0.4076,0.0,0.0,0.0,0.1426,1,0.0,0.0,0.0,no,FBXO5,neutral,no,27800,0.2699280575539568,short
ENSG00000112033,1.0,0.9688,0.15,0.0,0.6922,0.0,175.4404624789968,0.0,True,False,0.0,0.0,0.0,0.0,0.0,0.0,0,0.0,0.0,0.0,no,PPARD,gene-driven,no,80540,0.2642165383660293,long
ENSG00000112039,0.0189,0.5261,0.0,0.0,0.1372,0.3283309279222242,0.8411721440861584,0.5,False,False,0.0,0.0,0.0,0.0,0.0,0.0,0,0.0,0.0,0.0,no,FANCE,neutral,no,85910,0.18946571993947153,long
ENSG00000112053,1.0,0.9467,0.15,0.0,0.6867,0.0,130.8812616664654,0.0,True,False,0.0,0.0,0.0,0.0,0.0,0.0,0,0.0,0.0,0.0,no,SLC26A8,gene-driven,no,123450,0.23679222357229648,long
ENSG00000112062,1.0,0.9582,0.15,0.0,0.6895,0.0,149.2019595102902,0.0,True,False,0.0,0.0,0.0,0.0,0.0,0.0,0,0.0,0.0,0.0,no,MAPK14,gene-driven,no,60140,0.28545061523112736,medium
ENSG00000112077,0.0001,0.2585,0.0,0.0,0.0647,0.5,0.0,0.5,False,False,0.0,0.0,0.0,0.0,0.0,0.0,0,0.0,0.0,0.0,no,RHAG,neutral,no,62680,0.16619336311423102,medium
ENSG00000112079,0.0001,0.1033,0.0,0.0,0.0259,0.5,-0.000207364988455,0.5,False,False,0.0,0.0,0.0,0.0,0.0,0.0,0,0.0,0.0,0.0,no,STK38,neutral,no,116280,0.11163570691434468,long
ENSG00000112081,0.6037,0.7545,0.15,0.0,0.5197,6.985424622629743e-07,26.9622453779657,2.843330775201337e-06,True,False,0.0,0.0,0.0,0.0,0.0,0.0,0,0.0,0.0,0.0,no,SRSF3,gene-driven,no,16580,0.24951749095295536,short
ENSG00000112110,0.0001,0.0726,0.0,0.0,0.0182,0.5,-0.0013144578388164,0.5,False,False,0.0,0.0,0.0,0.0,0.0,0.0,0,0.0,0.0,0.0,no,MRPL18,neutral,no,11230,0.2859305431878896,short
ENSG00000112115,0.0131,0.4895,0.0,0.0,0.1263,0.3744115804826775,0.5785048470065703,0.5,False,False,0.0,0.0,0.0,0.0,0.0,0.0,0,0.0,0.0,0.0,no,IL17A,neutral,no,6950,0.3700719424460432,short
ENSG00000112116,0.3987,0.7167,0.15,0.0,0.4488,6.808378538064597e-05,17.80324858557651,0.000240176417364,True,False,0.0,0.0,0.0,0.0,0.0,0.0,0,0.0,0.0,0.0,no,IL17F,gene-driven,no,15050,0.22916943521594685,short
ENSG00000112118,1.0,0.9182,0.15,0.0,0.6795,0.0,103.1426777217857,0.0,True,False,0.0,0.0,0.0,0.0,0.0,0.0,0,0.0,0.0,0.0,no,MCM3,gene-driven,no,156530,0.25227751868651377,long
ENSG00000112144,0.0001,0.2585,0.0,0.0,0.0647,0.5,0.0,0.5,False,False,0.0,0.4076,0.0,0.0,0.0,0.1426,1,0.0,0.0,0.0,no,CILK1,neutral,no,92360,0.1666305760069294,long
ENSG00000112149,0.0001,0.0875,0.0,0.0,0.0219,0.5,-0.0006735452061548,0.5,False,False,0.0,0.0,0.0,0.0,0.0,0.0,0,0.0,0.0,0.0,no,CD83,neutral,no,16140,0.25049566294919456,short
ENSG00000112164,0.0007,0.4192,0.0,0.0,0.105,0.4932919312925466,0.0270138938176387,0.5,False,False,0.0,0.0,0.0,0.0,0.0,0.0,0,0.0,0.0,0.0,no,GLP1R,neutral,no,42790,0.24650619303575602,medium
ENSG00000112167,0.117,0.6476,0.075,0.0,0.272,0.0367223557353529,5.222444761533552,0.1041373987614856,False,False,0.0,0.0,0.0,0.0,0.0,0.0,0,0.0,0.0,0.0,no,SAYSD1,neutral,no,21570,0.22127955493741308,short
ENSG00000112182,1.0,0.9226,0.15,0.0,0.6806,0.0,107.8956752349477,0.0,True,False,0.0,0.4076,0.0,0.0,0.0,0.1426,1,0.0,0.0,0.0,no,BACH2,gene-driven,no,140660,0.17700838902317645,long
ENSG00000112186,0.5754,0.7509,0.15,0.0,0.5103,1.31493982219455e-06,25.69714495095832,5.274605383544912e-06,True,False,0.0,0.0,0.0,0.0,0.0,0.0,0,0.0,0.0,0.0,no,CAP2,gene-driven,no,79080,0.350354071825999,long
ENSG00000112195,0.0711,0.6224,0.0,0.0,0.1769,0.1025108777692075,3.169278361390752,0.2713619510505791,False,False,0.0,0.0,0.0,0.0,0.0,0.0,0,0.0,0.0,0.0,no,TREML2,neutral,no,25800,0.28186046511627905,short
ENSG00000112210,0.0001,0.3955,0.0,0.0,0.0989,0.4999997830887439,8.676452125655487e-07,0.5,False,False,0.0,0.0,0.0,0.0,0.0,0.0,0,0.0,0.0,0.0,no,RAB23,neutral,no,21580,0.1747914735866543,short
ENSG00000112212,0.0001,0.2585,0.0,0.0,0.0647,0.5,0.0,0.5,False,False,0.0,0.0,0.0,0.0,0.0,0.0,0,0.0,0.0,0.0,no,TSPO2,neutral,no,21590,0.23274664196387215,short
ENSG00000112214,0.2017,0.6755,0.15,0.0,0.3794,0.005540282853179,9.005125084975589,0.0170633850846518,True,False,0.0,0.0,0.0,0.0,0.0,0.0,0,0.0,0.0,0.0,no,FHL5,gene-driven,no,25620,0.19270101483216237,short
ENSG00000112232,0.0001,0.2585,0.0,0.0,0.0647,0.5,0.0,0.5,False,False,0.0,0.0,0.0,0.0,0.0,0.0,0,0.0,0.0,0.0,no,KHDRBS2,neutral,no,24140,0.26884838442419223,short
ENSG00000112234,0.0001,0.2585,0.0,0.0,0.0647,0.5,0.0,0.5,False,False,0.0,0.4076,0.0,0.0,0.0,0.1426,1,0.0,0.0,0.0,no,FBXL4,neutral,no,162730,0.11908068579856204,long
ENSG00000112238,0.0001,0.0764,0.0,0.0,0.0191,0.5,-0.0011306739670544,0.5,False,False,0.0,0.4076,0.0,0.0,0.0,0.1426,1,0.0,0.0,0.0,no,PRDM13,neutral,no,33330,0.4258025802580258,medium
ENSG00000112242,0.0001,0.0601,0.0,0.0,0.0151,0.5,-0.0023092592018656,0.5,False,False,0.0,0.0,0.0,0.0,0.0,0.0,0,0.0,0.0,0.0,no,E2F3,neutral,no,52670,0.28754509208277956,medium
ENSG00000112245,0.5268,0.74,0.15,0.0,0.4931,3.888343637570291e-06,23.52876022123019,1.4946384276100948e-05,True,False,0.0,0.0,0.0,0.0,0.0,0.0,0,0.0,0.0,0.0,no,PTP4A1,gene-driven,no,27080,0.1709010339734121,short
ENSG00000112246,0.0001,0.0456,0.0,0.0,0.0114,0.5,-0.0037850023363716,0.5,False,False,0.0,0.4076,0.0,0.0,0.0,0.1426,1,0.0,0.0,0.0,no,SIM1,neutral,no,76830,0.2897045424964207,medium
ENSG00000112276,0.0001,0.2585,0.0,0.0,0.0647,0.5,0.0,0.5,False,False,0.0,0.0,0.0,0.0,0.0,0.0,0,0.0,0.0,0.0,no,BVES,neutral,no,37980,0.1651922064244339,medium
ENSG00000112290,0.0001,0.0263,0.0,0.0,0.0066,0.5,-0.0059297105763107,0.5,False,False,0.0,0.0,0.0,0.0,0.0,0.0,0,0.0,0.0,0.0,no,WASF1,neutral,no,118630,0.17909466408159824,long
ENSG00000112293,0.3287,0.7063,0.15,0.0,0.4252,0.0003248218507783,14.67817299373564,0.0011051052570255,True,False,0.0,0.0,0.0,0.0,0.0,0.0,0,0.0,0.0,0.0,no,GPLD1,gene-driven,no,83970,0.2723115398356556,long
ENSG00000112294,1.0,0.8756,0.15,0.0,0.6689,5.551115123125783e-17,72.82543586421525,4.453426874585104e-16,True,False,0.0,0.0,0.0,0.0,0.0,0.0,0,0.0,0.0,0.0,no,ALDH5A1,gene-driven,no,114970,0.2400104375054362,long
ENSG00000112299,0.0011,0.4264,0.0,0.0,0.1069,0.4893472765649753,0.0430713679561449,0.5,False,False,0.0,0.0,0.0,0.0,0.0,0.0,0,0.0,0.0,0.0,no,VNN1,neutral,no,34430,0.24255010165553298,medium
ENSG00000112304,0.0001,0.0332,0.0,0.0,0.0083,0.5,-0.0050540278425614,0.5,False,False,0.0,0.0,0.0,0.0,0.0,0.0,0,0.0,0.0,0.0,no,ACOT13,neutral,no,10730,0.28769804287045664,short
ENSG00000112308,0.0143,0.4984,0.0,0.0,0.1289,0.3644145662411663,0.632631921193024,0.5,False,False,0.0,0.0,0.0,0.0,0.0,0.0,0,0.0,0.0,0.0,no,C6orf62,neutral,no,24370,0.1851456709068527,short
ENSG00000112319,0.3167,0.7033,0.15,0.0,0.4208,0.0004250799675325,14.14017213466286,0.0014315150700791,True,False,0.0,0.4076,0.0,0.0,0.0,0.1426,1,0.0,0.0,0.0,no,EYA4,gene-driven,no,207240,0.25079617834394907,long
ENSG00000112320,0.0001,0.2585,0.0,0.0,0.0647,0.5,0.0,0.5,False,False,0.0,0.8761,0.0,0.0,0.0,0.3066,2,0.0,0.0,0.0,no,SOBP,regulation-driven,no,80520,0.28782911077993045,long
ENSG00000112335,0.0238,0.5396,0.0,0.0,0.142,0.2944534676355225,1.058974224823032,0.5,False,False,0.0,0.0,0.0,0.0,0.0,0.0,0,0.0,0.0,0.0,no,SNX3,neutral,no,27450,0.1768670309653916,short
ENSG00000112337,0.0001,0.0201,0.0,0.0,0.0051,0.5,-0.0068737382789549,0.5,False,False,0.0,0.0,0.0,0.0,0.0,0.0,0,0.0,0.0,0.0,no,SLC17A2,neutral,no,54720,0.24276315789473685,medium
ENSG00000112343,0.0051,0.4552,0.0,0.0,0.1153,0.447679784002179,0.2210597788434825,0.5,False,False,0.0,0.0,0.0,0.0,0.0,0.0,0,0.0,0.0,0.0,no,TRIM38,neutral,no,42300,0.22408983451536643,medium
ENSG00000112365,0.0001,0.0072,0.0,0.0,0.0018,0.5,-0.008813035005005,0.5,False,False,0.0,0.0,0.0,0.0,0.0,0.0,0,0.0,0.0,0.0,no,ZBTB24,neutral,no,126910,0.1254195886848948,long
ENSG00000112378,0.0001,0.2585,0.0,0.0,0.0647,0.5,0.0,0.5,False,False,0.0,0.0,0.0,0.0,0.0,0.0,0,0.0,0.0,0.0,no,PERP,neutral,no,10310,0.32764306498545104,short
ENSG00000112406,0.0001,0.2585,0.0,0.0,0.0647,0.5,0.0,0.5,False,False,0.0,0.0,0.0,0.0,0.0,0.0,0,0.0,0.0,0.0,no,HECA,neutral,no,45120,0.2427304964539007,medium
ENSG00000112425,0.1747,0.6683,0.15,0.0,0.3695,0.0101297563646712,7.7982616627487,0.0305181151773923,True,False,0.0,0.4076,0.0,0.0,0.0,0.1426,1,0.0,0.0,0.0,no,EPM2A,gene-driven,no,91660,0.169757800567314,long
ENSG00000112499,0.0301,0.5601,0.0,0.0,0.1491,0.2556664552680626,1.341468825052289,0.5,False,False,0.0,0.0,0.0,0.0,0.0,0.0,0,0.0,0.0,0.0,no,SLC22A2,neutral,no,44610,0.26025554808338935,medium
ENSG00000112531,1.0,0.9833,0.15,0.0,0.6958,0.0,228.4986973079285,0.0,True,False,0.0,0.0,0.0,0.0,0.0,0.0,0,0.0,0.0,0.0,no,QKI,gene-driven,no,115580,0.17421699255926631,long
ENSG00000112539,0.0091,0.4735,0.0,0.21,0.3311,0.4091082587072336,0.4012565723533044,0.5,False,True,0.7,0.0,0.0,0.0,0.0,0.0,0,0.0,0.0,0.0,no,C6orf118,gene-driven,no,36930,0.29615488762523695,medium
ENSG00000112559,0.0001,0.2585,0.0,0.0,0.0647,0.5,0.0,0.5,False,False,0.0,0.0,0.0,0.0,0.0,0.0,0,0.0,0.0,0.0,no,MDFI,neutral,no,50300,0.2542544731610338,medium
ENSG00000112561,1.0,0.9972,0.15,0.0,0.6993,0.0,389.8046203543054,0.0,True,False,0.0,0.0,0.0,0.0,0.0,0.0,0,0.0,0.0,0.0,no,TFEB,gene-driven,no,244910,0.19490425054101507,long
ENSG00000112562,0.0737,0.6238,0.0,0.0,0.1781,0.0966481162713142,3.287062765899464,0.2567990012465367,False,False,0.0,0.0,0.0,0.0,0.0,0.0,0,0.0,0.0,0.0,no,SMOC2,neutral,no,73070,0.1874230190228548,medium
ENSG00000112584,0.8849,0.7929,0.15,0.0,0.6137,1.307875086009602e-09,39.52342980507819,6.309767873726247e-09,True,False,0.0,0.0,0.0,0.0,0.0,0.0,0,0.0,0.0,0.0,no,,gene-driven,no,309250,0.14848181083265966,long
ENSG00000112599,0.0001,0.2585,0.0,0.0,0.0647,0.5,0.0,0.5,False,False,0.0,0.0,0.0,0.0,0.0,0.0,0,0.0,0.0,0.0,no,GUCA1B,neutral,no,7430,0.41480484522207267,short
ENSG00000112619,0.1114,0.645,0.075,0.0,0.2697,0.0416518890580034,4.970522750711098,0.1172475926284716,False,False,0.0,0.0,0.0,0.0,0.0,0.0,0,0.0,0.0,0.0,no,PRPH2,neutral,no,15010,0.38514323784143906,short
ENSG00000112624,0.0001,0.2585,0.0,0.0,0.0647,0.5,0.0,0.5,False,False,0.0,0.0,0.0,0.0,0.0,0.0,0,0.0,0.0,0.0,no,BICRAL,neutral,no,147400,0.16953188602442334,long
ENSG00000112658,0.0159,0.5109,0.0,0.0,0.1325,0.3513676881727821,0.7055497571491287,0.5,False,False,0.0,0.0,0.0,0.0,0.0,0.0,0,0.0,0.0,0.0,no,SRF,neutral,no,32150,0.3808087091757387,short
ENSG00000112659,0.0001,0.2585,0.0,0.0,0.0647,0.5,0.0,0.5,False,False,0.0,0.0,0.0,0.0,0.0,0.0,0,0.0,0.0,0.0,no,CUL9,neutral,no,264920,0.25959157481503853,long
ENSG00000112667,0.0313,0.5655,0.0,0.0,0.1508,0.2490457990110275,1.393942574094581,0.5,False,False,0.0,0.0,0.0,0.0,0.0,0.0,0,0.0,0.0,0.0,no,DNPH1,neutral,no,19710,0.24743784880771183,short
ENSG00000112699,0.0001,0.2585,0.0,0.0,0.0647,0.5,0.0,0.5,False,False,0.0,0.9769,0.0,0.0,0.0,0.3419,4,0.0,0.0,0.0,no,GMDS,regulation-driven,no,61840,0.1919307891332471,medium
ENSG00000112706,1.0,0.921,0.15,0.0,0.6802,0.0,105.7936975916309,0.0,True,False,0.0,0.0,0.0,0.0,0.0,0.0,0,0.0,0.0,0.0,no,IMPG1,gene-driven,no,109800,0.2344990892531876,long
ENSG00000112739,0.0428,0.5899,0.0,0.0,0.1603,0.192818073098595,1.905721960836672,0.4699054853466004,False,False,0.0,0.0,0.0,0.0,0.0,0.0,0,0.0,0.0,0.0,no,,neutral,no,328370,0.11207783902305327,long
ENSG00000112761,1.0,0.9843,0.15,0.0,0.6961,0.0,231.7091040721461,0.0,True,False,0.0,0.0,0.0,0.0,0.0,0.0,0,0.0,0.0,0.0,no,CCN6,gene-driven,no,56400,0.22852836879432625,medium
ENSG00000112773,0.1406,0.656,0.075,0.0,0.2812,0.0217052609427022,6.274106855111313,0.0630618971547903,False,False,0.0,0.0,0.0,0.0,0.0,0.0,0,0.0,0.0,0.0,no,TENT5A,neutral,no,74530,0.1659868509325104,medium
ENSG00000112782,0.0029,0.4425,0.0,0.0,0.1115,0.4694756432992399,0.1259833581461862,0.5,False,False,0.0,0.8761,0.0,0.0,0.0,0.3066,2,0.0,0.0,0.0,no,CLIC5,regulation-driven,no,54310,0.27527158902596205,medium
ENSG00000112799,0.0001,0.2585,0.0,0.0,0.0647,0.5,0.0,0.5,False,False,0.0,0.0,0.0,0.0,0.0,0.0,0,0.0,0.0,0.0,no,LY86,neutral,no,22510,0.1605508662816526,short
ENSG00000112812,0.0009,0.4222,0.0,0.0,0.1058,0.4912634391161617,0.0352551572650554,0.5,False,False,0.0,0.0,0.0,0.0,0.0,0.0,0,0.0,0.0,0.0,no,PRSS16,neutral,no,57220,0.2739951066060818,medium
ENSG00000112837,0.0001,0.2585,0.0,0.0,0.0647,0.5,0.0,0.5,False,False,0.0,0.0,0.0,0.0,0.0,0.0,0,0.0,0.0,0.0,no,TBX18,neutral,no,58310,0.25215228948722346,medium
ENSG00000112874,0.0001,0.2585,0.0,0.0,0.0647,0.5,0.0,0.5,False,False,0.0,0.0,0.0,0.0,0.0,0.0,0,0.0,0.0,0.0,no,NUDT12,neutral,no,42260,0.20132513014671083,medium
ENSG00000112893,0.0127,0.4875,0.0,0.0,0.1257,0.3778092727020255,0.5604371993904351,0.5,False,False,0.0,0.0,0.0,0.0,0.0,0.0,0,0.0,0.0,0.0,no,MAN2A1,neutral,no,91120,0.1969929762949956,long
ENSG00000112941,0.4218,0.7214,0.15,0.0,0.4569,4.059994500654751e-05,18.83719333073532,0.0001455977840393,True,False,0.0,0.0,0.913,0.0,0.0,0.3196,0,3.935083365771377,0.0,0.0,no,TENT4A,dual-driven,no,63320,0.2625710675931775,medium
ENSG00000112964,1.0,0.9992,0.15,0.0,0.6998,0.0,569.0908492511371,0.0,True,False,0.0,0.0,0.0,0.0,0.0,0.0,0,0.0,0.0,0.0,no,GHR,gene-driven,no,236880,0.16254643701452212,long
ENSG00000112981,0.0003,0.4081,0.0,0.0,0.1021,0.4977382727881201,0.0090674324019346,0.5,False,False,0.0,0.0,0.0,0.0,0.0,0.0,0,0.0,0.0,0.0,no,NME5,neutral,no,14460,0.22752420470262794,short
ENSG00000112996,0.0253,0.5436,0.0,0.0,0.1435,0.2847052173439313,1.126307557013206,0.5,False,False,0.0,0.0,0.0,0.0,0.0,0.0,0,0.0,0.0,0.0,no,MRPS30,neutral,no,47270,0.22272054156970594,medium
ENSG00000113068,0.0001,0.2585,0.0,0.0,0.0647,0.5,0.0,0.5,False,False,0.0,0.0,0.0,0.0,0.0,0.0,0,0.0,0.0,0.0,no,PFDN1,neutral,no,15980,0.18529411764705883,short
ENSG00000113070,0.0001,0.085,0.0,0.0,0.0213,0.5,-0.0007532919516961,0.5,False,False,0.0,0.0,0.0,0.0,0.0,0.0,0,0.0,0.0,0.0,no,HBEGF,neutral,no,12790,0.29569976544175136,short
ENSG00000113083,0.0072,0.4664,0.0,0.0,0.1188,0.4267506545171361,0.3168164060298295,0.5,False,False,0.0,0.0,0.0,0.0,0.0,0.0,0,0.0,0.0,0.0,no,LOX,neutral,no,31890,0.2638758231420508,short
ENSG00000113088,1.0,0.8886,0.15,0.0,0.6722,0.0,80.32826863014998,0.0,True,False,0.0,0.0,0.0,0.0,0.0,0.0,0,0.0,0.0,0.0,no,GZMK,gene-driven,no,10090,0.35371655104063426,short
ENSG00000113119,1.0,0.8273,0.15,0.0,0.6568,8.985645560954936e-12,49.48449005374277,5.197046630254634e-11,True,False,0.0,0.0,0.0,0.0,0.0,0.0,0,0.0,0.0,0.0,no,TMCO6,gene-driven,no,53200,0.2581578947368421,medium
ENSG00000113141,1.0,0.8508,0.15,0.0,0.6627,3.8580250105724196e-14,60.38594931083935,2.582747833457229e-13,True,False,0.0,0.0,0.0,0.0,0.0,0.0,0,0.0,0.0,0.0,no,IK,gene-driven,no,63410,0.2642643116227724,medium
ENSG00000113161,1.0,0.9759,0.15,0.0,0.694,0.0,195.301519008266,0.0,True,False,0.0,0.0,0.0,0.0,0.0,0.0,0,0.0,0.0,0.0,no,HMGCR,gene-driven,no,216420,0.15095185287866186,long
ENSG00000113196,0.0001,0.2585,0.0,0.0,0.0647,0.5,0.0,0.5,False,False,0.0,0.0,0.0,0.0,0.0,0.0,0,0.0,0.0,0.0,no,HAND1,neutral,no,8650,0.4877456647398844,short
ENSG00000113240,1.0,0.8583,0.15,0.0,0.6646,7.160938508832261e-15,63.76014663076057,5.0451144678373455e-14,True,False,0.0,0.0,0.0,0.0,0.0,0.0,0,0.0,0.0,0.0,no,CLK4,gene-driven,no,89330,0.14450912347475653,long
ENSG00000113262,0.0001,0.2585,0.0,0.0,0.0647,0.5,0.0,0.5,False,False,0.0,0.0,0.0,0.0,0.0,0.0,0,0.0,0.0,0.0,no,GRM6,neutral,no,83010,0.28224310324057345,long
ENSG00000113269,0.0001,0.2585,0.0,0.0,0.0647,0.5,0.0,0.5,False,False,0.0,0.0,0.0,0.0,0.0,0.0,0,0.0,0.0,0.0,no,RNF130,neutral,no,75860,0.2394015291326127,medium
ENSG00000113302,1.0,0.969,0.15,0.0,0.6923,0.0,175.5916093006381,0.0,True,False,0.0,0.0,0.0,0.0,0.0,0.0,0,0.0,0.0,0.0,no,IL12B,gene-driven,no,19110,0.2882260596546311,short
ENSG00000113319,0.8726,0.7909,0.15,0.0,0.6095,1.7206868707653202e-09,38.97479021677282,8.221610466077524e-09,True,False,0.0,0.0,0.0,0.0,0.0,0.0,0,0.0,0.0,0.0,no,RASGRF2,gene-driven,no,198160,0.22769479208720225,long
ENSG00000113327,0.1184,0.6482,0.075,0.0,0.2726,0.0356053730140779,5.284223089285661,0.1011428471570666,False,False,0.0,0.0,0.0,0.0,0.0,0.0,0,0.0,0.0,0.0,no,GABRG2,neutral,no,257660,0.12966312194364665,long
ENSG00000113361,1.0,0.9757,0.15,0.0,0.6939,0.0,194.5420009730005,0.0,True,False,0.0,0.0,0.0,0.0,0.0,0.0,0,0.0,0.0,0.0,no,CDH6,gene-driven,no,54170,0.26315303673620083,medium
ENSG00000113368,0.0001,0.3991,0.0,0.0,0.0998,0.4997362688113509,0.0010552030689723,0.5,False,False,0.0,0.0,0.0,0.0,0.0,0.0,0,0.0,0.0,0.0,no,LMNB1,neutral,no,60850,0.2720295809367297,medium
ENSG00000113369,0.0001,0.2585,0.0,0.0,0.0647,0.5,0.0,0.5,False,False,0.0,0.0,0.0,0.0,0.0,0.0,0,0.0,0.0,0.0,no,ARRDC3,neutral,no,31240,0.20829065300896288,short
ENSG00000113384,0.0001,0.2585,0.0,0.0,0.0647,0.5,0.0,0.5,False,False,0.0,0.0,0.0,0.0,0.0,0.0,0,0.0,0.0,0.0,no,GOLPH3,neutral,no,21840,0.24244505494505494,short
ENSG00000113396,0.0014,0.4304,0.0,0.0,0.108,0.4858629936682975,0.0573628405909403,0.5,False,False,0.0,0.0,0.0,0.0,0.0,0.0,0,0.0,0.0,0.0,no,SLC27A6,neutral,no,61660,0.19268569575089198,medium
ENSG00000113430,0.0001,0.0573,0.0,0.0,0.0144,0.5,-0.0025992262017098,0.5,False,False,0.0,0.0,0.5749,0.709,0.0533,0.3155,0,1.2539827169328956,0.287,2.7,yes,IRX4,regulation-driven,no,100460,0.1820426040215011,long
ENSG00000113441,0.0164,0.5147,0.0,0.0,0.1336,0.3473894120640975,0.7283234454152989,0.5,False,False,0.0,0.0,0.0,0.0,0.0,0.0,0,0.0,0.0,0.0,no,LNPEP,neutral,no,107680,0.18049777117384844,long
ENSG00000113456,1.0,0.9272,0.15,0.0,0.6818,0.0,112.0657165520279,0.0,True,False,0.0,0.0,0.0,0.0,0.0,0.0,0,0.0,0.0,0.0,no,RAD1,gene-driven,no,23480,0.2229557069846678,short
ENSG00000113460,0.003,0.4433,0.0,0.0,0.1117,0.4682809498338074,0.131079324926759,0.5,False,False,0.0,0.0,0.0,0.0,0.0,0.0,0,0.0,0.0,0.0,no,BRIX1,neutral,no,26900,0.1766914498141264,short
ENSG00000113492,1.0,0.8991,0.15,0.0,0.6748,0.0,86.8085478257999,0.0,True,False,0.0,0.4076,0.0,0.0,0.0,0.1426,1,0.0,0.0,0.0,no,AGXT2,gene-driven,no,65590,0.24018905320933068,medium
ENSG00000113520,0.8395,0.7867,0.15,0.0,0.5985,3.608442156188829e-09,37.49368502469042,1.6900556765426777e-08,True,False,0.0,0.0,0.0,0.0,0.0,0.0,0,0.0,0.0,0.0,no,IL4,gene-driven,no,17480,0.3244279176201373,short
ENSG00000113525,0.368,0.7137,0.15,0.0,0.4388,0.0001351706637832,16.43165044248781,0.000471816759058,True,False,0.0,0.0,0.0,0.0,0.0,0.0,0,0.0,0.0,0.0,no,IL5,gene-driven,no,10200,0.19303921568627452,short
ENSG00000113532,0.0123,0.4859,0.0,0.0,0.1252,0.3803841426816185,0.5468529090176162,0.5,False,False,0.0,0.0,0.0,0.0,0.0,0.0,0,0.0,0.0,0.0,no,ST8SIA4,neutral,no,29440,0.20964673913043477,short
ENSG00000113569,0.764,0.7776,0.15,0.0,0.5736,1.9478948065643212e-08,34.12156872093328,8.752329510253779e-08,True,False,0.0,0.0,0.0,0.0,0.0,0.0,0,0.0,0.0,0.0,no,NUP155,gene-driven,no,159500,0.21294670846394984,long
ENSG00000113583,0.0001,0.2585,0.0,0.0,0.0647,0.5,0.0,0.5,False,False,0.0,0.0,0.0,0.0,0.0,0.0,0,0.0,0.0,0.0,no,C5orf15,neutral,no,15950,0.2576175548589342,short
ENSG00000113594,1.0,0.8808,0.15,0.0,0.6702,5.551115123125783e-17,74.62958384930971,4.453426874585104e-16,True,False,0.0,0.4076,0.0,0.0,0.0,0.1426,1,0.0,0.0,0.0,no,LIFR,gene-driven,no,151260,0.14568954118735952,long
ENSG00000113595,1.0,0.9023,0.15,0.0,0.6756,0.0,88.87289619960211,0.0,True,False,0.0,0.0,0.0,0.0,0.0,0.0,0,0.0,0.0,0.0,no,TRIM23,gene-driven,no,68090,0.22151564106329857,medium
ENSG00000113600,0.9153,0.7979,0.15,0.0,0.6241,6.627127180358626e-10,40.88306476640719,3.2766730213820883e-09,True,False,0.0,0.0,0.0,0.0,0.0,0.0,0,0.0,0.0,0.0,no,C9,gene-driven,no,70160,0.13557582668187002,medium
ENSG00000113643,0.0001,0.0318,0.0,0.0,0.008,0.5,-0.005431728757685,0.5,False,False,0.0,0.0,0.0,0.0,0.0,0.0,0,0.0,0.0,0.0,no,RARS1,neutral,no,88220,0.19517116300158693,long
ENSG00000113658,1.0,0.9785,0.15,0.0,0.6946,0.0,205.3948740586929,0.0,True,False,0.0,0.0,0.0,0.0,0.0,0.0,0,0.0,0.0,0.0,no,SMAD5,gene-driven,no,70750,0.2024452296819788,medium
ENSG00000113719,1.0,0.8193,0.15,0.0,0.6548,3.3336666760419575e-11,46.86243158628349,1.8406986996405288e-10,True,False,0.0,0.0,0.0,0.0,0.0,0.0,0,0.0,0.0,0.0,no,ERGIC1,gene-driven,no,126640,0.16494788376500316,long
ENSG00000113721,0.0001,0.2585,0.0,0.0,0.0647,0.5,0.0,0.5,False,False,0.0,0.0,0.0,0.0,0.0,0.0,0,0.0,0.0,0.0,no,PDGFRB,neutral,no,156960,0.23698394495412844,long
ENSG00000113734,1.0,0.9248,0.15,0.0,0.6812,0.0,109.7826977347613,0.0,True,False,0.0,0.0,0.0,0.0,0.0,0.0,0,0.0,0.0,0.0,no,BNIP1,gene-driven,no,41860,0.18705207835642618,medium
ENSG00000113749,0.0222,0.5342,0.0,0.0,0.1402,0.3049849985115135,0.9886910163986612,0.5,False,False,0.0,0.4076,0.0,0.0,0.0,0.1426,1,0.0,0.0,0.0,no,HRH2,neutral,no,71800,0.2178690807799443,medium
ENSG00000113790,0.0001,0.2585,0.0,0.0,0.0647,0.5,0.0,0.5,False,False,0.0,0.0,0.0,0.0,0.0,0.0,0,0.0,0.0,0.0,no,EHHADH,neutral,no,45400,0.3344713656387665,medium
ENSG00000113805,0.0001,0.2585,0.0,0.0,0.0647,0.5,0.0,0.5,False,False,0.0,0.0,0.0,0.0,0.0,0.0,0,0.0,0.0,0.0,no,CNTN3,neutral,no,104340,0.23487636572742956,long
ENSG00000113838,0.0001,0.2585,0.0,0.0,0.0647,0.5,0.0,0.5,False,False,0.0,0.0,0.0,0.0,0.0,0.0,0,0.0,0.0,0.0,no,TBCCD1,neutral,no,92790,0.2031253367819808,long
ENSG00000113845,0.0001,0.2585,0.0,0.0,0.0647,0.5,0.0,0.5,False,False,0.0,0.0,0.0,0.0,0.0,0.0,0,0.0,0.0,0.0,no,TIMMDC1,neutral,no,32870,0.1984180103437785,short
ENSG00000113889,0.0001,0.2585,0.0,0.0,0.0647,0.5,0.0,0.5,False,False,0.0,0.0,0.0,0.0,0.0,0.0,0,0.0,0.0,0.0,no,KNG1,neutral,no,80860,0.2755627009646302,long
ENSG00000113905,0.0001,0.2585,0.0,0.0,0.0647,0.5,0.0,0.5,False,False,0.0,0.0,0.0,0.0,0.0,0.0,0,0.0,0.0,0.0,no,HRG,neutral,no,38130,0.2214791502753737,medium
ENSG00000113946,0.4807,0.7322,0.15,0.0,0.4773,1.09005823772379e-05,21.46709432109128,4.0674791256100006e-05,True,False,0.0,0.0,0.0,0.0,0.0,0.0,0,0.0,0.0,0.0,no,CLDN16,gene-driven,no,32420,0.22628007402837755,short
ENSG00000114013,0.0001,0.0782,0.0,0.0,0.0196,0.5,-0.0010671129130059,0.5,False,False,0.0,0.0,0.0,0.0,0.0,0.0,0,0.0,0.0,0.0,no,CD86,neutral,no,74210,0.21549656380541707,medium
ENSG00000114021,1.0,0.8518,0.15,0.0,0.663,2.8366198279172753e-14,61.00216857566193,1.9118356401166026e-13,True,False,0.0,0.0,0.0,0.0,0.0,0.0,0,0.0,0.0,0.0,no,NIT2,gene-driven,no,34960,0.2191361556064073,medium
ENSG00000114030,1.0,0.8719,0.15,0.0,0.668,1.665334536937735e-16,70.98797673842637,1.2963026583299364e-15,True,False,0.0,0.0,0.0,0.0,0.0,0.0,0,0.0,0.0,0.0,no,KPNA1,gene-driven,no,81210,0.18481714074621353,long
ENSG00000114113,0.0603,0.6142,0.0,0.0,0.1717,0.1302106285081817,2.690909479329093,0.3373269094790083,False,False,0.0,0.0,0.5,0.0,0.2367,0.2105,0,1.095943639740859,0.0,15.5,yes,RBP2,neutral,no,12870,0.21033411033411034,short
ENSG00000114120,1.0,0.8376,0.15,0.0,0.6594,1.037503416512209e-12,53.80214212023202,6.378914701769749e-12,True,False,0.0,0.0,0.5459,0.0,0.0,0.1911,0,1.1995730610519717,0.0,0.0,no,SLC25A36,gene-driven,no,69360,0.1645905420991926,medium
ENSG00000114124,0.5376,0.7431,0.15,0.0,0.497,3.058909959108291e-06,24.00860949493654,1.1896026690073995e-05,True,False,0.0,0.0,0.0,0.0,0.0,0.0,0,0.0,0.0,0.0,no,GRK7,gene-driven,no,37700,0.2590716180371353,medium
ENSG00000114125,0.0001,0.0151,0.0,0.0,0.0038,0.5,-0.0074690882074719,0.5,False,False,0.0,0.0,0.0,0.0,0.0,0.0,0,0.0,0.0,0.0,no,RNF7,neutral,no,14790,0.2627450980392157,short
ENSG00000114166,0.0001,0.2585,0.0,0.0,0.0647,0.5,0.0,0.5,False,False,0.0,0.0,0.0,0.0,0.0,0.0,0,0.0,0.0,0.0,no,KAT2B,neutral,no,92860,0.16998707732069782,long
ENSG00000114200,0.0001,0.0153,0.0,0.0,0.0039,0.5,-0.0074200349190505,0.5,False,False,0.0,0.0,0.0,0.0,0.0,0.0,0,0.0,0.0,0.0,no,BCHE,neutral,no,77480,0.187751677852349,medium
ENSG00000114248,0.0001,0.2585,0.0,0.0,0.0647,0.5,0.0,0.5,False,False,0.0,0.0,0.2077,0.597,0.0828,0.1747,0,0.7773617817053702,0.228,4.6,yes,LRRC31,neutral,no,67550,0.24660251665433014,medium
ENSG00000114251,0.9228,0.7998,0.15,0.0,0.6268,5.609522846228288e-10,41.21647622788805,2.7985723808565203e-09,True,False,0.0,0.0,0.0,0.0,0.0,0.0,0,0.0,0.0,0.0,no,WNT5A,gene-driven,no,78110,0.18397132249391884,medium
ENSG00000114279,1.0,0.8593,0.15,0.0,0.6648,4.9404924595819466e-15,64.50290154029426,3.5055648350871054e-14,True,False,0.0,0.0,0.0,0.0,0.0,0.0,0,0.0,0.0,0.0,no,FGF12,gene-driven,no,54780,0.17847754654983572,medium
ENSG00000114353,1.0,0.849,0.15,0.0,0.6623,5.3901327845551356e-14,59.71610696662538,3.565228785954421e-13,True,False,0.0,0.0,0.0,0.0,0.0,0.0,0,0.0,0.0,0.0,no,GNAI2,gene-driven,no,77780,0.27336076112111085,medium
ENSG00000114383,0.0341,0.5748,0.0,0.0,0.1539,0.2340895518525467,1.517808711983889,0.5,False,False,0.0,0.0,0.0,0.0,0.0,0.0,0,0.0,0.0,0.0,no,TUSC2,neutral,no,9130,0.3385542168674699,short
ENSG00000114388,0.8062,0.7817,0.15,0.0,0.5873,7.590946926594455e-09,36.0063246261343,3.4735390996210515e-08,True,False,0.0,0.0,0.0,0.0,0.0,0.0,0,0.0,0.0,0.0,no,NPRL2,gene-driven,no,41550,0.251913357400722,medium
ENSG00000114395,0.0001,0.0627,0.0,0.0,0.0157,0.5,-0.0020695347229775,0.5,False,False,0.0,0.0,0.0,0.0,0.0,0.0,0,0.0,0.0,0.0,no,CYB561D2,neutral,no,27250,0.23544954128440368,short
ENSG00000114416,0.9879,0.8118,0.15,0.0,0.6493,1.311206698773049e-10,44.1235118398472,6.960450501277635e-10,True,False,0.0,0.0,0.0,0.0,0.0,0.0,0,0.0,0.0,0.0,no,FXR1,gene-driven,no,201790,0.22455027503840627,long
ENSG00000114439,1.0,0.9932,0.15,0.0,0.6983,0.0,330.4091544595722,0.0,True,False,0.0,0.4076,0.0,0.0,0.0,0.1426,1,0.0,0.0,0.0,no,,gene-driven,no,325860,0.17772049346345056,long
ENSG00000114455,0.3854,0.7157,0.15,0.0,0.4445,9.163037340703672e-05,17.20920114665205,0.0003220985705488,True,False,0.0,0.0,0.0,0.0,0.0,0.0,0,0.0,0.0,0.0,no,HHLA2,gene-driven,no,88330,0.13956753085022075,long
ENSG00000114480,0.0023,0.4377,0.0,0.0,0.1101,0.4763400189805344,0.0969523472158471,0.5,False,False,0.0,0.0,0.0,0.0,0.0,0.0,0,0.0,0.0,0.0,no,GBE1,neutral,no,84820,0.23821032775288847,long
ENSG00000114491,1.0,0.8428,0.15,0.0,0.6607,2.766120665853578e-13,56.44605511632835,1.7571755034426177e-12,True,False,0.0,0.0,0.0,0.0,0.0,0.0,0,0.0,0.0,0.0,no,UMPS,gene-driven,no,50040,0.2074740207833733,medium
ENSG00000114547,1.0,0.8191,0.15,0.0,0.6548,3.334277298705501e-11,46.86206467096599,1.8406986996405288e-10,True,False,0.0,0.4076,0.0,0.0,0.0,0.1426,1,0.0,0.0,0.0,no,ROPN1B,gene-driven,no,28690,0.14158243290345068,short
ENSG00000114573,0.0304,0.5611,0.0,0.0,0.1494,0.254110626593953,1.353676776801876,0.5,False,False,0.0,0.0,0.0,0.0,0.0,0.0,0,0.0,0.0,0.0,no,ATP6V1A,neutral,no,125750,0.10781709741550696,long
ENSG00000114631,0.0026,0.4397,0.0,0.0,0.1107,0.4731422131595949,0.110424186092132,0.5,False,False,0.0,0.0,0.0,0.0,0.0,0.0,0,0.0,0.0,0.0,no,PODXL2,neutral,no,69470,0.23271915934935944,medium
ENSG00000114650,0.0125,0.4869,0.0,0.0,0.1255,0.3794137142251465,0.5519617888348876,0.5,False,False,0.0,0.0,0.0,0.0,0.0,0.0,0,0.0,0.0,0.0,no,SCAP,neutral,no,169840,0.29047338671691003,long
ENSG00000114686,0.0001,0.2585,0.0,0.0,0.0647,0.5,0.0,0.5,False,False,0.0,0.0,0.3913,0.0,0.0,0.137,0,0.9214476392774112,0.0,0.0,no,MRPL3,neutral,no,70880,0.14676918735891648,medium
ENSG00000114735,0.0001,0.2585,0.0,0.0,0.0647,0.5,0.0,0.5,False,False,0.0,0.0,0.0,0.0,0.0,0.0,0,0.0,0.0,0.0,no,HEMK1,neutral,no,46130,0.24871016691957512,medium
ENSG00000114737,0.0001,0.1074,0.0,0.0,0.0269,0.5,-9.754054917721078e-05,0.5,False,False,0.0,0.0,0.0,0.0,0.0,0.0,0,0.0,0.0,0.0,no,CISH,neutral,no,26230,0.3680518490278307,short
ENSG00000114739,0.0001,0.2585,0.0,0.0,0.0647,0.5,0.0,0.5,False,False,0.0,0.0,0.0,0.0,0.0,0.0,0,0.0,0.0,0.0,no,ACVR2B,neutral,no,65010,0.26932779572373483,medium
ENSG00000114744,0.032,0.568,0.0,0.0,0.1516,0.2453108590324319,1.424163759416842,0.5,False,False,0.0,0.0,0.0,0.0,0.0,0.0,0,0.0,0.0,0.0,no,COMMD2,neutral,no,31010,0.15504675910996452,short
ENSG00000114757,1.0,0.953,0.15,0.0,0.6882,0.0,141.9402100615844,0.0,True,False,0.0,0.0,0.0,0.0,0.0,0.0,0,0.0,0.0,0.0,no,PEX5L,gene-driven,no,247780,0.26282185809992736,long
ENSG00000114767,0.0524,0.6031,0.0,0.0,0.1665,0.1556020930208777,2.334612070724688,0.3918809168029598,False,False,0.0,0.0,0.0,0.0,0.0,0.0,0,0.0,0.0,0.0,no,RRP9,neutral,no,32790,0.36755108264714853,short
ENSG00000114770,1.0,0.8922,0.15,0.0,0.6731,0.0,82.32278122020944,0.0,True,False,0.0,0.0,0.0,0.0,0.0,0.0,0,0.0,0.0,0.0,no,,gene-driven,no,305960,0.22666034775787686,long
ENSG00000114771,0.0001,0.2585,0.0,0.0,0.0647,0.5,0.0,0.5,False,False,0.0,0.0,0.0,0.0,0.0,0.0,0,0.0,0.0,0.0,no,AADAC,neutral,no,30000,0.20036666666666667,short
ENSG00000114779,0.1611,0.6643,0.15,0.0,0.3644,0.0137147839790306,7.192267449834617,0.0408057824389113,True,False,0.0,0.0,0.0,0.0,0.0,0.0,0,0.0,0.0,0.0,no,ABHD14B,gene-driven,no,44670,0.2373628833669129,medium
ENSG00000114784,0.0001,0.086,0.0,0.0,0.0215,0.5,-0.0007147736328079,0.5,False,False,0.0,0.0,0.0,0.0,0.0,0.0,0,0.0,0.0,0.0,no,EIF1B,neutral,no,7760,0.2088917525773196,short
ENSG00000114790,0.0368,0.5794,0.0,0.0,0.1559,0.2202130016893401,1.640025661799882,0.5,False,False,0.0,0.0,0.0,0.0,0.0,0.0,0,0.0,0.0,0.0,no,ARHGEF26,neutral,no,142680,0.19686711522287637,long
ENSG00000114805,0.0001,0.0322,0.0,0.0,0.0081,0.5,-0.0053802359907422,0.5,False,False,0.0,0.0,0.0,0.0,0.0,0.0,0,0.0,0.0,0.0,no,,neutral,no,409490,0.19841021758773109,long
ENSG00000114850,0.0001,0.2585,0.0,0.0,0.0647,0.5,0.0,0.5,False,False,0.0,0.0,0.0,0.0,0.0,0.0,0,0.0,0.0,0.0,no,SSR3,neutral,no,26520,0.1610105580693816,short
ENSG00000114902,0.0287,0.5541,0.0,0.0,0.1471,0.2639874267465093,1.277413244647505,0.5,False,False,0.0,0.0,0.0,0.0,0.0,0.0,0,0.0,0.0,0.0,no,SPCS1,neutral,no,13230,0.22962962962962963,short
ENSG00000114933,0.0002,0.4029,0.0,0.0,0.1008,0.4991476838015186,0.0034121738717658,0.5,False,False,0.0,0.4076,0.0,0.0,0.0,0.1426,1,0.0,0.0,0.0,no,INO80D,neutral,no,80800,0.27004950495049507,long
ENSG00000114956,0.0001,0.0959,0.0,0.0,0.024,0.5,-0.0003839391829387,0.5,False,False,0.0,0.0,0.0,0.0,0.0,0.0,0,0.0,0.0,0.0,no,DGUOK,neutral,no,30130,0.3202456023896449,short
ENSG00000114988,0.0001,0.2585,0.0,0.0,0.0647,0.5,0.0,0.5,False,False,0.0,0.0,0.0,0.0,0.0,0.0,0,0.0,0.0,0.0,no,LMAN2L,neutral,no,55760,0.23149210903873746,medium
ENSG00000114993,0.0253,0.5438,0.0,0.0,0.1436,0.2847012299029225,1.126335568224022,0.5,False,False,0.0,0.0,0.0,0.0,0.0,0.0,0,0.0,0.0,0.0,no,RTKN,neutral,no,108310,0.23922075523959008,long
ENSG00000115008,0.0001,0.2585,0.0,0.0,0.0647,0.5,0.0,0.5,False,False,0.0,0.0,0.0,0.0,0.0,0.0,0,0.0,0.0,0.0,no,IL1A,neutral,no,16490,0.22941176470588234,short
ENSG00000115041,1.0,0.9694,0.15,0.0,0.6924,0.0,176.818472571762,0.0,True,False,0.0,0.0,0.0,0.0,0.0,0.0,0,0.0,0.0,0.0,no,KCNIP3,gene-driven,no,34590,0.3507372072853426,medium
ENSG00000115053,1.0,0.9713,0.15,0.0,0.6928,0.0,181.0204295634612,0.0,True,False,0.0,0.0,0.0,0.0,0.0,0.0,0,0.0,0.0,0.0,no,NCL,gene-driven,no,294700,0.09323379708177808,long
ENSG00000115073,0.0001,0.2585,0.0,0.0,0.0647,0.5,0.0,0.5,False,False,0.0,0.0,0.0,0.0,0.0,0.0,0,0.0,0.0,0.0,no,ACTR1B,neutral,no,52450,0.22764537654909436,medium
ENSG00000115085,0.0001,0.2585,0.0,0.0,0.0647,0.5,0.0,0.5,False,False,0.0,0.0,0.0,0.0,0.0,0.0,0,0.0,0.0,0.0,no,ZAP70,neutral,no,174490,0.15187116740214338,long
ENSG00000115107,0.0001,0.2585,0.0,0.0,0.0647,0.5,0.0,0.5,False,False,0.0,0.0,0.0,0.0,0.0,0.0,0,0.0,0.0,0.0,no,STEAP3,neutral,no,75470,0.34952961441632435,medium
ENSG00000115109,0.0001,0.2585,0.0,0.0,0.0647,0.5,0.0,0.5,False,False,0.0,0.0,0.0,0.0,0.0,0.0,0,0.0,0.0,0.0,no,EPB41L5,neutral,no,112750,0.27323281596452326,long
ENSG00000115112,0.0001,0.2585,0.0,0.0,0.0647,0.5,0.0,0.5,False,False,0.0,0.0,0.0,0.0,0.0,0.0,0,0.0,0.0,0.0,no,TFCP2L1,neutral,no,53550,0.30823529411764705,medium
ENSG00000115128,0.0001,0.0392,0.0,0.0,0.0098,0.5,-0.0043980817044939,0.5,False,False,0.0,0.0,0.0,0.0,0.0,0.0,0,0.0,0.0,0.0,no,SF3B6,neutral,no,11240,0.17731316725978646,short
ENSG00000115129,1.0,0.8709,0.15,0.0,0.6677,2.220446049250313e-16,70.49565529760366,1.7176514228570853e-15,True,False,0.0,0.0,0.0,0.0,0.0,0.0,0,0.0,0.0,0.0,no,TP53I3,gene-driven,no,54400,0.20279411764705882,medium
ENSG00000115137,0.9011,0.7949,0.15,0.0,0.6191,9.104482723287787e-10,40.24787370134436,4.4354257654880964e-09,True,False,0.0,0.0,0.0,0.0,0.0,0.0,0,0.0,0.0,0.0,no,DNAJC27,gene-driven,no,16360,0.339119804400978,short
ENSG00000115145,0.001,0.4238,0.0,0.0,0.1062,0.4903945910943666,0.0387954868783708,0.5,False,False,0.0,0.0,0.0,0.0,0.0,0.0,0,0.0,0.0,0.0,no,STAM2,neutral,no,56060,0.19266856938993934,medium
ENSG00000115163,0.011,0.4803,0.0,0.0,0.1234,0.3921181477170596,0.4860898135821117,0.5,False,False,0.0,0.0,0.0,0.0,0.0,0.0,0,0.0,0.0,0.0,no,CENPA,neutral,no,16570,0.2787567893783947,short
ENSG00000115194,1.0,0.9266,0.15,0.0,0.6817,0.0,111.5001127887444,0.0,True,False,0.0,0.0,0.8671,0.6866,0.4793,0.4784,0,2.938538856196392,0.281,96.1,yes,SLC30A3,gene-driven (dual),no,50700,0.2574161735700197,medium
ENSG00000115211,1.0,0.8271,0.15,0.0,0.6568,9.140466161738914e-12,49.45033065332245,5.280450486467986e-11,True,False,0.0,0.0,0.9807,0.0,0.0,0.3432,0,8.986371295038246,0.0,0.0,no,EIF2B4,gene-driven (dual),no,88510,0.2037735849056604,long
ENSG00000115226,0.0001,0.0533,0.0,0.0,0.0134,0.5,-0.0029686342149943,0.5,False,False,0.0,0.4076,0.244,0.0,0.0,0.228,1,0.8085420395084184,0.0,0.0,no,FNDC4,neutral,no,39080,0.177482088024565,medium
ENSG00000115234,0.1216,0.6498,0.075,0.0,0.2739,0.0331750731929523,5.425618623979972,0.0946717235007141,False,False,0.0,0.0,0.4831,0.0,0.0,0.1691,0,1.0560783105397669,0.0,0.0,no,SNX17,neutral,no,75540,0.2492719089224252,medium
ENSG00000115241,0.0001,0.0682,0.0,0.0,0.0171,0.5,-0.0017093534770538,0.5,False,False,0.0,0.0,0.1739,0.0,0.0,0.0609,0,0.7609879414637316,0.0,0.0,no,PPM1G,neutral,no,73550,0.22259687287559482,medium
ENSG00000115252,1.0,0.9638,0.15,0.0,0.691,0.0,161.1904789701948,0.0,True,False,0.0,0.0,0.0,0.0,0.0,0.0,0,0.0,0.0,0.0,no,PDE1A,gene-driven,no,161230,0.21847050796998077,long
ENSG00000115263,0.0001,0.0308,0.0,0.0,0.0077,0.5,-0.0054698261810699,0.5,False,False,0.0,0.0,0.0,0.0,0.0,0.0,0,0.0,0.0,0.0,no,GCG,neutral,no,14780,0.24296346414073072,short
ENSG00000115289,0.0001,0.2585,0.0,0.0,0.0647,0.5,0.0,0.5,False,False,0.0,0.0,0.0,0.0,0.0,0.0,0,0.0,0.0,0.0,no,PCGF1,neutral,no,29350,0.190221465076661,short
ENSG00000115290,0.0001,0.2585,0.0,0.0,0.0647,0.5,0.0,0.5,False,False,0.0,0.0,0.0,0.0,0.0,0.0,0,0.0,0.0,0.0,no,GRB14,neutral,no,64360,0.18284648850217528,medium
ENSG00000115307,1.0,0.8573,0.15,0.0,0.6643,1.1490808304870372e-14,62.80893074769119,8.03871737108653e-14,True,False,0.0,0.0,0.0,0.0,0.0,0.0,0,0.0,0.0,0.0,no,AUP1,gene-driven,no,32690,0.30082594065463447,short
ENSG00000115317,0.3537,0.7105,0.15,0.0,0.4337,0.0001856938820135,15.79652771035762,0.0006409724976649,True,False,0.0,0.0,0.0,0.0,0.0,0.0,0,0.0,0.0,0.0,no,HTRA2,gene-driven,no,94870,0.19491936333930643,long
ENSG00000115318,1.0,0.8597,0.15,0.0,0.6649,4.496403249731884e-15,64.68784170562867,3.19958651847874e-14,True,False,0.0,0.0,0.0,0.0,0.0,0.0,0,0.0,0.0,0.0,no,LOXL3,gene-driven,no,126800,0.32529968454258673,long
ENSG00000115350,0.0001,0.0404,0.0,0.0,0.0101,0.5,-0.0042125986365135,0.5,False,False,0.0,0.0,0.0,0.0,0.0,0.0,0,0.0,0.0,0.0,no,POLE4,neutral,no,9770,0.2601842374616172,short
ENSG00000115353,1.0,0.837,0.15,0.0,0.6592,1.115330050538432e-12,53.65743453852519,6.8320833391356665e-12,True,False,0.0,0.0,0.0,0.0,0.0,0.0,0,0.0,0.0,0.0,no,TACR1,gene-driven,no,34440,0.22871660859465737,medium
ENSG00000115365,0.0212,0.5322,0.0,0.0,0.1394,0.3119565492662887,0.9434883709036512,0.5,False,False,0.0,0.0,0.0,0.0,0.0,0.0,0,0.0,0.0,0.0,no,LANCL1,neutral,no,82300,0.12724179829890644,long
ENSG00000115368,0.0096,0.4759,0.0,0.0,0.1219,0.4041213793030505,0.4257856435069698,0.5,False,False,0.0,0.4076,0.0,0.0,0.0,0.1426,1,0.0,0.0,0.0,no,WDR75,neutral,no,58710,0.213302674161131,medium
ENSG00000115380,0.0001,0.3989,0.0,0.0,0.0998,0.4997947300811644,0.0008212482644012,0.5,False,False,0.0,0.0,0.3937,0.9701,0.8402,0.4094,0,0.9229267323496192,0.391,630.9,yes,EFEMP1,regulation-driven,no,78120,0.21865079365079365,medium
ENSG00000115386,0.0001,0.2585,0.0,0.0,0.0647,0.5,0.0,0.5,False,False,0.0,0.0,0.0,0.0,0.0,0.0,0,0.0,0.0,0.0,no,REG1A,neutral,no,10570,0.308325449385052,short
ENSG00000115419,0.0001,0.0476,0.0,0.0,0.0119,0.5,-0.0035887221856683,0.5,False,False,0.0,0.0,0.0,0.0,0.0,0.0,0,0.0,0.0,0.0,no,GLS,neutral,no,86160,0.19622794800371401,long
ENSG00000115421,0.0001,0.2585,0.0,0.0,0.0647,0.5,0.0,0.5,False,False,0.0,0.0,0.8865,0.0,0.0,0.3103,0,3.09377146471525,0.0,0.0,no,PAPOLG,regulation-driven,no,94690,0.17292216707149646,long
ENSG00000115423,0.0001,0.2585,0.0,0.0,0.0647,0.5,0.0,0.5,False,False,0.0,0.0,0.0,0.0,0.0,0.0,0,0.0,0.0,0.0,no,DNAH6,neutral,no,167230,0.3121270107038211,long
ENSG00000115457,0.0002,0.4033,0.0,0.0,0.1009,0.4990339684408482,0.0038678639193676,0.5,False,False,0.0,0.4076,0.0,0.0,0.0,0.1426,1,0.0,0.0,0.0,no,IGFBP2,neutral,no,31390,0.29818413507486463,short
ENSG00000115459,0.4152,0.7203,0.15,0.0,0.4546,4.70935486288071e-05,18.54045471520658,0.0001682782405744,True,False,0.0,0.0,0.0,0.0,0.0,0.0,0,0.0,0.0,0.0,no,ELMOD3,gene-driven,no,138540,0.15143640825754295,long
ENSG00000115461,0.0001,0.2585,0.0,0.0,0.0647,0.5,0.0,0.5,False,False,0.0,0.4076,0.0,0.0,0.0,0.1426,1,0.0,0.0,0.0,no,IGFBP5,neutral,no,24860,0.3147626709573612,short
ENSG00000115488,0.0001,0.2585,0.0,0.0,0.0647,0.5,0.0,0.5,False,False,0.0,0.0,0.0,0.0,0.0,0.0,0,0.0,0.0,0.0,no,NEU2,neutral,no,11430,0.6355205599300088,short
ENSG00000115507,1.0,0.8842,0.15,0.0,0.671,0.0,77.32347124507214,0.0,True,False,0.0,0.0,0.0,0.0,0.0,0.0,0,0.0,0.0,0.0,no,OTX1,gene-driven,no,26080,0.3177530674846626,short
ENSG00000115520,0.04,0.5836,0.0,0.0,0.1579,0.2049239708052375,1.783938124241104,0.4919362117689437,False,False,0.0,0.0,0.0,0.0,0.0,0.0,0,0.0,0.0,0.0,no,COQ10B,neutral,no,25660,0.24095869056897895,short
ENSG00000115524,1.0,0.8424,0.15,0.0,0.6606,3.6048941609578833e-13,55.91630812645599,2.284171153707581e-12,True,False,0.0,0.0,0.0,0.0,0.0,0.0,0,0.0,0.0,0.0,no,,gene-driven,no,376870,0.11505824289542813,long
ENSG00000115526,0.0001,0.2585,0.0,0.0,0.0647,0.5,0.0,0.5,False,False,0.0,0.0,0.0,0.0,0.0,0.0,0,0.0,0.0,0.0,no,CHST10,neutral,no,97710,0.14130590522976155,long
ENSG00000115540,0.0001,0.0167,0.0,0.0,0.0042,0.5,-0.0073171026069758,0.5,False,False,0.0,0.0,0.0,0.0,0.0,0.0,0,0.0,0.0,0.0,no,MOB4,neutral,no,35550,0.1809563994374121,medium
ENSG00000115592,1.0,0.8609,0.15,0.0,0.6652,3.2751579226442118e-15,65.31588361425747,2.3507410544346773e-14,True,False,0.0,0.0,0.0,0.0,0.0,0.0,0,0.0,0.0,0.0,no,PRKAG3,gene-driven,no,50110,0.2421672320894033,medium
ENSG00000115593,0.0061,0.4608,0.0,0.0,0.117,0.437708644881214,0.2661092074267799,0.5,False,False,0.0,0.0,0.0,0.0,0.0,0.0,0,0.0,0.0,0.0,no,SMYD1,neutral,no,51550,0.2970320077594568,medium
ENSG00000115596,0.0001,0.2585,0.0,0.0,0.0647,0.5,0.0,0.5,False,False,0.0,0.0,0.0,0.0,0.0,0.0,0,0.0,0.0,0.0,no,WNT6,neutral,no,23780,0.4189655172413793,short
ENSG00000115598,0.0003,0.4083,0.0,0.0,0.1022,0.497693363083317,0.0092478956430568,0.5,False,False,0.0,0.0,0.0,0.0,0.0,0.0,0,0.0,0.0,0.0,no,IL1RL2,neutral,no,60390,0.22836562344759065,medium
ENSG00000115604,0.0024,0.4391,0.0,0.0,0.1105,0.4750052555061411,0.1025644604451372,0.5,False,False,0.0,0.0,0.0,0.0,0.0,0.0,0,0.0,0.0,0.0,no,IL18R1,neutral,no,57380,0.14024050191704426,medium
ENSG00000115616,0.0001,0.2585,0.0,0.0,0.0647,0.5,0.0,0.5,False,False,0.0,0.0,0.0,0.0,0.0,0.0,0,0.0,0.0,0.0,no,SLC9A2,neutral,no,80720,0.23208622398414272,long
ENSG00000115661,0.2716,0.6938,0.15,0.0,0.4049,0.0011617922764429,12.12928843968621,0.0037918338471306,True,False,0.0,0.0,0.0,0.0,0.0,0.0,0,0.0,0.0,0.0,no,STK16,gene-driven,no,45030,0.33830779480346435,medium
ENSG00000115665,1.0,0.8185,0.15,0.0,0.6546,4.122191477051729e-11,46.43780906277607,2.2681173016432847e-10,True,False,0.0,0.8761,0.0,0.0,0.0,0.3066,2,0.0,0.0,0.0,no,SLC5A7,gene-driven (dual),no,37090,0.2378808304125101,medium
ENSG00000115677,0.7038,0.768,0.15,0.0,0.5531,7.467776241831815e-08,31.43387260123563,3.215992989339519e-07,True,False,0.0,0.0,0.0,0.0,0.0,0.0,0,0.0,0.0,0.0,no,,gene-driven,no,329060,0.19627119674223545,long
ENSG00000115758,0.0001,0.2585,0.0,0.0,0.0647,0.5,0.0,0.5,False,False,0.0,0.0,0.6353,0.0,0.0,0.2223,0,1.44786783657234,0.0,0.0,no,ODC1,neutral,no,73690,0.15772832134617995,medium
ENSG00000115761,0.5251,0.7398,0.15,0.0,0.4925,4.037355296637735e-06,23.45354705878708,1.5507185517742155e-05,True,False,0.0,0.0,0.4058,0.0,0.0,0.142,0,0.9524775866112776,0.0,0.0,no,NOL10,gene-driven,no,213230,0.14827650893401492,long
ENSG00000115806,1.0,0.9574,0.15,0.0,0.6893,0.0,147.8374290424399,0.0,True,False,0.0,0.4076,0.0,0.0,0.0,0.1426,1,0.0,0.0,0.0,no,GORASP2,gene-driven,no,48170,0.21343159642931284,medium
ENSG00000115808,0.0012,0.4284,0.0,0.0,0.1075,0.4878664924443608,0.0491326221090275,0.5,False,False,0.0,0.0,0.2053,0.0,0.0,0.0719,0,0.777086484223766,0.0,0.0,no,STRN,neutral,no,95970,0.16784411795352713,long
ENSG00000115816,0.0001,0.2585,0.0,0.0,0.0647,0.5,0.0,0.5,False,False,0.0,0.0,0.5604,0.0,0.0,0.1961,0,1.2181271561447402,0.0,0.0,no,CEBPZ,neutral,no,72180,0.22414796342477142,medium
ENSG00000115828,0.0001,0.2585,0.0,0.0,0.0647,0.5,0.0,0.5,False,False,0.0,0.0,0.8357,0.0,0.0,0.2925,0,2.551208213969893,0.0,0.0,no,QPCT,neutral,no,35140,0.19945930563460443,medium
ENSG00000115839,1.0,0.9835,0.15,0.0,0.6959,0.0,228.8199904911016,0.0,True,False,0.0,0.0,0.0,0.0,0.0,0.0,0,0.0,0.0,0.0,no,RAB3GAP1,gene-driven,no,175240,0.23396484820817165,long
ENSG00000115840,0.8537,0.7889,0.15,0.0,0.6033,2.623444239624462e-09,38.13126121332607,1.2415805564121861e-08,True,False,0.0,0.0,0.0,0.0,0.0,0.0,0,0.0,0.0,0.0,no,SLC25A12,gene-driven,no,135830,0.238967827431348,long
ENSG00000115844,0.1486,0.6594,0.075,0.0,0.2844,0.0181474953450228,6.632151089610488,0.0532540659859253,False,False,0.0,0.4076,0.0,0.0,0.0,0.1426,1,0.0,0.0,0.0,no,DLX2,neutral,no,27110,0.2844337882700111,short
ENSG00000115850,0.0001,0.3965,0.0,0.0,0.0991,0.4999749094606186,0.0001003646757453,0.5,False,False,0.0,0.0,0.0,0.0,0.0,0.0,0,0.0,0.0,0.0,no,LCT,neutral,no,293510,0.1501550202718817,long
ENSG00000115866,1.0,0.8585,0.15,0.0,0.6646,6.994405055138486e-15,63.79627190004612,4.9347759920934515e-14,True,False,0.0,0.0,0.0,0.0,0.0,0.0,0,0.0,0.0,0.0,no,DARS1,gene-driven,no,49720,0.22144006436041835,medium
ENSG00000115896,1.0,0.926,0.15,0.0,0.6815,0.0,110.3504764122481,0.0,True,False,0.0,0.4076,0.0,0.0,0.0,0.1426,1,0.0,0.0,0.0,no,,gene-driven,no,340860,0.15886874376576893,long
ENSG00000115902,0.0001,0.2585,0.0,0.0,0.0647,0.5,0.0,0.5,False,False,0.0,0.0,0.8502,0.0,0.568,0.3828,0,2.690399567840706,0.0,152.3,yes,SLC1A4,regulation-driven,no,56040,0.3201106352605282,medium
ENSG00000115944,1.0,0.8315,0.15,0.0,0.6579,4.40664171819094e-12,50.9095297977683,2.61247150253656e-11,True,False,0.0,0.0,0.9783,0.0,0.0,0.3424,0,8.613519753958231,0.0,0.0,no,COX7A2L,gene-driven (dual),no,13410,0.17315436241610738,short
ENSG00000115946,0.0001,0.0852,0.0,0.0,0.0213,0.5,-0.0007338059804169,0.5,False,False,0.0,0.0,0.0,0.0,0.0,0.0,0,0.0,0.0,0.0,no,PNO1,neutral,no,31080,0.1790862290862291,short
ENSG00000115956,0.1187,0.6486,0.075,0.0,0.2728,0.0353294901239154,5.299780138047936,0.1004739187400545,False,False,0.0,0.0,0.0797,0.3433,0.5385,0.1602,0,0.6948337989591006,0.122,140.2,yes,PLEK,neutral,no,58080,0.19669421487603306,medium
ENSG00000115963,0.0001,0.0042,0.0,0.0,0.0011,0.5,-0.0093728891479258,0.5,False,False,0.0,0.0,0.0,0.0,0.0,0.0,0,0.0,0.0,0.0,no,RND3,neutral,no,25100,0.16828685258964143,short
ENSG00000115998,0.4507,0.7272,0.15,0.0,0.467,2.128902565545765e-05,20.1283433299177,7.797615140666153e-05,True,False,0.0,0.0,0.0,0.0,0.0,0.0,0,0.0,0.0,0.0,no,C2orf42,gene-driven,no,92420,0.1534299935078987,long
ENSG00000116001,1.0,0.9664,0.15,0.0,0.6916,0.0,168.3497145263318,0.0,True,False,0.0,0.0,0.7971,0.0,0.0,0.279,0,2.169547119455544,0.0,0.0,no,TIA1,gene-driven,no,79200,0.21588383838383837,long
ENSG00000116030,0.0001,0.2585,0.0,0.0,0.0647,0.5,0.0,0.5,False,False,0.0,0.0,0.0,0.0,0.0,0.0,0,0.0,0.0,0.0,no,SUMO1,neutral,no,23080,0.1416377816291161,short
ENSG00000116031,0.017,0.5183,0.0,0.0,0.1347,0.343176591764547,0.7527258778500254,0.5,False,False,0.0,0.0,0.099,0.0,0.0,0.0347,0,0.7098392103864598,0.0,0.0,no,CD207,neutral,no,31160,0.20622593068035944,short
ENSG00000116062,0.0001,0.2585,0.0,0.0,0.0647,0.5,0.0,0.5,False,False,0.0,0.0,0.0,0.0,0.0,0.0,0,0.0,0.0,0.0,no,,neutral,no,399890,0.13251894270924505,long
ENSG00000116095,0.0001,0.2585,0.0,0.0,0.0647,0.5,0.0,0.5,False,False,0.0,0.0,0.0,0.0,0.0,0.0,0,0.0,0.0,0.0,no,PLEKHA3,neutral,no,28260,0.20718329794762916,short
ENSG00000116096,0.0769,0.6265,0.0,0.0,0.1797,0.0899110717149184,3.431574016792183,0.240568946051643,False,False,0.0,0.0,0.0,0.0,0.0,0.0,0,0.0,0.0,0.0,no,SPR,neutral,no,12620,0.3927099841521395,short
ENSG00000116117,0.0001,0.4011,0.0,0.0,0.1003,0.4995417387202321,0.0018338856461923,0.5,False,False,0.0,0.9947,0.0,0.0,0.0,0.3482,7,0.0,0.0,0.0,no,PARD3B,regulation-driven,no,262920,0.26362771945839036,long
ENSG00000116120,0.0001,0.2585,0.0,0.0,0.0647,0.5,0.0,0.5,False,False,0.0,0.0,0.0,0.0,0.0,0.0,0,0.0,0.0,0.0,no,FARSB,neutral,no,73300,0.17776261937244203,medium
ENSG00000116128,1.0,0.9753,0.15,0.0,0.6938,0.0,193.875473376771,0.0,True,False,0.0,0.0,0.0,0.0,0.0,0.0,0,0.0,0.0,0.0,no,BCL9,gene-driven,no,165600,0.2698067632850242,long
ENSG00000116132,0.0001,0.0183,0.0,0.0,0.0046,0.5,-0.0071087969881773,0.5,False,False,0.0,0.8761,0.0,0.0,0.0,0.3066,2,0.0,0.0,0.0,no,PRRX1,regulation-driven,no,31310,0.2949217502395401,short
ENSG00000116141,0.667,0.7626,0.15,0.0,0.5407,1.698685225259844e-07,29.79018783099309,7.148274374316805e-07,True,False,0.0,0.0,0.0338,0.0,0.0,0.0118,0,0.6455839645326189,0.0,0.0,no,MARK1,gene-driven,no,179870,0.20109523544782343,long
ENSG00000116147,0.0034,0.4447,0.0,0.0,0.1122,0.4646019894048687,0.1468539922352647,0.5,False,False,0.0,0.9527,0.4324,0.5224,0.9941,0.7123,3,0.991406555431646,0.187,4920.8,yes,TNR,regulation-driven,no,148470,0.29797938977571226,long
ENSG00000116157,0.0022,0.4371,0.0,0.0,0.1099,0.4770525726606107,0.0939627967663909,0.5,False,False,0.0,0.0,0.0,0.0,0.0,0.0,0,0.0,0.0,0.0,no,GPX7,neutral,no,15010,0.2540972684876749,short
ENSG00000116171,0.0001,0.1188,0.0,0.0,0.0297,0.5,-1.4551915228366849e-11,0.5,False,False,0.0,0.0,0.0,0.0,0.0,0.0,0,0.0,0.0,0.0,no,SCP2,neutral,no,158260,0.16996714267660812,long
ENSG00000116176,0.0001,0.2585,0.0,0.0,0.0647,0.5,0.0,0.5,False,False,0.0,0.0,0.0,0.0,0.0,0.0,0,0.0,0.0,0.0,no,TPSG1,neutral,no,25119,0.3293522831322903,short
ENSG00000116205,0.608,0.7555,0.15,0.0,0.5213,6.350031824253755e-07,27.15297729169833,2.5953211416465223e-06,True,False,0.0,0.0,0.0,0.0,0.0,0.0,0,0.0,0.0,0.0,no,TCEANC2,gene-driven,no,24510,0.18004895960832312,short
ENSG00000116209,0.0001,0.2585,0.0,0.0,0.0647,0.5,0.0,0.5,False,False,0.0,0.0,0.0,0.0,0.0,0.0,0,0.0,0.0,0.0,no,TMEM59,neutral,no,59630,0.14792889485158478,medium
ENSG00000116218,0.011,0.4805,0.0,0.0,0.1234,0.3920461638466732,0.4864570012723561,0.5,False,False,0.0,0.0,0.2198,0.4179,0.0473,0.1467,0,0.785079697674726,0.159,2.2,yes,NPHS2,neutral,no,38350,0.27848761408083444,medium
ENSG00000116237,0.0001,0.0661,0.0,0.0,0.0166,0.5,-0.0018256435323564,0.5,False,False,0.0,0.0,0.0,0.0,0.0,0.0,0,0.0,0.0,0.0,no,ICMT,neutral,no,29430,0.23098878695208971,short
ENSG00000116254,0.0001,0.2585,0.0,0.0,0.0647,0.5,0.0,0.5,False,False,0.0,0.0,0.0,0.0,0.0,0.0,0,0.0,0.0,0.0,no,CHD5,neutral,no,58170,0.5986934846140622,medium
ENSG00000116266,0.0428,0.5903,0.0,0.0,0.1604,0.1925593593590226,1.908407263676054,0.4697352885982238,False,False,0.0,0.4076,0.0,0.0,0.0,0.1426,1,0.0,0.0,0.0,no,STXBP3,neutral,no,77680,0.12040422245108136,medium
ENSG00000116273,0.0312,0.5651,0.0,0.0,0.1506,0.2495752392561194,1.389695336987643,0.5,False,False,0.0,0.0,0.0,0.0,0.0,0.0,0,0.0,0.0,0.0,no,PHF13,neutral,no,38540,0.2584587441619097,medium
ENSG00000116285,0.0321,0.5686,0.0,0.0,0.1518,0.2447956204130222,1.428368876719105,0.5,False,False,0.0,0.4076,0.0,0.0,0.0,0.1426,1,0.0,0.0,0.0,no,ERRFI1,neutral,no,35700,0.2492436974789916,medium
ENSG00000116299,1.0,0.8213,0.15,0.0,0.6553,2.845418345387429e-11,47.17915629634808,1.5902371741524798e-10,True,False,0.0,0.0,0.0,0.0,0.0,0.0,0,0.0,0.0,0.0,no,ELAPOR1,gene-driven,no,133610,0.26292193698076494,long
ENSG00000116337,1.0,0.9956,0.15,0.0,0.6989,0.0,370.0811636902508,0.0,True,False,0.0,0.0,0.0,0.0,0.0,0.0,0,0.0,0.0,0.0,no,,gene-driven,no,330450,0.2208261461643214,long
ENSG00000116350,0.032,0.5682,0.0,0.0,0.1516,0.2452701228670172,1.424495905725053,0.5,False,False,0.0,0.0,0.0,0.0,0.0,0.0,0,0.0,0.0,0.0,no,SRSF4,neutral,no,84040,0.17626130414088528,long
ENSG00000116353,0.6311,0.7579,0.15,0.0,0.5288,3.790049045715449e-07,28.18513902116683,1.5644567596173148e-06,True,False,0.0,0.0,0.0,0.0,0.0,0.0,0,0.0,0.0,0.0,no,MECR,gene-driven,no,33260,0.23797354179194227,medium
ENSG00000116459,0.0001,0.2585,0.0,0.0,0.0647,0.5,0.0,0.5,False,False,0.0,0.0,0.7271,0.0,0.0,0.2545,0,1.8217464488824504,0.0,0.0,no,ATP5PB,neutral,no,32770,0.19862679279829112,short
ENSG00000116489,0.8261,0.7845,0.15,0.0,0.5939,4.864263936088521e-09,36.89640650958791,2.2548787342128893e-08,True,False,0.0,0.0,0.0,0.0,0.0,0.0,0,0.0,0.0,0.0,no,CAPZA1,gene-driven,no,26380,0.17846853677028052,short
ENSG00000116514,1.0,0.8601,0.15,0.0,0.665,4.163336342344337e-15,64.83895160417887,2.9710810569326734e-14,True,False,0.0,0.0,0.0,0.0,0.0,0.0,0,0.0,0.0,0.0,no,RNF19B,gene-driven,no,79610,0.22909182263534733,long
ENSG00000116521,0.0001,0.2585,0.0,0.0,0.0647,0.5,0.0,0.5,False,False,0.0,0.0,0.0,0.0,0.0,0.0,0,0.0,0.0,0.0,no,SCAMP3,neutral,no,33790,0.32148564664101803,medium
ENSG00000116525,0.0001,0.2585,0.0,0.0,0.0647,0.5,0.0,0.5,False,False,0.0,0.0,0.0,0.0,0.0,0.0,0,0.0,0.0,0.0,no,TRIM62,neutral,no,58920,0.28194161575016974,medium
ENSG00000116544,0.073,0.6234,0.0,0.0,0.1778,0.0980604443268942,3.258048061645241,0.2602735592753318,False,False,0.0,0.0,0.0,0.0,0.0,0.0,0,0.0,0.0,0.0,no,DLGAP3,neutral,no,97250,0.2804113110539846,long
ENSG00000116574,0.0001,0.0221,0.0,0.0,0.0056,0.5,-0.0065375750573366,0.5,False,False,0.0,0.0,0.0,0.0,0.0,0.0,0,0.0,0.0,0.0,no,RHOU,neutral,no,15740,0.2945362134688691,short
ENSG00000116586,0.0001,0.0008,0.0,0.0,0.0002,0.5,-0.00987403664476,0.5,False,False,0.0,0.0,0.0,0.0,0.0,0.0,0,0.0,0.0,0.0,no,LAMTOR2,neutral,no,12400,0.32129032258064516,short
ENSG00000116649,0.1426,0.6572,0.075,0.0,0.2821,0.0207292618385726,6.366123562052962,0.0604380705656858,False,False,0.0,0.0,0.9589,0.0,0.0,0.3356,0,7.178366408900813,0.0,0.0,no,SRM,regulation-driven,no,42840,0.20980392156862746,medium
ENSG00000116667,0.4827,0.7326,0.15,0.0,0.4779,1.042950794988284e-05,21.55544857196401,3.8975486508427686e-05,True,False,0.0,0.0,0.0,0.0,0.0,0.0,0,0.0,0.0,0.0,no,C1orf21,gene-driven,no,10730,0.21211556383970176,short
ENSG00000116679,0.0229,0.5368,0.0,0.0,0.1411,0.3001917088802597,1.020373596446007,0.5,False,False,0.0,0.0,0.0,0.0,0.0,0.0,0,0.0,0.0,0.0,no,IVNS1ABP,neutral,no,64720,0.23868974042027194,medium
ENSG00000116685,1.0,0.9385,0.15,0.0,0.6846,0.0,121.8129815977554,0.0,True,False,0.0,0.0,0.0,0.0,0.0,0.0,0,0.0,0.0,0.0,no,KIAA2013,gene-driven,no,60280,0.2557564698075647,medium
ENSG00000116691,0.0028,0.4415,0.0,0.0,0.1112,0.4712684109093996,0.1183605843543774,0.5,False,False,0.0,0.0,0.0,0.0,0.0,0.0,0,0.0,0.0,0.0,no,MIIP,neutral,no,75350,0.15376244193762442,medium
ENSG00000116701,0.0103,0.4779,0.0,0.0,0.1226,0.3980753971961691,0.4559333417491871,0.5,False,False,0.0,0.0,0.0,0.0,0.0,0.0,0,0.0,0.0,0.0,no,NCF2,neutral,no,106850,0.2464670098268601,long
ENSG00000116703,0.0001,0.0975,0.0,0.0,0.0244,0.5,-0.0003432703269936,0.5,False,False,0.0,0.0,0.0,0.0,0.0,0.0,0,0.0,0.0,0.0,no,PDC,neutral,no,14930,0.25123911587407904,short
ENSG00000116704,0.0057,0.459,0.0,0.0,0.1164,0.4415980974984091,0.2484158233255584,0.5,False,False,0.0,0.0,0.0,0.0,0.0,0.0,0,0.0,0.0,0.0,no,SLC35D1,neutral,no,26740,0.24255796559461482,short
ENSG00000116711,0.0004,0.4123,0.0,0.0,0.1032,0.4965172801492691,0.0139796232324442,0.5,False,False,0.0,0.0,0.0,0.0,0.0,0.0,0,0.0,0.0,0.0,no,PLA2G4A,neutral,no,62490,0.20497679628740598,medium
ENSG00000116717,0.0001,0.0139,0.0,0.0,0.0035,0.5,-0.0076200624043849,0.5,False,False,0.0,0.0,0.0,0.0,0.0,0.0,0,0.0,0.0,0.0,no,GADD45A,neutral,no,18440,0.3378524945770065,short
ENSG00000116741,0.0001,0.2585,0.0,0.0,0.0647,0.5,0.0,0.5,False,False,0.0,0.0,0.0,0.0,0.0,0.0,0,0.0,0.0,0.0,no,RGS2,neutral,no,10740,0.2554934823091248,short
ENSG00000116745,0.0001,0.2585,0.0,0.0,0.0647,0.5,0.0,0.5,False,False,0.0,0.0,0.0,0.0,0.0,0.0,0,0.0,0.0,0.0,no,RPE65,neutral,no,60730,0.21628519677260002,medium
ENSG00000116748,1.0,0.964,0.15,0.0,0.691,0.0,161.3574906922804,0.0,True,False,0.0,0.0,0.1039,0.0,0.0,0.0364,0,0.7157085091440741,0.0,0.0,no,AMPD1,gene-driven,no,59510,0.3163501932448328,medium
ENSG00000116752,0.3644,0.7127,0.15,0.0,0.4375,0.0001462418630096,16.27420306086606,0.0005086762423846,True,False,0.0,0.0,0.2729,0.0,0.0,0.0955,0,0.8287183129440663,0.0,0.0,no,BCAS2,gene-driven,no,15580,0.2254813863928113,short
ENSG00000116761,0.0001,0.0227,0.0,0.0,0.0057,0.5,-0.0064035156101454,0.5,False,False,0.0,0.0,0.0,0.0,0.0,0.0,0,0.0,0.0,0.0,no,CTH,neutral,no,57160,0.25269419174247726,medium
ENSG00000116771,0.0006,0.4178,0.0,0.0,0.1046,0.4944104511805206,0.0224841067647503,0.5,False,False,0.0,0.0,0.0,0.0,0.0,0.0,0,0.0,0.0,0.0,no,AGMAT,neutral,no,26290,0.2933054393305439,short
ENSG00000116783,1.0,0.9779,0.15,0.0,0.6945,0.0,204.2562238160754,0.0,True,False,0.0,0.0,0.0,0.0,0.0,0.0,0,0.0,0.0,0.0,no,,gene-driven,no,383190,0.1044808058665414,long
ENSG00000116786,0.0063,0.4626,0.0,0.0,0.1176,0.4351004719260629,0.2780622481004684,0.5,False,False,0.0,0.0,0.0,0.0,0.0,0.0,0,0.0,0.0,0.0,no,PLEKHM2,neutral,no,98650,0.4047744551444501,long
ENSG00000116819,0.0001,0.2585,0.0,0.0,0.0647,0.5,0.0,0.5,False,False,0.0,0.0,0.0,0.0,0.0,0.0,0,0.0,0.0,0.0,no,TFAP2E,neutral,no,29970,0.30407073740407076,short
ENSG00000116824,1.0,0.9604,0.15,0.0,0.6901,0.0,153.2149614289774,0.0,True,False,0.0,0.0,0.0217,0.0,0.7692,0.123,0,0.6354060557878699,0.0,345.7,yes,CD2,gene-driven,no,27670,0.21275749909649438,short
ENSG00000116857,0.0265,0.5466,0.0,0.0,0.1446,0.2770828593375573,1.180583011482668,0.5,False,False,0.0,0.0,0.0,0.0,0.0,0.0,0,0.0,0.0,0.0,no,TMEM9,neutral,no,48080,0.16403910149750417,medium
ENSG00000116863,0.0001,0.2585,0.0,0.0,0.0647,0.5,0.0,0.5,False,False,0.0,0.0,0.0,0.0,0.0,0.0,0,0.0,0.0,0.0,no,ADPRS,neutral,no,45510,0.1873654141946825,medium
ENSG00000116874,0.0344,0.575,0.0,0.0,0.1541,0.2322388468938092,1.533683487614326,0.5,False,False,0.0,0.4076,0.0,0.0,0.0,0.1426,1,0.0,0.0,0.0,no,WARS2,neutral,no,82450,0.14869617950272893,long
ENSG00000116898,0.0001,0.2585,0.0,0.0,0.0647,0.5,0.0,0.5,False,False,0.0,0.0,0.0,0.0,0.0,0.0,0,0.0,0.0,0.0,no,MRPS15,neutral,no,10880,0.3639705882352941,short
ENSG00000116903,0.0001,0.2585,0.0,0.0,0.0647,0.5,0.0,0.5,False,False,0.0,0.0,0.0,0.0,0.0,0.0,0,0.0,0.0,0.0,no,EXOC8,neutral,no,21750,0.5412413793103448,short
ENSG00000116954,0.0001,0.2585,0.0,0.0,0.0647,0.5,0.0,0.5,False,False,0.0,0.0,0.0,0.0,0.0,0.0,0,0.0,0.0,0.0,no,RRAGC,neutral,no,20870,0.2736942980354576,short
ENSG00000116962,0.0001,0.2585,0.0,0.0,0.0647,0.5,0.0,0.5,False,False,0.0,0.0,0.0,0.0,0.0,0.0,0,0.0,0.0,0.0,no,NID1,neutral,no,155150,0.26594263615855623,long
ENSG00000116981,0.0005,0.4156,0.0,0.0,0.104,0.4952982624670813,0.0188959337501728,0.5,False,False,0.0,0.0,0.0,0.0,0.0,0.0,0,0.0,0.0,0.0,no,NT5C1A,neutral,no,25740,0.2738150738150738,short
ENSG00000116983,1.0,0.9576,0.15,0.0,0.6894,0.0,148.653083096382,0.0,True,False,0.0,0.0,0.0,0.0,0.0,0.0,0,0.0,0.0,0.0,no,HPCAL4,gene-driven,no,20640,0.24219961240310078,short
ENSG00000116996,0.4283,0.7238,0.15,0.0,0.4594,3.508487594294785e-05,19.12918644931779,0.0001269179439565,True,False,0.0,0.0,0.0,0.0,0.0,0.0,0,0.0,0.0,0.0,no,ZP4,gene-driven,no,44630,0.2389424154156397,medium
ENSG00000117000,0.0001,0.2585,0.0,0.0,0.0647,0.5,0.0,0.5,False,False,0.0,0.0,0.0,0.0,0.0,0.0,0,0.0,0.0,0.0,no,RLF,neutral,no,68370,0.3338452537662718,medium
ENSG00000117010,0.0001,0.2585,0.0,0.0,0.0647,0.5,0.0,0.5,False,False,0.0,0.0,0.0,0.0,0.0,0.0,0,0.0,0.0,0.0,no,ZNF684,neutral,no,37400,0.21622994652406416,medium
ENSG00000117016,0.0001,0.2585,0.0,0.0,0.0647,0.5,0.0,0.5,False,False,0.0,0.0,0.0,0.0,0.0,0.0,0,0.0,0.0,0.0,no,RIMS3,neutral,no,40120,0.2273678963110668,medium
ENSG00000117036,0.0067,0.4642,0.0,0.0,0.1181,0.4319091538864875,0.2927856484275253,0.5,False,False,0.0,0.0,0.0,0.0,0.0,0.0,0,0.0,0.0,0.0,no,ETV3,neutral,no,32950,0.31699544764795146,medium
ENSG00000117054,0.0271,0.5485,0.0,0.0,0.1452,0.273672573166829,1.205351390002761,0.5,False,False,0.0,0.0,0.0,0.0,0.0,0.0,0,0.0,0.0,0.0,no,ACADM,neutral,no,224680,0.10794018159159693,long
ENSG00000117069,0.9562,0.8052,0.15,0.0,0.6382,2.6609159320400977e-10,42.70806666235148,1.364473798553345e-09,True,False,0.0,0.0,0.0,0.0,0.0,0.0,0,0.0,0.0,0.0,no,ST6GALNAC5,gene-driven,no,51180,0.17579132473622508,medium
ENSG00000117090,0.0001,0.2585,0.0,0.0,0.0647,0.5,0.0,0.5,False,False,0.0,0.0,0.0,0.0,0.0,0.0,0,0.0,0.0,0.0,no,SLAMF1,neutral,no,39980,0.28506753376688343,medium
ENSG00000117091,0.0001,0.0657,0.0,0.0,0.0165,0.5,-0.0018281063821632,0.5,False,False,0.0,0.0,0.0,0.0,0.0,0.0,0,0.0,0.0,0.0,no,CD48,neutral,no,46510,0.18389593635777252,medium
ENSG00000117115,0.0001,0.2585,0.0,0.0,0.0647,0.5,0.0,0.5,False,False,0.0,0.0,0.0,0.0,0.0,0.0,0,0.0,0.0,0.0,no,PADI2,neutral,no,90360,0.20221336874723328,long
ENSG00000117118,1.0,0.9268,0.15,0.0,0.6817,0.0,111.826028171794,0.0,True,False,0.0,0.0,0.0,0.0,0.0,0.0,0,0.0,0.0,0.0,no,SDHB,gene-driven,no,27190,0.18444280985656492,short
ENSG00000117122,0.0001,0.008,0.0,0.0,0.002,0.5,-0.008694970385477,0.5,False,False,0.0,0.0,0.0,0.0,0.0,0.0,0,0.0,0.0,0.0,no,MFAP2,neutral,no,11270,0.3152617568766637,short
ENSG00000117143,0.0009,0.4226,0.0,0.0,0.1059,0.4910236172934801,0.0362317427789093,0.5,False,False,0.0,0.0,0.0,0.0,0.0,0.0,0,0.0,0.0,0.0,no,UAP1,neutral,no,143610,0.16053199637908225,long
ENSG00000117148,1.0,0.9115,0.15,0.0,0.6779,0.0,97.43915881294744,0.0,True,False,0.0,0.0,0.0,0.0,0.0,0.0,0,0.0,0.0,0.0,no,ACTL8,gene-driven,no,22350,0.321834451901566,short
ENSG00000117151,0.0139,0.4958,0.0,0.0,0.1281,0.3676137829327155,0.6151504284971452,0.5,False,False,0.0,0.0,0.0,0.0,0.0,0.0,0,0.0,0.0,0.0,no,CTBS,neutral,no,37720,0.16548250265111347,medium
ENSG00000117154,0.0001,0.2585,0.0,0.0,0.0647,0.5,0.0,0.5,False,False,0.0,0.0,0.0,0.0,0.0,0.0,0,0.0,0.0,0.0,no,IGSF21,neutral,no,50260,0.25067648229208117,medium
ENSG00000117155,1.0,0.8187,0.15,0.0,0.6547,4.0390635280829195e-11,46.47855126926879,2.224839644372585e-10,True,False,0.0,0.0,0.0,0.0,0.0,0.0,0,0.0,0.0,0.0,no,SSX2IP,gene-driven,no,95970,0.17479420652287173,long
ENSG00000117174,0.0001,0.2585,0.0,0.0,0.0647,0.5,0.0,0.5,False,False,0.0,0.0,0.0,0.0,0.0,0.0,0,0.0,0.0,0.0,no,ZNHIT6,neutral,no,92350,0.14777476989713048,long
ENSG00000117215,0.0001,0.0314,0.0,0.0,0.0079,0.5,-0.0054483592866745,0.5,False,False,0.0,0.0,0.0,0.0,0.0,0.0,0,0.0,0.0,0.0,no,PLA2G2D,neutral,no,10890,0.3295684113865932,short
ENSG00000117222,0.8762,0.7915,0.15,0.0,0.6107,1.587874276509638e-09,39.13544493465452,7.608946677609768e-09,True,False,0.0,0.0,0.0,0.0,0.0,0.0,0,0.0,0.0,0.0,no,RBBP5,gene-driven,no,79190,0.26167445384518245,long
ENSG00000117245,1.0,0.8456,0.15,0.0,0.6614,1.731947918415244e-13,57.38231460905081,1.1202482374769082e-12,True,False,0.0,0.0,0.0,0.0,0.0,0.0,0,0.0,0.0,0.0,no,KIF17,gene-driven,no,139840,0.17116704805491992,long
ENSG00000117308,0.2815,0.696,0.15,0.0,0.4085,0.0009321642276368,12.56970873676619,0.0030644975996467,True,False,0.0,0.0,0.0,0.0,0.0,0.0,0,0.0,0.0,0.0,no,GALE,gene-driven,no,81870,0.16608037132038597,long
ENSG00000117318,0.0137,0.4938,0.0,0.0,0.1276,0.3689488959364308,0.6078999147030117,0.5,False,False,0.0,0.0,0.0,0.0,0.0,0.0,0,0.0,0.0,0.0,no,ID3,neutral,no,15570,0.20828516377649325,short
ENSG00000117362,0.0001,0.0193,0.0,0.0,0.0049,0.5,-0.0069431661722774,0.5,False,False,0.0,0.0,0.0,0.0,0.0,0.0,0,0.0,0.0,0.0,no,APH1A,neutral,no,34830,0.2691358024691358,medium
ENSG00000117385,0.0001,0.2585,0.0,0.0,0.0647,0.5,0.0,0.5,False,False,0.0,0.4076,0.0,0.0,0.0,0.1426,1,0.0,0.0,0.0,no,P3H1,neutral,no,122040,0.240257292690921,long
ENSG00000117395,0.0002,0.4017,0.0,0.0,0.1005,0.4993775725326045,0.002491260820534,0.5,False,False,0.0,0.0,0.0,0.0,0.0,0.0,0,0.0,0.0,0.0,no,EBNA1BP2,neutral,no,29820,0.24691482226693495,short
ENSG00000117399,0.0001,0.2585,0.0,0.0,0.0647,0.5,0.0,0.5,False,False,0.0,0.0,0.0,0.0,0.0,0.0,0,0.0,0.0,0.0,no,CDC20,neutral,no,40070,0.2794110306962815,medium
ENSG00000117408,0.0001,0.2585,0.0,0.0,0.0647,0.5,0.0,0.5,False,False,0.0,0.0,0.0,0.0,0.0,0.0,0,0.0,0.0,0.0,no,IPO13,neutral,no,153440,0.20202033368091762,long
ENSG00000117448,1.0,0.8565,0.15,0.0,0.6641,1.3544720900426911e-14,62.4792644942936,9.422579266954329e-14,True,False,0.0,0.0,0.0,0.0,0.0,0.0,0,0.0,0.0,0.0,no,AKR1A1,gene-driven,no,45580,0.21094778411584028,medium
ENSG00000117450,0.0001,0.2585,0.0,0.0,0.0647,0.5,0.0,0.5,False,False,0.0,0.0,0.8478,0.0,0.0,0.2967,0,2.682250464022575,0.0,0.0,no,PRDX1,neutral,no,33720,0.12609727164887308,medium
ENSG00000117472,0.0001,0.2585,0.0,0.0,0.0647,0.5,0.0,0.5,False,False,0.0,0.0,0.0,0.0,0.0,0.0,0,0.0,0.0,0.0,no,TSPAN1,neutral,no,27720,0.17254689754689756,short
ENSG00000117477,0.0001,0.0718,0.0,0.0,0.018,0.5,-0.0013365195554797,0.5,False,False,0.0,0.0,0.0,0.0,0.0,0.0,0,0.0,0.0,0.0,no,CCDC181,neutral,no,70670,0.15266732701287675,medium
ENSG00000117479,1.0,0.8249,0.15,0.0,0.6562,1.323990916901607e-11,48.70927569620471,7.552214243886001e-11,True,False,0.0,0.0,0.0,0.0,0.0,0.0,0,0.0,0.0,0.0,no,SLC19A2,gene-driven,no,60090,0.22438009652188384,medium
ENSG00000117500,1.0,0.8838,0.15,0.0,0.6709,0.0,76.97506844618329,0.0,True,False,0.0,0.0,0.0,0.0,0.0,0.0,0,0.0,0.0,0.0,no,TMED5,gene-driven,no,31260,0.18989123480486245,short
ENSG00000117525,0.0001,0.2585,0.0,0.0,0.0647,0.5,0.0,0.5,False,False,0.0,0.0,0.0,0.0,0.0,0.0,0,0.0,0.0,0.0,no,F3,neutral,no,33320,0.2643157262905162,medium
ENSG00000117528,0.7549,0.7762,0.15,0.0,0.5705,2.3858841680102223e-08,33.71592757472536,1.0652951392893037e-07,True,False,0.0,0.0,0.0,0.0,0.0,0.0,0,0.0,0.0,0.0,no,ABCD3,gene-driven,no,147760,0.1747495939361126,long
ENSG00000117533,0.0001,0.0885,0.0,0.0,0.0221,0.5,-0.0005947828212811,0.5,False,False,0.0,0.0,0.686,0.0,0.0,0.2401,0,1.6250486433738651,0.0,0.0,no,VAMP4,neutral,no,12950,0.16563706563706565,short
ENSG00000117543,0.7451,0.7744,0.15,0.0,0.5671,2.967686002497416e-08,33.27950207544018,1.314449704044715e-07,True,False,0.0,0.8761,0.0,0.0,0.0,0.3066,2,0.0,0.0,0.0,no,DPH5,gene-driven (dual),no,42640,0.1302298311444653,medium
ENSG00000117560,0.0049,0.4544,0.0,0.0,0.1151,0.4488540374425513,0.2158206943440746,0.5,False,False,0.0,0.0,0.0,0.0,0.0,0.0,0,0.0,0.0,0.0,no,FASLG,neutral,no,20770,0.25825710158883003,short
ENSG00000117569,1.0,0.839,0.15,0.0,0.6597,7.710498906021712e-13,54.39577658634516,4.7820475758793015e-12,True,False,0.0,0.0,0.0,0.0,0.0,0.0,0,0.0,0.0,0.0,no,PTBP2,gene-driven,no,201170,0.11484316747029875,long
ENSG00000117586,0.0001,0.2585,0.0,0.0,0.0647,0.5,0.0,0.5,False,False,0.0,0.0,0.0,0.0,0.0,0.0,0,0.0,0.0,0.0,no,TNFSF4,neutral,no,16370,0.25821624923640807,short
ENSG00000117592,0.0001,0.107,0.0,0.0,0.0268,0.5,-0.0001111930459956,0.5,False,False,0.0,0.0,0.0,0.0,0.0,0.0,0,0.0,0.0,0.0,no,PRDX6,neutral,no,13600,0.2798529411764706,short
ENSG00000117594,0.0001,0.2585,0.0,0.0,0.0647,0.5,0.0,0.5,False,False,0.0,0.0,0.0,0.0,0.0,0.0,0,0.0,0.0,0.0,no,HSD11B1,neutral,no,32940,0.1577109896782028,medium
ENSG00000117598,1.0,0.8774,0.15,0.0,0.6693,5.551115123125783e-17,73.21618384595422,4.453426874585104e-16,True,False,0.0,0.0,0.0,0.0,0.0,0.0,0,0.0,0.0,0.0,no,PLPPR5,gene-driven,no,51350,0.1995910418695229,medium
ENSG00000117600,0.0022,0.4365,0.0,0.0,0.1098,0.4774775747147009,0.0921818071001325,0.5,False,False,0.0,0.0,0.0,0.0,0.0,0.0,0,0.0,0.0,0.0,no,PLPPR4,neutral,no,77840,0.27713257965056526,medium
ENSG00000117614,0.042,0.5885,0.0,0.0,0.1597,0.1959605363795008,1.873389608772413,0.4758678274874272,False,False,0.0,0.0,0.0,0.0,0.0,0.0,0,0.0,0.0,0.0,no,SYF2,neutral,no,23380,0.23545765611633876,short
ENSG00000117625,1.0,0.814,0.15,0.0,0.6535,9.037887105378671e-11,44.8677269030959,4.854692274530616e-10,True,False,0.0,0.0,0.6522,0.0,0.0,0.2283,0,1.5212199066893124,0.0,0.0,no,RCOR3,gene-driven,no,110200,0.2318421052631579,long
ENSG00000117640,0.0001,0.2585,0.0,0.0,0.0647,0.5,0.0,0.5,False,False,0.0,0.0,0.0,0.0,0.0,0.0,0,0.0,0.0,0.0,no,MTFR1L,neutral,no,102310,0.11428012901964617,long
ENSG00000117643,0.56,0.7471,0.15,0.0,0.5048,1.852369503341222e-06,25.01179549057997,7.318257275313136e-06,True,False,0.0,0.0,0.0,0.0,0.0,0.0,0,0.0,0.0,0.0,no,MAN1C1,gene-driven,no,79950,0.26526579111944965,long
ENSG00000117650,0.0001,0.2585,0.0,0.0,0.0647,0.5,0.0,0.5,False,False,0.0,0.0,0.0,0.0,0.0,0.0,0,0.0,0.0,0.0,no,NEK2,neutral,no,46220,0.20350497620077887,medium
ENSG00000117697,0.0001,0.0161,0.0,0.0,0.0041,0.5,-0.0073865549238689,0.5,False,False,0.0,0.0,0.0,0.0,0.0,0.0,0,0.0,0.0,0.0,no,NSL1,neutral,no,49220,0.19335635920357577,medium
ENSG00000117707,1.0,0.9745,0.15,0.0,0.6936,0.0,192.9445446032405,0.0,True,False,0.0,0.4076,0.0,0.0,0.0,0.1426,1,0.0,0.0,0.0,no,PROX1,gene-driven,no,123970,0.1683633137049286,long
ENSG00000117748,0.0001,0.2585,0.0,0.0,0.0647,0.5,0.0,0.5,False,False,0.0,0.0,0.0,0.0,0.0,0.0,0,0.0,0.0,0.0,no,RPA2,neutral,no,39040,0.19326331967213115,medium
ENSG00000117862,0.0001,0.2585,0.0,0.0,0.0647,0.5,0.0,0.5,False,False,0.0,0.0,0.0,0.0,0.0,0.0,0,0.0,0.0,0.0,no,TXNDC12,neutral,no,17480,0.22505720823798628,short
ENSG00000117868,1.0,0.8259,0.15,0.0,0.6565,1.1730394433584479e-11,48.95138226816198,6.729755699267496e-11,True,False,0.0,0.0,0.0,0.0,0.0,0.0,0,0.0,0.0,0.0,no,ESYT2,gene-driven,no,289260,0.13969439258798313,long
ENSG00000118094,0.0189,0.5257,0.0,0.0,0.1371,0.3289065077440932,0.8376691180092166,0.5,False,False,0.0,0.0,0.0,0.0,0.0,0.0,0,0.0,0.0,0.0,no,TREH,neutral,no,88330,0.2693648816936488,long
ENSG00000118137,1.0,0.9682,0.15,0.0,0.6921,0.0,174.6249421556622,0.0,True,False,0.0,0.0,0.0,0.0,0.0,0.0,0,0.0,0.0,0.0,no,APOA1,gene-driven,no,40190,0.2803931326200547,medium
ENSG00000118193,1.0,0.9071,0.15,0.0,0.6768,0.0,93.6951300347282,0.0,True,False,0.0,0.0,0.0,0.0,0.0,0.0,0,0.0,0.0,0.0,no,KIF14,gene-driven,no,136690,0.16576194308288827,long
ENSG00000118194,1.0,0.9351,0.15,0.0,0.6838,0.0,117.7340841290643,0.0,True,False,0.0,0.0,0.0,0.0,0.0,0.0,0,0.0,0.0,0.0,no,TNNT2,gene-driven,no,138890,0.17891136870905033,long
ENSG00000118197,0.0168,0.5171,0.0,0.0,0.1343,0.3446165523251471,0.7443514840269927,0.5,False,False,0.0,0.0,0.0,0.0,0.0,0.0,0,0.0,0.0,0.0,no,DDX59,neutral,no,149950,0.13497165721907303,long
ENSG00000118246,0.6122,0.7559,0.15,0.0,0.5226,5.777261100070596e-07,27.34203751640598,2.3651108404733453e-06,True,False,0.0,0.4076,0.0,0.0,0.0,0.1426,1,0.0,0.0,0.0,no,FASTKD2,gene-driven,no,72120,0.15123405435385467,medium
ENSG00000118260,1.0,0.8488,0.15,0.0,0.6622,5.67323965583455e-14,59.61478212847942,3.74750252963095e-13,True,False,0.0,0.0,0.0,0.0,0.0,0.0,0,0.0,0.0,0.0,no,CREB1,gene-driven,no,70780,0.17911839502684374,medium
ENSG00000118292,0.2259,0.6823,0.15,0.0,0.3883,0.0032299717081588,10.0842694407238,0.010161846474625,True,False,0.0,0.0,0.0,0.0,0.0,0.0,0,0.0,0.0,0.0,no,C1orf54,gene-driven,no,15660,0.20274584929757344,short
ENSG00000118298,0.7495,0.7752,0.15,0.0,0.5687,2.68929384317218e-08,33.47650983140556,1.195401928144631e-07,True,False,0.0,0.0,0.0,0.0,0.0,0.0,0,0.0,0.0,0.0,no,CA14,gene-driven,no,53510,0.18075126144645862,medium
ENSG00000118402,0.0301,0.5599,0.0,0.0,0.149,0.2559590444691258,1.339181298468247,0.5,False,False,0.0,0.0,0.0,0.0,0.0,0.0,0,0.0,0.0,0.0,no,ELOVL4,neutral,no,37770,0.13860206513105638,medium
ENSG00000118407,0.0001,0.2585,0.0,0.0,0.0647,0.5,0.0,0.5,False,False,0.0,0.0,0.0,0.0,0.0,0.0,0,0.0,0.0,0.0,no,FILIP1,neutral,no,146370,0.1591992894718863,long
ENSG00000118434,0.0446,0.5921,0.0,0.0,0.1614,0.1849306178558333,1.989254764434008,0.4529366819982877,False,False,0.0,0.0,0.0,0.0,0.0,0.0,0,0.0,0.0,0.0,no,SPACA1,neutral,no,15650,0.2653035143769968,short
ENSG00000118454,0.0683,0.6208,0.0,0.0,0.1757,0.1088945712466695,3.048455840700626,0.2870384723799332,False,False,0.0,0.0,0.0,0.0,0.0,0.0,0,0.0,0.0,0.0,no,ANKRD13C,neutral,no,49890,0.2989777510523151,medium
ENSG00000118491,0.0001,0.2585,0.0,0.0,0.0647,0.5,0.0,0.5,False,False,0.0,0.4076,0.0,0.0,0.0,0.1426,1,0.0,0.0,0.0,no,ZC2HC1B,neutral,no,21010,0.18881485007139456,short
ENSG00000118496,0.0001,0.2585,0.0,0.0,0.0647,0.5,0.0,0.5,False,False,0.0,0.0,0.0,0.0,0.0,0.0,0,0.0,0.0,0.0,no,FBXO30,neutral,no,81580,0.17341260112772738,long
ENSG00000118507,0.2939,0.6986,0.15,0.0,0.4128,0.000707056026179,13.12250693950045,0.0023445977828098,True,False,0.0,0.0,0.0,0.0,0.0,0.0,0,0.0,0.0,0.0,no,AKAP7,gene-driven,no,114170,0.13623543838136112,long
ENSG00000118922,0.0001,0.2585,0.0,0.0,0.0647,0.5,0.0,0.5,False,False,0.0,0.0,0.0,0.0,0.0,0.0,0,0.0,0.0,0.0,no,KLF12,neutral,no,58580,0.18390235575281666,medium
ENSG00000118972,0.0174,0.5211,0.0,0.0,0.1355,0.3398144895173693,0.7724164975165877,0.5,False,False,0.0,0.0,0.0,0.0,0.0,0.0,0,0.0,0.0,0.0,no,FGF23,neutral,no,10680,0.4347378277153558,short
ENSG00000119013,0.0001,0.0485,0.0,0.0,0.0121,0.5,-0.0034930867959701,0.5,False,False,0.0,0.0,0.0,0.0,0.0,0.0,0,0.0,0.0,0.0,no,NDUFB3,neutral,no,20580,0.09771622934888241,short
ENSG00000119048,1.0,0.9415,0.15,0.0,0.6854,0.0,124.4705808958934,0.0,True,False,0.0,0.0,0.0,0.0,0.0,0.0,0,0.0,0.0,0.0,no,UBE2B,gene-driven,no,25020,0.16710631494804157,short
ENSG00000119125,1.0,0.9192,0.15,0.0,0.6798,0.0,104.5497172384348,0.0,True,False,0.0,0.0,0.0,0.0,0.0,0.0,0,0.0,0.0,0.0,no,GDA,gene-driven,no,109430,0.22094489628072742,long
ENSG00000119138,0.0168,0.5169,0.0,0.0,0.1342,0.3447644085498352,0.7434935768010291,0.5,False,False,0.0,0.0,0.0,0.0,0.0,0.0,0,0.0,0.0,0.0,no,KLF9,neutral,no,9590,0.46506777893639206,short
ENSG00000119203,0.0001,0.2585,0.0,0.0,0.0647,0.5,0.0,0.5,False,False,0.0,0.0,0.413,0.0,0.0,0.1446,0,0.9567357168126756,0.0,0.0,no,CPSF3,neutral,no,87870,0.17595311255263457,long
ENSG00000119285,0.0001,0.2585,0.0,0.0,0.0647,0.5,0.0,0.5,False,False,0.0,0.0,0.0,0.0,0.0,0.0,0,0.0,0.0,0.0,no,HEATR1,neutral,no,287410,0.26032845064541943,long
ENSG00000119333,0.0074,0.4672,0.0,0.0,0.119,0.4252993956760243,0.3236294341804751,0.5,False,False,0.0,0.0,0.0,0.0,0.0,0.0,0,0.0,0.0,0.0,no,DYNC2I2,neutral,no,47290,0.315267498414041,medium
ENSG00000119402,0.0001,0.0265,0.0,0.0,0.0067,0.5,-0.005918194525293,0.5,False,False,0.0,0.4076,0.0,0.0,0.0,0.1426,1,0.0,0.0,0.0,no,FBXW2,neutral,no,109560,0.15532128514056226,long
ENSG00000119403,0.0001,0.2585,0.0,0.0,0.0647,0.5,0.0,0.5,False,False,0.0,0.0,0.0,0.0,0.0,0.0,0,0.0,0.0,0.0,no,PHF19,neutral,no,115160,0.238971865230983,long
ENSG00000119411,0.0001,0.2585,0.0,0.0,0.0647,0.5,0.0,0.5,False,False,0.0,0.0,0.0,0.0,0.0,0.0,0,0.0,0.0,0.0,no,BSPRY,neutral,no,27890,0.2767658659017569,short
ENSG00000119414,0.6523,0.7608,0.15,0.0,0.5359,2.358697283599831e-07,29.13367800449851,9.850680343094508e-07,True,False,0.0,0.0,0.0,0.0,0.0,0.0,0,0.0,0.0,0.0,no,PPP6C,gene-driven,no,39580,0.2315310763011622,medium
ENSG00000119421,0.0001,0.1053,0.0,0.0,0.0264,0.5,-0.0001536170275358,0.5,False,False,0.0,0.0,0.0,0.0,0.0,0.0,0,0.0,0.0,0.0,no,NDUFA8,neutral,no,41280,0.12216569767441861,medium
ENSG00000119446,0.0001,0.2585,0.0,0.0,0.0647,0.5,0.0,0.5,False,False,0.0,0.4076,0.0,0.0,0.0,0.1426,1,0.0,0.0,0.0,no,RBM18,neutral,no,7890,0.3226869455006337,short
ENSG00000119457,0.0001,0.0259,0.0,0.0,0.0065,0.5,-0.0059422882804938,0.5,False,False,0.0,0.0,0.0,0.0,0.0,0.0,0,0.0,0.0,0.0,no,SLC46A2,neutral,no,48480,0.28667491749174917,medium
ENSG00000119471,0.0001,0.0774,0.0,0.0,0.0194,0.5,-0.0010969102659146,0.5,False,False,0.0,0.0,0.0,0.0,0.0,0.0,0,0.0,0.0,0.0,no,HSDL2,neutral,no,124760,0.11771401090092978,long
ENSG00000119508,0.1264,0.651,0.075,0.0,0.2757,0.0297479793247862,5.643693781290494,0.0851850599663135,False,False,0.0,0.0,0.0,0.0,0.0,0.0,0,0.0,0.0,0.0,no,NR4A3,neutral,no,91390,0.20753911806543385,long
ENSG00000119509,0.0071,0.4658,0.0,0.0,0.1186,0.4277010792930553,0.3123671194043709,0.5,False,False,0.0,0.0,0.0,0.0,0.0,0.0,0,0.0,0.0,0.0,no,INVS,neutral,no,125720,0.2430957683741648,long
ENSG00000119523,0.0001,0.2585,0.0,0.0,0.0647,0.5,0.0,0.5,False,False,0.0,0.0,0.0,0.0,0.0,0.0,0,0.0,0.0,0.0,no,ALG2,neutral,no,34620,0.33376660889659154,medium
ENSG00000119599,0.0001,0.3977,0.0,0.0,0.0995,0.4998817686410889,0.0004729813590529,0.5,False,False,0.0,0.4076,0.0,0.0,0.0,0.1426,1,0.0,0.0,0.0,no,DCAF4,neutral,no,94800,0.24624472573839662,long
ENSG00000119608,0.0001,0.2585,0.0,0.0,0.0647,0.5,0.0,0.5,False,False,0.0,0.0,0.0,0.0,0.0,0.0,0,0.0,0.0,0.0,no,PROX2,neutral,no,31790,0.3520918527838943,short
ENSG00000119614,0.0376,0.5804,0.0,0.0,0.1564,0.2166508877718598,1.6726417049058,0.5,False,False,0.0,0.0,0.0,0.0,0.0,0.0,0,0.0,0.0,0.0,no,VSX2,neutral,no,18620,0.3665950590762621,short
ENSG00000119630,1.0,0.877,0.15,0.0,0.6692,5.551115123125783e-17,73.12549158141337,4.453426874585104e-16,True,False,0.0,0.0,0.0,0.0,0.0,0.0,0,0.0,0.0,0.0,no,PGF,gene-driven,no,26030,0.29254706108336537,short
ENSG00000119636,0.0041,0.4493,0.0,0.0,0.1136,0.456941584804994,0.1801050777539785,0.5,False,False,0.0,0.0,0.0,0.0,0.0,0.0,0,0.0,0.0,0.0,no,BBOF1,neutral,no,60130,0.1974222517877931,medium
ENSG00000119650,0.0001,0.2585,0.0,0.0,0.0647,0.5,0.0,0.5,False,False,0.0,0.0,0.0,0.0,0.0,0.0,0,0.0,0.0,0.0,no,IFT43,neutral,no,36320,0.24801762114537446,medium
ENSG00000119681,0.288,0.6976,0.15,0.0,0.4108,0.0008065489319346,12.85919761954574,0.0026656308222212,True,False,0.0,0.0,0.0,0.0,0.0,0.0,0,0.0,0.0,0.0,no,,gene-driven,no,315630,0.27040205303678355,long
ENSG00000119686,0.0001,0.2585,0.0,0.0,0.0647,0.5,0.0,0.5,False,False,0.0,0.0,0.0,0.0,0.0,0.0,0,0.0,0.0,0.0,no,FLVCR2,neutral,no,130410,0.18914193696802392,long
ENSG00000119699,1.0,0.8152,0.15,0.0,0.6538,7.094630438686522e-11,45.35190089737625,3.8357273697855175e-10,True,False,0.0,0.0,0.0,0.0,0.0,0.0,0,0.0,0.0,0.0,no,TGFB3,gene-driven,no,39770,0.2053557958259995,medium
ENSG00000119705,1.0,0.8231,0.15,0.0,0.6558,1.810140926039594e-11,48.08376877936826,1.0219796783338183e-10,True,False,0.0,0.4076,0.0,0.0,0.0,0.1426,1,0.0,0.0,0.0,no,SLIRP,gene-driven,no,27530,0.18478023973846713,short
ENSG00000119707,0.0278,0.5509,0.0,0.0,0.146,0.269531992181759,1.235842011359637,0.5,False,False,0.0,0.4076,0.0,0.0,0.0,0.1426,1,0.0,0.0,0.0,no,RBM25,neutral,no,91190,0.19204956683846913,long
ENSG00000119711,0.0001,0.2585,0.0,0.0,0.0647,0.5,0.0,0.5,False,False,0.0,0.4076,0.0,0.0,0.0,0.1426,1,0.0,0.0,0.0,no,ALDH6A1,neutral,no,59370,0.20456459491325585,medium
ENSG00000119715,0.5739,0.7505,0.15,0.0,0.5098,1.359207972617682e-06,25.63092244087602,5.443398112560668e-06,True,False,0.0,0.4076,0.0,0.0,0.0,0.1426,1,0.0,0.0,0.0,no,ESRRB,gene-driven,no,74152,0.17430413205308015,medium
ENSG00000119718,0.3289,0.7067,0.15,0.0,0.4254,0.0003230564716532,14.68907246935123,0.001100324260168,True,False,0.0,0.0,0.0,0.0,0.0,0.0,0,0.0,0.0,0.0,no,EIF2B2,gene-driven,no,38620,0.2383480062143967,medium
ENSG00000119760,0.0001,0.2585,0.0,0.0,0.0647,0.5,0.0,0.5,False,False,0.0,0.0,0.5894,0.0,0.0,0.2063,0,1.3018606323820188,0.0,0.0,no,SUPT7L,neutral,no,61640,0.22031148604802075,medium
ENSG00000119772,1.0,0.8548,0.15,0.0,0.6637,1.6819878823071122e-14,62.04937137561501,1.1571518294046438e-13,True,False,0.0,0.0,0.0,0.0,0.0,0.0,0,0.0,0.0,0.0,no,DNMT3A,gene-driven,no,230770,0.2311348962170126,long
ENSG00000119778,0.6711,0.7638,0.15,0.0,0.5423,1.551141321498584e-07,29.9719149479497,6.560694671032275e-07,True,False,0.0,0.0,0.0,0.0,0.0,0.0,0,0.0,0.0,0.0,no,ATAD2B,gene-driven,no,210840,0.1620423069626257,long
ENSG00000119787,0.2567,0.6894,0.15,0.0,0.3993,0.0016234467925648,11.4601131194795,0.005223172280865,True,False,0.0,0.0,0.6232,0.0,0.0,0.2181,0,1.4015792397361853,0.0,0.0,no,ATL2,gene-driven,no,228390,0.14916590043346906,long
ENSG00000119801,0.3648,0.7131,0.15,0.21,0.6477,0.0001448758640338,16.29297222363675,0.0005046306356474,True,True,0.7,0.0,0.0,0.0,0.0,0.0,0,0.0,0.0,0.0,no,YPEL5,gene-driven,no,21140,0.1577105014191107,short
ENSG00000119862,0.0001,0.2585,0.0,0.0,0.0647,0.5,0.0,0.5,False,False,0.0,0.0,0.6667,0.0,0.0,0.2333,0,1.5536337360360566,0.0,0.0,no,LGALSL,neutral,no,31120,0.19161311053984575,short
ENSG00000119865,0.0001,0.2585,0.0,0.0,0.0647,0.5,0.0,0.5,False,False,0.0,0.0,0.0,0.0,0.0,0.0,0,0.0,0.0,0.0,no,CNRIP1,neutral,no,21010,0.2624940504521656,short
ENSG00000132423,0.0033,0.4443,0.0,0.0,0.1121,0.4656983325200634,0.1421400580493355,0.5,False,False,0.0,0.0,0.0,0.0,0.0,0.0,0,0.0,0.0,0.0,no,COQ3,neutral,no,29070,0.23367733058135534,short
ENSG00000132424,0.024,0.5402,0.0,0.0,0.1423,0.2929677823101909,1.069090906799829,0.5,False,False,0.0,0.0,0.0,0.0,0.0,0.0,0,0.0,0.0,0.0,no,PNISR,neutral,no,168090,0.12085787375810578,long
ENSG00000132429,1.0,0.9256,0.15,0.0,0.6814,0.0,110.2705730787802,0.0,True,False,0.0,0.0,0.0,0.0,0.0,0.0,0,0.0,0.0,0.0,no,POPDC3,gene-driven,no,15640,0.24872122762148338,short
ENSG00000132432,0.4831,0.7328,0.15,0.0,0.4781,1.031738773332735e-05,21.57706555211871,3.858547863576709e-05,True,False,0.0,0.0,0.0,0.0,0.0,0.0,0,0.0,0.0,0.0,no,SEC61G,gene-driven,no,8200,0.13646341463414635,short
ENSG00000132464,0.0001,0.0032,0.0,0.0,0.0008,0.5,-0.0094996507250471,0.5,False,False,0.0,0.0,0.0,0.0,0.0,0.0,0,0.0,0.0,0.0,no,ENAM,neutral,no,224540,0.11960007125679166,long
ENSG00000132485,0.0001,0.2585,0.0,0.0,0.0647,0.5,0.0,0.5,False,False,0.0,0.0,0.0,0.0,0.0,0.0,0,0.0,0.0,0.0,no,ZRANB2,neutral,no,45280,0.1859982332155477,medium
ENSG00000132541,0.3286,0.7061,0.15,0.0,0.4251,0.0003258404516202,14.67191105619713,0.0011078129913596,True,False,0.0,0.0,0.0,0.0,0.0,0.0,0,0.0,0.0,0.0,no,RIDA,gene-driven,no,13760,0.19680232558139535,short
ENSG00000132570,1.0,0.9429,0.15,0.0,0.6857,0.0,125.8582670118412,0.0,True,False,0.0,0.0,0.0,0.0,0.0,0.0,0,0.0,0.0,0.0,no,PCBD2,gene-driven,no,18970,0.19130205587770163,short
ENSG00000132591,1.0,0.9178,0.15,0.0,0.6794,0.0,102.992224502188,0.0,True,False,0.0,0.0,0.0,0.0,0.0,0.0,0,0.0,0.0,0.0,no,ERAL1,gene-driven,no,52839,0.18861068528927497,medium
ENSG00000132676,1.0,0.9761,0.15,0.0,0.694,0.0,196.0298368449148,0.0,True,False,0.0,0.0,0.0,0.0,0.0,0.0,0,0.0,0.0,0.0,no,DAP3,gene-driven,no,175060,0.16328687307208956,long
ENSG00000132680,0.0422,0.5889,0.0,0.0,0.1599,0.1953929632430879,1.879190742885839,0.4750169106408207,False,False,0.0,0.0,0.0,0.0,0.0,0.0,0,0.0,0.0,0.0,no,KHDC4,neutral,no,105510,0.1590370580987584,long
ENSG00000132688,0.0255,0.5446,0.0,0.0,0.1438,0.2834893793234385,1.134866877240711,0.5,False,False,0.0,0.0,0.0,0.0,0.0,0.0,0,0.0,0.0,0.0,no,NES,neutral,no,113810,0.3225814954749143,long
ENSG00000132698,0.0001,0.2585,0.0,0.0,0.0647,0.5,0.0,0.5,False,False,0.0,0.0,0.0,0.0,0.0,0.0,0,0.0,0.0,0.0,no,RAB25,neutral,no,17210,0.2571179546775131,short
ENSG00000132703,0.0001,0.2585,0.0,0.0,0.0647,0.5,0.0,0.5,False,False,0.0,0.0,0.0,0.0,0.0,0.0,0,0.0,0.0,0.0,no,APCS,neutral,no,7420,0.42951482479784364,short
ENSG00000132704,0.1926,0.6735,0.15,0.0,0.3762,0.006781263272208,8.600889381086745,0.0207569252405925,True,False,0.0,0.4076,0.0,0.0,0.0,0.1426,1,0.0,0.0,0.0,no,FCRL2,gene-driven,no,134650,0.1439509840326773,long
ENSG00000132718,0.9802,0.8104,0.15,0.0,0.6467,1.556062501073541e-10,43.78109057677648,8.198998813919271e-10,True,False,0.0,0.0,0.0,0.0,0.0,0.0,0,0.0,0.0,0.0,no,SYT11,gene-driven,no,31210,0.3568727971803909,short
ENSG00000132740,0.0163,0.5143,0.0,0.0,0.1335,0.3479310260928025,0.7252076783042867,0.5,False,False,0.0,0.0,0.0,0.0,0.0,0.0,0,0.0,0.0,0.0,no,IGHMBP2,neutral,no,182680,0.1745675498138822,long
ENSG00000132744,0.0001,0.2585,0.0,0.0,0.0647,0.5,0.0,0.5,False,False,0.0,0.0,0.0,0.0,0.0,0.0,0,0.0,0.0,0.0,no,ACY3,neutral,no,18660,0.35712754555198284,short
ENSG00000132763,0.0001,0.2585,0.0,0.0,0.0647,0.5,0.0,0.5,False,False,0.0,0.0,0.0,0.0,0.0,0.0,0,0.0,0.0,0.0,no,MMACHC,neutral,no,15450,0.34537216828478967,short
ENSG00000132768,1.0,0.9337,0.15,0.0,0.6834,0.0,116.7038348113128,0.0,True,False,0.0,0.4076,0.0,0.0,0.0,0.1426,1,0.0,0.0,0.0,no,DPH2,gene-driven,no,58760,0.27391082368958475,medium
ENSG00000132773,0.0001,0.2585,0.0,0.0,0.0647,0.5,0.0,0.5,False,False,0.0,0.0,0.0,0.0,0.0,0.0,0,0.0,0.0,0.0,no,TOE1,neutral,no,53420,0.26154998128041934,medium
ENSG00000132781,1.0,0.992,0.15,0.0,0.698,0.0,317.5149156967964,0.0,True,False,0.0,0.0,0.0,0.0,0.0,0.0,0,0.0,0.0,0.0,no,,gene-driven,no,337200,0.1361803084223013,long
ENSG00000132837,1.0,0.9749,0.15,0.0,0.6937,0.0,193.3829133337349,0.0,True,False,0.0,0.0,0.0,0.0,0.0,0.0,0,0.0,0.0,0.0,no,DMGDH,gene-driven,no,142260,0.14437649374384928,long
ENSG00000132849,0.0001,0.2585,0.0,0.0,0.0647,0.5,0.0,0.5,False,False,0.0,0.0,0.0,0.0,0.0,0.0,0,0.0,0.0,0.0,no,PATJ,neutral,no,54060,0.4517388087310396,medium
ENSG00000132854,0.0001,0.2585,0.0,0.0,0.0647,0.5,0.0,0.5,False,False,0.0,0.0,0.0,0.0,0.0,0.0,0,0.0,0.0,0.0,no,KANK4,neutral,no,138340,0.1875740928148041,long
ENSG00000132855,0.0001,0.0798,0.0,0.0,0.02,0.5,-0.0010003998795582,0.5,False,False,0.0,0.0,0.0,0.0,0.0,0.0,0,0.0,0.0,0.0,no,ANGPTL3,neutral,no,32680,0.18072215422276622,short
ENSG00000132881,0.0159,0.5113,0.0,0.0,0.1326,0.3511027832133899,0.7070581762654911,0.5,False,False,0.0,0.0,0.0,0.0,0.0,0.0,0,0.0,0.0,0.0,no,CPLANE2,neutral,no,21720,0.2504604051565378,short
ENSG00000132911,0.05,0.5997,0.0,0.0,0.1649,0.1640417759881202,2.228973942590528,0.4096103382353965,False,False,0.0,0.0,0.0,0.0,0.0,0.0,0,0.0,0.0,0.0,no,NMUR2,neutral,no,23750,0.32673684210526316,short
ENSG00000132912,0.089,0.6351,0.0,0.0,0.1855,0.0687261837135287,3.968955680556974,0.1882401089157996,False,False,0.0,0.0,0.0,0.0,0.0,0.0,0,0.0,0.0,0.0,no,DCTN4,neutral,no,73860,0.2228675873273761,medium
ENSG00000132915,0.0001,0.2585,0.0,0.0,0.0647,0.5,0.0,0.5,False,False,0.0,0.0,0.0,0.0,0.0,0.0,0,0.0,0.0,0.0,no,PDE6A,neutral,no,135310,0.19380681398270638,long
ENSG00000132932,0.0001,0.2585,0.0,0.0,0.0647,0.5,0.0,0.5,False,False,0.0,0.0,0.0,0.0,0.0,0.0,0,0.0,0.0,0.0,no,,neutral,no,318290,0.1358383863772032,long
ENSG00000132938,0.0001,0.0338,0.0,0.0,0.0085,0.5,-0.0050305821714573,0.5,False,False,0.0,0.0,0.0,0.0,0.0,0.0,0,0.0,0.0,0.0,no,MTUS2,neutral,no,177480,0.17439711516790624,long
ENSG00000132950,0.0001,0.2585,0.0,0.0,0.0647,0.5,0.0,0.5,False,False,0.0,0.0,0.0,0.0,0.0,0.0,0,0.0,0.0,0.0,no,ZMYM5,neutral,no,53840,0.20224739970282318,medium
ENSG00000132952,0.0161,0.5125,0.0,0.0,0.1329,0.3500210007735328,0.7132298870128579,0.5,False,False,0.0,0.0,0.0,0.0,0.0,0.0,0,0.0,0.0,0.0,no,USPL1,neutral,no,112530,0.2107704612103439,long
ENSG00000132963,1.0,0.848,0.15,0.0,0.662,8.471001677889944e-14,58.8128082946987,5.566018803939839e-13,True,False,0.0,0.0,0.0,0.0,0.0,0.0,0,0.0,0.0,0.0,no,POMP,gene-driven,no,31200,0.10365384615384615,short
ENSG00000132964,1.0,0.8203,0.15,0.0,0.6551,3.189232211653348e-11,46.95101565469304,1.7724291643311454e-10,True,False,0.0,0.0,0.0,0.0,0.0,0.0,0,0.0,0.0,0.0,no,CDK8,gene-driven,no,37750,0.22214569536423842,medium
ENSG00000132965,0.0001,0.2585,0.0,0.0,0.0647,0.5,0.0,0.5,False,False,0.0,0.0,0.0,0.0,0.0,0.0,0,0.0,0.0,0.0,no,ALOX5AP,neutral,no,17030,0.2102759835584263,short
ENSG00000132975,0.0001,0.2585,0.0,0.0,0.0647,0.5,0.0,0.5,False,False,0.0,0.0,0.0,0.0,0.0,0.0,0,0.0,0.0,0.0,no,GPR12,neutral,no,20040,0.3056387225548902,short
ENSG00000133055,0.0001,0.2585,0.0,0.0,0.0647,0.5,0.0,0.5,False,False,0.0,0.0,0.0,0.0,0.0,0.0,0,0.0,0.0,0.0,no,MYBPH,neutral,no,30630,0.36699314397649363,short
ENSG00000133056,1.0,0.9524,0.15,0.0,0.6881,0.0,140.5843381228333,0.0,True,False,0.0,0.0,0.0,0.0,0.0,0.0,0,0.0,0.0,0.0,no,PIK3C2B,gene-driven,no,239400,0.3104093567251462,long
ENSG00000133065,0.0133,0.4912,0.0,0.0,0.1268,0.3723811311536201,0.5893804450170137,0.5,False,False,0.0,0.0,0.0,0.0,0.0,0.0,0,0.0,0.0,0.0,no,SLC41A1,neutral,no,63920,0.22392052565707135,medium
ENSG00000133069,0.0001,0.2585,0.0,0.0,0.0647,0.5,0.0,0.5,False,False,0.0,0.0,0.0,0.0,0.0,0.0,0,0.0,0.0,0.0,no,TMCC2,neutral,no,155140,0.35067680804434703,long
ENSG00000133083,0.5551,0.7465,0.15,0.0,0.5031,2.068261084064993e-06,24.7913103584433,8.151767537352833e-06,True,False,0.0,0.0,0.0,0.0,0.0,0.0,0,0.0,0.0,0.0,no,DCLK1,gene-driven,no,169700,0.2256570418385386,long
ENSG00000133101,1.0,0.9477,0.15,0.0,0.6869,0.0,131.7142419488264,0.0,True,False,0.0,0.0,0.0,0.0,0.0,0.0,0,0.0,0.0,0.0,no,CCNA1,gene-driven,no,60760,0.2196017116524029,medium
ENSG00000133104,0.8082,0.7819,0.15,0.0,0.5879,7.252107303568067e-09,36.09765313409298,3.3215452788165344e-08,True,False,0.0,0.0,0.0,0.0,0.0,0.0,0,0.0,0.0,0.0,no,SPART,gene-driven,no,171460,0.14389945176717603,long
ENSG00000133105,0.0001,0.2585,0.0,0.0,0.0647,0.5,0.0,0.5,False,False,0.0,0.0,0.0,0.0,0.0,0.0,0,0.0,0.0,0.0,no,RXFP2,neutral,no,92470,0.1800908402725208,long
ENSG00000133111,0.0001,0.2585,0.0,0.0,0.0647,0.5,0.0,0.5,False,False,0.0,0.0,0.0,0.0,0.0,0.0,0,0.0,0.0,0.0,no,RFXAP,neutral,no,18080,0.30403761061946905,short
ENSG00000133116,0.0698,0.6214,0.0,0.0,0.1763,0.1053521742116565,3.114598640411714,0.2781431605779084,False,False,0.0,0.0,0.0,0.0,0.0,0.0,0,0.0,0.0,0.0,no,KL,neutral,no,42950,0.35837019790454017,medium
ENSG00000133119,0.0001,0.2585,0.0,0.0,0.0647,0.5,0.0,0.5,False,False,0.0,0.0,0.0,0.0,0.0,0.0,0,0.0,0.0,0.0,no,RFC3,neutral,no,24980,0.272337870296237,short
ENSG00000133121,0.0001,0.2585,0.0,0.0,0.0647,0.5,0.0,0.5,False,False,0.0,0.0,0.0,0.0,0.0,0.0,0,0.0,0.0,0.0,no,STARD13,neutral,no,262950,0.2736223616657159,long
ENSG00000133302,0.0001,0.0324,0.0,0.0,0.0081,0.5,-0.0052946438081562,0.5,False,False,0.0,0.9527,0.0,0.0,0.0,0.3335,3,0.0,0.0,0.0,no,SLF1,regulation-driven,no,106580,0.1573465941077125,long
ENSG00000133317,1.0,0.9361,0.15,0.0,0.684,0.0,119.7756286738004,0.0,True,False,0.0,0.0,0.0,0.0,0.0,0.0,0,0.0,0.0,0.0,no,LGALS12,gene-driven,no,55310,0.2101428313144097,medium
ENSG00000133318,0.0001,0.2585,0.0,0.0,0.0647,0.5,0.0,0.5,False,False,0.0,0.0,0.0,0.0,0.0,0.0,0,0.0,0.0,0.0,no,RTN3,neutral,no,178030,0.1775206425883278,long
ENSG00000133321,0.0318,0.5669,0.0,0.0,0.1513,0.2463186204463426,1.415964390848785,0.5,False,False,0.0,0.0,0.0,0.0,0.0,0.0,0,0.0,0.0,0.0,no,PLAAT4,neutral,no,15820,0.2934260429835651,short
ENSG00000133328,0.0001,0.1116,0.0,0.0,0.0279,0.5,-3.806115273619071e-05,0.5,False,False,0.0,0.0,0.0,0.0,0.0,0.0,0,0.0,0.0,0.0,no,PLAAT2,neutral,no,37080,0.12025350593311758,medium
ENSG00000133398,0.0176,0.5215,0.0,0.0,0.1357,0.3381668010243934,0.7821376609749677,0.5,False,False,0.0,0.0,0.0,0.0,0.0,0.0,0,0.0,0.0,0.0,no,MED10,neutral,no,9500,0.21652631578947368,short
ENSG00000133574,0.0001,0.2585,0.0,0.0,0.0647,0.5,0.0,0.5,False,False,0.0,0.0,0.0,0.0,0.0,0.0,0,0.0,0.0,0.0,no,GIMAP4,neutral,no,29100,0.24075601374570446,short
ENSG00000133606,1.0,0.9528,0.15,0.0,0.6882,0.0,141.6603731286668,0.0,True,False,0.0,0.0,0.0,0.0,0.0,0.0,0,0.0,0.0,0.0,no,MKRN1,gene-driven,no,87020,0.1521489312801655,long
ENSG00000133636,0.0246,0.5422,0.0,0.0,0.1429,0.2893902223088244,1.093664141672889,0.5,False,False,0.0,0.0,0.0,0.0,0.0,0.0,0,0.0,0.0,0.0,no,NTS,neutral,no,12900,0.22193798449612404,short
ENSG00000133639,0.0001,0.115,0.0,0.0,0.0288,0.5,-4.60455339634791e-06,0.5,False,False,0.0,0.4076,0.0,0.0,0.0,0.1426,1,0.0,0.0,0.0,no,BTG1,neutral,no,13240,0.22998489425981872,short
ENSG00000133641,1.0,0.9455,0.15,0.0,0.6864,0.0,129.2598810085619,0.0,True,False,0.0,0.0,0.0,0.0,0.0,0.0,0,0.0,0.0,0.0,no,RLIG1,gene-driven,no,32250,0.24607751937984496,short
ENSG00000133678,1.0,0.9465,0.15,0.0,0.6866,0.0,130.652504038937,0.0,True,False,0.0,0.0,0.0,0.0,0.0,0.0,0,0.0,0.0,0.0,no,TMEM254,gene-driven,no,25660,0.2269680436477007,short
ENSG00000133704,1.0,0.9598,0.15,0.0,0.6899,0.0,152.3520017103583,0.0,True,False,0.0,0.0,0.0,0.0,0.0,0.0,0,0.0,0.0,0.0,no,IPO8,gene-driven,no,141560,0.18454365640011303,long
ENSG00000133731,0.0001,0.2585,0.0,0.0,0.0647,0.5,0.0,0.5,False,False,0.0,0.4076,0.901,0.0,0.0,0.458,1,3.574990821352563,0.0,0.0,no,IMPA1,regulation-driven,no,68480,0.13773364485981307,medium
ENSG00000133739,0.0001,0.0022,0.0,0.0,0.0006,0.5,-0.0096479313870077,0.5,False,False,0.0,0.0,0.0,0.0,0.0,0.0,0,0.0,0.0,0.0,no,LRRCC1,neutral,no,110930,0.16738483728477418,long
ENSG00000133773,0.2879,0.6974,0.15,0.0,0.4107,0.0008083334933814,12.8547773295104,0.0026697548446741,True,False,0.0,0.0,0.0,0.0,0.0,0.0,0,0.0,0.0,0.0,no,CCDC59,gene-driven,no,14920,0.25837801608579086,short
ENSG00000133800,1.0,0.8611,0.15,0.0,0.6653,3.2751579226442118e-15,65.33365926265105,2.3507410544346773e-14,True,False,0.0,0.0,0.0,0.0,0.0,0.0,0,0.0,0.0,0.0,no,LYVE1,gene-driven,no,27320,0.31855783308931185,short
ENSG00000133805,0.105,0.6425,0.075,0.0,0.2671,0.0480165330989593,4.686125414620619,0.1342519593222169,False,False,0.0,0.4076,0.0,0.0,0.0,0.1426,1,0.0,0.0,0.0,no,AMPD3,neutral,no,178550,0.27005320638476615,long
ENSG00000133858,0.0005,0.4144,0.0,0.0,0.1037,0.4958409099729027,0.0167059383384184,0.5,False,False,0.0,0.0,0.0,0.0,0.0,0.0,0,0.0,0.0,0.0,no,ZFC3H1,neutral,no,279780,0.20076131245978984,long
ENSG00000133874,0.0001,0.1015,0.0,0.0,0.0254,0.5,-0.0002553752647145,0.5,False,False,0.0,0.0,0.0,0.0,0.0,0.0,0,0.0,0.0,0.0,no,RNF122,neutral,no,9370,0.31942369263607256,short
ENSG00000133895,1.0,0.9085,0.15,0.0,0.6771,0.0,94.40730789737428,0.0,True,False,0.0,0.0,0.0,0.0,0.0,0.0,0,0.0,0.0,0.0,no,,gene-driven,no,316920,0.12367474441499432,long
ENSG00000133935,0.0169,0.5179,0.0,0.0,0.1345,0.3439673836863856,0.7481225207711759,0.5,False,False,0.0,0.0,0.0,0.0,0.0,0.0,0,0.0,0.0,0.0,no,ERG28,neutral,no,7070,0.3057991513437058,short
ENSG00000133937,0.0002,0.4057,0.0,0.0,0.1015,0.4984153550420952,0.0063486455028396,0.5,False,False,0.0,0.0,0.0,0.0,0.0,0.0,0,0.0,0.0,0.0,no,GSC,neutral,no,16230,0.3607516943930992,short
ENSG00000133961,1.0,0.8703,0.15,0.0,0.6676,2.775557561562891e-16,70.11952000152087,2.1370933918287645e-15,True,False,0.0,0.0,0.0,0.0,0.0,0.0,0,0.0,0.0,0.0,no,NUMB,gene-driven,no,282460,0.18919847057990513,long
ENSG00000133985,0.0001,0.2585,0.0,0.0,0.0647,0.5,0.0,0.5,False,False,0.0,0.0,0.0,0.0,0.0,0.0,0,0.0,0.0,0.0,no,TTC9,neutral,no,9260,0.4263498920086393,short
ENSG00000134007,0.0001,0.1031,0.0,0.0,0.0258,0.5,-0.0002103643273585,0.5,False,False,0.0,0.0,0.0,0.0,0.0,0.0,0,0.0,0.0,0.0,no,ADAM20,neutral,no,61610,0.19280960882973544,medium
ENSG00000134013,0.014,0.4966,0.0,0.0,0.1283,0.3665220038352294,0.6210990822582971,0.5,False,False,0.0,0.0,0.0,0.0,0.0,0.0,0,0.0,0.0,0.0,no,LOXL2,neutral,no,127070,0.1905642559219328,long
ENSG00000134028,0.0571,0.611,0.0,0.0,0.1699,0.1400539681885506,2.545160525798565,0.3598287385174848,False,False,0.0,0.0,0.0,0.0,0.0,0.0,0,0.0,0.0,0.0,no,ADAMDEC1,neutral,no,29520,0.23113143631436314,short
ENSG00000134057,1.0,0.8446,0.15,0.0,0.6611,1.980637875931279e-13,57.11400413434603,1.272828526470566e-12,True,False,0.0,0.0,0.0,0.0,0.0,0.0,0,0.0,0.0,0.0,no,CCNB1,gene-driven,no,66940,0.15404840155363012,medium
ENSG00000134061,0.0001,0.2585,0.0,0.0,0.0647,0.5,0.0,0.5,False,False,0.0,0.0,0.0,0.0,0.0,0.0,0,0.0,0.0,0.0,no,CD180,neutral,no,63610,0.1901430592674108,medium
ENSG00000134070,0.0047,0.4528,0.0,0.0,0.1146,0.4511077246081825,0.2058038604227477,0.5,False,False,0.0,0.0,0.0,0.0,0.0,0.0,0,0.0,0.0,0.0,no,IRAK2,neutral,no,42460,0.27027790861987755,medium
ENSG00000134086,0.9733,0.8092,0.15,0.0,0.6443,1.813566519182075e-10,43.47481674586561,9.49545249095962e-10,True,False,0.0,0.0,0.0,0.0,0.0,0.0,0,0.0,0.0,0.0,no,VHL,gene-driven,no,32610,0.2365838699785342,short
ENSG00000134107,0.0001,0.2585,0.0,0.0,0.0647,0.5,0.0,0.5,False,False,0.0,0.0,0.0,0.0,0.0,0.0,0,0.0,0.0,0.0,no,BHLHE40,neutral,no,42550,0.22101057579318448,medium
ENSG00000134109,0.9178,0.7988,0.15,0.0,0.625,6.268321972591194e-10,40.99439014199015,3.111640069028803e-09,True,False,0.0,0.0,0.0,0.0,0.0,0.0,0,0.0,0.0,0.0,no,EDEM1,gene-driven,no,74550,0.20284372904091214,medium
ENSG00000134115,1.0,0.8156,0.15,0.0,0.6539,6.315281630975278e-11,45.58463286158803,3.42180945887484e-10,True,False,0.0,0.8761,0.0,0.0,0.0,0.3066,2,0.0,0.0,0.0,no,CNTN6,gene-driven (dual),no,108870,0.23027463947827684,long
ENSG00000134193,1.0,0.8896,0.15,0.0,0.6724,0.0,80.81152031946294,0.0,True,False,0.0,0.0,0.0,0.0,0.0,0.0,0,0.0,0.0,0.0,no,REG4,gene-driven,no,23530,0.2114747131321717,short
ENSG00000134198,1.0,0.8776,0.15,0.0,0.6694,5.551115123125783e-17,73.32086394699945,4.453426874585104e-16,True,False,0.0,0.0,0.0411,0.0,0.0,0.0144,0,0.6464520367317348,0.0,0.0,no,TSPAN2,gene-driven,no,30250,0.2650578512396694,short
ENSG00000134202,1.0,0.9156,0.15,0.0,0.6789,0.0,100.9838073377487,0.0,True,False,0.0,0.0,0.7319,0.0,0.5858,0.344,0,1.8389966316736264,0.0,155.4,yes,GSTM3,gene-driven (dual),no,27740,0.1955299206921413,short
ENSG00000134222,0.0337,0.573,0.0,0.0,0.1534,0.2358982055946984,1.502415437229502,0.5,False,False,0.0,0.0,0.0,0.0,0.0,0.0,0,0.0,0.0,0.0,no,PSRC1,neutral,no,82970,0.19863806195010245,long
ENSG00000134240,1.0,0.9186,0.15,0.0,0.6796,0.0,103.5388456439323,0.0,True,False,0.0,0.0,0.0,0.0,0.0,0.0,0,0.0,0.0,0.0,no,HMGCS2,gene-driven,no,81020,0.19386571216983461,long
ENSG00000134245,0.0001,0.2585,0.0,0.0,0.0647,0.5,0.0,0.5,False,False,0.0,0.0,0.2971,0.0,0.6391,0.1998,0,0.8391260452860975,0.0,182.0,yes,WNT2B,neutral,no,51890,0.25962613220273656,medium
ENSG00000134248,0.0001,0.2585,0.0,0.0,0.0647,0.5,0.0,0.5,False,False,0.0,0.0,0.0,0.0,0.0,0.0,0,0.0,0.0,0.0,no,LAMTOR5,neutral,no,20780,0.19797882579403273,short
ENSG00000134253,0.1188,0.6488,0.075,0.0,0.2728,0.0353063140736689,5.301092563175189,0.1004654497725569,False,False,0.0,0.0,0.3575,0.0,0.2633,0.1646,0,0.8935318381157702,0.0,18.6,yes,TRIM45,neutral,no,77810,0.27960416398920446,medium
ENSG00000134255,1.0,0.9885,0.15,0.0,0.6971,0.0,275.0692631632592,0.0,True,False,0.0,0.0,0.0,0.0,0.0,0.0,0,0.0,0.0,0.0,no,CEPT1,gene-driven,no,82150,0.1704199634814364,long
ENSG00000134256,0.4325,0.725,0.15,0.0,0.461,3.194277601958895e-05,19.31683464974049,0.0001160579751069,True,False,0.0,0.0,0.7657,0.0,0.2633,0.3075,0,2.067889282940638,0.0,18.6,yes,CD101,gene-driven (dual),no,107990,0.21363089174923605,long
ENSG00000134258,1.0,0.8251,0.15,0.0,0.6563,1.295230589448693e-11,48.75320161835407,7.396644032052581e-11,True,False,0.0,0.0,0.0773,0.0,0.0385,0.0328,0,0.6918717012721677,0.0,1.8,yes,VTCN1,gene-driven,no,66610,0.1919381474253115,medium
ENSG00000134259,0.1964,0.6743,0.15,0.0,0.3775,0.0062424857418928,8.766459278685943,0.019154919235148,True,False,0.0,0.0,0.0,0.0,0.0,0.0,0,0.0,0.0,0.0,no,NGF,gene-driven,no,53380,0.11935181715998501,medium
ENSG00000134262,1.0,0.9996,0.15,0.0,0.6999,0.0,689.6751090564358,0.0,True,False,0.0,0.0,0.785,0.0,0.0,0.2748,0,2.1393636360377526,0.0,0.0,no,AP4B1,gene-driven,no,202010,0.16914014157714966,long
ENSG00000134294,0.6367,0.7585,0.15,0.0,0.5307,3.340051537570332e-07,28.43792446627049,1.3821477826850942e-06,True,False,0.0,0.0,0.0,0.0,0.0,0.0,0,0.0,0.0,0.0,no,SLC38A2,gene-driven,no,49460,0.23301657905378084,medium
ENSG00000134321,1.0,0.8347,0.15,0.0,0.6587,2.100208895683409e-12,52.3916800470106,1.2693121563948088e-11,True,False,0.0,0.0,0.0,0.0,0.0,0.0,0,0.0,0.0,0.0,no,RSAD2,gene-driven,no,53950,0.13586654309545876,medium
ENSG00000134323,0.0001,0.005,0.0,0.0,0.0013,0.5,-0.0091743142802442,0.5,False,False,0.0,0.0,0.0,0.0,0.0,0.0,0,0.0,0.0,0.0,no,MYCN,neutral,no,45560,0.25755048287971904,medium
ENSG00000134343,0.0819,0.6299,0.0,0.0,0.182,0.0804672103641668,3.65351664274931,0.2172876788009586,False,False,0.0,0.0,0.0,0.0,0.0,0.0,0,0.0,0.0,0.0,no,ANO3,neutral,no,197110,0.19385114910456092,long
ENSG00000134371,0.9685,0.808,0.15,0.0,0.6425,2.0218976493069358e-10,43.2573344241755,1.0519789652356379e-09,True,False,0.0,0.0,0.0,0.0,0.0,0.0,0,0.0,0.0,0.0,no,CDC73,gene-driven,no,73470,0.24045188512317953,medium
ENSG00000134375,0.0001,0.1196,0.0,0.0,0.0299,0.5,-1.0913936421275139e-11,0.5,False,False,0.0,0.0,0.0,0.0,0.0,0.0,0,0.0,0.0,0.0,no,TIMM17A,neutral,no,10660,0.26106941838649156,short
ENSG00000134376,0.0202,0.5294,0.0,0.0,0.1384,0.3194953404340997,0.8957308172248304,0.5,False,False,0.0,0.0,0.0,0.0,0.0,0.0,0,0.0,0.0,0.0,no,,neutral,no,378140,0.18196964087375045,long
ENSG00000134452,0.0001,0.2585,0.0,0.0,0.0647,0.5,0.0,0.5,False,False,0.0,0.0,0.0,0.0,0.0,0.0,0,0.0,0.0,0.0,no,,neutral,no,335400,0.1927459749552773,long
ENSG00000134460,0.004,0.4487,0.0,0.0,0.1134,0.4581532768955364,0.1748086091611185,0.5,False,False,0.0,0.0,0.0,0.0,0.0,0.0,0,0.0,0.0,0.0,no,IL2RA,neutral,no,45690,0.21197198511709345,medium
ENSG00000134461,0.4254,0.7228,0.15,0.0,0.4583,3.744054661614094e-05,18.99921825232741,0.0001349487528033,True,False,0.0,0.0,0.0,0.0,0.0,0.0,0,0.0,0.0,0.0,no,ANKRD16,gene-driven,no,50550,0.2683679525222552,medium
ENSG00000134516,1.0,0.8621,0.15,0.0,0.6655,2.664535259100376e-15,65.71463562536519,1.9291700696892682e-14,True,False,0.0,0.4076,0.0,0.0,0.0,0.1426,1,0.0,0.0,0.0,no,,gene-driven,no,346338,0.16805837072455232,long
ENSG00000134533,0.0001,0.2585,0.0,0.0,0.0647,0.5,0.0,0.5,False,False,0.0,0.0,0.0,0.0,0.0,0.0,0,0.0,0.0,0.0,no,RERG,neutral,no,30040,0.2144474034620506,short
ENSG00000134548,1.0,0.8768,0.15,0.0,0.6692,5.551115123125783e-17,73.12449634003588,4.453426874585104e-16,True,False,0.0,0.0,0.0,0.0,0.0,0.0,0,0.0,0.0,0.0,no,SPX,gene-driven,no,9390,0.23929712460063898,short
ENSG00000134571,0.0163,0.5137,0.0,0.0,0.1333,0.3485990367909221,0.7213714567915304,0.5,False,False,0.0,0.0,0.0,0.0,0.0,0.0,0,0.0,0.0,0.0,no,MYBPC3,neutral,no,115890,0.3841487617568384,long
ENSG00000134686,0.7216,0.7708,0.15,0.0,0.5592,5.0159592923648695e-08,32.22981775039807,2.1866241472587957e-07,True,False,0.0,0.0,0.0,0.0,0.0,0.0,0,0.0,0.0,0.0,no,PHC2,gene-driven,no,190650,0.21361657487542618,long
ENSG00000134690,0.3127,0.7025,0.15,0.0,0.4194,0.0004647910202895,13.96155098324016,0.0015610199425523,True,False,0.0,0.0,0.0,0.0,0.0,0.0,0,0.0,0.0,0.0,no,CDCA8,gene-driven,no,43190,0.1818244964112063,medium
ENSG00000134716,0.0001,0.2585,0.0,0.0,0.0647,0.5,0.0,0.5,False,False,0.0,0.0,0.0,0.0,0.0,0.0,0,0.0,0.0,0.0,no,CYP2J2,neutral,no,73670,0.16284783493959548,medium
ENSG00000134717,0.0001,0.2585,0.0,0.0,0.0647,0.5,0.0,0.5,False,False,0.0,0.0,0.0,0.0,0.0,0.0,0,0.0,0.0,0.0,no,BTF3L4,neutral,no,18720,0.19006410256410255,short
ENSG00000134780,0.0207,0.531,0.0,0.0,0.1389,0.3157465529811775,0.9193365082901436,0.5,False,False,0.0,0.0,0.0,0.0,0.0,0.0,0,0.0,0.0,0.0,no,DAGLA,neutral,no,171360,0.18417366946778713,long
ENSG00000134802,0.0025,0.4393,0.0,0.0,0.1106,0.4735135038803976,0.1088553338340716,0.5,False,False,0.0,0.0,0.0,0.0,0.0,0.0,0,0.0,0.0,0.0,no,SLC43A3,neutral,no,146620,0.12799754467330515,long
ENSG00000134809,0.4085,0.7191,0.15,0.0,0.4523,5.46067464017308e-05,18.24441188373339,0.0001942875226052,True,False,0.0,0.0,0.0,0.0,0.0,0.0,0,0.0,0.0,0.0,no,TIMM10,gene-driven,no,8100,0.2228395061728395,short
ENSG00000134825,0.4227,0.7218,0.15,0.0,0.4572,3.983378253985537e-05,18.87529603533176,0.0001430564868976,True,False,0.0,0.0,0.0,0.0,0.0,0.0,0,0.0,0.0,0.0,no,TMEM258,gene-driven,no,11370,0.17906772207563765,short
ENSG00000134827,0.0336,0.5726,0.0,0.0,0.1532,0.2364240419417999,1.49796223548401,0.5,False,False,0.0,0.0,0.0,0.0,0.0,0.0,0,0.0,0.0,0.0,no,TCN1,neutral,no,41660,0.16596255400864138,medium
ENSG00000134851,1.0,0.8247,0.15,0.0,0.6562,1.32605593172741e-11,48.7061632495388,7.555328985580912e-11,True,False,0.0,0.0,0.0,0.0,0.0,0.0,0,0.0,0.0,0.0,no,TMEM165,gene-driven,no,30410,0.2559026635975008,short
ENSG00000134874,0.5304,0.7409,0.15,0.0,0.4943,3.586231186680777e-06,23.69052307023958,1.38278402500389e-05,True,False,0.0,0.0,0.0,0.0,0.0,0.0,0,0.0,0.0,0.0,no,DZIP1,gene-driven,no,197280,0.17063057583130575,long
ENSG00000134882,0.0001,0.2585,0.0,0.0,0.0647,0.5,0.0,0.5,False,False,0.0,0.4076,0.0,0.0,0.0,0.1426,1,0.0,0.0,0.0,no,UBAC2,neutral,no,48420,0.3315365551425031,medium
ENSG00000134884,0.0168,0.5175,0.0,0.0,0.1344,0.3445057133327887,0.7449948473245058,0.5,False,False,0.0,0.0,0.0,0.0,0.0,0.0,0,0.0,0.0,0.0,no,ARGLU1,neutral,no,13820,0.3914616497829233,short
ENSG00000134897,1.0,0.9901,0.15,0.0,0.6975,0.0,292.7205950880161,0.0,True,False,0.0,0.0,0.0,0.0,0.0,0.0,0,0.0,0.0,0.0,no,BIVM,gene-driven,no,204700,0.20851001465559355,long
ENSG00000134899,1.0,0.9871,0.15,0.0,0.6968,0.0,261.630270071415,0.0,True,False,0.0,0.0,0.0,0.0,0.0,0.0,0,0.0,0.0,0.0,no,ERCC5,gene-driven,no,171730,0.24852384557153673,long
ENSG00000134900,0.5344,0.7423,0.15,0.0,0.4959,3.281458668513704e-06,23.86815067582938,1.2721726747612757e-05,True,False,0.0,0.0,0.0,0.0,0.0,0.0,0,0.0,0.0,0.0,no,TPP2,gene-driven,no,291610,0.17976063920990365,long
ENSG00000134901,0.0001,0.2585,0.0,0.0,0.0647,0.5,0.0,0.5,False,False,0.0,0.0,0.0,0.0,0.0,0.0,0,0.0,0.0,0.0,no,POGLUT2,neutral,no,69120,0.18858506944444445,medium
ENSG00000134905,1.0,0.9196,0.15,0.0,0.6799,0.0,104.7995376213839,0.0,True,False,0.0,0.0,0.0,0.0,0.0,0.0,0,0.0,0.0,0.0,no,CARS2,gene-driven,no,60300,0.2530679933665008,medium
ENSG00000134917,0.0001,0.2585,0.0,0.0,0.0647,0.5,0.0,0.5,False,False,0.0,0.0,0.0,0.0,0.0,0.0,0,0.0,0.0,0.0,no,ADAMTS8,neutral,no,69630,0.27166451242280626,medium
ENSG00000134940,0.0119,0.4841,0.0,0.0,0.1246,0.3844823222848909,0.5254205727396766,0.5,False,False,0.0,0.0,0.0,0.0,0.0,0.0,0,0.0,0.0,0.0,no,ACRV1,neutral,no,29510,0.21053880040664183,short
ENSG00000134955,0.0001,0.2585,0.0,0.0,0.0647,0.5,0.0,0.5,False,False,0.0,0.0,0.0,0.0,0.0,0.0,0,0.0,0.0,0.0,no,SLC37A2,neutral,no,69280,0.2795178983833718,medium
ENSG00000134962,0.0001,0.2585,0.0,0.0,0.0647,0.5,0.0,0.5,False,False,0.0,0.0,0.0,0.0,0.0,0.0,0,0.0,0.0,0.0,no,KLB,neutral,no,44310,0.34746106973595126,medium
ENSG00000134986,0.0001,0.0444,0.0,0.0,0.0111,0.5,-0.0038215120803215,0.5,False,False,0.0,0.0,0.0,0.0,0.0,0.0,0,0.0,0.0,0.0,no,NREP,neutral,no,43100,0.10691415313225058,medium
ENSG00000134987,0.0001,0.047,0.0,0.0,0.0118,0.5,-0.0036722024306072,0.5,False,False,0.0,0.4076,0.0,0.0,0.0,0.1426,1,0.0,0.0,0.0,no,WDR36,neutral,no,82760,0.1819840502658289,long
ENSG00000134996,0.0001,0.3947,0.0,0.0,0.0987,0.4999999999995453,1.818989403545856e-12,0.5,False,False,0.0,0.0,0.0,0.0,0.0,0.0,0,0.0,0.0,0.0,no,OSTF1,neutral,no,20970,0.22813543156890798,short
ENSG00000135002,0.263,0.6912,0.15,0.0,0.4017,0.0014098572416599,11.74223929251912,0.0045625438646823,True,False,0.0,0.0,0.0,0.0,0.0,0.0,0,0.0,0.0,0.0,no,RFK,gene-driven,no,8810,0.25096481271282634,short
ENSG00000135040,0.0136,0.4926,0.0,0.0,0.1272,0.3702016395736004,0.6011205387767404,0.5,False,False,0.0,0.0,0.0,0.0,0.0,0.0,0,0.0,0.0,0.0,no,NAA35,neutral,no,152270,0.1324423721021869,long
ENSG00000135047,0.0244,0.5416,0.0,0.0,0.1427,0.2902953180916016,1.087418710623751,0.5,False,False,0.0,0.0,0.0,0.0,0.0,0.0,0,0.0,0.0,0.0,no,CTSL,neutral,no,213330,0.07074485538836545,long
ENSG00000135063,0.0001,0.2585,0.0,0.0,0.0647,0.5,0.0,0.5,False,False,0.0,0.0,0.0,0.0,0.0,0.0,0,0.0,0.0,0.0,no,ENTREP1,neutral,no,71860,0.20790425827998887,medium
ENSG00000135070,0.3697,0.7141,0.15,0.0,0.4394,0.0001298814893,16.51148192709661,0.0004539919380032,True,False,0.0,0.0,0.0,0.0,0.0,0.0,0,0.0,0.0,0.0,no,ISCA1,gene-driven,no,17320,0.201270207852194,short
ENSG00000135083,0.6642,0.762,0.15,0.0,0.5397,1.809978951161639e-07,29.66326650886549,7.59732936968607e-07,True,False,0.0,0.0,0.0,0.0,0.0,0.0,0,0.0,0.0,0.0,no,CCNJL,gene-driven,no,99320,0.1963753523962948,long
ENSG00000135093,0.1632,0.6649,0.15,0.0,0.3652,0.0130787872625354,7.287232947350276,0.03900113180087,True,False,0.0,0.0,0.0,0.0,0.0,0.0,0,0.0,0.0,0.0,no,USP30,gene-driven,no,60320,0.2051392572944297,medium
ENSG00000135100,1.0,0.929,0.15,0.0,0.6823,0.0,113.3219100474453,0.0,True,False,0.0,0.0,0.0,0.0,0.0,0.0,0,0.0,0.0,0.0,no,HNF1A,gene-driven,no,159810,0.2670233402165071,long
ENSG00000135111,0.163,0.6647,0.15,0.0,0.3651,0.0131506339640767,7.276276261633029,0.0391918833656788,True,False,0.0,0.0,0.0,0.0,0.0,0.0,0,0.0,0.0,0.0,no,TBX3,gene-driven,no,58410,0.4180619756890943,medium
ENSG00000135114,0.0005,0.4146,0.0,0.0,0.1038,0.4956772222448466,0.0173662902743672,0.5,False,False,0.0,0.0,0.0,0.0,0.0,0.0,0,0.0,0.0,0.0,no,OASL,neutral,no,88310,0.20572981542294191,long
ENSG00000135119,1.0,0.9837,0.15,0.0,0.6959,0.0,229.85573093118,0.0,True,False,0.0,0.0,0.0,0.0,0.0,0.0,0,0.0,0.0,0.0,no,RNFT2,gene-driven,no,81240,0.2647587395371738,long
ENSG00000135144,0.0358,0.5774,0.0,0.0,0.1551,0.2250862358419031,1.596248998350347,0.5,False,False,0.0,0.4076,0.0,0.0,0.0,0.1426,1,0.0,0.0,0.0,no,DTX1,neutral,no,50620,0.26092453575661795,medium
ENSG00000135148,0.0001,0.2585,0.0,0.0,0.0647,0.5,0.0,0.5,False,False,0.0,0.0,0.0,0.0,0.0,0.0,0,0.0,0.0,0.0,no,TRAFD1,neutral,no,86040,0.19571129707112972,long
ENSG00000135185,0.0001,0.2585,0.0,0.0,0.0647,0.5,0.0,0.5,False,False,0.0,0.0,0.0,0.0,0.0,0.0,0,0.0,0.0,0.0,no,TMEM243,neutral,no,13220,0.21777609682299545,short
ENSG00000135211,0.0001,0.2585,0.0,0.0,0.0647,0.5,0.0,0.5,False,False,0.0,0.0,0.0,0.0,0.0,0.0,0,0.0,0.0,0.0,no,TMEM60,neutral,no,3990,0.4218045112781955,short
ENSG00000135222,0.2166,0.6793,0.15,0.0,0.3848,0.003968482070649,9.672448853703829,0.0123679384833385,True,False,0.0,0.0,0.0,0.0,0.0,0.0,0,0.0,0.0,0.0,no,CSN2,gene-driven,no,8860,0.3822799097065463,short
ENSG00000135312,0.0001,0.2585,0.0,0.0,0.0647,0.5,0.0,0.5,False,False,0.0,0.0,0.0,0.0,0.0,0.0,0,0.0,0.0,0.0,no,HTR1B,neutral,no,11730,0.573998294970162,short
ENSG00000135316,1.0,0.997,0.15,0.0,0.6992,0.0,388.5146365837863,0.0,True,False,0.0,0.0,0.0,0.0,0.0,0.0,0,0.0,0.0,0.0,no,,gene-driven,no,346710,0.08362608520088835,long
ENSG00000135333,0.0001,0.2585,0.0,0.0,0.0647,0.5,0.0,0.5,False,False,0.0,0.4076,0.0,0.0,0.0,0.1426,1,0.0,0.0,0.0,no,EPHA7,neutral,no,217080,0.13525889073152755,long
ENSG00000135334,0.4299,0.7244,0.15,0.0,0.4601,3.388088003025702e-05,19.19902506618018,0.0001228305373691,True,False,0.0,0.0,0.0,0.0,0.0,0.0,0,0.0,0.0,0.0,no,AKIRIN2,gene-driven,no,20180,0.24425173439048564,short
ENSG00000135338,0.9034,0.7957,0.15,0.0,0.6199,8.657590200300547e-10,40.34853472585019,4.2321398641633605e-09,True,False,0.0,0.0,0.0,0.0,0.0,0.0,0,0.0,0.0,0.0,no,LCA5,gene-driven,no,71830,0.16018376722817765,medium
ENSG00000135341,0.0001,0.0951,0.0,0.0,0.0238,0.5,-0.0003993724822066,0.5,False,False,0.0,0.4076,0.0,0.0,0.0,0.1426,1,0.0,0.0,0.0,no,MAP3K7,neutral,no,189830,0.15385871569298845,long
ENSG00000135355,0.0001,0.2585,0.0,0.0,0.0647,0.5,0.0,0.5,False,False,0.0,0.0,0.0,0.0,0.0,0.0,0,0.0,0.0,0.0,no,GJA10,neutral,no,32640,0.23967524509803922,short
ENSG00000135363,1.0,0.9445,0.15,0.0,0.6861,0.0,128.0638395109982,0.0,True,False,0.0,0.4076,0.0,0.0,0.0,0.1426,1,0.0,0.0,0.0,no,LMO2,gene-driven,no,34120,0.25504103165298947,medium
ENSG00000135365,1.0,0.968,0.15,0.0,0.692,0.0,174.2515594449651,0.0,True,False,0.0,0.0,0.0,0.0,0.0,0.0,0,0.0,0.0,0.0,no,PHF21A,gene-driven,no,196990,0.23317934920554342,long
ENSG00000135374,0.0051,0.456,0.0,0.0,0.1155,0.4472700027897313,0.2228913061408093,0.5,False,False,0.0,0.0,0.0,0.0,0.0,0.0,0,0.0,0.0,0.0,no,ELF5,neutral,no,44450,0.23860517435320586,medium
ENSG00000135407,0.8097,0.7821,0.15,0.0,0.5884,7.015008185451421e-09,36.16413354942779,3.215912508242891e-08,True,False,0.0,0.0,0.0,0.0,0.0,0.0,0,0.0,0.0,0.0,no,AVIL,gene-driven,no,55130,0.2650281153636858,medium
ENSG00000135413,0.5729,0.7501,0.15,0.0,0.5094,1.388716020789271e-06,25.58796756653192,5.55263142074424e-06,True,False,0.0,0.0,0.0,0.0,0.0,0.0,0,0.0,0.0,0.0,no,LACRT,gene-driven,no,12340,0.21564019448946514,short
ENSG00000135452,0.9265,0.8006,0.15,0.0,0.6281,5.158719007525292e-10,41.3840310035157,2.584035079902397e-09,True,False,0.0,0.0,0.0,0.0,0.0,0.0,0,0.0,0.0,0.0,no,TSPAN31,gene-driven,no,32730,0.25853956614726553,short
ENSG00000135457,0.9711,0.8086,0.15,0.0,0.6435,1.905635649279702e-10,43.37577619971853,9.946098341571076e-10,True,False,0.0,0.0,0.0,0.0,0.0,0.0,0,0.0,0.0,0.0,no,TFCP2,gene-driven,no,112840,0.194549805033676,long
ENSG00000135480,0.9393,0.804,0.15,0.0,0.6328,3.87758603004329e-10,41.95498177365516,1.976138618179849e-09,True,False,0.0,0.0,0.0,0.0,0.0,0.0,0,0.0,0.0,0.0,no,KRT7,gene-driven,no,40500,0.3428395061728395,medium
ENSG00000135517,0.0001,0.2585,0.0,0.0,0.0647,0.5,0.0,0.5,False,False,0.0,0.0,0.0,0.0,0.0,0.0,0,0.0,0.0,0.0,no,MIP,neutral,no,12180,0.3738095238095238,short
ENSG00000135519,1.0,0.843,0.15,0.0,0.6607,2.577382751667301e-13,56.587548876254,1.6393736325822448e-12,True,False,0.0,0.0,0.0,0.0,0.0,0.0,0,0.0,0.0,0.0,no,KCNH3,gene-driven,no,87400,0.2872997711670481,long
ENSG00000135521,0.2175,0.6801,0.15,0.0,0.3853,0.003889244826039,9.712786183627031,0.0121514470883909,True,False,0.0,0.0,0.0,0.0,0.0,0.0,0,0.0,0.0,0.0,no,LTV1,gene-driven,no,55600,0.20221223021582735,medium
ENSG00000135525,0.4404,0.7258,0.15,0.0,0.4636,2.681050642111549e-05,19.66713907224766,9.769630691474612e-05,True,False,0.0,0.0,0.0,0.0,0.0,0.0,0,0.0,0.0,0.0,no,MAP7,gene-driven,no,233410,0.2474015680562101,long
ENSG00000135535,1.0,0.8667,0.15,0.0,0.6667,7.2164496600635185e-16,68.29477730003418,5.405816356800593e-15,True,False,0.0,0.0,0.0,0.0,0.0,0.0,0,0.0,0.0,0.0,no,CD164,gene-driven,no,40970,0.30302660483280447,medium
ENSG00000135547,0.0001,0.111,0.0,0.0,0.0278,0.5,-4.172461012785789e-05,0.5,False,False,0.0,0.0,0.0,0.0,0.0,0.0,0,0.0,0.0,0.0,no,HEY2,neutral,no,23850,0.34935010482180295,short
ENSG00000135549,0.5619,0.7479,0.15,0.0,0.5055,1.777509479050643e-06,25.09430032393539,7.044886174340955e-06,True,False,0.0,0.0,0.0,0.0,0.0,0.0,0,0.0,0.0,0.0,no,PKIB,gene-driven,no,23990,0.17736556898707795,short
ENSG00000135569,0.0116,0.4831,0.0,0.0,0.1243,0.3868138605544182,0.5133290031299111,0.5,False,False,0.0,0.0,0.0,0.0,0.0,0.0,0,0.0,0.0,0.0,no,TAAR5,neutral,no,15830,0.33095388502842704,short
ENSG00000135577,0.0001,0.2585,0.0,0.0,0.0647,0.5,0.0,0.5,False,False,0.0,0.0,0.0,0.0,0.0,0.0,0,0.0,0.0,0.0,no,NMBR,neutral,no,25760,0.24623447204968943,short
ENSG00000135604,0.3015,0.7002,0.15,0.0,0.4155,0.0005964795595488,13.46263680763332,0.0019885317219813,True,False,0.0,0.0,0.0,0.0,0.0,0.0,0,0.0,0.0,0.0,no,STX11,gene-driven,no,36760,0.22151795429815016,medium
ENSG00000135605,1.0,0.9166,0.15,0.0,0.6791,0.0,102.4255886207393,0.0,True,False,0.0,0.0,0.0,0.0,0.0,0.0,0,0.0,0.0,0.0,no,TEC,gene-driven,no,162250,0.11670878274268105,long
ENSG00000135617,0.0166,0.5161,0.0,0.0,0.134,0.3460012559328771,0.7363313869682315,0.5,False,False,0.0,0.0,0.0,0.0,0.0,0.0,0,0.0,0.0,0.0,no,,neutral,no,18000,0.2970555555555556,short
ENSG00000135624,0.0001,0.0454,0.0,0.0,0.0114,0.5,-0.0037902653275523,0.5,False,False,0.0,0.0,0.0,0.0,0.0,0.0,0,0.0,0.0,0.0,no,CCT7,neutral,no,137390,0.23919499235752237,long
ENSG00000135625,0.6845,0.765,0.15,0.0,0.5466,1.149343633599642e-07,30.5715148886793,4.886183960277452e-07,True,False,0.0,0.0,0.0,0.0,0.0,0.0,0,0.0,0.0,0.0,no,EGR4,gene-driven,no,33730,0.38704417432552624,medium
ENSG00000135631,0.0001,0.2585,0.0,0.0,0.0647,0.5,0.0,0.5,False,False,0.0,0.0,0.0,0.0,0.0,0.0,0,0.0,0.0,0.0,no,RAB11FIP5,neutral,no,217280,0.17611837260677468,long
ENSG00000135677,1.0,0.9341,0.15,0.0,0.6835,0.0,116.8985811339226,0.0,True,False,0.0,0.0,0.0,0.0,0.0,0.0,0,0.0,0.0,0.0,no,GNS,gene-driven,no,99510,0.2713596623454929,long
ENSG00000135678,0.0202,0.5296,0.0,0.0,0.1384,0.3192108463951972,0.8975125069191563,0.5,False,False,0.0,0.4076,0.0,0.0,0.0,0.1426,1,0.0,0.0,0.0,no,CPM,neutral,no,65110,0.11913684533865766,medium
ENSG00000135744,1.0,0.8924,0.15,0.0,0.6731,0.0,82.54372406738548,0.0,True,False,0.0,0.0,0.0,0.0,0.0,0.0,0,0.0,0.0,0.0,no,AGT,gene-driven,no,130610,0.14127555317357018,long
ENSG00000135750,0.0001,0.2585,0.0,0.0,0.0647,0.5,0.0,0.5,False,False,0.0,0.0,0.0,0.0,0.0,0.0,0,0.0,0.0,0.0,no,KCNK1,neutral,no,22660,0.3588261253309797,short
ENSG00000135773,0.0177,0.5227,0.0,0.0,0.136,0.3371628826805003,0.7880839068311616,0.5,False,False,0.0,0.0,0.0,0.0,0.0,0.0,0,0.0,0.0,0.0,no,CAPN9,neutral,no,127980,0.2384903891233005,long
ENSG00000135775,1.0,0.8265,0.15,0.0,0.6566,1.054561993285574e-11,49.16432168203755,6.071054808567646e-11,True,False,0.0,0.0,0.0,0.0,0.0,0.0,0,0.0,0.0,0.0,no,COG2,gene-driven,no,104900,0.14918017159199237,long
ENSG00000135776,0.0001,0.2585,0.0,0.0,0.0647,0.5,0.0,0.5,False,False,0.0,0.0,0.0,0.0,0.0,0.0,0,0.0,0.0,0.0,no,ABCB10,neutral,no,81780,0.20272682807532405,long
ENSG00000135778,0.0001,0.0344,0.0,0.0,0.0086,0.5,-0.005016914126827,0.5,False,False,0.0,0.0,0.0,0.0,0.0,0.0,0,0.0,0.0,0.0,no,NTPCR,neutral,no,19740,0.2936676798378926,short
ENSG00000135801,0.0676,0.6202,0.0,0.0,0.1753,0.1106911132408244,3.015729079215816,0.2913108980210902,False,False,0.0,0.0,0.0,0.0,0.0,0.0,0,0.0,0.0,0.0,no,TAF5L,neutral,no,78410,0.17375334778727203,medium
ENSG00000135823,0.0001,0.2585,0.0,0.0,0.0647,0.5,0.0,0.5,False,False,0.0,0.0,0.0,0.0,0.0,0.0,0,0.0,0.0,0.0,no,STX6,neutral,no,32490,0.2088027085257002,short
ENSG00000135824,1.0,0.8677,0.15,0.0,0.6669,6.661338147750939e-16,68.54976109374547,5.0050598107119605e-15,True,False,0.0,0.0,0.0,0.0,0.0,0.0,0,0.0,0.0,0.0,no,RGS8,gene-driven,no,41910,0.23175853018372702,medium
ENSG00000135828,0.0001,0.2585,0.0,0.0,0.0647,0.5,0.0,0.5,False,False,0.0,0.0,0.0,0.0,0.0,0.0,0,0.0,0.0,0.0,no,RNASEL,neutral,no,67050,0.27416853094705446,medium
ENSG00000135829,0.0001,0.0643,0.0,0.0,0.0161,0.5,-0.0019285423040855,0.5,False,False,0.0,0.0,0.0,0.0,0.0,0.0,0,0.0,0.0,0.0,no,DHX9,neutral,no,111030,0.2126632441682428,long
ENSG00000135838,1.0,0.8699,0.15,0.0,0.6675,3.33066907387547e-16,69.79055029201118,2.556596909484041e-15,True,False,0.0,0.0,0.0,0.0,0.0,0.0,0,0.0,0.0,0.0,no,NPL,gene-driven,no,72190,0.22625017315417648,medium
ENSG00000135845,0.0001,0.2585,0.0,0.0,0.0647,0.5,0.0,0.5,False,False,0.0,0.0,0.0,0.0,0.0,0.0,0,0.0,0.0,0.0,no,PIGC,neutral,no,17820,0.29186307519640853,short
ENSG00000135870,0.0001,0.0412,0.0,0.0,0.0103,0.5,-0.0041513949108775,0.5,False,False,0.0,0.0,0.6087,0.0,0.0,0.213,0,1.3799530410505585,0.0,0.0,no,RC3H1,neutral,no,140050,0.18432702606212067,long
ENSG00000135900,0.0004,0.4097,0.0,0.0,0.1025,0.497239588073458,0.0110722398494544,0.5,False,False,0.0,0.0,0.0,0.0,0.0,0.0,0,0.0,0.0,0.0,no,MRPL44,neutral,no,20840,0.25129558541266794,short
ENSG00000135902,0.0001,0.2585,0.0,0.0,0.0647,0.5,0.0,0.5,False,False,0.0,0.0,0.0,0.0,0.0,0.0,0,0.0,0.0,0.0,no,CHRND,neutral,no,51930,0.33778162911611787,medium
ENSG00000135903,0.1457,0.6582,0.075,0.0,0.2833,0.0193479161540336,6.504046754191222,0.0565764461788144,False,False,0.0,0.4076,0.0,0.0,0.0,0.1426,1,0.0,0.0,0.0,no,PAX3,neutral,no,108310,0.234641307358508,long
ENSG00000135913,0.0001,0.2585,0.0,0.0,0.0647,0.5,0.0,0.5,False,False,0.0,0.0,0.0,0.0,0.0,0.0,0,0.0,0.0,0.0,no,USP37,neutral,no,227200,0.19808978873239436,long
ENSG00000135914,0.0001,0.2585,0.0,0.0,0.0647,0.5,0.0,0.5,False,False,0.0,0.0,0.0,0.0,0.0,0.0,0,0.0,0.0,0.0,no,HTR2B,neutral,no,35510,0.19594480428048436,medium
ENSG00000135916,0.0001,0.2585,0.0,0.0,0.0647,0.5,0.0,0.5,False,False,0.0,0.0,0.0,0.0,0.0,0.0,0,0.0,0.0,0.0,no,ITM2C,neutral,no,69890,0.27205608813850335,medium
ENSG00000135925,0.0001,0.0728,0.0,0.0,0.0182,0.5,-0.0013131394262018,0.5,False,False,0.0,0.0,0.0,0.0,0.0,0.0,0,0.0,0.0,0.0,no,WNT10A,neutral,no,20190,0.4297176820208024,short
ENSG00000135932,0.0046,0.4522,0.0,0.0,0.1144,0.4526111369877432,0.1991495176607714,0.5,False,False,0.0,0.0,0.0,0.0,0.0,0.0,0,0.0,0.0,0.0,no,CAB39,neutral,no,31930,0.19921703726902598,short
ENSG00000135940,0.0328,0.571,0.0,0.0,0.1526,0.2410803197713283,1.458955886681451,0.5,False,False,0.0,0.0,0.0,0.0,0.0,0.0,0,0.0,0.0,0.0,no,COX5B,neutral,no,5460,0.46007326007326005,short
ENSG00000135953,0.0912,0.6371,0.0,0.0,0.1866,0.0653622576083162,4.069326214776083,0.1799305009529858,False,False,0.0,0.0,0.0,0.0,0.0,0.0,0,0.0,0.0,0.0,no,MFSD9,neutral,no,66630,0.2240432237730752,medium
ENSG00000135956,0.0001,0.2585,0.0,0.0,0.0647,0.5,0.0,0.5,False,False,0.0,0.0,0.0,0.0,0.0,0.0,0,0.0,0.0,0.0,no,TMEM127,neutral,no,18900,0.2735978835978836,short
ENSG00000135960,0.2036,0.6757,0.15,0.0,0.38,0.005313831070115,9.088590082465087,0.0163760816250012,True,False,0.0,0.0,0.0,0.0,0.0,0.0,0,0.0,0.0,0.0,no,EDAR,gene-driven,no,80200,0.234713216957606,long
ENSG00000135966,0.0012,0.4286,0.0,0.0,0.1075,0.487647924949077,0.0500288364346488,0.5,False,False,0.0,0.4076,0.0,0.0,0.0,0.1426,1,0.0,0.0,0.0,no,TGFBRAP1,neutral,no,102350,0.237743038593063,long
ENSG00000135974,0.0011,0.4268,0.0,0.0,0.107,0.4888482148430124,0.0451121124478959,0.5,False,False,0.0,0.0,0.0,0.0,0.0,0.0,0,0.0,0.0,0.0,no,C2orf49,neutral,no,28030,0.21566179093828042,short
ENSG00000136011,0.0001,0.2585,0.0,0.0,0.0647,0.5,0.0,0.5,False,False,0.0,0.0,0.0,0.0,0.0,0.0,0,0.0,0.0,0.0,no,,neutral,no,376560,0.15483853834714256,long
ENSG00000136044,1.0,0.9475,0.15,0.0,0.6869,0.0,131.5461677683343,0.0,True,False,0.0,0.0,0.0,0.0,0.0,0.0,0,0.0,0.0,0.0,no,APPL2,gene-driven,no,93310,0.23207587611188513,long
ENSG00000136048,0.2989,0.6996,0.15,0.0,0.4146,0.0006315933467144,13.34823525829597,0.0021013680980317,True,False,0.0,0.0,0.0,0.0,0.0,0.0,0,0.0,0.0,0.0,no,DRAM1,gene-driven,no,22840,0.2432136602451839,short
ENSG00000136099,0.0001,0.2585,0.0,0.0,0.0647,0.5,0.0,0.5,False,False,0.0,0.0,0.0,0.0,0.0,0.0,0,0.0,0.0,0.0,no,PCDH8,neutral,no,102720,0.30415693146417444,long
ENSG00000136122,0.3588,0.7113,0.15,0.0,0.4355,0.0001657034602353,16.02432714142196,0.0005735622903345,True,False,0.0,0.0,0.0,0.0,0.0,0.0,0,0.0,0.0,0.0,no,BORA,gene-driven,no,111030,0.18322075114833827,long
ENSG00000136143,0.7106,0.769,0.15,0.0,0.5554,6.41966048098297e-08,31.73633666389651,2.7766427158616776e-07,True,False,0.0,0.0,0.0,0.0,0.0,0.0,0,0.0,0.0,0.0,no,SUCLA2,gene-driven,no,114860,0.09806721225840154,long
ENSG00000136144,0.0001,0.2585,0.0,0.0,0.0647,0.5,0.0,0.5,False,False,0.0,0.0,0.0,0.0,0.0,0.0,0,0.0,0.0,0.0,no,RCBTB1,neutral,no,33020,0.2728043609933374,medium
ENSG00000136147,0.0001,0.2585,0.0,0.0,0.0647,0.5,0.0,0.5,False,False,0.0,0.0,0.0,0.0,0.0,0.0,0,0.0,0.0,0.0,no,PHF11,neutral,no,69510,0.10817148611710545,medium
ENSG00000136155,0.0486,0.5975,0.0,0.0,0.164,0.1691188932458387,2.16801224082883,0.4199687344007997,False,False,0.0,0.0,0.0,0.0,0.0,0.0,0,0.0,0.0,0.0,no,SCEL,neutral,no,218060,0.14406126754104376,long
ENSG00000136158,0.0001,0.2585,0.0,0.0,0.0647,0.5,0.0,0.5,False,False,0.0,0.0,0.0,0.0,0.0,0.0,0,0.0,0.0,0.0,no,SPRY2,neutral,no,47250,0.16687830687830688,medium
ENSG00000136159,0.0001,0.0848,0.0,0.0,0.0212,0.5,-0.0007575783047286,0.5,False,False,0.0,0.0,0.0,0.0,0.0,0.0,0,0.0,0.0,0.0,no,NUDT15,neutral,no,5330,0.44840525328330205,short
ENSG00000136160,0.2128,0.6779,0.15,0.0,0.3833,0.0043188361305811,9.503244293468017,0.0134010548431133,True,False,0.0,0.0,0.0,0.0,0.0,0.0,0,0.0,0.0,0.0,no,EDNRB,gene-driven,no,106330,0.14528355120850184,long
ENSG00000136161,0.0034,0.4451,0.0,0.0,0.1123,0.4645364372400063,0.1471361984731629,0.5,False,False,0.0,0.0,0.0,0.0,0.0,0.0,0,0.0,0.0,0.0,no,RCBTB2,neutral,no,149820,0.23059004138299294,long
ENSG00000136169,0.0001,0.2585,0.0,0.0,0.0647,0.5,0.0,0.5,False,False,0.0,0.0,0.0,0.0,0.0,0.0,0,0.0,0.0,0.0,no,SETDB2,neutral,no,142190,0.17815598846613687,long
ENSG00000136193,0.0001,0.2585,0.0,0.0,0.0647,0.5,0.0,0.5,False,False,0.0,0.0,0.0,0.0,0.0,0.0,0,0.0,0.0,0.0,no,SCRN1,neutral,no,102270,0.17930967048010168,long
ENSG00000136197,1.0,0.9077,0.15,0.0,0.6769,0.0,94.15036695293384,0.0,True,False,0.0,0.0,0.0,0.0,0.0,0.0,0,0.0,0.0,0.0,no,C7orf25,gene-driven,no,53670,0.17698900689398175,medium
ENSG00000136231,0.0001,0.1122,0.0,0.0,0.0281,0.5,-2.817617496475577e-05,0.5,False,False,0.0,0.0,0.0,0.0,0.0,0.0,0,0.0,0.0,0.0,no,IGF2BP3,neutral,no,71760,0.15139353400222966,medium
ENSG00000136235,1.0,0.8906,0.15,0.0,0.6727,0.0,81.45807125325518,0.0,True,False,0.0,0.0,0.0,0.0,0.0,0.0,0,0.0,0.0,0.0,no,GPNMB,gene-driven,no,86040,0.21725941422594142,long
ENSG00000136240,0.0001,0.2585,0.0,0.0,0.0647,0.5,0.0,0.5,False,False,0.0,0.0,0.0,0.0,0.0,0.0,0,0.0,0.0,0.0,no,KDELR2,neutral,no,24410,0.22822613682916837,short
ENSG00000136267,0.7285,0.7718,0.15,0.0,0.5615,4.305391509973333e-08,32.5353309733764,1.88512476853938e-07,True,False,0.0,0.4076,0.0,0.0,0.0,0.1426,1,0.0,0.0,0.0,no,DGKB,gene-driven,no,149900,0.193815877251501,long
ENSG00000136270,0.5339,0.7419,0.15,0.0,0.4956,3.320064464296113e-06,23.84475835550984,1.2851362369967987e-05,True,False,0.0,0.0,0.0,0.0,0.0,0.0,0,0.0,0.0,0.0,no,TBRG4,gene-driven,no,165350,0.197665557907469,long
ENSG00000136274,0.0001,0.2585,0.0,0.0,0.0647,0.5,0.0,0.5,False,False,0.0,0.0,0.0,0.0,0.0,0.0,0,0.0,0.0,0.0,no,NACAD,neutral,no,215520,0.20388827023014106,long
ENSG00000136286,0.0158,0.5105,0.0,0.0,0.1324,0.3518793150116903,0.7026396733417641,0.5,False,False,0.0,0.0,0.0,0.0,0.0,0.0,0,0.0,0.0,0.0,no,MYO1G,neutral,no,126050,0.2852360174533915,long
ENSG00000136297,0.0705,0.622,0.0,0.0,0.1767,0.1038229988791267,3.143841165743652,0.2745431134634643,False,False,0.0,0.0,0.0,0.0,0.0,0.0,0,0.0,0.0,0.0,no,MMD2,neutral,no,42970,0.24384454270421224,medium
ENSG00000136327,0.0198,0.5283,0.0,0.0,0.138,0.3217729383768957,0.8815239238233517,0.5,False,False,0.0,0.0,0.0,0.0,0.0,0.0,0,0.0,0.0,0.0,no,NKX2-8,neutral,no,9180,0.5369281045751634,short
ENSG00000136352,1.0,0.9648,0.15,0.0,0.6912,0.0,163.4510165812026,0.0,True,False,0.0,0.0,0.0,0.0,0.0,0.0,0,0.0,0.0,0.0,no,NKX2-1,gene-driven,no,52370,0.26687034561772005,medium
ENSG00000136514,0.0001,0.2585,0.0,0.0,0.0647,0.5,0.0,0.5,False,False,0.0,0.0,0.0,0.0,0.0,0.0,0,0.0,0.0,0.0,no,RTP4,neutral,no,8930,0.4110862262038074,short
ENSG00000136518,0.0001,0.2585,0.0,0.0,0.0647,0.5,0.0,0.5,False,False,0.0,0.0,0.0,0.0,0.0,0.0,0,0.0,0.0,0.0,no,ACTL6A,neutral,no,43410,0.24987330108269984,medium
ENSG00000136522,0.0144,0.5004,0.0,0.0,0.1294,0.3634131804552147,0.6381353465421853,0.5,False,False,0.0,0.0,0.0,0.0,0.0,0.0,0,0.0,0.0,0.0,no,,neutral,no,23490,0.2147722435078757,short
ENSG00000136542,0.0001,0.2585,0.0,0.0,0.0647,0.5,0.0,0.5,False,False,0.0,0.0,0.0,0.0,0.0,0.0,0,0.0,0.0,0.0,no,GALNT5,neutral,no,90190,0.18498724914070297,long
ENSG00000136573,0.0048,0.4536,0.0,0.0,0.1148,0.4498344239284442,0.2114570603735046,0.5,False,False,0.0,0.0,0.0,0.0,0.0,0.0,0,0.0,0.0,0.0,no,BLK,neutral,no,84660,0.1883061658398299,long
ENSG00000136634,1.0,0.8496,0.15,0.0,0.6624,4.840572387365683e-14,59.93261709564285,3.2145536788727524e-13,True,False,0.0,0.0,0.0,0.0,0.0,0.0,0,0.0,0.0,0.0,no,IL10,gene-driven,no,20960,0.18282442748091604,short
ENSG00000136689,0.0001,0.2585,0.0,0.0,0.0647,0.5,0.0,0.5,False,False,0.0,0.0,0.0,0.0,0.0,0.0,0,0.0,0.0,0.0,no,IL1RN,neutral,no,49780,0.19636400160707113,medium
ENSG00000136697,0.4613,0.7294,0.15,0.0,0.4707,1.679314399632981e-05,20.60278533959308,6.2011208788229e-05,True,False,0.0,0.0,0.0,0.0,0.0,0.0,0,0.0,0.0,0.0,no,IL1F10,gene-driven,no,9660,0.28747412008281575,short
ENSG00000136698,1.0,0.8663,0.15,0.0,0.6666,7.771561172376097e-16,68.1968472697663,5.795464058680465e-15,True,False,0.0,0.0,0.0,0.0,0.0,0.0,0,0.0,0.0,0.0,no,CFC1,gene-driven,no,32400,0.30651234567901237,short
ENSG00000136720,0.0001,0.2585,0.0,0.0,0.0647,0.5,0.0,0.5,False,False,0.0,0.0,0.0,0.0,0.0,0.0,0,0.0,0.0,0.0,no,HS6ST1,neutral,no,38690,0.24300852933574568,medium
ENSG00000136750,0.0042,0.4501,0.0,0.0,0.1138,0.456115662848759,0.1837233489350183,0.5,False,False,0.0,0.0,0.0,0.0,0.0,0.0,0,0.0,0.0,0.0,no,GAD2,neutral,no,81430,0.24446764091858036,long
ENSG00000136754,0.1564,0.6624,0.15,0.0,0.3625,0.0152430750378258,6.980965588867548,0.0451303900227058,True,False,0.0,0.0,0.0,0.0,0.0,0.0,0,0.0,0.0,0.0,no,ABI1,gene-driven,no,185690,0.25041736227045075,long
ENSG00000136770,0.0128,0.4885,0.0,0.0,0.126,0.3766080560307478,0.566806181865104,0.5,False,False,0.0,0.0,0.0,0.0,0.0,0.0,0,0.0,0.0,0.0,no,DNAJC1,neutral,no,47160,0.2060220525869381,medium
ENSG00000136802,0.0001,0.2585,0.0,0.0,0.0647,0.5,0.0,0.5,False,False,0.0,0.0,0.0,0.0,0.0,0.0,0,0.0,0.0,0.0,no,LRRC8A,neutral,no,78360,0.23970137825421134,medium
ENSG00000136813,1.0,0.9304,0.15,0.0,0.6826,0.0,114.1020838345867,0.0,True,False,0.0,0.0,0.0,0.0,0.0,0.0,0,0.0,0.0,0.0,no,,gene-driven,no,361420,0.20673454706435726,long
ENSG00000136827,0.0001,0.2585,0.0,0.0,0.0647,0.5,0.0,0.5,False,False,0.0,0.0,0.0,0.0,0.0,0.0,0,0.0,0.0,0.0,no,TOR1A,neutral,no,50660,0.17502960915909987,medium
ENSG00000136830,0.0335,0.572,0.0,0.0,0.153,0.2372491757975875,1.490994269726798,0.5,False,False,0.0,0.0,0.0,0.0,0.0,0.0,0,0.0,0.0,0.0,no,NIBAN2,neutral,no,92910,0.3245183510924551,long
ENSG00000136856,1.0,0.8669,0.15,0.0,0.6667,7.2164496600635185e-16,68.29758014414256,5.405816356800593e-15,True,False,0.0,0.0,0.0,0.0,0.0,0.0,0,0.0,0.0,0.0,no,SLC2A8,gene-driven,no,96090,0.2158289103965033,long
ENSG00000136859,0.0001,0.0495,0.0,0.0,0.0124,0.5,-0.0033055840485758,0.5,False,False,0.0,0.0,0.0,0.0,0.0,0.0,0,0.0,0.0,0.0,no,ANGPTL2,neutral,no,27140,0.33316138540899043,short
ENSG00000136866,1.0,0.8671,0.15,0.0,0.6668,6.661338147750939e-16,68.43649408059355,5.0050598107119605e-15,True,False,0.0,0.0,0.0,0.0,0.0,0.0,0,0.0,0.0,0.0,no,ZFP37,gene-driven,no,74550,0.15648558014755198,medium
ENSG00000136869,0.0001,0.2585,0.0,0.0,0.0647,0.5,0.0,0.5,False,False,0.0,0.0,0.0,0.0,0.0,0.0,0,0.0,0.0,0.0,no,TLR4,neutral,no,95930,0.16532888564578338,long
ENSG00000136870,0.3154,0.7029,0.15,0.0,0.4203,0.0004372911279107,14.08352841515807,0.0014706464301744,True,False,0.0,0.0,0.0,0.0,0.0,0.0,0,0.0,0.0,0.0,no,ZNF189,gene-driven,no,57580,0.23879819381729767,medium
ENSG00000136872,0.0299,0.5591,0.0,0.0,0.1488,0.2569027301730921,1.331821133873746,0.5,False,False,0.0,0.0,0.0,0.0,0.0,0.0,0,0.0,0.0,0.0,no,ALDOB,neutral,no,73150,0.18652084757347914,medium
ENSG00000136875,0.001,0.4244,0.0,0.0,0.1064,0.49017990490849,0.0396712436522648,0.5,False,False,0.0,0.0,0.0,0.0,0.0,0.0,0,0.0,0.0,0.0,no,PRPF4,neutral,no,41260,0.30402326708676686,medium
ENSG00000136881,1.0,0.8812,0.15,0.0,0.6703,0.0,74.87058981326481,0.0,True,False,0.0,0.0,0.0,0.0,0.0,0.0,0,0.0,0.0,0.0,no,BAAT,gene-driven,no,57990,0.16307984135195724,medium
ENSG00000136897,0.0001,0.2585,0.0,0.0,0.0647,0.5,0.0,0.5,False,False,0.0,0.0,0.0,0.0,0.0,0.0,0,0.0,0.0,0.0,no,MRPL50,neutral,no,10920,0.22234432234432233,short
ENSG00000136908,0.0325,0.5706,0.0,0.0,0.1524,0.2423768357627654,1.448228821545854,0.5,False,False,0.0,0.0,0.0,0.0,0.0,0.0,0,0.0,0.0,0.0,no,DPM2,neutral,no,11610,0.302411714039621,short
ENSG00000136918,0.0424,0.5891,0.0,0.0,0.16,0.1945120170094011,1.888228306161182,0.4731064902712767,False,False,0.0,0.0,0.0,0.0,0.0,0.0,0,0.0,0.0,0.0,no,WDR38,neutral,no,38140,0.2984006292606188,medium
ENSG00000136929,0.0001,0.2585,0.0,0.0,0.0647,0.5,0.0,0.5,False,False,0.0,0.0,0.0,0.0,0.0,0.0,0,0.0,0.0,0.0,no,HEMGN,neutral,no,29530,0.23670843210294615,short
ENSG00000136932,1.0,0.8743,0.15,0.0,0.6686,1.110223024625157e-16,72.2624593226501,8.751583715507972e-16,True,False,0.0,0.0,0.0,0.0,0.0,0.0,0,0.0,0.0,0.0,no,TRMO,gene-driven,no,76360,0.1754583551597695,medium
ENSG00000136935,0.0022,0.4367,0.0,0.0,0.1098,0.4772652896433168,0.0930711987166432,0.5,False,False,0.0,0.4076,0.0,0.0,0.0,0.1426,1,0.0,0.0,0.0,no,GOLGA1,neutral,no,101190,0.19393220673979641,long
ENSG00000136936,0.0001,0.2585,0.0,0.0,0.0647,0.5,0.0,0.5,False,False,0.0,0.0,0.0,0.0,0.0,0.0,0,0.0,0.0,0.0,no,XPA,neutral,no,26570,0.25908919834399696,short
ENSG00000136938,0.0122,0.4853,0.0,0.0,0.125,0.38134821064208,0.5417904039477435,0.5,False,False,0.0,0.0,0.0,0.0,0.0,0.0,0,0.0,0.0,0.0,no,ANP32B,neutral,no,21970,0.18966772872098317,short
ENSG00000136942,1.0,0.9751,0.15,0.0,0.6938,0.0,193.6495691783584,0.0,True,False,0.0,0.0,0.0,0.0,0.0,0.0,0,0.0,0.0,0.0,no,RPL35,gene-driven,no,17470,0.28906697195191755,short
ENSG00000136943,0.6299,0.7577,0.15,0.0,0.5284,3.894281017657875e-07,28.13087879864179,1.6061487381285463e-06,True,False,0.0,0.0,0.0,0.0,0.0,0.0,0,0.0,0.0,0.0,no,CTSV,gene-driven,no,78870,0.1305312539622163,long
ENSG00000136944,0.0001,0.2585,0.0,0.0,0.0647,0.5,0.0,0.5,False,False,0.0,0.0,0.0,0.0,0.0,0.0,0,0.0,0.0,0.0,no,LMX1B,neutral,no,41920,0.23208492366412214,medium
ENSG00000136950,1.0,0.8868,0.15,0.0,0.6717,0.0,78.73662828815122,0.0,True,False,0.0,0.0,0.0,0.0,0.0,0.0,0,0.0,0.0,0.0,no,ARPC5L,gene-driven,no,9580,0.3089770354906054,short
ENSG00000136982,0.0001,0.2585,0.0,0.0,0.0647,0.5,0.0,0.5,False,False,0.0,0.0,0.0,0.0,0.0,0.0,0,0.0,0.0,0.0,no,DSCC1,neutral,no,31500,0.2140952380952381,short
ENSG00000136986,0.032,0.5678,0.0,0.0,0.1515,0.2453758849494167,1.423633678519764,0.5,False,False,0.0,0.0,0.0,0.0,0.0,0.0,0,0.0,0.0,0.0,no,DERL1,neutral,no,44520,0.19813566936208446,medium
ENSG00000136997,0.0233,0.5376,0.0,0.0,0.1414,0.2979635811433674,1.035273660556413,0.5,False,False,0.0,0.0,0.0,0.0,0.0,0.0,0,0.0,0.0,0.0,no,MYC,neutral,no,141170,0.13816674930934333,long
ENSG00000136999,0.0319,0.5676,0.0,0.0,0.1515,0.2458948009544572,1.41940858459202,0.5,False,False,0.0,0.0,0.0,0.0,0.0,0.0,0,0.0,0.0,0.0,no,CCN3,neutral,no,35790,0.24450963956412405,medium
ENSG00000137033,0.0001,0.2585,0.0,0.0,0.0647,0.5,0.0,0.5,False,False,0.0,0.0,0.0,0.0,0.0,0.0,0,0.0,0.0,0.0,no,IL33,neutral,no,54060,0.20384757676655568,medium
ENSG00000137055,0.0227,0.536,0.0,0.0,0.1408,0.3018295332530908,1.00949139961449,0.5,False,False,0.0,0.0,0.0,0.0,0.0,0.0,0,0.0,0.0,0.0,no,PLAA,neutral,no,84640,0.15880198487712666,long
ENSG00000137070,1.0,0.9934,0.15,0.0,0.6983,0.0,336.2796509889304,0.0,True,False,0.0,0.0,0.0,0.0,0.0,0.0,0,0.0,0.0,0.0,no,IL11RA,gene-driven,no,162819,0.18007112192066035,long
ENSG00000137074,1.0,0.9347,0.15,0.0,0.6837,0.0,117.227715576897,0.0,True,False,0.0,0.4076,0.0,0.0,0.0,0.1426,1,0.0,0.0,0.0,no,APTX,gene-driven,no,182440,0.12407366805525104,long
ENSG00000137075,1.0,0.9889,0.15,0.0,0.6972,0.0,277.660449151721,0.0,True,False,0.0,0.0,0.0,0.0,0.0,0.0,0,0.0,0.0,0.0,no,RNF38,gene-driven,no,134920,0.2372442929143196,long
ENSG00000137076,0.0001,0.2585,0.0,0.0,0.0647,0.5,0.0,0.5,False,False,0.0,0.0,0.0,0.0,0.0,0.0,0,0.0,0.0,0.0,no,,neutral,no,379320,0.24681799008752506,long
ENSG00000137077,0.1557,0.662,0.15,0.0,0.3622,0.0154715483911202,6.951210697948227,0.0457523672398526,True,False,0.0,0.0,0.0,0.0,0.0,0.0,0,0.0,0.0,0.0,no,CCL21,gene-driven,no,7820,0.33260869565217394,short
ENSG00000137078,0.0001,0.2585,0.0,0.0,0.0647,0.5,0.0,0.5,False,False,0.0,0.0,0.0,0.0,0.0,0.0,0,0.0,0.0,0.0,no,SIT1,neutral,no,10360,0.3573359073359073,short
ENSG00000137103,0.066,0.6188,0.0,0.0,0.1745,0.1147986798733576,2.942856227578886,0.3009526407406011,False,False,0.0,0.0,0.0,0.0,0.0,0.0,0,0.0,0.0,0.0,no,TMEM8B,neutral,no,128020,0.1911420090610842,long
ENSG00000137106,0.0093,0.4743,0.0,0.0,0.1214,0.4067382747429126,0.4128763588378206,0.5,False,False,0.0,0.0,0.0,0.0,0.0,0.0,0,0.0,0.0,0.0,no,GRHPR,neutral,no,37390,0.3216368012837657,medium
ENSG00000137124,0.0001,0.2585,0.0,0.0,0.0647,0.5,0.0,0.5,False,False,0.0,0.0,0.0,0.0,0.0,0.0,0,0.0,0.0,0.0,no,ALDH1B1,neutral,no,60930,0.19409158050221564,medium
ENSG00000137133,0.0001,0.1055,0.0,0.0,0.0264,0.5,-0.0001522388201919,0.5,False,False,0.0,0.0,0.0,0.0,0.0,0.0,0,0.0,0.0,0.0,no,HINT2,neutral,no,6750,0.43807407407407406,short
ENSG00000137135,0.2047,0.6759,0.15,0.0,0.3804,0.0051823612803698,9.13869460087517,0.0159808214560196,True,False,0.0,0.0,0.0,0.0,0.0,0.0,0,0.0,0.0,0.0,no,ARHGEF39,gene-driven,no,29250,0.2358974358974359,short
ENSG00000137161,0.0001,0.2585,0.0,0.0,0.0647,0.5,0.0,0.5,False,False,0.0,0.0,0.0,0.0,0.0,0.0,0,0.0,0.0,0.0,no,CNPY3,neutral,no,45340,0.14898544331715924,medium
ENSG00000137166,0.0001,0.2585,0.0,0.0,0.0647,0.5,0.0,0.5,False,False,0.0,0.0,0.0,0.0,0.0,0.0,0,0.0,0.0,0.0,no,FOXP4,neutral,no,132990,0.2236107978043462,long
ENSG00000137168,0.0001,0.1108,0.0,0.0,0.0277,0.5,-4.544588136923267e-05,0.5,False,False,0.0,0.0,0.0,0.0,0.0,0.0,0,0.0,0.0,0.0,no,PPIL1,neutral,no,13040,0.21104294478527608,short
ENSG00000137193,0.0001,0.2585,0.0,0.0,0.0647,0.5,0.0,0.5,False,False,0.0,0.0,0.0,0.0,0.0,0.0,0,0.0,0.0,0.0,no,PIM1,neutral,no,46770,0.19563822963438102,medium
ENSG00000137198,0.0001,0.2585,0.0,0.0,0.0647,0.5,0.0,0.5,False,False,0.0,0.0,0.0,0.0,0.0,0.0,0,0.0,0.0,0.0,no,GMPR,neutral,no,21520,0.28136617100371747,short
ENSG00000137200,1.0,0.8299,0.15,0.0,0.6575,5.391964652545767e-12,50.50593488194863,3.1664264677405723e-11,True,False,0.0,0.0,0.0,0.0,0.0,0.0,0,0.0,0.0,0.0,no,CMTR1,gene-driven,no,223670,0.1344480708186167,long
ENSG00000137203,0.4843,0.7334,0.15,0.0,0.4787,1.004199051762855e-05,21.63117604823492,3.764043770511259e-05,True,False,0.0,0.0,0.0,0.0,0.0,0.0,0,0.0,0.0,0.0,no,TFAP2A,gene-driven,no,141670,0.23638032046304794,long
ENSG00000137207,1.0,0.9176,0.15,0.0,0.6794,0.0,102.986444548962,0.0,True,False,0.0,0.0,0.0,0.0,0.0,0.0,0,0.0,0.0,0.0,no,YIPF3,gene-driven,no,46650,0.22540192926045016,medium
ENSG00000137216,0.0001,0.0424,0.0,0.0,0.0106,0.5,-0.0040205467375926,0.5,False,False,0.0,0.0,0.0,0.0,0.0,0.0,0,0.0,0.0,0.0,no,TMEM63B,neutral,no,226180,0.20269696701741977,long
ENSG00000137251,1.0,0.8345,0.15,0.0,0.6586,2.224442852138964e-12,52.27671378097875,1.3427644109877678e-11,True,False,0.0,0.0,0.0,0.0,0.0,0.0,0,0.0,0.0,0.0,no,TINAG,gene-driven,no,75120,0.15419329073482427,medium
ENSG00000137252,0.0055,0.4586,0.0,0.0,0.1163,0.4435404623056713,0.2396381335347542,0.5,False,False,0.0,0.0,0.0,0.0,0.0,0.0,0,0.0,0.0,0.0,no,HCRTR2,neutral,no,48160,0.19269102990033224,medium
ENSG00000137261,1.0,0.9073,0.15,0.0,0.6768,0.0,93.95753717394835,0.0,True,False,0.0,0.0,0.0,0.0,0.0,0.0,0,0.0,0.0,0.0,no,KIAA0319,gene-driven,no,165640,0.2713656121709732,long
ENSG00000137269,0.0001,0.2585,0.0,0.0,0.0647,0.5,0.0,0.5,False,False,0.0,0.0,0.0,0.0,0.0,0.0,0,0.0,0.0,0.0,no,LRRC1,neutral,no,60520,0.2087078651685393,medium
ENSG00000137270,0.0307,0.5623,0.0,0.0,0.1498,0.2522556671552116,1.36832994593351,0.5,False,False,0.0,0.0,0.0,0.0,0.0,0.0,0,0.0,0.0,0.0,no,GCM1,neutral,no,26570,0.26684230334964243,short
ENSG00000137273,0.0001,0.0585,0.0,0.0,0.0147,0.5,-0.0024365395538552,0.5,False,False,0.0,0.4076,0.0,0.0,0.0,0.1426,1,0.0,0.0,0.0,no,FOXF2,neutral,no,15360,0.5384114583333334,short
ENSG00000137275,0.0735,0.6236,0.0,0.0,0.178,0.0970375337626748,3.279020497080637,0.2576960453473277,False,False,0.0,0.0,0.0,0.0,0.0,0.0,0,0.0,0.0,0.0,no,RIPK1,neutral,no,157850,0.13754197022489706,long
ENSG00000137309,1.0,0.8285,0.15,0.0,0.6571,7.483458297485868e-12,49.85036098783894,4.3586325025403634e-11,True,False,0.0,0.0,0.0,0.0,0.0,0.0,0,0.0,0.0,0.0,no,HMGA1,gene-driven,no,29700,0.15851851851851853,short
ENSG00000137310,0.3095,0.7021,0.15,0.0,0.4184,0.0004984064582013,13.8218949043985,0.001671661310245,True,False,0.0,0.0,0.0,0.0,0.0,0.0,0,0.0,0.0,0.0,no,TCF19,gene-driven,no,106550,0.11705302674800563,long
ENSG00000137338,0.0001,0.2585,0.0,0.0,0.0647,0.5,0.0,0.5,False,False,0.0,0.0,0.0,0.0,0.0,0.0,0,0.0,0.0,0.0,no,PGBD1,neutral,no,104360,0.1342947489459563,long
ENSG00000137364,0.0001,0.2585,0.0,0.0,0.0647,0.5,0.0,0.5,False,False,0.0,0.0,0.0,0.0,0.0,0.0,0,0.0,0.0,0.0,no,TPMT,neutral,no,15350,0.22058631921824104,short
ENSG00000137392,0.0001,0.2585,0.0,0.0,0.0647,0.5,0.0,0.5,False,False,0.0,0.0,0.0,0.0,0.0,0.0,0,0.0,0.0,0.0,no,CLPS,neutral,no,8700,0.41988505747126437,short
ENSG00000137393,0.0288,0.5547,0.0,0.0,0.1473,0.2631780776269381,1.283554388168341,0.5,False,False,0.0,0.0,0.0,0.0,0.0,0.0,0,0.0,0.0,0.0,no,RNF144B,neutral,no,30470,0.19832622251394816,short
ENSG00000137411,1.0,0.9019,0.15,0.0,0.6755,0.0,88.4999858023948,0.0,True,False,0.0,0.0,0.0,0.0,0.0,0.0,0,0.0,0.0,0.0,no,VARS2,gene-driven,no,171290,0.22945881254013661,long
ENSG00000137414,0.0127,0.4881,0.0,0.0,0.1259,0.3772187974346337,0.5635654295110726,0.5,False,False,0.0,0.0,0.0,0.0,0.0,0.0,0,0.0,0.0,0.0,no,FAM8A1,neutral,no,62810,0.1852093615666295,medium
ENSG00000137434,0.9085,0.7963,0.15,0.0,0.6216,7.721455697051737e-10,40.5774017480453,3.787625309382184e-09,True,False,0.0,0.0,0.0,0.0,0.0,0.0,0,0.0,0.0,0.0,no,C6orf52,gene-driven,no,20430,0.16891825746451297,short
ENSG00000137460,0.0002,0.4041,0.0,0.0,0.1011,0.498992390429402,0.0040345048546441,0.5,False,False,0.0,0.0,0.0,0.0,0.0,0.0,0,0.0,0.0,0.0,no,FHDC1,neutral,no,81240,0.259945839487937,long
ENSG00000137473,0.0001,0.2585,0.0,0.0,0.0647,0.5,0.0,0.5,False,False,0.0,0.8761,0.5242,0.0,0.9231,0.6285,2,1.1397562663461576,0.0,1149.1,yes,TTC29,regulation-driven,no,84910,0.22441408550229655,long
ENSG00000137494,1.0,0.9067,0.15,0.0,0.6767,0.0,93.48000772629894,0.0,True,False,0.0,0.0,0.0,0.0,0.0,0.0,0,0.0,0.0,0.0,no,ANKRD42,gene-driven,no,110610,0.22112828858150257,long
ENSG00000137496,0.0225,0.5352,0.0,0.0,0.1405,0.3033482089984416,0.9994534961879252,0.5,False,False,0.0,0.0,0.0,0.0,0.0,0.0,0,0.0,0.0,0.0,no,IL18BP,neutral,no,80350,0.12705662725575606,long
ENSG00000137507,0.0001,0.0034,0.0,0.0,0.0009,0.5,-0.0094576689225505,0.5,False,False,0.0,0.0,0.0,0.0,0.0,0.0,0,0.0,0.0,0.0,no,LRRC32,neutral,no,84380,0.22622659397961603,long
ENSG00000137547,0.0001,0.0742,0.0,0.0,0.0186,0.5,-0.0012544527526188,0.5,False,False,0.0,0.0,0.0,0.0,0.0,0.0,0,0.0,0.0,0.0,no,MRPL15,neutral,no,72680,0.10844799119427628,medium
ENSG00000137558,0.6042,0.7549,0.15,0.0,0.52,6.913447528900107e-07,26.9829600766443,2.8186465580941915e-06,True,False,0.0,0.0,0.0,0.0,0.0,0.0,0,0.0,0.0,0.0,no,PI15,gene-driven,no,23700,0.21135021097046414,short
ENSG00000137561,0.0001,0.1035,0.0,0.0,0.0259,0.5,-0.0001945173999047,0.5,False,False,0.0,0.0,0.0,0.0,0.0,0.0,0,0.0,0.0,0.0,no,TTPA,neutral,no,9480,0.4027426160337553,short
ENSG00000137563,0.1777,0.6695,0.15,0.0,0.3707,0.0094752427843441,7.931851448312955,0.0286503693673724,True,False,0.0,0.0,0.0,0.0,0.0,0.0,0,0.0,0.0,0.0,no,GGH,gene-driven,no,39100,0.1667774936061381,medium
ENSG00000137571,0.0052,0.4566,0.0,0.0,0.1157,0.4458003985601365,0.2294735668619978,0.5,False,False,0.0,0.0,0.0,0.0,0.0,0.0,0,0.0,0.0,0.0,no,SLCO5A1,neutral,no,113150,0.27037560760053025,long
ENSG00000137574,0.013,0.4891,0.0,0.0,0.1262,0.3750878315302376,0.5748957648902433,0.5,False,False,0.0,0.0,0.0,0.0,0.0,0.0,0,0.0,0.0,0.0,no,TGS1,neutral,no,54370,0.23246275519588008,medium
ENSG00000137628,1.0,0.8313,0.15,0.0,0.6578,4.519884466702706e-12,50.85878423316171,2.6764173020689595e-11,True,False,0.0,0.0,0.0,0.0,0.0,0.0,0,0.0,0.0,0.0,no,DDX60,gene-driven,no,290150,0.11003618817852835,long
ENSG00000137672,0.0001,0.2585,0.0,0.0,0.0647,0.5,0.0,0.5,False,False,0.0,0.0,0.0,0.0,0.0,0.0,0,0.0,0.0,0.0,no,TRPC6,neutral,no,196440,0.1896660557931175,long
ENSG00000137673,0.0001,0.2585,0.0,0.0,0.0647,0.5,0.0,0.5,False,False,0.0,0.0,0.0,0.0,0.0,0.0,0,0.0,0.0,0.0,no,MMP7,neutral,no,12190,0.2914684167350287,short
ENSG00000137674,0.0001,0.2585,0.0,0.0,0.0647,0.5,0.0,0.5,False,False,0.0,0.0,0.0,0.0,0.0,0.0,0,0.0,0.0,0.0,no,MMP20,neutral,no,23990,0.2930387661525636,short
ENSG00000137675,0.0894,0.6359,0.0,0.0,0.1858,0.0680484004148827,3.988777750595546,0.186795112397145,False,False,0.0,0.0,0.0,0.0,0.0,0.0,0,0.0,0.0,0.0,no,MMP27,neutral,no,26560,0.24871987951807228,short
ENSG00000137700,1.0,0.9787,0.15,0.0,0.6947,0.0,206.0063313739447,0.0,True,False,0.0,0.0,0.0,0.0,0.0,0.0,0,0.0,0.0,0.0,no,SLC37A4,gene-driven,no,57290,0.29244196194798394,medium
ENSG00000137720,0.0001,0.2585,0.0,0.0,0.0647,0.5,0.0,0.5,False,False,0.0,0.0,0.0,0.0,0.0,0.0,0,0.0,0.0,0.0,no,CFAP68,neutral,no,24430,0.23941874744167008,short
ENSG00000137726,0.0001,0.2585,0.0,0.0,0.0647,0.5,0.0,0.5,False,False,0.0,0.0,0.0,0.0,0.0,0.0,0,0.0,0.0,0.0,no,FXYD6,neutral,no,29150,0.14243567753001715,short
ENSG00000137727,1.0,0.9891,0.15,0.0,0.6973,0.0,281.0756921468565,0.0,True,False,0.0,0.0,0.0,0.0,0.0,0.0,0,0.0,0.0,0.0,no,ARHGAP20,gene-driven,no,291150,0.18400824317362185,long
ENSG00000137745,0.0003,0.4087,0.0,0.0,0.1023,0.4974241609156185,0.0103299876282108,0.5,False,False,0.0,0.0,0.0,0.0,0.0,0.0,0,0.0,0.0,0.0,no,MMP13,neutral,no,52880,0.22282526475037823,medium
ENSG00000137760,0.5839,0.7525,0.15,0.0,0.5133,1.087045435943512e-06,26.07779994158773,4.388769479207004e-06,True,False,0.0,0.4076,0.0,0.0,0.0,0.1426,1,0.0,0.0,0.0,no,ALKBH8,gene-driven,no,93120,0.18170103092783504,long
ENSG00000137767,0.0001,0.0165,0.0,0.0,0.0042,0.5,-0.0073447209615551,0.5,False,False,0.0,0.0,0.0,0.0,0.0,0.0,0,0.0,0.0,0.0,no,SQOR,neutral,no,53060,0.1972107048624199,medium
ENSG00000137801,0.0001,0.0915,0.0,0.0,0.0229,0.5,-0.0004925428074784,0.5,False,False,0.0,0.0,0.0,0.0,0.0,0.0,0,0.0,0.0,0.0,no,THBS1,neutral,no,163260,0.20192943770672547,long
ENSG00000137807,0.0001,0.0287,0.0,0.0,0.0072,0.5,-0.0057189107319572,0.5,False,False,0.0,0.0,0.0,0.0,0.0,0.0,0,0.0,0.0,0.0,no,KIF23,neutral,no,247190,0.18294833933411545,long
ENSG00000137814,0.0001,0.3959,0.0,0.0,0.099,0.4999975842769493,9.662915545050056e-06,0.5,False,False,0.0,0.0,0.0,0.0,0.0,0.0,0,0.0,0.0,0.0,no,HAUS2,neutral,no,44980,0.1920853712761227,medium
ENSG00000137818,0.0001,0.2585,0.0,0.0,0.0647,0.5,0.0,0.5,False,False,0.0,0.0,0.0,0.0,0.0,0.0,0,0.0,0.0,0.0,no,RPLP1,neutral,no,7990,0.3360450563204005,short
ENSG00000137819,0.5149,0.738,0.15,0.0,0.489,5.076795877467788e-06,22.99536609528514,1.936501740377667e-05,True,False,0.0,0.0,0.0,0.0,0.0,0.0,0,0.0,0.0,0.0,no,PAQR5,gene-driven,no,52390,0.21284596297003244,medium
ENSG00000137824,1.0,0.8647,0.15,0.0,0.6662,1.332267629550188e-15,67.08927044018492,9.831897907095898e-15,True,False,0.0,0.0,0.0,0.0,0.0,0.0,0,0.0,0.0,0.0,no,RMDN3,gene-driven,no,133320,0.1702970297029703,long
ENSG00000137825,0.0001,0.0432,0.0,0.0,0.0108,0.5,-0.0039178227343654,0.5,False,False,0.0,0.0,0.0,0.0,0.0,0.0,0,0.0,0.0,0.0,no,ITPKA,neutral,no,27380,0.3623082542001461,short
ENSG00000137834,0.0617,0.6154,0.0,0.0,0.1724,0.1263137450291087,2.75167849283207,0.3281325457466225,False,False,0.0,0.0,0.0,0.0,0.0,0.0,0,0.0,0.0,0.0,no,SMAD6,neutral,no,34700,0.352478386167147,medium
ENSG00000137880,0.0385,0.5822,0.0,0.0,0.1571,0.2123339493680333,1.712895660379218,0.5,False,False,0.0,0.0,0.0,0.0,0.0,0.0,0,0.0,0.0,0.0,no,GCHFR,neutral,no,10580,0.2000945179584121,short
ENSG00000137941,0.0001,0.2585,0.0,0.0,0.0647,0.5,0.0,0.5,False,False,0.0,0.0,0.0,0.0,0.0,0.0,0,0.0,0.0,0.0,no,TTLL7,neutral,no,107970,0.1807353894600352,long
ENSG00000137947,0.5759,0.7511,0.15,0.0,0.5105,1.29915673313663e-06,25.72129598055835,5.2155008802434204e-06,True,False,0.0,0.0,0.0,0.0,0.0,0.0,0,0.0,0.0,0.0,no,GTF2B,gene-driven,no,51710,0.14084316379810483,medium
ENSG00000137960,0.0001,0.0567,0.0,0.0,0.0142,0.5,-0.0026237610618409,0.5,False,False,0.0,0.0,0.0,0.0,0.0,0.0,0,0.0,0.0,0.0,no,GIPC2,neutral,no,35320,0.18187995469988674,medium
ENSG00000137962,1.0,0.8195,0.15,0.0,0.6549,3.3136604571382116e-11,46.87447113553935,1.8333867757291955e-10,True,False,0.0,0.0,0.0,0.0,0.0,0.0,0,0.0,0.0,0.0,no,ARHGAP29,gene-driven,no,131770,0.19753358124003947,long
ENSG00000137968,0.0001,0.2585,0.0,0.0,0.0647,0.5,0.0,0.5,False,False,0.0,0.0,0.0,0.0,0.0,0.0,0,0.0,0.0,0.0,no,SLC44A5,neutral,no,85030,0.2501822886040221,long
ENSG00000137976,0.0001,0.2585,0.0,0.0,0.0647,0.5,0.0,0.5,False,False,0.0,0.0,0.0,0.0,0.0,0.0,0,0.0,0.0,0.0,no,DNASE2B,neutral,no,27480,0.2052037845705968,short
ENSG00000137992,0.0001,0.2585,0.0,0.0,0.0647,0.5,0.0,0.5,False,False,0.0,0.0,0.0,0.0,0.0,0.0,0,0.0,0.0,0.0,no,DBT,neutral,no,86610,0.17613439556633184,long
ENSG00000137996,0.014,0.4964,0.0,0.0,0.1283,0.3666730290596913,0.6202751529090165,0.5,False,False,0.0,0.0,0.0,0.0,0.0,0.0,0,0.0,0.0,0.0,no,RTCA,neutral,no,38310,0.22746019316105456,medium
ENSG00000138032,0.0001,0.0491,0.0,0.0,0.0123,0.5,-0.0033603559204493,0.5,False,False,0.0,0.0,0.4855,0.0,0.0,0.1699,0,1.0561117290346524,0.0,0.0,no,PPM1B,neutral,no,123300,0.1643065693430657,long
ENSG00000138039,0.0001,0.0893,0.0,0.0,0.0223,0.5,-0.0005650103412335,0.5,False,False,0.0,0.0,0.0,0.0,0.0,0.0,0,0.0,0.0,0.0,no,LHCGR,neutral,no,87400,0.18403890160183067,long
ENSG00000138050,0.7483,0.7748,0.15,0.0,0.5682,2.7613969832973592e-08,33.42359371617931,1.2252621404925124e-07,True,False,0.0,0.0,0.0,0.0,0.0,0.0,0,0.0,0.0,0.0,no,THUMPD2,gene-driven,no,59950,0.16662218515429525,medium
ENSG00000138061,0.0023,0.4387,0.0,0.0,0.1104,0.4759666090459557,0.0985207914236525,0.5,False,False,0.0,0.4076,0.0,0.0,0.0,0.1426,1,0.0,0.0,0.0,no,CYP1B1,neutral,no,67430,0.18904048643037225,medium
ENSG00000138071,1.0,0.9184,0.15,0.0,0.6796,0.0,103.4736966578566,0.0,True,False,0.0,0.0,0.0,0.0,0.0,0.0,0,0.0,0.0,0.0,no,ACTR2,gene-driven,no,77710,0.17283489898339982,medium
ENSG00000138074,1.0,0.8554,0.15,0.0,0.6639,1.5432100042289682e-14,62.21481680187571,1.0661009112548452e-13,True,False,0.0,0.0,0.0,0.0,0.0,0.0,0,0.0,0.0,0.0,no,SLC5A6,gene-driven,no,115050,0.1543155149934811,long
ENSG00000138075,0.0178,0.5231,0.0,0.0,0.1361,0.3367579833579349,0.7904871526225179,0.5,False,False,0.0,0.0,0.9227,0.0,0.2544,0.3611,0,4.65391095051341,0.0,17.0,yes,ABCG5,regulation-driven,no,45580,0.3042781921895568,medium
ENSG00000138079,0.119,0.649,0.075,0.0,0.2729,0.035138943708886,5.310596151350182,0.1000464258775039,False,False,0.0,0.0,0.4251,0.0,0.0,0.1488,0,0.9756769338578586,0.0,0.0,no,SLC3A1,neutral,no,139840,0.13645594965675056,long
ENSG00000138081,0.2703,0.6932,0.15,0.0,0.4044,0.0011964271295388,12.07053674996132,0.0038972027127217,True,False,0.0,0.0,1.0,0.0,0.0,0.35,0,91.79681090264404,0.0,0.0,no,FBXO11,dual-driven,no,127470,0.1554483407860673,long
ENSG00000138092,0.0888,0.6347,0.0,0.0,0.1853,0.0689500264445869,3.962452220650448,0.1886454518896454,False,False,0.0,0.0,0.0,0.0,0.0,0.0,0,0.0,0.0,0.0,no,CENPO,neutral,no,40910,0.2466145196773405,medium
ENSG00000138100,0.0001,0.2585,0.0,0.0,0.0647,0.5,0.0,0.5,False,False,0.0,0.0,0.1304,0.5821,0.3314,0.1827,0,0.7325317568831263,0.212,37.3,yes,TRIM54,neutral,no,56240,0.2946479374110953,medium
ENSG00000138107,0.0001,0.2585,0.0,0.0,0.0647,0.5,0.0,0.5,False,False,0.0,0.0,0.0,0.0,0.0,0.0,0,0.0,0.0,0.0,no,ACTR1A,neutral,no,57440,0.2298050139275766,medium
ENSG00000138115,0.0549,0.6068,0.0,0.0,0.1681,0.1471791070070283,2.445915676340519,0.3740635720038635,False,False,0.0,0.0,0.0,0.0,0.0,0.0,0,0.0,0.0,0.0,no,CYP2C8,neutral,no,105920,0.1531061178247734,long
ENSG00000138131,0.0203,0.5298,0.0,0.0,0.1385,0.3182842222646695,0.9033266681799432,0.5,False,False,0.0,0.0,0.0,0.0,0.0,0.0,0,0.0,0.0,0.0,no,LOXL4,neutral,no,102170,0.20716452970539298,long
ENSG00000138134,0.0001,0.2585,0.0,0.0,0.0647,0.5,0.0,0.5,False,False,0.0,0.0,0.0,0.0,0.0,0.0,0,0.0,0.0,0.0,no,STAMBPL1,neutral,no,207190,0.12516048071818137,long
ENSG00000138152,0.0111,0.4809,0.0,0.0,0.1235,0.3913000663456203,0.4902667992791976,0.5,False,False,0.0,0.0,0.0,0.0,0.0,0.0,0,0.0,0.0,0.0,no,BTBD16,neutral,no,59400,0.18006734006734007,medium
ENSG00000138160,1.0,0.8295,0.15,0.0,0.6574,5.903944000351657e-12,50.32451538034366,3.458918428474575e-11,True,False,0.0,0.0,0.0,0.0,0.0,0.0,0,0.0,0.0,0.0,no,KIF11,gene-driven,no,135910,0.14039437863291884,long
ENSG00000138161,1.0,0.8782,0.15,0.0,0.6695,5.551115123125783e-17,73.51788354560267,4.453426874585104e-16,True,False,0.0,0.0,0.0,0.0,0.0,0.0,0,0.0,0.0,0.0,no,CUZD1,gene-driven,no,63330,0.2028580451602716,medium
ENSG00000138166,0.0001,0.2585,0.0,0.0,0.0647,0.5,0.0,0.5,False,False,0.0,0.0,0.0,0.0,0.0,0.0,0,0.0,0.0,0.0,no,DUSP5,neutral,no,25530,0.2835879357618488,short
ENSG00000138172,0.0219,0.5334,0.0,0.0,0.1399,0.3076049191952266,0.9715837374078546,0.5,False,False,0.0,0.0,0.0,0.0,0.0,0.0,0,0.0,0.0,0.0,no,CALHM2,neutral,no,29420,0.282324949014276,short
ENSG00000138175,0.0001,0.0858,0.0,0.0,0.0215,0.5,-0.0007189567677414,0.5,False,False,0.0,0.0,0.0,0.0,0.0,0.0,0,0.0,0.0,0.0,no,ARL3,neutral,no,28210,0.14927330733782346,short
ENSG00000138190,0.0412,0.5862,0.0,0.0,0.1589,0.199751323811265,1.835069772758288,0.4825464228446975,False,False,0.0,0.4076,0.0,0.0,0.0,0.1426,1,0.0,0.0,0.0,no,EXOC6,neutral,no,245710,0.17122217247975255,long
ENSG00000138207,0.0001,0.2585,0.0,0.0,0.0647,0.5,0.0,0.5,False,False,0.0,0.0,0.0,0.0,0.0,0.0,0,0.0,0.0,0.0,no,RBP4,neutral,no,48680,0.1989934264585045,medium
ENSG00000138271,0.0001,0.2585,0.0,0.0,0.0647,0.5,0.0,0.5,False,False,0.0,0.0,0.0,0.0,0.0,0.0,0,0.0,0.0,0.0,no,GPR87,neutral,no,40770,0.13924454255580082,medium
ENSG00000138308,0.0001,0.1045,0.0,0.0,0.0262,0.5,-0.0001622878371563,0.5,False,False,0.0,0.0,0.0,0.0,0.0,0.0,0,0.0,0.0,0.0,no,PLA2G12B,neutral,no,12640,0.27246835443037976,short
ENSG00000138311,0.0001,0.0362,0.0,0.0,0.0091,0.5,-0.0048253087061311,0.5,False,False,0.0,0.4076,0.0,0.0,0.0,0.1426,1,0.0,0.0,0.0,no,ZNF365,neutral,no,46020,0.25273794002607564,medium
ENSG00000138315,0.0001,0.2585,0.0,0.0,0.0647,0.5,0.0,0.5,False,False,0.0,0.0,0.0,0.0,0.0,0.0,0,0.0,0.0,0.0,no,OIT3,neutral,no,56430,0.23888002835371255,medium
ENSG00000138316,0.0001,0.2585,0.0,0.0,0.0647,0.5,0.0,0.5,False,False,0.0,0.0,0.0,0.0,0.0,0.0,0,0.0,0.0,0.0,no,ADAMTS14,neutral,no,139460,0.24432095224437114,long
ENSG00000138336,0.0001,0.0328,0.0,0.0,0.0082,0.5,-0.005136293140822,0.5,False,False,0.0,0.0,0.0,0.0,0.0,0.0,0,0.0,0.0,0.0,no,TET1,neutral,no,202660,0.20770255600513174,long
ENSG00000138376,0.0001,0.0418,0.0,0.0,0.0105,0.5,-0.0040705714491195,0.5,False,False,0.0,0.0,0.0,0.0,0.0,0.0,0,0.0,0.0,0.0,no,BARD1,neutral,no,196220,0.16529405769034758,long
ENSG00000138379,0.0001,0.2585,0.0,0.0,0.0647,0.5,0.0,0.5,False,False,0.0,0.0,0.0,0.0,0.0,0.0,0,0.0,0.0,0.0,no,MSTN,neutral,no,17920,0.26746651785714287,short
ENSG00000138380,0.0001,0.2585,0.0,0.0,0.0647,0.5,0.0,0.5,False,False,0.0,0.0,0.0,0.0,0.0,0.0,0,0.0,0.0,0.0,no,CARF,neutral,no,162500,0.11805538461538462,long
ENSG00000138395,0.9074,0.7961,0.15,0.0,0.6213,7.905580634570696e-10,40.53026969545317,3.8741239484093245e-09,True,False,0.0,0.0,0.0,0.0,0.0,0.0,0,0.0,0.0,0.0,no,CDK15,gene-driven,no,68800,0.2402470930232558,medium
ENSG00000138399,0.0001,0.2585,0.0,0.0,0.0647,0.5,0.0,0.5,False,False,0.0,0.0,0.0,0.0,0.0,0.0,0,0.0,0.0,0.0,no,FASTKD1,neutral,no,214680,0.11152878703186138,long
ENSG00000138400,1.0,0.9274,0.15,0.0,0.6819,0.0,112.0842035059613,0.0,True,False,0.0,0.0,0.0,0.0,0.0,0.0,0,0.0,0.0,0.0,no,MDH1B,gene-driven,no,112160,0.16390870185449358,long
ENSG00000138435,1.0,0.9318,0.15,0.0,0.683,0.0,114.8237805536482,0.0,True,False,0.0,0.0,0.0,0.0,0.0,0.0,0,0.0,0.0,0.0,no,CHRNA1,gene-driven,no,97120,0.25467462932454693,long
ENSG00000138439,0.0001,0.2585,0.0,0.0,0.0647,0.5,0.0,0.5,False,False,0.0,0.0,0.0,0.0,0.0,0.0,0,0.0,0.0,0.0,no,FAM117B,neutral,no,34040,0.23683901292596946,medium
ENSG00000138442,0.0001,0.0249,0.0,0.0,0.0063,0.5,-0.0060676102293655,0.5,False,False,0.0,0.0,0.0,0.0,0.0,0.0,0,0.0,0.0,0.0,no,WDR12,neutral,no,28860,0.32103257103257105,short
ENSG00000138463,0.0028,0.4421,0.0,0.0,0.1114,0.4707608008692497,0.1205159743694821,0.5,False,False,0.0,0.0,0.0,0.0,0.0,0.0,0,0.0,0.0,0.0,no,SLC49A4,neutral,no,46280,0.25010803802938636,medium
ENSG00000138472,1.0,0.8197,0.15,0.0,0.6549,3.2990998821702526e-11,46.8832782682548,1.8273633423067748e-10,True,False,0.0,0.0,0.0,0.0,0.0,0.0,0,0.0,0.0,0.0,no,GUCA1C,gene-driven,no,18920,0.18451374207188162,short
ENSG00000138587,0.0001,0.2585,0.0,0.0,0.0647,0.5,0.0,0.5,False,False,0.0,0.0,0.0,0.0,0.0,0.0,0,0.0,0.0,0.0,no,MNS1,neutral,no,50410,0.14342392382463798,medium
ENSG00000138604,0.8508,0.7885,0.15,0.0,0.6024,2.799329990033073e-09,38.00147711873797,1.3223045935825742e-08,True,False,0.0,0.4076,0.0,0.0,0.0,0.1426,1,0.0,0.0,0.0,no,GLCE,gene-driven,no,59000,0.17577966101694914,medium
ENSG00000138606,0.0011,0.4266,0.0,0.0,0.107,0.4892168078562563,0.0436046747126965,0.5,False,False,0.0,0.0,0.0,0.0,0.0,0.0,0,0.0,0.0,0.0,no,SHF,neutral,no,95600,0.26219665271966525,long
ENSG00000138615,0.0001,0.2585,0.0,0.0,0.0647,0.5,0.0,0.5,False,False,0.0,0.0,0.0,0.0,0.0,0.0,0,0.0,0.0,0.0,no,CILP,neutral,no,104020,0.22685060565275908,long
ENSG00000138622,0.0049,0.454,0.0,0.0,0.115,0.44936795296341,0.2135321038513212,0.5,False,False,0.0,0.0,0.0,0.0,0.0,0.0,0,0.0,0.0,0.0,no,HCN4,neutral,no,57780,0.3762374524056767,medium
ENSG00000138623,0.0014,0.4302,0.0,0.0,0.108,0.4860070489195515,0.0567699413513764,0.5,False,False,0.0,0.0,0.0,0.0,0.0,0.0,0,0.0,0.0,0.0,no,SEMA7A,neutral,no,68360,0.36493563487419545,medium
ENSG00000138639,0.6708,0.7636,0.15,0.0,0.5421,1.560367952624375e-07,29.96005361959396,6.594112316358233e-07,True,False,0.0,0.0,0.0,0.0,0.0,0.0,0,0.0,0.0,0.0,no,ARHGAP24,gene-driven,no,114960,0.2556976339596381,long
ENSG00000138646,0.0008,0.42,0.0,0.0,0.1052,0.4926654082018584,0.0295556799574114,0.5,False,False,0.0,0.0,0.0,0.0,0.0,0.0,0,0.0,0.0,0.0,no,HERC5,neutral,no,77380,0.21574050142155596,medium
ENSG00000138650,0.0001,0.2585,0.0,0.0,0.0647,0.5,0.0,0.5,False,False,0.0,0.0,0.0,0.0,0.0,0.0,0,0.0,0.0,0.0,no,PCDH10,neutral,no,132850,0.2683703424915318,long
ENSG00000138653,0.0001,0.2585,0.0,0.0,0.0647,0.5,0.0,0.5,False,False,0.0,0.4076,0.0,0.0,0.0,0.1426,1,0.0,0.0,0.0,no,NDST4,neutral,no,64680,0.2099721706864564,medium
ENSG00000138668,1.0,0.9773,0.15,0.0,0.6943,0.0,202.3174361217971,0.0,True,False,0.0,0.0,0.7343,0.0,0.0,0.257,0,1.8487698198235472,0.0,0.0,no,HNRNPD,gene-driven,no,125480,0.1523908192540644,long
ENSG00000138669,0.2652,0.6922,0.15,0.0,0.4026,0.0013415903019828,11.84150479133677,0.0043557899230173,True,False,0.0,0.0,0.657,0.0,0.6568,0.3285,0,1.5262224260113442,0.0,215.9,yes,PRKG2,dual-driven,no,100480,0.1575437898089172,long
ENSG00000138674,0.277,0.6946,0.15,0.0,0.4068,0.0010307880774049,12.36856893019285,0.0033731183532974,True,False,0.0,0.0,0.7488,0.0,0.0,0.2621,0,1.9868447630062105,0.0,0.0,no,SEC31A,gene-driven,no,36570,0.4472518457752256,medium
ENSG00000138675,0.5144,0.7376,0.15,0.0,0.4887,5.131717313255901e-06,22.97384603074079,1.954453439214001e-05,True,False,0.0,0.0,0.0,0.0,0.0,0.0,0,0.0,0.0,0.0,no,FGF5,gene-driven,no,21740,0.3218951241950322,short
ENSG00000138678,0.8802,0.7927,0.15,0.0,0.6122,1.452219899888973e-09,39.31405057903612,6.9993621919067375e-09,True,False,0.0,0.4076,0.6763,0.0,0.4852,0.4521,1,1.6020126137708566,0.0,99.4,yes,GPAT3,gene-driven (dual),no,62780,0.17801847722204522,medium
ENSG00000138684,0.0001,0.2585,0.0,0.0,0.0647,0.5,0.0,0.5,False,False,0.0,0.0,0.0,0.0,0.0,0.0,0,0.0,0.0,0.0,no,IL21,neutral,no,10320,0.20862403100775193,short
ENSG00000138685,0.0001,0.2585,0.0,0.0,0.0647,0.5,0.0,0.5,False,False,0.0,0.0,0.0,0.0,0.0,0.0,0,0.0,0.0,0.0,no,FGF2,neutral,no,32070,0.20149672591206735,short
ENSG00000138686,0.0001,0.2585,0.0,0.0,0.0647,0.5,0.0,0.5,False,False,0.0,0.0,0.0,0.0,0.0,0.0,0,0.0,0.0,0.0,no,BBS7,neutral,no,131230,0.12214432675455307,long
ENSG00000138696,0.8131,0.7827,0.15,0.0,0.5896,6.506736982547778e-09,36.31456111535226,2.99117465352982e-08,True,False,0.0,0.4076,0.0,0.0,0.0,0.1426,1,0.0,0.0,0.0,no,BMPR1B,gene-driven,no,137750,0.15159346642468238,long
ENSG00000138698,0.1248,0.6504,0.075,0.0,0.275,0.0308517931208331,5.570826451919856,0.0881935741281748,False,False,0.0,0.0,0.4444,0.0,0.0,0.1556,0,1.004390589808985,0.0,0.0,no,RAP1GDS1,neutral,no,192530,0.16939178309873787,long
ENSG00000138709,0.3559,0.7109,0.15,0.0,0.4345,0.000176957297083,15.8929098668159,0.000611664764205,True,False,0.0,0.0,0.0,0.0,0.0,0.0,0,0.0,0.0,0.0,no,,gene-driven,no,325570,0.10533832969868231,long
ENSG00000138722,0.2122,0.6777,0.15,0.0,0.3831,0.0043788105727164,9.475661939410202,0.0135786806662665,True,False,0.0,0.0,0.0,0.0,0.0,0.0,0,0.0,0.0,0.0,no,MMRN1,gene-driven,no,170340,0.14114124691792884,long
ENSG00000138741,0.4228,0.722,0.15,0.0,0.4573,3.966385595088884e-05,18.88384606780892,0.0001425491470373,True,False,0.0,0.0,0.0,0.0,0.0,0.0,0,0.0,0.0,0.0,no,TRPC3,gene-driven,no,154070,0.2601674563510093,long
ENSG00000138755,0.0001,0.1114,0.0,0.0,0.0279,0.5,-4.148591233388288e-05,0.5,False,False,0.0,0.0,0.1667,0.194,0.071,0.0981,0,0.7560260815702391,0.079,3.8,yes,CXCL9,neutral,no,6440,0.25590062111801243,short
ENSG00000138756,0.0001,0.2585,0.0,0.0,0.0647,0.5,0.0,0.5,False,False,0.0,0.0,0.0,0.0,0.0,0.0,0,0.0,0.0,0.0,no,BMP2K,neutral,no,118660,0.19587898196527895,long
ENSG00000138758,0.9177,0.7986,0.15,0.0,0.625,6.280168607375457e-10,40.99061385350069,3.114412627426274e-09,True,False,0.0,0.0,0.7295,0.0,0.0,0.2553,0,1.833405346462439,0.0,0.0,no,SEPTIN11,gene-driven,no,125690,0.19670618187604424,long
ENSG00000138767,0.332,0.7071,0.15,0.0,0.4264,0.0003019739823804,14.82404502970167,0.0010301910756928,True,False,0.0,0.0,0.4783,0.0,0.8698,0.2979,0,1.048689161834231,0.0,725.2,yes,CNOT6L,gene-driven,no,148100,0.13355840648210668,long
ENSG00000138769,0.0001,0.2585,0.0,0.0,0.0647,0.5,0.0,0.5,False,False,0.0,0.0,0.0725,0.0,0.0,0.0254,0,0.689458878325421,0.0,0.0,no,CDKL2,neutral,no,71910,0.18391044361006814,medium
ENSG00000138792,0.0001,0.2585,0.0,0.0,0.0647,0.5,0.0,0.5,False,False,0.0,0.0,0.8744,0.8507,0.6923,0.5375,0,2.987808789157347,0.347,264.6,yes,ENPEP,regulation-driven,no,126970,0.1704103331495629,long
ENSG00000138798,0.0001,0.2585,0.0,0.0,0.0647,0.5,0.0,0.5,False,False,0.0,0.0,0.0,0.0,0.0,0.0,0,0.0,0.0,0.0,no,,neutral,no,384750,0.15882781026640677,long
ENSG00000138801,0.0275,0.5499,0.0,0.0,0.1457,0.2713118451906658,1.222678437618015,0.5,False,False,0.0,0.4076,0.4155,0.0,0.0,0.2881,1,0.9570383205883828,0.0,0.0,no,PAPSS1,neutral,no,65380,0.27112266748241054,medium
ENSG00000138813,0.0001,0.2585,0.0,0.0,0.0647,0.5,0.0,0.5,False,False,0.0,0.0,0.3623,0.0,0.0,0.1268,0,0.8989611529254661,0.0,0.0,no,C4orf17,neutral,no,27600,0.21293478260869564,short
ENSG00000138814,1.0,0.9783,0.15,0.0,0.6946,0.0,205.2971008233726,0.0,True,False,0.0,0.8761,0.744,0.0,0.0,0.567,2,1.9163368242613537,0.0,0.0,no,PPP3CA,dual-driven,no,140320,0.24725627137970355,long
ENSG00000138821,1.0,0.9771,0.15,0.0,0.6943,0.0,201.6173951872188,0.0,True,False,0.0,0.0,0.7681,0.0,0.7633,0.3833,0,2.077988495953832,0.0,341.3,yes,SLC39A8,gene-driven (dual),no,158240,0.11414939332659252,long
ENSG00000138834,1.0,0.9093,0.15,0.0,0.6773,0.0,95.14270882531127,0.0,True,False,0.0,0.0,0.0,0.0,0.0,0.0,0,0.0,0.0,0.0,no,MAPK8IP3,gene-driven,no,222804,0.26188039712033895,long
ENSG00000139053,0.0505,0.6005,0.0,0.0,0.1653,0.1622174949606578,2.251340204051758,0.4056971507113041,False,False,0.0,0.0,0.0,0.0,0.0,0.0,0,0.0,0.0,0.0,no,PDE6H,neutral,no,5120,0.27109375,short
ENSG00000139055,0.0001,0.2585,0.0,0.0,0.0647,0.5,0.0,0.5,False,False,0.0,0.0,0.0,0.0,0.0,0.0,0,0.0,0.0,0.0,no,ERP27,neutral,no,30490,0.20531321744834372,short
ENSG00000139131,1.0,0.9869,0.15,0.0,0.6967,0.0,260.4002778272588,0.0,True,False,0.0,0.0,0.0,0.0,0.0,0.0,0,0.0,0.0,0.0,no,YARS2,gene-driven,no,25280,0.3321598101265823,short
ENSG00000139133,0.0001,0.2585,0.0,0.0,0.0647,0.5,0.0,0.5,False,False,0.0,0.0,0.0,0.0,0.0,0.0,0,0.0,0.0,0.0,no,ALG10,neutral,no,29530,0.22275651879444633,short
ENSG00000139151,1.0,0.9672,0.15,0.0,0.6918,0.0,171.5427050290164,0.0,True,False,0.0,0.0,0.0,0.0,0.0,0.0,0,0.0,0.0,0.0,no,PLCZ1,gene-driven,no,124470,0.1715192415843175,long
ENSG00000139154,1.0,0.8918,0.15,0.0,0.673,0.0,82.16267515809159,0.0,True,False,0.0,0.0,0.0,0.0,0.0,0.0,0,0.0,0.0,0.0,no,AEBP2,gene-driven,no,225890,0.17355792642436585,long
ENSG00000139155,1.0,0.9815,0.15,0.0,0.6954,0.0,215.9498780786671,0.0,True,False,0.0,0.0,0.0,0.0,0.0,0.0,0,0.0,0.0,0.0,no,SLCO1C1,gene-driven,no,104040,0.23037293348712035,long
ENSG00000139160,1.0,0.9562,0.15,0.0,0.689,0.0,146.9756375241523,0.0,True,False,0.0,0.0,0.0,0.0,0.0,0.0,0,0.0,0.0,0.0,no,ETFBKMT,gene-driven,no,40790,0.1679333169894582,medium
ENSG00000139163,1.0,0.878,0.15,0.0,0.6695,5.551115123125783e-17,73.46619690753869,4.453426874585104e-16,True,False,0.0,0.0,0.0,0.0,0.0,0.0,0,0.0,0.0,0.0,no,ETNK1,gene-driven,no,56610,0.19546016604840133,medium
ENSG00000139168,0.51,0.7364,0.15,0.0,0.4871,5.656218272864777e-06,22.77921571645129,2.1443620189961437e-05,True,False,0.0,0.0,0.0,0.0,0.0,0.0,0,0.0,0.0,0.0,no,ZCRB1,gene-driven,no,42930,0.10496156533892383,medium
ENSG00000139174,1.0,0.8766,0.15,0.0,0.6691,5.551115123125783e-17,73.09519552333222,4.453426874585104e-16,True,False,0.0,0.0,0.0,0.0,0.0,0.0,0,0.0,0.0,0.0,no,PRICKLE1,gene-driven,no,272270,0.11857714768428398,long
ENSG00000139190,1.0,0.9204,0.15,0.0,0.6801,0.0,105.2730056923647,0.0,True,False,0.0,0.0,0.0,0.0,0.0,0.0,0,0.0,0.0,0.0,no,VAMP1,gene-driven,no,20770,0.25430909966297544,short
ENSG00000139192,0.0001,0.2585,0.0,0.0,0.0647,0.5,0.0,0.5,False,False,0.0,0.0,0.0,0.0,0.0,0.0,0,0.0,0.0,0.0,no,TAPBPL,neutral,no,97070,0.18180694344287626,long
ENSG00000139197,0.0001,0.2585,0.0,0.0,0.0647,0.5,0.0,0.5,False,False,0.0,0.0,0.0,0.0,0.0,0.0,0,0.0,0.0,0.0,no,PEX5,neutral,no,205360,0.18912641215426568,long
ENSG00000139200,0.0001,0.0002,0.0,0.0,0.0001,0.5,-0.0099742226339003,0.5,False,False,0.0,0.0,0.0,0.0,0.0,0.0,0,0.0,0.0,0.0,no,PIANP,neutral,no,40270,0.23608145021107524,medium
ENSG00000139209,0.409,0.7199,0.15,0.0,0.4527,5.407585979949614e-05,18.26395101122762,0.0001929376978314,True,False,0.0,0.0,0.0,0.0,0.0,0.0,0,0.0,0.0,0.0,no,SLC38A4,gene-driven,no,54020,0.1777489818585709,medium
ENSG00000139211,0.0001,0.2585,0.0,0.0,0.0647,0.5,0.0,0.5,False,False,0.0,0.0,0.0,0.0,0.0,0.0,0,0.0,0.0,0.0,no,AMIGO2,neutral,no,47150,0.18559915164369034,medium
ENSG00000139233,1.0,0.8957,0.15,0.0,0.6739,0.0,84.37078828933682,0.0,True,False,0.0,0.0,0.0,0.0,0.0,0.0,0,0.0,0.0,0.0,no,LLPH,gene-driven,no,7790,0.22233632862644415,short
ENSG00000139266,1.0,0.8687,0.15,0.0,0.6672,4.440892098500626e-16,69.27873380617166,3.372365999685819e-15,True,False,0.0,0.0,0.0,0.0,0.0,0.0,0,0.0,0.0,0.0,no,MARCHF9,gene-driven,no,25840,0.27140092879256966,short
ENSG00000139269,0.0274,0.5497,0.0,0.0,0.1456,0.2717270038415183,1.219620396872415,0.5,False,False,0.0,0.0,0.0,0.0,0.0,0.0,0,0.0,0.0,0.0,no,INHBE,neutral,no,24320,0.28289473684210525,short
ENSG00000139292,0.0015,0.4318,0.0,0.0,0.1084,0.484524507234999,0.0628801716811722,0.5,False,False,0.0,0.0,0.0,0.0,0.0,0.0,0,0.0,0.0,0.0,no,LGR5,neutral,no,143270,0.22747958400223353,long
ENSG00000139318,1.0,0.9087,0.15,0.0,0.6772,0.0,94.53601452423028,0.0,True,False,0.0,0.4076,0.0,0.0,0.0,0.1426,1,0.0,0.0,0.0,no,DUSP6,gene-driven,no,36820,0.272270505160239,medium
ENSG00000139323,0.4355,0.7254,0.15,0.0,0.462,2.98754391471201e-05,19.45065333565435,0.0001087055115711,True,False,0.0,0.0,0.0,0.0,0.0,0.0,0,0.0,0.0,0.0,no,POC1B,gene-driven,no,115630,0.14620773155755426,long
ENSG00000139324,1.0,0.9069,0.15,0.0,0.6767,0.0,93.53927550857044,0.0,True,False,0.0,0.0,0.0,0.0,0.0,0.0,0,0.0,0.0,0.0,no,TMTC3,gene-driven,no,110200,0.15475499092558984,long
ENSG00000139329,0.0001,0.0145,0.0,0.0,0.0037,0.5,-0.0075537256170719,0.5,False,False,0.0,0.0,0.0,0.0,0.0,0.0,0,0.0,0.0,0.0,no,LUM,neutral,no,11660,0.36312178387650085,short
ENSG00000139330,0.0001,0.2585,0.0,0.0,0.0647,0.5,0.0,0.5,False,False,0.0,0.0,0.0,0.0,0.0,0.0,0,0.0,0.0,0.0,no,KERA,neutral,no,32110,0.18561195889131113,short
ENSG00000139350,0.4573,0.7284,0.15,0.0,0.4693,1.837171628915613e-05,20.42310210735741,6.758943551942499e-05,True,False,0.0,0.4076,0.0,0.0,0.0,0.1426,1,0.0,0.0,0.0,no,NEDD1,gene-driven,no,117340,0.11065280381796488,long
ENSG00000139351,0.6192,0.7565,0.15,0.0,0.5249,4.93683532942768e-07,27.6564479322542,2.026057667374033e-06,True,False,0.0,0.0,0.0,0.0,0.0,0.0,0,0.0,0.0,0.0,no,SYCP3,gene-driven,no,21340,0.16134020618556702,short
ENSG00000139352,0.0001,0.2585,0.0,0.0,0.0647,0.5,0.0,0.5,False,False,0.0,0.0,0.0,0.0,0.0,0.0,0,0.0,0.0,0.0,no,ASCL1,neutral,no,7200,0.6338888888888888,short
ENSG00000139364,0.0082,0.4702,0.0,0.0,0.12,0.4171888922416658,0.3621380003605736,0.5,False,False,0.0,0.0,0.0,0.0,0.0,0.0,0,0.0,0.0,0.0,no,TMEM132B,neutral,no,217890,0.18430400660883933,long
ENSG00000139370,0.4005,0.7175,0.15,0.0,0.4495,6.537904967862662e-05,17.88432302323781,0.0002312911757478,True,False,0.0,0.0,0.0,0.0,0.0,0.0,0,0.0,0.0,0.0,no,SLC15A4,gene-driven,no,43070,0.2476898072904574,medium
ENSG00000139405,1.0,0.8617,0.15,0.0,0.6654,2.942091015256665e-15,65.51431603585843,2.1239420478790496e-14,True,False,0.0,0.4076,0.0,0.0,0.0,0.1426,1,0.0,0.0,0.0,no,RITA1,gene-driven,no,26250,0.2638095238095238,short
ENSG00000139410,0.0097,0.4763,0.0,0.0,0.122,0.4038478293787331,0.4271399027129519,0.5,False,False,0.0,0.0,0.0,0.0,0.0,0.0,0,0.0,0.0,0.0,no,SDSL,neutral,no,35670,0.283964115503224,medium
ENSG00000139428,1.0,0.8725,0.15,0.0,0.6681,1.665334536937735e-16,71.28727137362148,1.2963026583299364e-15,True,False,0.0,0.0,0.0,0.0,0.0,0.0,0,0.0,0.0,0.0,no,MMAB,gene-driven,no,48420,0.19403139198678232,medium
ENSG00000139437,0.0001,0.0909,0.0,0.0,0.0227,0.5,-0.0005182549721212,0.5,False,False,0.0,0.0,0.0,0.0,0.0,0.0,0,0.0,0.0,0.0,no,TCHP,neutral,no,55080,0.24094045025417574,medium
ENSG00000139496,1.0,0.8866,0.15,0.0,0.6717,0.0,78.71719212236349,0.0,True,False,0.0,0.0,0.0,0.0,0.0,0.0,0,0.0,0.0,0.0,no,NUP58,gene-driven,no,190030,0.18308161869178552,long
ENSG00000139505,0.0001,0.0241,0.0,0.0,0.0061,0.5,-0.0061596119485329,0.5,False,False,0.0,0.0,0.0,0.0,0.0,0.0,0,0.0,0.0,0.0,no,MTMR6,neutral,no,156400,0.15218670076726343,long
ENSG00000139508,0.0001,0.2585,0.0,0.0,0.0647,0.5,0.0,0.5,False,False,0.0,0.0,0.0,0.0,0.0,0.0,0,0.0,0.0,0.0,no,SLC46A3,neutral,no,40710,0.18165070007369197,medium
ENSG00000139515,0.0001,0.0157,0.0,0.0,0.004,0.5,-0.0074006596869367,0.5,False,False,0.0,0.4076,0.0,0.0,0.0,0.1426,1,0.0,0.0,0.0,no,PDX1,neutral,no,14870,0.39556153328850036,short
ENSG00000139517,0.0001,0.2585,0.0,0.0,0.0647,0.5,0.0,0.5,False,False,0.0,0.0,0.0,0.0,0.0,0.0,0,0.0,0.0,0.0,no,LNX2,neutral,no,107040,0.14890695067264573,long
ENSG00000139549,0.0773,0.6267,0.0,0.0,0.1799,0.0890764983003786,3.450225132341984,0.2384642101970309,False,False,0.0,0.0,0.0,0.0,0.0,0.0,0,0.0,0.0,0.0,no,DHH,neutral,no,17540,0.4444127708095781,short
ENSG00000139567,1.0,0.9968,0.15,0.0,0.6992,0.0,387.5580439093537,0.0,True,False,0.0,0.0,0.0,0.0,0.0,0.0,0,0.0,0.0,0.0,no,ACVRL1,gene-driven,no,87580,0.24738524777346427,long
ENSG00000139579,1.0,0.9839,0.15,0.0,0.696,0.0,230.7045983116877,0.0,True,False,0.0,0.0,0.0,0.0,0.0,0.0,0,0.0,0.0,0.0,no,NABP2,gene-driven,no,41270,0.1498425006057669,medium
ENSG00000139597,0.5604,0.7473,0.15,0.0,0.5049,1.837080128963553e-06,25.02837190542414,7.263622067936973e-06,True,False,0.0,0.0,0.0,0.0,0.0,0.0,0,0.0,0.0,0.0,no,N4BP2L1,gene-driven,no,50700,0.17287968441814597,medium
ENSG00000139610,0.4394,0.7256,0.15,0.0,0.4632,2.741978121190147e-05,19.62219736499537,9.984333217276568e-05,True,False,0.0,0.0,0.0,0.0,0.0,0.0,0,0.0,0.0,0.0,no,CELA1,gene-driven,no,9250,0.47967567567567565,short
ENSG00000139636,1.0,0.9819,0.15,0.0,0.6955,0.0,223.268086541917,0.0,True,False,0.0,0.0,0.0,0.0,0.0,0.0,0,0.0,0.0,0.0,no,LMBR1L,gene-driven,no,76930,0.24302612764851164,medium
ENSG00000139644,1.0,0.963,0.15,0.0,0.6908,0.0,160.0719099023408,0.0,True,False,0.0,0.0,0.0,0.0,0.0,0.0,0,0.0,0.0,0.0,no,TMBIM6,gene-driven,no,95180,0.12449043916789242,long
ENSG00000139645,0.3926,0.7165,0.15,0.0,0.4469,7.793715111559241e-05,17.53292126097949,0.0002747408856477,True,False,0.0,0.0,0.0,0.0,0.0,0.0,0,0.0,0.0,0.0,no,ANKRD52,gene-driven,no,166010,0.20407806758629,long
ENSG00000139651,0.1435,0.6574,0.075,0.0,0.2824,0.0203115853194086,6.40683333965444,0.0592550295476474,False,False,0.0,0.0,0.0,0.0,0.0,0.0,0,0.0,0.0,0.0,no,ZNF740,neutral,no,18780,0.19398296059637912,short
ENSG00000139668,0.0007,0.419,0.0,0.0,0.105,0.4933363800412984,0.02683368918224,0.5,False,False,0.0,0.0,0.0,0.0,0.0,0.0,0,0.0,0.0,0.0,no,WDFY2,neutral,no,85010,0.1848841312786731,long
ENSG00000139697,1.0,0.9566,0.15,0.0,0.6891,0.0,147.1220529771963,0.0,True,False,0.0,0.0,0.0,0.0,0.0,0.0,0,0.0,0.0,0.0,no,SBNO1,gene-driven,no,163720,0.22271561202052284,long
ENSG00000139718,0.0015,0.432,0.0,0.0,0.1085,0.4844413045692567,0.0632236416568048,0.5,False,False,0.0,0.0,0.0,0.0,0.0,0.0,0,0.0,0.0,0.0,no,SETD1B,neutral,no,240450,0.2702724059055937,long
ENSG00000139726,0.0001,0.0535,0.0,0.0,0.0134,0.5,-0.0029662198830919,0.5,False,False,0.0,0.0,0.0,0.0,0.0,0.0,0,0.0,0.0,0.0,no,DENR,neutral,no,17880,0.20676733780760626,short
ENSG00000139746,0.9369,0.8034,0.15,0.0,0.6319,4.0926362299131814e-10,41.8470288051758,2.079343473706656e-09,True,False,0.0,0.0,0.0,0.0,0.0,0.0,0,0.0,0.0,0.0,no,RBM26,gene-driven,no,259800,0.1958737490377213,long
ENSG00000139780,0.0001,0.2585,0.0,0.0,0.0647,0.5,0.0,0.5,False,False,0.0,0.0,0.0,0.0,0.0,0.0,0,0.0,0.0,0.0,no,METTL21C,neutral,no,17040,0.2562793427230047,short
ENSG00000139797,0.0001,0.036,0.0,0.0,0.009,0.5,-0.004872607809375,0.5,False,False,0.0,0.0,0.0,0.0,0.0,0.0,0,0.0,0.0,0.0,no,RNF113B,neutral,no,10530,0.5801519468186135,short
ENSG00000139835,0.0492,0.5983,0.0,0.0,0.1643,0.1668836271730892,2.194622744169465,0.4152472043816637,False,False,0.0,0.0,0.0,0.0,0.0,0.0,0,0.0,0.0,0.0,no,GRTP1,neutral,no,56990,0.2188629584137568,medium
ENSG00000139842,1.0,0.9174,0.15,0.0,0.6793,0.0,102.8943639078498,0.0,True,False,0.0,0.0,0.0,0.0,0.0,0.0,0,0.0,0.0,0.0,no,CUL4A,gene-driven,no,110250,0.19839455782312926,long
ENSG00000139865,0.2772,0.6948,0.15,0.0,0.4069,0.0010253658041302,12.37911733494548,0.0033575836140513,True,False,0.0,0.4076,0.0,0.0,0.0,0.1426,1,0.0,0.0,0.0,no,TTC6,gene-driven,no,226630,0.1618452985041698,long
ENSG00000139880,1.0,0.8339,0.15,0.0,0.6585,2.302880108828731e-12,52.20743262064934,1.3850696083813914e-11,True,False,0.0,0.0,0.0,0.0,0.0,0.0,0,0.0,0.0,0.0,no,CDH24,gene-driven,no,173290,0.21439783022678746,long
ENSG00000139890,0.0001,0.2585,0.0,0.0,0.0647,0.5,0.0,0.5,False,False,0.0,0.0,0.0,0.0,0.0,0.0,0,0.0,0.0,0.0,no,REM2,neutral,no,25870,0.3449942017781214,short
ENSG00000139908,1.0,0.8368,0.15,0.0,0.6592,1.125100013155134e-12,53.639956709736,6.883453217015543e-12,True,False,0.0,0.0,0.0,0.0,0.0,0.0,0,0.0,0.0,0.0,no,TSSK4,gene-driven,no,41530,0.19643631110040935,medium
ENSG00000139910,1.0,0.9723,0.15,0.0,0.6931,0.0,183.3096706060533,0.0,True,False,0.0,0.0,0.0,0.0,0.0,0.0,0,0.0,0.0,0.0,no,NOVA1,gene-driven,no,125340,0.18296633157810754,long
ENSG00000139914,1.0,0.9103,0.15,0.0,0.6776,0.0,95.93316205668545,0.0,True,False,0.0,0.0,0.0,0.0,0.0,0.0,0,0.0,0.0,0.0,no,FITM1,gene-driven,no,11690,0.48982035928143713,short
ENSG00000139970,0.0116,0.4829,0.0,0.0,0.1242,0.3871686766376995,0.5114952867807006,0.5,False,False,0.0,0.0,0.0,0.0,0.0,0.0,0,0.0,0.0,0.0,no,RTN1,neutral,no,101630,0.1965954934566565,long
ENSG00000139973,1.0,0.8625,0.15,0.0,0.6656,2.498001805406602e-15,65.8536769840066,1.8138775153419614e-14,True,False,0.0,0.0,0.0,0.0,0.0,0.0,0,0.0,0.0,0.0,no,SYT16,gene-driven,no,113530,0.15404738835550075,long
ENSG00000139988,0.0001,0.0871,0.0,0.0,0.0218,0.5,-0.0006783234039176,0.5,False,False,0.0,0.0,0.0,0.0,0.0,0.0,0,0.0,0.0,0.0,no,RDH12,neutral,no,19720,0.37885395537525357,short
ENSG00000139990,1.0,0.8394,0.15,0.0,0.6598,7.569500581894317e-13,54.43271493465727,4.706336986792792e-12,True,False,0.0,0.0,0.0,0.0,0.0,0.0,0,0.0,0.0,0.0,no,DCAF5,gene-driven,no,151850,0.22033585775436285,long
ENSG00000140009,0.0849,0.6317,0.0,0.0,0.1834,0.0753077213036066,3.786050856055226,0.2042623418833436,False,False,0.0,0.4076,0.0,0.0,0.0,0.1426,1,0.0,0.0,0.0,no,ESR2,neutral,no,163420,0.23563211357239017,long
ENSG00000140015,0.1546,0.6616,0.15,0.0,0.3618,0.0158732167634387,6.899949779734015,0.0468844300364278,True,False,0.0,0.0,0.0,0.0,0.0,0.0,0,0.0,0.0,0.0,no,KCNH5,gene-driven,no,113660,0.21657575224353334,long
ENSG00000140025,0.0001,0.2585,0.0,0.0,0.0647,0.5,0.0,0.5,False,False,0.0,0.4076,0.0,0.0,0.0,0.1426,1,0.0,0.0,0.0,no,EFCAB11,neutral,no,38190,0.16716417910447762,medium
ENSG00000140043,0.0156,0.5084,0.0,0.0,0.1318,0.3539943407607439,0.6906543438926747,0.5,False,False,0.0,0.0,0.0,0.0,0.0,0.0,0,0.0,0.0,0.0,no,PTGR2,neutral,no,62780,0.1340713603058299,medium
ENSG00000140093,0.0001,0.2585,0.0,0.0,0.0647,0.5,0.0,0.5,False,False,0.0,0.0,0.0,0.0,0.0,0.0,0,0.0,0.0,0.0,no,SERPINA10,neutral,no,59930,0.15287835808443184,medium
ENSG00000140107,0.0001,0.2585,0.0,0.0,0.0647,0.5,0.0,0.5,False,False,0.0,0.0,0.0,0.0,0.0,0.0,0,0.0,0.0,0.0,no,SLC25A47,neutral,no,19550,0.34347826086956523,short
ENSG00000140254,1.0,0.8735,0.15,0.0,0.6684,1.110223024625157e-16,71.71860126123647,8.751583715507972e-16,True,False,0.0,0.0,0.0,0.0,0.0,0.0,0,0.0,0.0,0.0,no,DUOXA1,gene-driven,no,107847,0.21029792205624634,long
ENSG00000140259,0.0001,0.0462,0.0,0.0,0.0116,0.5,-0.0037291278276825,0.5,False,False,0.0,0.0,0.0,0.0,0.0,0.0,0,0.0,0.0,0.0,no,MFAP1,neutral,no,32430,0.2324390995991366,short
ENSG00000140265,1.0,0.8792,0.15,0.0,0.6698,5.551115123125783e-17,74.00059347595379,4.453426874585104e-16,True,False,0.0,0.0,0.0,0.0,0.0,0.0,0,0.0,0.0,0.0,no,ZSCAN29,gene-driven,no,131550,0.18808057772709996,long
ENSG00000140274,0.0143,0.4986,0.0,0.0,0.1289,0.3642619355157971,0.633469772981698,0.5,False,False,0.0,0.0,0.0,0.0,0.0,0.0,0,0.0,0.0,0.0,no,DUOXA2,neutral,no,21090,0.31313418681839733,short
ENSG00000140280,0.0001,0.2585,0.0,0.0,0.0647,0.5,0.0,0.5,False,False,0.0,0.0,0.0,0.0,0.0,0.0,0,0.0,0.0,0.0,no,LYSMD2,neutral,no,25970,0.21578744705429342,short
ENSG00000140284,0.0053,0.4576,0.0,0.0,0.116,0.4450537565037747,0.2328260448266519,0.5,False,False,0.0,0.0,0.0,0.0,0.0,0.0,0,0.0,0.0,0.0,no,SLC27A2,neutral,no,78180,0.23525198260424662,medium
ENSG00000140320,0.0001,0.2585,0.0,0.0,0.0647,0.5,0.0,0.5,False,False,0.0,0.0,0.0,0.0,0.0,0.0,0,0.0,0.0,0.0,no,BAHD1,neutral,no,105230,0.23863917133897178,long
ENSG00000140323,0.0157,0.5099,0.0,0.0,0.1322,0.3525920058894211,0.6985930011796881,0.5,False,False,0.0,0.0,0.0,0.0,0.0,0.0,0,0.0,0.0,0.0,no,DISP2,neutral,no,102780,0.31250243237984043,long
ENSG00000140326,0.0001,0.2585,0.0,0.0,0.0647,0.5,0.0,0.5,False,False,0.0,0.0,0.0,0.0,0.0,0.0,0,0.0,0.0,0.0,no,CDAN1,neutral,no,99840,0.29910857371794874,long
ENSG00000140451,0.0001,0.1144,0.0,0.0,0.0286,0.5,-8.468319720122963e-06,0.5,False,False,0.0,0.0,0.0,0.0,0.0,0.0,0,0.0,0.0,0.0,no,PIF1,neutral,no,74400,0.2697311827956989,medium
ENSG00000140465,0.0001,0.0233,0.0,0.0,0.0059,0.5,-0.0062727437980356,0.5,False,False,0.0,0.0,0.0,0.0,0.0,0.0,0,0.0,0.0,0.0,no,CYP1A1,neutral,no,97250,0.2272904884318766,long
ENSG00000140474,0.0007,0.4196,0.0,0.0,0.1051,0.4931080455601342,0.0277595780789852,0.5,False,False,0.0,0.0,0.0,0.0,0.0,0.0,0,0.0,0.0,0.0,no,ULK3,neutral,no,82960,0.2691899710703954,long
ENSG00000140488,0.0001,0.2585,0.0,0.0,0.0647,0.5,0.0,0.5,False,False,0.0,0.0,0.0,0.0,0.0,0.0,0,0.0,0.0,0.0,no,CELF6,neutral,no,64240,0.45974470734744705,medium
ENSG00000140497,0.1848,0.6711,0.15,0.0,0.3732,0.0080804509418668,8.25032083572296,0.0245523292515855,True,False,0.0,0.0,0.0,0.0,0.0,0.0,0,0.0,0.0,0.0,no,SCAMP2,gene-driven,no,52700,0.19464895635673624,medium
ENSG00000140506,0.0183,0.5243,0.0,0.0,0.1366,0.3331031045122064,0.8123120663585723,0.5,False,False,0.0,0.0,0.0,0.0,0.0,0.0,0,0.0,0.0,0.0,no,LMAN1L,neutral,no,54190,0.3318878021775235,medium
ENSG00000140527,0.2141,0.6785,0.15,0.0,0.3839,0.004195996954012,9.560954267733903,0.013044305530785,True,False,0.0,0.0,0.0,0.0,0.0,0.0,0,0.0,0.0,0.0,no,WDR93,gene-driven,no,43002,0.24370959490256267,medium
ENSG00000140545,0.5983,0.7541,0.15,0.0,0.518,7.871892491184695e-07,26.7232999358821,3.1989210172510355e-06,True,False,0.0,0.0,0.0,0.0,0.0,0.0,0,0.0,0.0,0.0,no,MFGE8,gene-driven,no,99693,0.20067607555194447,long
ENSG00000140564,0.3033,0.7004,0.15,0.0,0.4161,0.0005730239654115,13.54287167432631,0.0019116171723388,True,False,0.0,0.0,0.0,0.0,0.0,0.0,0,0.0,0.0,0.0,no,FURIN,gene-driven,no,128547,0.17943631512209543,long
ENSG00000140575,0.2858,0.6972,0.15,0.0,0.41,0.0008467356881352,12.76194957603002,0.0027947334524117,True,False,0.0,0.8761,0.0,0.0,0.0,0.3066,2,0.0,0.0,0.0,no,,dual-driven,no,290673,0.2170067395320515,long
ENSG00000140986,0.0001,0.2585,0.0,0.0,0.0647,0.5,0.0,0.5,False,False,0.0,0.0,0.0,0.0,0.0,0.0,0,0.0,0.0,0.0,no,RPL3L,neutral,no,34803,0.2728213085078873,medium
ENSG00000140987,0.0417,0.5877,0.0,0.0,0.1594,0.1973394881767921,1.859365125055774,0.4783463032121656,False,False,0.0,0.0,0.0,0.0,0.0,0.0,0,0.0,0.0,0.0,no,ZSCAN32,neutral,no,100827,0.1443462564590834,long
ENSG00000140993,0.0008,0.4198,0.0,0.0,0.1052,0.4928598440112809,0.0287665137275325,0.5,False,False,0.0,0.0,0.0,0.0,0.0,0.0,0,0.0,0.0,0.0,no,TIGD7,neutral,no,31068,0.20915411355735805,short
ENSG00000141068,1.0,0.958,0.15,0.0,0.6895,0.0,148.9087919270969,0.0,True,False,0.0,0.0,0.0,0.0,0.0,0.0,0,0.0,0.0,0.0,no,KSR1,gene-driven,no,134919,0.2524774123733499,long
ENSG00000141127,0.4863,0.7336,0.15,0.0,0.4793,9.616781924182138e-06,21.71770737611223,3.607381092826694e-05,True,False,0.0,0.0,0.0,0.0,0.0,0.0,0,0.0,0.0,0.0,no,PRPSAP2,gene-driven,no,128079,0.1593391578635061,long
ENSG00000141161,0.1916,0.6733,0.15,0.0,0.3758,0.0069471228144559,8.552561016287655,0.0212515306759555,True,False,0.0,0.0,0.0,0.0,0.0,0.0,0,0.0,0.0,0.0,no,UNC45B,gene-driven,no,118080,0.22195968834688348,long
ENSG00000141314,1.0,0.9238,0.15,0.0,0.681,0.0,108.4768309014107,0.0,True,False,0.0,0.0,0.0,0.0,0.0,0.0,0,0.0,0.0,0.0,no,RHBDL3,gene-driven,no,63774,0.2737636027221125,medium
ENSG00000141316,0.7936,0.7807,0.15,0.0,0.5832,1.004750704858282e-08,35.44558821485043,4.5765842545467913e-08,True,False,0.0,0.0,0.0,0.0,0.0,0.0,0,0.0,0.0,0.0,no,SPACA3,gene-driven,no,21825,0.24430698739977091,short
ENSG00000142208,0.168,0.6659,0.15,0.0,0.3669,0.0117641172315359,7.499108225107193,0.0351862411964281,True,False,0.0,0.0,0.0,0.0,0.0,0.0,0,0.0,0.0,0.0,no,AKT1,gene-driven,no,195620,0.20460075656885798,long
ENSG00000142224,1.0,0.9007,0.15,0.0,0.6752,0.0,87.80896331810254,0.0,True,False,0.0,0.0,0.0,0.0,0.0,0.0,0,0.0,0.0,0.0,no,IL19,gene-driven,no,23220,0.24991386735572782,short
ENSG00000142319,0.0001,0.2585,0.0,0.0,0.0647,0.5,0.0,0.5,False,False,0.0,0.0,0.2464,0.0,0.5325,0.1661,0,0.8088020437265876,0.0,133.7,yes,SLC6A3,neutral,no,68920,0.22302669762042948,medium
ENSG00000142606,1.0,0.8448,0.15,0.0,0.6612,1.959543638463401e-13,57.13566801077104,1.260901689225997e-12,True,False,0.0,0.0,0.0,0.0,0.0,0.0,0,0.0,0.0,0.0,no,MMEL1,gene-driven,no,187750,0.16080958721704394,long
ENSG00000142611,0.0406,0.585,0.0,0.0,0.1584,0.2025844706016515,1.806902320007794,0.4879685989213629,False,False,0.0,0.8761,0.0,0.0,0.0,0.3066,2,0.0,0.0,0.0,no,PRDM16,regulation-driven,no,189790,0.2243690394646715,long
ENSG00000142619,0.0001,0.2585,0.0,0.0,0.0647,0.5,0.0,0.5,False,False,0.0,0.0,0.0,0.0,0.0,0.0,0,0.0,0.0,0.0,no,PADI3,neutral,no,25340,0.4549723756906077,short
ENSG00000142623,0.0001,0.2585,0.0,0.0,0.0647,0.5,0.0,0.5,False,False,0.0,0.0,0.0,0.0,0.0,0.0,0,0.0,0.0,0.0,no,PADI1,neutral,no,22170,0.5160577356788453,short
ENSG00000142627,0.0001,0.2585,0.0,0.0,0.0647,0.5,0.0,0.5,False,False,0.0,0.0,0.0,0.0,0.0,0.0,0,0.0,0.0,0.0,no,EPHA2,neutral,no,108370,0.26435360339577374,long
ENSG00000142655,1.0,0.9059,0.15,0.0,0.6765,0.0,92.63520765910287,0.0,True,False,0.0,0.4076,0.0,0.0,0.0,0.1426,1,0.0,0.0,0.0,no,PEX14,gene-driven,no,31930,0.3460695270905105,short
ENSG00000142677,0.0001,0.0181,0.0,0.0,0.0046,0.5,-0.0071181781713676,0.5,False,False,0.0,0.0,0.0,0.0,0.0,0.0,0,0.0,0.0,0.0,no,IL22RA1,neutral,no,39300,0.27114503816793895,medium
ENSG00000142694,0.0001,0.2585,0.0,0.0,0.0647,0.5,0.0,0.5,False,False,0.0,0.0,0.0,0.0,0.0,0.0,0,0.0,0.0,0.0,no,EVA1B,neutral,no,9960,0.39759036144578314,short
ENSG00000142698,0.2142,0.6787,0.15,0.0,0.3839,0.004193390508591,9.562197002327594,0.013044305530785,True,False,0.0,0.0,0.0,0.0,0.0,0.0,0,0.0,0.0,0.0,no,C1orf94,gene-driven,no,34060,0.31283029947152086,medium
ENSG00000142700,0.0669,0.6192,0.0,0.0,0.1749,0.1125174582053748,2.982999409181502,0.2953360618013373,False,False,0.0,0.0,0.0,0.0,0.0,0.0,0,0.0,0.0,0.0,no,DMRTA2,neutral,no,49020,0.291921664626683,medium
ENSG00000142748,0.0001,0.2585,0.0,0.0,0.0647,0.5,0.0,0.5,False,False,0.0,0.0,0.0,0.0,0.0,0.0,0,0.0,0.0,0.0,no,FCN3,neutral,no,42780,0.261781206171108,medium
ENSG00000142751,0.0001,0.2585,0.0,0.0,0.0647,0.5,0.0,0.5,False,False,0.0,0.0,0.0,0.0,0.0,0.0,0,0.0,0.0,0.0,no,GPN2,neutral,no,26220,0.33268497330282226,short
ENSG00000142784,1.0,0.9035,0.15,0.0,0.6759,0.0,90.35118476349452,0.0,True,False,0.0,0.0,0.0,0.0,0.0,0.0,0,0.0,0.0,0.0,no,WDTC1,gene-driven,no,121570,0.20318335115571276,long
ENSG00000142789,0.2402,0.685,0.15,0.0,0.3933,0.0023455973488378,10.72413599206993,0.0074406895491834,True,False,0.0,0.0,0.0,0.0,0.0,0.0,0,0.0,0.0,0.0,no,CELA3A,gene-driven,no,13630,0.3809244314013206,short
ENSG00000142856,0.4293,0.7242,0.15,0.0,0.4598,3.436903794601376e-05,19.17041455616709,0.0001245095373222,True,False,0.0,0.0,0.0,0.0,0.0,0.0,0,0.0,0.0,0.0,no,ITGB3BP,gene-driven,no,50020,0.1312874850059976,medium
ENSG00000142864,0.0001,0.0708,0.0,0.0,0.0177,0.5,-0.0014151558862067,0.5,False,False,0.0,0.0,0.0,0.0,0.0,0.0,0,0.0,0.0,0.0,no,SERBP1,neutral,no,56280,0.19522032693674485,medium
ENSG00000142867,0.8405,0.7871,0.15,0.0,0.5989,3.524421310352466e-09,37.54080479692129,1.6538180752540724e-08,True,False,0.0,0.0,0.0,0.0,0.0,0.0,0,0.0,0.0,0.0,no,BCL10,gene-driven,no,61940,0.13722957701000968,medium
ENSG00000142871,0.0001,0.1219,0.0,0.0,0.0305,0.5,-1.818989403545856e-12,0.5,False,False,0.0,0.0,0.0,0.0,0.0,0.0,0,0.0,0.0,0.0,no,CCN1,neutral,no,25830,0.27967479674796747,short
ENSG00000142910,0.0001,0.1084,0.0,0.0,0.0271,0.5,-8.158987475326285e-05,0.5,False,False,0.0,0.0,0.0,0.0,0.0,0.0,0,0.0,0.0,0.0,no,TINAGL1,neutral,no,99240,0.22361950826279725,long
ENSG00000142920,0.2267,0.6828,0.15,0.0,0.3887,0.0031669294856065,10.12369119305004,0.0099761287279334,True,False,0.0,0.0,0.0,0.0,0.0,0.0,0,0.0,0.0,0.0,no,AZIN2,gene-driven,no,53730,0.2340964079657547,medium
ENSG00000142937,0.8578,0.7899,0.15,0.0,0.6048,2.3976133856074e-09,38.31128965542666,1.1401270535383565e-08,True,False,0.0,0.0,0.6184,0.0,0.0,0.2164,0,1.3938768885571926,0.0,0.0,no,RPS8,gene-driven,no,20190,0.22159484893511638,short
ENSG00000142945,0.6781,0.7642,0.15,0.0,0.5445,1.326368391785238e-07,30.28500759086455,5.61955398700151e-07,True,False,0.0,0.0,0.0,0.0,0.0,0.0,0,0.0,0.0,0.0,no,KIF2C,gene-driven,no,77650,0.24079845460399227,medium
ENSG00000142959,0.0279,0.5517,0.0,0.0,0.1463,0.268578754899564,1.242927826198866,0.5,False,False,0.0,0.0,0.0,0.0,0.0,0.0,0,0.0,0.0,0.0,no,BEST4,neutral,no,30860,0.34044069993519116,short
ENSG00000142961,0.0001,0.2585,0.0,0.0,0.0647,0.5,0.0,0.5,False,False,0.0,0.4076,0.0,0.0,0.0,0.1426,1,0.0,0.0,0.0,no,MOB3C,neutral,no,22730,0.29080510338759347,short
ENSG00000143001,0.0001,0.2585,0.0,0.0,0.0647,0.5,0.0,0.5,False,False,0.0,0.0,0.0,0.0,0.0,0.0,0,0.0,0.0,0.0,no,TMEM61,neutral,no,15100,0.3471523178807947,short
ENSG00000143006,0.0627,0.6162,0.0,0.0,0.1729,0.1236066369374114,2.795007715554675,0.3218949801710389,False,False,0.0,0.0,0.0,0.0,0.0,0.0,0,0.0,0.0,0.0,no,DMRTB1,neutral,no,35180,0.2854462762933485,medium
ENSG00000143013,0.0001,0.2585,0.0,0.0,0.0647,0.5,0.0,0.5,False,False,0.0,0.4076,0.0,0.0,0.0,0.1426,1,0.0,0.0,0.0,no,LMO4,neutral,no,29480,0.17778154681139755,short
ENSG00000143028,0.0145,0.5022,0.0,0.0,0.1299,0.3624559670671507,0.6434102032908413,0.5,False,False,0.0,0.0,0.0,0.0,0.0,0.0,0,0.0,0.0,0.0,no,SYPL2,neutral,no,17380,0.2983889528193326,short
ENSG00000143032,0.0063,0.4628,0.0,0.0,0.1176,0.4350792110507163,0.2781599790669134,0.5,False,False,0.0,0.0,0.0,0.0,0.0,0.0,0,0.0,0.0,0.0,no,BARHL2,neutral,no,28940,0.28790601243953007,short
ENSG00000143033,1.0,0.9144,0.15,0.0,0.6786,0.0,100.0533759710161,0.0,True,False,0.0,0.0,0.0,0.0,0.0,0.0,0,0.0,0.0,0.0,no,MTF2,gene-driven,no,97780,0.20967478011863366,long
ENSG00000143093,0.1361,0.6548,0.075,0.0,0.2795,0.0239731276635078,6.075349152248236,0.069407646681192,False,False,0.0,0.0,0.814,0.0,0.0,0.2849,0,2.3481871600112254,0.0,0.0,no,STRIP1,neutral,no,118180,0.2230242003723134,long
ENSG00000143106,0.0001,0.2585,0.0,0.0,0.0647,0.5,0.0,0.5,False,False,0.0,0.0,0.0,0.0,0.0,0.0,0,0.0,0.0,0.0,no,PSMA5,neutral,no,16210,0.23442319555829735,short
ENSG00000143110,1.0,0.8892,0.15,0.0,0.6723,0.0,80.72091740803899,0.0,True,False,0.0,0.0,0.0,0.0,0.0,0.0,0,0.0,0.0,0.0,no,C1orf162,gene-driven,no,10580,0.24754253308128543,short
ENSG00000143119,0.7066,0.7684,0.15,0.0,0.5541,7.012619612778438e-08,31.5596444720104,3.025218556284471e-07,True,False,0.0,0.0,0.9396,0.1567,0.7988,0.4722,0,6.0946453640100655,0.049,423.9,yes,CD53,dual-driven,no,40890,0.14245536806065054,medium
ENSG00000143125,0.2071,0.6767,0.15,0.0,0.3813,0.0049051162512074,9.248658610371422,0.01516348553978,True,False,0.0,0.0,0.029,0.0,0.1982,0.0399,0,0.6376627770244849,0.0,10.7,yes,PROK1,gene-driven,no,10070,0.2371400198609732,short
ENSG00000143147,0.0583,0.6124,0.0,0.0,0.1706,0.1363994408184742,2.598040904907975,0.3517111553297514,False,False,0.0,0.0,0.2488,0.0,0.0,0.0871,0,0.8115057196077261,0.0,0.0,no,GPR161,neutral,no,171730,0.23159028707855353,long
ENSG00000143149,0.0004,0.4109,0.0,0.0,0.1029,0.4968831757205557,0.0125063177365518,0.5,False,False,0.0,0.0,0.0,0.0,0.0,0.0,0,0.0,0.0,0.0,no,ALDH9A1,neutral,no,47540,0.205490113588557,medium
ENSG00000143153,0.2289,0.6832,0.15,0.0,0.3894,0.0030208921342073,10.21811180406803,0.0095281658056735,True,False,0.0,0.0,0.0,0.0,0.0,0.0,0,0.0,0.0,0.0,no,ATP1B1,gene-driven,no,112150,0.08956754346856888,long
ENSG00000143155,0.0001,0.2585,0.0,0.0,0.0647,0.5,0.0,0.5,False,False,0.0,0.0,0.0,0.0,0.0,0.0,0,0.0,0.0,0.0,no,TIPRL,neutral,no,33690,0.21211041852181656,medium
ENSG00000143156,0.6621,0.7616,0.15,0.0,0.539,1.896844031845646e-07,29.56951400260004,7.948527560573078e-07,True,False,0.0,0.0,0.0,0.0,0.0,0.0,0,0.0,0.0,0.0,no,NME7,gene-driven,no,61330,0.20394586662318603,medium
ENSG00000143158,0.9779,0.81,0.15,0.0,0.6459,1.636579205488431e-10,43.68019094515603,8.60501582251528e-10,True,False,0.0,0.0,0.6836,0.0,0.0,0.2393,0,1.6230207067645377,0.0,0.0,no,MPC2,gene-driven,no,12530,0.18627294493216282,short
ENSG00000143162,0.8901,0.7933,0.15,0.0,0.6154,1.163855012364934e-09,39.75676175785884,5.625864753647407e-09,True,False,0.0,0.0,0.0,0.0,0.0,0.0,0,0.0,0.0,0.0,no,CREG1,gene-driven,no,24630,0.24669102720259845,short
ENSG00000143171,0.0053,0.457,0.0,0.0,0.1158,0.4457211906862684,0.2298289497266524,0.5,False,False,0.0,0.0,0.0,0.0,0.0,0.0,0,0.0,0.0,0.0,no,RXRG,neutral,no,76920,0.29594383775351013,medium
ENSG00000143179,1.0,0.8307,0.15,0.0,0.6577,4.79943862430332e-12,50.73875715914255,2.831839586866514e-11,True,False,0.0,0.0,0.0,0.0,0.0,0.0,0,0.0,0.0,0.0,no,UCK2,gene-driven,no,42840,0.20655929038281978,medium
ENSG00000143185,0.0243,0.5412,0.0,0.0,0.1426,0.2909479035954085,1.082927745371308,0.5,False,False,0.0,0.0,0.0,0.0,0.0,0.0,0,0.0,0.0,0.0,no,XCL2,neutral,no,17140,0.13774795799299883,short
ENSG00000143194,1.0,0.8386,0.15,0.0,0.6596,8.085754288345015e-13,54.30072173313965,5.0023061977895655e-12,True,False,0.0,0.0,0.0,0.0,0.0,0.0,0,0.0,0.0,0.0,no,MAEL,gene-driven,no,58710,0.1940384942939874,medium
ENSG00000143196,0.0171,0.5187,0.0,0.0,0.1348,0.342346204795024,0.7575711572762884,0.5,False,False,0.0,0.0,0.0,0.0,0.0,0.0,0,0.0,0.0,0.0,no,DPT,neutral,no,9010,0.35094339622641507,short
ENSG00000143198,0.0144,0.5006,0.0,0.0,0.1295,0.3634014535526941,0.638199885157519,0.5,False,False,0.0,0.0,0.0,0.0,0.0,0.0,0,0.0,0.0,0.0,no,MGST3,neutral,no,32260,0.21106633601983882,short
ENSG00000143217,0.0001,0.2585,0.0,0.0,0.0647,0.5,0.0,0.5,False,False,0.0,0.0,0.0,0.0,0.0,0.0,0,0.0,0.0,0.0,no,NECTIN4,neutral,no,92020,0.20439034992392957,long
ENSG00000143222,0.0001,0.2585,0.0,0.0,0.0647,0.5,0.0,0.5,False,False,0.0,0.0,0.0,0.0,0.0,0.0,0,0.0,0.0,0.0,no,UFC1,neutral,no,16700,0.17161676646706586,short
ENSG00000143256,0.0001,0.1106,0.0,0.0,0.0277,0.5,-4.642166095436551e-05,0.5,False,False,0.0,0.0,0.0,0.0,0.0,0.0,0,0.0,0.0,0.0,no,PFDN2,neutral,no,10830,0.2512465373961219,short
ENSG00000143257,0.8025,0.7813,0.15,0.0,0.5861,8.231569592620502e-09,35.84428388540982,3.7597637423043515e-08,True,False,0.0,0.0,0.0,0.0,0.0,0.0,0,0.0,0.0,0.0,no,NR1I3,gene-driven,no,239140,0.13385464581416742,long
ENSG00000143278,0.9803,0.8106,0.15,0.0,0.6468,1.550976569397733e-10,43.78763760174115,8.18086686763979e-10,True,False,0.0,0.0,0.0,0.0,0.0,0.0,0,0.0,0.0,0.0,no,F13B,gene-driven,no,33150,0.2339366515837104,medium
ENSG00000143297,0.0008,0.4212,0.0,0.0,0.1056,0.4918341005129901,0.0329332657420309,0.5,False,False,0.0,0.0,0.0,0.0,0.0,0.0,0,0.0,0.0,0.0,no,FCRL5,neutral,no,278850,0.1326232741617357,long
ENSG00000143318,0.3471,0.7089,0.15,0.0,0.4313,0.0002155681243656,15.49817279104445,0.0007399833337437,True,False,0.0,0.0,0.0,0.0,0.0,0.0,0,0.0,0.0,0.0,no,CASQ1,gene-driven,no,24600,0.23890243902439023,short
ENSG00000143319,0.0001,0.2585,0.0,0.0,0.0647,0.5,0.0,0.5,False,False,0.0,0.0,0.0,0.0,0.0,0.0,0,0.0,0.0,0.0,no,ISG20L2,neutral,no,37680,0.18487261146496814,medium
ENSG00000143321,0.8182,0.7835,0.15,0.0,0.5913,5.800460611826708e-09,36.54436264417018,2.6740467999602176e-08,True,False,0.0,0.0,0.0,0.0,0.0,0.0,0,0.0,0.0,0.0,no,HDGF,gene-driven,no,47130,0.29202206662423086,medium
ENSG00000143324,0.0001,0.0979,0.0,0.0,0.0245,0.5,-0.0003415560349822,0.5,False,False,0.0,0.0,0.0169,0.0,0.0,0.0059,0,0.6221427797243346,0.0,0.0,no,XPR1,neutral,no,72320,0.2983545353982301,medium
ENSG00000143340,0.0117,0.4833,0.0,0.0,0.1243,0.3860099968056072,0.5174896616344995,0.5,False,False,0.0,0.0,0.0,0.0,0.0,0.0,0,0.0,0.0,0.0,no,FAM163A,neutral,no,5940,0.5205387205387205,short
ENSG00000143344,0.0616,0.615,0.0,0.0,0.1722,0.1264949902608832,2.748810787132243,0.3283852200196415,False,False,0.0,0.8761,0.0,0.0,0.0,0.3066,2,0.0,0.0,0.0,no,RGL1,regulation-driven,no,126570,0.24155803112901952,long
ENSG00000143353,0.0193,0.5271,0.0,0.0,0.1376,0.3256694002271027,0.8574506826353172,0.5,False,False,0.0,0.0,0.0,0.0,0.0,0.0,0,0.0,0.0,0.0,no,LYPLAL1,neutral,no,26340,0.14350797266514806,short
ENSG00000143367,0.0001,0.2585,0.0,0.0,0.0647,0.5,0.0,0.5,False,False,0.0,0.0,0.0,0.0,0.0,0.0,0,0.0,0.0,0.0,no,TUFT1,neutral,no,51020,0.34582516660133283,medium
ENSG00000143374,0.0001,0.0474,0.0,0.0,0.0119,0.5,-0.0036366774293128,0.5,False,False,0.0,0.0,0.0,0.0,0.0,0.0,0,0.0,0.0,0.0,no,TARS2,neutral,no,106550,0.31203190990145474,long
ENSG00000143376,1.0,0.8926,0.15,0.0,0.6732,0.0,82.70995435158693,0.0,True,False,0.0,0.0,0.0,0.0,0.0,0.0,0,0.0,0.0,0.0,no,SNX27,gene-driven,no,79130,0.20899785163654747,long
ENSG00000143384,0.2259,0.6825,0.15,0.0,0.3884,0.0032245330544397,10.08763989606086,0.010151156590369,True,False,0.0,0.0,0.0,0.0,0.0,0.0,0,0.0,0.0,0.0,no,MCL1,gene-driven,no,60080,0.23918109187749667,medium
ENSG00000143412,0.0001,0.0553,0.0,0.0,0.0139,0.5,-0.0028022231999784,0.5,False,False,0.0,0.0,0.0,0.0,0.0,0.0,0,0.0,0.0,0.0,no,ANXA9,neutral,no,23230,0.27666810159276795,short
ENSG00000143420,0.0001,0.2585,0.0,0.0,0.0647,0.5,0.0,0.5,False,False,0.0,0.0,0.0,0.0,0.0,0.0,0,0.0,0.0,0.0,no,ENSA,neutral,no,57110,0.15265277534582386,medium
ENSG00000143437,0.1066,0.6431,0.075,0.0,0.2678,0.0463605569576613,4.756318132640445,0.1298408841820988,False,False,0.0,0.0,0.0,0.0,0.0,0.0,0,0.0,0.0,0.0,no,ARNT,neutral,no,174700,0.23969089868345736,long
ENSG00000143443,0.013,0.4889,0.0,0.0,0.1261,0.3753039831972856,0.5737435579030716,0.5,False,False,0.0,0.0,0.0,0.0,0.0,0.0,0,0.0,0.0,0.0,no,C1orf56,neutral,no,20520,0.3447368421052632,short
ENSG00000143452,0.8794,0.7925,0.15,0.0,0.612,1.47704215525124e-09,39.28015422682802,7.112108112506939e-09,True,False,0.0,0.0,0.0,0.0,0.0,0.0,0,0.0,0.0,0.0,no,HORMAD1,gene-driven,no,57470,0.22154167391682617,medium
ENSG00000143458,0.0001,0.2585,0.0,0.0,0.0647,0.5,0.0,0.5,False,False,0.0,0.0,0.0,0.0,0.0,0.0,0,0.0,0.0,0.0,no,GABPB2,neutral,no,77020,0.14814333939236562,medium
ENSG00000143473,0.9328,0.802,0.15,0.0,0.6303,4.488794891344128e-10,41.66223907070525,2.264428579061429e-09,True,False,0.0,0.0,0.0,0.0,0.0,0.0,0,0.0,0.0,0.0,no,,gene-driven,no,329050,0.14542774654307855,long
ENSG00000143476,0.0379,0.5814,0.0,0.0,0.1567,0.2148876269590983,1.688985744338424,0.5,False,False,0.0,0.4076,0.0,0.0,0.0,0.1426,1,0.0,0.0,0.0,no,DTL,neutral,no,78990,0.25921002658564374,long
ENSG00000143494,0.0001,0.2585,0.0,0.0,0.0647,0.5,0.0,0.5,False,False,0.0,0.0,0.4082,0.0,0.4675,0.213,0,0.9543788099707864,0.0,91.8,yes,VASH2,neutral,no,65150,0.19499616270145817,medium
ENSG00000143507,0.0001,0.2585,0.0,0.0,0.0647,0.5,0.0,0.5,False,False,0.0,0.0,0.0,0.0,0.0,0.0,0,0.0,0.0,0.0,no,DUSP10,neutral,no,39970,0.25221416062046537,medium
ENSG00000143515,0.0016,0.4331,0.0,0.0,0.1088,0.4832404447249757,0.0681875069421948,0.5,False,False,0.0,0.0,0.0,0.0,0.0,0.0,0,0.0,0.0,0.0,no,ATP8B2,neutral,no,177950,0.23767350379320035,long
ENSG00000143537,1.0,0.889,0.15,0.0,0.6723,0.0,80.72021738105104,0.0,True,False,0.0,0.0,0.0,0.0,0.0,0.0,0,0.0,0.0,0.0,no,,gene-driven,no,324730,0.29356696332337634,long
ENSG00000143543,1.0,0.8229,0.15,0.0,0.6557,1.914057801144509e-11,47.97212439167197,1.0794244334345564e-10,True,False,0.0,0.0,0.0,0.0,0.0,0.0,0,0.0,0.0,0.0,no,JTB,gene-driven,no,15040,0.1867686170212766,short
ENSG00000143545,0.0001,0.2585,0.0,0.0,0.0647,0.5,0.0,0.5,False,False,0.0,0.0,0.0,0.0,0.0,0.0,0,0.0,0.0,0.0,no,RAB13,neutral,no,20650,0.2555932203389831,short
ENSG00000143546,0.0001,0.2585,0.0,0.0,0.0647,0.5,0.0,0.5,False,False,0.0,0.0,0.0,0.0,0.0,0.0,0,0.0,0.0,0.0,no,S100A8,neutral,no,5630,0.24955595026642985,short
ENSG00000143553,0.0001,0.069,0.0,0.0,0.0173,0.5,-0.0016173099011211,0.5,False,False,0.0,0.0,0.0,0.0,0.0,0.0,0,0.0,0.0,0.0,no,SNAPIN,neutral,no,10060,0.31630218687872763,short
ENSG00000143590,0.0163,0.5139,0.0,0.0,0.1334,0.3484023559092932,0.722500182724616,0.5,False,False,0.0,0.0,0.0,0.0,0.0,0.0,0,0.0,0.0,0.0,no,EFNA3,neutral,no,42300,0.18210401891252956,medium
ENSG00000143595,0.0006,0.4168,0.0,0.0,0.1044,0.4947757157986529,0.0210070758603251,0.5,False,False,0.0,0.0,0.0,0.0,0.0,0.0,0,0.0,0.0,0.0,no,AQP10,neutral,no,24870,0.2874949738640933,short
ENSG00000143603,0.1462,0.6584,0.075,0.0,0.2835,0.0191393933515928,6.525718816541485,0.0559996132534252,False,False,0.0,0.0,0.0,0.0,0.0,0.0,0,0.0,0.0,0.0,no,KCNN3,neutral,no,112420,0.24420032022771748,long
ENSG00000143612,0.0001,0.2585,0.0,0.0,0.0647,0.5,0.0,0.5,False,False,0.0,0.0,0.0,0.0,0.0,0.0,0,0.0,0.0,0.0,no,C1orf43,neutral,no,60640,0.22104221635883906,medium
ENSG00000143627,1.0,0.9395,0.15,0.0,0.6849,0.0,122.2612984070147,0.0,True,False,0.0,0.0,0.0,0.0,0.0,0.0,0,0.0,0.0,0.0,no,PKLR,gene-driven,no,64690,0.3212397588498995,medium
ENSG00000143630,0.0132,0.4903,0.0,0.0,0.1265,0.3734509961990256,0.5836426080968522,0.5,False,False,0.0,0.0,0.0,0.0,0.0,0.0,0,0.0,0.0,0.0,no,HCN3,neutral,no,54970,0.31051482626887394,medium
ENSG00000143633,0.0001,0.2585,0.0,0.0,0.0647,0.5,0.0,0.5,False,False,0.0,0.0,0.0,0.0,0.0,0.0,0,0.0,0.0,0.0,no,C1orf131,neutral,no,36740,0.16219379422972238,medium
ENSG00000143641,0.6972,0.7664,0.15,0.0,0.5508,8.652905020278824e-08,31.13927691736899,3.7007351307710114e-07,True,False,0.0,0.0,0.0,0.0,0.0,0.0,0,0.0,0.0,0.0,no,GALNT2,gene-driven,no,147510,0.23187580503016744,long
ENSG00000143653,0.0001,0.2585,0.0,0.0,0.0647,0.5,0.0,0.5,False,False,0.0,0.0,0.0,0.0,0.0,0.0,0,0.0,0.0,0.0,no,SCCPDH,neutral,no,61260,0.16439764936336926,medium
ENSG00000143674,0.9577,0.8058,0.15,0.0,0.6388,2.5696073047143386e-10,42.77790123607701,1.3217400965510982e-09,True,False,0.0,0.0,0.0,0.0,0.0,0.0,0,0.0,0.0,0.0,no,MAP3K21,gene-driven,no,74350,0.25951580363147275,medium
ENSG00000143748,0.1448,0.6578,0.075,0.0,0.2829,0.0197268228689879,6.46525764373655,0.057616686406545,False,False,0.0,0.0,0.6787,0.0,0.0,0.2376,0,1.607997570113127,0.0,0.0,no,NVL,neutral,no,209160,0.1584241728820042,long
ENSG00000143751,0.029,0.5555,0.0,0.0,0.1476,0.262088437713473,1.291852206091789,0.5,False,False,0.0,0.0,0.3261,0.0,0.0,0.1141,0,0.8637342710698729,0.0,0.0,no,SDE2,neutral,no,30710,0.2665906870726148,short
ENSG00000143756,0.0001,0.2585,0.0,0.0,0.0647,0.5,0.0,0.5,False,False,0.0,0.0,0.0,0.0,0.0,0.0,0,0.0,0.0,0.0,no,FBXO28,neutral,no,35020,0.23149628783552256,medium
ENSG00000143761,1.0,0.8199,0.15,0.0,0.655,3.292621730821566e-11,46.88721028520013,1.8258083042482128e-10,True,False,0.0,0.4076,0.0,0.0,0.0,0.1426,1,0.0,0.0,0.0,no,ARF1,gene-driven,no,46940,0.14490839369407754,medium
ENSG00000143771,0.0647,0.618,0.0,0.0,0.1739,0.1180604365335602,2.886822861783003,0.3089072126869692,False,False,0.0,0.0,0.0,0.0,0.0,0.0,0,0.0,0.0,0.0,no,CNIH4,neutral,no,16170,0.24304267161410018,short
ENSG00000143772,0.0107,0.4791,0.0,0.0,0.123,0.3946592631179331,0.4731706616003066,0.5,False,False,0.0,0.0,0.0,0.0,0.0,0.0,0,0.0,0.0,0.0,no,ITPKB,neutral,no,134300,0.2340878629932986,long
ENSG00000143774,0.4289,0.724,0.15,0.0,0.4596,3.468082691476804e-05,19.15235276337626,0.0001255476223246,True,False,0.0,0.4076,0.0,0.0,0.0,0.1426,1,0.0,0.0,0.0,no,GUK1,gene-driven,no,45670,0.2648565798116926,medium
ENSG00000143786,0.0457,0.5937,0.0,0.0,0.1621,0.180536800251899,2.037346923651967,0.4441098142695082,False,False,0.0,0.4076,0.0,0.0,0.0,0.1426,1,0.0,0.0,0.0,no,CNIH3,neutral,no,16550,0.19649546827794562,short
ENSG00000143799,0.3515,0.7103,0.15,0.0,0.433,0.000195223381503,15.69643785672088,0.0006733776770299,True,False,0.0,0.0,0.4879,0.0,0.0,0.1708,0,1.0580314080981672,0.0,0.0,no,PARP1,gene-driven,no,127470,0.1977720247901467,long
ENSG00000143815,0.0001,0.0448,0.0,0.0,0.0112,0.5,-0.0038073706018622,0.5,False,False,0.0,0.0,0.7029,0.0,0.0,0.246,0,1.697519201788944,0.0,0.0,no,LBR,neutral,no,112710,0.1280099370064768,long
ENSG00000143816,0.0001,0.2585,0.0,0.0,0.0647,0.5,0.0,0.5,False,False,0.0,0.0,0.0,0.0,0.0,0.0,0,0.0,0.0,0.0,no,WNT9A,neutral,no,40080,0.2515718562874252,medium
ENSG00000143819,0.016,0.5117,0.0,0.0,0.1327,0.3504404790435504,0.7108344472508179,0.5,False,False,0.0,0.0,0.3357,0.1269,0.5799,0.2235,0,0.8708380780747825,0.047,153.9,yes,EPHX1,neutral,no,88920,0.18127530364372468,long
ENSG00000143839,0.0001,0.2585,0.0,0.0,0.0647,0.5,0.0,0.5,False,False,0.0,0.0,0.0,0.0,0.0,0.0,0,0.0,0.0,0.0,no,REN,neutral,no,41620,0.3336376741950985,medium
ENSG00000143858,0.0162,0.5135,0.0,0.0,0.1332,0.3488435514928249,0.7199691064561193,0.5,False,False,0.0,0.4076,0.0,0.0,0.0,0.1426,1,0.0,0.0,0.0,no,SYT2,neutral,no,64640,0.18080136138613861,medium
ENSG00000143862,0.0001,0.0113,0.0,0.0,0.0028,0.5,-0.0081682931904651,0.5,False,False,0.0,0.0,0.0,0.0,0.0,0.0,0,0.0,0.0,0.0,no,ARL8A,neutral,no,18910,0.28122686409307246,short
ENSG00000143867,0.0158,0.5101,0.0,0.0,0.1323,0.3521988423915753,0.7008243782729551,0.5,False,False,0.0,0.0,0.0,0.0,0.0,0.0,0,0.0,0.0,0.0,no,OSR1,neutral,no,20370,0.27859597447226314,short
ENSG00000143869,0.0001,0.2585,0.0,0.0,0.0647,0.5,0.0,0.5,False,False,0.0,0.0,0.0,0.0,0.0,0.0,0,0.0,0.0,0.0,no,GDF7,neutral,no,32440,0.3528360049321825,short
ENSG00000143882,0.0001,0.2585,0.0,0.0,0.0647,0.5,0.0,0.5,False,False,0.0,0.0,0.7053,0.403,0.3077,0.3535,0,1.726330184818613,0.156,30.4,yes,ATP6V1C2,regulation-driven,no,86820,0.2312831144897489,long
ENSG00000143889,1.0,0.8538,0.15,0.0,0.6635,2.042810365310288e-14,61.65508006149321,1.3938187595409294e-13,True,False,0.0,0.0,0.6739,0.0,0.0,0.2359,0,1.5971330910872967,0.0,0.0,no,HNRNPLL,gene-driven,no,147720,0.20188193880314106,long
ENSG00000143891,0.0001,0.0074,0.0,0.0,0.0019,0.5,-0.0087890798386069,0.5,False,False,0.0,0.0,0.8647,0.0,0.4497,0.3701,0,2.9158002992249195,0.0,78.0,yes,GALM,regulation-driven,no,45150,0.18248062015503877,medium
ENSG00000143924,0.0001,0.2585,0.0,0.0,0.0647,0.5,0.0,0.5,False,False,0.0,0.0,0.1812,0.291,0.8462,0.234,0,0.7631828484870579,0.117,709.2,yes,EML4,neutral,no,187190,0.25196324589988783,long
ENSG00000143942,0.0001,0.2585,0.0,0.0,0.0647,0.5,0.0,0.5,False,False,0.0,0.0,0.0,0.0,0.0,0.0,0,0.0,0.0,0.0,no,CHAC2,neutral,no,10680,0.24878277153558054,short
ENSG00000143971,0.0489,0.5979,0.0,0.0,0.1642,0.1679872909669761,2.18143954156767,0.4175756048324533,False,False,0.0,0.0,0.0,0.0,0.0,0.0,0,0.0,0.0,0.0,no,ETAA1,neutral,no,83150,0.15155742633794347,long
ENSG00000143994,0.0022,0.4373,0.0,0.0,0.11,0.4768294926811292,0.0948982582522148,0.5,False,False,0.0,0.0,0.343,0.0,0.1598,0.144,0,0.8794180643838934,0.0,7.9,yes,ABHD1,neutral,no,46990,0.23749733985954458,medium
ENSG00000143995,0.8506,0.7883,0.15,0.0,0.6022,2.815052135840546e-09,37.99027573667263,1.328469575300842e-08,True,False,0.0,0.4076,0.9928,0.1045,0.7929,0.6247,1,15.943777443651916,0.046,403.4,yes,MEIS1,dual-driven,no,79760,0.28956870611835506,long
ENSG00000144021,0.0001,0.1196,0.0,0.0,0.0299,0.5,-1.0913936421275139e-11,0.5,False,False,0.0,0.0,0.0,0.0,0.0,0.0,0,0.0,0.0,0.0,no,CIAO1,neutral,no,41260,0.25608337372758117,medium
ENSG00000144029,0.2782,0.6952,0.15,0.0,0.4073,0.0010027482819151,12.4237271723614,0.0032878509915926,True,False,0.0,0.0,0.0,0.0,0.0,0.0,0,0.0,0.0,0.0,no,MRPS5,gene-driven,no,126100,0.11527359238699444,long
ENSG00000144031,0.0001,0.2585,0.0,0.0,0.0647,0.5,0.0,0.5,False,False,0.0,0.0,0.0,0.0,0.0,0.0,0,0.0,0.0,0.0,no,ANKRD53,neutral,no,77330,0.24995473942842364,medium
ENSG00000144034,0.0443,0.5915,0.0,0.0,0.1612,0.1864098329968702,1.973320890690957,0.4558694860526281,False,False,0.0,0.0,0.0,0.0,0.0,0.0,0,0.0,0.0,0.0,no,TPRKB,neutral,no,22690,0.15755839576906125,short
ENSG00000144036,0.0001,0.2585,0.0,0.0,0.0647,0.5,0.0,0.5,False,False,0.0,0.0,0.0,0.0,0.0,0.0,0,0.0,0.0,0.0,no,EXOC6B,neutral,no,138360,0.19102341717259325,long
ENSG00000144043,0.0154,0.5076,0.0,0.0,0.1315,0.3553416252437126,0.683056894065885,0.5,False,False,0.0,0.0,0.9565,0.0,0.0,0.3348,0,6.887287202810454,0.0,0.0,no,TEX261,regulation-driven,no,23030,0.18371689101172384,short
ENSG00000144045,0.8128,0.7823,0.15,0.0,0.5894,6.5435329932306274e-09,36.30328285160795,3.002539954642909e-08,True,False,0.0,0.0,0.0,0.0,0.0,0.0,0,0.0,0.0,0.0,no,DQX1,gene-driven,no,90140,0.1952074550698913,long
ENSG00000144048,1.0,0.9602,0.15,0.0,0.69,0.0,153.0251229946953,0.0,True,False,0.0,0.0,0.0,0.0,0.0,0.0,0,0.0,0.0,0.0,no,DUSP11,gene-driven,no,79730,0.13519377900413898,long
ENSG00000144057,1.0,0.8422,0.15,0.0,0.6605,3.671507542435393e-13,55.87982408716925,2.3234196585335426e-12,True,False,0.0,0.0,0.0,0.0,0.0,0.0,0,0.0,0.0,0.0,no,ST6GAL2,gene-driven,no,59990,0.23775629271545257,medium
ENSG00000144063,0.0001,0.2585,0.0,0.0,0.0647,0.5,0.0,0.5,False,False,0.0,0.0,0.0,0.0,0.0,0.0,0,0.0,0.0,0.0,no,MALL,neutral,no,10220,0.3196673189823875,short
ENSG00000144120,0.0376,0.5808,0.0,0.0,0.1565,0.2162128354327036,1.676689653164431,0.5,False,False,0.0,0.0,0.0,0.0,0.0,0.0,0,0.0,0.0,0.0,no,TMEM177,neutral,no,36210,0.1748135874067937,medium
ENSG00000144152,0.4448,0.7266,0.15,0.0,0.4651,2.426833485236202e-05,19.86638193873659,8.869265066542887e-05,True,False,0.0,0.0,0.0,0.0,0.0,0.0,0,0.0,0.0,0.0,no,FBLN7,gene-driven,no,124440,0.1963034394085503,long
ENSG00000144161,0.0001,0.2585,0.0,0.0,0.0647,0.5,0.0,0.5,False,False,0.0,0.0,0.0,0.0,0.0,0.0,0,0.0,0.0,0.0,no,ZC3H8,neutral,no,25670,0.17627580833657966,short
ENSG00000144191,0.0001,0.2585,0.0,0.0,0.0647,0.5,0.0,0.5,False,False,0.0,0.0,0.0,0.0,0.0,0.0,0,0.0,0.0,0.0,no,CNGA3,neutral,no,98940,0.2655852031534263,long
ENSG00000144214,0.4172,0.7209,0.15,0.0,0.4554,4.502817439810958e-05,18.63014997173468,0.0001612456007604,True,False,0.0,0.0,0.0,0.0,0.0,0.0,0,0.0,0.0,0.0,no,LYG1,gene-driven,no,11770,0.2862361937128292,short
ENSG00000144227,0.0001,0.2585,0.0,0.0,0.0647,0.5,0.0,0.5,False,False,0.0,0.0,0.0,0.0,0.0,0.0,0,0.0,0.0,0.0,no,NXPH2,neutral,no,22380,0.2352100089365505,short
ENSG00000144228,0.7806,0.7791,0.15,0.0,0.5789,1.3437342294420061e-08,34.86416217416991,6.076121870222309e-08,True,False,0.0,0.0,0.0,0.0,0.0,0.0,0,0.0,0.0,0.0,no,SPOPL,gene-driven,no,38200,0.17782722513089005,medium
ENSG00000144229,0.0001,0.2585,0.0,0.0,0.0647,0.5,0.0,0.5,False,False,0.0,0.8761,0.0,0.0,0.0,0.3066,2,0.0,0.0,0.0,no,THSD7B,regulation-driven,no,128350,0.24009349435138294,long
ENSG00000144233,0.0001,0.0631,0.0,0.0,0.0158,0.5,-0.0020507503359112,0.5,False,False,0.0,0.0,0.0,0.0,0.0,0.0,0,0.0,0.0,0.0,no,AMMECR1L,neutral,no,111040,0.1317092939481268,long
ENSG00000144278,0.0001,0.2585,0.0,0.0,0.0647,0.5,0.0,0.5,False,False,0.0,0.4076,0.0,0.0,0.0,0.1426,1,0.0,0.0,0.0,no,GALNT13,neutral,no,205860,0.12635286116778394,long
ENSG00000144320,0.0001,0.2585,0.0,0.0,0.0647,0.5,0.0,0.5,False,False,0.0,0.4076,0.0,0.0,0.0,0.1426,1,0.0,0.0,0.0,no,LNPK,neutral,no,60530,0.25435321328266974,medium
ENSG00000144331,0.0241,0.5404,0.0,0.0,0.1423,0.292491797298412,1.072342951061728,0.5,False,False,0.0,0.0,0.0,0.0,0.0,0.0,0,0.0,0.0,0.0,no,ZNF385B,neutral,no,87150,0.23028112449799196,long
ENSG00000144339,0.0001,0.1146,0.0,0.0,0.0287,0.5,-5.668414814863354e-06,0.5,False,False,0.0,0.4076,0.0,0.0,0.0,0.1426,1,0.0,0.0,0.0,no,TMEFF2,neutral,no,42710,0.24781081713884337,medium
ENSG00000144354,0.0001,0.2585,0.0,0.0,0.0647,0.5,0.0,0.5,False,False,0.0,0.0,0.0,0.0,0.0,0.0,0,0.0,0.0,0.0,no,CDCA7,neutral,no,101550,0.19401280157557854,long
ENSG00000144357,0.8783,0.7919,0.15,0.0,0.6115,1.515373826421751e-09,39.22891298840113,7.275549626082808e-09,True,False,0.0,0.0,0.0,0.0,0.0,0.0,0,0.0,0.0,0.0,no,UBR3,gene-driven,no,200210,0.19700814145147594,long
ENSG00000144369,0.023,0.537,0.0,0.0,0.1411,0.3000514237666116,1.021308451730874,0.5,False,False,0.0,0.0,0.0,0.0,0.0,0.0,0,0.0,0.0,0.0,no,FAM171B,neutral,no,162370,0.10416333066453162,long
ENSG00000144401,1.0,0.9825,0.15,0.0,0.6956,0.0,227.0351605810247,0.0,True,False,0.0,0.0,0.0,0.0,0.0,0.0,0,0.0,0.0,0.0,no,METTL21A,gene-driven,no,52299,0.20612248800168262,medium
ENSG00000144410,0.0001,0.2585,0.0,0.0,0.0647,0.5,0.0,0.5,False,False,0.0,0.0,0.0,0.0,0.0,0.0,0,0.0,0.0,0.0,no,CPO,neutral,no,19840,0.25821572580645163,short
ENSG00000144445,1.0,0.8474,0.15,0.0,0.6619,1.0236256287043941e-13,58.4341898853454,6.699360364704809e-13,True,False,0.0,0.0,0.0,0.0,0.0,0.0,0,0.0,0.0,0.0,no,KANSL1L,gene-driven,no,289790,0.11725387349459954,long
ENSG00000144451,0.2589,0.69,0.15,0.0,0.4002,0.0015455811935205,11.55841616365069,0.0049823207106748,True,False,0.0,0.0,0.0,0.0,0.0,0.0,0,0.0,0.0,0.0,no,SPAG16,gene-driven,no,86230,0.21853183346863042,long
ENSG00000144452,0.0042,0.4503,0.0,0.0,0.1139,0.4559617723820454,0.1843982498248806,0.5,False,False,0.0,0.4076,0.0,0.0,0.0,0.1426,1,0.0,0.0,0.0,no,ABCA12,neutral,no,211750,0.23723258559622196,long
ENSG00000144455,0.0001,0.2585,0.0,0.0,0.0647,0.5,0.0,0.5,False,False,0.0,0.0,0.0,0.0,0.0,0.0,0,0.0,0.0,0.0,no,SUMF1,neutral,no,129270,0.2073644310358165,long
ENSG00000144481,1.0,0.9584,0.15,0.0,0.6896,0.0,150.295615996205,0.0,True,False,0.0,0.0,0.0,0.0,0.0,0.0,0,0.0,0.0,0.0,no,TRPM8,gene-driven,no,162570,0.29707818170634187,long
ENSG00000144535,0.1934,0.6737,0.15,0.0,0.3764,0.0066758240939693,8.632230884075398,0.020446766652342,True,False,0.0,0.0,0.0,0.0,0.0,0.0,0,0.0,0.0,0.0,no,DIS3L2,gene-driven,no,124210,0.19750422671282505,long
ENSG00000144550,1.0,0.9218,0.15,0.0,0.6804,0.0,106.7924262938541,0.0,True,False,0.0,0.0,0.0,0.0,0.0,0.0,0,0.0,0.0,0.0,no,CPNE9,gene-driven,no,69060,0.2796843324645236,medium
ENSG00000144560,0.381,0.7153,0.15,0.0,0.4431,0.000101086148821,17.01278053110582,0.0003548359239492,True,False,0.0,0.4076,0.0,0.0,0.0,0.1426,1,0.0,0.0,0.0,no,VGLL4,gene-driven,no,149610,0.22132210413742398,long
ENSG00000144583,0.0001,0.2585,0.0,0.0,0.0647,0.5,0.0,0.5,False,False,0.0,0.0,0.0,0.0,0.0,0.0,0,0.0,0.0,0.0,no,MARCHF4,neutral,no,19470,0.38613251155624034,short
ENSG00000144597,0.0001,0.2585,0.0,0.0,0.0647,0.5,0.0,0.5,False,False,0.0,0.0,0.0,0.0,0.0,0.0,0,0.0,0.0,0.0,no,EAF1,neutral,no,16540,0.28186215235792017,short
ENSG00000144619,0.9379,0.8036,0.15,0.0,0.6323,4.00097621700013e-10,41.8923307719524,2.034852321406815e-09,True,False,0.0,0.9947,0.0,0.0,0.0,0.3482,7,0.0,0.0,0.0,no,CNTN4,gene-driven (dual),no,209770,0.16141965009295894,long
ENSG00000144642,0.0001,0.2585,0.0,0.0,0.0647,0.5,0.0,0.5,False,False,0.0,0.8761,0.0,0.0,0.0,0.3066,2,0.0,0.0,0.0,no,RBMS3,regulation-driven,no,119400,0.21876884422110554,long
ENSG00000144644,0.0227,0.5362,0.0,0.0,0.1409,0.3017803951644262,1.009817027716053,0.5,False,False,0.0,0.0,0.0,0.0,0.0,0.0,0,0.0,0.0,0.0,no,GADL1,neutral,no,60610,0.19557828741131827,medium
ENSG00000144647,0.0001,0.2585,0.0,0.0,0.0647,0.5,0.0,0.5,False,False,0.0,0.0,0.0,0.0,0.0,0.0,0,0.0,0.0,0.0,no,POMGNT2,neutral,no,121800,0.15430213464696224,long
ENSG00000144655,1.0,0.883,0.15,0.0,0.6707,0.0,76.36627373929514,0.0,True,False,0.0,0.4076,0.0,0.0,0.0,0.1426,1,0.0,0.0,0.0,no,CSRNP1,gene-driven,no,79130,0.20659673954252497,long
ENSG00000144677,0.0001,0.1181,0.0,0.0,0.0296,0.5,-2.9103830456733697e-11,0.5,False,False,0.0,0.0,0.0,0.0,0.0,0.0,0,0.0,0.0,0.0,no,CTDSPL,neutral,no,53320,0.21787321830457615,medium
ENSG00000144681,0.0001,0.2585,0.0,0.0,0.0647,0.5,0.0,0.5,False,False,0.0,0.0,0.0,0.0,0.0,0.0,0,0.0,0.0,0.0,no,STAC,neutral,no,45340,0.2608954565505073,medium
ENSG00000144712,0.0001,0.2585,0.0,0.0,0.0647,0.5,0.0,0.5,False,False,0.0,0.0,0.0,0.0,0.0,0.0,0,0.0,0.0,0.0,no,CAND2,neutral,no,172850,0.29363610066531676,long
ENSG00000144724,0.0276,0.5507,0.0,0.0,0.1459,0.2705105420524262,1.228594056767179,0.5,False,False,0.0,0.0,0.0,0.0,0.0,0.0,0,0.0,0.0,0.0,no,PTPRG,neutral,no,195760,0.2583009807928075,long
ENSG00000144744,1.0,0.9133,0.15,0.0,0.6783,0.0,99.34393088975776,0.0,True,False,0.0,0.0,0.0,0.0,0.0,0.0,0,0.0,0.0,0.0,no,UBA3,gene-driven,no,96880,0.21407927332782825,long
ENSG00000144746,0.0001,0.0686,0.0,0.0,0.0172,0.5,-0.0016467364539494,0.5,False,False,0.0,0.0,0.0,0.0,0.0,0.0,0,0.0,0.0,0.0,no,ARL6IP5,neutral,no,14270,0.24204625087596357,short
ENSG00000144747,0.003,0.4431,0.0,0.0,0.1117,0.4687754764812071,0.1289683455688646,0.5,False,False,0.0,0.0,0.0,0.0,0.0,0.0,0,0.0,0.0,0.0,no,TMF1,neutral,no,238080,0.1283182123655914,long
ENSG00000144771,0.0009,0.423,0.0,0.0,0.106,0.4908780743157581,0.0368246452253515,0.5,False,False,0.0,0.0,0.0,0.0,0.0,0.0,0,0.0,0.0,0.0,no,LRTM1,neutral,no,25110,0.2913978494623656,short
ENSG00000144791,0.8446,0.7877,0.15,0.0,0.6003,3.214813082408341e-09,37.724698870672,1.512817433481465e-08,True,False,0.0,0.0,0.0,0.0,0.0,0.0,0,0.0,0.0,0.0,no,LIMD1,gene-driven,no,41860,0.3693502150023889,medium
ENSG00000144810,1.0,0.9015,0.15,0.0,0.6754,0.0,88.22074630927091,0.0,True,False,0.0,0.4076,0.0,0.0,0.0,0.1426,1,0.0,0.0,0.0,no,COL8A1,gene-driven,no,125430,0.19584628876664276,long
ENSG00000144820,0.0001,0.0543,0.0,0.0,0.0136,0.5,-0.0028798917410313,0.5,False,False,0.0,0.0,0.0,0.0,0.0,0.0,0,0.0,0.0,0.0,no,ADGRG7,neutral,no,107420,0.17755539005771737,long
ENSG00000144821,0.0001,0.2585,0.0,0.0,0.0647,0.5,0.0,0.5,False,False,0.0,0.0,0.0,0.0,0.0,0.0,0,0.0,0.0,0.0,no,MYH15,neutral,no,209680,0.19153471957268217,long
ENSG00000144827,0.0001,0.2585,0.0,0.0,0.0647,0.5,0.0,0.5,False,False,0.0,0.0,0.0,0.0,0.0,0.0,0,0.0,0.0,0.0,no,ABHD10,neutral,no,31050,0.21433172302737521,short
ENSG00000144837,0.0093,0.4741,0.0,0.0,0.1213,0.4071625589487476,0.4107911699466058,0.5,False,False,0.0,0.0,0.0,0.0,0.0,0.0,0,0.0,0.0,0.0,no,PLA1A,neutral,no,79370,0.23947335265213557,long
ENSG00000144847,0.8297,0.7849,0.15,0.0,0.5951,4.4834856383069174e-09,37.05943574055709,2.0822462712360973e-08,True,False,0.0,0.0,0.0,0.0,0.0,0.0,0,0.0,0.0,0.0,no,IGSF11,gene-driven,no,91700,0.17489640130861506,long
ENSG00000144848,0.0001,0.2585,0.0,0.0,0.0647,0.5,0.0,0.5,False,False,0.0,0.0,0.1498,0.0,0.0,0.0524,0,0.744413032463963,0.0,0.0,no,ATG3,neutral,no,32540,0.19121081745543947,short
ENSG00000144891,1.0,0.8826,0.15,0.0,0.6706,0.0,76.31002157494731,0.0,True,False,0.0,0.0,0.0,0.0,0.0,0.0,0,0.0,0.0,0.0,no,AGTR1,gene-driven,no,86760,0.12532272936837252,long
ENSG00000145014,0.5967,0.7535,0.15,0.0,0.5174,8.168582267820135e-07,26.64930621137682,3.3113714914537367e-06,True,False,0.0,0.0,0.0,0.0,0.0,0.0,0,0.0,0.0,0.0,no,TMEM44,gene-driven,no,85570,0.20370456935842002,long
ENSG00000145029,0.0001,0.2585,0.0,0.0,0.0647,0.5,0.0,0.5,False,False,0.0,0.0,0.0,0.0,0.0,0.0,0,0.0,0.0,0.0,no,NICN1,neutral,no,30020,0.2945702864756829,short
ENSG00000145041,0.0001,0.2585,0.0,0.0,0.0647,0.5,0.0,0.5,False,False,0.0,0.0,0.0,0.0,0.0,0.0,0,0.0,0.0,0.0,no,DCAF1,neutral,no,252180,0.22026330398921407,long
ENSG00000145192,0.0002,0.4043,0.0,0.0,0.1011,0.4989582258351958,0.0041714438721101,0.5,False,False,0.0,0.0,0.3647,0.0,0.0296,0.1321,0,0.8997847540254007,0.0,1.6,yes,AHSG,neutral,no,26510,0.25526216522067147,short
ENSG00000145194,0.6568,0.761,0.15,0.0,0.5373,2.132866873671979e-07,29.33496289107279,8.915025066928086e-07,True,False,0.0,0.0,0.0,0.0,0.0,0.0,0,0.0,0.0,0.0,no,ECE2,gene-driven,no,109490,0.37251803817700246,long
ENSG00000145198,0.2543,0.6888,0.15,0.0,0.3985,0.0017110393681765,11.35501418991771,0.0054943252532666,True,False,0.0,0.0,0.0,0.0,0.0,0.0,0,0.0,0.0,0.0,no,VWA5B2,gene-driven,no,148200,0.349251012145749,long
ENSG00000145220,0.0001,0.2585,0.0,0.0,0.0647,0.5,0.0,0.5,False,False,0.0,0.0,0.0,0.0,0.0,0.0,0,0.0,0.0,0.0,no,LYAR,neutral,no,29110,0.2591549295774648,short
ENSG00000145241,1.0,0.9799,0.15,0.0,0.695,0.0,208.625256400861,0.0,True,False,0.0,0.0,0.0,0.0,0.0,0.0,0,0.0,0.0,0.0,no,CENPC,gene-driven,no,220960,0.1224112961622013,long
ENSG00000145248,0.0177,0.5225,0.0,0.0,0.1359,0.3372984330663106,0.7872800037193883,0.5,False,False,0.0,0.0,0.0,0.0,0.0,0.0,0,0.0,0.0,0.0,no,SLC10A4,neutral,no,20500,0.3632682926829268,short
ENSG00000145283,0.0001,0.2585,0.0,0.0,0.0647,0.5,0.0,0.5,False,False,0.0,0.0,0.0,0.0,0.0,0.0,0,0.0,0.0,0.0,no,SLC10A6,neutral,no,26230,0.23667556233320625,short
ENSG00000145284,0.0001,0.2585,0.0,0.0,0.0647,0.5,0.0,0.5,False,False,0.0,0.0,0.1159,0.2463,0.9645,0.2222,0,0.7228641686583626,0.109,1725.2,yes,SCD5,neutral,no,29200,0.28465753424657536,short
ENSG00000145287,0.0001,0.2585,0.0,0.0,0.0647,0.5,0.0,0.5,False,False,0.0,0.0,0.8889,0.0,0.5562,0.3945,0,3.206200131177034,0.0,141.4,yes,PLAC8,regulation-driven,no,15910,0.15518541797611565,short
ENSG00000145293,0.0001,0.2585,0.0,0.0,0.0647,0.5,0.0,0.5,False,False,0.0,0.0,0.1353,0.0,0.0,0.0473,0,0.7352546783679164,0.0,0.0,no,ENOPH1,neutral,no,18680,0.24288008565310493,short
ENSG00000145332,0.0275,0.5501,0.0,0.0,0.1458,0.271288015253326,1.222854109888431,0.5,False,False,0.0,0.0,0.0,0.0,0.0,0.0,0,0.0,0.0,0.0,no,KLHL8,neutral,no,148830,0.15322851575623195,long
ENSG00000145354,0.0001,0.0879,0.0,0.0,0.022,0.5,-0.0006389293448592,0.5,False,False,0.0,0.0,0.2947,0.0,0.0,0.1031,0,0.8370494343615086,0.0,0.0,no,CISD2,neutral,no,20400,0.1617156862745098,short
ENSG00000145358,1.0,0.8333,0.15,0.0,0.6583,2.956468403425561e-12,51.7077706119635,1.771743835980571e-11,True,False,0.0,0.4076,0.0,0.0,0.0,0.1426,1,0.0,0.0,0.0,no,DDIT4L,gene-driven,no,16760,0.19313842482100238,short
ENSG00000145384,0.0001,0.2585,0.0,0.0,0.0647,0.5,0.0,0.5,False,False,0.0,0.0,0.7802,0.0,0.1657,0.2979,0,2.111111111111111,0.0,8.2,yes,FABP2,neutral,no,8000,0.20525,short
ENSG00000145386,0.0069,0.465,0.0,0.0,0.1183,0.4293229542043769,0.3047973113989428,0.5,False,False,0.0,0.0,0.0,0.0,0.0,0.0,0,0.0,0.0,0.0,no,CCNA2,neutral,no,13820,0.43465991316931984,short
ENSG00000145390,0.0001,0.2585,0.0,0.0,0.0647,0.5,0.0,0.5,False,False,0.0,0.0,0.7415,0.2687,0.9112,0.4365,0,1.883260954176207,0.11,1030.6,yes,USP53,regulation-driven,no,165530,0.13129342113212106,long
ENSG00000145391,0.0001,0.2585,0.0,0.0,0.0647,0.5,0.0,0.5,False,False,0.0,0.0,0.9903,0.0,0.0,0.3466,0,12.979943645669689,0.0,0.0,no,SETD7,regulation-driven,no,56890,0.25969414659869927,medium
ENSG00000145414,0.0001,0.2585,0.0,0.0,0.0647,0.5,0.0,0.5,False,False,0.0,0.0,0.0,0.0,0.0,0.0,0,0.0,0.0,0.0,no,NAF1,neutral,no,48970,0.2244435368593016,medium
ENSG00000145416,0.5228,0.7394,0.15,0.0,0.4917,4.257495848369874e-06,23.34736443807196,1.632751299135833e-05,True,False,0.0,0.8761,0.0,0.0,0.0,0.3066,2,0.0,0.0,0.0,no,MARCHF1,gene-driven (dual),no,104020,0.17413958854066525,long
ENSG00000145423,0.0547,0.6064,0.0,0.0,0.168,0.1477291547763971,2.438455072778197,0.3750917896160281,False,False,0.0,0.0,0.0,0.0,0.0,0.0,0,0.0,0.0,0.0,no,SFRP2,neutral,no,16390,0.3394752898108603,short
ENSG00000145428,1.0,0.9389,0.15,0.0,0.6847,0.0,121.924974366626,0.0,True,False,0.0,0.0,0.9058,0.0,0.0,0.317,0,3.5848962678238587,0.0,0.0,no,RNF175,gene-driven (dual),no,25150,0.22333996023856859,short
ENSG00000145439,0.0001,0.0806,0.0,0.0,0.0202,0.5,-0.0009702588286017,0.5,False,False,0.0,0.0,0.0,0.0,0.0,0.0,0,0.0,0.0,0.0,no,CBR4,neutral,no,25520,0.23640282131661441,short
ENSG00000145451,0.0001,0.2585,0.0,0.0,0.0647,0.5,0.0,0.5,False,False,0.0,0.0,0.0314,0.1567,0.6036,0.125,0,0.6455531446039248,0.049,161.0,yes,GLRA3,neutral,no,68250,0.20301831501831502,medium
ENSG00000145476,0.0753,0.6255,0.0,0.0,0.1789,0.0933295918210456,3.35694174425953,0.2490458099344854,False,False,0.0,0.0,0.186,0.0,0.0,0.0651,0,0.7635659583932928,0.0,0.0,no,CYP4V2,neutral,no,57490,0.15341798573664986,medium
ENSG00000145494,0.0001,0.2585,0.0,0.0,0.0647,0.5,0.0,0.5,False,False,0.0,0.0,0.6715,0.0,0.0,0.235,0,1.5728926218340047,0.0,0.0,no,NDUFS6,neutral,no,20380,0.26800785083415113,short
ENSG00000145506,0.0201,0.5292,0.0,0.0,0.1383,0.3196385020454292,0.8948348445555894,0.5,False,False,0.0,0.0,0.0,0.0,0.0,0.0,0,0.0,0.0,0.0,no,NKD2,neutral,no,90600,0.19646799116997793,long
ENSG00000145526,1.0,0.9881,0.15,0.0,0.697,0.0,271.176318501748,0.0,True,False,0.0,0.0,0.0,0.0,0.0,0.0,0,0.0,0.0,0.0,no,CDH18,gene-driven,no,205170,0.1003411804844763,long
ENSG00000145536,0.0001,0.0889,0.0,0.0,0.0222,0.5,-0.0005852211616002,0.5,False,False,0.0,0.0,0.1884,0.291,0.716,0.217,0,0.769402234208499,0.117,285.9,yes,ADAMTS16,neutral,no,249310,0.1633989811880791,long
ENSG00000145545,1.0,0.9628,0.15,0.0,0.6907,0.0,159.6391769149559,0.0,True,False,0.0,0.0,0.0,0.0,0.0,0.0,0,0.0,0.0,0.0,no,SRD5A1,gene-driven,no,31930,0.2365487002818666,short
ENSG00000145569,0.046,0.5943,0.0,0.0,0.1624,0.1792773458277809,2.051348147131648,0.4415263309545735,False,False,0.0,0.0,0.1691,0.0,0.7811,0.1763,0,0.7576714950461418,0.0,377.1,yes,OTULINL,neutral,no,22190,0.2444344299233889,short
ENSG00000145604,1.0,0.999,0.15,0.0,0.6997,0.0,563.6587518790984,0.0,True,False,0.0,0.0,0.0,0.0,0.0,0.0,0,0.0,0.0,0.0,no,SKP2,gene-driven,no,193470,0.11419858375975603,long
ENSG00000145632,1.0,0.9037,0.15,0.0,0.6759,0.0,90.37342564656136,0.0,True,False,0.0,0.0,0.0,0.0,0.0,0.0,0,0.0,0.0,0.0,no,PLK2,gene-driven,no,65880,0.26572556162720096,medium
ENSG00000145642,1.0,0.8651,0.15,0.0,0.6663,1.221245327087672e-15,67.30704020301528,9.039396215675715e-15,True,False,0.0,0.0,0.0,0.0,0.0,0.0,0,0.0,0.0,0.0,no,SHISAL2B,gene-driven,no,8865,0.26914833615341227,short
ENSG00000145649,1.0,0.9526,0.15,0.0,0.6881,0.0,141.0172059183096,0.0,True,False,0.0,0.0,0.0,0.0,0.0,0.0,0,0.0,0.0,0.0,no,GZMA,gene-driven,no,9840,0.3485772357723577,short
ENSG00000145685,1.0,0.9606,0.15,0.0,0.6901,0.0,154.7028439657624,0.0,True,False,0.0,0.0,0.0,0.0,0.0,0.0,0,0.0,0.0,0.0,no,LHFPL2,gene-driven,no,13750,0.3344,short
ENSG00000145692,0.0641,0.6176,0.0,0.0,0.1736,0.119796471955214,2.857627724930353,0.3131201531819413,False,False,0.0,0.0,0.0,0.0,0.0,0.0,0,0.0,0.0,0.0,no,BHMT,neutral,no,108440,0.19856141645149392,long
ENSG00000145700,1.0,0.9938,0.15,0.0,0.6984,0.0,340.6196091083111,0.0,True,False,0.0,0.4076,0.0,0.0,0.0,0.1426,1,0.0,0.0,0.0,no,ANKRD31,gene-driven,no,232560,0.1736111111111111,long
ENSG00000145708,1.0,0.8189,0.15,0.0,0.6547,3.549716076634013e-11,46.73684374563527,1.9574598409287783e-10,True,False,0.0,0.0,0.0,0.0,0.0,0.0,0,0.0,0.0,0.0,no,CRHBP,gene-driven,no,28460,0.2878777231201687,short
ENSG00000145723,0.0001,0.2585,0.0,0.0,0.0647,0.5,0.0,0.5,False,False,0.0,0.0,0.0,0.0,0.0,0.0,0,0.0,0.0,0.0,no,GIN1,neutral,no,54460,0.18367609254498715,medium
ENSG00000145736,0.0293,0.5559,0.0,0.0,0.1478,0.2603257338107561,1.305348858273646,0.5,False,False,0.0,0.0,0.0,0.0,0.0,0.0,0,0.0,0.0,0.0,no,GTF2H2,neutral,no,56090,0.14772686753431985,medium
ENSG00000145757,1.0,0.9377,0.15,0.0,0.6844,0.0,120.9261865660901,0.0,True,False,0.0,0.0,0.0,0.0,0.0,0.0,0,0.0,0.0,0.0,no,SPATA9,gene-driven,no,30830,0.13467401881284463,short
ENSG00000145780,0.0299,0.5583,0.0,0.0,0.1485,0.2572945897630434,1.328772812534226,0.5,False,False,0.0,0.0,0.0,0.0,0.0,0.0,0,0.0,0.0,0.0,no,FEM1C,neutral,no,45900,0.20191721132897603,medium
ENSG00000145781,0.0001,0.2585,0.0,0.0,0.0647,0.5,0.0,0.5,False,False,0.0,0.4076,0.0,0.0,0.0,0.1426,1,0.0,0.0,0.0,no,COMMD10,neutral,no,31520,0.1743020304568528,short
ENSG00000145794,0.1687,0.6661,0.15,0.0,0.3671,0.0115685497964732,7.532635813658999,0.0346221219540661,True,False,0.0,0.0,0.0,0.0,0.0,0.0,0,0.0,0.0,0.0,no,MEGF10,gene-driven,no,138430,0.23720291844253413,long
ENSG00000145824,0.0001,0.2585,0.0,0.0,0.0647,0.5,0.0,0.5,False,False,0.0,0.0,0.0,0.0,0.0,0.0,0,0.0,0.0,0.0,no,CXCL14,neutral,no,9890,0.2835187057633974,short
ENSG00000145826,0.9099,0.7967,0.15,0.0,0.6222,7.479957209177711e-10,40.64095331439148,3.676413750834974e-09,True,False,0.0,0.0,0.0,0.0,0.0,0.0,0,0.0,0.0,0.0,no,LECT2,gene-driven,no,14520,0.26019283746556476,short
ENSG00000145832,0.0012,0.4278,0.0,0.0,0.1073,0.4881204688592716,0.0480917212335043,0.5,False,False,0.0,0.0,0.0,0.0,0.0,0.0,0,0.0,0.0,0.0,no,SLC25A48,neutral,no,96630,0.20683017696367587,long
ENSG00000145839,0.0001,0.2585,0.0,0.0,0.0647,0.5,0.0,0.5,False,False,0.0,0.0,0.0,0.0,0.0,0.0,0,0.0,0.0,0.0,no,IL9,neutral,no,5550,0.3818018018018018,short
ENSG00000145850,0.0001,0.2585,0.0,0.0,0.0647,0.5,0.0,0.5,False,False,0.0,0.0,0.3527,0.0,0.1006,0.1385,0,0.8892810329774827,0.0,5.4,yes,TIMD4,neutral,no,38200,0.2660994764397906,medium
ENSG00000145860,0.0001,0.2585,0.0,0.0,0.0647,0.5,0.0,0.5,False,False,0.0,0.4076,0.0,0.0,0.0,0.1426,1,0.0,0.0,0.0,no,RNF145,neutral,no,150260,0.1776187940902436,long
ENSG00000145861,0.1534,0.6608,0.15,0.0,0.3612,0.0162796561676114,6.849383716096781,0.0479709773564568,True,False,0.0,0.0,0.0,0.0,0.0,0.0,0,0.0,0.0,0.0,no,C1QTNF2,gene-driven,no,26750,0.28317757009345795,short
ENSG00000145863,0.0746,0.6251,0.0,0.0,0.1787,0.094616367495056,3.329555238378816,0.2522089024225128,False,False,0.0,0.0,0.0,0.0,0.0,0.0,0,0.0,0.0,0.0,no,GABRA6,neutral,no,60120,0.14925149700598803,medium
ENSG00000145868,0.0359,0.5778,0.0,0.0,0.1552,0.224535901127099,1.601144976055366,0.5,False,False,0.0,0.0,0.0,0.0,0.0,0.0,0,0.0,0.0,0.0,no,FBXO38,neutral,no,240810,0.16501806403388564,long
ENSG00000145879,0.3635,0.7123,0.15,0.0,0.4371,0.0001491892697909,16.23429522112883,0.0005182035111312,True,False,0.0,0.0,0.0,0.0,0.0,0.0,0,0.0,0.0,0.0,no,SPINK7,gene-driven,no,4350,0.2866666666666667,short
ENSG00000145882,0.0036,0.4459,0.0,0.0,0.1126,0.4620390942026705,0.1579171828598191,0.5,False,False,0.0,0.0,0.0,0.0,0.0,0.0,0,0.0,0.0,0.0,no,PCYOX1L,neutral,no,62600,0.21966453674121406,medium
ENSG00000145888,0.2705,0.6934,0.15,0.0,0.4045,0.001191210488957,12.07927618151007,0.0038827529305847,True,False,0.0,0.0,0.0,0.0,0.0,0.0,0,0.0,0.0,0.0,no,GLRA1,gene-driven,no,41930,0.2302170283806344,medium
ENSG00000145901,1.0,0.8398,0.15,0.0,0.6599,6.629696791549122e-13,54.69773715332849,4.132344842251295e-12,True,False,0.0,0.0,0.0,0.0,0.0,0.0,0,0.0,0.0,0.0,no,TNIP1,gene-driven,no,285860,0.20457566641013084,long
ENSG00000145908,0.9389,0.8038,0.15,0.0,0.6326,3.9106784477382917e-10,41.93798579418581,1.990963623239536e-09,True,False,0.0,0.0,0.0,0.0,0.0,0.0,0,0.0,0.0,0.0,no,ZNF300,gene-driven,no,62500,0.169232,medium
ENSG00000145911,0.0001,0.4003,0.0,0.0,0.1001,0.499613208297342,0.0015477655506401,0.5,False,False,0.0,0.0,0.0,0.0,0.0,0.0,0,0.0,0.0,0.0,no,N4BP3,neutral,no,21180,0.5135505193578848,short
ENSG00000145936,0.0001,0.2585,0.0,0.0,0.0647,0.5,0.0,0.5,False,False,0.0,0.0,0.0,0.0,0.0,0.0,0,0.0,0.0,0.0,no,KCNMB1,neutral,no,17030,0.27064004697592486,short
ENSG00000145949,1.0,0.84,0.15,0.0,0.66,6.598610546859618e-13,54.70727739611175,4.118129091603481e-12,True,False,0.0,0.0,0.0,0.0,0.0,0.0,0,0.0,0.0,0.0,no,MYLK4,gene-driven,no,102810,0.156628732613559,long
ENSG00000145990,0.0001,0.2585,0.0,0.0,0.0647,0.5,0.0,0.5,False,False,0.0,0.0,0.0,0.0,0.0,0.0,0,0.0,0.0,0.0,no,GFOD1,neutral,no,34030,0.289920658242727,medium
ENSG00000145996,0.0001,0.0834,0.0,0.0,0.0209,0.5,-0.0008512828717357,0.5,False,False,0.0,0.4076,0.0,0.0,0.0,0.1426,1,0.0,0.0,0.0,no,CDKAL1,neutral,no,55990,0.22829076620825148,medium
ENSG00000146007,0.9568,0.8056,0.15,0.0,0.6384,2.6265351005250176e-10,42.73407634153864,1.349626610538372e-09,True,False,0.0,0.0,0.0,0.0,0.0,0.0,0,0.0,0.0,0.0,no,ZMAT2,gene-driven,no,17590,0.19346219442865265,short
ENSG00000146013,0.3439,0.7083,0.15,0.0,0.4302,0.0002314949079469,15.35561100016275,0.0007930135482975,True,False,0.0,0.0,0.0,0.0,0.0,0.0,0,0.0,0.0,0.0,no,GFRA3,gene-driven,no,61730,0.2741778713753442,medium
ENSG00000146039,0.0001,0.0283,0.0,0.0,0.0071,0.5,-0.005735457449191,0.5,False,False,0.0,0.0,0.0,0.0,0.0,0.0,0,0.0,0.0,0.0,no,SLC17A4,neutral,no,41600,0.26552884615384614,medium
ENSG00000146047,0.0001,0.2585,0.0,0.0,0.0647,0.5,0.0,0.5,False,False,0.0,0.0,0.0,0.0,0.0,0.0,0,0.0,0.0,0.0,no,H2BC1,neutral,no,3810,0.4863517060367454,short
ENSG00000146054,0.0562,0.6096,0.0,0.0,0.1693,0.142834862848802,2.505837881173647,0.3655372192374429,False,False,0.0,0.0,0.0,0.0,0.0,0.0,0,0.0,0.0,0.0,no,TRIM7,neutral,no,59130,0.2832403179435143,medium
ENSG00000146066,0.0001,0.2585,0.0,0.0,0.0647,0.5,0.0,0.5,False,False,0.0,0.0,0.0,0.0,0.0,0.0,0,0.0,0.0,0.0,no,HIGD2A,neutral,no,5080,0.3828740157480315,short
ENSG00000146070,0.0428,0.5901,0.0,0.0,0.1603,0.1927845689970506,1.9060695113767,0.4699054853466004,False,False,0.0,0.0,0.0,0.0,0.0,0.0,0,0.0,0.0,0.0,no,PLA2G7,neutral,no,48890,0.1514215586009409,medium
ENSG00000146072,0.0443,0.5917,0.0,0.0,0.1612,0.1861436808141772,1.976178490665916,0.4556489509693491,False,False,0.0,0.0,0.0,0.0,0.0,0.0,0,0.0,0.0,0.0,no,TNFRSF21,neutral,no,105780,0.21534316505955758,long
ENSG00000146085,0.0001,0.2585,0.0,0.0,0.0647,0.5,0.0,0.5,False,False,0.0,0.0,0.0,0.0,0.0,0.0,0,0.0,0.0,0.0,no,MMUT,neutral,no,77550,0.25705996131528047,medium
ENSG00000146090,0.954,0.805,0.15,0.0,0.6374,2.796365916601928e-10,42.60876618022667,1.4324535601625115e-09,True,False,0.0,0.0,0.0,0.0,0.0,0.0,0,0.0,0.0,0.0,no,RASGEF1C,gene-driven,no,73910,0.20926802868353403,medium
ENSG00000146094,1.0,0.9206,0.15,0.0,0.6801,0.0,105.3514704923,0.0,True,False,0.0,0.0,0.0,0.0,0.0,0.0,0,0.0,0.0,0.0,no,DOK3,gene-driven,no,89400,0.2165771812080537,long
ENSG00000146109,0.0001,0.2585,0.0,0.0,0.0647,0.5,0.0,0.5,False,False,0.0,0.0,0.0,0.0,0.0,0.0,0,0.0,0.0,0.0,no,ABT1,neutral,no,12660,0.3981042654028436,short
ENSG00000146112,0.0001,0.0589,0.0,0.0,0.0148,0.5,-0.002388520817476,0.5,False,False,0.0,0.0,0.0,0.0,0.0,0.0,0,0.0,0.0,0.0,no,PPP1R18,neutral,no,76650,0.2308675799086758,medium
ENSG00000146122,0.0001,0.2585,0.0,0.0,0.0647,0.5,0.0,0.5,False,False,0.0,0.0,0.0,0.0,0.0,0.0,0,0.0,0.0,0.0,no,DAAM2,neutral,no,246930,0.2511885959583688,long
ENSG00000146151,0.0209,0.5316,0.0,0.0,0.1392,0.3144590035086616,0.9275087705027544,0.5,False,False,0.0,0.8761,0.0,0.0,0.0,0.3066,2,0.0,0.0,0.0,no,HMGCLL1,regulation-driven,no,62920,0.23140495867768596,medium
ENSG00000146192,0.0001,0.2585,0.0,0.0,0.0647,0.5,0.0,0.5,False,False,0.0,0.0,0.0,0.0,0.0,0.0,0,0.0,0.0,0.0,no,FGD2,neutral,no,48690,0.2797288971041282,medium
ENSG00000146197,0.0001,0.2585,0.0,0.0,0.0647,0.5,0.0,0.5,False,False,0.0,0.0,0.0,0.0,0.0,0.0,0,0.0,0.0,0.0,no,SCUBE3,neutral,no,125910,0.2135573028353586,long
ENSG00000146205,0.0143,0.4998,0.0,0.0,0.1293,0.3638584058493182,0.635686602727219,0.5,False,False,0.0,0.0,0.0,0.0,0.0,0.0,0,0.0,0.0,0.0,no,ANO7,neutral,no,109440,0.24830957602339182,long
ENSG00000146216,0.0339,0.5744,0.0,0.0,0.1538,0.2348421522491723,1.511389004925149,0.5,False,False,0.0,0.0,0.0,0.0,0.0,0.0,0,0.0,0.0,0.0,no,TTBK1,neutral,no,193340,0.25129305886003933,long
ENSG00000146221,0.0001,0.0127,0.0,0.0,0.0032,0.5,-0.0079496367179672,0.5,False,False,0.0,0.0,0.0,0.0,0.0,0.0,0,0.0,0.0,0.0,no,TCTE1,neutral,no,39400,0.3041878172588833,medium
ENSG00000146232,0.0032,0.4437,0.0,0.0,0.1119,0.4670487932007777,0.1363487279577384,0.5,False,False,0.0,0.0,0.0,0.0,0.0,0.0,0,0.0,0.0,0.0,no,NFKBIE,neutral,no,36430,0.29914905297831457,medium
ENSG00000146233,0.0001,0.2585,0.0,0.0,0.0647,0.5,0.0,0.5,False,False,0.0,0.0,0.0,0.0,0.0,0.0,0,0.0,0.0,0.0,no,CYP39A1,neutral,no,71020,0.15349197409180512,medium
ENSG00000146263,0.2821,0.6964,0.15,0.0,0.4087,0.000918855540067,12.59846891996858,0.0030247435183942,True,False,0.0,0.4076,0.0,0.0,0.0,0.1426,1,0.0,0.0,0.0,no,MMS22L,gene-driven,no,161840,0.2356216015818092,long
ENSG00000146267,0.0299,0.5585,0.0,0.0,0.1486,0.2571698829035531,1.32974241777265,0.5,False,False,0.0,0.0,0.0,0.0,0.0,0.0,0,0.0,0.0,0.0,no,FAXC,neutral,no,35300,0.26031161473087816,medium
ENSG00000146282,1.0,0.8949,0.15,0.0,0.6737,0.0,84.08324780518888,0.0,True,False,0.0,0.0,0.0,0.0,0.0,0.0,0,0.0,0.0,0.0,no,,gene-driven,no,310900,0.08351559987134127,long
ENSG00000146352,0.0189,0.5259,0.0,0.0,0.1371,0.3288219903959458,0.8381831133665401,0.5,False,False,0.0,0.0,0.0,0.0,0.0,0.0,0,0.0,0.0,0.0,no,CLVS2,neutral,no,21650,0.29311778290993074,short
ENSG00000146373,1.0,0.817,0.15,0.0,0.6543,4.8292592147447515e-11,46.1211914069354,2.6367437249330844e-10,True,False,0.0,0.0,0.0,0.0,0.0,0.0,0,0.0,0.0,0.0,no,RNF217,gene-driven,no,76760,0.22539082855653986,medium
ENSG00000146374,0.0001,0.2585,0.0,0.0,0.0647,0.5,0.0,0.5,False,False,0.0,0.0,0.0,0.0,0.0,0.0,0,0.0,0.0,0.0,no,RSPO3,neutral,no,30480,0.21696194225721785,short
ENSG00000146376,0.0028,0.4419,0.0,0.0,0.1113,0.4708846090709229,0.1199900515493937,0.5,False,False,0.0,0.0,0.0,0.0,0.0,0.0,0,0.0,0.0,0.0,no,ARHGAP18,neutral,no,104160,0.12539362519201228,long
ENSG00000146386,0.0001,0.2585,0.0,0.0,0.0647,0.5,0.0,0.5,False,False,0.0,0.0,0.0,0.0,0.0,0.0,0,0.0,0.0,0.0,no,ABRACL,neutral,no,16000,0.1204375,short
ENSG00000146411,0.056,0.6086,0.0,0.0,0.169,0.143376973340098,2.498261518900108,0.3660970561569032,False,False,0.0,0.0,0.0,0.0,0.0,0.0,0,0.0,0.0,0.0,no,SLC2A12,neutral,no,86550,0.1508261120739457,long
ENSG00000146433,0.0001,0.2585,0.0,0.0,0.0647,0.5,0.0,0.5,False,False,0.0,0.0,0.0,0.0,0.0,0.0,0,0.0,0.0,0.0,no,TMEM181,neutral,no,45510,0.23109206767743354,medium
ENSG00000146453,0.4089,0.7197,0.15,0.0,0.4526,5.411099486829496e-05,18.26265195987435,0.0001929376978314,True,False,0.0,0.0,0.0,0.0,0.0,0.0,0,0.0,0.0,0.0,no,PNLDC1,gene-driven,no,60680,0.2569380355965722,medium
ENSG00000146457,0.0001,0.0257,0.0,0.0,0.0065,0.5,-0.0060118068759038,0.5,False,False,0.0,0.0,0.0,0.0,0.0,0.0,0,0.0,0.0,0.0,no,WTAP,neutral,no,55250,0.18009049773755656,medium
ENSG00000146476,0.0001,0.2585,0.0,0.0,0.0647,0.5,0.0,0.5,False,False,0.0,0.0,0.0,0.0,0.0,0.0,0,0.0,0.0,0.0,no,ARMT1,neutral,no,50880,0.14435927672955975,medium
ENSG00000146477,0.0001,0.2585,0.0,0.0,0.0647,0.5,0.0,0.5,False,False,0.0,0.0,0.0,0.0,0.0,0.0,0,0.0,0.0,0.0,no,SLC22A3,neutral,no,47940,0.21312056737588653,medium
ENSG00000146535,0.0244,0.5414,0.0,0.0,0.1427,0.2908669867962327,1.08348405151628,0.5,False,False,0.0,0.0,0.0,0.0,0.0,0.0,0,0.0,0.0,0.0,no,GNA12,neutral,no,64210,0.2099205731194518,medium
ENSG00000146574,0.4786,0.7318,0.15,0.0,0.4765,1.141170723850671e-05,21.37544719652942,4.251822607066095e-05,True,False,0.0,0.0,0.0,0.0,0.0,0.0,0,0.0,0.0,0.0,no,CCZ1B,gene-driven,no,34000,0.20929411764705882,medium
ENSG00000146587,0.0325,0.5704,0.0,0.0,0.1523,0.24257738878211,1.446574619803869,0.5,False,False,0.0,0.0,0.0,0.0,0.0,0.0,0,0.0,0.0,0.0,no,RBAK,neutral,no,112380,0.12371418401850863,long
ENSG00000146674,0.3006,0.7,0.15,0.0,0.4152,0.0006087070441027,13.42205253930297,0.0020279362607951,True,False,0.0,0.0,0.0,0.0,0.0,0.0,0,0.0,0.0,0.0,no,IGFBP3,gene-driven,no,40850,0.22966952264381885,medium
ENSG00000146700,0.0001,0.2585,0.0,0.0,0.0647,0.5,0.0,0.5,False,False,0.0,0.0,0.0,0.0,0.0,0.0,0,0.0,0.0,0.0,no,SSC4D,neutral,no,24170,0.45179975175837817,short
ENSG00000146701,0.0001,0.2585,0.0,0.0,0.0647,0.5,0.0,0.5,False,False,0.0,0.0,0.0,0.0,0.0,0.0,0,0.0,0.0,0.0,no,MDH2,neutral,no,36460,0.3447613823368075,medium
ENSG00000146731,0.0001,0.2585,0.0,0.0,0.0647,0.5,0.0,0.5,False,False,0.0,0.0,0.0,0.0,0.0,0.0,0,0.0,0.0,0.0,no,CCT6A,neutral,no,69000,0.19018840579710145,medium
ENSG00000146755,1.0,0.9505,0.15,0.0,0.6876,0.0,135.8490321453719,0.0,True,False,0.0,0.0,0.0,0.0,0.0,0.0,0,0.0,0.0,0.0,no,TRIM50,gene-driven,no,53150,0.27793038570084666,medium
ENSG00000146828,0.0001,0.2585,0.0,0.0,0.0647,0.5,0.0,0.5,False,False,0.0,0.0,0.0,0.0,0.0,0.0,0,0.0,0.0,0.0,no,SLC12A9,neutral,no,133390,0.24113501761751255,long
ENSG00000146830,1.0,0.9119,0.15,0.0,0.678,0.0,97.58306388693018,0.0,True,False,0.0,0.0,0.6039,0.0,0.0,0.2114,0,1.3740891470604035,0.0,0.0,no,GIGYF1,gene-driven,no,103570,0.3627305204209713,long
ENSG00000146834,0.0001,0.2585,0.0,0.0,0.0647,0.5,0.0,0.5,False,False,0.0,0.0,0.0,0.0,0.0,0.0,0,0.0,0.0,0.0,no,MEPCE,neutral,no,86400,0.21953703703703703,long
ENSG00000146842,0.3194,0.7043,0.15,0.0,0.4219,0.0003996771484094,14.26341257045715,0.0013505394946934,True,False,0.0,0.0,0.8599,0.0,0.0,0.301,0,2.828960872681469,0.0,0.0,no,TMEM209,dual-driven,no,96460,0.19790586771718846,long
ENSG00000146857,0.7114,0.7692,0.15,0.0,0.5557,6.295605675665783e-08,31.77536336969206,2.725356190666806e-07,True,False,0.0,0.4076,0.0193,0.0,0.2722,0.1902,1,0.6265718906085963,0.0,20.3,yes,STRA8,gene-driven,no,36360,0.2002200220022002,medium
ENSG00000146858,0.0354,0.5764,0.0,0.0,0.1547,0.2273466368895666,1.576264421709311,0.5,False,False,0.0,0.0,0.0,0.0,0.0,0.0,0,0.0,0.0,0.0,no,ZC3HAV1L,neutral,no,15890,0.3262429200755192,short
ENSG00000146904,0.0001,0.2585,0.0,0.0,0.0647,0.5,0.0,0.5,False,False,0.0,0.0,0.0,0.0,0.0,0.0,0,0.0,0.0,0.0,no,EPHA1,neutral,no,78180,0.2666282936812484,medium
ENSG00000146910,0.0001,0.2585,0.0,0.0,0.0647,0.5,0.0,0.5,False,False,0.0,0.0,0.8285,0.8358,0.284,0.458,0,2.4614049053476186,0.337,26.3,yes,CNPY1,regulation-driven,no,40550,0.13112207151664612,medium
ENSG00000146926,0.0097,0.4761,0.0,0.0,0.1219,0.4038564604985074,0.4270971587538952,0.5,False,False,0.0,0.0,0.0,0.0,0.0,0.0,0,0.0,0.0,0.0,no,ASB10,neutral,no,107310,0.24608144627714099,long
ENSG00000146955,1.0,0.9503,0.15,0.0,0.6876,0.0,135.6817577789698,0.0,True,False,0.0,0.0,0.0,0.0,0.0,0.0,0,0.0,0.0,0.0,no,RAB19,gene-driven,no,18230,0.24733955019199122,short
ENSG00000146963,1.0,0.9662,0.15,0.0,0.6916,0.0,167.8855512032605,0.0,True,False,0.0,0.0,0.0,0.0,0.0,0.0,0,0.0,0.0,0.0,no,LUC7L2,gene-driven,no,91340,0.2600722574994526,long
ENSG00000147324,0.0001,0.2585,0.0,0.0,0.0647,0.5,0.0,0.5,False,False,0.0,0.0,0.0,0.0,0.0,0.0,0,0.0,0.0,0.0,no,MFHAS1,neutral,no,157700,0.24284083703233988,long
ENSG00000147416,1.0,0.9294,0.15,0.0,0.6824,0.0,113.6364311740581,0.0,True,False,0.0,0.0,0.0,0.0,0.0,0.0,0,0.0,0.0,0.0,no,ATP6V1B2,gene-driven,no,72550,0.21633356305995866,medium
ENSG00000147419,0.0001,0.0171,0.0,0.0,0.0043,0.5,-0.0072773790398059,0.5,False,False,0.0,0.0,0.0,0.0,0.0,0.0,0,0.0,0.0,0.0,no,CCDC25,neutral,no,27030,0.17428782833888273,short
ENSG00000147434,0.0001,0.1203,0.0,0.0,0.0301,0.5,-7.275957614183426e-12,0.5,False,False,0.0,0.0,0.0,0.0,0.0,0.0,0,0.0,0.0,0.0,no,CHRNA6,neutral,no,49990,0.23872774554910983,medium
ENSG00000147439,0.2112,0.6771,0.15,0.0,0.3827,0.0044759893148065,9.431761390493191,0.0138541200073727,True,False,0.0,0.0,0.0,0.0,0.0,0.0,0,0.0,0.0,0.0,no,BIN3,gene-driven,no,44530,0.2512463507747586,medium
ENSG00000147443,0.0001,0.2585,0.0,0.0,0.0647,0.5,0.0,0.5,False,False,0.0,0.0,0.0,0.0,0.0,0.0,0,0.0,0.0,0.0,no,DOK2,neutral,no,35450,0.30623413258110016,medium
ENSG00000147454,0.0089,0.4727,0.0,0.0,0.1208,0.4105282713596052,0.3943266026853962,0.5,False,False,0.0,0.0,0.0,0.0,0.0,0.0,0,0.0,0.0,0.0,no,SLC25A37,neutral,no,29590,0.3157147685028726,short
ENSG00000147475,1.0,0.8486,0.15,0.0,0.6622,5.823119764158946e-14,59.5618361142042,3.8414055314226263e-13,True,False,0.0,0.0,0.0,0.0,0.0,0.0,0,0.0,0.0,0.0,no,ERLIN2,gene-driven,no,101430,0.1319037760031549,long
ENSG00000147509,0.0001,0.0704,0.0,0.0,0.0176,0.5,-0.001481170857005,0.5,False,False,0.0,0.0,0.8237,0.7761,0.8225,0.5281,0,2.4223921170641733,0.303,532.1,yes,RGS20,regulation-driven,no,45000,0.30448888888888886,medium
ENSG00000147533,0.9658,0.8072,0.15,0.0,0.6415,2.1471180389198707e-10,43.13715466933354,1.1124755339153583e-09,True,False,0.0,0.0,0.0,0.0,0.0,0.0,0,0.0,0.0,0.0,no,GOLGA7,gene-driven,no,87470,0.099051103235395,long
ENSG00000147536,0.647,0.7593,0.15,0.0,0.5339,2.653687941056582e-07,28.89799624418083,1.1017899681815893e-06,True,False,0.0,0.0,0.0,0.0,0.0,0.0,0,0.0,0.0,0.0,no,GINS4,gene-driven,no,27030,0.19929707732149463,short
ENSG00000147571,0.0001,0.2585,0.0,0.0,0.0647,0.5,0.0,0.5,False,False,0.0,0.0,0.0,0.0,0.0,0.0,0,0.0,0.0,0.0,no,CRH,neutral,no,5940,0.6856902356902357,short
ENSG00000147573,0.0001,0.2585,0.0,0.0,0.0647,0.5,0.0,0.5,False,False,0.0,0.0,0.0,0.0,0.0,0.0,0,0.0,0.0,0.0,no,TRIM55,neutral,no,119790,0.2613323315802655,long
ENSG00000147576,0.0001,0.2585,0.0,0.0,0.0647,0.5,0.0,0.5,False,False,0.0,0.4076,0.0,0.0,0.0,0.1426,1,0.0,0.0,0.0,no,ADHFE1,neutral,no,73850,0.1995531482735274,medium
ENSG00000147588,0.0138,0.4948,0.0,0.0,0.1278,0.3681063116886046,0.6124726229945736,0.5,False,False,0.0,0.0,0.1957,0.9552,0.645,0.3085,0,0.7748706895109314,0.381,203.9,yes,PMP2,regulation-driven,no,12160,0.20666118421052632,short
ENSG00000147592,0.0001,0.1104,0.0,0.0,0.0276,0.5,-5.118135231896304e-05,0.5,False,False,0.0,0.0,0.0,0.0,0.0,0.0,0,0.0,0.0,0.0,no,LACTB2,neutral,no,42430,0.12168277162385105,medium
ENSG00000147613,0.0236,0.539,0.0,0.0,0.1418,0.295776837997346,1.050005708183562,0.5,False,False,0.0,0.0,0.0,0.0,0.0,0.0,0,0.0,0.0,0.0,no,PSKH2,neutral,no,13060,0.45581929555895867,short
ENSG00000147647,0.0004,0.4131,0.0,0.0,0.1034,0.496479692423316,0.0141310344733938,0.5,False,False,0.0,0.4076,0.0,0.0,0.0,0.1426,1,0.0,0.0,0.0,no,DPYS,neutral,no,51740,0.21439891766524932,medium
ENSG00000147655,0.7259,0.7714,0.15,0.0,0.5606,4.557888816369982e-08,32.4213480509643,1.992173899176124e-07,True,False,0.0,0.0,0.0,0.0,0.0,0.0,0,0.0,0.0,0.0,no,RSPO2,gene-driven,no,33300,0.22465465465465465,medium
ENSG00000147676,0.0205,0.5306,0.0,0.0,0.1388,0.3167187027137017,0.9131881832126963,0.5,False,False,0.0,0.0,0.0,0.0,0.0,0.0,0,0.0,0.0,0.0,no,MAL2,neutral,no,25290,0.1734282325029656,short
ENSG00000147684,0.0001,0.0659,0.0,0.0,0.0165,0.5,-0.0018266990555275,0.5,False,False,0.0,0.0,0.0,0.0,0.0,0.0,0,0.0,0.0,0.0,no,NDUFB9,neutral,no,40440,0.1556874381800198,medium
ENSG00000147689,1.0,0.8904,0.15,0.0,0.6726,0.0,81.45776378786104,0.0,True,False,0.0,0.0,0.0,0.0,0.0,0.0,0,0.0,0.0,0.0,no,FAM83A,gene-driven,no,63360,0.27720959595959593,medium
ENSG00000147789,1.0,0.9489,0.15,0.0,0.6872,0.0,133.4303435048059,0.0,True,False,0.0,0.0,0.0,0.0,0.0,0.0,0,0.0,0.0,0.0,no,ZNF7,gene-driven,no,159020,0.19619544711357062,long
ENSG00000147799,0.0001,0.2585,0.0,0.0,0.0647,0.5,0.0,0.5,False,False,0.0,0.0,0.0,0.0,0.0,0.0,0,0.0,0.0,0.0,no,ARHGAP39,neutral,no,164080,0.2813749390541199,long
ENSG00000147853,0.0001,0.0251,0.0,0.0,0.0063,0.5,-0.0060658772817987,0.5,False,False,0.0,0.0,0.0,0.0,0.0,0.0,0,0.0,0.0,0.0,no,AK3,neutral,no,32120,0.2734433374844334,short
ENSG00000147869,0.0003,0.4085,0.0,0.0,0.1022,0.4976494230578098,0.0094244781275847,0.5,False,False,0.0,0.0,0.0,0.0,0.0,0.0,0,0.0,0.0,0.0,no,CER1,neutral,no,11010,0.3807447774750227,short
ENSG00000147894,0.0001,0.0044,0.0,0.0,0.0011,0.5,-0.0092943466079304,0.5,False,False,0.0,0.0,0.0,0.0,0.0,0.0,0,0.0,0.0,0.0,no,C9orf72,neutral,no,93330,0.12297224900889317,long
ENSG00000147905,0.0403,0.584,0.0,0.0,0.1581,0.2039458103051836,1.793507551097719,0.4900610920086876,False,False,0.0,0.0,0.0,0.0,0.0,0.0,0,0.0,0.0,0.0,no,ZCCHC7,neutral,no,69680,0.16987657864523537,medium
ENSG00000147912,0.0001,0.1203,0.0,0.0,0.0301,0.5,-7.275957614183426e-12,0.5,False,False,0.0,0.0,0.0,0.0,0.0,0.0,0,0.0,0.0,0.0,no,FBXO10,neutral,no,111840,0.24306151645207438,long
ENSG00000147955,0.7024,0.7678,0.15,0.0,0.5527,7.69878104045496e-08,31.37294310726429,3.3126069978566584e-07,True,False,0.0,0.0,0.0,0.0,0.0,0.0,0,0.0,0.0,0.0,no,SIGMAR1,gene-driven,no,47460,0.21019806152549517,medium
ENSG00000148019,0.0317,0.5663,0.0,0.0,0.1511,0.2469247139257171,1.411049220245332,0.5,False,False,0.0,0.0,0.0,0.0,0.0,0.0,0,0.0,0.0,0.0,no,,neutral,no,352420,0.14432495318086375,long
ENSG00000148082,0.0001,0.2585,0.0,0.0,0.0647,0.5,0.0,0.5,False,False,0.0,0.0,0.0,0.0,0.0,0.0,0,0.0,0.0,0.0,no,SHC3,neutral,no,51440,0.30392690513219284,medium
ENSG00000148090,0.0001,0.2585,0.0,0.0,0.0647,0.5,0.0,0.5,False,False,0.0,0.0,0.0,0.0,0.0,0.0,0,0.0,0.0,0.0,no,AUH,neutral,no,49490,0.236573045059608,medium
ENSG00000148110,0.0001,0.2585,0.0,0.0,0.0647,0.5,0.0,0.5,False,False,0.0,0.0,0.0,0.0,0.0,0.0,0,0.0,0.0,0.0,no,MFSD14B,neutral,no,51030,0.19282774838330394,medium
ENSG00000148123,0.3794,0.7149,0.15,0.0,0.4426,0.000104610954754,16.9442302026946,0.000366691253662,True,False,0.0,0.0,0.0,0.0,0.0,0.0,0,0.0,0.0,0.0,no,PLPPR1,gene-driven,no,39250,0.2287388535031847,medium
ENSG00000148153,0.7392,0.7736,0.15,0.0,0.5652,3.3877109228974696e-08,33.01475822966586,1.495161857186514e-07,True,False,0.0,0.0,0.0,0.0,0.0,0.0,0,0.0,0.0,0.0,no,INIP,gene-driven,no,13860,0.16760461760461762,short
ENSG00000148154,0.0001,0.2585,0.0,0.0,0.0647,0.5,0.0,0.5,False,False,0.0,0.0,0.0,0.0,0.0,0.0,0,0.0,0.0,0.0,no,UGCG,neutral,no,27380,0.27005113221329435,short
ENSG00000148175,0.0001,0.0591,0.0,0.0,0.0148,0.5,-0.0023858820150053,0.5,False,False,0.0,0.0,0.0,0.0,0.0,0.0,0,0.0,0.0,0.0,no,STOM,neutral,no,27580,0.30993473531544596,short
ENSG00000148187,1.0,0.8253,0.15,0.0,0.6563,1.2531031767792909e-11,48.81933503421897,7.16429333482781e-11,True,False,0.0,0.4076,0.0,0.0,0.0,0.1426,1,0.0,0.0,0.0,no,MRRF,gene-driven,no,58950,0.19312977099236642,medium
ENSG00000148204,0.0001,0.0024,0.0,0.0,0.0006,0.5,-0.0095907258510123,0.5,False,False,0.0,0.0,0.0,0.0,0.0,0.0,0,0.0,0.0,0.0,no,CRB2,neutral,no,213780,0.20740948638787537,long
ENSG00000148218,1.0,0.9242,0.15,0.0,0.6811,0.0,108.8007285192107,0.0,True,False,0.0,0.0,0.0,0.0,0.0,0.0,0,0.0,0.0,0.0,no,ALAD,gene-driven,no,52540,0.2141987057480015,medium
ENSG00000148225,0.0001,0.0036,0.0,0.0,0.0009,0.5,-0.0094316947906918,0.5,False,False,0.0,0.0,0.0,0.0,0.0,0.0,0,0.0,0.0,0.0,no,,neutral,no,28490,0.21597051597051597,short
ENSG00000148229,0.0001,0.0048,0.0,0.0,0.0012,0.5,-0.0092037867043472,0.5,False,False,0.0,0.0,0.0,0.0,0.0,0.0,0,0.0,0.0,0.0,no,POLE3,neutral,no,13690,0.2073046018991965,short
ENSG00000148248,0.0001,0.2585,0.0,0.0,0.0647,0.5,0.0,0.5,False,False,0.0,0.0,0.0,0.0,0.0,0.0,0,0.0,0.0,0.0,no,SURF4,neutral,no,56780,0.22634730538922157,medium
ENSG00000148290,0.6317,0.7581,0.15,0.0,0.529,3.737403492243274e-07,28.21311470715409,1.5440070573436917e-06,True,False,0.0,0.0,0.0,0.0,0.0,0.0,0,0.0,0.0,0.0,no,SURF1,gene-driven,no,26220,0.3056064073226545,short
ENSG00000148291,0.0001,0.0692,0.0,0.0,0.0173,0.5,-0.0016127633934956,0.5,False,False,0.0,0.0,0.0,0.0,0.0,0.0,0,0.0,0.0,0.0,no,SURF2,neutral,no,41680,0.1569337811900192,medium
ENSG00000148296,0.0001,0.2585,0.0,0.0,0.0647,0.5,0.0,0.5,False,False,0.0,0.0,0.0,0.0,0.0,0.0,0,0.0,0.0,0.0,no,SURF6,neutral,no,72030,0.17381646536165488,medium
ENSG00000148308,0.1721,0.6673,0.15,0.0,0.3685,0.0107269303847397,7.683701321206172,0.0322196568440189,True,False,0.0,0.0,0.0,0.0,0.0,0.0,0,0.0,0.0,0.0,no,GTF3C5,gene-driven,no,92840,0.3074644549763033,long
ENSG00000148331,0.0001,0.0814,0.0,0.0,0.0204,0.5,-0.0009347096420242,0.5,False,False,0.0,0.0,0.0,0.0,0.0,0.0,0,0.0,0.0,0.0,no,ASB6,neutral,no,48370,0.34370477568740954,medium
ENSG00000148341,1.0,0.8237,0.15,0.0,0.6559,1.528355220159483e-11,48.4221902232166,8.658358616256569e-11,True,False,0.0,0.0,0.0,0.0,0.0,0.0,0,0.0,0.0,0.0,no,SH3GLB2,gene-driven,no,81670,0.338753520264479,long
ENSG00000148344,0.0008,0.4206,0.0,0.0,0.1054,0.4921264814068535,0.0317446778744852,0.5,False,False,0.0,0.0,0.0,0.0,0.0,0.0,0,0.0,0.0,0.0,no,PTGES,neutral,no,11030,0.3009066183136899,short
ENSG00000148346,1.0,0.8737,0.15,0.0,0.6684,1.110223024625157e-16,71.82816792231097,8.751583715507972e-16,True,False,0.0,0.0,0.0,0.0,0.0,0.0,0,0.0,0.0,0.0,no,LCN2,gene-driven,no,25800,0.24996124031007752,short
ENSG00000148384,0.0001,0.2585,0.0,0.0,0.0647,0.5,0.0,0.5,False,False,0.0,0.0,0.0,0.0,0.0,0.0,0,0.0,0.0,0.0,no,INPP5E,neutral,no,65950,0.24510993176648976,medium
ENSG00000148411,0.0205,0.53,0.0,0.0,0.1386,0.3173910444167187,0.9089470122926286,0.5,False,False,0.0,0.0,0.0,0.0,0.0,0.0,0,0.0,0.0,0.0,no,NACC2,neutral,no,64760,0.23418777022853612,medium
ENSG00000148426,0.0034,0.4449,0.0,0.0,0.1122,0.4645915371036281,0.1468989873883402,0.5,False,False,0.0,0.0,0.0,0.0,0.0,0.0,0,0.0,0.0,0.0,no,PROSER2,neutral,no,29120,0.3788804945054945,short
ENSG00000148429,0.0001,0.0356,0.0,0.0,0.0089,0.5,-0.0049018599383998,0.5,False,False,0.0,0.0,0.0,0.0,0.0,0.0,0,0.0,0.0,0.0,no,USP6NL,neutral,no,236920,0.2113793685632281,long
ENSG00000148482,0.5611,0.7477,0.15,0.0,0.5052,1.809835650512515e-06,25.05825467426621,7.16729500449781e-06,True,False,0.0,0.0,0.0,0.0,0.0,0.0,0,0.0,0.0,0.0,no,SLC39A12,gene-driven,no,205520,0.1460101206695212,long
ENSG00000148484,0.5212,0.739,0.15,0.0,0.4911,4.409927030490923e-06,23.27701046901166,1.68860485370761e-05,True,False,0.0,0.8761,0.0,0.0,0.0,0.3066,2,0.0,0.0,0.0,no,RSU1,gene-driven (dual),no,24640,0.23944805194805194,short
ENSG00000148541,1.0,0.8981,0.15,0.0,0.6745,0.0,86.07908674149076,0.0,True,False,0.0,0.0,0.0,0.0,0.0,0.0,0,0.0,0.0,0.0,no,FAM13C,gene-driven,no,166440,0.14786709925498678,long
ENSG00000148584,0.0001,0.2585,0.0,0.0,0.0647,0.5,0.0,0.5,False,False,0.0,0.0,0.0,0.0,0.0,0.0,0,0.0,0.0,0.0,no,A1CF,neutral,no,142960,0.1496152770005596,long
ENSG00000148602,0.0001,0.2585,0.0,0.0,0.0647,0.5,0.0,0.5,False,False,0.0,0.0,0.0,0.0,0.0,0.0,0,0.0,0.0,0.0,no,LRIT1,neutral,no,56750,0.2442466960352423,medium
ENSG00000148655,0.0001,0.2585,0.0,0.0,0.0647,0.5,0.0,0.5,False,False,0.0,0.9989,0.0,0.0,0.0,0.3496,9,0.0,0.0,0.0,no,LRMDA,regulation-driven,no,22480,0.3072508896797153,short
ENSG00000148677,0.0296,0.5565,0.0,0.0,0.148,0.2588153151970277,1.316986719531997,0.5,False,False,0.0,0.0,0.0,0.0,0.0,0.0,0,0.0,0.0,0.0,no,ANKRD1,neutral,no,30900,0.18611650485436892,short
ENSG00000148680,0.0001,0.2585,0.0,0.0,0.0647,0.5,0.0,0.5,False,False,0.0,0.0,0.0,0.0,0.0,0.0,0,0.0,0.0,0.0,no,HTR7,neutral,no,49650,0.28557905337361533,medium
ENSG00000148690,0.4447,0.7264,0.15,0.0,0.465,2.433258539219496e-05,19.86109392551225,8.886217308427146e-05,True,False,0.0,0.0,0.0,0.0,0.0,0.0,0,0.0,0.0,0.0,no,FRA10AC1,gene-driven,no,35120,0.1803246013667426,medium
ENSG00000148700,0.014,0.496,0.0,0.0,0.1282,0.3670006089065193,0.6184891824086662,0.5,False,False,0.0,0.0,0.0,0.0,0.0,0.0,0,0.0,0.0,0.0,no,ADD3,neutral,no,198970,0.15161582148062522,long
ENSG00000148702,0.0001,0.2585,0.0,0.0,0.0647,0.5,0.0,0.5,False,False,0.0,0.4076,0.0,0.0,0.0,0.1426,1,0.0,0.0,0.0,no,HABP2,neutral,no,98130,0.1407520635891165,long
ENSG00000148704,0.0001,0.2585,0.0,0.0,0.0647,0.5,0.0,0.5,False,False,0.0,0.0,0.0,0.0,0.0,0.0,0,0.0,0.0,0.0,no,VAX1,neutral,no,22920,0.3517452006980803,short
ENSG00000148730,0.0001,0.2585,0.0,0.0,0.0647,0.5,0.0,0.5,False,False,0.0,0.0,0.0,0.0,0.0,0.0,0,0.0,0.0,0.0,no,EIF4EBP2,neutral,no,4770,0.3907756813417191,short
ENSG00000148734,0.0139,0.4954,0.0,0.0,0.128,0.3677854654179585,0.6142166092758998,0.5,False,False,0.0,0.0,0.0,0.0,0.0,0.0,0,0.0,0.0,0.0,no,NPFFR1,neutral,no,41380,0.26336394393426776,medium
ENSG00000148795,0.0137,0.4942,0.0,0.0,0.1277,0.3688876253359286,0.6082320782588795,0.5,False,False,0.0,0.0,0.0,0.0,0.0,0.0,0,0.0,0.0,0.0,no,CYP17A1,neutral,no,78460,0.3013764975783839,medium
ENSG00000148798,0.0001,0.2585,0.0,0.0,0.0647,0.5,0.0,0.5,False,False,0.0,0.0,0.0,0.0,0.0,0.0,0,0.0,0.0,0.0,no,INA,neutral,no,30740,0.32068965517241377,short
ENSG00000148803,0.0874,0.6339,0.0,0.0,0.1847,0.071198337462169,3.898277260428586,0.1943691166502903,False,False,0.0,0.0,0.0,0.0,0.0,0.0,0,0.0,0.0,0.0,no,FUOM,neutral,no,16750,0.24274626865671642,short
ENSG00000148832,0.8396,0.7869,0.15,0.0,0.5986,3.594383679583757e-09,37.50149223468179,1.6850579097313486e-08,True,False,0.0,0.0,0.0,0.0,0.0,0.0,0,0.0,0.0,0.0,no,PAOX,gene-driven,no,92040,0.30689917427205565,long
ENSG00000148835,0.0002,0.4051,0.0,0.0,0.1013,0.4987075896152873,0.0051763343726634,0.5,False,False,0.0,0.0,0.0,0.0,0.0,0.0,0,0.0,0.0,0.0,no,TAF5,neutral,no,78460,0.19830486872291614,medium
ENSG00000148842,0.0001,0.0917,0.0,0.0,0.023,0.5,-0.0004836769512621,0.5,False,False,0.0,0.0,0.0,0.0,0.0,0.0,0,0.0,0.0,0.0,no,CNNM2,neutral,no,139330,0.22790497380320104,long
ENSG00000148848,0.0001,0.2585,0.0,0.0,0.0647,0.5,0.0,0.5,False,False,0.0,0.0,0.0,0.0,0.0,0.0,0,0.0,0.0,0.0,no,ADAM12,neutral,no,140180,0.2536167784277358,long
ENSG00000148908,0.0463,0.5953,0.0,0.0,0.1627,0.1782292306277242,2.063075128080527,0.4401748724639027,False,False,0.0,0.0,0.0,0.0,0.0,0.0,0,0.0,0.0,0.0,no,RGS10,neutral,no,32870,0.23130514146638273,short
ENSG00000148926,0.0001,0.2585,0.0,0.0,0.0647,0.5,0.0,0.5,False,False,0.0,0.4076,0.0,0.0,0.0,0.1426,1,0.0,0.0,0.0,no,ADM,neutral,no,39680,0.19810987903225807,medium
ENSG00000148943,0.0321,0.5684,0.0,0.0,0.1517,0.2449426499638126,1.427167994010233,0.5,False,False,0.0,0.0,0.0,0.0,0.0,0.0,0,0.0,0.0,0.0,no,LIN7C,neutral,no,22980,0.2188424717145344,short
ENSG00000148965,0.0001,0.2585,0.0,0.0,0.0647,0.5,0.0,0.5,False,False,0.0,0.0,0.0,0.0,0.0,0.0,0,0.0,0.0,0.0,no,SAA4,neutral,no,12930,0.1782675947409126,short
ENSG00000148985,0.1495,0.6598,0.075,0.0,0.2848,0.0177728747238545,6.673869390797336,0.0522163490114899,False,False,0.0,0.4076,0.0,0.0,0.0,0.1426,1,0.0,0.0,0.0,no,PGAP2,neutral,no,137580,0.2061491495856956,long
ENSG00000149021,0.5358,0.7425,0.15,0.0,0.4963,3.185200726785187e-06,23.92769613577593,1.2358181290974668e-05,True,False,0.0,0.0,0.0,0.0,0.0,0.0,0,0.0,0.0,0.0,no,SCGB1A1,gene-driven,no,4430,0.3478555304740406,short
ENSG00000149050,0.0001,0.2585,0.0,0.0,0.0647,0.5,0.0,0.5,False,False,0.0,0.0,0.0,0.0,0.0,0.0,0,0.0,0.0,0.0,no,ZNF214,neutral,no,59240,0.200101282916948,medium
ENSG00000149089,0.0001,0.0016,0.0,0.0,0.0004,0.5,-0.0097037271079898,0.5,False,False,0.0,0.0,0.0,0.0,0.0,0.0,0,0.0,0.0,0.0,no,APIP,neutral,no,30910,0.15998058880621158,short
ENSG00000149091,1.0,0.9978,0.15,0.0,0.6994,0.0,421.9433573048445,0.0,True,False,0.0,0.0,0.0,0.0,0.0,0.0,0,0.0,0.0,0.0,no,,gene-driven,no,308680,0.32790916159129196,long
ENSG00000149136,1.0,0.9154,0.15,0.0,0.6788,0.0,100.9226264394965,0.0,True,False,0.0,0.0,0.0,0.0,0.0,0.0,0,0.0,0.0,0.0,no,SSRP1,gene-driven,no,116050,0.23247738043946575,long
ENSG00000149196,0.0001,0.2585,0.0,0.0,0.0647,0.5,0.0,0.5,False,False,0.0,0.0,0.0,0.0,0.0,0.0,0,0.0,0.0,0.0,no,HIKESHI,neutral,no,32390,0.12522383451682617,short
ENSG00000149218,0.0001,0.2585,0.0,0.0,0.0647,0.5,0.0,0.5,False,False,0.0,0.0,0.0,0.0,0.0,0.0,0,0.0,0.0,0.0,no,ENDOD1,neutral,no,29400,0.29391156462585033,short
ENSG00000149243,0.0001,0.2585,0.0,0.0,0.0647,0.5,0.0,0.5,False,False,0.0,0.0,0.0,0.0,0.0,0.0,0,0.0,0.0,0.0,no,KLHL35,neutral,no,46640,0.25656089193825043,medium
ENSG00000149260,1.0,0.8168,0.15,0.0,0.6542,5.265765601336625e-11,45.94812561490107,2.871920844413199e-10,True,False,0.0,0.0,0.0,0.0,0.0,0.0,0,0.0,0.0,0.0,no,CAPN5,gene-driven,no,131150,0.2568051849027831,long
ENSG00000149289,0.0001,0.2585,0.0,0.0,0.0647,0.5,0.0,0.5,False,False,0.0,0.0,0.0,0.0,0.0,0.0,0,0.0,0.0,0.0,no,ZC3H12C,neutral,no,191270,0.18815287290218016,long
ENSG00000149300,0.0146,0.5028,0.0,0.0,0.1301,0.3619359210538888,0.6462818318173049,0.5,False,False,0.0,0.0,0.0,0.0,0.0,0.0,0,0.0,0.0,0.0,no,C11orf52,neutral,no,8410,0.2755053507728894,short
ENSG00000149313,0.0001,0.3979,0.0,0.0,0.0995,0.4998731445636249,0.0005074861255707,0.5,False,False,0.0,0.0,0.0,0.0,0.0,0.0,0,0.0,0.0,0.0,no,AASDHPPT,neutral,no,52610,0.13153392891085344,medium
ENSG00000149380,0.0001,0.0641,0.0,0.0,0.0161,0.5,-0.001935509910254,0.5,False,False,0.0,0.0,0.0,0.0,0.0,0.0,0,0.0,0.0,0.0,no,P4HA3,neutral,no,56040,0.25865453247680226,medium
ENSG00000149403,0.0001,0.2585,0.0,0.0,0.0647,0.5,0.0,0.5,False,False,0.0,0.4076,0.0,0.0,0.0,0.1426,1,0.0,0.0,0.0,no,GRIK4,neutral,no,285770,0.16923050005248977,long
ENSG00000149418,0.0001,0.2585,0.0,0.0,0.0647,0.5,0.0,0.5,False,False,0.0,0.0,0.0,0.0,0.0,0.0,0,0.0,0.0,0.0,no,ST14,neutral,no,81920,0.30596923828125,long
ENSG00000149452,0.229,0.6834,0.15,0.0,0.3895,0.0030127620825607,10.2235016101622,0.0095085524103156,True,False,0.0,0.0,0.0,0.0,0.0,0.0,0,0.0,0.0,0.0,no,SLC22A8,gene-driven,no,85650,0.1852772913018097,long
ENSG00000149476,1.0,0.8536,0.15,0.0,0.6634,2.042810365310288e-14,61.65483738855255,1.3938187595409294e-13,True,False,0.0,0.0,0.0,0.0,0.0,0.0,0,0.0,0.0,0.0,no,TKFC,gene-driven,no,100400,0.22700199203187252,long
ENSG00000149483,0.0001,0.2585,0.0,0.0,0.0647,0.5,0.0,0.5,False,False,0.0,0.0,0.0,0.0,0.0,0.0,0,0.0,0.0,0.0,no,TMEM138,neutral,no,57190,0.0937751355132016,medium
ENSG00000149485,0.0001,0.0716,0.0,0.0,0.0179,0.5,-0.0013406391954049,0.5,False,False,0.0,0.0,0.0,0.0,0.0,0.0,0,0.0,0.0,0.0,no,FADS1,neutral,no,114290,0.14360836468632426,long
ENSG00000149503,0.0001,0.2585,0.0,0.0,0.0647,0.5,0.0,0.5,False,False,0.0,0.0,0.0,0.0,0.0,0.0,0,0.0,0.0,0.0,no,INCENP,neutral,no,123110,0.30012996507188694,long
ENSG00000149516,0.0355,0.577,0.0,0.0,0.1549,0.2267830321707719,1.581228686733084,0.5,False,False,0.0,0.0,0.0,0.0,0.0,0.0,0,0.0,0.0,0.0,no,MS4A3,neutral,no,22400,0.22183035714285715,short
ENSG00000149548,0.4,0.7171,0.15,0.0,0.4493,6.601180559173692e-05,17.86505955764733,0.0002331979552651,True,False,0.0,0.0,0.0,0.0,0.0,0.0,0,0.0,0.0,0.0,no,CCDC15,gene-driven,no,82520,0.16203344643722734,long
ENSG00000149571,1.0,0.9497,0.15,0.0,0.6874,0.0,135.4060766766925,0.0,True,False,0.0,0.4076,0.0,0.0,0.0,0.1426,1,0.0,0.0,0.0,no,KIRREL3,gene-driven,no,194180,0.284220826037697,long
ENSG00000149573,0.5139,0.7374,0.15,0.0,0.4885,5.194368130123639e-06,22.9495767813878,1.9768008476843902e-05,True,False,0.0,0.0,0.0,0.0,0.0,0.0,0,0.0,0.0,0.0,no,MPZL2,gene-driven,no,18550,0.20835579514824798,short
ENSG00000149575,0.7711,0.778,0.15,0.0,0.5758,1.6610165021191392e-08,34.44020759704472,7.476829033068414e-08,True,False,0.0,0.0,0.0,0.0,0.0,0.0,0,0.0,0.0,0.0,no,SCN2B,gene-driven,no,18450,0.24688346883468834,short
ENSG00000149735,0.0001,0.2585,0.0,0.0,0.0647,0.5,0.0,0.5,False,False,0.0,0.0,0.0,0.0,0.0,0.0,0,0.0,0.0,0.0,no,GPHA2,neutral,no,12370,0.28981406628940987,short
ENSG00000149761,0.0176,0.5219,0.0,0.0,0.1358,0.3379454195369545,0.7834473932271067,0.5,False,False,0.0,0.0,0.0,0.0,0.0,0.0,0,0.0,0.0,0.0,no,NUDT22,neutral,no,48340,0.3305750930906082,medium
ENSG00000150045,0.0272,0.5489,0.0,0.0,0.1454,0.2731356257146261,1.209279258135211,0.5,False,False,0.0,0.4076,0.0,0.0,0.0,0.1426,1,0.0,0.0,0.0,no,KLRF1,neutral,no,31920,0.21011904761904762,short
ENSG00000150201,0.0144,0.5012,0.0,0.0,0.1296,0.363073697929525,0.6400045202904039,0.5,False,False,0.0,0.0,0.0,0.0,0.0,0.0,0,0.0,0.0,0.0,no,FXYD4,neutral,no,5340,0.300749063670412,short
ENSG00000150316,0.0001,0.2585,0.0,0.0,0.0647,0.5,0.0,0.5,False,False,0.0,0.0,0.0,0.0,0.0,0.0,0,0.0,0.0,0.0,no,CWC15,neutral,no,15400,0.22954545454545455,short
ENSG00000150347,0.0001,0.2585,0.0,0.0,0.0647,0.5,0.0,0.5,False,False,0.0,0.0,0.0,0.0,0.0,0.0,0,0.0,0.0,0.0,no,,neutral,no,314630,0.17840002542669167,long
ENSG00000150361,0.0001,0.0581,0.0,0.0,0.0146,0.5,-0.0025033208876266,0.5,False,False,0.0,0.0,0.0,0.0,0.0,0.0,0,0.0,0.0,0.0,no,KLHL1,neutral,no,68280,0.2641915641476274,medium
ENSG00000150455,0.0251,0.5432,0.0,0.0,0.1434,0.2857891331083305,1.118707712648757,0.5,False,False,0.0,0.0,0.0,0.0,0.0,0.0,0,0.0,0.0,0.0,no,TIRAP,neutral,no,63270,0.15079816658764028,medium
ENSG00000150456,0.017,0.5185,0.0,0.0,0.1347,0.3426797586362763,0.7556234712883452,0.5,False,False,0.0,0.0,0.0,0.0,0.0,0.0,0,0.0,0.0,0.0,no,EEF1AKMT1,neutral,no,20880,0.1806992337164751,short
ENSG00000150510,0.0557,0.608,0.0,0.0,0.1687,0.1444632638673328,2.4831657047107,0.3683035748211755,False,False,0.0,0.0,0.0,0.0,0.0,0.0,0,0.0,0.0,0.0,no,FAM124A,neutral,no,109130,0.25271694309539083,long
ENSG00000150540,0.0007,0.4194,0.0,0.0,0.1051,0.493276219822076,0.027077595328592,0.5,False,False,0.0,0.0,0.0,0.0,0.0,0.0,0,0.0,0.0,0.0,no,HNMT,neutral,no,41460,0.15412445730824892,medium
ENSG00000150551,0.0748,0.6253,0.0,0.0,0.1787,0.0943670888143898,3.334831442551149,0.2516793028218633,False,False,0.0,0.0,0.0,0.0,0.0,0.0,0,0.0,0.0,0.0,no,LYPD1,neutral,no,16760,0.21939140811455848,short
ENSG00000150556,1.0,0.962,0.15,0.0,0.6905,0.0,159.0176081154787,0.0,True,False,0.0,0.0,0.0,0.0,0.0,0.0,0,0.0,0.0,0.0,no,LYPD6B,gene-driven,no,58980,0.21553068836893863,medium
ENSG00000150593,0.007,0.4656,0.0,0.0,0.1185,0.4283115481984808,0.3095145025654347,0.5,False,False,0.0,0.0,0.0,0.0,0.0,0.0,0,0.0,0.0,0.0,no,PDCD4,neutral,no,105800,0.18747637051039698,long
ENSG00000150625,1.0,0.881,0.15,0.0,0.6702,5.551115123125783e-17,74.72337885647721,4.453426874585104e-16,True,False,0.0,0.0,0.8816,0.0,1.0,0.4586,0,3.066927317049336,0.0,5366.0,yes,GPM6A,gene-driven (dual),no,82670,0.18889560904802224,long
ENSG00000150628,0.0338,0.5732,0.0,0.0,0.1534,0.235834534510599,1.502955328393,0.5,False,False,0.0,0.0,0.4662,0.0,0.3254,0.212,0,1.0348929512054348,0.0,36.1,yes,SPATA4,neutral,no,20520,0.2195906432748538,short
ENSG00000150630,0.0232,0.5374,0.0,0.0,0.1413,0.2985689447897993,1.03121444280805,0.5,False,False,0.0,0.0,0.0,0.0,0.0,0.0,0,0.0,0.0,0.0,no,VEGFC,neutral,no,27960,0.22964949928469242,short
ENSG00000150681,0.0001,0.2585,0.0,0.0,0.0647,0.5,0.0,0.5,False,False,0.0,0.4076,0.0,0.0,0.0,0.1426,1,0.0,0.0,0.0,no,RGS18,neutral,no,15530,0.18583386992916934,short
ENSG00000150722,0.0153,0.507,0.0,0.0,0.1314,0.3560706663310568,0.6789577726358402,0.5,False,False,0.0,0.0,0.0,0.0,0.0,0.0,0,0.0,0.0,0.0,no,PPP1R1C,neutral,no,16100,0.13832298136645962,short
ENSG00000150750,0.0001,0.2585,0.0,0.0,0.0647,0.5,0.0,0.5,False,False,0.0,0.0,0.0,0.0,0.0,0.0,0,0.0,0.0,0.0,no,POU2AF2,neutral,no,24670,0.3158492095662748,short
ENSG00000150756,1.0,0.9658,0.15,0.0,0.6915,0.0,166.7288046741778,0.0,True,False,0.0,0.0,0.0,0.0,0.0,0.0,0,0.0,0.0,0.0,no,ATPSCKMT,gene-driven,no,36080,0.2247228381374723,medium
ENSG00000150760,0.1945,0.6739,0.15,0.0,0.3768,0.0065100941770058,8.682508351688739,0.0199514531339662,True,False,0.0,0.4076,0.0,0.0,0.0,0.1426,1,0.0,0.0,0.0,no,,gene-driven,no,336570,0.1364678967228214,long
ENSG00000150764,0.9977,0.8126,0.15,0.0,0.6525,1.0517797743858639e-10,44.56443973527348,5.607237511034607e-10,True,False,0.0,0.0,0.0,0.0,0.0,0.0,0,0.0,0.0,0.0,no,DIXDC1,gene-driven,no,117040,0.27369275461380727,long
ENSG00000150768,1.0,0.8303,0.15,0.0,0.6576,4.899469718822047e-12,50.69749411038356,2.8840192167361962e-11,True,False,0.0,0.0,0.0,0.0,0.0,0.0,0,0.0,0.0,0.0,no,DLAT,gene-driven,no,229830,0.10645259539659749,long
ENSG00000150773,0.7786,0.7786,0.15,0.0,0.5783,1.4032269346486711e-08,34.77751805196385,6.33362139105489e-08,True,False,0.0,0.0,0.0,0.0,0.0,0.0,0,0.0,0.0,0.0,no,PIH1D2,gene-driven,no,71290,0.12395847945013326,medium
ENSG00000150779,1.0,0.8235,0.15,0.0,0.6559,1.5624890270515828e-11,48.37801509985457,8.841661456831143e-11,True,False,0.0,0.0,0.0,0.0,0.0,0.0,0,0.0,0.0,0.0,no,TIMM8B,gene-driven,no,9720,0.20123456790123456,short
ENSG00000150782,0.0001,0.1207,0.0,0.0,0.0302,0.5,-5.456968210637569e-12,0.5,False,False,0.0,0.0,0.0,0.0,0.0,0.0,0,0.0,0.0,0.0,no,IL18,neutral,no,22300,0.18349775784753364,short
ENSG00000150787,0.0001,0.2585,0.0,0.0,0.0647,0.5,0.0,0.5,False,False,0.0,0.0,0.0,0.0,0.0,0.0,0,0.0,0.0,0.0,no,PTS,neutral,no,20090,0.19173718267794923,short
ENSG00000150873,0.9115,0.7973,0.15,0.0,0.6228,7.215276709438e-10,40.71300634712952,3.556866833770527e-09,True,False,0.0,0.4076,0.0,0.0,0.0,0.1426,1,0.0,0.0,0.0,no,C2orf50,gene-driven,no,12100,0.30735537190082646,short
ENSG00000150938,1.0,0.954,0.15,0.0,0.6885,0.0,143.3740996746346,0.0,True,False,0.0,0.9769,0.0097,0.0299,0.9408,0.4909,4,0.6206161161506478,0.007,1377.3,yes,CRIM1,gene-driven (dual),no,233390,0.17304940228801577,long
ENSG00000151012,0.0454,0.5931,0.0,0.0,0.1619,0.1816500831011524,2.025051764368982,0.4461864263432751,False,False,0.0,0.0,0.0,0.0,0.0,0.0,0,0.0,0.0,0.0,no,SLC7A11,neutral,no,51850,0.19864995178399228,medium
ENSG00000151014,0.2542,0.6886,0.15,0.0,0.3984,0.0017159688657806,11.34926048211491,0.0055065994441245,True,False,0.0,0.0,0.0,0.0,0.0,0.0,0,0.0,0.0,0.0,no,NOCT,gene-driven,no,69100,0.1632272069464544,medium
ENSG00000151033,0.6986,0.7668,0.15,0.0,0.5513,8.39125474660918e-08,31.2006870034129,3.595013015472356e-07,True,False,0.0,0.0,0.0,0.0,0.0,0.0,0,0.0,0.0,0.0,no,LYZL2,gene-driven,no,14140,0.24943422913719943,short
ENSG00000151062,1.0,0.9252,0.15,0.0,0.6813,0.0,109.9439470478974,0.0,True,False,0.0,0.0,0.0,0.0,0.0,0.0,0,0.0,0.0,0.0,no,CACNA2D4,gene-driven,no,251170,0.29264243341163354,long
ENSG00000151065,0.0001,0.0225,0.0,0.0,0.0057,0.5,-0.0064148322126129,0.5,False,False,0.0,0.0,0.0,0.0,0.0,0.0,0,0.0,0.0,0.0,no,DCP1B,neutral,no,123030,0.19858571080224335,long
ENSG00000151079,0.0001,0.2585,0.0,0.0,0.0647,0.5,0.0,0.5,False,False,0.0,0.0,0.0,0.0,0.0,0.0,0,0.0,0.0,0.0,no,KCNA6,neutral,no,15900,0.560440251572327,short
ENSG00000151090,1.0,0.8681,0.15,0.0,0.667,4.996003610813204e-16,68.9801706315775,3.782362551017485e-15,True,False,0.0,0.0,0.0,0.0,0.0,0.0,0,0.0,0.0,0.0,no,THRB,gene-driven,no,208690,0.1590349321960803,long
ENSG00000151116,1.0,0.8211,0.15,0.0,0.6553,2.938627119419834e-11,47.11469186330942,1.640486115824271e-10,True,False,0.0,0.0,0.0,0.0,0.0,0.0,0,0.0,0.0,0.0,no,UEVLD,gene-driven,no,82430,0.26580128593958513,long
ENSG00000151117,0.1191,0.6492,0.075,0.0,0.273,0.0350841522598068,5.313717145059854,0.0999476365064601,False,False,0.0,0.0,0.0,0.0,0.0,0.0,0,0.0,0.0,0.0,no,TMEM86A,neutral,no,15510,0.38033526756931013,short
ENSG00000151135,0.0001,0.1088,0.0,0.0,0.0272,0.5,-7.186787479440682e-05,0.5,False,False,0.0,0.0,0.0,0.0,0.0,0.0,0,0.0,0.0,0.0,no,TMEM263,neutral,no,26110,0.1376101110685561,short
ENSG00000151151,0.0149,0.5052,0.0,0.0,0.1308,0.3589865829137101,0.6626461682226363,0.5,False,False,0.0,0.0,0.0,0.0,0.0,0.0,0,0.0,0.0,0.0,no,IPMK,neutral,no,19660,0.26719226856561545,short
ENSG00000151164,0.0001,0.2585,0.0,0.0,0.0647,0.5,0.0,0.5,False,False,0.0,0.8761,0.0,0.0,0.0,0.3066,2,0.0,0.0,0.0,no,RAD9B,regulation-driven,no,59880,0.17097528390113562,medium
ENSG00000151176,0.0148,0.5042,0.0,0.0,0.1305,0.3598804288950058,0.6576725281629479,0.5,False,False,0.0,0.0,0.0,0.0,0.0,0.0,0,0.0,0.0,0.0,no,PLBD2,neutral,no,79620,0.33058276814870635,long
ENSG00000151224,0.5334,0.7415,0.15,0.0,0.4954,3.358824810617556e-06,23.82154444681873,1.2981192391617504e-05,True,False,0.0,0.0,0.0,0.0,0.0,0.0,0,0.0,0.0,0.0,no,MAT1A,gene-driven,no,73970,0.15185886170068946,medium
ENSG00000151229,0.0001,0.08,0.0,0.0,0.02,0.5,-0.0009998766545322,0.5,False,False,0.0,0.0,0.0,0.0,0.0,0.0,0,0.0,0.0,0.0,no,SLC2A13,neutral,no,89370,0.18173883853642162,long
ENSG00000151233,0.0001,0.2585,0.0,0.0,0.0647,0.5,0.0,0.5,False,False,0.0,0.0,0.0,0.0,0.0,0.0,0,0.0,0.0,0.0,no,GXYLT1,neutral,no,70590,0.1827454313642159,medium
ENSG00000151239,0.9644,0.8068,0.15,0.0,0.641,2.2130275389997678e-10,43.07668439883128,1.144241058106533e-09,True,False,0.0,0.0,0.0,0.0,0.0,0.0,0,0.0,0.0,0.0,no,TWF1,gene-driven,no,60070,0.19357416347594472,medium
ENSG00000151287,0.0138,0.495,0.0,0.0,0.1279,0.3680884497666345,0.6125696729759511,0.5,False,False,0.0,0.0,0.0,0.0,0.0,0.0,0,0.0,0.0,0.0,no,TEX30,neutral,no,30750,0.1736910569105691,short
ENSG00000151304,0.0001,0.0159,0.0,0.0,0.004,0.5,-0.0073930510079662,0.5,False,False,0.0,0.0,0.0,0.0,0.0,0.0,0,0.0,0.0,0.0,no,SRFBP1,neutral,no,49180,0.1411549410329402,medium
ENSG00000151353,0.1369,0.6552,0.075,0.0,0.2799,0.0235347204708579,6.112262601718612,0.0682177736725217,False,False,0.0,0.0,0.5797,0.0,0.0,0.2029,0,1.2722131410260964,0.0,0.0,no,TMEM18,neutral,no,25230,0.21117717003567182,short
ENSG00000151364,0.5321,0.7411,0.15,0.0,0.4949,3.453924804830422e-06,23.76570433686811,1.3328023257739737e-05,True,False,0.0,0.0,0.0,0.0,0.0,0.0,0,0.0,0.0,0.0,no,KCTD14,gene-driven,no,14400,0.3225,short
ENSG00000151365,0.0139,0.4956,0.0,0.0,0.1281,0.3677131341165764,0.6146099821614825,0.5,False,False,0.0,0.0,0.0,0.0,0.0,0.0,0,0.0,0.0,0.0,no,THRSP,neutral,no,4500,0.5804444444444444,short
ENSG00000151366,1.0,0.8822,0.15,0.0,0.6705,0.0,75.77905135092806,0.0,True,False,0.0,0.0,0.0,0.0,0.0,0.0,0,0.0,0.0,0.0,no,NDUFC2,gene-driven,no,18400,0.27418478260869567,short
ENSG00000151376,0.8316,0.7851,0.15,0.0,0.5957,4.301699607633935e-09,37.14221691139392,1.9996872755487098e-08,True,False,0.0,0.4076,0.0,0.0,0.0,0.1426,1,0.0,0.0,0.0,no,ME3,gene-driven,no,142940,0.2266405484818805,long
ENSG00000151379,0.0001,0.2585,0.0,0.0,0.0647,0.5,0.0,0.5,False,False,0.0,0.0,0.0,0.0,0.0,0.0,0,0.0,0.0,0.0,no,MSGN1,neutral,no,5790,0.606908462867012,short
ENSG00000151413,0.5384,0.7433,0.15,0.0,0.4973,3.001900300780846e-06,24.04623571147386,1.168345234435362e-05,True,False,0.0,0.4076,0.0,0.0,0.0,0.1426,1,0.0,0.0,0.0,no,NUBPL,gene-driven,no,37800,0.17645502645502645,medium
ENSG00000151422,0.0001,0.0836,0.0,0.0,0.0209,0.5,-0.0008364774403162,0.5,False,False,0.0,0.0,0.0,0.0,0.0,0.0,0,0.0,0.0,0.0,no,FER,neutral,no,147210,0.14502411520956457,long
ENSG00000151458,1.0,0.9829,0.15,0.0,0.6957,0.0,227.1121557729784,0.0,True,False,0.0,0.0,0.0,0.0,0.0,0.0,0,0.0,0.0,0.0,no,ANKRD50,gene-driven,no,112700,0.23622892635314996,long
ENSG00000151461,1.0,0.9793,0.15,0.0,0.6948,0.0,207.7380340333475,0.0,True,False,0.0,0.0,0.0,0.0,0.0,0.0,0,0.0,0.0,0.0,no,,gene-driven,no,308630,0.13093672034474937,long
ENSG00000151468,0.0069,0.4646,0.0,0.0,0.1182,0.4298249887984358,0.3024599507371022,0.5,False,False,0.0,0.0,0.0,0.0,0.0,0.0,0,0.0,0.0,0.0,no,CCDC3,neutral,no,17270,0.3800810654313839,short
ENSG00000151498,0.0637,0.6168,0.0,0.0,0.1733,0.1208453951666109,2.840192191091774,0.3151992635336773,False,False,0.0,0.0,0.0,0.0,0.0,0.0,0,0.0,0.0,0.0,no,ACAD8,neutral,no,44950,0.3254282536151279,medium
ENSG00000151500,0.4726,0.7304,0.15,0.0,0.4744,1.305777772309114e-05,21.1059588542339,4.839745632984749e-05,True,False,0.0,0.0,0.0,0.0,0.0,0.0,0,0.0,0.0,0.0,no,THYN1,gene-driven,no,45530,0.17678453766747199,medium
ENSG00000151532,0.0001,0.0408,0.0,0.0,0.0102,0.5,-0.0041929989893105,0.5,False,False,0.0,0.4076,0.0,0.0,0.0,0.1426,1,0.0,0.0,0.0,no,VTI1A,neutral,no,35180,0.2164582148948266,medium
ENSG00000151572,1.0,0.8979,0.15,0.0,0.6745,0.0,85.76593629925628,0.0,True,False,0.0,0.0,0.0,0.0,0.0,0.0,0,0.0,0.0,0.0,no,ANO4,gene-driven,no,224430,0.24854074767187986,long
ENSG00000151575,0.4053,0.7183,0.15,0.0,0.4512,5.873118231503049e-05,18.09878515352102,0.0002083658351176,True,False,0.0,0.0,0.0,0.0,0.0,0.0,0,0.0,0.0,0.0,no,TEX9,gene-driven,no,61800,0.1459546925566343,medium
ENSG00000151576,0.0001,0.2585,0.0,0.0,0.0647,0.5,0.0,0.5,False,False,0.0,0.0,0.0,0.0,0.0,0.0,0,0.0,0.0,0.0,no,QTRT2,neutral,no,60930,0.22184473986541933,medium
ENSG00000151577,0.0001,0.2585,0.0,0.0,0.0647,0.5,0.0,0.5,False,False,0.0,0.0,0.0,0.0,0.0,0.0,0,0.0,0.0,0.0,no,DRD3,neutral,no,60920,0.2110144451739987,medium
ENSG00000151611,0.2596,0.6904,0.15,0.0,0.4005,0.0015209429282038,11.59055521689879,0.0049092603016781,True,False,0.0,0.0,0.0,0.0,0.0,0.0,0,0.0,0.0,0.0,no,MMAA,gene-driven,no,101120,0.11533821202531645,long
ENSG00000151615,0.0001,0.2585,0.0,0.0,0.0647,0.5,0.0,0.5,False,False,0.0,0.0,0.0,0.0,0.0,0.0,0,0.0,0.0,0.0,no,POU4F2,neutral,no,15180,0.5254281949934124,short
ENSG00000151617,0.0001,0.1156,0.0,0.0,0.0289,0.5,-4.284593160264194e-07,0.5,False,False,0.0,0.0,0.0,0.0,0.0,0.0,0,0.0,0.0,0.0,no,EDNRA,neutral,no,76380,0.13686829012830584,medium
ENSG00000151640,0.0004,0.4129,0.0,0.0,0.1034,0.4964822381674537,0.0141207793203648,0.5,False,False,0.0,0.0,0.0,0.0,0.0,0.0,0,0.0,0.0,0.0,no,DPYSL4,neutral,no,80090,0.3051442127606443,long
ENSG00000151657,0.0001,0.2585,0.0,0.0,0.0647,0.5,0.0,0.5,False,False,0.0,0.0,0.0,0.0,0.0,0.0,0,0.0,0.0,0.0,no,KIN,neutral,no,90370,0.1275644572313821,long
ENSG00000151665,0.1912,0.6727,0.15,0.0,0.3755,0.0070049554478721,8.535980557504445,0.0213889799863205,True,False,0.0,0.0,0.0,0.0,0.0,0.0,0,0.0,0.0,0.0,no,PIGF,gene-driven,no,30030,0.1824841824841825,short
ENSG00000151687,0.0001,0.2585,0.0,0.0,0.0647,0.5,0.0,0.5,False,False,0.0,0.0,0.0,0.0,0.0,0.0,0,0.0,0.0,0.0,no,ANKAR,neutral,no,199160,0.12520586463145209,long
ENSG00000151689,0.2449,0.6864,0.15,0.0,0.3951,0.0021112717535746,10.93463521148078,0.0067273963499554,True,False,0.0,0.0,0.0,0.0,0.0,0.0,0,0.0,0.0,0.0,no,INPP1,gene-driven,no,80870,0.13551378756028193,long
ENSG00000151694,0.3634,0.7121,0.15,0.0,0.437,0.0001497752606746,16.2264549380925,0.000519875887366,True,False,0.0,0.0,0.8406,0.0,0.0,0.2942,0,2.605873238625877,0.0,0.0,no,ADAM17,gene-driven,no,180940,0.12934674477727423,long
ENSG00000151702,0.0074,0.467,0.0,0.0,0.119,0.425308774939538,0.3235853280275478,0.5,False,False,0.0,0.4076,0.0,0.0,0.0,0.1426,1,0.0,0.0,0.0,no,FLI1,neutral,no,101200,0.22777667984189723,long
ENSG00000151704,0.2412,0.6856,0.15,0.0,0.3937,0.0022943658848008,10.76830319211876,0.0072921251827471,True,False,0.0,0.0,0.0,0.0,0.0,0.0,0,0.0,0.0,0.0,no,KCNJ1,gene-driven,no,74440,0.13921278882321333,medium
ENSG00000151715,0.0001,0.2585,0.0,0.0,0.0647,0.5,0.0,0.5,False,False,0.0,0.0,0.0,0.0,0.0,0.0,0,0.0,0.0,0.0,no,TMEM45B,neutral,no,25800,0.2239922480620155,short
ENSG00000151718,0.0001,0.2585,0.0,0.0,0.0647,0.5,0.0,0.5,False,False,0.0,0.0,0.0,0.0,0.0,0.0,0,0.0,0.0,0.0,no,WWC2,neutral,no,206080,0.1654017857142857,long
ENSG00000151725,1.0,0.8361,0.15,0.0,0.659,1.333433363726044e-12,53.30026296666256,8.128060724477136e-12,True,False,0.0,0.0,0.1377,0.0,0.1272,0.0673,0,0.73702483031675,0.0,6.8,yes,CENPU,gene-driven,no,34650,0.22865800865800867,medium
ENSG00000151726,0.0792,0.6277,0.0,0.0,0.1807,0.0853948153984682,3.534645417676074,0.2292249389055482,False,False,0.0,0.0,0.0,0.0,0.0,0.0,0,0.0,0.0,0.0,no,,neutral,no,335320,0.17383991411189312,long
ENSG00000151729,0.0001,0.0466,0.0,0.0,0.0117,0.5,-0.0036977689378545,0.5,False,False,0.0,0.0,0.0,0.0,0.0,0.0,0,0.0,0.0,0.0,no,SLC25A4,neutral,no,54130,0.17797893958987623,medium
ENSG00000151746,1.0,0.9865,0.15,0.0,0.6966,0.0,257.9889089839708,0.0,True,False,0.0,0.0,0.0,0.0,0.0,0.0,0,0.0,0.0,0.0,no,BICD1,gene-driven,no,157770,0.22672244406414402,long
ENSG00000151773,1.0,0.9047,0.15,0.0,0.6762,0.0,91.31379813231617,0.0,True,False,0.0,0.0,0.0,0.0,0.0,0.0,0,0.0,0.0,0.0,no,CCDC122,gene-driven,no,22240,0.1960431654676259,short
ENSG00000151778,0.4458,0.7268,0.15,0.0,0.4654,2.372768698510885e-05,19.91144156788141,8.678052578230252e-05,True,False,0.0,0.0,0.0,0.0,0.0,0.0,0,0.0,0.0,0.0,no,SERP2,gene-driven,no,9160,0.2101528384279476,short
ENSG00000151806,0.0626,0.616,0.0,0.0,0.1728,0.1237607322201625,2.792515951128735,0.3221276201272047,False,False,0.0,0.0,0.0,0.0,0.0,0.0,0,0.0,0.0,0.0,no,GUF1,neutral,no,137670,0.1441054696012203,long
ENSG00000151834,0.9616,0.8064,0.15,0.0,0.6401,2.3558044404126116e-10,42.95164276372088,1.2155364405199512e-09,True,False,0.0,0.4076,0.0,0.0,0.0,0.1426,1,0.0,0.0,0.0,no,GABRA2,gene-driven,no,143690,0.12914607836314287,long
ENSG00000151838,0.0095,0.4751,0.0,0.0,0.1216,0.4054709336480541,0.4191178153996589,0.5,False,False,0.0,0.0,0.0,0.0,0.0,0.0,0,0.0,0.0,0.0,no,CCDC175,neutral,no,64760,0.19493514515132798,medium
ENSG00000151876,0.8459,0.7879,0.15,0.0,0.6007,3.125851244512035e-09,37.78082404018642,1.4723469782389076e-08,True,False,0.0,0.0,0.0,0.0,0.0,0.0,0,0.0,0.0,0.0,no,FBXO4,gene-driven,no,72930,0.15638283285342108,medium
ENSG00000151881,1.0,0.8623,0.15,0.0,0.6656,2.55351295663786e-15,65.82821511591283,1.85148300966716e-14,True,False,0.0,0.0,0.0,0.0,0.0,0.0,0,0.0,0.0,0.0,no,TMEM267,gene-driven,no,31350,0.1680382775119617,short
ENSG00000151882,1.0,0.8351,0.15,0.0,0.6588,1.821987005712344e-12,52.67588577269271,1.103844502608185e-11,True,False,0.0,0.0,0.0,0.0,0.0,0.0,0,0.0,0.0,0.0,no,CCL28,gene-driven,no,10730,0.2428704566635601,short
ENSG00000151893,0.0004,0.4127,0.0,0.0,0.1033,0.4964840230043038,0.0141135894009494,0.5,False,False,0.0,0.0,0.0,0.0,0.0,0.0,0,0.0,0.0,0.0,no,CACUL1,neutral,no,41320,0.2064133591481123,medium
ENSG00000151917,0.0001,0.0452,0.0,0.0,0.0113,0.5,-0.003791202812863,0.5,False,False,0.0,0.0,0.0,0.0,0.0,0.0,0,0.0,0.0,0.0,no,BEND6,neutral,no,50820,0.13825265643447462,medium
ENSG00000151948,0.0001,0.2585,0.0,0.0,0.0647,0.5,0.0,0.5,False,False,0.0,0.0,0.0,0.0,0.0,0.0,0,0.0,0.0,0.0,no,GLT1D1,neutral,no,139890,0.17571663449853456,long
ENSG00000151962,1.0,0.9895,0.15,0.0,0.6974,0.0,291.1039066562735,0.0,True,False,0.0,0.4076,0.471,0.0,0.0769,0.319,1,1.036278541878729,0.0,4.0,yes,RBM46,gene-driven (dual),no,111250,0.15892134831460675,long
ENSG00000151967,0.0739,0.6244,0.0,0.0,0.1783,0.0961627160201961,3.297132766027062,0.2558278857862571,False,False,0.0,0.0,0.6957,0.0,0.0,0.2435,0,1.6651314391482115,0.0,0.0,no,SCHIP1,neutral,no,146790,0.18332992710675114,long
ENSG00000152034,0.4948,0.7354,0.15,0.0,0.4823,7.943299358881273e-06,22.10006930425334,2.9999977988667767e-05,True,False,0.0,0.0,0.0,0.0,0.0,0.0,0,0.0,0.0,0.0,no,MCHR2,gene-driven,no,31800,0.16883647798742138,short
ENSG00000152049,0.0001,0.2585,0.0,0.0,0.0647,0.5,0.0,0.5,False,False,0.0,0.0,0.0,0.0,0.0,0.0,0,0.0,0.0,0.0,no,KCNE4,neutral,no,7930,0.4703656998738966,short
ENSG00000152093,0.0001,0.2585,0.0,0.0,0.0647,0.5,0.0,0.5,False,False,0.0,0.0,0.0,0.0,0.0,0.0,0,0.0,0.0,0.0,no,CFC1B,neutral,no,32430,0.3060437866173296,short
ENSG00000152102,0.0001,0.2585,0.0,0.0,0.0647,0.5,0.0,0.5,False,False,0.0,0.0,0.0,0.0,0.0,0.0,0,0.0,0.0,0.0,no,FAM168B,neutral,no,12410,0.3912167606768735,short
ENSG00000152104,0.0001,0.2585,0.0,0.0,0.0647,0.5,0.0,0.5,False,False,0.0,0.4076,0.0,0.0,0.0,0.1426,1,0.0,0.0,0.0,no,PTPN14,neutral,no,209030,0.20370760177964886,long
ENSG00000152127,0.0142,0.498,0.0,0.0,0.1288,0.3650964904502749,0.628892844717484,0.5,False,False,0.0,0.4076,0.0,0.0,0.0,0.1426,1,0.0,0.0,0.0,no,MGAT5,neutral,no,99190,0.18026010686561145,long
ENSG00000152133,0.0001,0.2585,0.0,0.0,0.0647,0.5,0.0,0.5,False,False,0.0,0.0,0.0,0.0,0.0,0.0,0,0.0,0.0,0.0,no,GPATCH11,neutral,no,28750,0.17071304347826086,short
ENSG00000152137,1.0,0.885,0.15,0.0,0.6713,0.0,77.66884436845703,0.0,True,False,0.0,0.0,0.0,0.0,0.0,0.0,0,0.0,0.0,0.0,no,HSPB8,gene-driven,no,23310,0.18477048477048477,short
ENSG00000152147,0.0001,0.2585,0.0,0.0,0.0647,0.5,0.0,0.5,False,False,0.0,0.0,0.0,0.0,0.0,0.0,0,0.0,0.0,0.0,no,GEMIN6,neutral,no,17090,0.21843183148039788,short
ENSG00000152154,0.0001,0.1207,0.0,0.0,0.0302,0.5,-5.456968210637569e-12,0.5,False,False,0.0,0.0,0.0,0.0,0.0,0.0,0,0.0,0.0,0.0,no,TMEM178A,neutral,no,29210,0.19281068127353646,short
ENSG00000152193,0.0001,0.002,0.0,0.0,0.0005,0.5,-0.0096547562552586,0.5,False,False,0.0,0.0,0.0,0.0,0.0,0.0,0,0.0,0.0,0.0,no,OBI1,neutral,no,30890,0.28850760764001293,short
ENSG00000152219,0.0001,0.2585,0.0,0.0,0.0647,0.5,0.0,0.5,False,False,0.0,0.0,0.0,0.0,0.0,0.0,0,0.0,0.0,0.0,no,ARL14EP,neutral,no,19040,0.2210609243697479,short
ENSG00000152266,0.0001,0.0169,0.0,0.0,0.0043,0.5,-0.0072994755500985,0.5,False,False,0.0,0.0,0.0,0.0,0.0,0.0,0,0.0,0.0,0.0,no,PTH,neutral,no,6900,0.23231884057971014,short
ENSG00000152270,0.1158,0.6464,0.075,0.0,0.2713,0.0377305218852379,5.168277464981657,0.1066315999188486,False,False,0.0,0.0,0.0,0.0,0.0,0.0,0,0.0,0.0,0.0,no,PDE3B,neutral,no,217600,0.135546875,long
ENSG00000152315,0.0191,0.5267,0.0,0.0,0.1374,0.3268591152405651,0.8501577211573021,0.5,False,False,0.0,0.0,0.0,0.0,0.0,0.0,0,0.0,0.0,0.0,no,KCNK13,neutral,no,23250,0.3435268817204301,short
ENSG00000152332,0.0001,0.2585,0.0,0.0,0.0647,0.5,0.0,0.5,False,False,0.0,0.0,0.0,0.0,0.0,0.0,0,0.0,0.0,0.0,no,UHMK1,neutral,no,55650,0.2631087151841869,medium
ENSG00000152359,1.0,0.9652,0.15,0.0,0.6913,0.0,164.7226664956543,0.0,True,False,0.0,0.0,0.0,0.0,0.0,0.0,0,0.0,0.0,0.0,no,POC5,gene-driven,no,88350,0.2395359366157329,long
ENSG00000152377,0.0001,0.2585,0.0,0.0,0.0647,0.5,0.0,0.5,False,False,0.0,0.0,0.0,0.0,0.0,0.0,0,0.0,0.0,0.0,no,SPOCK1,neutral,no,72600,0.22789256198347108,medium
ENSG00000152380,1.0,0.8275,0.15,0.0,0.6569,8.943623619472874e-12,49.49386661610333,5.1787641307634536e-11,True,False,0.0,0.0,0.0,0.0,0.0,0.0,0,0.0,0.0,0.0,no,FAM151B,gene-driven,no,26190,0.1872852233676976,short
ENSG00000152382,0.0001,0.2585,0.0,0.0,0.0647,0.5,0.0,0.5,False,False,0.0,0.0,0.0,0.0,0.0,0.0,0,0.0,0.0,0.0,no,TADA1,neutral,no,44460,0.17379667116509223,medium
ENSG00000152402,0.3505,0.7099,0.15,0.0,0.4326,0.0001998108280876,15.64998463615484,0.0006882680463352,True,False,0.0,0.0,0.0,0.0,0.0,0.0,0,0.0,0.0,0.0,no,GUCY1A2,gene-driven,no,227630,0.11385581865307737,long
ENSG00000152404,0.0001,0.0052,0.0,0.0,0.0013,0.5,-0.0091460060211829,0.5,False,False,0.0,0.4076,0.0,0.0,0.0,0.1426,1,0.0,0.0,0.0,no,CWF19L2,neutral,no,196790,0.12743025560241883,long
ENSG00000152409,0.0001,0.2585,0.0,0.0,0.0647,0.5,0.0,0.5,False,False,0.0,0.0,0.0,0.0,0.0,0.0,0,0.0,0.0,0.0,no,JMY,neutral,no,90240,0.22252881205673758,long
ENSG00000152413,0.6875,0.7652,0.15,0.0,0.5475,1.074316400284658e-07,30.70652783611149,4.57112897777236e-07,True,False,0.0,0.0,0.0,0.0,0.0,0.0,0,0.0,0.0,0.0,no,HOMER1,gene-driven,no,72900,0.21551440329218108,medium
ENSG00000152422,0.0043,0.4511,0.0,0.0,0.1141,0.4550293931056978,0.188492162640614,0.5,False,False,0.0,0.0,0.0,0.0,0.0,0.0,0,0.0,0.0,0.0,no,XRCC4,neutral,no,43480,0.1594066237350506,medium
ENSG00000152430,0.5441,0.7441,0.15,0.0,0.4992,2.64356785006914e-06,24.30046782868521,1.0321119690929278e-05,True,False,0.0,0.0,0.0,0.0,0.0,0.0,0,0.0,0.0,0.0,no,BOLL,gene-driven,no,55420,0.19673403103572717,medium
ENSG00000152457,0.0001,0.0561,0.0,0.0,0.0141,0.5,-0.0026698653236962,0.5,False,False,0.0,0.0,0.0,0.0,0.0,0.0,0,0.0,0.0,0.0,no,DCLRE1C,neutral,no,238460,0.12744695127065336,long
ENSG00000152465,0.0456,0.5933,0.0,0.0,0.162,0.1809019178897202,2.033306208104477,0.4445682507823459,False,False,0.0,0.0,0.0,0.0,0.0,0.0,0,0.0,0.0,0.0,no,NMT2,neutral,no,67400,0.23452522255192879,medium
ENSG00000152492,0.0023,0.4381,0.0,0.0,0.1102,0.4762302606397875,0.0974132406263379,0.5,False,False,0.0,0.0,0.0,0.0,0.0,0.0,0,0.0,0.0,0.0,no,CCDC50,neutral,no,92970,0.21039044853178446,long
ENSG00000152495,0.3438,0.7081,0.15,0.0,0.4302,0.0002319534057848,15.3516537261894,0.00079403732992,True,False,0.0,0.0,0.0,0.0,0.0,0.0,0,0.0,0.0,0.0,no,CAMK4,gene-driven,no,90540,0.17478462557985422,long
ENSG00000152518,0.0001,0.2585,0.0,0.0,0.0647,0.5,0.0,0.5,False,False,0.0,0.0,0.0,0.0,0.0,0.0,0,0.0,0.0,0.0,no,ZFP36L2,neutral,no,39570,0.2875663381349507,medium
ENSG00000152527,0.0001,0.2585,0.0,0.0,0.0647,0.5,0.0,0.5,False,False,0.0,0.0,0.3382,0.3134,0.8166,0.2879,0,0.8750601438343809,0.12,524.0,yes,PLEKHH2,neutral,no,186770,0.13477003801467044,long
ENSG00000152580,0.0224,0.535,0.0,0.0,0.1405,0.3038892307211709,0.9958896720199846,0.5,False,False,0.0,0.0,0.0,0.0,0.0,0.0,0,0.0,0.0,0.0,no,IGSF10,neutral,no,209730,0.20189767796690983,long
ENSG00000152592,0.0565,0.61,0.0,0.0,0.1694,0.1419330019664376,2.518505938336602,0.3637170282231121,False,False,0.0,0.0,0.0,0.0,0.0,0.0,0,0.0,0.0,0.0,no,DMP1,neutral,no,72150,0.23365211365211366,medium
ENSG00000152595,0.0742,0.6248,0.0,0.0,0.1785,0.0954889862570507,3.311194369034638,0.2543986168412268,False,False,0.0,0.0,0.0,0.0,0.0,0.0,0,0.0,0.0,0.0,no,MEPE,neutral,no,76240,0.2040661070304302,medium
ENSG00000152611,1.0,0.9646,0.15,0.0,0.6912,0.0,162.7718885227951,0.0,True,False,0.0,0.0,0.0,0.0,0.0,0.0,0,0.0,0.0,0.0,no,CAPSL,gene-driven,no,30420,0.14099276791584484,short
ENSG00000152661,0.0001,0.2585,0.0,0.0,0.0647,0.5,0.0,0.5,False,False,0.0,0.0,0.0,0.0,0.0,0.0,0,0.0,0.0,0.0,no,GJA1,neutral,no,61010,0.13945254876249796,medium
ENSG00000152669,0.5135,0.7372,0.15,0.0,0.4884,5.23351639147851e-06,22.9345599502285,1.9901766461172865e-05,True,False,0.0,0.0,0.0,0.0,0.0,0.0,0,0.0,0.0,0.0,no,CCNO,gene-driven,no,29160,0.2803497942386831,short
ENSG00000152670,1.0,0.8269,0.15,0.0,0.6567,1.007222083515558e-11,49.25618547707563,5.8119752243693555e-11,True,False,0.0,0.0,0.0,0.0,0.0,0.0,0,0.0,0.0,0.0,no,DDX4,gene-driven,no,176970,0.19003220884895744,long
ENSG00000152684,0.007,0.4652,0.0,0.0,0.1184,0.4290206784932599,0.3062059580624918,0.5,False,False,0.0,0.0,0.0,0.0,0.0,0.0,0,0.0,0.0,0.0,no,PELO,neutral,no,22740,0.3159190853122252,short
ENSG00000152705,0.0002,0.4027,0.0,0.0,0.1007,0.49915880091122,0.0033676299972285,0.5,False,False,0.0,0.0,0.0,0.0,0.0,0.0,0,0.0,0.0,0.0,no,CATSPER3,neutral,no,37820,0.21084082496033846,medium
ENSG00000152749,0.0001,0.2585,0.0,0.0,0.0647,0.5,0.0,0.5,False,False,0.0,0.0,0.0,0.0,0.0,0.0,0,0.0,0.0,0.0,no,GPR180,neutral,no,27210,0.285226019845645,short
ENSG00000152760,0.0739,0.6242,0.0,0.0,0.1782,0.0961797640571573,3.296778230991549,0.2558278857862571,False,False,0.0,0.0,0.0,0.0,0.0,0.0,0,0.0,0.0,0.0,no,DYNLT5,neutral,no,14370,0.17125956854558108,short
ENSG00000152766,0.0001,0.2585,0.0,0.0,0.0647,0.5,0.0,0.5,False,False,0.0,0.0,0.0,0.0,0.0,0.0,0,0.0,0.0,0.0,no,ANKRD22,neutral,no,24880,0.19569935691318327,short
ENSG00000152767,0.0001,0.2585,0.0,0.0,0.0647,0.5,0.0,0.5,False,False,0.0,0.0,0.0,0.0,0.0,0.0,0,0.0,0.0,0.0,no,FARP1,neutral,no,207560,0.26527751011755635,long
ENSG00000152778,0.0554,0.6074,0.0,0.0,0.1684,0.1455557278366194,2.468098151653976,0.3705190328860516,False,False,0.0,0.0,0.0,0.0,0.0,0.0,0,0.0,0.0,0.0,no,IFIT5,neutral,no,63900,0.15735524256651018,medium
ENSG00000152782,0.0001,0.0175,0.0,0.0,0.0044,0.5,-0.0072077816512319,0.5,False,False,0.0,0.0,0.0,0.0,0.0,0.0,0,0.0,0.0,0.0,no,PANK1,neutral,no,86920,0.2467096180395766,long
ENSG00000152785,0.0001,0.2585,0.0,0.0,0.0647,0.5,0.0,0.5,False,False,0.0,0.0,0.2512,0.0,0.355,0.1412,0,0.8123426910949829,0.0,44.1,yes,BMP3,neutral,no,15590,0.45208466966003846,short
ENSG00000152795,1.0,0.9958,0.15,0.0,0.6989,0.0,376.2312198078362,0.0,True,False,0.0,0.0,0.0,0.0,0.0,0.0,0,0.0,0.0,0.0,no,HNRNPDL,gene-driven,no,106830,0.1468594963961434,long
ENSG00000152804,0.0001,0.0107,0.0,0.0,0.0027,0.5,-0.0083825944348063,0.5,False,False,0.0,0.0,0.0,0.0,0.0,0.0,0,0.0,0.0,0.0,no,HHEX,neutral,no,44600,0.16096412556053813,medium
ENSG00000152822,0.0001,0.2585,0.0,0.0,0.0647,0.5,0.0,0.5,False,False,0.0,0.0,0.0,0.0,0.0,0.0,0,0.0,0.0,0.0,no,GRM1,neutral,no,295130,0.13944024667095856,long
ENSG00000152932,0.1566,0.6626,0.15,0.0,0.3626,0.0151809116477815,6.989138544922753,0.0449731116950954,True,False,0.0,0.0,0.0,0.0,0.0,0.0,0,0.0,0.0,0.0,no,RAB3C,gene-driven,no,37810,0.13887860354403597,medium
ENSG00000152939,1.0,0.9948,0.15,0.0,0.6987,0.0,355.5063025787531,0.0,True,False,0.0,0.0,0.0,0.0,0.0,0.0,0,0.0,0.0,0.0,no,MARVELD2,gene-driven,no,116720,0.1961103495544894,long
ENSG00000152942,1.0,0.9515,0.15,0.0,0.6879,0.0,139.0251708620199,0.0,True,False,0.0,0.0,0.0,0.0,0.0,0.0,0,0.0,0.0,0.0,no,RAD17,gene-driven,no,240340,0.11273612382458184,long
ENSG00000152944,1.0,0.8916,0.15,0.0,0.6729,0.0,82.16101138155136,0.0,True,False,0.0,0.0,0.0,0.0,0.0,0.0,0,0.0,0.0,0.0,no,MED21,gene-driven,no,27750,0.1756036036036036,short
ENSG00000152953,0.0525,0.6033,0.0,0.0,0.1666,0.1552144254912032,2.339601094248792,0.3911026101282901,False,False,0.0,0.0,0.0,0.0,0.0,0.0,0,0.0,0.0,0.0,no,STK32B,neutral,no,52430,0.28470341407591077,medium
ENSG00000152969,0.3284,0.7059,0.15,0.0,0.425,0.0003268751351691,14.66557025823568,0.0011105716682591,True,False,0.0,0.0,0.0,0.0,0.0,0.0,0,0.0,0.0,0.0,no,JAKMIP1,gene-driven,no,278280,0.18759522782808682,long
ENSG00000152990,1.0,0.882,0.15,0.0,0.6705,0.0,75.7586729926843,0.0,True,False,0.0,0.0,0.0,0.0,0.0,0.0,0,0.0,0.0,0.0,no,,gene-driven,no,316970,0.1396472852320409,long
ENSG00000153002,0.0352,0.5762,0.0,0.0,0.1546,0.2283068807489618,1.567834812423825,0.5,False,False,0.0,0.4076,0.7995,0.8657,0.3373,0.6029,1,2.178548210167845,0.349,39.8,yes,CPB1,regulation-driven,no,40250,0.1755527950310559,medium
ENSG00000153006,1.0,0.8754,0.15,0.0,0.6688,1.110223024625157e-16,72.59653967063332,8.751583715507972e-16,True,False,0.0,0.0,0.0,0.0,0.0,0.0,0,0.0,0.0,0.0,no,SREK1IP1,gene-driven,no,13170,0.18344722854973425,short
ENSG00000153015,1.0,0.9924,0.15,0.0,0.6981,0.0,321.686940316431,0.0,True,False,0.0,0.0,0.0,0.0,0.0,0.0,0,0.0,0.0,0.0,no,CWC27,gene-driven,no,201220,0.0997316370142133,long
ENSG00000153064,0.6341,0.7583,0.15,0.0,0.5298,3.543204125655564e-07,28.31983406493964,1.4649956210316522e-06,True,False,0.0,0.0,0.7464,0.0,0.4615,0.3305,0,1.972469791127197,0.0,90.2,yes,BANK1,gene-driven (dual),no,141510,0.19823334039997173,long
ENSG00000153086,0.0001,0.2585,0.0,0.0,0.0647,0.5,0.0,0.5,False,False,0.0,0.0,0.0,0.0,0.0,0.0,0,0.0,0.0,0.0,no,ACMSD,neutral,no,49380,0.21622114216281896,medium
ENSG00000153140,0.7142,0.7698,0.15,0.0,0.5567,5.9238183025556175e-08,31.89710467760415,2.571123231842202e-07,True,False,0.0,0.4076,0.0,0.0,0.0,0.1426,1,0.0,0.0,0.0,no,CETN3,gene-driven,no,31900,0.13956112852664576,short
ENSG00000153157,0.0001,0.2585,0.0,0.0,0.0647,0.5,0.0,0.5,False,False,0.0,0.0,0.0,0.0,0.0,0.0,0,0.0,0.0,0.0,no,SYCP2L,neutral,no,53590,0.19591341668221682,medium
ENSG00000153162,0.0001,0.0123,0.0,0.0,0.0031,0.5,-0.0080256748115061,0.5,False,False,0.0,0.0,0.0,0.0,0.0,0.0,0,0.0,0.0,0.0,no,BMP6,neutral,no,46590,0.2207340631036703,medium
ENSG00000153179,1.0,0.9845,0.15,0.0,0.6961,0.0,232.9108812671038,0.0,True,False,0.0,0.0,0.0,0.0,0.0,0.0,0,0.0,0.0,0.0,no,RASSF3,gene-driven,no,28160,0.26466619318181817,short
ENSG00000153208,0.0001,0.2585,0.0,0.0,0.0647,0.5,0.0,0.5,False,False,0.0,0.0,0.0,0.0,0.0,0.0,0,0.0,0.0,0.0,no,MERTK,neutral,no,94770,0.24443389258204073,long
ENSG00000153266,0.0384,0.582,0.0,0.0,0.157,0.2126958286047879,1.709489975950419,0.5,False,False,0.0,0.0,0.0,0.0,0.0,0.0,0,0.0,0.0,0.0,no,FEZF2,neutral,no,68100,0.2101762114537445,medium
ENSG00000153294,0.8729,0.7911,0.15,0.0,0.6097,1.707667007799785e-09,38.9899811110372,8.167245862303972e-09,True,False,0.0,0.0,0.0,0.0,0.0,0.0,0,0.0,0.0,0.0,no,ADGRF4,gene-driven,no,220710,0.14041049340763898,long
ENSG00000153395,0.0001,0.2585,0.0,0.0,0.0647,0.5,0.0,0.5,False,False,0.0,0.0,0.4589,0.0,0.0,0.1606,0,1.0286547548249605,0.0,0.0,no,LPCAT1,neutral,no,99240,0.2130390971382507,long
ENSG00000153485,0.2901,0.6982,0.15,0.0,0.4116,0.0007687207918569,12.95527110677949,0.0025456839005969,True,False,0.0,0.0,0.0,0.0,0.0,0.0,0,0.0,0.0,0.0,no,LYSET,gene-driven,no,9180,0.27004357298474946,short
ENSG00000153487,0.0001,0.2585,0.0,0.0,0.0647,0.5,0.0,0.5,False,False,0.0,0.0,0.0,0.0,0.0,0.0,0,0.0,0.0,0.0,no,ING1,neutral,no,37750,0.28103311258278146,medium
ENSG00000153495,0.217,0.6797,0.15,0.0,0.385,0.0039363504053768,9.68870819498079,0.012283191290053,True,False,0.0,0.0,0.0,0.0,0.0,0.0,0,0.0,0.0,0.0,no,TEX29,gene-driven,no,10860,0.26206261510128914,short
ENSG00000153498,0.0001,0.2585,0.0,0.0,0.0647,0.5,0.0,0.5,False,False,0.0,0.0,0.0,0.0,0.0,0.0,0,0.0,0.0,0.0,no,SPACA7,neutral,no,18000,0.20094444444444445,short
ENSG00000153531,0.0001,0.2585,0.0,0.0,0.0647,0.5,0.0,0.5,False,False,0.0,0.0,0.0,0.0,0.0,0.0,0,0.0,0.0,0.0,no,ADPRHL1,neutral,no,181110,0.2024184197449064,long
ENSG00000153558,1.0,0.851,0.15,0.0,0.6628,3.7581049383561555e-14,60.43950448124815,2.5192471648764845e-13,True,False,0.0,0.0,0.0,0.0,0.0,0.0,0,0.0,0.0,0.0,no,FBXL2,gene-driven,no,99930,0.15011508055638947,long
ENSG00000153560,0.2827,0.6966,0.15,0.0,0.409,0.0009071566425428,12.62409647647291,0.0029882100264953,True,False,0.0,0.0,0.0,0.0,0.0,0.0,0,0.0,0.0,0.0,no,UBP1,gene-driven,no,95460,0.2391368112298345,long
ENSG00000153561,0.0272,0.5491,0.0,0.0,0.1454,0.2729985178259012,1.210283464835811,0.5,False,False,0.0,0.0,0.0,0.0,0.0,0.0,0,0.0,0.0,0.0,no,RMND5A,neutral,no,35000,0.19237142857142858,medium
ENSG00000153563,0.0001,0.2585,0.0,0.0,0.0647,0.5,0.0,0.5,False,False,0.0,0.0,0.0,0.0,0.0,0.0,0,0.0,0.0,0.0,no,CD8A,neutral,no,44230,0.32041600723490843,medium
ENSG00000153574,0.0001,0.2585,0.0,0.0,0.0647,0.5,0.0,0.5,False,False,0.0,0.0,0.0,0.0,0.0,0.0,0,0.0,0.0,0.0,no,RPIA,neutral,no,29530,0.2713173044361666,short
ENSG00000153714,0.0001,0.2585,0.0,0.0,0.0647,0.5,0.0,0.5,False,False,0.0,0.0,0.0,0.0,0.0,0.0,0,0.0,0.0,0.0,no,LURAP1L,neutral,no,10890,0.36584022038567493,short
ENSG00000153820,0.0001,0.2585,0.0,0.0,0.0647,0.5,0.0,0.5,False,False,0.0,0.0,0.0,0.0,0.0,0.0,0,0.0,0.0,0.0,no,SPHKAP,neutral,no,257670,0.2719098071176311,long
ENSG00000153823,0.0903,0.6365,0.0,0.0,0.1862,0.0666833509933106,4.029305574011232,0.1833515687345091,False,False,0.0,0.4076,0.0,0.0,0.0,0.1426,1,0.0,0.0,0.0,no,PID1,neutral,no,43030,0.23973971647687659,medium
ENSG00000153832,1.0,0.8989,0.15,0.0,0.6747,0.0,86.74382822257394,0.0,True,False,0.0,0.0,0.0,0.0,0.0,0.0,0,0.0,0.0,0.0,no,FBXO36,gene-driven,no,20200,0.2572772277227723,short
ENSG00000153898,0.0143,0.4996,0.0,0.0,0.1292,0.3638786823956546,0.6355751528826659,0.5,False,False,0.0,0.0,0.0,0.0,0.0,0.0,0,0.0,0.0,0.0,no,MCOLN2,neutral,no,111200,0.1204046762589928,long
ENSG00000153936,1.0,0.8215,0.15,0.0,0.6554,2.842770463473698e-11,47.18102008583446,1.5902371741524798e-10,True,False,0.0,0.0,0.0,0.0,0.0,0.0,0,0.0,0.0,0.0,no,HS2ST1,gene-driven,no,52180,0.14503641241855117,medium
ENSG00000153975,0.0297,0.5567,0.0,0.0,0.1481,0.2583812180716295,1.32034402917634,0.5,False,False,0.0,0.0,0.0,0.0,0.0,0.0,0,0.0,0.0,0.0,no,ZUP1,neutral,no,92290,0.15776357135117564,long
ENSG00000153989,0.0141,0.4974,0.0,0.0,0.1286,0.3655088598461891,0.6266351583235519,0.5,False,False,0.0,0.4076,0.0,0.0,0.0,0.1426,1,0.0,0.0,0.0,no,NUS1,neutral,no,19230,0.27150286011440455,short
ENSG00000153993,0.0001,0.0428,0.0,0.0,0.0107,0.5,-0.0039682470160187,0.5,False,False,0.0,0.0,0.0,0.0,0.0,0.0,0,0.0,0.0,0.0,no,SEMA3D,neutral,no,78460,0.21436400713739484,medium
ENSG00000154001,0.0123,0.4857,0.0,0.0,0.1251,0.3805509668823844,0.5459759658915573,0.5,False,False,0.0,0.0,0.0,0.0,0.0,0.0,0,0.0,0.0,0.0,no,PPP2R5E,neutral,no,61600,0.1845779220779221,medium
ENSG00000154007,0.015,0.5054,0.0,0.0,0.1309,0.3584705636267645,0.6655231031218136,0.5,False,False,0.0,0.0,0.0,0.0,0.0,0.0,0,0.0,0.0,0.0,no,ASB17,neutral,no,19080,0.19240041928721174,short
ENSG00000154025,1.0,0.9427,0.15,0.0,0.6857,0.0,125.8160863640951,0.0,True,False,0.0,0.0,0.0,0.0,0.0,0.0,0,0.0,0.0,0.0,no,SLC5A10,gene-driven,no,90990,0.3264864270798989,long
ENSG00000154124,0.9682,0.8078,0.15,0.0,0.6424,2.034056256761119e-10,43.24534381413832,1.057199145363616e-09,True,False,0.0,0.0,0.7585,0.0,0.0,0.2655,0,2.0261518406946744,0.0,0.0,no,OTULIN,gene-driven,no,42110,0.16753740204227024,medium
ENSG00000154127,0.0785,0.6271,0.0,0.0,0.1803,0.0868880358857441,3.499975504371832,0.2328561909998338,False,False,0.0,0.0,0.0,0.0,0.0,0.0,0,0.0,0.0,0.0,no,UBASH3B,neutral,no,50170,0.2734702013155272,medium
ENSG00000154133,1.0,0.8359,0.15,0.0,0.659,1.407596261771005e-12,53.19195725277677,8.569625221602176e-12,True,False,0.0,0.0,0.0,0.0,0.0,0.0,0,0.0,0.0,0.0,no,ROBO4,gene-driven,no,62010,0.3339138848572811,medium
ENSG00000154143,0.0017,0.4343,0.0,0.0,0.1091,0.4826328297478418,0.0707038414275302,0.5,False,False,0.0,0.0,0.0,0.0,0.0,0.0,0,0.0,0.0,0.0,no,PANX3,neutral,no,23470,0.2862803579037069,short
ENSG00000154146,0.1726,0.6675,0.15,0.0,0.3687,0.0106008137360474,7.707354665501953,0.0318600891378247,True,False,0.0,0.4076,0.0,0.0,0.0,0.1426,1,0.0,0.0,0.0,no,NRGN,gene-driven,no,5170,0.3528046421663443,short
ENSG00000154174,0.0415,0.5875,0.0,0.0,0.1593,0.1983394606450348,1.849256175868504,0.4805360337303473,False,False,0.0,0.0,0.0,0.0,0.0,0.0,0,0.0,0.0,0.0,no,TOMM70,neutral,no,47130,0.2591130914491831,medium
ENSG00000154252,0.0001,0.2585,0.0,0.0,0.0647,0.5,0.0,0.5,False,False,0.0,0.0,0.0,0.0,0.0,0.0,0,0.0,0.0,0.0,no,GAL3ST2,neutral,no,38530,0.32924993511549444,medium
ENSG00000154269,1.0,0.8695,0.15,0.0,0.6674,3.8857805861880484e-16,69.55754009232624,2.9643976435121707e-15,True,False,0.0,0.0,0.0,0.0,0.0,0.0,0,0.0,0.0,0.0,no,ENPP3,gene-driven,no,146750,0.17826916524701875,long
ENSG00000154274,0.0185,0.5249,0.0,0.0,0.1368,0.3314768430029018,0.8221002928094094,0.5,False,False,0.0,0.4076,0.0,0.0,0.0,0.1426,1,0.0,0.0,0.0,no,C4orf19,neutral,no,31980,0.21963727329580987,short
ENSG00000154277,1.0,0.8711,0.15,0.0,0.6678,2.220446049250313e-16,70.66709617826928,1.7176514228570853e-15,True,False,0.0,0.0,0.0,0.0,0.0,0.0,0,0.0,0.0,0.0,no,UCHL1,gene-driven,no,44320,0.19043321299638988,medium
ENSG00000154305,1.0,0.9986,0.15,0.0,0.6996,0.0,490.4426476210647,0.0,True,False,0.0,0.0,0.0,0.0,0.0,0.0,0,0.0,0.0,0.0,no,MIA3,gene-driven,no,299300,0.19015035081857667,long
ENSG00000154328,1.0,0.9544,0.15,0.0,0.6886,0.0,143.8639789133958,0.0,True,False,0.0,0.0,0.0,0.0,0.0,0.0,0,0.0,0.0,0.0,no,NEIL2,gene-driven,no,70310,0.20044090456549565,medium
ENSG00000154342,0.0001,0.0261,0.0,0.0,0.0066,0.5,-0.0059353745709813,0.5,False,False,0.0,0.4076,0.0,0.0,0.0,0.1426,1,0.0,0.0,0.0,no,WNT3A,neutral,no,29280,0.29258879781420766,short
ENSG00000154359,0.0001,0.2585,0.0,0.0,0.0647,0.5,0.0,0.5,False,False,0.0,0.0,0.0,0.0,0.0,0.0,0,0.0,0.0,0.0,no,LONRF1,neutral,no,77460,0.15481538858765814,medium
ENSG00000154415,0.0001,0.2585,0.0,0.0,0.0647,0.5,0.0,0.5,False,False,0.0,0.4076,0.0,0.0,0.0,0.1426,1,0.0,0.0,0.0,no,PPP1R3A,neutral,no,52620,0.24408969973394146,medium
ENSG00000154478,0.0412,0.586,0.0,0.0,0.1589,0.199898703453225,1.833594685671414,0.4826680344545345,False,False,0.0,0.0,0.0,0.0,0.0,0.0,0,0.0,0.0,0.0,no,GPR26,neutral,no,13540,0.45790251107828656,short
ENSG00000154511,0.0001,0.2585,0.0,0.0,0.0647,0.5,0.0,0.5,False,False,0.0,0.0,0.0,0.0,0.0,0.0,0,0.0,0.0,0.0,no,DIPK1A,neutral,no,109070,0.17639130833409736,long
ENSG00000154518,0.0001,0.0939,0.0,0.0,0.0235,0.5,-0.0004278305259504,0.5,False,False,0.0,0.0,0.0,0.0,0.0,0.0,0,0.0,0.0,0.0,no,ATP5MC3,neutral,no,13000,0.23923076923076922,short
ENSG00000154548,0.0001,0.2585,0.0,0.0,0.0647,0.5,0.0,0.5,False,False,0.0,0.0,0.0,0.0,0.0,0.0,0,0.0,0.0,0.0,no,SRSF12,neutral,no,21380,0.23189897100093546,short
ENSG00000154553,0.0001,0.0336,0.0,0.0,0.0084,0.5,-0.0050372964687994,0.5,False,False,0.0,0.0,0.4493,0.6567,0.8107,0.3774,0,1.0100401641761756,0.255,446.7,yes,PDLIM3,regulation-driven,no,69110,0.3291853566777601,medium
ENSG00000154589,0.0149,0.5044,0.0,0.0,0.1306,0.3596827011901019,0.6587716823669325,0.5,False,False,0.0,0.0,0.0,0.0,0.0,0.0,0,0.0,0.0,0.0,no,LY96,neutral,no,23690,0.14626424651751793,short
ENSG00000154678,0.6426,0.7589,0.15,0.0,0.5325,2.926535835889865e-07,28.70225811081764,1.213049103976349e-06,True,False,0.0,0.0,0.0,0.0,0.0,0.0,0,0.0,0.0,0.0,no,PDE1C,gene-driven,no,263570,0.17938688014569185,long
ENSG00000154764,0.0001,0.2585,0.0,0.0,0.0647,0.5,0.0,0.5,False,False,0.0,0.0,0.0,0.0,0.0,0.0,0,0.0,0.0,0.0,no,WNT7A,neutral,no,21760,0.3191176470588235,short
ENSG00000154781,0.0001,0.2585,0.0,0.0,0.0647,0.5,0.0,0.5,False,False,0.0,0.0,0.0,0.0,0.0,0.0,0,0.0,0.0,0.0,no,CCDC174,neutral,no,61140,0.25858684985279684,medium
ENSG00000154813,0.0001,0.0545,0.0,0.0,0.0137,0.5,-0.0028694263673969,0.5,False,False,0.0,0.0,0.0,0.0,0.0,0.0,0,0.0,0.0,0.0,no,DPH3,neutral,no,5450,0.3071559633027523,short
ENSG00000154814,1.0,0.8945,0.15,0.0,0.6736,0.0,83.90660168304021,0.0,True,False,0.0,0.0,0.0,0.0,0.0,0.0,0,0.0,0.0,0.0,no,OXNAD1,gene-driven,no,67040,0.1703162291169451,medium
ENSG00000154917,0.0001,0.2585,0.0,0.0,0.0647,0.5,0.0,0.5,False,False,0.0,0.0,0.8309,0.0,0.0,0.2908,0,2.4748753850625502,0.0,0.0,no,RAB6B,neutral,no,34840,0.24184845005740527,medium
ENSG00000154928,0.0001,0.0215,0.0,0.0,0.0054,0.5,-0.0067190149711677,0.5,False,False,0.0,0.0,0.0,0.0,0.0,0.0,0,0.0,0.0,0.0,no,EPHB1,neutral,no,195970,0.14455273766392815,long
ENSG00000154997,0.0048,0.4534,0.0,0.0,0.1148,0.4499630364783841,0.2108853203699255,0.5,False,False,0.0,0.0,0.0,0.0,0.0,0.0,0,0.0,0.0,0.0,no,SEPTIN14,neutral,no,26460,0.19622071050642478,short
ENSG00000155011,0.0001,0.2585,0.0,0.0,0.0647,0.5,0.0,0.5,False,False,0.0,0.0,0.0,0.0,0.0,0.0,0,0.0,0.0,0.0,no,DKK2,neutral,no,25310,0.26262346898459105,short
ENSG00000155016,0.0131,0.4901,0.0,0.0,0.1265,0.3738215498374927,0.5816591086586413,0.5,False,False,0.0,0.0,0.1981,0.0,0.0,0.0693,0,0.775320528739122,0.0,0.0,no,CYP2U1,neutral,no,67370,0.2064420365147692,medium
ENSG00000155052,0.0001,0.2585,0.0,0.0,0.0647,0.5,0.0,0.5,False,False,0.0,0.4076,0.0,0.0,0.0,0.1426,1,0.0,0.0,0.0,no,CNTNAP5,neutral,no,191610,0.1563592714367726,long
ENSG00000155087,0.4257,0.723,0.15,0.0,0.4584,3.724707281799189e-05,19.00958003557025,0.0001343487601136,True,False,0.0,0.4076,0.0,0.0,0.0,0.1426,1,0.0,0.0,0.0,no,ODF1,gene-driven,no,10890,0.3578512396694215,short
ENSG00000155090,0.0511,0.6013,0.0,0.0,0.1657,0.1600096405982343,2.278748062308296,0.4011532017820652,False,False,0.0,0.0,0.0,0.0,0.0,0.0,0,0.0,0.0,0.0,no,KLF10,neutral,no,65440,0.2294315403422983,medium
ENSG00000155096,0.0308,0.5627,0.0,0.0,0.1499,0.2519004105577897,1.371148570338846,0.5,False,False,0.0,0.0,0.0,0.0,0.0,0.0,0,0.0,0.0,0.0,no,AZIN1,neutral,no,148720,0.0870898332436794,long
ENSG00000155097,0.0001,0.2585,0.0,0.0,0.0647,0.5,0.0,0.5,False,False,0.0,0.0,0.0,0.0,0.0,0.0,0,0.0,0.0,0.0,no,ATP6V1C1,neutral,no,47270,0.1727734292363021,medium
ENSG00000155158,1.0,0.8255,0.15,0.0,0.6564,1.191929888122445e-11,48.91942819858377,6.822392708309599e-11,True,False,0.0,0.0,0.0,0.0,0.0,0.0,0,0.0,0.0,0.0,no,TTC39B,gene-driven,no,117630,0.2478619399812973,long
ENSG00000155189,1.0,0.8846,0.15,0.0,0.6711,0.0,77.55019957767581,0.0,True,False,0.0,0.0,0.0,0.0,0.0,0.0,0,0.0,0.0,0.0,no,AGPAT5,gene-driven,no,39030,0.2059441455290802,medium
ENSG00000155252,0.0001,0.2585,0.0,0.0,0.0647,0.5,0.0,0.5,False,False,0.0,0.0,0.0,0.0,0.0,0.0,0,0.0,0.0,0.0,no,PI4K2A,neutral,no,50940,0.3338829996073812,medium
ENSG00000155256,1.0,0.9666,0.15,0.0,0.6917,0.0,168.5299613699754,0.0,True,False,0.0,0.0,0.0,0.0,0.0,0.0,0,0.0,0.0,0.0,no,ZFYVE27,gene-driven,no,109800,0.30540983606557376,long
ENSG00000155269,1.0,0.89,0.15,0.0,0.6725,0.0,81.08078509853658,0.0,True,False,0.0,0.0,0.0,0.0,0.0,0.0,0,0.0,0.0,0.0,no,GPR78,gene-driven,no,18730,0.4153230112119594,short
ENSG00000155275,0.0001,0.2585,0.0,0.0,0.0647,0.5,0.0,0.5,False,False,0.0,0.0,0.0,0.0,0.0,0.0,0,0.0,0.0,0.0,no,TRMT44,neutral,no,98010,0.1943067033976125,long
ENSG00000155324,0.6822,0.7648,0.15,0.0,0.5459,1.209864875506561e-07,30.4688795799957,5.139084449845973e-07,True,False,0.0,0.0,0.0,0.0,0.0,0.0,0,0.0,0.0,0.0,no,GRAMD2B,gene-driven,no,130100,0.2376325903151422,long
ENSG00000155329,0.0001,0.2585,0.0,0.0,0.0647,0.5,0.0,0.5,False,False,0.0,0.0,0.0,0.0,0.0,0.0,0,0.0,0.0,0.0,no,ZCCHC10,neutral,no,46890,0.17152911068458093,medium
ENSG00000155363,0.2119,0.6773,0.15,0.0,0.3829,0.0044125423445079,9.460314159543486,0.013666242603725,True,False,0.0,0.0,0.872,0.0,0.0,0.3052,0,2.981513194707062,0.0,0.0,no,MOV10,dual-driven,no,214800,0.18334729981378026,long
ENSG00000155380,1.0,0.9741,0.15,0.0,0.6935,0.0,191.8087549785487,0.0,True,False,0.0,0.0,0.8333,0.0,0.6183,0.3844,0,2.5180713460529787,0.0,178.6,yes,SLC16A1,gene-driven (dual),no,95110,0.123414993165808,long
ENSG00000155463,1.0,0.9162,0.15,0.0,0.679,0.0,101.9070458587084,0.0,True,False,0.0,0.0,0.0,0.0,0.0,0.0,0,0.0,0.0,0.0,no,OXA1L,gene-driven,no,89810,0.21063355973722303,long
ENSG00000155511,0.0001,0.2585,0.0,0.0,0.0647,0.5,0.0,0.5,False,False,0.0,0.0,0.0,0.0,0.0,0.0,0,0.0,0.0,0.0,no,GRIA1,neutral,no,261190,0.23140625598223516,long
ENSG00000155530,0.0001,0.0038,0.0,0.0,0.001,0.5,-0.0094235301439766,0.5,False,False,0.0,0.0,0.2874,0.0,0.8284,0.2249,0,0.8353229411205193,0.0,589.4,yes,LRGUK,neutral,no,144770,0.1355529460523589,long
ENSG00000155542,1.0,0.8552,0.15,0.0,0.6638,1.6375789613221062e-14,62.10300971369725,1.1297250698496749e-13,True,False,0.0,0.0,0.0,0.0,0.0,0.0,0,0.0,0.0,0.0,no,SETD9,gene-driven,no,50550,0.16009891196834816,medium
ENSG00000155545,1.0,0.9942,0.15,0.0,0.6985,0.0,346.1701019745597,0.0,True,False,0.0,0.0,0.0,0.0,0.0,0.0,0,0.0,0.0,0.0,no,MIER3,gene-driven,no,93410,0.14221175463012525,long
ENSG00000155629,0.0001,0.2585,0.0,0.0,0.0647,0.5,0.0,0.5,False,False,0.0,0.4076,0.0,0.0,0.0,0.1426,1,0.0,0.0,0.0,no,PIK3AP1,neutral,no,163840,0.2376953125,long
ENSG00000155636,0.0042,0.4495,0.0,0.0,0.1136,0.4565908891015044,0.1816406366124284,0.5,False,False,0.0,0.0,0.0,0.0,0.0,0.0,0,0.0,0.0,0.0,no,RBM45,neutral,no,48500,0.1730103092783505,medium
ENSG00000155660,0.9708,0.8084,0.15,0.0,0.6433,1.9215168345354527e-10,43.35917752124078,1.0018474564967866e-09,True,False,0.0,0.0,0.0,0.0,0.0,0.0,0,0.0,0.0,0.0,no,PDIA4,gene-driven,no,67870,0.2537203477235892,medium
ENSG00000155729,0.0001,0.0147,0.0,0.0,0.0037,0.5,-0.0074974474118789,0.5,False,False,0.0,0.0,0.0,0.0,0.0,0.0,0,0.0,0.0,0.0,no,KCTD18,neutral,no,50080,0.19670527156549522,medium
ENSG00000155749,0.9564,0.8054,0.15,0.0,0.6383,2.6461882685069327e-10,42.71916689495993,1.3583220276112987e-09,True,False,0.0,0.0,0.0,0.0,0.0,0.0,0,0.0,0.0,0.0,no,FLACC1,gene-driven,no,62030,0.15191036595195873,medium
ENSG00000155754,0.116,0.6466,0.075,0.0,0.2714,0.0375777869565474,5.176389990170719,0.106260325367747,False,False,0.0,0.0,0.0,0.0,0.0,0.0,0,0.0,0.0,0.0,no,C2CD6,neutral,no,117520,0.20658611300204222,long
ENSG00000155755,0.0785,0.6273,0.0,0.0,0.1804,0.0867235223520759,3.503765887558984,0.2325405930885315,False,False,0.0,0.0,0.0,0.0,0.0,0.0,0,0.0,0.0,0.0,no,TMEM237,neutral,no,69310,0.18068099841292742,medium
ENSG00000155760,0.0001,0.2585,0.0,0.0,0.0647,0.5,0.0,0.5,False,False,0.0,0.0,0.0,0.0,0.0,0.0,0,0.0,0.0,0.0,no,FZD7,neutral,no,35280,0.35408163265306125,medium
ENSG00000155761,1.0,0.9278,0.15,0.0,0.682,0.0,112.1416333848174,0.0,True,False,0.0,0.0,0.0556,0.806,0.9586,0.2841,0,0.6674158765276614,0.324,1720.2,yes,SPAG17,gene-driven,no,123040,0.22719440832249674,long
ENSG00000155792,0.0001,0.2585,0.0,0.0,0.0647,0.5,0.0,0.5,False,False,0.0,0.0,0.0,0.0,0.0,0.0,0,0.0,0.0,0.0,no,DEPTOR,neutral,no,67280,0.23174791914387632,medium
ENSG00000155833,0.7085,0.7688,0.15,0.0,0.5547,6.729214940826013e-08,31.64215015443733,2.908003050883456e-07,True,False,0.0,0.0,0.0,0.0,0.0,0.0,0,0.0,0.0,0.0,no,CYLC2,gene-driven,no,32580,0.1449048496009822,short
ENSG00000155858,0.0001,0.2585,0.0,0.0,0.0647,0.5,0.0,0.5,False,False,0.0,0.0,0.0,0.0,0.0,0.0,0,0.0,0.0,0.0,no,LSM11,neutral,no,16380,0.3808302808302808,short
ENSG00000155875,1.0,0.9409,0.15,0.0,0.6852,0.0,123.9078394302633,0.0,True,False,0.0,0.0,0.0,0.0,0.0,0.0,0,0.0,0.0,0.0,no,SAXO1,gene-driven,no,43640,0.23554078826764435,medium
ENSG00000155886,0.0001,0.2585,0.0,0.0,0.0647,0.5,0.0,0.5,False,False,0.0,0.0,0.0,0.0,0.0,0.0,0,0.0,0.0,0.0,no,SLC24A2,neutral,no,169040,0.12779815428300995,long
ENSG00000155890,0.0078,0.4688,0.0,0.0,0.1195,0.4213145510462808,0.3424567831607419,0.5,False,False,0.0,0.0,0.3188,0.0,0.0,0.1116,0,0.856541222216091,0.0,0.0,no,TRIM42,neutral,no,67800,0.23005899705014748,medium
ENSG00000155897,0.0038,0.4469,0.0,0.0,0.1129,0.460869856100468,0.1629848061711527,0.5,False,False,0.0,0.0,0.0,0.0,0.0,0.0,0,0.0,0.0,0.0,no,ADCY8,neutral,no,186270,0.30044022118430236,long
ENSG00000155903,0.2699,0.6928,0.15,0.0,0.4042,0.0012065684108819,12.05365558413177,0.003925095667578,True,False,0.0,0.0,0.1546,0.0,0.0,0.0541,0,0.7464406123579648,0.0,0.0,no,RASA2,gene-driven,no,139710,0.14872235344642473,long
ENSG00000155906,0.0225,0.5356,0.0,0.0,0.1406,0.3032189491119348,1.000305899004161,0.5,False,False,0.0,0.0,0.0,0.0,0.0,0.0,0,0.0,0.0,0.0,no,RMND1,neutral,no,135480,0.08385001476232655,long
ENSG00000155957,0.0998,0.6403,0.0,0.0,0.19,0.0539991443620748,4.451279794364382,0.1500512536631061,False,False,0.0,0.0,0.0,0.0,0.0,0.0,0,0.0,0.0,0.0,no,TMBIM4,neutral,no,46690,0.2014992503748126,medium
ENSG00000155975,0.0001,0.2585,0.0,0.0,0.0647,0.5,0.0,0.5,False,False,0.0,0.0,0.0,0.0,0.0,0.0,0,0.0,0.0,0.0,no,VPS37A,neutral,no,64400,0.2000465838509317,medium
ENSG00000156026,1.0,0.855,0.15,0.0,0.6638,1.643130076445232e-14,62.09276899519318,1.131984626071826e-13,True,False,0.0,0.0,0.0,0.0,0.0,0.0,0,0.0,0.0,0.0,no,MCU,gene-driven,no,69290,0.16155289363544523,medium
ENSG00000156049,0.0012,0.4288,0.0,0.0,0.1076,0.487449739590103,0.0508418231493124,0.5,False,False,0.0,0.0,0.0,0.0,0.0,0.0,0,0.0,0.0,0.0,no,GNA14,neutral,no,26840,0.1946348733233979,short
ENSG00000156127,0.0001,0.2585,0.0,0.0,0.0647,0.5,0.0,0.5,False,False,0.0,0.0,0.0,0.0,0.0,0.0,0,0.0,0.0,0.0,no,BATF,neutral,no,10790,0.2531047265987025,short
ENSG00000156136,0.3675,0.7133,0.15,0.0,0.4386,0.0001365179539531,16.4118144813765,0.000475851648888,True,False,0.0,0.0,0.7947,0.0,0.0,0.2781,0,2.1678296654763862,0.0,0.0,no,DCK,gene-driven,no,69140,0.15399190049175585,medium
ENSG00000156140,0.0001,0.2585,0.0,0.0,0.0647,0.5,0.0,0.5,False,False,0.0,0.0,0.7246,0.6119,0.7219,0.4537,0,1.8183867526369213,0.229,287.7,yes,ADAMTS3,regulation-driven,no,123870,0.2257689513199322,long
ENSG00000156150,1.0,0.8848,0.15,0.0,0.6712,0.0,77.66417134545372,0.0,True,False,0.0,0.0,0.4396,0.5075,0.1982,0.2597,0,0.9994996681955828,0.181,10.7,yes,ALX3,gene-driven,no,19190,0.37941636268890044,short
ENSG00000156172,0.0001,0.2585,0.0,0.0,0.0647,0.5,0.0,0.5,False,False,0.0,0.0,0.0,0.0,0.0,0.0,0,0.0,0.0,0.0,no,CFAP418,neutral,no,21970,0.16677287209831587,short
ENSG00000156194,0.0155,0.508,0.0,0.0,0.1317,0.3543127957832504,0.6888559430153691,0.5,False,False,0.0,0.0,0.8382,0.0,0.0,0.2934,0,2.556249245522099,0.0,0.0,no,PPEF2,neutral,no,51700,0.24056092843326887,medium
ENSG00000156234,1.0,0.8233,0.15,0.0,0.6558,1.7169543564676808e-11,48.18947538416978,9.704694283034372e-11,True,False,0.0,0.0,0.9831,0.0,0.2426,0.3805,0,9.477324093359613,0.0,15.6,yes,CXCL13,gene-driven (dual),no,6580,0.23875379939209726,short
ENSG00000156345,1.0,0.9733,0.15,0.0,0.6933,0.0,190.4608779721457,0.0,True,False,0.0,0.0,0.0,0.0,0.0,0.0,0,0.0,0.0,0.0,no,CDK20,gene-driven,no,69380,0.25185932545402134,medium
ENSG00000156374,0.0001,0.2585,0.0,0.0,0.0647,0.5,0.0,0.5,False,False,0.0,0.0,0.0,0.0,0.0,0.0,0,0.0,0.0,0.0,no,PCGF6,neutral,no,74610,0.1402761023991422,medium
ENSG00000156384,0.0563,0.6098,0.0,0.0,0.1693,0.1425478370628344,2.50986091246159,0.3651045013133565,False,False,0.0,0.0,0.0,0.0,0.0,0.0,0,0.0,0.0,0.0,no,SFR1,neutral,no,18370,0.23309744148067502,short
ENSG00000156427,0.0001,0.2585,0.0,0.0,0.0647,0.5,0.0,0.5,False,False,0.0,0.0,0.0,0.0,0.0,0.0,0,0.0,0.0,0.0,no,FGF18,neutral,no,14340,0.3092747559274756,short
ENSG00000156463,0.0002,0.4025,0.0,0.0,0.1007,0.4992121575341077,0.0031538552575511,0.5,False,False,0.0,0.0,0.0,0.0,0.0,0.0,0,0.0,0.0,0.0,no,SH3RF2,neutral,no,91620,0.21533507967692644,long
ENSG00000156466,0.0318,0.5674,0.0,0.0,0.1514,0.2462310290786905,1.416675721116917,0.5,False,False,0.0,0.0,0.0,0.0,0.0,0.0,0,0.0,0.0,0.0,no,GDF6,neutral,no,50390,0.2743996824766819,medium
ENSG00000156467,1.0,0.8894,0.15,0.0,0.6724,0.0,80.73447646231398,0.0,True,False,0.0,0.0,0.0,0.0,0.0,0.0,0,0.0,0.0,0.0,no,UQCRB,gene-driven,no,25150,0.13105367793240558,short
ENSG00000156471,0.0003,0.4069,0.0,0.0,0.1018,0.4980581478974999,0.0077825307344028,0.5,False,False,0.0,0.0,0.0,0.0,0.0,0.0,0,0.0,0.0,0.0,no,PTDSS1,neutral,no,64280,0.22574673304293716,medium
ENSG00000156508,1.0,0.8717,0.15,0.0,0.6679,1.665334536937735e-16,70.9875704641745,1.2963026583299364e-15,True,False,0.0,0.0,0.0,0.0,0.0,0.0,0,0.0,0.0,0.0,no,EEF1A1,gene-driven,no,207870,0.08232068119497762,long
ENSG00000156510,0.0002,0.4037,0.0,0.0,0.101,0.4990230130195669,0.0039117709166021,0.5,False,False,0.0,0.0,0.0,0.0,0.0,0.0,0,0.0,0.0,0.0,no,HKDC1,neutral,no,57790,0.2913306800484513,medium
ENSG00000156521,0.1696,0.6665,0.15,0.0,0.3675,0.011352720771395,7.570301335465047,0.0340171283836861,True,False,0.0,0.0,0.0,0.0,0.0,0.0,0,0.0,0.0,0.0,no,TYSND1,gene-driven,no,83790,0.25176035326411267,long
ENSG00000156535,0.2812,0.6958,0.15,0.0,0.4083,0.0009389146328784,12.55527763036662,0.0030846508480433,True,False,0.0,0.0,0.0,0.0,0.0,0.0,0,0.0,0.0,0.0,no,CD109,gene-driven,no,200890,0.2304992782119568,long
ENSG00000156574,0.2924,0.6984,0.15,0.0,0.4123,0.0007312141094826,13.05531412232813,0.0024230905933156,True,False,0.0,0.0,0.0,0.0,0.0,0.0,0,0.0,0.0,0.0,no,NODAL,gene-driven,no,19250,0.3501818181818182,short
ENSG00000156575,0.0001,0.0243,0.0,0.0,0.0061,0.5,-0.0061197431787149,0.5,False,False,0.0,0.0,0.0,0.0,0.0,0.0,0,0.0,0.0,0.0,no,PRG3,neutral,no,15410,0.2673588578844906,short
ENSG00000156587,1.0,0.9083,0.15,0.0,0.6771,0.0,94.38342132293836,0.0,True,False,0.0,0.0,0.0,0.0,0.0,0.0,0,0.0,0.0,0.0,no,UBE2L6,gene-driven,no,14170,0.27332392378263937,short
ENSG00000156603,0.0001,0.2585,0.0,0.0,0.0647,0.5,0.0,0.5,False,False,0.0,0.0,0.0,0.0,0.0,0.0,0,0.0,0.0,0.0,no,MED19,neutral,no,21510,0.3687587168758717,short
ENSG00000156711,0.0001,0.2585,0.0,0.0,0.0647,0.5,0.0,0.5,False,False,0.0,0.0,0.0,0.0,0.0,0.0,0,0.0,0.0,0.0,no,MAPK13,neutral,no,51320,0.28263834762275913,medium
ENSG00000156735,0.0001,0.0722,0.0,0.0,0.0181,0.5,-0.001328732134425,0.5,False,False,0.0,0.0,0.0,0.0,0.0,0.0,0,0.0,0.0,0.0,no,BAG4,neutral,no,38510,0.32955076603479616,medium
ENSG00000156804,0.0001,0.083,0.0,0.0,0.0208,0.5,-0.0008714923169463,0.5,False,False,0.0,0.0,0.0,0.0,0.0,0.0,0,0.0,0.0,0.0,no,FBXO32,neutral,no,59720,0.1934695244474213,medium
ENSG00000156831,0.0109,0.4797,0.0,0.0,0.1232,0.3926626525902771,0.4833144910444389,0.5,False,False,0.0,0.0,0.0,0.0,0.0,0.0,0,0.0,0.0,0.0,no,NSMCE2,neutral,no,48950,0.12300306435137896,medium
ENSG00000156869,0.0144,0.501,0.0,0.0,0.1296,0.363219716817045,0.6392003335167828,0.5,False,False,0.0,0.0,0.0,0.0,0.0,0.0,0,0.0,0.0,0.0,no,FRRS1,neutral,no,42160,0.21634250474383301,medium
ENSG00000156876,0.0147,0.5032,0.0,0.0,0.1302,0.3612640932033257,0.649997694818012,0.5,False,False,0.0,0.0,0.0,0.0,0.0,0.0,0,0.0,0.0,0.0,no,SASS6,neutral,no,136090,0.09504004702770226,long
ENSG00000156928,0.0001,0.2585,0.0,0.0,0.0647,0.5,0.0,0.5,False,False,0.0,0.0,0.0,0.0,0.0,0.0,0,0.0,0.0,0.0,no,MALSU1,neutral,no,11540,0.3150779896013865,short
ENSG00000156958,1.0,0.9411,0.15,0.0,0.6853,0.0,123.9597848217527,0.0,True,False,0.0,0.0,0.0,0.0,0.0,0.0,0,0.0,0.0,0.0,no,GALK2,gene-driven,no,133730,0.20669258954610034,long
ENSG00000156959,0.0086,0.4715,0.0,0.0,0.1204,0.4138199211987316,0.3783543843283041,0.5,False,False,0.0,0.0,0.0,0.0,0.0,0.0,0,0.0,0.0,0.0,no,LHFPL4,neutral,no,16510,0.3032707450030285,short
ENSG00000156966,0.0234,0.5382,0.0,0.0,0.1416,0.2974181145964332,1.038938312683968,0.5,False,False,0.0,0.0,0.0,0.0,0.0,0.0,0,0.0,0.0,0.0,no,B3GNT7,neutral,no,26410,0.30734570238546005,short
ENSG00000157005,0.0156,0.5086,0.0,0.0,0.1318,0.353623196979893,0.692752334940451,0.5,False,False,0.0,0.0,0.0,0.0,0.0,0.0,0,0.0,0.0,0.0,no,SST,neutral,no,4860,0.4222222222222222,short
ENSG00000157014,0.1695,0.6663,0.15,0.0,0.3674,0.0113616925590993,7.568721406802069,0.0340235152251416,True,False,0.0,0.0,0.0,0.0,0.0,0.0,0,0.0,0.0,0.0,no,TATDN2,gene-driven,no,69900,0.2353648068669528,medium
ENSG00000157020,0.0184,0.5247,0.0,0.0,0.1367,0.3319971936859799,0.8189631645363988,0.5,False,False,0.0,0.0,0.0,0.0,0.0,0.0,0,0.0,0.0,0.0,no,SEC13,neutral,no,55230,0.22842657975737823,medium
ENSG00000157036,0.0001,0.0446,0.0,0.0,0.0112,0.5,-0.003816949261818,0.5,False,False,0.0,0.0,0.0,0.0,0.0,0.0,0,0.0,0.0,0.0,no,EXOG,neutral,no,67630,0.18268519887623835,medium
ENSG00000157060,0.0006,0.4166,0.0,0.0,0.1043,0.4948390964193279,0.0207508928688184,0.5,False,False,0.0,0.0,0.0,0.0,0.0,0.0,0,0.0,0.0,0.0,no,SHCBP1L,neutral,no,38800,0.24757731958762885,medium
ENSG00000157064,0.0001,0.2585,0.0,0.0,0.0647,0.5,0.0,0.5,False,False,0.0,0.0,0.0,0.0,0.0,0.0,0,0.0,0.0,0.0,no,NMNAT2,neutral,no,46640,0.23719982847341337,medium
ENSG00000157077,0.7634,0.7774,0.15,0.0,0.5734,1.9723191246878713e-08,34.09664698440611,8.854075204149343e-08,True,False,0.0,0.0,0.0,0.0,0.0,0.0,0,0.0,0.0,0.0,no,ZFYVE9,gene-driven,no,166600,0.24139255702280912,long
ENSG00000157093,0.0001,0.2585,0.0,0.0,0.0647,0.5,0.0,0.5,False,False,0.0,0.0,0.0,0.0,0.0,0.0,0,0.0,0.0,0.0,no,LYZL4,neutral,no,11200,0.27053571428571427,short
ENSG00000157110,0.0187,0.5253,0.0,0.0,0.1369,0.3300666538140073,0.8306269661516126,0.5,False,False,0.0,0.0,0.0,0.0,0.0,0.0,0,0.0,0.0,0.0,no,RBPMS,neutral,no,54060,0.22132815390307067,medium
ENSG00000157111,1.0,0.9654,0.15,0.0,0.6914,0.0,165.6245786845557,0.0,True,False,0.0,0.0,0.0,0.0,0.0,0.0,0,0.0,0.0,0.0,no,TMEM171,gene-driven,no,19720,0.30917849898580124,short
ENSG00000157119,0.0001,0.2585,0.0,0.0,0.0647,0.5,0.0,0.5,False,False,0.0,0.0,0.0,0.0,0.0,0.0,0,0.0,0.0,0.0,no,KLHL40,neutral,no,45410,0.27943184320634223,medium
ENSG00000157150,0.0157,0.5088,0.0,0.0,0.1319,0.353215501356737,0.6950594846157401,0.5,False,False,0.0,0.0,0.0,0.0,0.0,0.0,0,0.0,0.0,0.0,no,TIMP4,neutral,no,13440,0.28020833333333334,short
ENSG00000157184,0.0473,0.5963,0.0,0.0,0.1633,0.1741769200697728,2.109073067345889,0.4312374317705574,False,False,0.0,0.0,0.0,0.0,0.0,0.0,0,0.0,0.0,0.0,no,CPT2,neutral,no,114740,0.18619487537040266,long
ENSG00000157211,0.0072,0.4662,0.0,0.0,0.1187,0.4270526159619832,0.3154017407650826,0.5,False,False,0.0,0.0,0.0,0.0,0.0,0.0,0,0.0,0.0,0.0,no,CDCP2,neutral,no,31940,0.40651221039448965,short
ENSG00000157303,0.0001,0.0354,0.0,0.0,0.0089,0.5,-0.0049164054653374,0.5,False,False,0.0,0.0,0.0,0.0,0.0,0.0,0,0.0,0.0,0.0,no,SUSD3,neutral,no,66690,0.2120557804768331,medium
ENSG00000157330,0.0001,0.2585,0.0,0.0,0.0647,0.5,0.0,0.5,False,False,0.0,0.0,0.0,0.0,0.0,0.0,0,0.0,0.0,0.0,no,CFAP107,neutral,no,19590,0.2991832567636549,short
ENSG00000157343,0.0596,0.6138,0.0,0.0,0.1713,0.1323089023911623,2.658937479987799,0.342406077259959,False,False,0.0,0.0,0.0,0.0,0.0,0.0,0,0.0,0.0,0.0,no,ARMC12,neutral,no,37750,0.23618543046357615,medium
ENSG00000157379,0.0001,0.2585,0.0,0.0,0.0647,0.5,0.0,0.5,False,False,0.0,0.0,0.0,0.0,0.0,0.0,0,0.0,0.0,0.0,no,DHRS1,neutral,no,24410,0.24748054076198278,short
ENSG00000157445,1.0,0.8786,0.15,0.0,0.6696,5.551115123125783e-17,73.69598441279959,4.453426874585104e-16,True,False,0.0,0.8761,0.0,0.0,0.0,0.3066,2,0.0,0.0,0.0,no,CACNA2D3,gene-driven (dual),no,196500,0.16768956743002544,long
ENSG00000157456,0.4098,0.7201,0.15,0.0,0.453,5.30433280318543e-05,18.30250857569627,0.0001894023787727,True,False,0.0,0.0,0.0,0.0,0.0,0.0,0,0.0,0.0,0.0,no,CCNB2,gene-driven,no,52880,0.1880105900151286,medium
ENSG00000157510,0.0001,0.0426,0.0,0.0,0.0107,0.5,-0.0039934779852046,0.5,False,False,0.0,0.0,0.0,0.0,0.0,0.0,0,0.0,0.0,0.0,no,AFAP1L1,neutral,no,158640,0.2661875945537065,long
ENSG00000157593,0.0001,0.2585,0.0,0.0,0.0647,0.5,0.0,0.5,False,False,0.0,0.0,0.0,0.0,0.0,0.0,0,0.0,0.0,0.0,no,SLC35B2,neutral,no,49980,0.2984393757503001,medium
ENSG00000157653,0.1026,0.6415,0.0,0.0,0.1912,0.0506501935924458,4.579330091251904,0.1412186451394761,False,False,0.0,0.0,0.0,0.0,0.0,0.0,0,0.0,0.0,0.0,no,,neutral,no,28320,0.2500353107344633,short
ENSG00000157693,0.0001,0.0058,0.0,0.0,0.0015,0.5,-0.0090898381604347,0.5,False,False,0.0,0.0,0.0,0.0,0.0,0.0,0,0.0,0.0,0.0,no,TMEM268,neutral,no,31260,0.26116442738323736,short
ENSG00000157703,1.0,0.8542,0.15,0.0,0.6636,1.965094753586527e-14,61.73412639019807,1.3463335129944058e-13,True,False,0.0,0.0,0.0,0.0,0.0,0.0,0,0.0,0.0,0.0,no,SVOPL,gene-driven,no,76840,0.23437011972930766,medium
ENSG00000157734,0.0229,0.5366,0.0,0.0,0.141,0.3004657749877515,1.018548488900706,0.5,False,False,0.0,0.0,0.0,0.0,0.0,0.0,0,0.0,0.0,0.0,no,SNX22,neutral,no,14240,0.34051966292134833,short
ENSG00000157765,1.0,0.8902,0.15,0.0,0.6726,0.0,81.34534230744612,0.0,True,False,0.0,0.0,0.0,0.0,0.0,0.0,0,0.0,0.0,0.0,no,SLC34A2,gene-driven,no,101420,0.16061920725695128,long
ENSG00000157778,0.0001,0.2585,0.0,0.0,0.0647,0.5,0.0,0.5,False,False,0.0,0.0,0.0,0.0,0.0,0.0,0,0.0,0.0,0.0,no,PSMG3,neutral,no,11640,0.2743986254295533,short
ENSG00000157782,0.0398,0.5834,0.0,0.0,0.1578,0.2062266039276356,1.771265030140057,0.4948244707843992,False,False,0.0,0.0,0.0,0.0,0.0,0.0,0,0.0,0.0,0.0,no,CABP1,neutral,no,108830,0.2257190113020307,long
ENSG00000157833,0.0001,0.2585,0.0,0.0,0.0647,0.5,0.0,0.5,False,False,0.0,0.0,0.0,0.0,0.0,0.0,0,0.0,0.0,0.0,no,GAREM2,neutral,no,102240,0.26140453834115807,long
ENSG00000157884,0.0555,0.6076,0.0,0.0,0.1685,0.1450156404195606,2.475532993457819,0.3693332285954401,False,False,0.0,0.4076,0.3333,0.0,0.1538,0.2824,1,0.8700702111732933,0.0,7.7,yes,CIB4,neutral,no,21490,0.18515588645881806,short
ENSG00000157927,1.0,0.9316,0.15,0.0,0.6829,0.0,114.8105721425745,0.0,True,False,0.0,0.4076,0.0,0.0,0.0,0.1426,1,0.0,0.0,0.0,no,RADIL,gene-driven,no,69620,0.31597242171789713,medium
ENSG00000157954,1.0,0.9298,0.15,0.0,0.6825,0.0,113.7044218539595,0.0,True,False,0.0,0.0,0.0,0.0,0.0,0.0,0,0.0,0.0,0.0,no,WIPI2,gene-driven,no,82290,0.21237088346093086,long
ENSG00000157978,0.0465,0.5957,0.0,0.0,0.1629,0.1775336924749381,2.070895381330047,0.4388929355717406,False,False,0.0,0.4076,0.0,0.0,0.0,0.1426,1,0.0,0.0,0.0,no,LDLRAP1,neutral,no,42330,0.2154264115284668,medium
ENSG00000157992,1.0,0.8967,0.15,0.0,0.6742,0.0,85.18996399747266,0.0,True,False,0.0,0.4076,0.4686,0.0,0.0,0.3067,1,1.0354432807516143,0.0,0.0,no,KRTCAP3,gene-driven (dual),no,27740,0.21038211968276857,short
ENSG00000157999,0.0001,0.2585,0.0,0.0,0.0647,0.5,0.0,0.5,False,False,0.0,0.0,0.0,0.0,0.0,0.0,0,0.0,0.0,0.0,no,ANKRD61,neutral,no,15680,0.38864795918367345,short
ENSG00000158006,0.0017,0.4333,0.0,0.0,0.1088,0.4829806484950135,0.0692630215962708,0.5,False,False,0.0,0.0,0.0,0.0,0.0,0.0,0,0.0,0.0,0.0,no,PAFAH2,neutral,no,71720,0.15574456218627997,medium
ENSG00000158008,0.0094,0.4749,0.0,0.0,0.1215,0.4060433600392555,0.4162962927694025,0.5,False,False,0.0,0.0,0.0,0.0,0.0,0.0,0,0.0,0.0,0.0,no,EXTL1,neutral,no,85610,0.22884008877467585,long
ENSG00000158014,0.0064,0.4632,0.0,0.0,0.1177,0.4342211415443458,0.2821083027156419,0.5,False,False,0.0,0.0,0.0,0.0,0.0,0.0,0,0.0,0.0,0.0,no,SLC30A2,neutral,no,35220,0.3113571834185122,medium
ENSG00000158022,0.0001,0.2585,0.0,0.0,0.0647,0.5,0.0,0.5,False,False,0.0,0.0,0.0,0.0,0.0,0.0,0,0.0,0.0,0.0,no,TRIM63,neutral,no,53070,0.20697192387412852,medium
ENSG00000158055,1.0,0.9554,0.15,0.0,0.6888,0.0,145.6148421988473,0.0,True,False,0.0,0.0,0.0,0.0,0.0,0.0,0,0.0,0.0,0.0,no,GRHL3,gene-driven,no,184460,0.22310528027756696,long
ENSG00000158077,0.0194,0.5275,0.0,0.0,0.1377,0.3250047896848173,0.8615363573626382,0.5,False,False,0.0,0.0,0.0,0.0,0.0,0.0,0,0.0,0.0,0.0,no,NLRP14,neutral,no,148370,0.13868032621149828,long
ENSG00000158079,0.0001,0.004,0.0,0.0,0.001,0.5,-0.0093752916945959,0.5,False,False,0.0,0.0,0.0,0.0,0.0,0.0,0,0.0,0.0,0.0,no,PTPDC1,neutral,no,152550,0.20188790560471975,long
ENSG00000158089,0.0001,0.2585,0.0,0.0,0.0647,0.5,0.0,0.5,False,False,0.0,0.4076,0.0,0.0,0.0,0.1426,1,0.0,0.0,0.0,no,GALNT14,neutral,no,94670,0.27547269462342877,long
ENSG00000158104,0.0001,0.2585,0.0,0.0,0.0647,0.5,0.0,0.5,False,False,0.0,0.0,0.0,0.0,0.0,0.0,0,0.0,0.0,0.0,no,HPD,neutral,no,38530,0.24928627043861926,medium
ENSG00000158106,0.041,0.5858,0.0,0.0,0.1588,0.2006927011045939,1.825666420791094,0.4843500704969675,False,False,0.0,0.0,0.0,0.0,0.0,0.0,0,0.0,0.0,0.0,no,RHPN1,neutral,no,61550,0.2700243704305443,medium
ENSG00000158109,0.0345,0.5752,0.0,0.0,0.1542,0.2318032885363915,1.537437961202158,0.5,False,False,0.0,0.0,0.0,0.0,0.0,0.0,0,0.0,0.0,0.0,no,TPRG1L,neutral,no,34750,0.19441726618705035,medium
ENSG00000158113,0.0001,0.2585,0.0,0.0,0.0647,0.5,0.0,0.5,False,False,0.0,0.0,0.0,0.0,0.0,0.0,0,0.0,0.0,0.0,no,LRRC43,neutral,no,29750,0.3953949579831933,short
ENSG00000158122,1.0,0.876,0.15,0.0,0.669,5.551115123125783e-17,72.87565387287032,4.453426874585104e-16,True,False,0.0,0.0,0.0,0.0,0.0,0.0,0,0.0,0.0,0.0,no,PRXL2C,gene-driven,no,45390,0.1437100682969817,medium
ENSG00000158156,0.0001,0.0911,0.0,0.0,0.0228,0.5,-0.0005064740180387,0.5,False,False,0.0,0.0,0.0,0.0,0.0,0.0,0,0.0,0.0,0.0,no,XKR8,neutral,no,43560,0.22121212121212122,medium
ENSG00000158161,0.0001,0.2585,0.0,0.0,0.0647,0.5,0.0,0.5,False,False,0.0,0.0,0.0,0.0,0.0,0.0,0,0.0,0.0,0.0,no,EYA3,neutral,no,121800,0.2584975369458128,long
ENSG00000158195,0.0001,0.0374,0.0,0.0,0.0094,0.5,-0.0046951673721196,0.5,False,False,0.0,0.0,0.0,0.0,0.0,0.0,0,0.0,0.0,0.0,no,WASF2,neutral,no,115060,0.13987484790544064,long
ENSG00000158220,0.0001,0.2585,0.0,0.0,0.0647,0.5,0.0,0.5,False,False,0.0,0.0,0.0,0.0,0.0,0.0,0,0.0,0.0,0.0,no,ESYT3,neutral,no,112670,0.210419810064791,long
ENSG00000158246,0.0001,0.0209,0.0,0.0,0.0053,0.5,-0.0067613670616992,0.5,False,False,0.0,0.4076,0.0,0.0,0.0,0.1426,1,0.0,0.0,0.0,no,TENT5B,neutral,no,15390,0.5368421052631579,short
ENSG00000158258,0.0001,0.2585,0.0,0.0,0.0647,0.5,0.0,0.5,False,False,0.0,0.4076,0.0266,0.0746,0.9822,0.3105,1,0.6361478651821798,0.036,2288.4,yes,CLSTN2,regulation-driven,no,117770,0.20446633268234696,long
ENSG00000158292,0.0001,0.2585,0.0,0.0,0.0647,0.5,0.0,0.5,False,False,0.0,0.0,0.0,0.0,0.0,0.0,0,0.0,0.0,0.0,no,GPR153,neutral,no,44640,0.3180779569892473,medium
ENSG00000158315,0.0622,0.6158,0.0,0.0,0.1726,0.1249903003045602,2.772743923076632,0.325157820980587,False,False,0.0,0.0,0.0,0.0,0.0,0.0,0,0.0,0.0,0.0,no,RHBDL2,neutral,no,31940,0.18534752661239826,short
ENSG00000158402,1.0,0.9632,0.15,0.0,0.6908,0.0,160.0888888947666,0.0,True,False,0.0,0.0,0.0,0.0,0.0,0.0,0,0.0,0.0,0.0,no,CDC25C,gene-driven,no,88640,0.2244923285198556,long
ENSG00000158417,0.0001,0.04,0.0,0.0,0.01,0.5,-0.0042460578551981,0.5,False,False,0.0,0.0,0.0,0.0,0.0,0.0,0,0.0,0.0,0.0,no,EIF5B,neutral,no,186830,0.18365894128351978,long
ENSG00000158428,0.0001,0.2585,0.0,0.0,0.0647,0.5,0.0,0.5,False,False,0.0,0.0,0.0,0.0,0.0,0.0,0,0.0,0.0,0.0,no,CATIP,neutral,no,20820,0.3134005763688761,short
ENSG00000158457,0.0001,0.0921,0.0,0.0,0.0231,0.5,-0.0004764762325066,0.5,False,False,0.0,0.0,0.0,0.0,0.0,0.0,0,0.0,0.0,0.0,no,TSPAN33,neutral,no,26030,0.2054168267383788,short
ENSG00000158458,0.0001,0.0746,0.0,0.0,0.0187,0.5,-0.0012495654518716,0.5,False,False,0.0,0.0,0.0,0.0,0.0,0.0,0,0.0,0.0,0.0,no,NRG2,neutral,no,244570,0.27000449768982293,long
ENSG00000158467,0.4028,0.7179,0.15,0.0,0.4503,6.20185497703929e-05,17.98985969462956,0.0002197152895711,True,False,0.0,0.0,0.0,0.0,0.0,0.0,0,0.0,0.0,0.0,no,AHCYL2,gene-driven,no,129830,0.22331510436724947,long
ENSG00000158516,0.0001,0.0422,0.0,0.0,0.0106,0.5,-0.0040431822017126,0.5,False,False,0.0,0.0,0.2415,0.0,0.1272,0.1036,0,0.8063933783824371,0.0,6.8,yes,CPA2,neutral,no,56550,0.18042440318302388,medium
ENSG00000158604,1.0,0.8864,0.15,0.0,0.6716,0.0,78.59587578994433,0.0,True,False,0.0,0.0,0.0,0.0,0.0,0.0,0,0.0,0.0,0.0,no,TMED4,gene-driven,no,25930,0.28569224836097185,short
ENSG00000158623,0.0013,0.4292,0.0,0.0,0.1077,0.4868873856577145,0.0531504860555287,0.5,False,False,0.0,0.0,0.1135,0.0,0.0,0.0397,0,0.722018583824317,0.0,0.0,no,COPG2,neutral,no,151520,0.14505015839493135,long
ENSG00000158715,0.0018,0.4351,0.0,0.0,0.1093,0.4818483882877752,0.0739571619415073,0.5,False,False,0.0,0.0,0.0,0.0,0.0,0.0,0,0.0,0.0,0.0,no,SLC45A3,neutral,no,71040,0.219481981981982,medium
ENSG00000158716,0.0316,0.5659,0.0,0.0,0.151,0.2472611451839479,1.408326104608022,0.5,False,False,0.0,0.0,0.0,0.0,0.0,0.0,0,0.0,0.0,0.0,no,DUSP23,neutral,no,13700,0.2915328467153285,short
ENSG00000158748,0.0001,0.2585,0.0,0.0,0.0647,0.5,0.0,0.5,False,False,0.0,0.0,0.0,0.0,0.0,0.0,0,0.0,0.0,0.0,no,HTR6,neutral,no,19290,0.45842405391394503,short
ENSG00000158769,0.0001,0.1181,0.0,0.0,0.0296,0.5,-2.9103830456733697e-11,0.5,False,False,0.0,0.0,0.0,0.0,0.0,0.0,0,0.0,0.0,0.0,no,F11R,neutral,no,57610,0.24487068217323382,medium
ENSG00000158786,0.1163,0.6472,0.075,0.0,0.2717,0.0373089109637744,5.190751801046645,0.1056802523541083,False,False,0.0,0.0,0.0,0.0,0.0,0.0,0,0.0,0.0,0.0,no,PLA2G2F,neutral,no,27140,0.18714075165806926,short
ENSG00000158793,0.0001,0.2585,0.0,0.0,0.0647,0.5,0.0,0.5,False,False,0.0,0.0,0.0,0.0,0.0,0.0,0,0.0,0.0,0.0,no,NIT1,neutral,no,55600,0.3108812949640288,medium
ENSG00000158816,0.9871,0.8116,0.15,0.0,0.649,1.334805599384481e-10,44.08783612620027,7.07816956432666e-10,True,False,0.0,0.4076,0.0,0.0,0.0,0.1426,1,0.0,0.0,0.0,no,VWA5B1,gene-driven,no,129820,0.21365737174549376,long
ENSG00000158828,0.0001,0.0587,0.0,0.0,0.0147,0.5,-0.0023926719622977,0.5,False,False,0.0,0.0,0.0,0.0,0.0,0.0,0,0.0,0.0,0.0,no,PINK1,neutral,no,51600,0.28647286821705426,medium
ENSG00000158850,1.0,0.9039,0.15,0.0,0.676,0.0,90.4018707228024,0.0,True,False,0.0,0.0,0.0,0.0,0.0,0.0,0,0.0,0.0,0.0,no,B4GALT3,gene-driven,no,59610,0.17528938097634625,medium
ENSG00000158856,1.0,0.8546,0.15,0.0,0.6637,1.804112415015879e-14,61.90750161545293,1.2394551315316277e-13,True,False,0.0,0.0,0.0,0.0,0.0,0.0,0,0.0,0.0,0.0,no,DMTN,gene-driven,no,176930,0.2082348951562765,long
ENSG00000158859,0.009,0.4729,0.0,0.0,0.1209,0.410373531758533,0.3950806007997016,0.5,False,False,0.0,0.0,0.0,0.0,0.0,0.0,0,0.0,0.0,0.0,no,ADAMTS4,neutral,no,67480,0.3226437462951986,medium
ENSG00000158863,0.3694,0.7139,0.15,0.0,0.4393,0.0001308433460927,16.49672520237073,0.0004570328676018,True,False,0.0,0.0,0.0,0.0,0.0,0.0,0,0.0,0.0,0.0,no,FHIP2B,gene-driven,no,89570,0.2572513118231551,long
ENSG00000158864,0.3638,0.7125,0.15,0.0,0.4373,0.0001484577915107,16.24412538373144,0.0005160230992136,True,False,0.0,0.0,0.0,0.0,0.0,0.0,0,0.0,0.0,0.0,no,,gene-driven,no,351410,0.07549585953729263,long
ENSG00000158869,0.0001,0.2585,0.0,0.0,0.0647,0.5,0.0,0.5,False,False,0.0,0.0,0.0,0.0,0.0,0.0,0,0.0,0.0,0.0,no,FCER1G,neutral,no,8080,0.29356435643564355,short
ENSG00000158882,1.0,0.8372,0.15,0.0,0.6593,1.082189893253371e-12,53.71776560943181,6.6372534266859025e-12,True,False,0.0,0.0,0.0,0.0,0.0,0.0,0,0.0,0.0,0.0,no,TOMM40L,gene-driven,no,29440,0.35641983695652174,short
ENSG00000158966,0.0199,0.5287,0.0,0.0,0.1382,0.3213332745253628,0.8842585509264609,0.5,False,False,0.0,0.4076,0.0,0.0,0.0,0.1426,1,0.0,0.0,0.0,no,CACHD1,neutral,no,181780,0.21780723952029926,long
ENSG00000158985,0.1633,0.6651,0.15,0.0,0.3653,0.0130539787280278,7.291030255598344,0.0389505040151233,True,False,0.0,0.0,0.843,0.0,0.9053,0.4308,0,2.6346253243579665,0.0,937.8,yes,CDC42SE2,dual-driven,no,13770,0.15751633986928104,short
ENSG00000159164,1.0,0.88,0.15,0.0,0.67,5.551115123125783e-17,74.38808627647086,4.453426874585104e-16,True,False,0.0,0.0,0.0,0.0,0.0,0.0,0,0.0,0.0,0.0,no,SV2A,gene-driven,no,91010,0.26660806504779694,long
ENSG00000159167,0.0001,0.2585,0.0,0.0,0.0647,0.5,0.0,0.5,False,False,0.0,0.0,0.0,0.0,0.0,0.0,0,0.0,0.0,0.0,no,STC1,neutral,no,18710,0.25494388027792625,short
ENSG00000159173,0.1004,0.6407,0.0,0.0,0.1903,0.0532188469706756,4.480390996995993,0.1480484031499669,False,False,0.0,0.0,0.0,0.0,0.0,0.0,0,0.0,0.0,0.0,no,TNNI1,neutral,no,35540,0.2730163196398424,medium
ENSG00000159176,0.9868,0.8114,0.15,0.0,0.6489,1.342159716699598e-10,44.07684716777658,7.10958725331608e-10,True,False,0.0,0.0,0.0,0.0,0.0,0.0,0,0.0,0.0,0.0,no,CSRP1,gene-driven,no,40670,0.1991394148020654,medium
ENSG00000159189,0.0001,0.2585,0.0,0.0,0.0647,0.5,0.0,0.5,False,False,0.0,0.0,0.0,0.0,0.0,0.0,0,0.0,0.0,0.0,no,C1QC,neutral,no,48420,0.15574142916150352,medium
ENSG00000159248,0.0001,0.2585,0.0,0.0,0.0647,0.5,0.0,0.5,False,False,0.0,0.0,0.0,0.0,0.0,0.0,0,0.0,0.0,0.0,no,GJD2,neutral,no,10340,0.4933268858800774,short
ENSG00000159251,0.0001,0.2585,0.0,0.0,0.0647,0.5,0.0,0.5,False,False,0.0,0.0,0.0,0.0,0.0,0.0,0,0.0,0.0,0.0,no,ACTC1,neutral,no,54490,0.2136538814461369,medium
ENSG00000159339,0.0124,0.4865,0.0,0.0,0.1254,0.3796074603905876,0.5509407571371412,0.5,False,False,0.0,0.0,0.0,0.0,0.0,0.0,0,0.0,0.0,0.0,no,PADI4,neutral,no,62200,0.24578778135048232,medium
ENSG00000159346,0.0299,0.5589,0.0,0.0,0.1487,0.2569178009792743,1.331703810370527,0.5,False,False,0.0,0.0,0.0,0.0,0.0,0.0,0,0.0,0.0,0.0,no,ADIPOR1,neutral,no,45890,0.2107430812813249,medium
ENSG00000159374,0.5944,0.7531,0.15,0.0,0.5166,8.604833124370437e-07,26.5452488676674,3.482541900782632e-06,True,False,0.0,0.0,0.0,0.0,0.0,0.0,0,0.0,0.0,0.0,no,M1AP,gene-driven,no,71430,0.24580708385832284,medium
ENSG00000159377,0.0001,0.0358,0.0,0.0,0.009,0.5,-0.0048943719393719,0.5,False,False,0.0,0.0,0.0,0.0,0.0,0.0,0,0.0,0.0,0.0,no,PSMB4,neutral,no,11160,0.39946236559139786,short
ENSG00000159388,0.4837,0.733,0.15,0.0,0.4784,1.019063030466283e-05,21.60178935382964,3.814010168201122e-05,True,False,0.0,0.0,0.0,0.0,0.0,0.0,0,0.0,0.0,0.0,no,BTG2,gene-driven,no,9480,0.3509493670886076,short
ENSG00000159399,0.0001,0.0366,0.0,0.0,0.0092,0.5,-0.0047337336000055,0.5,False,False,0.0,0.0,0.0,0.0,0.0,0.0,0,0.0,0.0,0.0,no,HK2,neutral,no,104930,0.20207757552654151,long
ENSG00000159403,0.0121,0.4851,0.0,0.0,0.1249,0.3827690629261446,0.5343525198913994,0.5,False,False,0.0,0.0,0.0,0.0,0.0,0.0,0,0.0,0.0,0.0,no,C1R,neutral,no,111440,0.22132089016511128,long
ENSG00000159479,0.0001,0.0607,0.0,0.0,0.0152,0.5,-0.0022446043803938,0.5,False,False,0.0,0.0,0.0,0.0,0.0,0.0,0,0.0,0.0,0.0,no,MED8,neutral,no,95160,0.16985077763766288,long
ENSG00000159495,0.0008,0.4202,0.0,0.0,0.1053,0.4925201031980829,0.0301456399320159,0.5,False,False,0.0,0.0,0.0,0.0,0.0,0.0,0,0.0,0.0,0.0,no,TGM7,neutral,no,61150,0.2356663941128373,medium
ENSG00000159527,0.5481,0.7451,0.15,0.0,0.5007,2.417577430413598e-06,24.47919480098426,9.475989077129425e-06,True,False,0.0,0.0,0.0,0.0,0.0,0.0,0,0.0,0.0,0.0,no,PGLYRP3,gene-driven,no,24960,0.2703926282051282,short
ENSG00000159596,0.0672,0.6198,0.0,0.0,0.1751,0.111801536245424,2.995765593201213,0.2939222205521876,False,False,0.0,0.0,0.0,0.0,0.0,0.0,0,0.0,0.0,0.0,no,TMEM69,neutral,no,13350,0.25250936329588014,short
ENSG00000159650,0.0242,0.5408,0.0,0.0,0.1425,0.291620337771098,1.078310710479855,0.5,False,False,0.0,0.0,0.0,0.0,0.0,0.0,0,0.0,0.0,0.0,no,UROC1,neutral,no,57610,0.37418850893942024,medium
ENSG00000159674,1.0,0.8257,0.15,0.0,0.6564,1.1798728660750159e-11,48.93976217103773,6.761160870803145e-11,True,False,0.0,0.0,0.0,0.0,0.0,0.0,0,0.0,0.0,0.0,no,SPON2,gene-driven,no,41750,0.2701317365269461,medium
ENSG00000159692,1.0,0.8997,0.15,0.0,0.6749,0.0,87.13567077542393,0.0,True,False,0.0,0.0,0.0,0.0,0.0,0.0,0,0.0,0.0,0.0,no,CTBP1,gene-driven,no,144750,0.21631778929188256,long
ENSG00000159884,0.0034,0.4445,0.0,0.0,0.1121,0.4648193148467796,0.1459186771317036,0.5,False,False,0.0,0.0,0.0,0.0,0.0,0.0,0,0.0,0.0,0.0,no,,neutral,no,43470,0.21499884978145847,medium
ENSG00000159921,0.0001,0.0947,0.0,0.0,0.0237,0.5,-0.0004067839763592,0.5,False,False,0.0,0.0,0.0,0.0,0.0,0.0,0,0.0,0.0,0.0,no,,neutral,no,222440,0.23243571300125876,long
ENSG00000160049,0.0001,0.2585,0.0,0.0,0.0647,0.5,0.0,0.5,False,False,0.0,0.0,0.0,0.0,0.0,0.0,0,0.0,0.0,0.0,no,,neutral,no,39480,0.22317629179331308,medium
ENSG00000160050,1.0,0.9469,0.15,0.0,0.6867,0.0,131.1151777255745,0.0,True,False,0.0,0.0,0.0,0.0,0.0,0.0,0,0.0,0.0,0.0,no,,gene-driven,no,28400,0.3038028169014084,short
ENSG00000160062,0.0242,0.5406,0.0,0.0,0.1424,0.2919791520037709,1.075851391826291,0.5,False,False,0.0,0.0,0.0,0.0,0.0,0.0,0,0.0,0.0,0.0,no,,neutral,no,48190,0.17970533305665076,medium
ENSG00000160097,1.0,0.9441,0.15,0.0,0.686,0.0,127.9400163988994,0.0,True,False,0.0,0.0,0.0,0.0,0.0,0.0,0,0.0,0.0,0.0,no,,gene-driven,no,27500,0.27545454545454545,short
ENSG00000160293,0.0001,0.2585,0.0,0.0,0.0647,0.5,0.0,0.5,False,False,0.0,0.0,0.0,0.0,0.0,0.0,0,0.0,0.0,0.0,no,,neutral,no,237040,0.22815980425244684,long
ENSG00000160323,1.0,0.854,0.15,0.0,0.6635,2.042810365310288e-14,61.65981240171823,1.3938187595409294e-13,True,False,0.0,0.0,0.0,0.0,0.0,0.0,0,0.0,0.0,0.0,no,,gene-driven,no,232250,0.2423982777179763,long
ENSG00000160349,0.8575,0.7897,0.15,0.0,0.6047,2.410499910787678e-09,38.3005689910633,1.1451601295375272e-08,True,False,0.0,0.0,0.0,0.0,0.0,0.0,0,0.0,0.0,0.0,no,,gene-driven,no,11270,0.31047027506654834,short
ENSG00000160360,0.0201,0.529,0.0,0.0,0.1383,0.3198418744350838,0.893562734236184,0.5,False,False,0.0,0.0,0.0,0.0,0.0,0.0,0,0.0,0.0,0.0,no,,neutral,no,118730,0.3062831634801651,long
ENSG00000160404,0.2456,0.6868,0.15,0.0,0.3954,0.0020791329840481,10.96531425250578,0.0066334877887461,True,False,0.0,0.0,0.0,0.0,0.0,0.0,0,0.0,0.0,0.0,no,,gene-driven,no,41290,0.3178735771373214,medium
ENSG00000160539,0.0001,0.2585,0.0,0.0,0.0647,0.5,0.0,0.5,False,False,0.0,0.0,0.0,0.0,0.0,0.0,0,0.0,0.0,0.0,no,,neutral,no,29850,0.32834170854271355,short
ENSG00000160563,1.0,0.9425,0.15,0.0,0.6856,0.0,125.4689052422691,0.0,True,False,0.0,0.8761,0.0,0.0,0.0,0.3066,2,0.0,0.0,0.0,no,,gene-driven (dual),no,73370,0.22049884148834673,medium
ENSG00000160606,1.0,0.9624,0.15,0.0,0.6906,0.0,159.1482240967325,0.0,True,False,0.0,0.0,0.0,0.0,0.0,0.0,0,0.0,0.0,0.0,no,,gene-driven,no,20916,0.2837540638745458,short
ENSG00000160654,0.0001,0.2585,0.0,0.0,0.0647,0.5,0.0,0.5,False,False,0.0,0.0,0.0,0.0,0.0,0.0,0,0.0,0.0,0.0,no,,neutral,no,17690,0.23024307518371961,short
ENSG00000160679,1.0,0.9817,0.15,0.0,0.6954,0.0,218.8754778090188,0.0,True,False,0.0,0.0,0.0,0.0,0.0,0.0,0,0.0,0.0,0.0,no,,gene-driven,no,48670,0.2879186357098829,medium
ENSG00000160683,0.0001,0.2585,0.0,0.0,0.0647,0.5,0.0,0.5,False,False,0.0,0.4076,0.0,0.0,0.0,0.1426,1,0.0,0.0,0.0,no,,neutral,no,32340,0.3115646258503401,short
ENSG00000160685,0.0001,0.0056,0.0,0.0,0.0014,0.5,-0.0090928274075849,0.5,False,False,0.0,0.0,0.0,0.0,0.0,0.0,0,0.0,0.0,0.0,no,,neutral,no,167760,0.13503814973772055,long
ENSG00000160688,0.0289,0.5551,0.0,0.0,0.1474,0.2628221195867794,1.286261292814743,0.5,False,False,0.0,0.0,0.0,0.0,0.0,0.0,0,0.0,0.0,0.0,no,,neutral,no,92840,0.17165015079707022,long
ENSG00000160714,0.0001,0.2585,0.0,0.0,0.0647,0.5,0.0,0.5,False,False,0.0,0.0,0.0,0.0,0.0,0.0,0,0.0,0.0,0.0,no,,neutral,no,52110,0.20047975436576473,medium
ENSG00000160716,0.9134,0.7977,0.15,0.0,0.6235,6.919972928010053e-10,40.79658371818368,3.418068057986297e-09,True,False,0.0,0.0,0.0,0.0,0.0,0.0,0,0.0,0.0,0.0,no,,gene-driven,no,49640,0.26643835616438355,medium
ENSG00000160741,0.0001,0.2585,0.0,0.0,0.0647,0.5,0.0,0.5,False,False,0.0,0.0,0.0,0.0,0.0,0.0,0,0.0,0.0,0.0,no,,neutral,no,107840,0.2583271513353116,long
ENSG00000160767,1.0,0.9099,0.15,0.0,0.6775,0.0,95.75698653022846,0.0,True,False,0.0,0.0,0.0,0.0,0.0,0.0,0,0.0,0.0,0.0,no,,gene-driven,no,95260,0.3535376863321436,long
ENSG00000160781,0.13,0.6524,0.075,0.0,0.2771,0.0274756605777637,5.802615111213527,0.0789964946322526,False,False,0.0,0.0,0.0,0.0,0.0,0.0,0,0.0,0.0,0.0,no,,neutral,no,149980,0.1452593679157221,long
ENSG00000160785,0.0001,0.07,0.0,0.0,0.0175,0.5,-0.001501653172454,0.5,False,False,0.0,0.0,0.0,0.0,0.0,0.0,0,0.0,0.0,0.0,no,,neutral,no,49490,0.17464134168518894,medium
ENSG00000160801,0.0003,0.4059,0.0,0.0,0.1016,0.4983935343218921,0.0064362078046542,0.5,False,False,0.0,0.0,0.0,0.0,0.0,0.0,0,0.0,0.0,0.0,no,,neutral,no,119560,0.16594178655068584,long
ENSG00000160808,1.0,0.842,0.15,0.0,0.6605,3.767541834065469e-13,55.82813186032581,2.381163034643157e-12,True,False,0.0,0.0,0.0,0.0,0.0,0.0,0,0.0,0.0,0.0,no,,gene-driven,no,43360,0.18387915129151292,medium
ENSG00000160813,0.0001,0.2585,0.0,0.0,0.0647,0.5,0.0,0.5,False,False,0.0,0.0,0.0,0.0,0.0,0.0,0,0.0,0.0,0.0,no,,neutral,no,15340,0.3686440677966102,short
ENSG00000160818,1.0,0.8434,0.15,0.0,0.6608,2.520761377411418e-13,56.63189763205446,1.6074701399031272e-12,True,False,0.0,0.0,0.0,0.0,0.0,0.0,0,0.0,0.0,0.0,no,,gene-driven,no,101200,0.13154150197628459,long
ENSG00000160838,0.0001,0.0275,0.0,0.0,0.0069,0.5,-0.0058251815280527,0.5,False,False,0.0,0.0,0.0,0.0,0.0,0.0,0,0.0,0.0,0.0,no,,neutral,no,77200,0.1923963730569948,medium
ENSG00000160867,0.1465,0.6588,0.075,0.0,0.2837,0.0190017061040793,6.54015865677502,0.0556622415557659,False,False,0.0,0.0,0.0,0.0,0.0,0.0,0,0.0,0.0,0.0,no,,neutral,no,179310,0.23818526574089566,long
ENSG00000160870,0.0001,0.2585,0.0,0.0,0.0647,0.5,0.0,0.5,False,False,0.0,0.0,0.0,0.0,0.0,0.0,0,0.0,0.0,0.0,no,,neutral,no,121330,0.15180911563504493,long
ENSG00000160886,0.1634,0.6653,0.15,0.0,0.3653,0.0130312535161469,7.294515019301798,0.0389060354077521,True,False,0.0,0.0,0.0,0.0,0.0,0.0,0,0.0,0.0,0.0,no,,gene-driven,no,17980,0.22152391546162403,short
ENSG00000160908,0.0001,0.2585,0.0,0.0,0.0647,0.5,0.0,0.5,False,False,0.0,0.0,0.0,0.0,0.0,0.0,0,0.0,0.0,0.0,no,,neutral,no,52790,0.2515627959840879,medium
ENSG00000160973,0.0001,0.0406,0.0,0.0,0.0102,0.5,-0.0042115245432796,0.5,False,False,0.0,0.8761,0.0,0.0,0.0,0.3066,2,0.0,0.0,0.0,no,,regulation-driven,no,25050,0.32706586826347306,short
ENSG00000160993,0.0001,0.1068,0.0,0.0,0.0267,0.5,-0.0001240520723513,0.5,False,False,0.0,0.0,0.0,0.0,0.0,0.0,0,0.0,0.0,0.0,no,,neutral,no,18270,0.3573617952928298,short
ENSG00000161010,0.2119,0.6775,0.15,0.0,0.383,0.0044088458290246,9.461990320087352,0.0136633016533138,True,False,0.0,0.0,0.0,0.0,0.0,0.0,0,0.0,0.0,0.0,no,,gene-driven,no,73020,0.24678170364283758,medium
ENSG00000161021,0.0001,0.2585,0.0,0.0,0.0647,0.5,0.0,0.5,False,False,0.0,0.0,0.0,0.0,0.0,0.0,0,0.0,0.0,0.0,no,,neutral,no,40550,0.4155856966707768,medium
ENSG00000161040,1.0,0.9867,0.15,0.0,0.6967,0.0,260.0663113940391,0.0,True,False,0.0,0.0,0.0,0.0,0.0,0.0,0,0.0,0.0,0.0,no,,gene-driven,no,146640,0.22141298417894162,long
ENSG00000161055,0.0001,0.2585,0.0,0.0,0.0647,0.5,0.0,0.5,False,False,0.0,0.0,0.0,0.0,0.0,0.0,0,0.0,0.0,0.0,no,,neutral,no,10420,0.26621880998080616,short
ENSG00000161202,0.3497,0.7093,0.15,0.0,0.4322,0.000203278984025,15.61556807273155,0.000698762727395,True,False,0.0,0.0,0.0,0.0,0.0,0.0,0,0.0,0.0,0.0,no,,gene-driven,no,55550,0.3923312331233123,medium
ENSG00000161203,0.0001,0.2585,0.0,0.0,0.0647,0.5,0.0,0.5,False,False,0.0,0.0,0.0,0.0,0.0,0.0,0,0.0,0.0,0.0,no,,neutral,no,161970,0.12598011977526702,long
ENSG00000161204,0.0001,0.2585,0.0,0.0,0.0647,0.5,0.0,0.5,False,False,0.0,0.0,0.0,0.0,0.0,0.0,0,0.0,0.0,0.0,no,,neutral,no,73840,0.24477248104008667,medium
ENSG00000161328,0.0001,0.2585,0.0,0.0,0.0647,0.5,0.0,0.5,False,False,0.0,0.4076,0.0,0.0,0.0,0.1426,1,0.0,0.0,0.0,no,,neutral,no,55390,0.24564000722152013,medium
ENSG00000161638,0.4199,0.7211,0.15,0.0,0.4563,4.236487069236849e-05,18.75208776007639,0.0001518176273946,True,False,0.0,0.0,0.0,0.0,0.0,0.0,0,0.0,0.0,0.0,no,,gene-driven,no,144120,0.2979669719678046,long
ENSG00000161850,1.0,0.8396,0.15,0.0,0.6599,7.489009412608993e-13,54.45400067891387,4.662119251353834e-12,True,False,0.0,0.0,0.0,0.0,0.0,0.0,0,0.0,0.0,0.0,no,,gene-driven,no,60250,0.1956182572614108,medium
ENSG00000161911,0.0001,0.2585,0.0,0.0,0.0647,0.5,0.0,0.5,False,False,0.0,0.0,0.0,0.0,0.0,0.0,0,0.0,0.0,0.0,no,,neutral,no,31610,0.3532742802910471,short
ENSG00000161980,0.0145,0.5018,0.0,0.0,0.1298,0.3625748062155878,0.642754566846861,0.5,False,False,0.0,0.0,0.0,0.0,0.0,0.0,0,0.0,0.0,0.0,no,,neutral,no,5040,0.3255952380952381,short
ENSG00000162065,1.0,0.9899,0.15,0.0,0.6975,0.0,291.795562205567,0.0,True,False,0.0,0.0,0.0,0.0,0.0,0.0,0,0.0,0.0,0.0,no,,gene-driven,no,94656,0.22181372549019607,long
ENSG00000162068,0.0527,0.6035,0.0,0.0,0.1667,0.1545633048204733,2.348008691900759,0.3896593401809601,False,False,0.0,0.0,0.0,0.0,0.0,0.0,0,0.0,0.0,0.0,no,,neutral,no,23004,0.4503129890453834,short
ENSG00000162069,0.2054,0.6761,0.15,0.0,0.3806,0.0051035637737839,9.16933804720611,0.0157475969049636,True,False,0.0,0.0,0.0,0.0,0.0,0.0,0,0.0,0.0,0.0,no,,gene-driven,no,55224,0.2287411270462118,medium
ENSG00000162073,0.0001,0.2585,0.0,0.0,0.0647,0.5,0.0,0.5,False,False,0.0,0.0,0.0,0.0,0.0,0.0,0,0.0,0.0,0.0,no,,neutral,no,31959,0.2758534372164336,short
ENSG00000162086,0.0001,0.2585,0.0,0.0,0.0647,0.5,0.0,0.5,False,False,0.0,0.0,0.0,0.0,0.0,0.0,0,0.0,0.0,0.0,no,,neutral,no,45783,0.2046174344188891,medium
ENSG00000162139,0.0389,0.583,0.0,0.0,0.1574,0.2102240083181278,1.732868859766313,0.5,False,False,0.0,0.0,0.0,0.0,0.0,0.0,0,0.0,0.0,0.0,no,,neutral,no,75780,0.20591185009237264,medium
ENSG00000162148,0.8407,0.7873,0.15,0.0,0.599,3.510817303542524e-09,37.54853958840249,1.6489901102757804e-08,True,False,0.0,0.0,0.0,0.0,0.0,0.0,0,0.0,0.0,0.0,no,,gene-driven,no,52220,0.2928379931060896,medium
ENSG00000162188,0.0001,0.1005,0.0,0.0,0.0252,0.5,-0.0002852710304068,0.5,False,False,0.0,0.0,0.0,0.0,0.0,0.0,0,0.0,0.0,0.0,no,,neutral,no,9090,0.17546754675467546,short
ENSG00000162231,0.1336,0.6536,0.075,0.0,0.2785,0.025348674669331,5.963763302184816,0.0731347493069909,False,False,0.0,0.0,0.0,0.0,0.0,0.0,0,0.0,0.0,0.0,no,,neutral,no,93550,0.1839657936932122,long
ENSG00000162236,1.0,0.9614,0.15,0.0,0.6903,0.0,156.027220551081,0.0,True,False,0.0,0.0,0.0,0.0,0.0,0.0,0,0.0,0.0,0.0,no,,gene-driven,no,59950,0.23074228523769807,medium
ENSG00000162241,1.0,0.9359,0.15,0.0,0.684,0.0,119.5819643544055,0.0,True,False,0.0,0.0,0.0,0.0,0.0,0.0,0,0.0,0.0,0.0,no,,gene-driven,no,59960,0.27741827885256837,medium
ENSG00000162267,0.0346,0.5754,0.0,0.0,0.1542,0.2313066219529453,1.541727800504304,0.5,False,False,0.0,0.0,0.0,0.0,0.0,0.0,0,0.0,0.0,0.0,no,,neutral,no,113690,0.29775705866830854,long
ENSG00000162341,0.0912,0.6367,0.0,0.0,0.1865,0.0654172507050094,4.067644205089891,0.1799698036541577,False,False,0.0,0.0,0.0,0.0,0.0,0.0,0,0.0,0.0,0.0,no,,neutral,no,134940,0.3496961612568549,long
ENSG00000162344,0.0143,0.4994,0.0,0.0,0.1291,0.3639425603500368,0.6352240889082168,0.5,False,False,0.0,0.0,0.0,0.0,0.0,0.0,0,0.0,0.0,0.0,no,,neutral,no,9840,0.4216463414634146,short
ENSG00000162365,1.0,0.8162,0.15,0.0,0.6541,5.866623853378883e-11,45.73201894338126,3.1891351963613726e-10,True,False,0.0,0.0,0.0,0.0,0.0,0.0,0,0.0,0.0,0.0,no,,gene-driven,no,64370,0.2584433742426596,medium
ENSG00000162368,0.0335,0.5722,0.0,0.0,0.1531,0.2371681036711026,1.49167782094446,0.5,False,False,0.0,0.0,0.0,0.0,0.0,0.0,0,0.0,0.0,0.0,no,,neutral,no,42010,0.179266841228279,medium
ENSG00000162377,0.0001,0.2585,0.0,0.0,0.0647,0.5,0.0,0.5,False,False,0.0,0.0,0.0,0.0,0.0,0.0,0,0.0,0.0,0.0,no,,neutral,no,10870,0.3355105795768169,short
ENSG00000162383,0.0001,0.2585,0.0,0.0,0.0647,0.5,0.0,0.5,False,False,0.0,0.0,0.0,0.0,0.0,0.0,0,0.0,0.0,0.0,no,,neutral,no,93940,0.26869278262720886,long
ENSG00000162384,0.0154,0.5078,0.0,0.0,0.1316,0.355280593705449,0.6834004326537979,0.5,False,False,0.0,0.0,0.0,0.0,0.0,0.0,0,0.0,0.0,0.0,no,,neutral,no,19410,0.2044822256568779,short
ENSG00000162391,0.0892,0.6357,0.0,0.0,0.1857,0.0683734074983263,3.979248256648134,0.1875837445651821,False,False,0.0,0.0,0.0,0.0,0.0,0.0,0,0.0,0.0,0.0,no,,neutral,no,72000,0.2149861111111111,medium
ENSG00000162398,0.0001,0.2585,0.0,0.0,0.0647,0.5,0.0,0.5,False,False,0.0,0.0,0.0,0.0,0.0,0.0,0,0.0,0.0,0.0,no,,neutral,no,32530,0.33722717491546267,short
ENSG00000162399,0.0001,0.2585,0.0,0.0,0.0647,0.5,0.0,0.5,False,False,0.0,0.0,0.0,0.0,0.0,0.0,0,0.0,0.0,0.0,no,,neutral,no,15080,0.3746684350132626,short
ENSG00000162407,0.0001,0.2585,0.0,0.0,0.0647,0.5,0.0,0.5,False,False,0.0,0.0,0.0,0.0,0.0,0.0,0,0.0,0.0,0.0,no,,neutral,no,50000,0.1909,medium
ENSG00000162409,0.0001,0.2585,0.0,0.0,0.0647,0.5,0.0,0.5,False,False,0.0,0.4076,0.0,0.0,0.0,0.1426,1,0.0,0.0,0.0,no,,neutral,no,66540,0.15309588217613465,medium
ENSG00000162415,0.0001,0.2585,0.0,0.0,0.0647,0.5,0.0,0.5,False,False,0.0,0.0,0.0,0.0,0.0,0.0,0,0.0,0.0,0.0,no,,neutral,no,88910,0.20690585985828366,long
ENSG00000162419,0.0001,0.0088,0.0,0.0,0.0022,0.5,-0.0085882659732305,0.5,False,False,0.0,0.0,0.0,0.0,0.0,0.0,0,0.0,0.0,0.0,no,,neutral,no,62880,0.1745388040712468,medium
ENSG00000162426,0.3915,0.7163,0.15,0.0,0.4465,7.990601061941272e-05,17.48302460147534,0.0002814819382584,True,False,0.0,0.0,0.0,0.0,0.0,0.0,0,0.0,0.0,0.0,no,,gene-driven,no,64150,0.2854715510522214,medium
ENSG00000162437,0.0001,0.2585,0.0,0.0,0.0647,0.5,0.0,0.5,False,False,0.0,0.0,0.0,0.0,0.0,0.0,0,0.0,0.0,0.0,no,,neutral,no,67150,0.20646314221891288,medium
ENSG00000162441,0.1589,0.6634,0.15,0.0,0.3635,0.0144177922606238,7.092290161861456,0.0428143872861749,True,False,0.0,0.0,0.0,0.0,0.0,0.0,0,0.0,0.0,0.0,no,,gene-driven,no,28960,0.13473756906077347,short
ENSG00000162456,0.0071,0.466,0.0,0.0,0.1186,0.4275939982207572,0.3128679106548589,0.5,False,False,0.0,0.4076,0.0,0.0,0.0,0.1426,1,0.0,0.0,0.0,no,,neutral,no,11720,0.31646757679180887,short
ENSG00000162460,0.0004,0.4117,0.0,0.0,0.1031,0.4965928247232949,0.0136753485148801,0.5,False,False,0.0,0.0,0.0,0.0,0.0,0.0,0,0.0,0.0,0.0,no,,neutral,no,35830,0.2591403851521072,medium
ENSG00000162461,0.0001,0.2585,0.0,0.0,0.0647,0.5,0.0,0.5,False,False,0.0,0.0,0.0,0.0,0.0,0.0,0,0.0,0.0,0.0,no,,neutral,no,14880,0.4068548387096774,short
ENSG00000162490,0.0514,0.6021,0.0,0.0,0.166,0.1589714354732712,2.291767126682316,0.3993555151737631,False,False,0.0,0.0,0.0,0.0,0.0,0.0,0,0.0,0.0,0.0,no,,neutral,no,16430,0.394826536822885,short
ENSG00000162494,0.0001,0.2585,0.0,0.0,0.0647,0.5,0.0,0.5,False,False,0.0,0.0,0.0,0.0,0.0,0.0,0,0.0,0.0,0.0,no,,neutral,no,11450,0.4910043668122271,short
ENSG00000162510,0.0001,0.2585,0.0,0.0,0.0647,0.5,0.0,0.5,False,False,0.0,0.0,0.0,0.0,0.0,0.0,0,0.0,0.0,0.0,no,,neutral,no,20100,0.44407960199004975,short
ENSG00000162511,0.0001,0.2585,0.0,0.0,0.0647,0.5,0.0,0.5,False,False,0.0,0.0,0.0,0.0,0.0,0.0,0,0.0,0.0,0.0,no,,neutral,no,46230,0.17220419640925805,medium
ENSG00000162512,0.0001,0.2585,0.0,0.0,0.0647,0.5,0.0,0.5,False,False,0.0,0.0,0.0,0.0,0.0,0.0,0,0.0,0.0,0.0,no,,neutral,no,73490,0.20160566063409988,medium
ENSG00000162517,0.0138,0.4944,0.0,0.0,0.1277,0.3684435162641395,0.610641357348868,0.5,False,False,0.0,0.0,0.0,0.0,0.0,0.0,0,0.0,0.0,0.0,no,,neutral,no,30070,0.2217159960093116,short
ENSG00000162520,1.0,0.887,0.15,0.0,0.6718,0.0,78.77263861631218,0.0,True,False,0.0,0.0,0.0,0.0,0.0,0.0,0,0.0,0.0,0.0,no,,gene-driven,no,73540,0.2516861571933642,medium
ENSG00000162522,0.0001,0.2585,0.0,0.0,0.0647,0.5,0.0,0.5,False,False,0.0,0.0,0.0,0.0,0.0,0.0,0,0.0,0.0,0.0,no,,neutral,no,209030,0.30071760034444817,long
ENSG00000162526,1.0,0.886,0.15,0.0,0.6715,0.0,78.25407233236774,0.0,True,False,0.0,0.0,0.0,0.0,0.0,0.0,0,0.0,0.0,0.0,no,,gene-driven,no,9590,0.4641293013555787,short
ENSG00000162542,0.0001,0.2585,0.0,0.0,0.0647,0.5,0.0,0.5,False,False,0.0,0.0,0.0,0.0,0.0,0.0,0,0.0,0.0,0.0,no,,neutral,no,44100,0.37621315192743765,medium
ENSG00000162545,0.0001,0.0931,0.0,0.0,0.0233,0.5,-0.0004457165435951,0.5,False,False,0.0,0.0,0.0,0.0,0.0,0.0,0,0.0,0.0,0.0,no,,neutral,no,3020,0.4506622516556291,short
ENSG00000162592,0.0001,0.2585,0.0,0.0,0.0647,0.5,0.0,0.5,False,False,0.0,0.0,0.0,0.0,0.0,0.0,0,0.0,0.0,0.0,no,,neutral,no,69110,0.2613948777311532,medium
ENSG00000162594,0.0001,0.0611,0.0,0.0,0.0153,0.5,-0.0022150383592816,0.5,False,False,0.0,0.0,0.0,0.0,0.0,0.0,0,0.0,0.0,0.0,no,,neutral,no,275400,0.06990196078431372,long
ENSG00000162598,0.0573,0.6112,0.0,0.0,0.17,0.139265700269235,2.55644895408841,0.3579884202269637,False,False,0.0,0.0,0.0,0.0,0.0,0.0,0,0.0,0.0,0.0,no,,neutral,no,46750,0.25031016042780746,medium
ENSG00000162599,1.0,0.9861,0.15,0.0,0.6965,0.0,247.3867326755571,0.0,True,False,0.0,0.9769,0.0,0.0,0.0,0.3419,4,0.0,0.0,0.0,no,,gene-driven (dual),no,332270,0.17635657748216813,long
ENSG00000162601,1.0,0.8341,0.15,0.0,0.6585,2.268074617006732e-12,52.23790327750612,1.3657873056890416e-11,True,False,0.0,0.0,0.0,0.0,0.0,0.0,0,0.0,0.0,0.0,no,,gene-driven,no,212320,0.1427750565184627,long
ENSG00000162616,0.0001,0.2585,0.0,0.0,0.0647,0.5,0.0,0.5,False,False,0.0,0.0,0.0,0.0,0.0,0.0,0,0.0,0.0,0.0,no,,neutral,no,45700,0.1260831509846827,medium
ENSG00000162621,0.1075,0.6435,0.075,0.0,0.2681,0.0454685064484641,4.795176356285083,0.1274861054535854,False,False,0.0,0.0,0.0,0.0,0.0,0.0,0,0.0,0.0,0.0,no,,neutral,no,66850,0.25413612565445026,medium
ENSG00000162624,0.0038,0.4473,0.0,0.0,0.113,0.4602723183875766,0.1655795752012637,0.5,False,False,0.0,0.0,0.0,0.0,0.0,0.0,0,0.0,0.0,0.0,no,,neutral,no,61450,0.26302685109845403,medium
ENSG00000162630,0.0001,0.1017,0.0,0.0,0.0255,0.5,-0.0002538914495744,0.5,False,False,0.0,0.0,0.0,0.0,0.0,0.0,0,0.0,0.0,0.0,no,,neutral,no,13250,0.3891320754716981,short
ENSG00000162631,1.0,0.9345,0.15,0.0,0.6836,0.0,117.0114226828446,0.0,True,False,0.0,0.0,0.0,0.0,0.0,0.0,0,0.0,0.0,0.0,no,,gene-driven,no,193200,0.2412111801242236,long
ENSG00000162636,0.0309,0.5637,0.0,0.0,0.1502,0.2511313615497279,1.377263886704895,0.5,False,False,0.0,0.0,0.0,0.0,0.0,0.0,0,0.0,0.0,0.0,no,,neutral,no,47970,0.1898686679174484,medium
ENSG00000162639,0.0001,0.2585,0.0,0.0,0.0647,0.5,0.0,0.5,False,False,0.0,0.0,0.0,0.0,0.0,0.0,0,0.0,0.0,0.0,no,,neutral,no,94440,0.14579627276577722,long
ENSG00000162642,0.0001,0.2585,0.0,0.0,0.0647,0.5,0.0,0.5,False,False,0.0,0.0,0.0,0.0,0.0,0.0,0,0.0,0.0,0.0,no,,neutral,no,18140,0.2636163175303197,short
ENSG00000162650,0.2433,0.6858,0.15,0.0,0.3944,0.002188704261133,10.86259678265924,0.006960751275496,True,False,0.0,0.0,0.0,0.0,0.0,0.0,0,0.0,0.0,0.0,no,,gene-driven,no,147290,0.19098377350804535,long
ENSG00000162664,1.0,0.9302,0.15,0.0,0.6826,0.0,113.7688775009301,0.0,True,False,0.0,0.0,0.0,0.0,0.0,0.0,0,0.0,0.0,0.0,no,,gene-driven,no,68880,0.18866144018583042,medium
ENSG00000162670,0.0053,0.4574,0.0,0.0,0.1159,0.4456388571735729,0.2301984233781695,0.5,False,False,0.0,0.0,0.0,0.0,0.0,0.0,0,0.0,0.0,0.0,no,,neutral,no,117450,0.16286079182630908,long
ENSG00000162676,0.0009,0.4224,0.0,0.0,0.1059,0.4911357704032961,0.0357749814356793,0.5,False,False,0.0,0.0,0.0,0.0,0.0,0.0,0,0.0,0.0,0.0,no,,neutral,no,58890,0.18327390049244355,medium
ENSG00000162692,0.0849,0.6315,0.0,0.0,0.1833,0.0753150653425919,3.785855824768078,0.2042623418833436,False,False,0.0,0.0,0.0,0.0,0.0,0.0,0,0.0,0.0,0.0,no,,neutral,no,158410,0.16396692128022222,long
ENSG00000162704,0.3068,0.7016,0.15,0.0,0.4175,0.0005292522713644,13.70179635156819,0.0017722363170665,True,False,0.0,0.0,0.0,0.0,0.0,0.0,0,0.0,0.0,0.0,no,,gene-driven,no,17570,0.2674445076835515,short
ENSG00000162711,0.4763,0.7312,0.15,0.0,0.4757,1.201319211185936e-05,21.27271597769868,4.465890699879556e-05,True,False,0.0,0.0,0.0,0.0,0.0,0.0,0,0.0,0.0,0.0,no,,gene-driven,no,285300,0.17983175604626708,long
ENSG00000162714,1.0,0.8321,0.15,0.0,0.658,4.104216966283047e-12,51.05172140328796,2.4419109079296497e-11,True,False,0.0,0.0,0.0,0.0,0.0,0.0,0,0.0,0.0,0.0,no,,gene-driven,no,67630,0.20697915126423186,medium
ENSG00000162722,0.0475,0.5965,0.0,0.0,0.1634,0.1734153385517707,2.117837160534691,0.4295656842412885,False,False,0.0,0.0,0.0,0.0,0.0,0.0,0,0.0,0.0,0.0,no,,neutral,no,26570,0.3250658637561159,short
ENSG00000162723,0.0001,0.0509,0.0,0.0,0.0127,0.5,-0.0032008880534704,0.5,False,False,0.0,0.0,0.0,0.0,0.0,0.0,0,0.0,0.0,0.0,no,,neutral,no,19590,0.30908626850433896,short
ENSG00000162728,0.0001,0.0649,0.0,0.0,0.0163,0.5,-0.001873249617347,0.5,False,False,0.0,0.0,0.0,0.0,0.0,0.0,0,0.0,0.0,0.0,no,,neutral,no,85070,0.16968378982014812,long
ENSG00000162734,0.0001,0.0464,0.0,0.0,0.0116,0.5,-0.0037015325870015,0.5,False,False,0.0,0.0,0.0,0.0,0.0,0.0,0,0.0,0.0,0.0,no,,neutral,no,24000,0.22675,short
ENSG00000162738,0.0001,0.2585,0.0,0.0,0.0647,0.5,0.0,0.5,False,False,0.0,0.0,0.0,0.0,0.0,0.0,0,0.0,0.0,0.0,no,,neutral,no,43460,0.3043258168430741,medium
ENSG00000162739,0.0015,0.4314,0.0,0.0,0.1083,0.4847787166649142,0.0618311317957704,0.5,False,False,0.0,0.0,0.0,0.0,0.0,0.0,0,0.0,0.0,0.0,no,,neutral,no,37880,0.2059662090813094,medium
ENSG00000162745,0.0061,0.4614,0.0,0.0,0.1172,0.4375569192694203,0.2668025997845689,0.5,False,False,0.0,0.0,0.0,0.0,0.0,0.0,0,0.0,0.0,0.0,no,,neutral,no,72140,0.22992791793734405,medium
ENSG00000162746,0.4511,0.7274,0.15,0.0,0.4672,2.111600837784167e-05,20.14466386748609,7.739942938200771e-05,True,False,0.0,0.0,0.0,0.0,0.0,0.0,0,0.0,0.0,0.0,no,,gene-driven,no,58680,0.23403203817314247,medium
ENSG00000162755,0.0001,0.2585,0.0,0.0,0.0647,0.5,0.0,0.5,False,False,0.0,0.0,0.0,0.0,0.0,0.0,0,0.0,0.0,0.0,no,,neutral,no,25670,0.30712894429294896,short
ENSG00000162761,0.0001,0.2585,0.0,0.0,0.0647,0.5,0.0,0.5,False,False,0.0,0.0,0.0,0.0,0.0,0.0,0,0.0,0.0,0.0,no,,neutral,no,35230,0.21166619358501276,medium
ENSG00000162763,0.0001,0.0551,0.0,0.0,0.0138,0.5,-0.0028338201072983,0.5,False,False,0.0,0.0,0.0,0.0,0.0,0.0,0,0.0,0.0,0.0,no,,neutral,no,14060,0.3561877667140825,short
ENSG00000162775,0.7433,0.7742,0.15,0.0,0.5665,3.0904385717178684e-08,33.19844110142731,1.367601553000416e-07,True,False,0.0,0.0,0.0,0.0,0.0,0.0,0,0.0,0.0,0.0,no,,gene-driven,no,256660,0.13280604691030937,long
ENSG00000162777,0.0001,0.044,0.0,0.0,0.011,0.5,-0.0038679551071254,0.5,False,False,0.0,0.0,0.0,0.0,0.0,0.0,0,0.0,0.0,0.0,no,,neutral,no,30890,0.4401748138556167,short
ENSG00000162813,1.0,0.925,0.15,0.0,0.6813,0.0,109.828590326586,0.0,True,False,0.0,0.0,0.0,0.0,0.0,0.0,0,0.0,0.0,0.0,no,,gene-driven,no,82280,0.17207097715119105,long
ENSG00000162814,0.0431,0.5907,0.0,0.0,0.1606,0.1914529180974136,1.919932356890058,0.4674947543527419,False,False,0.0,0.9527,0.0,0.0,0.0,0.3335,3,0.0,0.0,0.0,no,,regulation-driven,no,43840,0.1969890510948905,medium
ENSG00000162819,0.7219,0.771,0.15,0.0,0.5593,4.9859458228773696e-08,32.24182088849921,2.1754468879817573e-07,True,False,0.0,0.0,0.0,0.0,0.0,0.0,0,0.0,0.0,0.0,no,,gene-driven,no,64540,0.19149364735048033,medium
ENSG00000162836,1.0,0.8995,0.15,0.0,0.6749,0.0,87.05042255771696,0.0,True,False,0.0,0.0,0.0,0.0,0.0,0.0,0,0.0,0.0,0.0,no,,gene-driven,no,65400,0.24700305810397555,medium
ENSG00000162843,0.0001,0.2585,0.0,0.0,0.0647,0.5,0.0,0.5,False,False,0.0,0.0,0.0,0.0,0.0,0.0,0,0.0,0.0,0.0,no,,neutral,no,132930,0.1735198976905138,long
ENSG00000162851,0.0001,0.0943,0.0,0.0,0.0236,0.5,-0.000412076138673,0.5,False,False,0.0,0.0,0.0,0.0,0.0,0.0,0,0.0,0.0,0.0,no,,neutral,no,28790,0.19652657172629384,short
ENSG00000162873,1.0,0.956,0.15,0.0,0.689,0.0,146.4181118411288,0.0,True,False,0.0,0.0,0.0,0.0,0.0,0.0,0,0.0,0.0,0.0,no,,gene-driven,no,57940,0.21910597169485674,medium
ENSG00000162878,0.0339,0.574,0.0,0.0,0.1537,0.2349157771040413,1.510762087520561,0.5,False,False,0.0,0.0,0.0,0.0,0.0,0.0,0,0.0,0.0,0.0,no,,neutral,no,45840,0.3054319371727749,medium
ENSG00000162885,0.0102,0.4775,0.0,0.0,0.1224,0.3988977625595072,0.4518058970788843,0.5,False,False,0.0,0.0,0.0,0.0,0.0,0.0,0,0.0,0.0,0.0,no,,neutral,no,78970,0.1739394706850703,long
ENSG00000162889,0.0001,0.2585,0.0,0.0,0.0647,0.5,0.0,0.5,False,False,0.0,0.0,0.0,0.0,0.0,0.0,0,0.0,0.0,0.0,no,,neutral,no,60680,0.2647165458141068,medium
ENSG00000162891,0.0264,0.5462,0.0,0.0,0.1445,0.2778087168653223,1.175350580695522,0.5,False,False,0.0,0.0,0.0,0.0,0.0,0.0,0,0.0,0.0,0.0,no,,neutral,no,16880,0.2832345971563981,short
ENSG00000162894,0.1452,0.658,0.075,0.0,0.2831,0.0195618715276169,6.482051514147315,0.0571684776606148,False,False,0.0,0.0,0.0,0.0,0.0,0.0,0,0.0,0.0,0.0,no,,neutral,no,74060,0.24778557926005942,medium
ENSG00000162896,0.0001,0.2585,0.0,0.0,0.0647,0.5,0.0,0.5,False,False,0.0,0.0,0.0,0.0,0.0,0.0,0,0.0,0.0,0.0,no,,neutral,no,51590,0.30684241132002327,medium
ENSG00000162897,0.0214,0.5326,0.0,0.0,0.1396,0.3108609832568595,0.9505245706386632,0.5,False,False,0.0,0.0,0.0,0.0,0.0,0.0,0,0.0,0.0,0.0,no,,neutral,no,69650,0.22904522613065326,medium
ENSG00000162909,0.0001,0.2585,0.0,0.0,0.0647,0.5,0.0,0.5,False,False,0.0,0.0,0.0,0.0,0.0,0.0,0,0.0,0.0,0.0,no,,neutral,no,151300,0.20961665565102444,long
ENSG00000162924,1.0,0.9568,0.15,0.0,0.6892,0.0,147.5495379990971,0.0,True,False,0.0,0.0,0.0,0.0,0.0,0.0,0,0.0,0.0,0.0,no,,gene-driven,no,120980,0.15962969085799306,long
ENSG00000162928,0.0001,0.2585,0.0,0.0,0.0647,0.5,0.0,0.5,False,False,0.0,0.0,0.0,0.0,0.0,0.0,0,0.0,0.0,0.0,no,,neutral,no,40570,0.22203598718264728,medium
ENSG00000162929,0.0932,0.6385,0.0,0.0,0.1876,0.0624690943610358,4.159872308511694,0.1727188856874888,False,False,0.0,0.0,0.0,0.0,0.0,0.0,0,0.0,0.0,0.0,no,,neutral,no,149550,0.14353059177532598,long
ENSG00000162931,1.0,0.8878,0.15,0.0,0.672,0.0,79.23092953995001,0.0,True,False,0.0,0.4076,0.0,0.0,0.0,0.1426,1,0.0,0.0,0.0,no,,gene-driven,no,83150,0.19161755862898378,long
ENSG00000162961,0.0001,0.0838,0.0,0.0,0.021,0.5,-0.0008228028541452,0.5,False,False,0.0,0.0,0.0,0.0,0.0,0.0,0,0.0,0.0,0.0,no,,neutral,no,8420,0.19073634204275536,short
ENSG00000162971,0.9052,0.7959,0.15,0.0,0.6205,8.306355603338034e-10,40.43136560933635,4.066517005020018e-09,True,False,0.0,0.0,0.0,0.0,0.0,0.0,0,0.0,0.0,0.0,no,,gene-driven,no,35880,0.1680880713489409,medium
ENSG00000162976,0.1802,0.6699,0.15,0.0,0.3715,0.0089639188130336,8.042801199157111,0.0271372685185813,True,False,0.0,0.0,0.0,0.0,0.0,0.0,0,0.0,0.0,0.0,no,,gene-driven,no,42220,0.23664140217906204,medium
ENSG00000162981,0.0001,0.2585,0.0,0.0,0.0647,0.5,0.0,0.5,False,False,0.0,0.4076,0.0,0.0,0.0,0.1426,1,0.0,0.0,0.0,no,,neutral,no,17950,0.38707520891364905,short
ENSG00000162989,0.0001,0.2585,0.0,0.0,0.0647,0.5,0.0,0.5,False,False,0.0,0.0,0.0,0.0,0.0,0.0,0,0.0,0.0,0.0,no,,neutral,no,55530,0.18582748064109492,medium
ENSG00000162998,0.0001,0.0255,0.0,0.0,0.0064,0.5,-0.0060158636679261,0.5,False,False,0.0,0.0,0.0,0.0,0.0,0.0,0,0.0,0.0,0.0,no,,neutral,no,40370,0.1826356205102799,medium
ENSG00000162999,0.0001,0.0772,0.0,0.0,0.0193,0.5,-0.0010971721812893,0.5,False,False,0.0,0.4076,0.0,0.0,0.0,0.1426,1,0.0,0.0,0.0,no,,neutral,no,20020,0.22262737262737262,short
ENSG00000163013,1.0,0.8164,0.15,0.0,0.6541,5.777084366442864e-11,45.76277908164047,3.143896897011685e-10,True,False,0.0,0.0,0.0,0.0,0.0,0.0,0,0.0,0.0,0.0,no,,gene-driven,no,100860,0.3160023795359905,long
ENSG00000163026,1.0,0.9485,0.15,0.0,0.6871,0.0,132.8899394662221,0.0,True,False,0.0,0.0,0.0,0.0,0.0,0.0,0,0.0,0.0,0.0,no,,gene-driven,no,58120,0.25440467997247074,medium
ENSG00000163050,0.0006,0.418,0.0,0.0,0.1047,0.4943604459193982,0.0226863993739243,0.5,False,False,0.0,0.0,0.0,0.0,0.0,0.0,0,0.0,0.0,0.0,no,,neutral,no,138760,0.17236955895070624,long
ENSG00000163053,0.0015,0.4312,0.0,0.0,0.1083,0.4848456875755195,0.061554856114526,0.5,False,False,0.0,0.0,0.0,0.0,0.0,0.0,0,0.0,0.0,0.0,no,,neutral,no,57580,0.17657172629385204,medium
ENSG00000163071,1.0,0.845,0.15,0.0,0.6612,1.9340085088970232e-13,57.16188329148281,1.2460826843592996e-12,True,False,0.0,0.0,0.0,0.0,0.0,0.0,0,0.0,0.0,0.0,no,,gene-driven,no,73510,0.2563868861379404,medium
ENSG00000163082,0.0001,0.2585,0.0,0.0,0.0647,0.5,0.0,0.5,False,False,0.0,0.0,0.0,0.0,0.0,0.0,0,0.0,0.0,0.0,no,,neutral,no,26640,0.27207207207207207,short
ENSG00000163104,0.0001,0.2585,0.0,0.0,0.0647,0.5,0.0,0.5,False,False,0.0,0.0,0.0,0.0,0.0,0.0,0,0.0,0.0,0.0,no,,neutral,no,204100,0.14031847133757963,long
ENSG00000163106,0.0001,0.0478,0.0,0.0,0.012,0.5,-0.0035264225125501,0.5,False,False,0.0,0.0,0.0,0.0,0.0,0.0,0,0.0,0.0,0.0,no,,neutral,no,20670,0.14794388001935171,short
ENSG00000163121,0.2343,0.6848,0.15,0.0,0.3915,0.0026751735240254,10.46118770287103,0.0084807604260692,True,False,0.0,0.0,0.0,0.0,0.0,0.0,0,0.0,0.0,0.0,no,,gene-driven,no,30110,0.296844902025905,short
ENSG00000163125,0.0001,0.2585,0.0,0.0,0.0647,0.5,0.0,0.5,False,False,0.0,0.0,0.0,0.0,0.0,0.0,0,0.0,0.0,0.0,no,,neutral,no,172960,0.2310418593894542,long
ENSG00000163126,0.0207,0.5308,0.0,0.0,0.1389,0.3158143087475622,0.9189073761463078,0.5,False,False,0.0,0.0,0.0,0.0,0.0,0.0,0,0.0,0.0,0.0,no,,neutral,no,38680,0.28198035160289553,medium
ENSG00000163131,0.6083,0.7557,0.15,0.0,0.5214,6.296635083891111e-07,27.16986618682859,2.57561372592717e-06,True,False,0.0,0.0,0.0,0.0,0.0,0.0,0,0.0,0.0,0.0,no,,gene-driven,no,134170,0.09783856301706789,long
ENSG00000163132,0.0001,0.1136,0.0,0.0,0.0284,0.5,-1.373590930597857e-05,0.5,False,False,0.0,0.0,0.0,0.0,0.0,0.0,0,0.0,0.0,0.0,no,,neutral,no,13780,0.4445573294629898,short
ENSG00000163155,0.0139,0.4952,0.0,0.0,0.1279,0.3678103848955629,0.614081102923592,0.5,False,False,0.0,0.0,0.0,0.0,0.0,0.0,0,0.0,0.0,0.0,no,,neutral,no,18050,0.2802770083102493,short
ENSG00000163162,0.0493,0.5985,0.0,0.0,0.1644,0.1667379584032987,2.196369259207131,0.4150923949439478,False,False,0.0,0.0,0.0,0.0,0.0,0.0,0,0.0,0.0,0.0,no,,neutral,no,60440,0.17698544010589015,medium
ENSG00000163170,0.0001,0.0205,0.0,0.0,0.0052,0.5,-0.006845453643109,0.5,False,False,0.0,0.0,0.0,0.0,0.0,0.0,0,0.0,0.0,0.0,no,,neutral,no,8880,0.3113738738738739,short
ENSG00000163217,0.0001,0.2585,0.0,0.0,0.0647,0.5,0.0,0.5,False,False,0.0,0.0,0.0,0.0,0.0,0.0,0,0.0,0.0,0.0,no,,neutral,no,16060,0.38536737235367374,short
ENSG00000163218,0.015,0.5056,0.0,0.0,0.1309,0.3581696949027642,0.6672024323979713,0.5,False,False,0.0,0.0,0.0,0.0,0.0,0.0,0,0.0,0.0,0.0,no,,neutral,no,26900,0.2729739776951673,short
ENSG00000163220,0.0001,0.2585,0.0,0.0,0.0647,0.5,0.0,0.5,False,False,0.0,0.0,0.0,0.0,0.0,0.0,0,0.0,0.0,0.0,no,,neutral,no,5370,0.3366852886405959,short
ENSG00000163221,0.0001,0.2585,0.0,0.0,0.0647,0.5,0.0,0.5,False,False,0.0,0.0,0.0,0.0,0.0,0.0,0,0.0,0.0,0.0,no,,neutral,no,4620,0.2670995670995671,short
ENSG00000163239,0.001,0.4234,0.0,0.0,0.1061,0.4905442809122909,0.0381850928024505,0.5,False,False,0.0,0.0,0.0,0.0,0.0,0.0,0,0.0,0.0,0.0,no,,neutral,no,36620,0.3398416166029492,medium
ENSG00000163273,0.0096,0.4757,0.0,0.0,0.1218,0.4044275095888016,0.4242711757756297,0.5,False,False,0.0,0.0,0.0,0.0,0.0,0.0,0,0.0,0.0,0.0,no,,neutral,no,8000,0.393375,short
ENSG00000163291,0.2168,0.6795,0.15,0.0,0.3849,0.0039549292395639,9.679290777603455,0.0123334282367341,True,False,0.0,0.0,0.0,0.0,0.0,0.0,0,0.0,0.0,0.0,no,,gene-driven,no,47460,0.17998314369995785,medium
ENSG00000163293,0.6904,0.766,0.15,0.0,0.5486,1.00650132284219e-07,30.83693638038858,4.297285476237814e-07,True,False,0.0,0.4076,0.0,0.0,0.0,0.1426,1,0.0,0.0,0.0,no,,gene-driven,no,34560,0.21090856481481482,medium
ENSG00000163295,0.0545,0.606,0.0,0.0,0.1678,0.1483167125746893,2.430516322274343,0.3761995555056118,False,False,0.0,0.0,0.0,0.0,0.0,0.0,0,0.0,0.0,0.0,no,,neutral,no,17460,0.5781214203894616,short
ENSG00000163328,0.0001,0.2585,0.0,0.0,0.0647,0.5,0.0,0.5,False,False,0.0,0.0,0.0,0.0,0.0,0.0,0,0.0,0.0,0.0,no,,neutral,no,125210,0.1761919974442936,long
ENSG00000163344,0.0425,0.5893,0.0,0.0,0.1601,0.1940669411688818,1.892809882448091,0.4722548754276018,False,False,0.0,0.0,0.0,0.0,0.0,0.0,0,0.0,0.0,0.0,no,,neutral,no,12460,0.300561797752809,short
ENSG00000163347,0.0001,0.0653,0.0,0.0,0.0164,0.5,-0.0018689041548896,0.5,False,False,0.0,0.0,0.0,0.0,0.0,0.0,0,0.0,0.0,0.0,no,,neutral,no,10430,0.3293384467881112,short
ENSG00000163348,1.0,0.8772,0.15,0.0,0.6693,5.551115123125783e-17,73.19783380780427,4.453426874585104e-16,True,False,0.0,0.0,0.0,0.0,0.0,0.0,0,0.0,0.0,0.0,no,,gene-driven,no,24760,0.4176090468497577,short
ENSG00000163357,0.4917,0.7352,0.15,0.0,0.4813,8.513677896282434e-06,21.96137868602091,3.212976772087165e-05,True,False,0.0,0.0,0.0,0.0,0.0,0.0,0,0.0,0.0,0.0,no,,gene-driven,no,76770,0.39261430246189916,medium
ENSG00000163380,0.0001,0.2585,0.0,0.0,0.0647,0.5,0.0,0.5,False,False,0.0,0.0,0.0,0.0,0.0,0.0,0,0.0,0.0,0.0,no,,neutral,no,58920,0.19273591310251187,medium
ENSG00000163382,0.8562,0.7895,0.15,0.0,0.6042,2.483281191789644e-09,38.24107581895078,1.1786107488513062e-08,True,False,0.0,0.0,0.0,0.0,0.0,0.0,0,0.0,0.0,0.0,no,,gene-driven,no,97460,0.11964908680484301,long
ENSG00000163389,0.0001,0.0887,0.0,0.0,0.0222,0.5,-0.0005892762565053,0.5,False,False,0.0,0.0,0.0,0.0,0.0,0.0,0,0.0,0.0,0.0,no,,neutral,no,51950,0.16071222329162657,medium
ENSG00000163393,0.1167,0.6474,0.075,0.0,0.2718,0.0370010986165081,5.207320987865387,0.1048680709507187,False,False,0.0,0.0,0.0,0.0,0.0,0.0,0,0.0,0.0,0.0,no,,neutral,no,110600,0.17581374321880652,long
ENSG00000163394,0.0001,0.2585,0.0,0.0,0.0647,0.5,0.0,0.5,False,False,0.0,0.0,0.0,0.0,0.0,0.0,0,0.0,0.0,0.0,no,,neutral,no,20530,0.3429128105211885,short
ENSG00000163428,0.0001,0.2585,0.0,0.0,0.0647,0.5,0.0,0.5,False,False,0.0,0.0,0.0,0.0,0.0,0.0,0,0.0,0.0,0.0,no,,neutral,no,42580,0.22926256458431188,medium
ENSG00000163431,0.0115,0.4827,0.0,0.0,0.1241,0.3879732192758311,0.5073435673020867,0.5,False,False,0.0,0.0,0.0,0.0,0.0,0.0,0,0.0,0.0,0.0,no,,neutral,no,35590,0.3481876931722394,medium
ENSG00000163440,1.0,0.8888,0.15,0.0,0.6722,0.0,80.3578215294865,0.0,True,False,0.0,0.0,0.0,0.0,0.0,0.0,0,0.0,0.0,0.0,no,,gene-driven,no,16260,0.16629766297662976,short
ENSG00000163444,0.0001,0.072,0.0,0.0,0.018,0.5,-0.0013299978600116,0.5,False,False,0.0,0.0,0.0,0.0,0.0,0.0,0,0.0,0.0,0.0,no,,neutral,no,37010,0.23904350175628208,medium
ENSG00000163453,1.0,0.9534,0.15,0.0,0.6883,0.0,142.0949044576537,0.0,True,False,0.0,0.0,0.0,0.0,0.0,0.0,0,0.0,0.0,0.0,no,,gene-driven,no,19120,0.33232217573221756,short
ENSG00000163463,1.0,0.9001,0.15,0.0,0.675,0.0,87.2963883967659,0.0,True,False,0.0,0.0,0.0,0.0,0.0,0.0,0,0.0,0.0,0.0,no,,gene-driven,no,16290,0.23873542050337632,short
ENSG00000163472,0.025,0.5428,0.0,0.0,0.1432,0.2864936763973856,1.113783268767293,0.5,False,False,0.0,0.0,0.0,0.0,0.0,0.0,0,0.0,0.0,0.0,no,,neutral,no,32880,0.2645681265206813,short
ENSG00000163481,0.0851,0.6327,0.0,0.0,0.1837,0.0749389385936517,3.795868936555053,0.2039093438538421,False,False,0.0,0.0,0.0,0.0,0.0,0.0,0,0.0,0.0,0.0,no,,neutral,no,30820,0.367845554834523,short
ENSG00000163485,0.0001,0.2585,0.0,0.0,0.0647,0.5,0.0,0.5,False,False,0.0,0.0,0.0,0.0,0.0,0.0,0,0.0,0.0,0.0,no,,neutral,no,41580,0.2376142376142376,medium
ENSG00000163492,0.0001,0.2585,0.0,0.0,0.0647,0.5,0.0,0.5,False,False,0.0,0.4076,0.0,0.0,0.0,0.1426,1,0.0,0.0,0.0,no,,neutral,no,114870,0.17969008444328372,long
ENSG00000163497,0.0001,0.2585,0.0,0.0,0.0647,0.5,0.0,0.5,False,False,0.0,0.0,0.0,0.0,0.0,0.0,0,0.0,0.0,0.0,no,,neutral,no,10420,0.4468330134357006,short
ENSG00000163501,0.0001,0.2585,0.0,0.0,0.0647,0.5,0.0,0.5,False,False,0.0,0.4076,0.0,0.0,0.0,0.1426,1,0.0,0.0,0.0,no,,neutral,no,18710,0.3976483164083378,short
ENSG00000163507,0.0453,0.5927,0.0,0.0,0.1617,0.1824130327418325,2.016669143617037,0.4476183645080783,False,False,0.0,0.0,0.0,0.0,0.0,0.0,0,0.0,0.0,0.0,no,,neutral,no,58200,0.20103092783505155,medium
ENSG00000163508,1.0,0.8659,0.15,0.0,0.6665,8.326672684688674e-16,68.04845643854424,6.190862471396333e-15,True,False,0.0,0.0,0.0,0.0,0.0,0.0,0,0.0,0.0,0.0,no,,gene-driven,no,56200,0.23820284697508898,medium
ENSG00000163510,0.0001,0.2585,0.0,0.0,0.0647,0.5,0.0,0.5,False,False,0.0,0.0,0.0,0.0,0.0,0.0,0,0.0,0.0,0.0,no,,neutral,no,86620,0.16925652274301548,long
ENSG00000163513,0.1739,0.6681,0.15,0.0,0.3692,0.0103017428239222,7.764590022692573,0.0310174750642792,True,False,0.0,0.0,0.0,0.0,0.0,0.0,0,0.0,0.0,0.0,no,,gene-driven,no,136140,0.2263699133245189,long
ENSG00000163517,1.0,0.9916,0.15,0.0,0.6979,0.0,315.0643472904776,0.0,True,False,0.0,0.0,0.0,0.0,0.0,0.0,0,0.0,0.0,0.0,no,,gene-driven,no,128840,0.2504812170133499,long
ENSG00000163518,0.0299,0.5587,0.0,0.0,0.1486,0.2571296007236503,1.330055715228809,0.5,False,False,0.0,0.0,0.0,0.0,0.0,0.0,0,0.0,0.0,0.0,no,,neutral,no,33130,0.30817989737398127,medium
ENSG00000163527,0.0001,0.2585,0.0,0.0,0.0647,0.5,0.0,0.5,False,False,0.0,0.0,0.0,0.0,0.0,0.0,0,0.0,0.0,0.0,no,,neutral,no,111920,0.16289313795568264,long
ENSG00000163528,0.0001,0.2585,0.0,0.0,0.0647,0.5,0.0,0.5,False,False,0.0,0.0,0.0,0.0,0.0,0.0,0,0.0,0.0,0.0,no,,neutral,no,10080,0.3512896825396825,short
ENSG00000163530,0.0001,0.2585,0.0,0.0,0.0647,0.5,0.0,0.5,False,False,0.0,0.0,0.0,0.0,0.0,0.0,0,0.0,0.0,0.0,no,,neutral,no,12480,0.32267628205128207,short
ENSG00000163536,0.0462,0.5947,0.0,0.0,0.1625,0.1786789699773346,2.058034732966917,0.4406292497110869,False,False,0.0,0.0,0.0,0.0,0.0,0.0,0,0.0,0.0,0.0,no,,neutral,no,61840,0.1296248382923674,medium
ENSG00000163545,0.0001,0.2585,0.0,0.0,0.0647,0.5,0.0,0.5,False,False,0.0,0.0,0.0,0.0,0.0,0.0,0,0.0,0.0,0.0,no,,neutral,no,29710,0.4035678222820599,short
ENSG00000163558,0.0001,0.2585,0.0,0.0,0.0647,0.5,0.0,0.5,False,False,0.0,0.0,0.0,0.0,0.0,0.0,0,0.0,0.0,0.0,no,,neutral,no,122470,0.14040989630113498,long
ENSG00000163565,1.0,0.9109,0.15,0.0,0.6777,0.0,96.8270280129509,0.0,True,False,0.0,0.0,0.0,0.0,0.0,0.0,0,0.0,0.0,0.0,no,,gene-driven,no,174140,0.17988974388423107,long
ENSG00000163568,0.0001,0.2585,0.0,0.0,0.0647,0.5,0.0,0.5,False,False,0.0,0.0,0.0,0.0,0.0,0.0,0,0.0,0.0,0.0,no,,neutral,no,50500,0.14233663366336632,medium
ENSG00000163577,0.0001,0.0776,0.0,0.0,0.0194,0.5,-0.0010965738256345,0.5,False,False,0.0,0.0,0.0,0.0,0.0,0.0,0,0.0,0.0,0.0,no,,neutral,no,16070,0.20858742999377722,short
ENSG00000163581,0.2133,0.6783,0.15,0.0,0.3836,0.0042728611765242,9.524648861734022,0.013274960332312,True,False,0.0,0.0,0.0,0.0,0.0,0.0,0,0.0,0.0,0.0,no,,gene-driven,no,49460,0.19132632430246663,medium
ENSG00000163584,0.5129,0.737,0.15,0.0,0.4881,5.303099115672172e-06,22.90814397797476,2.015096638758853e-05,True,False,0.0,0.0,0.0,0.0,0.0,0.0,0,0.0,0.0,0.0,no,,gene-driven,no,16250,0.1552,short
ENSG00000163586,0.0127,0.4877,0.0,0.0,0.1257,0.3775755792621119,0.5616746795794825,0.5,False,False,0.0,0.0,0.0,0.0,0.0,0.0,0,0.0,0.0,0.0,no,,neutral,no,9990,0.24654654654654654,short
ENSG00000163590,0.0001,0.2585,0.0,0.0,0.0647,0.5,0.0,0.5,False,False,0.0,0.0,0.0,0.0,0.0,0.0,0,0.0,0.0,0.0,no,,neutral,no,45560,0.21881035996488146,medium
ENSG00000163599,0.0001,0.2585,0.0,0.0,0.0647,0.5,0.0,0.5,False,False,0.0,0.0,0.0,0.0,0.0,0.0,0,0.0,0.0,0.0,no,,neutral,no,28220,0.24822820694542877,short
ENSG00000163600,0.0175,0.5213,0.0,0.0,0.1356,0.3387436777934266,0.7787287794362783,0.5,False,False,0.0,0.0,0.0,0.0,0.0,0.0,0,0.0,0.0,0.0,no,,neutral,no,24080,0.19057308970099668,short
ENSG00000163606,1.0,0.8615,0.15,0.0,0.6654,3.05311331771918e-15,65.45924947439198,2.200896469903652e-14,True,False,0.0,0.0,0.0,0.0,0.0,0.0,0,0.0,0.0,0.0,no,,gene-driven,no,55560,0.21918646508279338,medium
ENSG00000163607,0.0001,0.2585,0.0,0.0,0.0647,0.5,0.0,0.5,False,False,0.0,0.0,0.0,0.0,0.0,0.0,0,0.0,0.0,0.0,no,,neutral,no,63510,0.21810738466383248,medium
ENSG00000163623,0.0001,0.2585,0.0,0.0,0.0647,0.5,0.0,0.5,False,False,0.0,0.4076,0.0,0.0,0.0,0.1426,1,0.0,0.0,0.0,no,,neutral,no,20960,0.3590648854961832,short
ENSG00000163626,1.0,0.9727,0.15,0.0,0.6932,0.0,183.689686330421,0.0,True,False,0.0,0.0,0.0,0.0,0.0,0.0,0,0.0,0.0,0.0,no,,gene-driven,no,27980,0.2216940671908506,short
ENSG00000163630,1.0,0.8534,0.15,0.0,0.6634,2.048361480433414e-14,61.65445389428351,1.3956917813254526e-13,True,False,0.0,0.0,0.0,0.0,0.0,0.0,0,0.0,0.0,0.0,no,,gene-driven,no,80900,0.26555006180469715,long
ENSG00000163633,0.9131,0.7975,0.15,0.0,0.6233,6.965738541531151e-10,40.78340022758221,3.4372602684103127e-09,True,False,0.0,0.0,0.0,0.0,0.0,0.0,0,0.0,0.0,0.0,no,,gene-driven,no,11810,0.16994072819644368,short
ENSG00000163644,0.0001,0.2585,0.0,0.0,0.0647,0.5,0.0,0.5,False,False,0.0,0.0,0.0,0.0,0.0,0.0,0,0.0,0.0,0.0,no,,neutral,no,65440,0.19449877750611247,medium
ENSG00000163659,0.067,0.6196,0.0,0.0,0.175,0.1121794721286509,2.989016159495804,0.2947122555529423,False,False,0.0,0.0,0.0,0.0,0.0,0.0,0,0.0,0.0,0.0,no,,neutral,no,124540,0.11682190460896098,long
ENSG00000163661,0.0001,0.2585,0.0,0.0,0.0647,0.5,0.0,0.5,False,False,0.0,0.0,0.0,0.0,0.0,0.0,0,0.0,0.0,0.0,no,,neutral,no,27380,0.2671292914536158,short
ENSG00000163666,0.0001,0.4009,0.0,0.0,0.1003,0.4995476432996617,0.0018102458016073,0.5,False,False,0.0,0.0,0.0,0.0,0.0,0.0,0,0.0,0.0,0.0,no,,neutral,no,19030,0.21093011035207568,short
ENSG00000163673,0.0001,0.0306,0.0,0.0,0.0077,0.5,-0.0054887848527869,0.5,False,False,0.0,0.0,0.0,0.0,0.0,0.0,0,0.0,0.0,0.0,no,,neutral,no,155610,0.1626630679262258,long
ENSG00000163687,0.0001,0.2585,0.0,0.0,0.0647,0.5,0.0,0.5,False,False,0.0,0.0,0.0,0.0,0.0,0.0,0,0.0,0.0,0.0,no,,neutral,no,49260,0.19811205846528623,medium
ENSG00000163704,0.0006,0.4162,0.0,0.0,0.1042,0.4949522434645816,0.0202936367131769,0.5,False,False,0.0,0.0,0.0,0.0,0.0,0.0,0,0.0,0.0,0.0,no,,neutral,no,109320,0.29373399195023786,long
ENSG00000163705,0.3472,0.7091,0.15,0.0,0.4314,0.0002149852543578,15.50358787212554,0.0007384921651768,True,False,0.0,0.0,0.0,0.0,0.0,0.0,0,0.0,0.0,0.0,no,,gene-driven,no,13530,0.237620103473762,short
ENSG00000163719,1.0,0.9258,0.15,0.0,0.6815,0.0,110.333969903033,0.0,True,False,0.0,0.0,0.0,0.0,0.0,0.0,0,0.0,0.0,0.0,no,,gene-driven,no,130160,0.338959741856177,long
ENSG00000163736,0.0001,0.2585,0.0,0.0,0.0647,0.5,0.0,0.5,False,False,0.0,0.0,0.0,0.0,0.0,0.0,0,0.0,0.0,0.0,no,,neutral,no,12460,0.17504012841091493,short
ENSG00000163738,1.0,0.8219,0.15,0.0,0.6555,2.548067312702074e-11,47.39990877890159,1.428871117630227e-10,True,False,0.0,0.0,0.0,0.0,0.0,0.0,0,0.0,0.0,0.0,no,,gene-driven,no,50640,0.18070695102685624,medium
ENSG00000163743,0.0001,0.2585,0.0,0.0,0.0647,0.5,0.0,0.5,False,False,0.0,0.0,0.0,0.0,0.0,0.0,0,0.0,0.0,0.0,no,,neutral,no,52260,0.20243015690776886,medium
ENSG00000163751,0.0805,0.6289,0.0,0.0,0.1814,0.0829898926695927,3.591778545689522,0.223493083994886,False,False,0.0,0.4076,0.0,0.0,0.0,0.1426,1,0.0,0.0,0.0,no,,neutral,no,25090,0.26871263451574334,short
ENSG00000163781,0.0191,0.5265,0.0,0.0,0.1374,0.3268962267746625,0.8499306543526473,0.5,False,False,0.0,0.0,0.0,0.0,0.0,0.0,0,0.0,0.0,0.0,no,,neutral,no,207080,0.1548483677805679,long
ENSG00000163788,0.0001,0.2585,0.0,0.0,0.0647,0.5,0.0,0.5,False,False,0.0,0.0,0.0,0.0,0.0,0.0,0,0.0,0.0,0.0,no,,neutral,no,129880,0.1633584847551586,long
ENSG00000163792,0.0001,0.0766,0.0,0.0,0.0192,0.5,-0.0011224874097024,0.5,False,False,0.0,0.0,0.0,0.0,0.0,0.0,0,0.0,0.0,0.0,no,,neutral,no,6900,0.5865217391304348,short
ENSG00000163798,1.0,0.9324,0.15,0.0,0.6831,0.0,115.5913370698545,0.0,True,False,0.0,0.0,0.0,0.0,0.0,0.0,0,0.0,0.0,0.0,no,,gene-driven,no,164230,0.11835839980515131,long
ENSG00000163807,0.0001,0.0925,0.0,0.0,0.0232,0.5,-0.0004679282046708,0.5,False,False,0.0,0.0,0.0,0.0,0.0,0.0,0,0.0,0.0,0.0,no,,neutral,no,7150,0.2871328671328671,short
ENSG00000163812,0.0507,0.6007,0.0,0.0,0.1654,0.1614296961862294,2.261076736322138,0.4041023194918495,False,False,0.0,0.0,0.0,0.0,0.0,0.0,0,0.0,0.0,0.0,no,,neutral,no,84680,0.2578058573452999,long
ENSG00000163814,1.0,0.8544,0.15,0.0,0.6636,1.887379141862766e-14,61.81751814267045,1.2948722553966068e-13,True,False,0.0,0.0,0.0,0.0,0.0,0.0,0,0.0,0.0,0.0,no,,gene-driven,no,68490,0.28637757336837494,medium
ENSG00000163815,0.0001,0.2585,0.0,0.0,0.0647,0.5,0.0,0.5,False,False,0.0,0.0,0.0,0.0,0.0,0.0,0,0.0,0.0,0.0,no,,neutral,no,12750,0.3776470588235294,short
ENSG00000163817,0.0001,0.2585,0.0,0.0,0.0647,0.5,0.0,0.5,False,False,0.0,0.0,0.0,0.0,0.0,0.0,0,0.0,0.0,0.0,no,,neutral,no,79090,0.27089391832090026,long
ENSG00000163818,0.2714,0.6936,0.15,0.0,0.4048,0.0011673907958165,12.11967385812386,0.0038076077497648,True,False,0.0,0.0,0.0,0.0,0.0,0.0,0,0.0,0.0,0.0,no,,gene-driven,no,58010,0.13092570246509222,medium
ENSG00000163823,0.0001,0.2585,0.0,0.0,0.0647,0.5,0.0,0.5,False,False,0.0,0.0,0.0,0.0,0.0,0.0,0,0.0,0.0,0.0,no,,neutral,no,11430,0.46439195100612424,short
ENSG00000163825,0.6488,0.76,0.15,0.0,0.5346,2.550961289427001e-07,28.97695641194969,1.061797611180745e-06,True,False,0.0,0.0,0.0,0.0,0.0,0.0,0,0.0,0.0,0.0,no,,gene-driven,no,14120,0.2689801699716714,short
ENSG00000163827,0.0001,0.2585,0.0,0.0,0.0647,0.5,0.0,0.5,False,False,0.0,0.0,0.0,0.0,0.0,0.0,0,0.0,0.0,0.0,no,,neutral,no,34060,0.18813857897827363,medium
ENSG00000163832,0.0001,0.0103,0.0,0.0,0.0026,0.5,-0.0084159253019606,0.5,False,False,0.0,0.0,0.0,0.0,0.0,0.0,0,0.0,0.0,0.0,no,,neutral,no,47580,0.17612442202606138,medium
ENSG00000163840,0.0001,0.2585,0.0,0.0,0.0647,0.5,0.0,0.5,False,False,0.0,0.0,0.0,0.0,0.0,0.0,0,0.0,0.0,0.0,no,,neutral,no,35880,0.3474358974358974,medium
ENSG00000163875,0.5094,0.7362,0.15,0.0,0.4869,5.736260264510573e-06,22.75111180264503,2.173050918177882e-05,True,False,0.0,0.0,0.0,0.0,0.0,0.0,0,0.0,0.0,0.0,no,,gene-driven,no,63480,0.18897290485192186,medium
ENSG00000163877,0.0302,0.5605,0.0,0.0,0.1492,0.255548151849709,1.342394490467996,0.5,False,False,0.0,0.0,0.0,0.0,0.0,0.0,0,0.0,0.0,0.0,no,,neutral,no,15070,0.45779694757796946,short
ENSG00000163879,0.1537,0.6612,0.15,0.0,0.3614,0.0161688711749937,6.863040474310765,0.0477010469895722,True,False,0.0,0.0,0.0,0.0,0.0,0.0,0,0.0,0.0,0.0,no,,gene-driven,no,17460,0.3243986254295533,short
ENSG00000163884,0.0001,0.2585,0.0,0.0,0.0647,0.5,0.0,0.5,False,False,0.0,0.0,0.0,0.0,0.0,0.0,0,0.0,0.0,0.0,no,,neutral,no,32610,0.2904323827046918,short
ENSG00000163885,0.0001,0.2585,0.0,0.0,0.0647,0.5,0.0,0.5,False,False,0.0,0.0,0.0,0.0,0.0,0.0,0,0.0,0.0,0.0,no,,neutral,no,51340,0.2652317880794702,medium
ENSG00000163898,0.9349,0.8028,0.15,0.0,0.6312,4.2795506027815117e-10,41.75771141162113,2.167666466215401e-09,True,False,0.0,0.0,0.0,0.0,0.0,0.0,0,0.0,0.0,0.0,no,,gene-driven,no,82020,0.183955132894416,long
ENSG00000163902,0.0002,0.4039,0.0,0.0,0.101,0.4990212606157756,0.0039187942675198,0.5,False,False,0.0,0.0,0.0,0.0,0.0,0.0,0,0.0,0.0,0.0,no,,neutral,no,68120,0.19756312389900177,medium
ENSG00000163909,0.0012,0.4276,0.0,0.0,0.1073,0.4881809558196115,0.0478439003909443,0.5,False,False,0.0,0.0,0.0,0.0,0.0,0.0,0,0.0,0.0,0.0,no,,neutral,no,33200,0.2750602409638554,medium
ENSG00000163914,0.066,0.6186,0.0,0.0,0.1744,0.114838784102465,2.94215766160778,0.3009526407406011,False,False,0.0,0.0,0.0,0.0,0.0,0.0,0,0.0,0.0,0.0,no,,neutral,no,52660,0.16181162172426888,medium
ENSG00000163931,0.0001,0.2585,0.0,0.0,0.0647,0.5,0.0,0.5,False,False,0.0,0.0,0.0,0.0,0.0,0.0,0,0.0,0.0,0.0,no,,neutral,no,107380,0.24222387781709814,long
ENSG00000163935,1.0,0.8693,0.15,0.0,0.6673,3.8857805861880484e-16,69.52260433942138,2.9643976435121707e-15,True,False,0.0,0.0,0.0,0.0,0.0,0.0,0,0.0,0.0,0.0,no,,gene-driven,no,120570,0.2256863232976694,long
ENSG00000163938,0.734,0.773,0.15,0.0,0.5635,3.8017198111806045e-08,32.78416003363236,1.6734295876825065e-07,True,False,0.0,0.0,0.0,0.0,0.0,0.0,0,0.0,0.0,0.0,no,,gene-driven,no,47000,0.17668085106382977,medium
ENSG00000163946,0.473,0.7306,0.15,0.0,0.4746,1.293599366353204e-05,21.12469949002843,4.79818288459421e-05,True,False,0.0,0.0,0.0,0.0,0.0,0.0,0,0.0,0.0,0.0,no,,gene-driven,no,289470,0.20271876187515114,long
ENSG00000163947,1.0,0.9548,0.15,0.0,0.6887,0.0,144.3887233831047,0.0,True,False,0.0,0.0,0.0,0.0,0.0,0.0,0,0.0,0.0,0.0,no,,gene-driven,no,168180,0.224848376739208,long
ENSG00000163956,0.551,0.7453,0.15,0.0,0.5016,2.267591751592413e-06,24.6072900230065,8.895111492445317e-06,True,False,0.0,0.0,0.0,0.0,0.0,0.0,0,0.0,0.0,0.0,no,,gene-driven,no,80610,0.1787867510234462,long
ENSG00000163958,0.0694,0.621,0.0,0.0,0.1761,0.106264103946515,3.097361112417275,0.2802532624761217,False,False,0.0,0.0,0.0,0.0,0.0,0.0,0,0.0,0.0,0.0,no,,neutral,no,37940,0.241855561412757,medium
ENSG00000163961,0.0007,0.4186,0.0,0.0,0.1049,0.4934011132992886,0.0265712758919107,0.5,False,False,0.0,0.0,0.0,0.0,0.0,0.0,0,0.0,0.0,0.0,no,,neutral,no,60930,0.17035942885278188,medium
ENSG00000163964,0.0108,0.4793,0.0,0.0,0.1231,0.3934650299307735,0.4792318075978983,0.5,False,False,0.0,0.0,0.0,0.0,0.0,0.0,0,0.0,0.0,0.0,no,,neutral,no,38480,0.18297817047817047,medium
ENSG00000163982,0.0001,0.3997,0.0,0.0,0.1,0.4996920346442764,0.0012322409493208,0.5,False,False,0.0,0.0,0.0,0.0,0.0,0.0,0,0.0,0.0,0.0,no,,neutral,no,40650,0.2823370233702337,medium
ENSG00000163993,0.0001,0.2585,0.0,0.0,0.0647,0.5,0.0,0.5,False,False,0.0,0.0,0.0,0.0,0.0,0.0,0,0.0,0.0,0.0,no,,neutral,no,4230,0.36666666666666664,short
ENSG00000164007,0.0515,0.6025,0.0,0.0,0.1661,0.1585018950965563,2.297683097238405,0.3985785774571643,False,False,0.0,0.0,0.0,0.0,0.0,0.0,0,0.0,0.0,0.0,no,,neutral,no,33200,0.2799397590361446,medium
ENSG00000164008,0.01,0.4769,0.0,0.0,0.1222,0.4012163743169557,0.440214459604249,0.5,False,False,0.0,0.4076,0.0,0.0,0.0,0.1426,1,0.0,0.0,0.0,no,,neutral,no,21190,0.189806512505899,short
ENSG00000164010,0.5189,0.7384,0.15,0.0,0.4903,4.639021104813068e-06,23.17572000453583,1.772234329903241e-05,True,False,0.0,0.4076,0.0,0.0,0.0,0.1426,1,0.0,0.0,0.0,no,,gene-driven,no,57830,0.18433339097354315,medium
ENSG00000164022,0.3498,0.7095,0.15,0.0,0.4323,0.0002027181260902,15.62109380951733,0.0006973167075886,True,False,0.0,0.0,0.0,0.0,0.0,0.0,0,0.0,0.0,0.0,no,,gene-driven,no,137210,0.08661176299103564,long
ENSG00000164032,0.5451,0.7447,0.15,0.0,0.4997,2.586743083843324e-06,24.3439275792698,1.0123099999242088e-05,True,False,0.0,0.0,0.0,0.0,0.0,0.0,0,0.0,0.0,0.0,no,,gene-driven,no,15430,0.24854180168502915,short
ENSG00000164035,0.2531,0.6882,0.15,0.0,0.398,0.0017560199923195,11.3031164363565,0.0056278630423952,True,False,0.0,0.4076,0.0,0.0,0.0,0.1426,1,0.0,0.0,0.0,no,,gene-driven,no,76920,0.13159126365054602,medium
ENSG00000164038,0.4317,0.7248,0.15,0.0,0.4607,3.258168499303826e-05,19.27722611397621,0.0001182929205513,True,False,0.0,0.0,0.0,0.0,0.0,0.0,0,0.0,0.0,0.0,no,,gene-driven,no,89920,0.20083407473309609,long
ENSG00000164039,0.0001,0.0237,0.0,0.0,0.006,0.5,-0.006228900168935,0.5,False,False,0.0,0.0,0.0,0.0,0.0,0.0,0,0.0,0.0,0.0,no,,neutral,no,21970,0.22507965407373692,short
ENSG00000164040,0.0802,0.6283,0.0,0.0,0.1811,0.0835092318657191,3.579301822303023,0.2245269834054525,False,False,0.0,0.0,0.0,0.0,0.0,0.0,0,0.0,0.0,0.0,no,,neutral,no,32960,0.1972997572815534,medium
ENSG00000164047,1.0,0.815,0.15,0.0,0.6538,7.630296394722791e-11,45.20632467052019,4.1208571408633177e-10,True,False,0.0,0.0,0.0,0.0,0.0,0.0,0,0.0,0.0,0.0,no,,gene-driven,no,11580,0.2731433506044905,short
ENSG00000164049,0.0001,0.2585,0.0,0.0,0.0647,0.5,0.0,0.5,False,False,0.0,0.0,0.0,0.0,0.0,0.0,0,0.0,0.0,0.0,no,,neutral,no,56130,0.2546410119365758,medium
ENSG00000164050,1.0,0.8961,0.15,0.0,0.674,0.0,84.94646701106103,0.0,True,False,0.0,0.0,0.0,0.0,0.0,0.0,0,0.0,0.0,0.0,no,,gene-driven,no,242230,0.34292201626553276,long
ENSG00000164053,0.9272,0.8008,0.15,0.0,0.6284,5.081837173293025e-10,41.41406185459346,2.548090534270111e-09,True,False,0.0,0.0,0.0,0.0,0.0,0.0,0,0.0,0.0,0.0,no,,gene-driven,no,169780,0.19949935210272116,long
ENSG00000164061,0.0001,0.2585,0.0,0.0,0.0647,0.5,0.0,0.5,False,False,0.0,0.0,0.0,0.0,0.0,0.0,0,0.0,0.0,0.0,no,,neutral,no,319140,0.2829667230682459,long
ENSG00000164070,1.0,0.9928,0.15,0.0,0.6982,0.0,323.1470666076057,0.0,True,False,0.0,0.0,0.0,0.0,0.0,0.0,0,0.0,0.0,0.0,no,,gene-driven,no,124780,0.1912566116364802,long
ENSG00000164076,0.4582,0.7288,0.15,0.0,0.4697,1.799638441363216e-05,20.4643850112916,6.63066785728936e-05,True,False,0.0,0.0,0.0,0.0,0.0,0.0,0,0.0,0.0,0.0,no,,gene-driven,no,124740,0.22130030463363798,long
ENSG00000164077,1.0,0.9964,0.15,0.0,0.6991,0.0,381.9243660969951,0.0,True,False,0.0,0.0,0.0,0.0,0.0,0.0,0,0.0,0.0,0.0,no,,gene-driven,no,94760,0.32467285774588434,long
ENSG00000164082,0.0039,0.4477,0.0,0.0,0.1131,0.4592463151052212,0.1700427961550304,0.5,False,False,0.0,0.0,0.0,0.0,0.0,0.0,0,0.0,0.0,0.0,no,,neutral,no,117560,0.2839656345695815,long
ENSG00000164086,0.0213,0.5324,0.0,0.0,0.1395,0.3111553633458695,0.9486315007052326,0.5,False,False,0.0,0.0,0.0,0.0,0.0,0.0,0,0.0,0.0,0.0,no,,neutral,no,48680,0.21033278553820872,medium
ENSG00000164087,0.0001,0.2585,0.0,0.0,0.0647,0.5,0.0,0.5,False,False,0.0,0.0,0.0,0.0,0.0,0.0,0,0.0,0.0,0.0,no,,neutral,no,50570,0.30253114494759736,medium
ENSG00000164088,0.0038,0.4471,0.0,0.0,0.1129,0.4605445461243197,0.1643970262921357,0.5,False,False,0.0,0.0,0.0,0.0,0.0,0.0,0,0.0,0.0,0.0,no,,neutral,no,56010,0.23142296018568112,medium
ENSG00000164099,0.0001,0.2585,0.0,0.0,0.0647,0.5,0.0,0.5,False,False,0.0,0.4076,0.0,0.0,0.0,0.1426,1,0.0,0.0,0.0,no,,neutral,no,61630,0.2744929417491481,medium
ENSG00000164100,0.0311,0.5647,0.0,0.0,0.1505,0.2501097997272146,1.385416156037536,0.5,False,False,0.0,0.4076,0.0,0.0,0.0,0.1426,1,0.0,0.0,0.0,no,,neutral,no,116080,0.14098897312198483,long
ENSG00000164105,0.0001,0.0054,0.0,0.0,0.0014,0.5,-0.0091067201155965,0.5,False,False,0.0,0.0,0.0,0.0,0.0,0.0,0,0.0,0.0,0.0,no,,neutral,no,22030,0.19019518837948252,short
ENSG00000164106,0.0001,0.2585,0.0,0.0,0.0647,0.5,0.0,0.5,False,False,0.0,0.0,0.0,0.0,0.0,0.0,0,0.0,0.0,0.0,no,,neutral,no,8440,0.24561611374407583,short
ENSG00000164109,0.0001,0.2585,0.0,0.0,0.0647,0.5,0.0,0.5,False,False,0.0,0.0,0.0,0.0,0.0,0.0,0,0.0,0.0,0.0,no,,neutral,no,18300,0.16612021857923498,short
ENSG00000164116,1.0,0.8323,0.15,0.0,0.6581,3.587019570261418e-12,51.32110798899521,2.1367467476024297e-11,True,False,0.0,0.0,0.0,0.0,0.0,0.0,0,0.0,0.0,0.0,no,,gene-driven,no,155120,0.16037906137184116,long
ENSG00000164117,1.0,0.8571,0.15,0.0,0.6643,1.1546319456101631e-14,62.80170516848375,8.06620687846201e-14,True,False,0.0,0.0,0.0,0.0,0.0,0.0,0,0.0,0.0,0.0,no,,gene-driven,no,42210,0.19436152570480927,medium
ENSG00000164123,0.0043,0.4507,0.0,0.0,0.114,0.4555722075544668,0.1861077411213046,0.5,False,False,0.0,0.0,0.0,0.0,0.0,0.0,0,0.0,0.0,0.0,no,,neutral,no,11160,0.2153225806451613,short
ENSG00000164125,1.0,0.8589,0.15,0.0,0.6647,6.050715484207103e-15,64.08889339092275,4.2811178973607584e-14,True,False,0.0,0.4076,0.0,0.0,0.0,0.1426,1,0.0,0.0,0.0,no,,gene-driven,no,97160,0.2629065459036641,long
ENSG00000164136,0.7294,0.7722,0.15,0.0,0.5619,4.215306848021072e-08,32.57762235168229,1.8489361783118885e-07,True,False,0.0,0.0,0.0,0.0,0.0,0.0,0,0.0,0.0,0.0,no,,gene-driven,no,28490,0.1339066339066339,short
ENSG00000164144,0.0001,0.076,0.0,0.0,0.019,0.5,-0.0011878960795002,0.5,False,False,0.0,0.0,0.0,0.0,0.0,0.0,0,0.0,0.0,0.0,no,,neutral,no,65220,0.1982980680772769,medium
ENSG00000164161,1.0,0.9246,0.15,0.0,0.6812,0.0,109.6688185220191,0.0,True,False,0.0,0.4076,0.0,0.0,0.0,0.1426,1,0.0,0.0,0.0,no,,gene-driven,no,56410,0.2753057968445311,medium
ENSG00000164163,0.1797,0.6697,0.15,0.0,0.3713,0.0090592992170763,8.021632661038893,0.0274093396020301,True,False,0.0,0.0,0.0,0.0,0.0,0.0,0,0.0,0.0,0.0,no,,gene-driven,no,84370,0.12989214175654853,long
ENSG00000164167,0.0001,0.0177,0.0,0.0,0.0045,0.5,-0.0071621610941292,0.5,False,False,0.0,0.0,0.0,0.0,0.0,0.0,0,0.0,0.0,0.0,no,,neutral,no,12100,0.14991735537190082,short
ENSG00000164168,0.0093,0.4739,0.0,0.0,0.1212,0.407515796556854,0.4090568038482161,0.5,False,False,0.0,0.0,0.0,0.0,0.0,0.0,0,0.0,0.0,0.0,no,,neutral,no,44970,0.18979319546364243,medium
ENSG00000164169,0.0001,0.3999,0.0,0.0,0.1,0.4996857016568082,0.0012575886721606,0.5,False,False,0.0,0.0,0.0,0.0,0.0,0.0,0,0.0,0.0,0.0,no,,neutral,no,77470,0.17942429327481607,medium
ENSG00000164172,1.0,0.8985,0.15,0.0,0.6746,0.0,86.26868206641302,0.0,True,False,0.0,0.0,0.0,0.0,0.0,0.0,0,0.0,0.0,0.0,no,,gene-driven,no,40720,0.1667730844793713,medium
ENSG00000164175,0.0245,0.542,0.0,0.0,0.1429,0.2897009218605411,1.091518022985838,0.5,False,False,0.0,0.0,0.0,0.0,0.0,0.0,0,0.0,0.0,0.0,no,,neutral,no,57620,0.24422075668170773,medium
ENSG00000164176,0.0001,0.2585,0.0,0.0,0.0647,0.5,0.0,0.5,False,False,0.0,0.0,0.0,0.0,0.0,0.0,0,0.0,0.0,0.0,no,,neutral,no,87210,0.24543056988877424,long
ENSG00000164187,1.0,0.9678,0.15,0.0,0.692,0.0,173.9467851171612,0.0,True,False,0.0,0.0,0.0,0.0,0.0,0.0,0,0.0,0.0,0.0,no,,gene-driven,no,29540,0.2656398104265403,short
ENSG00000164197,1.0,0.9827,0.15,0.0,0.6957,0.0,227.0780106364036,0.0,True,False,0.0,0.0,0.0,0.0,0.0,0.0,0,0.0,0.0,0.0,no,,gene-driven,no,119260,0.11849740063726312,long
ENSG00000164209,0.0001,0.2585,0.0,0.0,0.0647,0.5,0.0,0.5,False,False,0.0,0.0,0.0,0.0,0.0,0.0,0,0.0,0.0,0.0,no,,neutral,no,45190,0.1818543925647267,medium
ENSG00000164211,0.0001,0.2585,0.0,0.0,0.0647,0.5,0.0,0.5,False,False,0.0,0.0,0.0,0.0,0.0,0.0,0,0.0,0.0,0.0,no,,neutral,no,30830,0.13279273434965944,short
ENSG00000164219,0.0001,0.074,0.0,0.0,0.0185,0.5,-0.0012781160439772,0.5,False,False,0.0,0.0,0.0,0.0,0.0,0.0,0,0.0,0.0,0.0,no,,neutral,no,39350,0.2135705209656925,medium
ENSG00000164220,1.0,0.8402,0.15,0.0,0.66,5.416778137146139e-13,55.10192148504757,3.384805835950364e-12,True,False,0.0,0.0,0.0,0.0,0.0,0.0,0,0.0,0.0,0.0,no,,gene-driven,no,21780,0.25064279155188246,short
ENSG00000164221,0.0051,0.4558,0.0,0.0,0.1155,0.4473742209717738,0.2224253413260158,0.5,False,False,0.0,0.0,0.0,0.0,0.0,0.0,0,0.0,0.0,0.0,no,,neutral,no,79740,0.19347880611988963,long
ENSG00000164236,0.0106,0.4787,0.0,0.0,0.1229,0.3952196789128271,0.4703326779090276,0.5,False,False,0.0,0.0,0.0,0.0,0.0,0.0,0,0.0,0.0,0.0,no,,neutral,no,57190,0.2682986536107711,medium
ENSG00000164237,0.0348,0.5756,0.0,0.0,0.1543,0.2302130154259997,1.551206128056037,0.5,False,False,0.0,0.0,0.0,0.0,0.0,0.0,0,0.0,0.0,0.0,no,,neutral,no,12550,0.26541832669322707,short
ENSG00000164241,0.5562,0.7467,0.15,0.0,0.5035,2.01826825180218e-06,24.84024706962737,7.961035911549598e-06,True,False,0.0,0.4076,0.0,0.0,0.0,0.1426,1,0.0,0.0,0.0,no,,gene-driven,no,21990,0.16243747157799,short
ENSG00000164244,0.0425,0.5895,0.0,0.0,0.1601,0.1938425139617976,1.895124105307332,0.4719396301742444,False,False,0.0,0.0,0.0,0.0,0.0,0.0,0,0.0,0.0,0.0,no,,neutral,no,55480,0.2406452775775054,medium
ENSG00000164258,0.9637,0.8066,0.15,0.0,0.6408,2.2487600670473277e-10,43.04464934267708,1.161509093820707e-09,True,False,0.0,0.4076,0.0,0.0,0.0,0.1426,1,0.0,0.0,0.0,no,,gene-driven,no,20560,0.18103112840466926,short
ENSG00000164265,0.3702,0.7143,0.15,0.0,0.4396,0.0001286389083496,16.53070811629823,0.0004499647891219,True,False,0.0,0.0,0.0,0.0,0.0,0.0,0,0.0,0.0,0.0,no,,gene-driven,no,13350,0.15632958801498129,short
ENSG00000164270,0.1161,0.6468,0.075,0.0,0.2715,0.0374516330395731,5.183115567197092,0.1059638354600891,False,False,0.0,0.0,0.0,0.0,0.0,0.0,0,0.0,0.0,0.0,no,,neutral,no,152200,0.23532851511169514,long
ENSG00000164291,1.0,0.846,0.15,0.0,0.6615,1.6625589793761722e-13,57.46441235595194,1.0781705819318226e-12,True,False,0.0,0.0,0.0,0.0,0.0,0.0,0,0.0,0.0,0.0,no,,gene-driven,no,42590,0.2052359708851843,medium
ENSG00000164294,1.0,0.9538,0.15,0.0,0.6884,0.0,142.6074371341929,0.0,True,False,0.0,0.0,0.0,0.0,0.0,0.0,0,0.0,0.0,0.0,no,,gene-driven,no,13970,0.266571224051539,short
ENSG00000164304,0.0001,0.2585,0.0,0.0,0.0647,0.5,0.0,0.5,False,False,0.0,0.0,0.0,0.0,0.0,0.0,0,0.0,0.0,0.0,no,,neutral,no,168650,0.1753038837829825,long
ENSG00000164325,0.0001,0.2585,0.0,0.0,0.0647,0.5,0.0,0.5,False,False,0.0,0.0,0.0,0.0,0.0,0.0,0,0.0,0.0,0.0,no,,neutral,no,8320,0.47560096153846154,short
ENSG00000164326,0.0001,0.2585,0.0,0.0,0.0647,0.5,0.0,0.5,False,False,0.0,0.0,0.0,0.0,0.0,0.0,0,0.0,0.0,0.0,no,,neutral,no,7470,0.30093708165997324,short
ENSG00000164330,0.0001,0.2585,0.0,0.0,0.0647,0.5,0.0,0.5,False,False,0.0,0.8761,0.0,0.0,0.0,0.3066,2,0.0,0.0,0.0,no,,regulation-driven,no,85450,0.32874195435927445,long
ENSG00000164332,0.0148,0.5036,0.0,0.0,0.1303,0.3604100392444252,0.6547314344334154,0.5,False,False,0.0,0.0,0.0,0.0,0.0,0.0,0,0.0,0.0,0.0,no,,neutral,no,19960,0.19864729458917835,short
ENSG00000164344,0.0007,0.4184,0.0,0.0,0.1048,0.4935542465124829,0.025950647155696,0.5,False,False,0.0,0.0,0.0,0.0,0.0,0.0,0,0.0,0.0,0.0,no,,neutral,no,61580,0.24275738876258526,medium
ENSG00000164363,0.0918,0.6377,0.0,0.0,0.187,0.0644412519147678,4.097708225501265,0.177776365515283,False,False,0.0,0.0,0.0,0.0,0.0,0.0,0,0.0,0.0,0.0,no,,neutral,no,62520,0.22013755598208573,medium
ENSG00000164399,0.0001,0.2585,0.0,0.0,0.0647,0.5,0.0,0.5,False,False,0.0,0.0,0.0,0.0,0.0,0.0,0,0.0,0.0,0.0,no,,neutral,no,9670,0.25501551189245086,short
ENSG00000164400,0.0001,0.114,0.0,0.0,0.0285,0.5,-1.155623749582446e-05,0.5,False,False,0.0,0.0,0.0,0.0,0.0,0.0,0,0.0,0.0,0.0,no,,neutral,no,7050,0.35432624113475175,short
ENSG00000164402,1.0,0.8947,0.15,0.0,0.6737,0.0,83.92305498736096,0.0,True,False,0.0,0.0,0.0,0.0,0.0,0.0,0,0.0,0.0,0.0,no,,gene-driven,no,154820,0.303177883994316,long
ENSG00000164404,0.0001,0.2585,0.0,0.0,0.0647,0.5,0.0,0.5,False,False,0.0,0.0,0.0,0.0,0.0,0.0,0,0.0,0.0,0.0,no,,neutral,no,95760,0.10407268170426065,long
ENSG00000164405,0.0872,0.6337,0.0,0.0,0.1846,0.0715517743992912,3.88837358596993,0.1952268381031676,False,False,0.0,0.0,0.0,0.0,0.0,0.0,0,0.0,0.0,0.0,no,,neutral,no,7380,0.2067750677506775,short
ENSG00000164406,0.0144,0.5008,0.0,0.0,0.1295,0.3633992267042402,0.6382121407787054,0.5,False,False,0.0,0.0,0.0,0.0,0.0,0.0,0,0.0,0.0,0.0,no,,neutral,no,2580,0.4562015503875969,short
ENSG00000164430,0.3289,0.7065,0.15,0.0,0.4253,0.0003231953647176,14.6882127855024,0.001100324260168,True,False,0.0,0.0,0.0,0.0,0.0,0.0,0,0.0,0.0,0.0,no,,gene-driven,no,54680,0.24017922457937088,medium
ENSG00000164434,0.0001,0.2585,0.0,0.0,0.0647,0.5,0.0,0.5,False,False,0.0,0.0,0.0,0.0,0.0,0.0,0,0.0,0.0,0.0,no,,neutral,no,14290,0.2561231630510847,short
ENSG00000164438,0.0166,0.5163,0.0,0.0,0.1341,0.3456541610958915,0.7383387152276555,0.5,False,False,0.0,0.0,0.0,0.0,0.0,0.0,0,0.0,0.0,0.0,no,,neutral,no,13310,0.4637114951164538,short
ENSG00000164442,0.0001,0.2585,0.0,0.0,0.0647,0.5,0.0,0.5,False,False,0.0,0.0,0.0,0.0,0.0,0.0,0,0.0,0.0,0.0,no,,neutral,no,24690,0.2586472255974079,short
ENSG00000164458,0.0001,0.2585,0.0,0.0,0.0647,0.5,0.0,0.5,False,False,0.0,0.0,0.0,0.0,0.0,0.0,0,0.0,0.0,0.0,no,,neutral,no,51620,0.2989151491669895,medium
ENSG00000164463,0.1846,0.6709,0.15,0.0,0.3731,0.0081102594675914,8.242956474641687,0.0246278575041512,True,False,0.0,0.0,0.0,0.0,0.0,0.0,0,0.0,0.0,0.0,no,,gene-driven,no,108780,0.13570509284795,long
ENSG00000164466,0.8441,0.7875,0.15,0.0,0.6001,3.250098190576978e-09,37.70286688962005,1.5279762192750373e-08,True,False,0.0,0.0,0.0,0.0,0.0,0.0,0,0.0,0.0,0.0,no,,gene-driven,no,52990,0.16874882053217588,medium
ENSG00000164483,0.055,0.607,0.0,0.0,0.1682,0.1468852932558769,2.44991226822458,0.3735211905187789,False,False,0.0,0.0,0.0,0.0,0.0,0.0,0,0.0,0.0,0.0,no,,neutral,no,105610,0.16483287567465202,long
ENSG00000164484,0.0001,0.2585,0.0,0.0,0.0647,0.5,0.0,0.5,False,False,0.0,0.0,0.0,0.0,0.0,0.0,0,0.0,0.0,0.0,no,,neutral,no,58920,0.14764086897488118,medium
ENSG00000164485,0.0001,0.2585,0.0,0.0,0.0647,0.5,0.0,0.5,False,False,0.0,0.0,0.0,0.0,0.0,0.0,0,0.0,0.0,0.0,no,,neutral,no,21460,0.2955731593662628,short
ENSG00000164488,0.0001,0.2585,0.0,0.0,0.0647,0.5,0.0,0.5,False,False,0.0,0.0,0.0,0.0,0.0,0.0,0,0.0,0.0,0.0,no,,neutral,no,82030,0.2794953065951481,long
ENSG00000164500,0.0001,0.0292,0.0,0.0,0.0073,0.5,-0.0056351740449827,0.5,False,False,0.0,0.0,0.0,0.0,0.0,0.0,0,0.0,0.0,0.0,no,,neutral,no,20750,0.26640963855421684,short
ENSG00000164509,1.0,0.9517,0.15,0.0,0.6879,0.0,139.5560267440451,0.0,True,False,0.0,0.0,0.0,0.0,0.0,0.0,0,0.0,0.0,0.0,no,,gene-driven,no,163690,0.20621296352862117,long
ENSG00000164512,1.0,0.991,0.15,0.0,0.6977,0.0,304.2183897576397,0.0,True,False,0.0,0.0,0.0,0.0,0.0,0.0,0,0.0,0.0,0.0,no,,gene-driven,no,84720,0.22227337110481588,long
ENSG00000164530,0.0498,0.5993,0.0,0.0,0.1648,0.1646576414166652,2.221479361018282,0.4107357614877094,False,False,0.0,0.0,0.0,0.0,0.0,0.0,0,0.0,0.0,0.0,no,,neutral,no,57290,0.1905568161982894,medium
ENSG00000164532,0.0001,0.2585,0.0,0.0,0.0647,0.5,0.0,0.5,False,False,0.0,0.0,0.0,0.0,0.0,0.0,0,0.0,0.0,0.0,no,,neutral,no,23840,0.29223993288590605,short
ENSG00000164543,0.0001,0.2585,0.0,0.0,0.0647,0.5,0.0,0.5,False,False,0.0,0.0,0.0,0.0,0.0,0.0,0,0.0,0.0,0.0,no,,neutral,no,52540,0.14680243623905595,medium
ENSG00000164548,0.2243,0.6815,0.15,0.0,0.3877,0.0033475726820017,10.01274517560705,0.0105052533250957,True,False,0.0,0.0,0.0,0.0,0.0,0.0,0,0.0,0.0,0.0,no,,gene-driven,no,30160,0.22281167108753316,short
ENSG00000164576,0.0001,0.0086,0.0,0.0,0.0022,0.5,-0.0086448686033691,0.5,False,False,0.0,0.0,0.0,0.0,0.0,0.0,0,0.0,0.0,0.0,no,,neutral,no,17650,0.2745042492917847,short
ENSG00000164587,0.3158,0.7031,0.15,0.0,0.4205,0.0004336531130239,14.10023688339243,0.0014593982301629,True,False,0.0,0.0,0.0,0.0,0.0,0.0,0,0.0,0.0,0.0,no,,gene-driven,no,26810,0.16743752331219694,short
ENSG00000164588,0.0418,0.5879,0.0,0.0,0.1595,0.1970452528502201,1.862349372167955,0.4778659618122841,False,False,0.0,0.0,0.0,0.0,0.0,0.0,0,0.0,0.0,0.0,no,,neutral,no,162410,0.13089711224678283,long
ENSG00000164591,0.5434,0.7439,0.15,0.0,0.499,2.68416843068886e-06,24.2699848134198,1.0471414724899129e-05,True,False,0.0,0.0,0.0,0.0,0.0,0.0,0,0.0,0.0,0.0,no,,gene-driven,no,26240,0.2584984756097561,short
ENSG00000164603,1.0,0.8134,0.15,0.0,0.6534,9.200401551723304e-11,44.8320835330087,4.926027698414608e-10,True,False,0.0,0.0,0.0,0.0,0.0,0.0,0,0.0,0.0,0.0,no,,gene-driven,no,28750,0.2138782608695652,short
ENSG00000164615,0.5662,0.7487,0.15,0.0,0.507,1.612310561893704e-06,25.28939019133031,6.410577725706861e-06,True,False,0.0,0.0,0.0,0.0,0.0,0.0,0,0.0,0.0,0.0,no,,gene-driven,no,42240,0.19839015151515152,medium
ENSG00000164620,0.0807,0.6293,0.0,0.0,0.1815,0.0826084714964105,3.600991724804771,0.2226118725977128,False,False,0.0,0.0,0.0,0.0,0.0,0.0,0,0.0,0.0,0.0,no,,neutral,no,39780,0.32838109602815485,medium
ENSG00000164626,0.254,0.6884,0.15,0.0,0.3983,0.0017225671906179,11.3415847354272,0.0055242096751346,True,False,0.0,0.0,0.0,0.0,0.0,0.0,0,0.0,0.0,0.0,no,,gene-driven,no,21370,0.4089845577912962,short
ENSG00000164674,0.108,0.6437,0.075,0.0,0.2683,0.0449394729667734,4.818583118543756,0.1260738514025557,False,False,0.0,0.0,0.0,0.0,0.0,0.0,0,0.0,0.0,0.0,no,,neutral,no,55410,0.4109727486013355,medium
ENSG00000164675,0.157,0.663,0.15,0.0,0.3629,0.0150239255577044,7.009928261824825,0.044561124462744,True,False,0.0,0.0,0.0,0.0,0.0,0.0,0,0.0,0.0,0.0,no,,gene-driven,no,95610,0.16131157828679007,long
ENSG00000164683,1.0,0.9859,0.15,0.0,0.6965,0.0,243.6091666757784,0.0,True,False,0.0,0.0,0.0,0.0,0.0,0.0,0,0.0,0.0,0.0,no,,gene-driven,no,54150,0.2214589104339797,medium
ENSG00000164684,0.0001,0.2585,0.0,0.0,0.0647,0.5,0.0,0.5,False,False,0.0,0.4076,0.0,0.0,0.0,0.1426,1,0.0,0.0,0.0,no,,neutral,no,34620,0.27290583477758523,medium
ENSG00000164690,1.0,0.8349,0.15,0.0,0.6587,2.0283219548389297e-12,52.46135700474588,1.2273568617237027e-11,True,False,0.0,0.0,0.0,0.0,0.0,0.0,0,0.0,0.0,0.0,no,,gene-driven,no,41740,0.2687350263536176,medium
ENSG00000164691,0.1253,0.6506,0.075,0.0,0.2752,0.0305219959856487,5.592320989857399,0.087300982192419,False,False,0.0,0.0,0.0,0.0,0.0,0.0,0,0.0,0.0,0.0,no,,neutral,no,56450,0.26099202834366697,medium
ENSG00000164692,0.0001,0.033,0.0,0.0,0.0083,0.5,-0.0050882889190688,0.5,False,False,0.0,0.4076,0.0,0.0,0.0,0.1426,1,0.0,0.0,0.0,no,,neutral,no,147250,0.2543293718166384,long
ENSG00000164695,0.0152,0.5064,0.0,0.0,0.1312,0.3570143627614777,0.6736641712122946,0.5,False,False,0.0,0.4076,0.0,0.0,0.0,0.1426,1,0.0,0.0,0.0,no,,neutral,no,14220,0.2592827004219409,short
ENSG00000164708,0.0001,0.1134,0.0,0.0,0.0284,0.5,-1.434868181604543e-05,0.5,False,False,0.0,0.0,0.0,0.0,0.0,0.0,0,0.0,0.0,0.0,no,,neutral,no,11040,0.4245471014492754,short
ENSG00000164715,0.0134,0.4916,0.0,0.0,0.1269,0.3718431833544634,0.5922717662615469,0.5,False,False,0.0,0.0,0.0,0.0,0.0,0.0,0,0.0,0.0,0.0,no,,neutral,no,184860,0.2531970139565076,long
ENSG00000164742,0.0001,0.2585,0.0,0.0,0.0647,0.5,0.0,0.5,False,False,0.0,0.0,0.0,0.0,0.0,0.0,0,0.0,0.0,0.0,no,,neutral,no,184850,0.19268596159047877,long
ENSG00000164746,0.7336,0.7726,0.15,0.0,0.5632,3.838432871550168e-08,32.76493877382381,1.6866046910857365e-07,True,False,0.0,0.0,0.0,0.0,0.0,0.0,0,0.0,0.0,0.0,no,,gene-driven,no,42880,0.22824160447761194,medium
ENSG00000164749,0.0001,0.2585,0.0,0.0,0.0647,0.5,0.0,0.5,False,False,0.0,0.0,0.0,0.0,0.0,0.0,0,0.0,0.0,0.0,no,,neutral,no,61650,0.19341443633414437,medium
ENSG00000164754,0.8982,0.7945,0.15,0.0,0.6181,9.723186145116358e-10,40.11638073666836,4.727578483461267e-09,True,False,0.0,0.0,0.0,0.0,0.0,0.0,0,0.0,0.0,0.0,no,,gene-driven,no,164970,0.11431775474328666,long
ENSG00000164756,0.0001,0.0497,0.0,0.0,0.0124,0.5,-0.0032990185645758,0.5,False,False,0.0,0.4076,0.0,0.0,0.0,0.1426,1,0.0,0.0,0.0,no,,neutral,no,45710,0.17390067818858018,medium
ENSG00000164758,0.0001,0.0991,0.0,0.0,0.0248,0.5,-0.0003041542468054,0.5,False,False,0.0,0.0,0.0,0.0,0.0,0.0,0,0.0,0.0,0.0,no,,neutral,no,15720,0.2580152671755725,short
ENSG00000164764,0.0001,0.0483,0.0,0.0,0.0121,0.5,-0.0034966683342645,0.5,False,False,0.0,0.0,0.0,0.0,0.0,0.0,0,0.0,0.0,0.0,no,,neutral,no,53860,0.13067211288525807,medium
ENSG00000164776,0.0001,0.2585,0.0,0.0,0.0647,0.5,0.0,0.5,False,False,0.0,0.0,0.0,0.0,0.0,0.0,0,0.0,0.0,0.0,no,,neutral,no,51320,0.2785853468433359,medium
ENSG00000164794,0.0508,0.6011,0.0,0.0,0.1655,0.1613113041362648,2.262544068395073,0.4041023194918495,False,False,0.0,0.0,0.0,0.0,0.0,0.0,0,0.0,0.0,0.0,no,,neutral,no,45030,0.21674439262713746,medium
ENSG00000164808,0.3349,0.7073,0.15,0.0,0.4273,0.0002829915088994,14.95389296830399,0.0009660945540604,True,False,0.0,0.4076,0.0,0.0,0.0,0.1426,1,0.0,0.0,0.0,no,,gene-driven,no,160390,0.2299208180061101,long
ENSG00000164815,0.0001,0.0334,0.0,0.0,0.0084,0.5,-0.0050449363843654,0.5,False,False,0.0,0.0,0.0,0.0,0.0,0.0,0,0.0,0.0,0.0,no,,neutral,no,62350,0.1809943865276664,medium
ENSG00000164816,0.0001,0.2585,0.0,0.0,0.0647,0.5,0.0,0.5,False,False,0.0,0.0,0.0,0.0,0.0,0.0,0,0.0,0.0,0.0,no,,neutral,no,3920,0.4002551020408163,short
ENSG00000164823,0.2092,0.6769,0.15,0.0,0.382,0.0046842370069896,9.34081010949376,0.0144896734283374,True,False,0.0,0.0,0.0,0.0,0.0,0.0,0,0.0,0.0,0.0,no,,gene-driven,no,91320,0.16185939553219447,long
ENSG00000164825,0.0095,0.4753,0.0,0.0,0.1217,0.4050440225391396,0.4212246791662437,0.5,False,False,0.0,0.0,0.0,0.0,0.0,0.0,0,0.0,0.0,0.0,no,,neutral,no,2650,0.3739622641509434,short
ENSG00000164889,0.0001,0.2585,0.0,0.0,0.0647,0.5,0.0,0.5,False,False,0.0,0.0,0.0,0.0,0.0,0.0,0,0.0,0.0,0.0,no,,neutral,no,255350,0.29546896416682983,long
ENSG00000164896,1.0,0.9578,0.15,0.0,0.6894,0.0,148.6748377648037,0.0,True,False,0.0,0.0,0.0,0.0,0.0,0.0,0,0.0,0.0,0.0,no,,gene-driven,no,64790,0.3367340638987498,medium
ENSG00000164900,0.0001,0.0281,0.0,0.0,0.0071,0.5,-0.0057665962831379,0.5,False,False,0.0,0.0,0.0,0.0,0.0,0.0,0,0.0,0.0,0.0,no,,neutral,no,24310,0.32509255450431923,short
ENSG00000164902,0.0001,0.0414,0.0,0.0,0.0104,0.5,-0.0041140567482216,0.5,False,False,0.0,0.4076,0.0,0.0,0.0,0.1426,1,0.0,0.0,0.0,no,,neutral,no,23650,0.239492600422833,short
ENSG00000164919,0.0001,0.2585,0.0,0.0,0.0647,0.5,0.0,0.5,False,False,0.0,0.4076,0.0,0.0,0.0,0.1426,1,0.0,0.0,0.0,no,,neutral,no,22860,0.10975503062117235,short
ENSG00000164924,1.0,0.994,0.15,0.0,0.6985,0.0,342.6543580415528,0.0,True,False,0.0,0.0,0.0,0.0,0.0,0.0,0,0.0,0.0,0.0,no,,gene-driven,no,105350,0.10321784527764594,long
ENSG00000164930,0.0001,0.3973,0.0,0.0,0.0994,0.4998889947622597,0.0004440702468855,0.5,False,False,0.0,0.0,0.0,0.0,0.0,0.0,0,0.0,0.0,0.0,no,,neutral,no,87130,0.15916446688855732,long
ENSG00000164932,1.0,0.8504,0.15,0.0,0.6626,3.952393967665557e-14,60.33854253846948,2.638819811432011e-13,True,False,0.0,0.0,0.0,0.0,0.0,0.0,0,0.0,0.0,0.0,no,,gene-driven,no,26760,0.2978699551569507,short
ENSG00000164933,0.0543,0.6053,0.0,0.0,0.1676,0.1490901734040179,2.420113569554815,0.3775162792345467,False,False,0.0,0.0,0.0,0.0,0.0,0.0,0,0.0,0.0,0.0,no,,neutral,no,54790,0.22336192735900712,medium
ENSG00000164935,0.0001,0.2585,0.0,0.0,0.0647,0.5,0.0,0.5,False,False,0.0,0.4076,0.0,0.0,0.0,0.1426,1,0.0,0.0,0.0,no,,neutral,no,33370,0.243422235540905,medium
ENSG00000164938,0.0001,0.2585,0.0,0.0,0.0647,0.5,0.0,0.5,False,False,0.0,0.0,0.0,0.0,0.0,0.0,0,0.0,0.0,0.0,no,,neutral,no,24310,0.2492801316330728,short
ENSG00000164946,0.0051,0.4554,0.0,0.0,0.1154,0.4476462691356366,0.2212095114082331,0.5,False,False,0.0,0.4076,0.0,0.0,0.0,0.1426,1,0.0,0.0,0.0,no,,neutral,no,187650,0.25343991473487876,long
ENSG00000164967,0.0001,0.2585,0.0,0.0,0.0647,0.5,0.0,0.5,False,False,0.0,0.0,0.0,0.0,0.0,0.0,0,0.0,0.0,0.0,no,,neutral,no,19980,0.22452452452452454,short
ENSG00000164972,0.0105,0.4781,0.0,0.0,0.1227,0.3968046729091861,0.4623278931649111,0.5,False,False,0.0,0.0,0.0,0.0,0.0,0.0,0,0.0,0.0,0.0,no,,neutral,no,35520,0.22280405405405404,medium
ENSG00000164975,0.2799,0.6956,0.15,0.0,0.4079,0.000965113473312,12.50023538821188,0.0031686299777255,True,False,0.0,0.0,0.0,0.0,0.0,0.0,0,0.0,0.0,0.0,no,,gene-driven,no,64370,0.1465278856610222,medium
ENSG00000164976,0.0002,0.4049,0.0,0.0,0.1013,0.4987586685555564,0.0049714996130205,0.5,False,False,0.0,0.0,0.0,0.0,0.0,0.0,0,0.0,0.0,0.0,no,,neutral,no,26220,0.5238749046529367,short
ENSG00000164978,0.1505,0.66,0.075,0.0,0.2852,0.0173719785039188,6.719499242401071,0.0510686885806692,False,False,0.0,0.0,0.0,0.0,0.0,0.0,0,0.0,0.0,0.0,no,,neutral,no,18020,0.19433962264150945,short
ENSG00000164985,0.0001,0.3983,0.0,0.0,0.0996,0.4998564622198228,0.0005742335488321,0.5,False,False,0.0,0.0,0.0,0.0,0.0,0.0,0,0.0,0.0,0.0,no,,neutral,no,75350,0.19494359654943597,medium
ENSG00000165006,0.3709,0.7145,0.15,0.0,0.4399,0.0001264840529089,16.56449428239284,0.0004427386904778,True,False,0.0,0.0,0.0,0.0,0.0,0.0,0,0.0,0.0,0.0,no,,gene-driven,no,102620,0.28190411225881895,long
ENSG00000165025,0.0177,0.5221,0.0,0.0,0.1358,0.3375195436351323,0.785969365388155,0.5,False,False,0.0,0.0,0.0,0.0,0.0,0.0,0,0.0,0.0,0.0,no,,neutral,no,156750,0.20553748006379585,long
ENSG00000165030,0.0001,0.2585,0.0,0.0,0.0647,0.5,0.0,0.5,False,False,0.0,0.0,0.0,0.0,0.0,0.0,0,0.0,0.0,0.0,no,,neutral,no,41580,0.17866762866762867,medium
ENSG00000165046,1.0,0.8914,0.15,0.0,0.6729,0.0,82.10239871037629,0.0,True,False,0.0,0.4076,0.0,0.0,0.0,0.1426,1,0.0,0.0,0.0,no,,gene-driven,no,98730,0.19916945204091968,long
ENSG00000165066,0.0249,0.5426,0.0,0.0,0.1431,0.2872645915709578,1.10840877096598,0.5,False,False,0.0,0.0,0.0,0.0,0.0,0.0,0,0.0,0.0,0.0,no,,neutral,no,22580,0.3046058458813109,short
ENSG00000165071,0.481,0.7324,0.15,0.0,0.4774,1.0825575118667e-05,21.48090395246982,4.0425233213400645e-05,True,False,0.0,0.4076,0.0,0.0,0.0,0.1426,1,0.0,0.0,0.0,no,,gene-driven,no,63780,0.17568203198494825,medium
ENSG00000165072,0.0001,0.2585,0.0,0.0,0.0647,0.5,0.0,0.5,False,False,0.0,0.0,0.0,0.0,0.0,0.0,0,0.0,0.0,0.0,no,,neutral,no,52200,0.2064176245210728,medium
ENSG00000165076,0.0001,0.2585,0.0,0.0,0.0647,0.5,0.0,0.5,False,False,0.0,0.0,0.0,0.0,0.0,0.0,0,0.0,0.0,0.0,no,,neutral,no,24410,0.25497746825071693,short
ENSG00000165078,0.0128,0.4883,0.0,0.0,0.1259,0.3767569071414342,0.5660158551581844,0.5,False,False,0.0,0.0,0.0,0.0,0.0,0.0,0,0.0,0.0,0.0,no,,neutral,no,39510,0.18812958744621613,medium
ENSG00000165084,0.0002,0.4019,0.0,0.0,0.1005,0.4993363845294853,0.0026562249840935,0.5,False,False,0.0,0.0,0.0,0.0,0.0,0.0,0,0.0,0.0,0.0,no,,neutral,no,90080,0.19718028419182948,long
ENSG00000165097,1.0,0.8293,0.15,0.0,0.6573,6.380285189067081e-12,50.16933030709333,3.733592768284666e-11,True,False,0.0,0.0,0.0,0.0,0.0,0.0,0,0.0,0.0,0.0,no,,gene-driven,no,127600,0.22987460815047023,long
ENSG00000165105,0.0046,0.4526,0.0,0.0,0.1145,0.4518851278560255,0.2023601855908055,0.5,False,False,0.0,0.0,0.0,0.0,0.0,0.0,0,0.0,0.0,0.0,no,,neutral,no,54830,0.2715848987780412,medium
ENSG00000165115,0.2608,0.6906,0.15,0.0,0.4009,0.0014789303957124,11.64657795515086,0.0047767531092686,True,False,0.0,0.4076,0.0,0.0,0.0,0.1426,1,0.0,0.0,0.0,no,,gene-driven,no,282510,0.12457258150153977,long
ENSG00000165118,0.0001,0.0919,0.0,0.0,0.023,0.5,-0.0004779406262969,0.5,False,False,0.0,0.0,0.0,0.0,0.0,0.0,0,0.0,0.0,0.0,no,,neutral,no,30890,0.18624150210424084,short
ENSG00000165120,0.6982,0.7666,0.15,0.0,0.5511,8.467474571505208e-08,31.18260252200253,3.624545483534157e-07,True,False,0.0,0.0,0.0,0.0,0.0,0.0,0,0.0,0.0,0.0,no,,gene-driven,no,13160,0.2693009118541033,short
ENSG00000165152,0.0001,0.2585,0.0,0.0,0.0647,0.5,0.0,0.5,False,False,0.0,0.0,0.0,0.0,0.0,0.0,0,0.0,0.0,0.0,no,,neutral,no,60450,0.1699917287014061,medium
ENSG00000165185,0.0001,0.2585,0.0,0.0,0.0647,0.5,0.0,0.5,False,False,0.0,0.0,0.0,0.0,0.0,0.0,0,0.0,0.0,0.0,no,,neutral,no,162560,0.1859498031496063,long
ENSG00000165233,0.8926,0.7941,0.15,0.0,0.6163,1.100167346113068e-09,39.86931273610207,5.3387632971379515e-09,True,False,0.0,0.0,0.0,0.0,0.0,0.0,0,0.0,0.0,0.0,no,,gene-driven,no,20340,0.2599803343166175,short
ENSG00000165244,0.0001,0.2585,0.0,0.0,0.0647,0.5,0.0,0.5,False,False,0.0,0.0,0.0,0.0,0.0,0.0,0,0.0,0.0,0.0,no,,neutral,no,29870,0.22306662202879143,short
ENSG00000165272,0.1384,0.6556,0.075,0.0,0.2804,0.0227781004451646,6.177617061774072,0.0661016753875431,False,False,0.0,0.0,0.0,0.0,0.0,0.0,0,0.0,0.0,0.0,no,,neutral,no,25260,0.25938242280285034,short
ENSG00000165275,0.0001,0.106,0.0,0.0,0.0265,0.5,-0.0001355362146568,0.5,False,False,0.0,0.4076,0.0,0.0,0.0,0.1426,1,0.0,0.0,0.0,no,,neutral,no,50200,0.24639442231075698,medium
ENSG00000165283,0.3605,0.7117,0.15,0.0,0.4361,0.0001595333772272,16.10022043102072,0.0005529749256645,True,False,0.0,0.0,0.0,0.0,0.0,0.0,0,0.0,0.0,0.0,no,,gene-driven,no,61900,0.28077544426494344,medium
ENSG00000165325,0.5567,0.7469,0.15,0.0,0.5037,1.996490497091497e-06,24.86194497944962,7.881383914708814e-06,True,False,0.0,0.0,0.0,0.0,0.0,0.0,0,0.0,0.0,0.0,no,,gene-driven,no,128280,0.12033832241970689,long
ENSG00000165379,0.0054,0.4584,0.0,0.0,0.1162,0.4439171931104793,0.2379401107609738,0.5,False,False,0.0,0.0,0.0,0.0,0.0,0.0,0,0.0,0.0,0.0,no,,neutral,no,219740,0.1421452625830527,long
ENSG00000165383,0.0002,0.4035,0.0,0.0,0.1009,0.4990264685080941,0.0038979219498287,0.5,False,False,0.0,0.0,0.0,0.0,0.0,0.0,0,0.0,0.0,0.0,no,,neutral,no,15780,0.2885931558935361,short
ENSG00000165392,0.0081,0.4698,0.0,0.0,0.1199,0.4178743161220128,0.3588547804683913,0.5,False,False,0.0,0.0,0.0,0.0,0.0,0.0,0,0.0,0.0,0.0,no,,neutral,no,295900,0.14293342345386956,long
ENSG00000165410,1.0,0.9546,0.15,0.0,0.6886,0.0,143.9909341865641,0.0,True,False,0.0,0.0,0.0,0.0,0.0,0.0,0,0.0,0.0,0.0,no,,gene-driven,no,35930,0.1199276370720846,medium
ENSG00000165416,0.0001,0.0563,0.0,0.0,0.0141,0.5,-0.0026651954976841,0.5,False,False,0.0,0.0,0.0,0.0,0.0,0.0,0,0.0,0.0,0.0,no,,neutral,no,78760,0.15802437785678008,long
ENSG00000165417,0.0001,0.2585,0.0,0.0,0.0647,0.5,0.0,0.5,False,False,0.0,0.0,0.0,0.0,0.0,0.0,0,0.0,0.0,0.0,no,,neutral,no,48500,0.21498969072164947,medium
ENSG00000165434,0.0001,0.2585,0.0,0.0,0.0647,0.5,0.0,0.5,False,False,0.0,0.0,0.0,0.0,0.0,0.0,0,0.0,0.0,0.0,no,,neutral,no,107240,0.1586348377471093,long
ENSG00000165443,0.0001,0.2585,0.0,0.0,0.0647,0.5,0.0,0.5,False,False,0.0,0.0,0.0,0.0,0.0,0.0,0,0.0,0.0,0.0,no,,neutral,no,49980,0.19869947979191677,medium
ENSG00000165449,0.5694,0.7493,0.15,0.0,0.5082,1.501181875862567e-06,25.43222132473602,5.983075841779173e-06,True,False,0.0,0.0,0.0,0.0,0.0,0.0,0,0.0,0.0,0.0,no,,gene-driven,no,49280,0.221875,medium
ENSG00000165457,0.0001,0.3975,0.0,0.0,0.0994,0.4998865014849347,0.0004540455956885,0.5,False,False,0.0,0.0,0.0,0.0,0.0,0.0,0,0.0,0.0,0.0,no,,neutral,no,74180,0.19769479644108925,medium
ENSG00000165458,1.0,0.8814,0.15,0.0,0.6703,0.0,75.31456219898246,0.0,True,False,0.0,0.0,0.0,0.0,0.0,0.0,0,0.0,0.0,0.0,no,,gene-driven,no,226860,0.28275588468659085,long
ENSG00000165471,1.0,0.8806,0.15,0.0,0.6701,5.551115123125783e-17,74.50515477005501,4.453426874585104e-16,True,False,0.0,0.0,0.0,0.0,0.0,0.0,0,0.0,0.0,0.0,no,,gene-driven,no,30330,0.18763600395647873,short
ENSG00000165474,0.0001,0.2585,0.0,0.0,0.0647,0.5,0.0,0.5,False,False,0.0,0.0,0.0,0.0,0.0,0.0,0,0.0,0.0,0.0,no,,neutral,no,13560,0.28738938053097346,short
ENSG00000165476,1.0,0.8309,0.15,0.0,0.6577,4.651778962028175e-12,50.80124077675646,2.7479748880199693e-11,True,False,0.0,0.0,0.0,0.0,0.0,0.0,0,0.0,0.0,0.0,no,,gene-driven,no,41580,0.15735930735930737,medium
ENSG00000165478,0.0001,0.1027,0.0,0.0,0.0257,0.5,-0.0002338784834137,0.5,False,False,0.0,0.0,0.0,0.0,0.0,0.0,0,0.0,0.0,0.0,no,,neutral,no,59380,0.1871505557426743,medium
ENSG00000165480,0.0759,0.6259,0.0,0.0,0.1792,0.0919959796020551,3.38572644415035,0.2457508069498508,False,False,0.0,0.0,0.0,0.0,0.0,0.0,0,0.0,0.0,0.0,no,,neutral,no,29590,0.25106454883406554,short
ENSG00000165494,1.0,0.8177,0.15,0.0,0.6544,4.3264059002012794e-11,46.3411025814421,2.369993716696164e-10,True,False,0.0,0.0,0.0,0.0,0.0,0.0,0,0.0,0.0,0.0,no,,gene-driven,no,209090,0.16342723229231432,long
ENSG00000165495,0.0001,0.2585,0.0,0.0,0.0647,0.5,0.0,0.5,False,False,0.0,0.8761,0.0,0.0,0.0,0.3066,2,0.0,0.0,0.0,no,,regulation-driven,no,63610,0.19886810249960699,medium
ENSG00000165501,1.0,0.9284,0.15,0.0,0.6821,0.0,112.7395728845804,0.0,True,False,0.0,0.0,0.0,0.0,0.0,0.0,0,0.0,0.0,0.0,no,,gene-driven,no,31400,0.25971337579617837,short
ENSG00000165512,0.0001,0.2585,0.0,0.0,0.0647,0.5,0.0,0.5,False,False,0.0,0.0,0.0,0.0,0.0,0.0,0,0.0,0.0,0.0,no,,neutral,no,13440,0.2526785714285714,short
ENSG00000165516,0.0088,0.4723,0.0,0.0,0.1207,0.4120378809802307,0.3869856183227967,0.5,False,False,0.0,0.0,0.0,0.0,0.0,0.0,0,0.0,0.0,0.0,no,,neutral,no,62180,0.22685751045352204,medium
ENSG00000165525,0.7935,0.7805,0.15,0.0,0.5832,1.0066568689737211e-08,35.44179750364856,4.581071606839239e-08,True,False,0.0,0.0,0.0,0.0,0.0,0.0,0,0.0,0.0,0.0,no,,gene-driven,no,161480,0.1427297498142185,long
ENSG00000165526,0.5335,0.7417,0.15,0.0,0.4955,3.353497675717687e-06,23.8247189879803,1.2970682300948504e-05,True,False,0.0,0.0,0.0,0.0,0.0,0.0,0,0.0,0.0,0.0,no,,gene-driven,no,28810,0.2516487330787921,short
ENSG00000165527,1.0,0.9674,0.15,0.0,0.6919,0.0,171.8758396445855,0.0,True,False,0.0,0.0,0.0,0.0,0.0,0.0,0,0.0,0.0,0.0,no,,gene-driven,no,19830,0.20842158345940495,short
ENSG00000165556,0.0001,0.0971,0.0,0.0,0.0243,0.5,-0.0003567832918633,0.5,False,False,0.0,0.4076,0.0,0.0,0.0,0.1426,1,0.0,0.0,0.0,no,,neutral,no,13370,0.468436798803291,short
ENSG00000165566,0.0001,0.0575,0.0,0.0,0.0144,0.5,-0.0025818858557613,0.5,False,False,0.0,0.0,0.0,0.0,0.0,0.0,0,0.0,0.0,0.0,no,,neutral,no,56180,0.2515663937344251,medium
ENSG00000165588,0.0001,0.0191,0.0,0.0,0.0048,0.5,-0.0069805503699171,0.5,False,False,0.0,0.0,0.0,0.0,0.0,0.0,0,0.0,0.0,0.0,no,,neutral,no,92740,0.11979728272590037,long
ENSG00000165606,0.0001,0.0133,0.0,0.0,0.0033,0.5,-0.007838842876481,0.5,False,False,0.0,0.0,0.0,0.0,0.0,0.0,0,0.0,0.0,0.0,no,,neutral,no,19710,0.284830035514967,short
ENSG00000165609,0.1424,0.657,0.075,0.0,0.282,0.0208155801510799,6.357812692873267,0.0606541860992805,False,False,0.0,0.0,0.0,0.0,0.0,0.0,0,0.0,0.0,0.0,no,,neutral,no,40070,0.26683304217619164,medium
ENSG00000165623,0.0001,0.2585,0.0,0.0,0.0647,0.5,0.0,0.5,False,False,0.0,0.0,0.0,0.0,0.0,0.0,0,0.0,0.0,0.0,no,,neutral,no,14990,0.3122081387591728,short
ENSG00000165629,0.0002,0.4015,0.0,0.0,0.1004,0.4994140731639541,0.0023450816588592,0.5,False,False,0.0,0.0,0.0,0.0,0.0,0.0,0,0.0,0.0,0.0,no,,neutral,no,39450,0.22869455006337136,medium
ENSG00000165630,1.0,0.8973,0.15,0.0,0.6743,0.0,85.39547142586889,0.0,True,False,0.0,0.0,0.0,0.0,0.0,0.0,0,0.0,0.0,0.0,no,,gene-driven,no,43000,0.24348837209302326,medium
ENSG00000165632,1.0,0.9152,0.15,0.0,0.6788,0.0,100.5029034595209,0.0,True,False,0.0,0.4076,0.0,0.0,0.0,0.1426,1,0.0,0.0,0.0,no,,gene-driven,no,149060,0.16237085737287,long
ENSG00000165633,0.0001,0.2585,0.0,0.0,0.0647,0.5,0.0,0.5,False,False,0.0,0.0,0.0,0.0,0.0,0.0,0,0.0,0.0,0.0,no,,neutral,no,74690,0.1927567278082742,medium
ENSG00000165637,0.0001,0.2585,0.0,0.0,0.0647,0.5,0.0,0.5,False,False,0.0,0.0,0.0,0.0,0.0,0.0,0,0.0,0.0,0.0,no,,neutral,no,76430,0.14715425879890096,medium
ENSG00000165646,0.0001,0.3985,0.0,0.0,0.0997,0.4998429253317417,0.0006283973834797,0.5,False,False,0.0,0.0,0.0,0.0,0.0,0.0,0,0.0,0.0,0.0,no,,neutral,no,39200,0.22191326530612246,medium
ENSG00000165650,0.0001,0.2585,0.0,0.0,0.0647,0.5,0.0,0.5,False,False,0.0,0.0,0.0,0.0,0.0,0.0,0,0.0,0.0,0.0,no,,neutral,no,123310,0.19815100154083204,long
ENSG00000165660,0.0001,0.0203,0.0,0.0,0.0051,0.5,-0.0068712915399373,0.5,False,False,0.0,0.0,0.0,0.0,0.0,0.0,0,0.0,0.0,0.0,no,,neutral,no,29060,0.21459050240880936,short
ENSG00000165669,1.0,0.8645,0.15,0.0,0.6661,1.498801083243961e-15,66.91415708838758,1.1044498648971056e-14,True,False,0.0,0.4076,0.0,0.0,0.0,0.1426,1,0.0,0.0,0.0,no,,gene-driven,no,44730,0.18379163872121618,medium
ENSG00000165672,0.016,0.5121,0.0,0.0,0.1328,0.3502821266667019,0.7117383848617465,0.5,False,False,0.0,0.0,0.0,0.0,0.0,0.0,0,0.0,0.0,0.0,no,,neutral,no,26470,0.1871174914998111,short
ENSG00000165678,0.0528,0.6037,0.0,0.0,0.1668,0.1540307619511032,2.35491152582108,0.3885136967265656,False,False,0.0,0.0,0.0,0.0,0.0,0.0,0,0.0,0.0,0.0,no,,neutral,no,112490,0.10923637656680593,long
ENSG00000165682,0.0257,0.5448,0.0,0.0,0.1439,0.2822552947177971,1.143592273127069,0.5,False,False,0.0,0.0,0.0,0.0,0.0,0.0,0,0.0,0.0,0.0,no,,neutral,no,24210,0.210119785212722,short
ENSG00000165685,0.0143,0.5,0.0,0.0,0.1293,0.3637700606411444,0.6361722638175706,0.5,False,False,0.0,0.0,0.0,0.0,0.0,0.0,0,0.0,0.0,0.0,no,,neutral,no,18560,0.2573814655172414,short
ENSG00000165688,0.0381,0.5816,0.0,0.0,0.1568,0.2138914720191798,1.698278704134282,0.5,False,False,0.0,0.0,0.0,0.0,0.0,0.0,0,0.0,0.0,0.0,no,,neutral,no,164060,0.14317322930635135,long
ENSG00000165695,0.0001,0.2585,0.0,0.0,0.0647,0.5,0.0,0.5,False,False,0.0,0.4076,0.0,0.0,0.0,0.1426,1,0.0,0.0,0.0,no,,neutral,no,30870,0.34904437965662455,short
ENSG00000165698,1.0,0.9399,0.15,0.0,0.685,0.0,122.5836804008504,0.0,True,False,0.0,0.4076,0.0,0.0,0.0,0.1426,1,0.0,0.0,0.0,no,,gene-driven,no,25700,0.34470817120622566,short
ENSG00000165702,0.013,0.4893,0.0,0.0,0.1262,0.3747574722032926,0.5766580449053436,0.5,False,False,0.0,0.0,0.0,0.0,0.0,0.0,0,0.0,0.0,0.0,no,,neutral,no,58730,0.2242635790907543,medium
ENSG00000165714,0.1601,0.6637,0.15,0.0,0.3639,0.0140371097600497,7.145807157228774,0.0417088315092518,True,False,0.0,0.4076,0.0,0.0,0.0,0.1426,1,0.0,0.0,0.0,no,,gene-driven,no,22590,0.2702080566622399,short
ENSG00000165716,0.0001,0.006,0.0,0.0,0.0015,0.5,-0.0089883555046981,0.5,False,False,0.0,0.0,0.0,0.0,0.0,0.0,0,0.0,0.0,0.0,no,,neutral,no,49060,0.26396249490419893,medium
ENSG00000165730,0.0371,0.58,0.0,0.0,0.1561,0.2187607245696874,1.653259095430258,0.5,False,False,0.0,0.0,0.0,0.0,0.0,0.0,0,0.0,0.0,0.0,no,,neutral,no,112110,0.15508875211845508,long
ENSG00000165757,0.0013,0.4296,0.0,0.0,0.1078,0.4863850434869375,0.0552150353032629,0.5,False,False,0.0,0.0,0.0,0.0,0.0,0.0,0,0.0,0.0,0.0,no,,neutral,no,227290,0.1935456905275199,long
ENSG00000165782,1.0,0.8498,0.15,0.0,0.6625,4.7573056605187964e-14,59.96675179148224,3.163481063558889e-13,True,False,0.0,0.0,0.0,0.0,0.0,0.0,0,0.0,0.0,0.0,no,,gene-driven,no,23410,0.23853054250320377,short
ENSG00000165792,0.0001,0.0579,0.0,0.0,0.0145,0.5,-0.0025117682016571,0.5,False,False,0.0,0.0,0.0,0.0,0.0,0.0,0,0.0,0.0,0.0,no,,neutral,no,90450,0.13565505804311775,long
ENSG00000165794,0.0339,0.5738,0.0,0.0,0.1536,0.2349639031170927,1.510352399549447,0.5,False,False,0.0,0.0,0.0,0.0,0.0,0.0,0,0.0,0.0,0.0,no,,neutral,no,14790,0.34104124408384046,short
ENSG00000165816,0.005,0.4546,0.0,0.0,0.1151,0.4486414931607803,0.2167679716440034,0.5,False,False,0.0,0.0,0.0,0.0,0.0,0.0,0,0.0,0.0,0.0,no,,neutral,no,70790,0.24527475632151433,medium
ENSG00000165828,0.068,0.6204,0.0,0.0,0.1755,0.1097885184115342,3.032104285661262,0.289088454515072,False,False,0.0,0.0,0.0,0.0,0.0,0.0,0,0.0,0.0,0.0,no,,neutral,no,21960,0.1941712204007286,short
ENSG00000165832,0.0001,0.0163,0.0,0.0,0.0041,0.5,-0.0073648899560794,0.5,False,False,0.0,0.4076,0.0,0.0,0.0,0.1426,1,0.0,0.0,0.0,no,,neutral,no,39130,0.1636084845387171,medium
ENSG00000165861,0.0001,0.0913,0.0,0.0,0.0229,0.5,-0.0005009294764022,0.5,False,False,0.0,0.8761,0.0,0.0,0.0,0.3066,2,0.0,0.0,0.0,no,,regulation-driven,no,117770,0.21037615691602277,long
ENSG00000165886,0.0182,0.5241,0.0,0.0,0.1365,0.3338609377628663,0.8077670922448306,0.5,False,False,0.0,0.0,0.0,0.0,0.0,0.0,0,0.0,0.0,0.0,no,,neutral,no,20720,0.27133204633204633,short
ENSG00000165887,0.0113,0.4821,0.0,0.0,0.1239,0.3897728507735858,0.4980879257564084,0.5,False,False,0.0,0.0,0.0,0.0,0.0,0.0,0,0.0,0.0,0.0,no,,neutral,no,46990,0.2633964673334752,medium
ENSG00000165891,0.0001,0.2585,0.0,0.0,0.0647,0.5,0.0,0.5,False,False,0.0,0.0,0.0,0.0,0.0,0.0,0,0.0,0.0,0.0,no,,neutral,no,111210,0.24992356802445823,long
ENSG00000165929,0.9031,0.7953,0.15,0.0,0.6198,8.714796106978894e-10,40.33536289740005,4.2539151949080505e-09,True,False,0.0,0.0,0.0,0.0,0.0,0.0,0,0.0,0.0,0.0,no,,gene-driven,no,91860,0.17262138036141955,long
ENSG00000165953,0.0001,0.2585,0.0,0.0,0.0647,0.5,0.0,0.5,False,False,0.0,0.0,0.0,0.0,0.0,0.0,0,0.0,0.0,0.0,no,,neutral,no,54970,0.1514826268873931,medium
ENSG00000165966,0.0326,0.5708,0.0,0.0,0.1525,0.2420797876634055,1.450681450922275,0.5,False,False,0.0,0.8761,0.0,0.0,0.0,0.3066,2,0.0,0.0,0.0,no,,regulation-driven,no,158470,0.22363854357291602,long
ENSG00000165970,0.408,0.7189,0.15,0.0,0.4521,5.51979173823991e-05,18.22287630692881,0.0001962504939671,True,False,0.0,0.0,0.0,0.0,0.0,0.0,0,0.0,0.0,0.0,no,,gene-driven,no,94830,0.19518084994200147,long
ENSG00000165973,0.0082,0.47,0.0,0.0,0.12,0.4174634499431509,0.3608222059992841,0.5,False,False,0.0,0.0,0.0,0.0,0.0,0.0,0,0.0,0.0,0.0,no,,neutral,no,154780,0.2971443338932679,long
ENSG00000165983,0.5801,0.7519,0.15,0.0,0.512,1.184320907732239e-06,25.9063876815344,4.769888417052759e-06,True,False,0.0,0.4076,0.0,0.0,0.0,0.1426,1,0.0,0.0,0.0,no,,gene-driven,no,101780,0.1268520337983887,long
ENSG00000165997,0.0001,0.034,0.0,0.0,0.0085,0.5,-0.0050265353638678,0.5,False,False,0.0,0.0,0.0,0.0,0.0,0.0,0,0.0,0.0,0.0,no,,neutral,no,16840,0.17779097387173395,short
ENSG00000166002,0.0001,0.116,0.0,0.0,0.029,0.5,-2.256015250168275e-07,0.5,False,False,0.0,0.0,0.0,0.0,0.0,0.0,0,0.0,0.0,0.0,no,,neutral,no,10050,0.15800995024875622,short
ENSG00000166006,0.0001,0.2585,0.0,0.0,0.0647,0.5,0.0,0.5,False,False,0.0,0.0,0.0,0.0,0.0,0.0,0,0.0,0.0,0.0,no,,neutral,no,183930,0.28854455499374765,long
ENSG00000166012,0.0001,0.0046,0.0,0.0,0.0012,0.5,-0.0092567526335187,0.5,False,False,0.0,0.0,0.0,0.0,0.0,0.0,0,0.0,0.0,0.0,no,,neutral,no,40200,0.12019900497512438,medium
ENSG00000166016,0.0001,0.2585,0.0,0.0,0.0647,0.5,0.0,0.5,False,False,0.0,0.0,0.0,0.0,0.0,0.0,0,0.0,0.0,0.0,no,,neutral,no,81170,0.2973142786743871,long
ENSG00000166024,0.0409,0.5856,0.0,0.0,0.1587,0.201199982850603,1.820617490709992,0.48530296519527,False,False,0.0,0.0,0.0,0.0,0.0,0.0,0,0.0,0.0,0.0,no,,neutral,no,126130,0.22893839689209547,long
ENSG00000166033,1.0,0.9618,0.15,0.0,0.6905,0.0,156.8661858177511,0.0,True,False,0.0,0.0,0.0,0.0,0.0,0.0,0,0.0,0.0,0.0,no,,gene-driven,no,50610,0.24151353487453073,medium
ENSG00000166035,0.7889,0.7799,0.15,0.0,0.5816,1.1154465739959821e-08,35.23655745058932,5.062254798408772e-08,True,False,0.0,0.4076,0.0,0.0,0.0,0.1426,1,0.0,0.0,0.0,no,,gene-driven,no,63170,0.3446731043216717,medium
ENSG00000166069,0.0001,0.2585,0.0,0.0,0.0647,0.5,0.0,0.5,False,False,0.0,0.4076,0.0,0.0,0.0,0.1426,1,0.0,0.0,0.0,no,,neutral,no,44250,0.168135593220339,medium
ENSG00000166073,0.0001,0.2585,0.0,0.0,0.0647,0.5,0.0,0.5,False,False,0.0,0.0,0.0,0.0,0.0,0.0,0,0.0,0.0,0.0,no,,neutral,no,89240,0.23943298969072166,long
ENSG00000166086,1.0,0.8824,0.15,0.0,0.6706,0.0,75.831220537857,0.0,True,False,0.0,0.0,0.0,0.0,0.0,0.0,0,0.0,0.0,0.0,no,,gene-driven,no,53350,0.24365510777881913,medium
ENSG00000166090,0.0348,0.5758,0.0,0.0,0.1544,0.2302082330581405,1.55124767581583,0.5,False,False,0.0,0.4076,0.0,0.0,0.0,0.1426,1,0.0,0.0,0.0,no,,neutral,no,20000,0.28775,short
ENSG00000166091,1.0,0.8452,0.15,0.0,0.6613,1.8735013540549522e-13,57.22544890025165,1.2086635194642452e-12,True,False,0.0,0.4076,0.0,0.0,0.0,0.1426,1,0.0,0.0,0.0,no,,gene-driven,no,45170,0.2569404471994687,medium
ENSG00000166106,0.0001,0.2585,0.0,0.0,0.0647,0.5,0.0,0.5,False,False,0.0,0.0,0.0,0.0,0.0,0.0,0,0.0,0.0,0.0,no,,neutral,no,47490,0.382459465150558,medium
ENSG00000166118,0.0001,0.2585,0.0,0.0,0.0647,0.5,0.0,0.5,False,False,0.0,0.0,0.0,0.0,0.0,0.0,0,0.0,0.0,0.0,no,,neutral,no,10140,0.26844181459566074,short
ENSG00000166130,0.0001,0.2585,0.0,0.0,0.0647,0.5,0.0,0.5,False,False,0.0,0.0,0.0,0.0,0.0,0.0,0,0.0,0.0,0.0,no,,neutral,no,39090,0.2684829879764646,medium
ENSG00000166133,0.0054,0.4582,0.0,0.0,0.1162,0.4446134643794356,0.2348056261798774,0.5,False,False,0.0,0.0,0.0,0.0,0.0,0.0,0,0.0,0.0,0.0,no,,neutral,no,37210,0.28976081698468154,medium
ENSG00000166135,0.0001,0.2585,0.0,0.0,0.0647,0.5,0.0,0.5,False,False,0.0,0.0,0.0,0.0,0.0,0.0,0,0.0,0.0,0.0,no,,neutral,no,24670,0.2586137008512363,short
ENSG00000166136,0.4555,0.7278,0.15,0.0,0.4686,1.912521721142424e-05,20.34271128069486,7.020577890009164e-05,True,False,0.0,0.0,0.0,0.0,0.0,0.0,0,0.0,0.0,0.0,no,,gene-driven,no,21640,0.23151571164510165,short
ENSG00000166148,0.024,0.54,0.0,0.0,0.1422,0.293327143357368,1.066639163989748,0.5,False,False,0.0,0.0,0.0,0.0,0.0,0.0,0,0.0,0.0,0.0,no,,neutral,no,26660,0.350562640660165,short
ENSG00000166170,1.0,0.8778,0.15,0.0,0.6694,5.551115123125783e-17,73.4535998610445,4.453426874585104e-16,True,False,0.0,0.0,0.0,0.0,0.0,0.0,0,0.0,0.0,0.0,no,,gene-driven,no,40230,0.1910763112105394,medium
ENSG00000166171,0.0001,0.2585,0.0,0.0,0.0647,0.5,0.0,0.5,False,False,0.0,0.0,0.0,0.0,0.0,0.0,0,0.0,0.0,0.0,no,,neutral,no,22420,0.23840321141837645,short
ENSG00000166199,0.0112,0.4815,0.0,0.0,0.1237,0.3901488241102735,0.4961596635839669,0.5,False,False,0.0,0.0,0.0,0.0,0.0,0.0,0,0.0,0.0,0.0,no,,neutral,no,44470,0.20060715088823927,medium
ENSG00000166224,0.2476,0.687,0.15,0.0,0.396,0.0019879637025007,11.05499449741183,0.0063466825778167,True,False,0.0,0.0,0.0,0.0,0.0,0.0,0,0.0,0.0,0.0,no,,gene-driven,no,150540,0.1467716221602232,long
ENSG00000166226,0.0001,0.108,0.0,0.0,0.027,0.5,-9.124621283262968e-05,0.5,False,False,0.0,0.0,0.0,0.0,0.0,0.0,0,0.0,0.0,0.0,no,,neutral,no,95990,0.21782477341389728,long
ENSG00000166228,0.0178,0.5229,0.0,0.0,0.1361,0.337038558520403,0.7888215152306657,0.5,False,False,0.0,0.0,0.0,0.0,0.0,0.0,0,0.0,0.0,0.0,no,,neutral,no,12680,0.19787066246056784,short
ENSG00000166272,1.0,0.9676,0.15,0.0,0.6919,0.0,172.561981562234,0.0,True,False,0.0,0.0,0.0,0.0,0.0,0.0,0,0.0,0.0,0.0,no,,gene-driven,no,118570,0.1953782575693683,long
ENSG00000166275,0.0001,0.0955,0.0,0.0,0.0239,0.5,-0.0003923463091268,0.5,False,False,0.0,0.0,0.0,0.0,0.0,0.0,0,0.0,0.0,0.0,no,,neutral,no,7480,0.2675133689839572,short
ENSG00000166295,0.0001,0.0109,0.0,0.0,0.0027,0.5,-0.0083488754726204,0.5,False,False,0.0,0.0,0.0,0.0,0.0,0.0,0,0.0,0.0,0.0,no,,neutral,no,10240,0.243359375,short
ENSG00000166313,1.0,0.8261,0.15,0.0,0.6565,1.105565639036854e-11,49.06986628491723,6.349980933682809e-11,True,False,0.0,0.0,0.0,0.0,0.0,0.0,0,0.0,0.0,0.0,no,,gene-driven,no,241800,0.2335814722911497,long
ENSG00000166317,0.135,0.654,0.075,0.0,0.279,0.0245539605129887,6.027469865774037,0.0709241577187027,False,False,0.0,0.0,0.0,0.0,0.0,0.0,0,0.0,0.0,0.0,no,,neutral,no,72330,0.40012442969722106,medium
ENSG00000166321,0.0001,0.2585,0.0,0.0,0.0647,0.5,0.0,0.5,False,False,0.0,0.0,0.0,0.0,0.0,0.0,0,0.0,0.0,0.0,no,,neutral,no,57510,0.2418188141192836,medium
ENSG00000166326,0.0001,0.2585,0.0,0.0,0.0647,0.5,0.0,0.5,False,False,0.0,0.4076,0.0,0.0,0.0,0.1426,1,0.0,0.0,0.0,no,,neutral,no,63510,0.19450480239332388,medium
ENSG00000166333,1.0,0.9594,0.15,0.0,0.6898,0.0,152.0491053964724,0.0,True,False,0.0,0.0,0.0,0.0,0.0,0.0,0,0.0,0.0,0.0,no,,gene-driven,no,106350,0.25782792665726373,long
ENSG00000166343,1.0,0.8223,0.15,0.0,0.6556,2.189998182799968e-11,47.70277710580922,1.2308532159601175e-10,True,False,0.0,0.4076,0.0,0.0,0.0,0.1426,1,0.0,0.0,0.0,no,,gene-driven,no,33850,0.2389069423929099,medium
ENSG00000166349,0.2066,0.6765,0.15,0.0,0.3811,0.0049645967585911,9.224552042149298,0.0153378287436226,True,False,0.0,0.0,0.0,0.0,0.0,0.0,0,0.0,0.0,0.0,no,,gene-driven,no,156140,0.14474189829640066,long
ENSG00000166391,0.0001,0.2585,0.0,0.0,0.0647,0.5,0.0,0.5,False,False,0.0,0.0,0.0,0.0,0.0,0.0,0,0.0,0.0,0.0,no,,neutral,no,30500,0.23695081967213114,short
ENSG00000166394,0.0053,0.458,0.0,0.0,0.1161,0.4447779581595434,0.2340658224093204,0.5,False,False,0.0,0.0,0.0,0.0,0.0,0.0,0,0.0,0.0,0.0,no,,neutral,no,45470,0.22296019353419838,medium
ENSG00000166402,0.0001,0.2585,0.0,0.0,0.0647,0.5,0.0,0.5,False,False,0.0,0.0,0.0,0.0,0.0,0.0,0,0.0,0.0,0.0,no,,neutral,no,130590,0.24859483880848457,long
ENSG00000166407,0.0001,0.0613,0.0,0.0,0.0154,0.5,-0.00217653378877,0.5,False,False,0.0,0.4076,0.0,0.0,0.0,0.1426,1,0.0,0.0,0.0,no,,neutral,no,15980,0.3576971214017522,short
ENSG00000166415,1.0,0.9622,0.15,0.0,0.6906,0.0,159.0323556967924,0.0,True,False,0.0,0.0,0.0,0.0,0.0,0.0,0,0.0,0.0,0.0,no,,gene-driven,no,171030,0.14469976027597498,long
ENSG00000166435,0.0001,0.0559,0.0,0.0,0.014,0.5,-0.0026761445769807,0.5,False,False,0.0,0.4076,0.0,0.0,0.0,0.1426,1,0.0,0.0,0.0,no,,neutral,no,150160,0.18895178476291954,long
ENSG00000166471,0.0166,0.5165,0.0,0.0,0.1341,0.3455461942734069,0.7389635229119449,0.5,False,False,0.0,0.0,0.0,0.0,0.0,0.0,0,0.0,0.0,0.0,no,,neutral,no,49330,0.15874721264950334,medium
ENSG00000166477,0.0001,0.0394,0.0,0.0,0.0099,0.5,-0.0043180143838981,0.5,False,False,0.0,0.0,0.0,0.0,0.0,0.0,0,0.0,0.0,0.0,no,,neutral,no,98470,0.2304965979486138,long
ENSG00000166482,0.0001,0.2585,0.0,0.0,0.0647,0.5,0.0,0.5,False,False,0.0,0.0,0.0,0.0,0.0,0.0,0,0.0,0.0,0.0,no,,neutral,no,28494,0.31975152663718676,short
ENSG00000166483,0.0001,0.2585,0.0,0.0,0.0647,0.5,0.0,0.5,False,False,0.0,0.0,0.0,0.0,0.0,0.0,0,0.0,0.0,0.0,no,,neutral,no,78840,0.16519533231862,long
ENSG00000166484,1.0,0.9373,0.15,0.0,0.6843,0.0,120.5896504285192,0.0,True,False,0.0,0.0,0.0,0.0,0.0,0.0,0,0.0,0.0,0.0,no,,gene-driven,no,109458,0.25558661769811253,long
ENSG00000166507,1.0,0.9421,0.15,0.0,0.6855,0.0,124.7143596803289,0.0,True,False,0.0,0.0,0.0,0.0,0.0,0.0,0,0.0,0.0,0.0,no,,gene-driven,no,80700,0.24489467162329615,long
ENSG00000166508,0.0001,0.2585,0.0,0.0,0.0647,0.5,0.0,0.5,False,False,0.0,0.0,0.0,0.0,0.0,0.0,0,0.0,0.0,0.0,no,,neutral,no,118620,0.20817737312426235,long
ENSG00000166527,0.0114,0.4823,0.0,0.0,0.124,0.3883336276345274,0.5054865264373802,0.5,False,False,0.0,0.0,0.0,0.0,0.0,0.0,0,0.0,0.0,0.0,no,,neutral,no,14560,0.2183379120879121,short
ENSG00000166578,0.0001,0.2585,0.0,0.0,0.0647,0.5,0.0,0.5,False,False,0.0,0.0,0.0,0.0,0.0,0.0,0,0.0,0.0,0.0,no,,neutral,no,60640,0.23522427440633245,medium
ENSG00000166689,1.0,0.8697,0.15,0.0,0.6674,3.8857805861880484e-16,69.60637729738664,2.9643976435121707e-15,True,False,0.0,0.0,0.0,0.0,0.0,0.0,0,0.0,0.0,0.0,no,,gene-driven,no,259840,0.23524091748768472,long
ENSG00000166710,1.0,0.8142,0.15,0.0,0.6536,8.641548587817738e-11,44.957413755782,4.6468175865735597e-10,True,False,0.0,0.0,0.0,0.0,0.0,0.0,0,0.0,0.0,0.0,no,,gene-driven,no,16290,0.17157765500306937,short
ENSG00000166734,0.0012,0.428,0.0,0.0,0.1074,0.4879807587336185,0.0486642443393066,0.5,False,False,0.0,0.0,0.0,0.0,0.0,0.0,0,0.0,0.0,0.0,no,,neutral,no,71700,0.16895397489539749,medium
ENSG00000166736,0.0001,0.2585,0.0,0.0,0.0647,0.5,0.0,0.5,False,False,0.0,0.0,0.0,0.0,0.0,0.0,0,0.0,0.0,0.0,no,,neutral,no,99200,0.25768145161290323,long
ENSG00000166741,0.8183,0.7837,0.15,0.0,0.5914,5.785080858800029e-09,36.54967263410799,2.6717727197466432e-08,True,False,0.0,0.4076,0.0,0.0,0.0,0.1426,1,0.0,0.0,0.0,no,,gene-driven,no,24250,0.2099381443298969,short
ENSG00000166750,0.0823,0.6303,0.0,0.0,0.1822,0.0797985536048691,3.670205438218545,0.215716307407945,False,False,0.0,0.0,0.0,0.0,0.0,0.0,0,0.0,0.0,0.0,no,,neutral,no,221418,0.12255101211283635,long
ENSG00000166793,0.0001,0.2585,0.0,0.0,0.0647,0.5,0.0,0.5,False,False,0.0,0.0,0.0,0.0,0.0,0.0,0,0.0,0.0,0.0,no,,neutral,no,23820,0.17455919395465994,short
ENSG00000166794,1.0,0.9381,0.15,0.0,0.6845,0.0,121.3116498802665,0.0,True,False,0.0,0.0,0.0,0.0,0.0,0.0,0,0.0,0.0,0.0,no,,gene-driven,no,22200,0.19274774774774775,short
ENSG00000166796,1.0,0.8613,0.15,0.0,0.6653,3.108624468950438e-15,65.42318735589652,2.237669769690228e-14,True,False,0.0,0.0,0.0,0.0,0.0,0.0,0,0.0,0.0,0.0,no,,gene-driven,no,100310,0.157940384807098,long
ENSG00000166797,0.0001,0.2585,0.0,0.0,0.0647,0.5,0.0,0.5,False,False,0.0,0.0,0.0,0.0,0.0,0.0,0,0.0,0.0,0.0,no,,neutral,no,17520,0.2554223744292237,short
ENSG00000166800,0.0001,0.1219,0.0,0.0,0.0305,0.5,-1.818989403545856e-12,0.5,False,False,0.0,0.0,0.0,0.0,0.0,0.0,0,0.0,0.0,0.0,no,,neutral,no,20380,0.22487733071638863,short
ENSG00000166819,0.0001,0.2585,0.0,0.0,0.0647,0.5,0.0,0.5,False,False,0.0,0.0,0.0,0.0,0.0,0.0,0,0.0,0.0,0.0,no,,neutral,no,46962,0.264320088582258,medium
ENSG00000166821,0.0065,0.464,0.0,0.0,0.118,0.4331459044101221,0.2870669309686491,0.5,False,False,0.0,0.0,0.0,0.0,0.0,0.0,0,0.0,0.0,0.0,no,,neutral,no,17523,0.3085088169833933,short
ENSG00000166825,0.1568,0.6628,0.15,0.0,0.3627,0.0151171916892279,6.997550959626096,0.0448110318606793,True,False,0.0,0.0,0.0,0.0,0.0,0.0,0,0.0,0.0,0.0,no,,gene-driven,no,117756,0.19840177995176467,long
ENSG00000166831,0.0001,0.2585,0.0,0.0,0.0647,0.5,0.0,0.5,False,False,0.0,0.0,0.0,0.0,0.0,0.0,0,0.0,0.0,0.0,no,,neutral,no,14340,0.27559274755927476,short
ENSG00000166839,0.0057,0.4594,0.0,0.0,0.1166,0.4413930736622134,0.2493445929285372,0.5,False,False,0.0,0.0,0.0,0.0,0.0,0.0,0,0.0,0.0,0.0,no,,neutral,no,117140,0.23319959023390816,long
ENSG00000166860,0.0001,0.2585,0.0,0.0,0.0647,0.5,0.0,0.5,False,False,0.0,0.0,0.0,0.0,0.0,0.0,0,0.0,0.0,0.0,no,,neutral,no,21420,0.5440242763772175,short
ENSG00000166866,1.0,0.9875,0.15,0.0,0.6969,0.0,263.0579991711056,0.0,True,False,0.0,0.0,0.0,0.0,0.0,0.0,0,0.0,0.0,0.0,no,,gene-driven,no,91460,0.2447846052919309,long
ENSG00000166881,1.0,0.9148,0.15,0.0,0.6787,0.0,100.3677496909222,0.0,True,False,0.0,0.0,0.0,0.0,0.0,0.0,0,0.0,0.0,0.0,no,,gene-driven,no,34460,0.29741729541497386,medium
ENSG00000166886,1.0,0.9401,0.15,0.0,0.685,0.0,122.7769536310734,0.0,True,False,0.0,0.0,0.0,0.0,0.0,0.0,0,0.0,0.0,0.0,no,,gene-driven,no,56670,0.3601905770248809,medium
ENSG00000166887,0.0001,0.2585,0.0,0.0,0.0647,0.5,0.0,0.5,False,False,0.0,0.0,0.0,0.0,0.0,0.0,0,0.0,0.0,0.0,no,,neutral,no,109460,0.2540654120226567,long
ENSG00000166900,0.0831,0.6309,0.0,0.0,0.1827,0.0782751606314735,3.708755557578115,0.2119437392384045,False,False,0.0,0.0,0.0,0.0,0.0,0.0,0,0.0,0.0,0.0,no,,neutral,no,84410,0.2190617225447222,long
ENSG00000166920,0.0001,0.2585,0.0,0.0,0.0647,0.5,0.0,0.5,False,False,0.0,0.0,0.0,0.0,0.0,0.0,0,0.0,0.0,0.0,no,,neutral,no,14160,0.21016949152542372,short
ENSG00000166924,0.0004,0.4105,0.0,0.0,0.1027,0.497108863400882,0.0115981105263927,0.5,False,False,0.0,0.0,0.0,0.0,0.0,0.0,0,0.0,0.0,0.0,no,,neutral,no,86080,0.32316449814126397,long
ENSG00000166946,0.0001,0.0724,0.0,0.0,0.0181,0.5,-0.0013202547124819,0.5,False,False,0.0,0.0,0.0,0.0,0.0,0.0,0,0.0,0.0,0.0,no,,neutral,no,54970,0.17509550663998544,medium
ENSG00000166961,0.746,0.7746,0.15,0.0,0.5675,2.9078127516957153e-08,33.32026479297019,1.289078487249063e-07,True,False,0.0,0.0,0.0,0.0,0.0,0.0,0,0.0,0.0,0.0,no,,gene-driven,no,24770,0.3181267662494954,short
ENSG00000166963,0.0001,0.2585,0.0,0.0,0.0647,0.5,0.0,0.5,False,False,0.0,0.0,0.0,0.0,0.0,0.0,0,0.0,0.0,0.0,no,,neutral,no,298170,0.26164939464064124,long
ENSG00000167034,0.0001,0.0271,0.0,0.0,0.0068,0.5,-0.0058495574257904,0.5,False,False,0.0,0.0,0.0,0.0,0.0,0.0,0,0.0,0.0,0.0,no,,neutral,no,12750,0.4631372549019608,short
ENSG00000167094,0.0001,0.2585,0.0,0.0,0.0647,0.5,0.0,0.5,False,False,0.0,0.0,0.0,0.0,0.0,0.0,0,0.0,0.0,0.0,no,,neutral,no,46310,0.34806737205787086,medium
ENSG00000167103,0.0001,0.2585,0.0,0.0,0.0647,0.5,0.0,0.5,False,False,0.0,0.0,0.0,0.0,0.0,0.0,0,0.0,0.0,0.0,no,,neutral,no,52140,0.20324127349443805,medium
ENSG00000167106,0.0003,0.4061,0.0,0.0,0.1016,0.4982914509243953,0.0068458995301625,0.5,False,False,0.0,0.0,0.0,0.0,0.0,0.0,0,0.0,0.0,0.0,no,,neutral,no,37290,0.29509251810136766,medium
ENSG00000167112,0.0008,0.4216,0.0,0.0,0.1057,0.4917837314843894,0.0331380974439525,0.5,False,False,0.0,0.0,0.0,0.0,0.0,0.0,0,0.0,0.0,0.0,no,,neutral,no,29580,0.23245436105476674,short
ENSG00000167113,0.0023,0.4383,0.0,0.0,0.1103,0.4761643576276027,0.0976900293062499,0.5,False,False,0.0,0.0,0.0,0.0,0.0,0.0,0,0.0,0.0,0.0,no,,neutral,no,22960,0.31511324041811845,short
ENSG00000167114,0.0001,0.2585,0.0,0.0,0.0647,0.5,0.0,0.5,False,False,0.0,0.0,0.0,0.0,0.0,0.0,0,0.0,0.0,0.0,no,,neutral,no,73070,0.3096482824688655,medium
ENSG00000167139,0.0001,0.2585,0.0,0.0,0.0647,0.5,0.0,0.5,False,False,0.0,0.0,0.0,0.0,0.0,0.0,0,0.0,0.0,0.0,no,,neutral,no,32000,0.4098125,short
ENSG00000167157,0.0001,0.0346,0.0,0.0,0.0087,0.5,-0.00501611967411,0.5,False,False,0.0,0.0,0.0,0.0,0.0,0.0,0,0.0,0.0,0.0,no,,neutral,no,12470,0.4623095429029671,short
ENSG00000167244,0.0001,0.0844,0.0,0.0,0.0211,0.5,-0.0008020695822779,0.5,False,False,0.0,0.0,0.0,0.0,0.0,0.0,0,0.0,0.0,0.0,no,,neutral,no,57960,0.19261559696342306,medium
ENSG00000167272,0.0001,0.0842,0.0,0.0,0.0211,0.5,-0.0008031110082811,0.5,False,False,0.0,0.0,0.0,0.0,0.0,0.0,0,0.0,0.0,0.0,no,,neutral,no,20860,0.22008628954937678,short
ENSG00000167286,0.089,0.6353,0.0,0.0,0.1855,0.0687126624704973,3.969349200830038,0.1882401089157996,False,False,0.0,0.0,0.0,0.0,0.0,0.0,0,0.0,0.0,0.0,no,,neutral,no,24810,0.23200322450624747,short
ENSG00000167525,0.0701,0.6216,0.0,0.0,0.1765,0.1046079545646091,3.128777004047151,0.2763249952227115,False,False,0.0,0.0,0.0,0.0,0.0,0.0,0,0.0,0.0,0.0,no,,neutral,no,44595,0.23139365399708486,medium
ENSG00000167531,0.9282,0.8012,0.15,0.0,0.6288,4.966586586441224e-10,41.45994184002075,2.495333503127136e-09,True,False,0.0,0.0,0.0,0.0,0.0,0.0,0,0.0,0.0,0.0,no,,gene-driven,no,8260,0.2593220338983051,short
ENSG00000167580,1.0,0.9731,0.15,0.0,0.6933,0.0,189.4450896402668,0.0,True,False,0.0,0.0,0.0,0.0,0.0,0.0,0,0.0,0.0,0.0,no,,gene-driven,no,25030,0.29252896524170996,short
ENSG00000167588,1.0,0.9668,0.15,0.0,0.6917,0.0,168.9843557988497,0.0,True,False,0.0,0.0,0.0,0.0,0.0,0.0,0,0.0,0.0,0.0,no,,gene-driven,no,39230,0.2658169768034667,medium
ENSG00000167612,1.0,0.9857,0.15,0.0,0.6964,0.0,243.5868580538572,0.0,True,False,0.0,0.0,0.0,0.0,0.0,0.0,0,0.0,0.0,0.0,no,,gene-driven,no,37540,0.27794352690463503,medium
ENSG00000167632,1.0,0.9202,0.15,0.0,0.68,0.0,105.2376550494228,0.0,True,False,0.0,0.0,0.0,0.0,0.0,0.0,0,0.0,0.0,0.0,no,,gene-driven,no,307290,0.15624654235412802,long
ENSG00000167653,0.5633,0.7483,0.15,0.0,0.5061,1.722643036383698e-06,25.1570072340146,6.838329180345182e-06,True,False,0.0,0.0,0.0,0.0,0.0,0.0,0,0.0,0.0,0.0,no,,gene-driven,no,9010,0.2834628190899001,short
ENSG00000167656,0.0144,0.5002,0.0,0.0,0.1294,0.3636484331017363,0.6368410812401635,0.5,False,False,0.0,0.0,0.0,0.0,0.0,0.0,0,0.0,0.0,0.0,no,,neutral,no,10050,0.29383084577114427,short
ENSG00000167702,0.1406,0.6562,0.075,0.0,0.2812,0.0216813373714227,6.276312473863072,0.0630292063620436,False,False,0.0,0.8761,0.0,0.0,0.0,0.3066,2,0.0,0.0,0.0,no,,regulation-driven,no,86190,0.24881076691031442,long
ENSG00000167767,1.0,0.9644,0.15,0.0,0.6911,0.0,162.2765428519342,0.0,True,False,0.0,0.0,0.0,0.0,0.0,0.0,0,0.0,0.0,0.0,no,,gene-driven,no,56290,0.2323858589447504,medium
ENSG00000167768,0.6812,0.7646,0.15,0.0,0.5455,1.235693289913797e-07,30.42663257943423,5.244316061460091e-07,True,False,0.0,0.0,0.0,0.0,0.0,0.0,0,0.0,0.0,0.0,no,,gene-driven,no,43230,0.2643303261623872,medium
ENSG00000167771,0.011,0.4799,0.0,0.0,0.1233,0.3924154994888703,0.484573744579393,0.5,False,False,0.0,0.0,0.0,0.0,0.0,0.0,0,0.0,0.0,0.0,no,,neutral,no,58080,0.22818526170798897,medium
ENSG00000167779,1.0,0.8528,0.15,0.0,0.6632,2.5479618415147343e-14,61.21650553787913,1.7266433514569872e-13,True,False,0.0,0.0,0.0,0.0,0.0,0.0,0,0.0,0.0,0.0,no,,gene-driven,no,24170,0.2766239139429044,short
ENSG00000167780,1.0,0.9423,0.15,0.0,0.6856,0.0,125.4301646176536,0.0,True,False,0.0,0.0,0.0,0.0,0.0,0.0,0,0.0,0.0,0.0,no,,gene-driven,no,37620,0.2931685273790537,medium
ENSG00000167791,0.0011,0.4272,0.0,0.0,0.1071,0.4886131228511786,0.0460741637834871,0.5,False,False,0.0,0.0,0.0,0.0,0.0,0.0,0,0.0,0.0,0.0,no,,neutral,no,28140,0.41126510305614783,short
ENSG00000167797,0.0001,0.2585,0.0,0.0,0.0647,0.5,0.0,0.5,False,False,0.0,0.0,0.0,0.0,0.0,0.0,0,0.0,0.0,0.0,no,,neutral,no,9940,0.28993963782696175,short
ENSG00000167800,0.0001,0.2585,0.0,0.0,0.0647,0.5,0.0,0.5,False,False,0.0,0.0,0.0,0.0,0.0,0.0,0,0.0,0.0,0.0,no,,neutral,no,31900,0.358871473354232,short
ENSG00000167910,0.0001,0.2585,0.0,0.0,0.0647,0.5,0.0,0.5,False,False,0.0,0.0,0.0,0.0,0.0,0.0,0,0.0,0.0,0.0,no,,neutral,no,18740,0.3533084311632871,short
ENSG00000167962,0.7399,0.7738,0.15,0.0,0.5654,3.335817966299004e-08,33.04563129241797,1.4735664799619222e-07,True,False,0.0,0.0,0.0,0.0,0.0,0.0,0,0.0,0.0,0.0,no,,gene-driven,no,44136,0.37386713793728477,medium
ENSG00000167965,1.0,0.9873,0.15,0.0,0.6968,0.0,262.3011998341171,0.0,True,False,0.0,0.0,0.0,0.0,0.0,0.0,0,0.0,0.0,0.0,no,,gene-driven,no,96300,0.17878504672897197,long
ENSG00000167967,1.0,0.8987,0.15,0.21,0.8847,0.0,86.72054808890971,0.0,True,True,0.7,0.0,0.0,0.0,0.0,0.0,0,0.0,0.0,0.0,no,,gene-driven,no,72558,0.3369304556354916,medium
ENSG00000167968,1.0,0.8426,0.15,0.0,0.6606,3.093081346605686e-13,56.22271945052489,1.9623707420939647e-12,True,False,0.0,0.0,0.0,0.0,0.0,0.0,0,0.0,0.0,0.0,no,,gene-driven,no,50058,0.17214031723201087,medium
ENSG00000167972,0.0074,0.4676,0.0,0.0,0.1191,0.4251352612796701,0.3244014365773182,0.5,False,False,0.0,0.0,0.0,0.0,0.0,0.0,0,0.0,0.0,0.0,no,,neutral,no,239166,0.2637916760743584,long
ENSG00000167977,0.0001,0.2585,0.0,0.0,0.0647,0.5,0.0,0.5,False,False,0.0,0.0,0.0,0.0,0.0,0.0,0,0.0,0.0,0.0,no,,neutral,no,38097,0.18324277502165526,medium
ENSG00000167981,0.0535,0.6045,0.0,0.0,0.1672,0.1517795053095529,2.384358507184515,0.3836134448220102,False,False,0.0,0.0,0.0,0.0,0.0,0.0,0,0.0,0.0,0.0,no,,neutral,no,22896,0.2496069182389937,short
ENSG00000167985,0.0227,0.5358,0.0,0.0,0.1408,0.3018632970725104,1.00926768438876,0.5,False,False,0.0,0.0,0.0,0.0,0.0,0.0,0,0.0,0.0,0.0,no,,neutral,no,33370,0.21357506742583157,medium
ENSG00000167987,0.0001,0.2585,0.0,0.0,0.0647,0.5,0.0,0.5,False,False,0.0,0.0,0.0,0.0,0.0,0.0,0,0.0,0.0,0.0,no,,neutral,no,44770,0.2345320527138709,medium
ENSG00000167992,0.037,0.5798,0.0,0.0,0.156,0.2195599120717083,1.645965910298401,0.5,False,False,0.0,0.0,0.0,0.0,0.0,0.0,0,0.0,0.0,0.0,no,,neutral,no,91160,0.3473124177270733,long
ENSG00000167994,0.0001,0.2585,0.0,0.0,0.0647,0.5,0.0,0.5,False,False,0.0,0.0,0.0,0.0,0.0,0.0,0,0.0,0.0,0.0,no,,neutral,no,85330,0.26867455759990627,long
ENSG00000167995,0.0233,0.5378,0.0,0.0,0.1414,0.2978617821958679,1.035957075226179,0.5,False,False,0.0,0.0,0.0,0.0,0.0,0.0,0,0.0,0.0,0.0,no,,neutral,no,118540,0.20927113210730555,long
ENSG00000168056,0.1678,0.6657,0.15,0.0,0.3668,0.0118077989129671,7.491695720978896,0.035295668144891,True,False,0.0,0.0,0.0,0.0,0.0,0.0,0,0.0,0.0,0.0,no,,gene-driven,no,250380,0.2881020848310568,long
ENSG00000168062,0.1036,0.6419,0.075,0.0,0.2666,0.0495802674197167,4.622030356360483,0.1383907127641252,False,False,0.0,0.0,0.0,0.0,0.0,0.0,0,0.0,0.0,0.0,no,,neutral,no,27210,0.34755604557148106,short
ENSG00000168071,0.0001,0.2585,0.0,0.0,0.0647,0.5,0.0,0.5,False,False,0.0,0.0,0.0,0.0,0.0,0.0,0,0.0,0.0,0.0,no,,neutral,no,145870,0.3451703571673408,long
ENSG00000168077,0.1901,0.6723,0.15,0.0,0.3751,0.0071851561182915,8.485181701631518,0.0219123032080823,True,False,0.0,0.0,0.0,0.0,0.0,0.0,0,0.0,0.0,0.0,no,,gene-driven,no,129270,0.22657229055465306,long
ENSG00000168079,0.5051,0.736,0.15,0.0,0.4855,6.323909748084944e-06,22.55605145909431,2.393845288202017e-05,True,False,0.0,0.4076,0.0,0.0,0.0,0.1426,1,0.0,0.0,0.0,no,,gene-driven,no,78180,0.3259017651573292,medium
ENSG00000168092,1.0,0.8713,0.15,0.0,0.6678,2.220446049250313e-16,70.69618027599063,1.7176514228570853e-15,True,False,0.0,0.0,0.0,0.0,0.0,0.0,0,0.0,0.0,0.0,no,,gene-driven,no,37116,0.19412113374286022,medium
ENSG00000168118,0.4786,0.7316,0.15,0.0,0.4765,1.142654403119003e-05,21.37284860968794,4.254163922989462e-05,True,False,0.0,0.0,0.0,0.0,0.0,0.0,0,0.0,0.0,0.0,no,,gene-driven,no,29800,0.2304026845637584,short
ENSG00000168143,0.0235,0.5388,0.0,0.0,0.1418,0.2962386694163686,1.046885306728655,0.5,False,False,0.0,0.0,0.0,0.0,0.0,0.0,0,0.0,0.0,0.0,no,,neutral,no,128660,0.14036996735582155,long
ENSG00000168152,0.0001,0.0541,0.0,0.0,0.0136,0.5,-0.0029025687545072,0.5,False,False,0.0,0.0,0.0,0.0,0.0,0.0,0,0.0,0.0,0.0,no,,neutral,no,57708,0.20400984265613087,medium
ENSG00000168172,0.1338,0.6538,0.075,0.0,0.2786,0.0252668097019431,5.970232866966398,0.0729408656166368,False,False,0.0,0.0,0.0,0.0,0.0,0.0,0,0.0,0.0,0.0,no,,neutral,no,160470,0.1349660372655325,long
ENSG00000168175,0.0001,0.2585,0.0,0.0,0.0647,0.5,0.0,0.5,False,False,0.0,0.0,0.0,0.0,0.0,0.0,0,0.0,0.0,0.0,no,,neutral,no,22110,0.24292175486205336,short
ENSG00000168209,0.0001,0.0647,0.0,0.0,0.0162,0.5,-0.001920142893141,0.5,False,False,0.0,0.0,0.0,0.0,0.0,0.0,0,0.0,0.0,0.0,no,,neutral,no,20220,0.3301186943620178,short
ENSG00000168237,0.0001,0.2585,0.0,0.0,0.0647,0.5,0.0,0.5,False,False,0.0,0.4076,0.0,0.0,0.0,0.1426,1,0.0,0.0,0.0,no,,neutral,no,81850,0.2523396456933415,long
ENSG00000168243,0.0621,0.6156,0.0,0.0,0.1725,0.1252536010611355,2.768535215455813,0.3256724577512221,False,False,0.0,0.0,0.0,0.0,0.0,0.0,0,0.0,0.0,0.0,no,,neutral,no,12160,0.15904605263157895,short
ENSG00000168246,0.0001,0.0239,0.0,0.0,0.006,0.5,-0.0061671968142036,0.5,False,False,0.0,0.0,0.0,0.0,0.0,0.0,0,0.0,0.0,0.0,no,,neutral,no,29190,0.19767043508050702,short
ENSG00000168263,0.0001,0.2585,0.0,0.0,0.0647,0.5,0.0,0.5,False,False,0.0,0.0,0.0,0.0,0.0,0.0,0,0.0,0.0,0.0,no,,neutral,no,19830,0.5161371659102371,short
ENSG00000168268,1.0,0.8955,0.15,0.0,0.6739,0.0,84.23018337172834,0.0,True,False,0.0,0.0,0.0,0.0,0.0,0.0,0,0.0,0.0,0.0,no,,gene-driven,no,94960,0.26161541701769164,long
ENSG00000168269,1.0,0.9501,0.15,0.0,0.6875,0.0,135.6190285638349,0.0,True,False,0.0,0.0,0.0,0.0,0.0,0.0,0,0.0,0.0,0.0,no,,gene-driven,no,20660,0.3694578896418199,short
ENSG00000168273,0.0001,0.0792,0.0,0.0,0.0198,0.5,-0.0010353192310503,0.5,False,False,0.0,0.0,0.0,0.0,0.0,0.0,0,0.0,0.0,0.0,no,,neutral,no,6400,0.27453125,short
ENSG00000168275,0.0464,0.5955,0.0,0.0,0.1628,0.1778622623189616,2.067197309552284,0.4394867823022925,False,False,0.0,0.0,0.0,0.0,0.0,0.0,0,0.0,0.0,0.0,no,,neutral,no,13390,0.259596713965646,short
ENSG00000168288,0.0002,0.4045,0.0,0.0,0.1012,0.4989486233877206,0.0042099342281289,0.5,False,False,0.0,0.0,0.0,0.0,0.0,0.0,0,0.0,0.0,0.0,no,,neutral,no,40630,0.19062269259168102,medium
ENSG00000168291,1.0,0.8406,0.15,0.0,0.6601,5.154765503334602e-13,55.200990770114,3.229194409771576e-12,True,False,0.0,0.0,0.0,0.0,0.0,0.0,0,0.0,0.0,0.0,no,,gene-driven,no,73470,0.2203348305430788,medium
ENSG00000168298,0.0001,0.0828,0.0,0.0,0.0207,0.5,-0.0008733553222555,0.5,False,False,0.0,0.0,0.0,0.0,0.0,0.0,0,0.0,0.0,0.0,no,,neutral,no,6790,0.5891016200294551,short
ENSG00000168301,0.0001,0.2585,0.0,0.0,0.0647,0.5,0.0,0.5,False,False,0.0,0.0,0.0,0.0,0.0,0.0,0,0.0,0.0,0.0,no,,neutral,no,29610,0.17966903073286053,short
ENSG00000168303,0.0001,0.0901,0.0,0.0,0.0225,0.5,-0.0005375708260544,0.5,False,False,0.0,0.0,0.0,0.0,0.0,0.0,0,0.0,0.0,0.0,no,,neutral,no,7350,0.4340136054421769,short
ENSG00000168306,1.0,0.8484,0.15,0.0,0.6621,6.589173651150304e-14,59.3159632025563,4.3409999656717374e-13,True,False,0.0,0.0,0.0,0.0,0.0,0.0,0,0.0,0.0,0.0,no,,gene-driven,no,81860,0.22743708771072563,long
ENSG00000168333,0.0001,0.041,0.0,0.0,0.0103,0.5,-0.0041826948800007,0.5,False,False,0.0,0.0,0.0,0.0,0.0,0.0,0,0.0,0.0,0.0,no,,neutral,no,11790,0.16946564885496182,short
ENSG00000168348,0.0547,0.6062,0.0,0.0,0.1679,0.1478585768010474,2.436703687059889,0.3752288576573518,False,False,0.0,0.0,0.0,0.0,0.0,0.0,0,0.0,0.0,0.0,no,,neutral,no,19290,0.5733022291342664,short
ENSG00000168350,0.0124,0.4861,0.0,0.0,0.1252,0.3801275653446377,0.5482024074881338,0.5,False,False,0.0,0.0,0.0,0.0,0.0,0.0,0,0.0,0.0,0.0,no,,neutral,no,22460,0.37226179875333926,short
ENSG00000168386,0.9578,0.806,0.15,0.0,0.6388,2.5673724257657677e-10,42.77964172927022,1.3217400965510982e-09,True,False,0.0,0.4076,0.0,0.0,0.0,0.1426,1,0.0,0.0,0.0,no,,gene-driven,no,226050,0.1544127405441274,long
ENSG00000168394,1.0,0.9634,0.15,0.0,0.6909,0.0,160.7856404395861,0.0,True,False,0.0,0.0,0.0,0.0,0.0,0.0,0,0.0,0.0,0.0,no,,gene-driven,no,145110,0.1736613603473227,long
ENSG00000168395,1.0,0.8951,0.15,0.0,0.6738,0.0,84.10716148864958,0.0,True,False,0.0,0.0,0.0,0.0,0.0,0.0,0,0.0,0.0,0.0,no,,gene-driven,no,31260,0.33000639795265513,short
ENSG00000168398,1.0,0.8798,0.15,0.0,0.6699,5.551115123125783e-17,74.14717926346566,4.453426874585104e-16,True,False,0.0,0.0,0.0,0.0,0.0,0.0,0,0.0,0.0,0.0,no,,gene-driven,no,51000,0.20466666666666666,medium
ENSG00000168412,0.9821,0.811,0.15,0.0,0.6474,1.491972101419492e-10,43.86520956846107,7.886364752880501e-10,True,False,0.0,0.0,0.0,0.0,0.0,0.0,0,0.0,0.0,0.0,no,,gene-driven,no,21120,0.30298295454545454,short
ENSG00000168427,0.0001,0.2585,0.0,0.0,0.0647,0.5,0.0,0.5,False,False,0.0,0.0,0.0,0.0,0.0,0.0,0,0.0,0.0,0.0,no,,neutral,no,44970,0.2891483211029575,medium
ENSG00000168438,0.0001,0.1178,0.0,0.0,0.0295,0.5,-3.637978807091713e-11,0.5,False,False,0.0,0.0,0.0,0.0,0.0,0.0,0,0.0,0.0,0.0,no,,neutral,no,176380,0.1207619911554598,long
ENSG00000168439,1.0,0.8227,0.15,0.0,0.6557,1.916738989748978e-11,47.96932579874556,1.0797123142708287e-10,True,False,0.0,0.4076,0.0,0.0,0.0,0.1426,1,0.0,0.0,0.0,no,,gene-driven,no,85410,0.30730593607305934,long
ENSG00000168490,0.0001,0.4001,0.0,0.0,0.1001,0.4996231377815761,0.0015080172597663,0.5,False,False,0.0,0.0,0.0,0.0,0.0,0.0,0,0.0,0.0,0.0,no,,neutral,no,66360,0.18053044002411092,medium
ENSG00000168497,0.0001,0.2585,0.0,0.0,0.0647,0.5,0.0,0.5,False,False,0.0,0.8761,0.0,0.0,0.0,0.3066,2,0.0,0.0,0.0,no,,regulation-driven,no,17580,0.4069965870307167,short
ENSG00000168530,0.0001,0.068,0.0,0.0,0.017,0.5,-0.0017273342346015,0.5,False,False,0.0,0.0,0.0,0.0,0.0,0.0,0,0.0,0.0,0.0,no,,neutral,no,38540,0.1751946030098599,medium
ENSG00000168538,0.1243,0.6502,0.075,0.0,0.2748,0.0312367100178462,5.546028184355237,0.0892426166736171,False,False,0.0,0.0,0.0,0.0,0.0,0.0,0,0.0,0.0,0.0,no,,neutral,no,186480,0.1841966966966967,long
ENSG00000168542,0.0578,0.6118,0.0,0.0,0.1703,0.137947417714351,2.575471033589565,0.3550503550776376,False,False,0.0,0.0,0.0,0.0,0.0,0.0,0,0.0,0.0,0.0,no,,neutral,no,192320,0.200733153078203,long
ENSG00000168556,0.0001,0.2585,0.0,0.0,0.0647,0.5,0.0,0.5,False,False,0.0,0.0,0.0,0.0,0.0,0.0,0,0.0,0.0,0.0,no,,neutral,no,16290,0.2580110497237569,short
ENSG00000168564,0.0001,0.1066,0.0,0.0,0.0267,0.5,-0.0001275998620258,0.5,False,False,0.0,0.0,0.0,0.0,0.0,0.0,0,0.0,0.0,0.0,no,,neutral,no,55740,0.2393074991029781,medium
ENSG00000168566,0.0001,0.2585,0.0,0.0,0.0647,0.5,0.0,0.5,False,False,0.0,0.0,0.0,0.0,0.0,0.0,0,0.0,0.0,0.0,no,,neutral,no,35340,0.1828522920203735,medium
ENSG00000168594,0.4262,0.7232,0.15,0.0,0.4586,3.68100755498979e-05,19.03318355527881,0.0001328688793796,True,False,0.0,0.0,0.0,0.0,0.0,0.0,0,0.0,0.0,0.0,no,,gene-driven,no,152790,0.10505268669415538,long
ENSG00000168615,0.0001,0.2585,0.0,0.0,0.0647,0.5,0.0,0.5,False,False,0.0,0.0,0.0,0.0,0.0,0.0,0,0.0,0.0,0.0,no,,neutral,no,387730,0.10843628298042453,long
ENSG00000168621,0.6878,0.7654,0.15,0.0,0.5477,1.068283901339839e-07,30.71778987995822,4.549352846972911e-07,True,False,0.0,0.0,0.0,0.0,0.0,0.0,0,0.0,0.0,0.0,no,,gene-driven,no,43810,0.15160922163889523,medium
ENSG00000168672,0.0001,0.1174,0.0,0.0,0.0294,0.5,-1.04382706922479e-08,0.5,False,False,0.0,0.0,0.0,0.0,0.0,0.0,0,0.0,0.0,0.0,no,,neutral,no,18600,0.36612903225806454,short
ENSG00000168679,1.0,0.9686,0.15,0.0,0.6922,0.0,175.2277689175971,0.0,True,False,0.0,0.0,0.0,0.0,0.0,0.0,0,0.0,0.0,0.0,no,,gene-driven,no,112690,0.25506256100807523,long
ENSG00000168685,1.0,0.8444,0.15,0.0,0.6611,1.984523656517467e-13,57.11037763294371,1.2736800861313393e-12,True,False,0.0,0.0,0.0,0.0,0.0,0.0,0,0.0,0.0,0.0,no,,gene-driven,no,44210,0.2318932368242479,medium
ENSG00000168702,0.0361,0.578,0.0,0.0,0.1553,0.2238805136444775,1.606991220105556,0.5,False,False,0.0,0.8761,0.0,0.0,0.0,0.3066,2,0.0,0.0,0.0,no,,regulation-driven,no,208600,0.2900287631831256,long
ENSG00000168710,0.0001,0.2585,0.0,0.0,0.0647,0.5,0.0,0.5,False,False,0.0,0.0,0.0,0.0,0.0,0.0,0,0.0,0.0,0.0,no,,neutral,no,114810,0.19623726156258164,long
ENSG00000168754,0.0561,0.6088,0.0,0.0,0.169,0.1432398330113294,2.500175437919097,0.3659347351814855,False,False,0.0,0.0,0.0,0.0,0.0,0.0,0,0.0,0.0,0.0,no,,neutral,no,50260,0.2799840827695981,medium
ENSG00000168758,0.0666,0.619,0.0,0.0,0.1747,0.1132008910636266,2.97088812183938,0.2969732237080584,False,False,0.0,0.0,0.0,0.0,0.0,0.0,0,0.0,0.0,0.0,no,,neutral,no,109590,0.20624144538735287,long
ENSG00000168772,0.3818,0.7155,0.15,0.0,0.4434,9.918990722213028e-05,17.0506542201083,0.0003484255639285,True,False,0.0,0.8761,0.0,0.0,0.0,0.3066,2,0.0,0.0,0.0,no,,dual-driven,no,23670,0.3250105618926912,short
ENSG00000168778,0.0001,0.2585,0.0,0.0,0.0647,0.5,0.0,0.5,False,False,0.0,0.0,0.0,0.0,0.0,0.0,0,0.0,0.0,0.0,no,,neutral,no,110040,0.15821519447473645,long
ENSG00000168792,0.1698,0.6667,0.15,0.0,0.3676,0.0112885209098386,7.581643475533383,0.033845149490981,True,False,0.0,0.0,0.0,0.0,0.0,0.0,0,0.0,0.0,0.0,no,,gene-driven,no,17343,0.48797785850198927,short
ENSG00000168795,0.0001,0.045,0.0,0.0,0.0113,0.5,-0.0038013750308891,0.5,False,False,0.0,0.0,0.0,0.0,0.0,0.0,0,0.0,0.0,0.0,no,,neutral,no,20310,0.5076809453471196,short
ENSG00000168811,1.0,0.9224,0.15,0.0,0.6806,0.0,107.4576709488574,0.0,True,False,0.0,0.0,0.0,0.0,0.0,0.0,0,0.0,0.0,0.0,no,,gene-driven,no,42560,0.22004229323308272,medium
ENSG00000168824,0.7004,0.7674,0.15,0.0,0.552,8.057593281485255e-08,31.28183730334786,3.461007684119832e-07,True,False,0.0,0.0,0.0,0.0,0.0,0.0,0,0.0,0.0,0.0,no,,gene-driven,no,55910,0.15866571275263816,medium
ENSG00000168826,0.0001,0.2585,0.0,0.0,0.0647,0.5,0.0,0.5,False,False,0.0,0.0,0.0,0.0,0.0,0.0,0,0.0,0.0,0.0,no,,neutral,no,166930,0.1461630623614689,long
ENSG00000168843,0.0614,0.6148,0.0,0.0,0.1721,0.1271220277436272,2.738921249510895,0.3298408794975491,False,False,0.0,0.0,0.0,0.0,0.0,0.0,0,0.0,0.0,0.0,no,,neutral,no,173580,0.14888235971886163,long
ENSG00000168890,1.0,0.8414,0.15,0.0,0.6603,4.3148817852056714e-13,55.55674479947811,2.71673696197633e-12,True,False,0.0,0.0,0.0,0.0,0.0,0.0,0,0.0,0.0,0.0,no,,gene-driven,no,39060,0.22665130568356376,medium
ENSG00000168894,1.0,0.914,0.15,0.0,0.6785,0.0,99.73827630165216,0.0,True,False,0.0,0.0,0.0,0.0,0.0,0.0,0,0.0,0.0,0.0,no,,gene-driven,no,19400,0.18108247422680412,short
ENSG00000168899,0.0001,0.2585,0.0,0.0,0.0647,0.5,0.0,0.5,False,False,0.0,0.0,0.0,0.0,0.0,0.0,0,0.0,0.0,0.0,no,,neutral,no,8440,0.2661137440758294,short
ENSG00000168906,0.0001,0.2585,0.0,0.0,0.0647,0.5,0.0,0.5,False,False,0.0,0.0,0.0,0.0,0.0,0.0,0,0.0,0.0,0.0,no,,neutral,no,44330,0.2285810963230318,medium
ENSG00000168907,0.9341,0.8024,0.15,0.0,0.6308,4.3614023503835137e-10,41.7198201955398,2.204635700285325e-09,True,False,0.0,0.4076,0.0,0.0,0.0,0.1426,1,0.0,0.0,0.0,no,,gene-driven,no,74530,0.2998926606735543,medium
ENSG00000168917,0.0001,0.0989,0.0,0.0,0.0248,0.5,-0.0003091788275924,0.5,False,False,0.0,0.0,0.0,0.0,0.0,0.0,0,0.0,0.0,0.0,no,,neutral,no,36450,0.17665294924554184,medium
ENSG00000168924,0.0044,0.4515,0.0,0.0,0.1142,0.4541444183970775,0.1923856975263334,0.5,False,False,0.0,0.0,0.0,0.0,0.0,0.0,0,0.0,0.0,0.0,no,,neutral,no,58990,0.32400406848618407,medium
ENSG00000168938,0.0611,0.6146,0.0,0.0,0.172,0.1280522236649908,2.724339840354332,0.3320812098590533,False,False,0.0,0.0,0.0,0.0,0.0,0.0,0,0.0,0.0,0.0,no,,neutral,no,14070,0.2601279317697228,short
ENSG00000168952,0.0001,0.2585,0.0,0.0,0.0647,0.5,0.0,0.5,False,False,0.0,0.0,0.0,0.0,0.0,0.0,0,0.0,0.0,0.0,no,,neutral,no,47150,0.1422269353128314,medium
ENSG00000168961,1.0,0.9795,0.15,0.0,0.6949,0.0,208.1425835378977,0.0,True,False,0.0,0.0,0.0,0.0,0.0,0.0,0,0.0,0.0,0.0,no,,gene-driven,no,81342,0.23806889429814856,long
ENSG00000168993,0.2991,0.6998,0.15,0.0,0.4147,0.0006288864206361,13.35682541677306,0.0020937624205114,True,False,0.0,0.0,0.0,0.0,0.0,0.0,0,0.0,0.0,0.0,no,,gene-driven,no,23300,0.24982832618025752,short
ENSG00000169006,0.0052,0.4568,0.0,0.0,0.1158,0.4457770691222602,0.2295782327546476,0.5,False,False,0.0,0.0,0.0,0.0,0.0,0.0,0,0.0,0.0,0.0,no,,neutral,no,22880,0.36490384615384613,short
ENSG00000169016,0.0254,0.5442,0.0,0.0,0.1437,0.2839857759985174,1.13136789197597,0.5,False,False,0.0,0.0,0.0,0.0,0.0,0.0,0,0.0,0.0,0.0,no,,neutral,no,41950,0.2103933253873659,medium
ENSG00000169019,0.3068,0.7014,0.15,0.0,0.4174,0.0005296296458141,13.70037079330905,0.0017722363170665,True,False,0.0,0.0,0.0,0.0,0.0,0.0,0,0.0,0.0,0.0,no,,gene-driven,no,12780,0.19663536776212834,short
ENSG00000169020,0.0165,0.5151,0.0,0.0,0.1337,0.3467459743776271,0.7320312977062713,0.5,False,False,0.0,0.0,0.0,0.0,0.0,0.0,0,0.0,0.0,0.0,no,,neutral,no,9040,0.1709070796460177,short
ENSG00000169026,0.0862,0.6333,0.0,0.0,0.1842,0.0730881729685783,3.845883073896402,0.1992003136140869,False,False,0.0,0.0,0.0,0.0,0.0,0.0,0,0.0,0.0,0.0,no,,neutral,no,90680,0.1770401411557124,long
ENSG00000169031,0.0001,0.2585,0.0,0.0,0.0647,0.5,0.0,0.5,False,False,0.0,0.0,0.0,0.0,0.0,0.0,0,0.0,0.0,0.0,no,,neutral,no,209730,0.22562342058837553,long
ENSG00000169032,1.0,0.922,0.15,0.0,0.6805,0.0,106.8197986558807,0.0,True,False,0.0,0.0,0.0,0.0,0.0,0.0,0,0.0,0.0,0.0,no,,gene-driven,no,131430,0.17673286159933044,long
ENSG00000169062,0.0001,0.2585,0.0,0.0,0.0647,0.5,0.0,0.5,False,False,0.0,0.0,0.0,0.0,0.0,0.0,0,0.0,0.0,0.0,no,,neutral,no,43070,0.3473183190155561,medium
ENSG00000169087,0.0004,0.4113,0.0,0.0,0.103,0.4966654283083478,0.013382962984906,0.5,False,False,0.0,0.0,0.0,0.0,0.0,0.0,0,0.0,0.0,0.0,no,,neutral,no,49900,0.23731462925851704,medium
ENSG00000169116,0.0001,0.2585,0.0,0.0,0.0647,0.5,0.0,0.5,False,False,0.0,0.0,0.0,0.0,0.0,0.0,0,0.0,0.0,0.0,no,,neutral,no,24550,0.3362118126272912,short
ENSG00000169129,0.7021,0.7676,0.15,0.0,0.5525,7.763464593413262e-08,31.35620972100878,3.337551675681725e-07,True,False,0.0,0.0,0.0,0.0,0.0,0.0,0,0.0,0.0,0.0,no,,gene-driven,no,151680,0.19864187763713081,long
ENSG00000169139,0.1962,0.6741,0.15,0.0,0.3774,0.0062696750922915,8.757767129166496,0.0192264882299988,True,False,0.0,0.0,0.0,0.0,0.0,0.0,0,0.0,0.0,0.0,no,,gene-driven,no,17460,0.13379152348224513,short
ENSG00000169174,0.5297,0.7402,0.15,0.0,0.494,3.646898065035042e-06,23.65697283275949,1.4029134551805337e-05,True,False,0.0,0.0,0.0,0.0,0.0,0.0,0,0.0,0.0,0.0,no,,gene-driven,no,95300,0.20816369359916054,long
ENSG00000169194,0.0001,0.0999,0.0,0.0,0.025,0.5,-0.0002930530754383,0.5,False,False,0.0,0.0,0.0,0.0,0.0,0.0,0,0.0,0.0,0.0,no,,neutral,no,9490,0.28946259220231824,short
ENSG00000169213,0.0435,0.5909,0.0,0.0,0.1608,0.1897276772691773,1.938036663664207,0.463509561265662,False,False,0.0,0.0,0.0,0.0,0.0,0.0,0,0.0,0.0,0.0,no,,neutral,no,15750,0.2431111111111111,short
ENSG00000169231,0.0556,0.6078,0.0,0.0,0.1686,0.1449032551106152,2.47708356937801,0.3692360609222336,False,False,0.0,0.0,0.0,0.0,0.0,0.0,0,0.0,0.0,0.0,no,,neutral,no,187730,0.3007670590742023,long
ENSG00000169241,0.0001,0.3969,0.0,0.0,0.0992,0.4999425585939478,0.0002297788232681,0.5,False,False,0.0,0.0,0.0,0.0,0.0,0.0,0,0.0,0.0,0.0,no,,neutral,no,43910,0.2889091323161011,medium
ENSG00000169242,0.0001,0.2585,0.0,0.0,0.0647,0.5,0.0,0.5,False,False,0.0,0.0,0.0,0.0,0.0,0.0,0,0.0,0.0,0.0,no,,neutral,no,17940,0.3640468227424749,short
ENSG00000169245,0.0157,0.5094,0.0,0.0,0.1321,0.3528229120383923,0.6972836659142558,0.5,False,False,0.0,0.0,0.0,0.0,0.0,0.0,0,0.0,0.0,0.0,no,,neutral,no,5670,0.22081128747795414,short
ENSG00000169247,0.0898,0.6361,0.0,0.0,0.186,0.0674264992247321,4.007139988505514,0.1851901751208268,False,False,0.0,0.0,0.0,0.0,0.0,0.0,0,0.0,0.0,0.0,no,,neutral,no,196540,0.18545843085377023,long
ENSG00000169248,0.5743,0.7507,0.15,0.0,0.51,1.347934768469727e-06,25.64757951493493,5.402600756138938e-06,True,False,0.0,0.0,0.0,0.0,0.0,0.0,0,0.0,0.0,0.0,no,,gene-driven,no,5910,0.20727580372250423,short
ENSG00000169251,0.0001,0.2585,0.0,0.0,0.0647,0.5,0.0,0.5,False,False,0.0,0.0,0.0,0.0,0.0,0.0,0,0.0,0.0,0.0,no,,neutral,no,184920,0.13607505948518278,long
ENSG00000169271,0.0001,0.2585,0.0,0.0,0.0647,0.5,0.0,0.5,False,False,0.0,0.0,0.0,0.0,0.0,0.0,0,0.0,0.0,0.0,no,,neutral,no,4980,0.46265060240963857,short
ENSG00000169282,1.0,0.9841,0.15,0.0,0.696,0.0,230.7237088470647,0.0,True,False,0.0,0.0,0.0,0.0,0.0,0.0,0,0.0,0.0,0.0,no,,gene-driven,no,112020,0.24951794322442422,long
ENSG00000169299,0.0001,0.2585,0.0,0.0,0.0647,0.5,0.0,0.5,False,False,0.0,0.0,0.0,0.0,0.0,0.0,0,0.0,0.0,0.0,no,,neutral,no,58920,0.20420909708078752,medium
ENSG00000169302,1.0,0.9043,0.15,0.0,0.6761,0.0,91.22402406725814,0.0,True,False,0.0,0.0,0.0,0.0,0.0,0.0,0,0.0,0.0,0.0,no,,gene-driven,no,58080,0.19040977961432506,medium
ENSG00000169375,0.7657,0.7778,0.15,0.0,0.5742,1.8746990293472272e-08,34.19817086895637,8.431060553321072e-08,True,False,0.0,0.4076,0.0,0.0,0.0,0.1426,1,0.0,0.0,0.0,no,,gene-driven,no,363810,0.11618427201011516,long
ENSG00000169379,0.056,0.6084,0.0,0.0,0.1689,0.143619380522565,2.494882977858651,0.3665278597841141,False,False,0.0,0.4076,0.0,0.0,0.0,0.1426,1,0.0,0.0,0.0,no,,neutral,no,178520,0.11358951377996863,long
ENSG00000169410,1.0,0.9349,0.15,0.0,0.6837,0.0,117.2390735071167,0.0,True,False,0.0,0.4076,0.0,0.0,0.0,0.1426,1,0.0,0.0,0.0,no,,gene-driven,no,110020,0.1625977095073623,long
ENSG00000169427,0.0318,0.5667,0.0,0.0,0.1512,0.2464164485456998,1.415170226951886,0.5,False,False,0.0,0.0,0.0,0.0,0.0,0.0,0,0.0,0.0,0.0,no,,neutral,no,84590,0.14855183827875634,long
ENSG00000169429,0.5102,0.7366,0.15,0.0,0.4872,5.642535095773393e-06,22.7840598557359,2.1408062216915985e-05,True,False,0.0,0.0,0.0,0.0,0.0,0.0,0,0.0,0.0,0.0,no,,gene-driven,no,9550,0.18795811518324607,short
ENSG00000169435,0.0001,0.2585,0.0,0.0,0.0647,0.5,0.0,0.5,False,False,0.0,0.0,0.0,0.0,0.0,0.0,0,0.0,0.0,0.0,no,,neutral,no,53000,0.21271698113207546,medium
ENSG00000169495,0.0001,0.2585,0.0,0.0,0.0647,0.5,0.0,0.5,False,False,0.0,0.0,0.0,0.0,0.0,0.0,0,0.0,0.0,0.0,no,,neutral,no,23960,0.32929883138564275,short
ENSG00000169499,0.0915,0.6375,0.0,0.0,0.1868,0.064867748877642,4.084515067814209,0.1788537599320352,False,False,0.0,0.0,0.0,0.0,0.0,0.0,0,0.0,0.0,0.0,no,,neutral,no,66260,0.32583760941744644,medium
ENSG00000169504,0.129,0.652,0.075,0.0,0.2767,0.0280841197551055,5.758807630305455,0.0806526626223412,False,False,0.0,0.0,0.0,0.0,0.0,0.0,0,0.0,0.0,0.0,no,,neutral,no,16910,0.22767593140153755,short
ENSG00000169519,0.0567,0.6106,0.0,0.0,0.1697,0.1411329274433717,2.529811808388331,0.3622266156363936,False,False,0.0,0.8761,0.0,0.0,0.0,0.3066,2,0.0,0.0,0.0,no,,regulation-driven,no,112050,0.1571441320838911,long
ENSG00000169550,0.2285,0.683,0.15,0.0,0.3893,0.0030458858756151,10.20163262334245,0.0096009102315016,True,False,0.0,0.0,0.0,0.0,0.0,0.0,0,0.0,0.0,0.0,no,,gene-driven,no,81700,0.14711138310893512,long
ENSG00000169564,0.0001,0.1196,0.0,0.0,0.0299,0.5,-1.0913936421275139e-11,0.5,False,False,0.0,0.0,0.0,0.0,0.0,0.0,0,0.0,0.0,0.0,no,,neutral,no,24420,0.2941031941031941,short
ENSG00000169567,0.0001,0.2585,0.0,0.0,0.0647,0.5,0.0,0.5,False,False,0.0,0.0,0.0,0.0,0.0,0.0,0,0.0,0.0,0.0,no,,neutral,no,31590,0.12440645773979107,short
ENSG00000169570,0.0005,0.415,0.0,0.0,0.1039,0.4956229745261555,0.0175851854946813,0.5,False,False,0.0,0.0,0.0,0.0,0.0,0.0,0,0.0,0.0,0.0,no,,neutral,no,57600,0.18993055555555555,medium
ENSG00000169583,0.0482,0.5969,0.0,0.0,0.1637,0.1707394028660379,2.148939328149936,0.423358818472419,False,False,0.0,0.0,0.0,0.0,0.0,0.0,0,0.0,0.0,0.0,no,,neutral,no,9670,0.4904860392967942,short
ENSG00000169605,0.0001,0.2585,0.0,0.0,0.0647,0.5,0.0,0.5,False,False,0.0,0.0,0.0,0.0,0.0,0.0,0,0.0,0.0,0.0,no,,neutral,no,16570,0.22190706095353047,short
ENSG00000169607,0.9024,0.7951,0.15,0.0,0.6195,8.850254973324923e-10,40.30451494033696,4.3158008075802134e-09,True,False,0.0,0.0,0.0,0.0,0.0,0.0,0,0.0,0.0,0.0,no,,gene-driven,no,55690,0.18717902675525228,medium
ENSG00000169621,0.0001,0.2585,0.0,0.0,0.0647,0.5,0.0,0.5,False,False,0.0,0.0,0.0,0.0,0.0,0.0,0,0.0,0.0,0.0,no,,neutral,no,68410,0.16411343370852213,medium
ENSG00000169692,0.0001,0.2585,0.0,0.0,0.0647,0.5,0.0,0.5,False,False,0.0,0.0,0.0,0.0,0.0,0.0,0,0.0,0.0,0.0,no,,neutral,no,27960,0.380829756795422,short
ENSG00000169744,0.0001,0.2585,0.0,0.0,0.0647,0.5,0.0,0.5,False,False,0.0,0.8761,0.0,0.0,0.0,0.3066,2,0.0,0.0,0.0,no,,regulation-driven,no,111080,0.18676629456247748,long
ENSG00000169758,0.262,0.6908,0.15,0.0,0.4013,0.0014422459168474,11.69681307084466,0.0046612938209221,True,False,0.0,0.0,0.0,0.0,0.0,0.0,0,0.0,0.0,0.0,no,,gene-driven,no,44380,0.2368409193330329,medium
ENSG00000169762,1.0,0.9013,0.15,0.3,0.9753,0.0,88.14255039489217,0.0,True,True,1.0,0.0,0.0,0.0,0.0,0.0,0,0.0,0.0,0.0,no,,gene-driven,no,63430,0.2273056913132587,medium
ENSG00000169814,1.0,0.9592,0.15,0.0,0.6898,0.0,151.9192208645909,0.0,True,False,0.0,0.0,0.0,0.0,0.0,0.0,0,0.0,0.0,0.0,no,,gene-driven,no,171790,0.1594970603643984,long
ENSG00000169826,0.0001,0.2585,0.0,0.0,0.0647,0.5,0.0,0.5,False,False,0.0,0.0,0.0,0.0,0.0,0.0,0,0.0,0.0,0.0,no,,neutral,no,74760,0.21189138576779026,medium
ENSG00000169836,0.0049,0.4538,0.0,0.0,0.1149,0.44947043956222,0.2130760191976151,0.5,False,False,0.0,0.0,0.0,0.0,0.0,0.0,0,0.0,0.0,0.0,no,,neutral,no,28350,0.2598589065255732,short
ENSG00000169840,0.0001,0.2585,0.0,0.0,0.0647,0.5,0.0,0.5,False,False,0.0,0.0,0.0,0.0,0.0,0.0,0,0.0,0.0,0.0,no,,neutral,no,12220,0.42520458265139116,short
ENSG00000169855,0.1837,0.6703,0.15,0.0,0.3727,0.0082799912849281,8.20153236524493,0.0250973044797272,True,False,0.0,0.9769,0.0,0.0,0.0,0.3419,4,0.0,0.0,0.0,no,,dual-driven,no,3870,0.4315245478036176,short
ENSG00000169884,0.0001,0.2585,0.0,0.0,0.0647,0.5,0.0,0.5,False,False,0.0,0.0,0.0,0.0,0.0,0.0,0,0.0,0.0,0.0,no,,neutral,no,42810,0.23188507358093904,medium
ENSG00000169885,0.0001,0.2585,0.0,0.0,0.0647,0.5,0.0,0.5,False,False,0.0,0.0,0.0,0.0,0.0,0.0,0,0.0,0.0,0.0,no,,neutral,no,13540,0.3693500738552437,short
ENSG00000169903,0.0001,0.0012,0.0,0.0,0.0003,0.5,-0.0097280477812091,0.5,False,False,0.0,0.0,0.0,0.0,0.0,0.0,0,0.0,0.0,0.0,no,,neutral,no,14650,0.24464163822525598,short
ENSG00000169908,0.0004,0.4111,0.0,0.0,0.1029,0.4968610829405568,0.0125952451635384,0.5,False,False,0.0,0.0,0.0,0.0,0.0,0.0,0,0.0,0.0,0.0,no,,neutral,no,22030,0.18270540172492056,short
ENSG00000169914,0.0001,0.2585,0.0,0.0,0.0647,0.5,0.0,0.5,False,False,0.0,0.0,0.0,0.0,0.0,0.0,0,0.0,0.0,0.0,no,,neutral,no,20960,0.3001431297709924,short
ENSG00000169918,0.0001,0.2585,0.0,0.0,0.0647,0.5,0.0,0.5,False,False,0.0,0.0,0.0,0.0,0.0,0.0,0,0.0,0.0,0.0,no,,neutral,no,193900,0.15035585353274883,long
ENSG00000169919,0.0001,0.2585,0.0,0.0,0.0647,0.5,0.0,0.5,False,False,0.0,0.0,0.0,0.0,0.0,0.0,0,0.0,0.0,0.0,no,,neutral,no,74070,0.2589307411907655,medium
ENSG00000169926,0.0001,0.2585,0.0,0.0,0.0647,0.5,0.0,0.5,False,False,0.0,0.0,0.0,0.0,0.0,0.0,0,0.0,0.0,0.0,no,,neutral,no,17420,0.35074626865671643,short
ENSG00000169967,0.0001,0.2585,0.0,0.0,0.0647,0.5,0.0,0.5,False,False,0.0,0.0,0.0,0.0,0.0,0.0,0,0.0,0.0,0.0,no,,neutral,no,57310,0.20849764439015878,medium
ENSG00000170044,0.7788,0.7789,0.15,0.0,0.5784,1.3972277224105772e-08,34.78608697546952,6.312271290890291e-08,True,False,0.0,0.0,0.0,0.0,0.0,0.0,0,0.0,0.0,0.0,no,,gene-driven,no,64290,0.1945248094571473,medium
ENSG00000170075,0.7273,0.7716,0.15,0.0,0.5611,4.418230398206546e-08,32.48358862001623,1.932830079215423e-07,True,False,0.0,0.0,0.0,0.0,0.0,0.0,0,0.0,0.0,0.0,no,,gene-driven,no,53270,0.22857142857142856,medium
ENSG00000170142,0.4441,0.7262,0.15,0.0,0.4648,2.466893872266063e-05,19.83363693356659,9.002443228651061e-05,True,False,0.0,0.0,0.0,0.0,0.0,0.0,0,0.0,0.0,0.0,no,,gene-driven,no,62870,0.1779545093049149,medium
ENSG00000170145,0.0001,0.2585,0.0,0.0,0.0647,0.5,0.0,0.5,False,False,0.0,0.0,0.0,0.0,0.0,0.0,0,0.0,0.0,0.0,no,,neutral,no,192640,0.16589493355481727,long
ENSG00000170162,0.0001,0.2585,0.0,0.0,0.0647,0.5,0.0,0.5,False,False,0.0,0.0,0.0,0.0,0.0,0.0,0,0.0,0.0,0.0,no,,neutral,no,24540,0.3897310513447433,short
ENSG00000170166,0.0001,0.0778,0.0,0.0,0.0195,0.5,-0.0010953786822938,0.5,False,False,0.0,0.4076,0.0,0.0,0.0,0.1426,1,0.0,0.0,0.0,no,,neutral,no,11000,0.43554545454545457,short
ENSG00000170178,0.0001,0.2585,0.0,0.0,0.0647,0.5,0.0,0.5,False,False,0.0,0.8761,0.0,0.0,0.0,0.3066,2,0.0,0.0,0.0,no,,regulation-driven,no,15530,0.3716677398583387,short
ENSG00000170185,1.0,0.9081,0.15,0.0,0.677,0.0,94.2391890515064,0.0,True,False,0.0,0.0,0.0,0.0,0.0,0.0,0,0.0,0.0,0.0,no,,gene-driven,no,179580,0.14393028176857112,long
ENSG00000170214,0.0228,0.5364,0.0,0.0,0.1409,0.3013002974168101,1.013001330280531,0.5,False,False,0.0,0.0,0.0,0.0,0.0,0.0,0,0.0,0.0,0.0,no,,neutral,no,19180,0.4601668404588113,short
ENSG00000170231,0.0001,0.2585,0.0,0.0,0.0647,0.5,0.0,0.5,False,False,0.0,0.0,0.0,0.0,0.0,0.0,0,0.0,0.0,0.0,no,,neutral,no,19760,0.21153846153846154,short
ENSG00000170289,1.0,0.8739,0.15,0.0,0.6685,1.110223024625157e-16,72.1615832212774,8.751583715507972e-16,True,False,0.0,0.0,0.0,0.0,0.0,0.0,0,0.0,0.0,0.0,no,,gene-driven,no,61980,0.2578089706356889,medium
ENSG00000170293,0.0001,0.2585,0.0,0.0,0.0647,0.5,0.0,0.5,False,False,0.0,0.0,0.0,0.0,0.0,0.0,0,0.0,0.0,0.0,no,,neutral,no,8780,0.455125284738041,short
ENSG00000170325,0.0994,0.6401,0.0,0.0,0.1898,0.0544582916674913,4.434345960587962,0.1512426257700178,False,False,0.0,0.0,0.0,0.0,0.0,0.0,0,0.0,0.0,0.0,no,,neutral,no,287560,0.29454374739184863,long
ENSG00000170340,0.0147,0.5034,0.0,0.0,0.1303,0.3609008489131534,0.6520096690892387,0.5,False,False,0.0,0.0,0.0,0.0,0.0,0.0,0,0.0,0.0,0.0,no,,neutral,no,23930,0.25348934391976596,short
ENSG00000170348,0.1063,0.6429,0.075,0.0,0.2676,0.0466959273515704,4.741902292696068,0.1307065518552119,False,False,0.0,0.0,0.0,0.0,0.0,0.0,0,0.0,0.0,0.0,no,,neutral,no,13370,0.2658937920718025,short
ENSG00000170370,0.0001,0.0302,0.0,0.0,0.0076,0.5,-0.0055312264066742,0.5,False,False,0.0,0.4076,0.0,0.0,0.0,0.1426,1,0.0,0.0,0.0,no,,neutral,no,17130,0.36152948044366606,short
ENSG00000170374,0.1355,0.6546,0.075,0.0,0.2793,0.0242764983753245,6.050198722325149,0.0702450860493683,False,False,0.0,0.0,0.0,0.0,0.0,0.0,0,0.0,0.0,0.0,no,,neutral,no,59650,0.23478625314333612,medium
ENSG00000170379,0.0001,0.2585,0.0,0.0,0.0647,0.5,0.0,0.5,False,False,0.0,0.0,0.0,0.0,0.0,0.0,0,0.0,0.0,0.0,no,,neutral,no,206560,0.14263168086754455,long
ENSG00000170381,0.3515,0.7101,0.15,0.0,0.433,0.0001953526312734,15.69511417302419,0.0006733776770299,True,False,0.0,0.0,0.0,0.0,0.0,0.0,0,0.0,0.0,0.0,no,,gene-driven,no,99940,0.2704822893736242,long
ENSG00000170385,0.0001,0.2585,0.0,0.0,0.0647,0.5,0.0,0.5,False,False,0.0,0.0,0.0,0.0,0.0,0.0,0,0.0,0.0,0.0,no,,neutral,no,42210,0.2054489457474532,medium
ENSG00000170390,0.4153,0.7205,0.15,0.0,0.4547,4.690835340670496e-05,18.54833521369437,0.0001677369876671,True,False,0.0,0.0,0.0,0.0,0.0,0.0,0,0.0,0.0,0.0,no,,gene-driven,no,242630,0.199752709887483,long
ENSG00000170396,0.0001,0.2585,0.0,0.0,0.0647,0.5,0.0,0.5,False,False,0.0,0.0,0.0,0.0,0.0,0.0,0,0.0,0.0,0.0,no,,neutral,no,139590,0.17777061394082672,long
ENSG00000170417,0.0548,0.6066,0.0,0.0,0.1681,0.1472489895423331,2.444966275961633,0.3740635720038635,False,False,0.0,0.4076,0.0,0.0,0.0,0.1426,1,0.0,0.0,0.0,no,,neutral,no,41220,0.23061620572537603,medium
ENSG00000170419,0.1915,0.6729,0.15,0.0,0.3757,0.0069579179997753,8.549455613683676,0.0212584054858001,True,False,0.0,0.0,0.0,0.0,0.0,0.0,0,0.0,0.0,0.0,no,,gene-driven,no,39530,0.27837085757652413,medium
ENSG00000170430,0.0001,0.2585,0.0,0.0,0.0647,0.5,0.0,0.5,False,False,0.0,0.8761,0.0,0.0,0.0,0.3066,2,0.0,0.0,0.0,no,,regulation-driven,no,36500,0.20463013698630136,medium
ENSG00000170439,0.0001,0.121,0.0,0.0,0.0303,0.5,-4.547473508864641e-12,0.5,False,False,0.0,0.0,0.0,0.0,0.0,0.0,0,0.0,0.0,0.0,no,,neutral,no,11550,0.37714285714285717,short
ENSG00000170448,0.0001,0.0593,0.0,0.0,0.0149,0.5,-0.002373288392846,0.5,False,False,0.0,0.0,0.0,0.0,0.0,0.0,0,0.0,0.0,0.0,no,,neutral,no,108520,0.16839292296350902,long
ENSG00000170454,0.0001,0.2585,0.0,0.0,0.0647,0.5,0.0,0.5,False,False,0.0,0.0,0.0,0.0,0.0,0.0,0,0.0,0.0,0.0,no,,neutral,no,137860,0.1557594661250544,long
ENSG00000170458,0.3458,0.7085,0.15,0.0,0.4309,0.0002216392523324,15.44262461360995,0.0007597750800148,True,False,0.0,0.0,0.0,0.0,0.0,0.0,0,0.0,0.0,0.0,no,,gene-driven,no,45030,0.23588718632023095,medium
ENSG00000170464,0.2249,0.6819,0.15,0.0,0.388,0.0032972867080889,10.04301635574302,0.0103605205849869,True,False,0.0,0.0,0.0,0.0,0.0,0.0,0,0.0,0.0,0.0,no,,gene-driven,no,41130,0.17206418672501825,medium
ENSG00000170482,0.0001,0.2585,0.0,0.0,0.0647,0.5,0.0,0.5,False,False,0.0,0.0,0.0,0.0,0.0,0.0,0,0.0,0.0,0.0,no,,neutral,no,54080,0.29208579881656804,medium
ENSG00000170484,1.0,0.9419,0.15,0.0,0.6855,0.0,124.6138011162548,0.0,True,False,0.0,0.0,0.0,0.0,0.0,0.0,0,0.0,0.0,0.0,no,,gene-driven,no,66120,0.2717785843920145,medium
ENSG00000170498,0.0137,0.494,0.0,0.0,0.1276,0.3689486611613196,0.6079011873734999,0.5,False,False,0.0,0.0,0.0,0.0,0.0,0.0,0,0.0,0.0,0.0,no,,neutral,no,8790,0.34698521046643915,short
ENSG00000170500,0.3645,0.7129,0.15,0.0,0.4376,0.0001459348859687,16.27840568348984,0.0005079636968569,True,False,0.0,0.0,0.0,0.0,0.0,0.0,0,0.0,0.0,0.0,no,,gene-driven,no,75650,0.18921348314606742,medium
ENSG00000170509,0.1182,0.648,0.075,0.0,0.2725,0.0357256447445122,5.277478654777951,0.1014265736068515,False,False,0.0,0.0,0.0,0.0,0.0,0.0,0,0.0,0.0,0.0,no,,neutral,no,35920,0.19100779510022273,medium
ENSG00000170542,0.0267,0.5468,0.0,0.0,0.1447,0.2761717125350385,1.187170558499929,0.5,False,False,0.0,0.0,0.0,0.0,0.0,0.0,0,0.0,0.0,0.0,no,,neutral,no,109250,0.11150572082379863,long
ENSG00000170545,0.7534,0.776,0.15,0.0,0.57,2.4668158515872562e-08,33.64921074632184,1.1004432328067273e-07,True,False,0.0,0.0,0.0,0.0,0.0,0.0,0,0.0,0.0,0.0,no,,gene-driven,no,19170,0.1364110589462702,short
ENSG00000170577,0.0001,0.2585,0.0,0.0,0.0647,0.5,0.0,0.5,False,False,0.0,0.0,0.0,0.0,0.0,0.0,0,0.0,0.0,0.0,no,,neutral,no,16800,0.373452380952381,short
ENSG00000170581,1.0,0.9296,0.15,0.0,0.6824,0.0,113.6806656286499,0.0,True,False,0.0,0.0,0.0,0.0,0.0,0.0,0,0.0,0.0,0.0,no,,gene-driven,no,213500,0.16253864168618268,long
ENSG00000170584,0.0001,0.2585,0.0,0.21,0.2747,0.5,0.0,0.5,False,True,0.7,0.0,0.0,0.0,0.0,0.0,0,0.0,0.0,0.0,no,,neutral,no,10990,0.2535941765241128,short
ENSG00000170606,0.0141,0.4978,0.0,0.0,0.1287,0.3653952204045711,0.627257069983898,0.5,False,False,0.0,0.0,0.0,0.0,0.0,0.0,0,0.0,0.0,0.0,no,,neutral,no,75050,0.20670219853431046,medium
ENSG00000170613,0.0117,0.4835,0.0,0.0,0.1244,0.3857143304668346,0.5190221588891291,0.5,False,False,0.0,0.0,0.0,0.0,0.0,0.0,0,0.0,0.0,0.0,no,,neutral,no,24530,0.38002445984508765,short
ENSG00000170615,0.0001,0.1007,0.0,0.0,0.0252,0.5,-0.0002849446609616,0.5,False,False,0.0,0.0,0.0,0.0,0.0,0.0,0,0.0,0.0,0.0,no,,neutral,no,229580,0.1720750936492726,long
ENSG00000170624,0.0567,0.6102,0.0,0.0,0.1695,0.1414043300310811,2.525969445458031,0.3625490399869058,False,False,0.0,0.8761,0.0,0.0,0.0,0.3066,2,0.0,0.0,0.0,no,,regulation-driven,no,31680,0.2165088383838384,short
ENSG00000170627,1.0,0.9146,0.15,0.0,0.6786,0.0,100.2697045994482,0.0,True,False,0.0,0.0,0.0,0.0,0.0,0.0,0,0.0,0.0,0.0,no,,gene-driven,no,20190,0.1961367013372957,short
ENSG00000170633,0.0001,0.2585,0.0,0.0,0.0647,0.5,0.0,0.5,False,False,0.0,0.0,0.0,0.0,0.0,0.0,0,0.0,0.0,0.0,no,,neutral,no,91650,0.20279323513366065,long
ENSG00000170743,0.7147,0.77,0.15,0.0,0.5569,5.848973277933212e-08,31.92253485053516,2.54085529121745e-07,True,False,0.0,0.4076,0.0,0.0,0.0,0.1426,1,0.0,0.0,0.0,no,,gene-driven,no,88950,0.17387296233839236,long
ENSG00000170759,0.0421,0.5887,0.0,0.0,0.1598,0.1958586654309632,1.874429587929626,0.4758678274874272,False,False,0.0,0.0,0.0,0.0,0.0,0.0,0,0.0,0.0,0.0,no,,neutral,no,93900,0.22250266240681577,long
ENSG00000170775,0.0001,0.2585,0.0,0.0,0.0647,0.5,0.0,0.5,False,False,0.0,0.0,0.0,0.0,0.0,0.0,0,0.0,0.0,0.0,no,,neutral,no,26550,0.38990583804143125,short
ENSG00000170786,0.0001,0.2585,0.0,0.0,0.0647,0.5,0.0,0.5,False,False,0.0,0.0,0.0,0.0,0.0,0.0,0,0.0,0.0,0.0,no,,neutral,no,35510,0.2167558434243875,medium
ENSG00000170801,0.0001,0.0794,0.0,0.0,0.0199,0.5,-0.0010352401586715,0.5,False,False,0.0,0.0,0.0,0.0,0.0,0.0,0,0.0,0.0,0.0,no,,neutral,no,47940,0.29705882352941176,medium
ENSG00000170807,0.0577,0.6116,0.0,0.0,0.1702,0.1380161087864119,2.574475379209616,0.3550503550776376,False,False,0.0,0.0,0.0,0.0,0.0,0.0,0,0.0,0.0,0.0,no,,neutral,no,62640,0.18643039591315452,medium
ENSG00000170819,0.008,0.4692,0.0,0.0,0.1197,0.418871449322441,0.3540880581804231,0.5,False,False,0.0,0.0,0.0,0.0,0.0,0.0,0,0.0,0.0,0.0,no,,neutral,no,20020,0.3462037962037962,short
ENSG00000170860,0.0001,0.2585,0.0,0.0,0.0647,0.5,0.0,0.5,False,False,0.0,0.0,0.0,0.0,0.0,0.0,0,0.0,0.0,0.0,no,,neutral,no,6380,0.2261755485893417,short
ENSG00000170873,1.0,0.9719,0.15,0.0,0.693,0.0,182.7376526234875,0.0,True,False,0.0,0.0,0.0,0.0,0.0,0.0,0,0.0,0.0,0.0,no,,gene-driven,no,243350,0.22974316827614547,long
ENSG00000170876,1.0,0.9721,0.15,0.0,0.693,0.0,183.1378659516267,0.0,True,False,0.0,0.0,0.0,0.0,0.0,0.0,0,0.0,0.0,0.0,no,,gene-driven,no,45840,0.20892233856893544,medium
ENSG00000170881,0.0323,0.5696,0.0,0.0,0.1521,0.2436304023859052,1.437911531558711,0.5,False,False,0.0,0.0,0.0,0.0,0.0,0.0,0,0.0,0.0,0.0,no,,neutral,no,26010,0.33852364475201846,short
ENSG00000170890,0.0001,0.2585,0.0,0.0,0.0647,0.5,0.0,0.5,False,False,0.0,0.0,0.0,0.0,0.0,0.0,0,0.0,0.0,0.0,no,,neutral,no,10110,0.3252225519287834,short
ENSG00000170891,0.1911,0.6725,0.15,0.0,0.3754,0.007025704103769,8.530065319964706,0.0214391731362865,True,False,0.0,0.0,0.0,0.0,0.0,0.0,0,0.0,0.0,0.0,no,,gene-driven,no,12310,0.2767668562144598,short
ENSG00000170893,0.0004,0.4101,0.0,0.0,0.1026,0.4971742278789797,0.0113351492882429,0.5,False,False,0.0,0.0,0.0,0.0,0.0,0.0,0,0.0,0.0,0.0,no,,neutral,no,16280,0.36320638820638823,short
ENSG00000170899,0.0849,0.6319,0.0,0.0,0.1834,0.0751989796904727,3.788940870421357,0.2041701555569931,False,False,0.0,0.4076,0.0,0.0,0.0,0.1426,1,0.0,0.0,0.0,no,,neutral,no,20680,0.18699226305609284,short
ENSG00000170903,0.6901,0.7658,0.15,0.0,0.5485,1.013958697559936e-07,30.82217259659956,4.3254121455086803e-07,True,False,0.0,0.0,0.0,0.0,0.0,0.0,0,0.0,0.0,0.0,no,,gene-driven,no,53890,0.17305622564483206,medium
ENSG00000170915,0.0001,0.2585,0.0,0.0,0.0647,0.5,0.0,0.5,False,False,0.0,0.0,0.0,0.0,0.0,0.0,0,0.0,0.0,0.0,no,,neutral,no,35220,0.23307779670641682,medium
ENSG00000170950,0.0636,0.6166,0.0,0.0,0.1732,0.1211139928285451,2.835751813317074,0.3157342769020877,False,False,0.0,0.0,0.0,0.0,0.0,0.0,0,0.0,0.0,0.0,no,,neutral,no,14150,0.41335689045936397,short
ENSG00000170955,0.0027,0.4409,0.0,0.0,0.111,0.4722487863858055,0.1142043237923644,0.5,False,False,0.0,0.0,0.0,0.0,0.0,0.0,0,0.0,0.0,0.0,no,,neutral,no,21930,0.4176470588235294,short
ENSG00000170961,0.0001,0.2585,0.0,0.0,0.0647,0.5,0.0,0.5,False,False,0.0,0.0,0.0,0.0,0.0,0.0,0,0.0,0.0,0.0,no,,neutral,no,50610,0.15830863465718237,medium
ENSG00000171016,0.0131,0.4899,0.0,0.0,0.1264,0.374001997268771,0.5806939214271551,0.5,False,False,0.0,0.0,0.0,0.0,0.0,0.0,0,0.0,0.0,0.0,no,,neutral,no,52910,0.18625968625968625,medium
ENSG00000171053,0.0443,0.5913,0.0,0.0,0.1611,0.1864170757199529,1.973243184678722,0.4558694860526281,False,False,0.0,0.0,0.0,0.0,0.0,0.0,0,0.0,0.0,0.0,no,,neutral,no,12160,0.2325657894736842,short
ENSG00000171097,0.3193,0.7041,0.15,0.0,0.4218,0.0004004894914516,14.25935169972945,0.0013523657369182,True,False,0.0,0.0,0.0,0.0,0.0,0.0,0,0.0,0.0,0.0,no,,gene-driven,no,151240,0.1633364189367892,long
ENSG00000171115,0.0123,0.4855,0.0,0.0,0.1251,0.3806403650712585,0.5455061855063832,0.5,False,False,0.0,0.0,0.0,0.0,0.0,0.0,0,0.0,0.0,0.0,no,,neutral,no,80840,0.15580158337456704,long
ENSG00000171121,0.0779,0.6269,0.0,0.0,0.1801,0.0880300886927065,3.473858850356919,0.2357898013772332,False,False,0.0,0.0,0.0,0.0,0.0,0.0,0,0.0,0.0,0.0,no,,neutral,no,60590,0.19458656543984157,medium
ENSG00000171126,0.2484,0.6876,0.15,0.0,0.3964,0.0019527476931965,11.09074128855355,0.0062462810456331,True,False,0.0,0.0,0.0,0.0,0.0,0.0,0,0.0,0.0,0.0,no,,gene-driven,no,26540,0.3056518462697815,short
ENSG00000171130,1.0,0.92,0.15,0.0,0.68,0.0,104.8939185153195,0.0,True,False,0.0,0.0,0.0,0.0,0.0,0.0,0,0.0,0.0,0.0,no,,gene-driven,no,35370,0.20718122702855526,medium
ENSG00000171135,0.0001,0.0822,0.0,0.0,0.0206,0.5,-0.0008843109417284,0.5,False,False,0.0,0.0,0.0,0.0,0.0,0.0,0,0.0,0.0,0.0,no,,neutral,no,11410,0.29237510955302365,short
ENSG00000171160,0.0251,0.543,0.0,0.0,0.1433,0.2862817063448106,1.115263570251045,0.5,False,False,0.0,0.0,0.0,0.0,0.0,0.0,0,0.0,0.0,0.0,no,,neutral,no,14370,0.25880306193458597,short
ENSG00000171169,0.0082,0.4704,0.0,0.0,0.1201,0.4169502680336488,0.3632822900708561,0.5,False,False,0.0,0.0,0.0,0.0,0.0,0.0,0,0.0,0.0,0.0,no,,neutral,no,19780,0.35404448938321537,short
ENSG00000171202,1.0,0.8747,0.15,0.0,0.6687,1.110223024625157e-16,72.42108468595688,8.751583715507972e-16,True,False,0.0,0.0,0.0,0.0,0.0,0.0,0,0.0,0.0,0.0,no,,gene-driven,no,17500,0.15371428571428572,short
ENSG00000171209,1.0,0.8458,0.15,0.0,0.6614,1.664779425425422e-13,57.46127246185824,1.0782047997481834e-12,True,False,0.0,0.0,0.0,0.0,0.0,0.0,0,0.0,0.0,0.0,no,,gene-driven,no,10920,0.24194139194139194,short
ENSG00000171217,0.0001,0.2585,0.0,0.0,0.0647,0.5,0.0,0.5,False,False,0.0,0.0,0.0,0.0,0.0,0.0,0,0.0,0.0,0.0,no,,neutral,no,6570,0.5041095890410959,short
ENSG00000171243,0.0001,0.0897,0.0,0.0,0.0224,0.5,-0.0005601211514658,0.5,False,False,0.0,0.0,0.0,0.0,0.0,0.0,0,0.0,0.0,0.0,no,SOSTDC1,neutral,no,14640,0.38401639344262295,short
ENSG00000171303,0.0001,0.2585,0.0,0.0,0.0647,0.5,0.0,0.5,False,False,0.0,0.0,0.0,0.0,0.0,0.0,0,0.0,0.0,0.0,no,KCNK3,neutral,no,16000,0.4498125,short
ENSG00000171357,0.0141,0.497,0.0,0.0,0.1285,0.3661191859815686,0.6232983465083635,0.5,False,False,0.0,0.0,0.0,0.0,0.0,0.0,0,0.0,0.0,0.0,no,LURAP1,neutral,no,9150,0.4899453551912568,short
ENSG00000171385,0.0001,0.2585,0.0,0.0,0.0647,0.5,0.0,0.5,False,False,0.0,0.0,0.0,0.0,0.0,0.0,0,0.0,0.0,0.0,no,KCND3,neutral,no,97210,0.2576586770908343,long
ENSG00000171435,0.0001,0.1152,0.0,0.0,0.0288,0.5,-3.780864062719047e-06,0.5,False,False,0.0,0.0,0.0,0.0,0.0,0.0,0,0.0,0.0,0.0,no,KSR2,neutral,no,110890,0.25732708089097306,long
ENSG00000171448,0.0001,0.1049,0.0,0.0,0.0263,0.5,-0.0001554272021166,0.5,False,False,0.0,0.0,0.0,0.0,0.0,0.0,0,0.0,0.0,0.0,no,ZBTB26,neutral,no,26460,0.22622826908541194,short
ENSG00000171476,1.0,0.9572,0.15,0.0,0.6893,0.0,147.7370387849642,0.0,True,False,0.0,0.0,0.0,0.0,0.0,0.0,0,0.0,0.0,0.0,no,HOPX,gene-driven,no,29340,0.17389229720518065,short
ENSG00000171488,0.0001,0.0436,0.0,0.0,0.0109,0.5,-0.0038899812498129,0.5,False,False,0.0,0.0,0.0,0.0,0.0,0.0,0,0.0,0.0,0.0,no,LRRC8C,neutral,no,75160,0.18165247472059606,medium
ENSG00000171495,1.0,0.9775,0.15,0.0,0.6944,0.0,202.5428537222542,0.0,True,False,0.0,0.0,0.0,0.0,0.0,0.0,0,0.0,0.0,0.0,no,MROH2B,gene-driven,no,86540,0.2851282643864109,long
ENSG00000171502,0.0001,0.2585,0.0,0.0,0.0647,0.5,0.0,0.5,False,False,0.0,0.0,0.0,0.0,0.0,0.0,0,0.0,0.0,0.0,no,COL24A1,neutral,no,117250,0.22156076759061832,long
ENSG00000171503,1.0,0.8587,0.15,0.0,0.6647,6.716849298982197e-15,63.87683197327715,4.745683013229751e-14,True,False,0.0,0.0,0.5169,0.0,0.0,0.1809,0,1.1353229981579729,0.0,0.0,no,ETFDH,gene-driven,no,268730,0.1226919212592565,long
ENSG00000171517,0.0003,0.4065,0.0,0.0,0.1017,0.4982568667320119,0.0069847154481976,0.5,False,False,0.0,0.0,0.0,0.0,0.0,0.0,0,0.0,0.0,0.0,no,LPAR3,neutral,no,34210,0.20035077462730197,medium
ENSG00000171522,0.0001,0.003,0.0,0.0,0.0008,0.5,-0.0095334795314556,0.5,False,False,0.0,0.0,0.0,0.0,0.0,0.0,0,0.0,0.0,0.0,no,PTGER4,neutral,no,20670,0.422447992259313,short
ENSG00000171530,1.0,0.959,0.15,0.0,0.6897,0.0,151.3532829777778,0.0,True,False,0.0,0.8761,0.0,0.0,0.0,0.3066,2,0.0,0.0,0.0,no,TBCA,gene-driven (dual),no,28330,0.17080833039181081,short
ENSG00000171533,0.1091,0.6441,0.075,0.0,0.2688,0.043792010842134,4.870313397186692,0.1229934849964849,False,False,0.0,0.0,0.0,0.0,0.0,0.0,0,0.0,0.0,0.0,no,MAP6,neutral,no,76930,0.23075523202911738,medium
ENSG00000171540,0.0001,0.2585,0.0,0.0,0.0647,0.5,0.0,0.5,False,False,0.0,0.8761,0.0,0.0,0.0,0.3066,2,0.0,0.0,0.0,no,OTP,regulation-driven,no,29230,0.3227505986999658,short
ENSG00000171551,0.3553,0.7107,0.15,0.0,0.4343,0.0001793623229046,15.86591093428433,0.0006195473570331,True,False,0.0,0.0,0.0,0.0,0.0,0.0,0,0.0,0.0,0.0,no,ECEL1,gene-driven,no,254990,0.15339425075493157,long
ENSG00000171557,0.4234,0.7222,0.15,0.0,0.4576,3.917800232550173e-05,18.90849590667494,0.0001409048326587,True,False,0.0,0.0,0.6449,0.0,0.0,0.2257,0,1.496495726798547,0.0,0.0,no,FGG,gene-driven,no,69720,0.1788439472174412,medium
ENSG00000171564,0.7181,0.7704,0.15,0.0,0.558,5.426415478071434e-08,32.07250956074495,2.3614164993812173e-07,True,False,0.0,0.0,0.1763,0.0,0.0,0.0617,0,0.761086684668399,0.0,0.0,no,FGB,gene-driven,no,34290,0.22236803732866725,medium
ENSG00000171566,1.0,0.8221,0.15,0.0,0.6555,2.413325095318442e-11,47.50856535349885,1.3548396189744843e-10,True,False,0.0,0.0,0.7754,0.0,0.0,0.2714,0,2.0925142663509324,0.0,0.0,no,PLRG1,gene-driven,no,61020,0.2836119305145854,medium
ENSG00000171596,0.0371,0.5802,0.0,0.0,0.1562,0.2187230659978774,1.653603415130419,0.5,False,False,0.0,0.0,0.0,0.0,0.0,0.0,0,0.0,0.0,0.0,no,NMUR1,neutral,no,12810,0.6210772833723653,short
ENSG00000171604,0.8547,0.7891,0.15,0.0,0.6037,2.567118739804641e-09,38.17466897770646,1.2160808201703127e-08,True,False,0.0,0.0,0.0,0.0,0.0,0.0,0,0.0,0.0,0.0,no,CXXC5,gene-driven,no,115450,0.14607189259419662,long
ENSG00000171621,0.0384,0.5818,0.0,0.0,0.157,0.2128098247472891,1.708418346050166,0.5,False,False,0.0,0.0,0.0,0.0,0.0,0.0,0,0.0,0.0,0.0,no,SPSB1,neutral,no,37610,0.24264823185323053,medium
ENSG00000171714,1.0,0.9447,0.15,0.0,0.6862,0.0,128.2011904491956,0.0,True,False,0.0,0.0,0.0,0.0,0.0,0.0,0,0.0,0.0,0.0,no,ANO5,gene-driven,no,232090,0.13987677194191908,long
ENSG00000171723,1.0,0.9946,0.15,0.0,0.6986,0.0,348.5688648070354,0.0,True,False,0.0,0.4076,0.0,0.0,0.0,0.1426,1,0.0,0.0,0.0,no,GPHN,gene-driven,no,214210,0.23241678726483359,long
ENSG00000171757,0.175,0.6685,0.15,0.0,0.3696,0.0100614536010271,7.811792902193702,0.0303307092190964,True,False,0.0,0.0,0.0942,0.0,0.4734,0.104,0,0.7070126256547608,0.0,92.3,yes,LRRC34,gene-driven,no,60920,0.2088640840446487,medium
ENSG00000171759,0.0263,0.5458,0.0,0.0,0.1443,0.2786234181290984,1.169493968220195,0.5,False,False,0.0,0.0,0.0,0.0,0.0,0.0,0,0.0,0.0,0.0,no,PAH,neutral,no,75510,0.2579790756191233,medium
ENSG00000171766,0.0001,0.2585,0.0,0.0,0.0647,0.5,0.0,0.5,False,False,0.0,0.0,0.0,0.0,0.0,0.0,0,0.0,0.0,0.0,no,GATM,neutral,no,89090,0.14342799416320576,long
ENSG00000171812,0.0074,0.4678,0.0,0.0,0.1192,0.4249386685983705,0.3253264981649409,0.5,False,False,0.0,0.0,0.0,0.0,0.0,0.0,0,0.0,0.0,0.0,no,COL8A2,neutral,no,87840,0.21205601092896176,long
ENSG00000171819,0.0912,0.6369,0.0,0.0,0.1866,0.0653667903542511,4.069187523459732,0.1799305009529858,False,False,0.0,0.0,0.0,0.0,0.0,0.0,0,0.0,0.0,0.0,no,ANGPTL7,neutral,no,17000,0.3361764705882353,short
ENSG00000171823,0.0303,0.5609,0.0,0.0,0.1493,0.2545581744621938,1.350157410308384,0.5,False,False,0.0,0.0,0.0,0.0,0.0,0.0,0,0.0,0.0,0.0,no,FBXL14,neutral,no,25680,0.3883956386292835,short
ENSG00000171824,0.0001,0.0804,0.0,0.0,0.0201,0.5,-0.0009812115167733,0.5,False,False,0.0,0.0,0.0,0.0,0.0,0.0,0,0.0,0.0,0.0,no,EXOSC10,neutral,no,137290,0.22545706169422391,long
ENSG00000171843,0.7354,0.7732,0.15,0.0,0.5639,3.6830780925090074e-08,32.84756944422406,1.6226421994809388e-07,True,False,0.0,0.0,0.0,0.0,0.0,0.0,0,0.0,0.0,0.0,no,MLLT3,gene-driven,no,150650,0.15044142051111847,long
ENSG00000171865,0.0138,0.4946,0.0,0.0,0.1278,0.3682874417650998,0.611488746750183,0.5,False,False,0.0,0.0,0.5725,0.0,0.0,0.2004,0,1.2508560221260885,0.0,0.0,no,RNASEH1,neutral,no,12490,0.3686949559647718,short
ENSG00000171872,0.0001,0.2585,0.0,0.0,0.0647,0.5,0.0,0.5,False,False,0.0,0.0,0.0,0.0,0.0,0.0,0,0.0,0.0,0.0,no,KLF17,neutral,no,24200,0.3056611570247934,short
ENSG00000171931,1.0,0.8243,0.15,0.0,0.6561,1.4033219031261979e-11,48.59289496424026,7.977283595599668e-11,True,False,0.0,0.0,0.0,0.0,0.0,0.0,0,0.0,0.0,0.0,no,FBXW10,gene-driven,no,155340,0.1543903695120381,long
ENSG00000171956,0.0001,0.0929,0.0,0.0,0.0233,0.5,-0.0004534910867732,0.5,False,False,0.0,0.4076,0.0,0.0,0.0,0.1426,1,0.0,0.0,0.0,no,FOXB1,neutral,no,9750,0.6606153846153846,short
ENSG00000171992,0.0721,0.6226,0.0,0.0,0.1773,0.1000735399711365,3.217405565577792,0.2650510052270676,False,False,0.0,0.0,0.0,0.0,0.0,0.0,0,0.0,0.0,0.0,no,SYNPO,neutral,no,224010,0.1959019686621133,long
ENSG00000172005,0.0001,0.2585,0.0,0.0,0.0647,0.5,0.0,0.5,False,False,0.0,0.0,0.0,0.0,0.0,0.0,0,0.0,0.0,0.0,no,MAL,neutral,no,21420,0.3057889822595705,short
ENSG00000172007,1.0,0.8595,0.15,0.0,0.6649,4.829470157119431e-15,64.54540750731485,3.4316835087874354e-14,True,False,0.0,0.0,0.0,0.0,0.0,0.0,0,0.0,0.0,0.0,no,RAB33B,gene-driven,no,15260,0.25517693315858453,short
ENSG00000172020,0.0001,0.2585,0.0,0.0,0.0647,0.5,0.0,0.5,False,False,0.0,0.0,0.0,0.0,0.0,0.0,0,0.0,0.0,0.0,no,GAP43,neutral,no,52900,0.17697542533081284,medium
ENSG00000172023,0.012,0.4845,0.0,0.0,0.1247,0.383597907148098,0.5300264224606508,0.5,False,False,0.0,0.0,0.0,0.0,0.0,0.0,0,0.0,0.0,0.0,no,REG1B,neutral,no,9680,0.2893595041322314,short
ENSG00000172062,0.0001,0.2585,0.0,0.0,0.0647,0.5,0.0,0.5,False,False,0.0,0.0,0.0,0.0,0.0,0.0,0,0.0,0.0,0.0,no,SMN1,neutral,no,80700,0.21897149938042132,long
ENSG00000172073,0.0143,0.4992,0.0,0.0,0.1291,0.3641033649854127,0.6343406026753655,0.5,False,False,0.0,0.0,0.0,0.0,0.0,0.0,0,0.0,0.0,0.0,no,SPMIP9,neutral,no,18480,0.21531385281385282,short
ENSG00000172113,0.0001,0.0997,0.0,0.0,0.025,0.5,-0.0002937148165074,0.5,False,False,0.0,0.0,0.0,0.0,0.0,0.0,0,0.0,0.0,0.0,no,NME6,neutral,no,84320,0.14316888045540796,long
ENSG00000172115,0.4021,0.7177,0.15,0.0,0.4501,6.30937925671371e-05,17.95548197455628,0.0002233654976718,True,False,0.0,0.0,0.0,0.0,0.0,0.0,0,0.0,0.0,0.0,no,CYCS,gene-driven,no,12620,0.1445324881141046,short
ENSG00000172159,0.4627,0.7298,0.15,0.0,0.4712,1.630070225094871e-05,20.66231037538091,6.028229962544155e-05,True,False,0.0,0.0,0.0,0.0,0.0,0.0,0,0.0,0.0,0.0,no,FRMD3,gene-driven,no,143670,0.19451520846384074,long
ENSG00000172171,1.0,0.9339,0.15,0.0,0.6835,0.0,116.7245226251089,0.0,True,False,0.0,0.0,0.0,0.0,0.0,0.0,0,0.0,0.0,0.0,no,TEFM,gene-driven,no,20781,0.22015302439728598,short
ENSG00000172179,0.5399,0.7437,0.15,0.0,0.4979,2.90252660545276e-06,24.11356355303178,1.1314394463575255e-05,True,False,0.0,0.0,0.0,0.0,0.0,0.0,0,0.0,0.0,0.0,no,PRL,gene-driven,no,29420,0.23246091094493543,short
ENSG00000172197,0.0318,0.5665,0.0,0.0,0.1512,0.2465200745430893,1.414329339786491,0.5,False,False,0.0,0.0,0.0,0.0,0.0,0.0,0,0.0,0.0,0.0,no,MBOAT1,neutral,no,79420,0.1494585746663309,long
ENSG00000172209,0.0001,0.1164,0.0,0.0,0.0291,0.5,-1.929915924847592e-07,0.5,False,False,0.0,0.0,0.0,0.0,0.0,0.0,0,0.0,0.0,0.0,no,GPR22,neutral,no,12990,0.3622016936104696,short
ENSG00000172243,0.0695,0.6212,0.0,0.0,0.1761,0.1062000166452883,3.098567665372684,0.2802328290682568,False,False,0.0,0.0,0.0,0.0,0.0,0.0,0,0.0,0.0,0.0,no,CLEC7A,neutral,no,58130,0.18166179253397557,medium
ENSG00000172260,0.0001,0.2585,0.0,0.0,0.0647,0.5,0.0,0.5,False,False,0.0,0.4076,0.0,0.0,0.0,0.1426,1,0.0,0.0,0.0,no,NEGR1,neutral,no,56180,0.15283018867924528,medium
ENSG00000172262,1.0,0.9918,0.15,0.0,0.6979,0.0,315.8486726980773,0.0,True,False,0.0,0.0,0.0,0.0,0.0,0.0,0,0.0,0.0,0.0,no,ZNF131,gene-driven,no,161590,0.1666130329847144,long
ENSG00000172273,0.0262,0.5454,0.0,0.0,0.1442,0.2794563695940968,1.163523839204572,0.5,False,False,0.0,0.0,0.0,0.0,0.0,0.0,0,0.0,0.0,0.0,no,HINFP,neutral,no,56190,0.2886990567716676,medium
ENSG00000172292,0.0298,0.5575,0.0,0.0,0.1483,0.2578517283522239,1.324446749924391,0.5,False,False,0.0,0.4076,0.0,0.0,0.0,0.1426,1,0.0,0.0,0.0,no,CERS6,neutral,no,100260,0.14707759824456412,long
ENSG00000172322,0.0001,0.0277,0.0,0.0,0.007,0.5,-0.0058041002012032,0.5,False,False,0.0,0.0,0.0,0.0,0.0,0.0,0,0.0,0.0,0.0,no,CLEC12A,neutral,no,38550,0.19424124513618676,medium
ENSG00000172331,0.8365,0.7857,0.15,0.0,0.5974,3.854159158489523e-09,37.36193158324568,1.7966811297401017e-08,True,False,0.0,0.4076,0.0,0.0,0.0,0.1426,1,0.0,0.0,0.0,no,BPGM,gene-driven,no,25870,0.18449942017781215,short
ENSG00000172348,0.0205,0.5302,0.0,0.0,0.1387,0.3172938472369342,0.9095595819744632,0.5,False,False,0.0,0.0,0.0,0.0,0.0,0.0,0,0.0,0.0,0.0,no,RCAN2,neutral,no,40900,0.2206845965770171,medium
ENSG00000172350,0.0009,0.422,0.0,0.0,0.1058,0.4913048546815045,0.0350865559958037,0.5,False,False,0.0,0.0,0.0,0.0,0.0,0.0,0,0.0,0.0,0.0,no,ABCG4,neutral,no,67950,0.21891096394407653,medium
ENSG00000172367,0.7489,0.775,0.15,0.0,0.5684,2.72571837323099e-08,33.4496030943701,1.2105109989688346e-07,True,False,0.0,0.0,0.0,0.0,0.0,0.0,0,0.0,0.0,0.0,no,NHERF4,gene-driven,no,70810,0.26624770512639456,medium
ENSG00000172399,0.0001,0.0714,0.0,0.0,0.0179,0.5,-0.0013654303465955,0.5,False,False,0.0,0.0,0.0,0.0,0.0,0.0,0,0.0,0.0,0.0,no,MYOZ2,neutral,no,19930,0.20436527847466132,short
ENSG00000172425,0.0001,0.0788,0.0,0.0,0.0197,0.5,-0.0010379002342233,0.5,False,False,0.0,0.0,0.0,0.0,0.0,0.0,0,0.0,0.0,0.0,no,TTC36,neutral,no,12150,0.3225514403292181,short
ENSG00000172426,0.0001,0.2585,0.0,0.0,0.0647,0.5,0.0,0.5,False,False,0.0,0.4076,0.0,0.0,0.0,0.1426,1,0.0,0.0,0.0,no,RSPH9,neutral,no,28230,0.30782855118668084,short
ENSG00000172432,1.0,0.8577,0.15,0.0,0.6644,9.325873406851317e-15,63.22568179422524,6.542580299813604e-14,True,False,0.0,0.0,0.0,0.0,0.0,0.0,0,0.0,0.0,0.0,no,GTPBP2,gene-driven,no,75870,0.32557005403980493,medium
ENSG00000172456,0.8379,0.7861,0.15,0.0,0.5979,3.7322443469101074e-09,37.42621779540787,1.743115810472382e-08,True,False,0.0,0.0,0.0,0.0,0.0,0.0,0,0.0,0.0,0.0,no,FGGY,gene-driven,no,195800,0.18392747701736467,long
ENSG00000172461,0.0001,0.2585,0.0,0.0,0.0647,0.5,0.0,0.5,False,False,0.0,0.0,0.0,0.0,0.0,0.0,0,0.0,0.0,0.0,no,FUT9,neutral,no,10770,0.4096564531104921,short
ENSG00000172469,0.0001,0.2585,0.0,0.0,0.0647,0.5,0.0,0.5,False,False,0.0,0.0,0.0,0.0,0.0,0.0,0,0.0,0.0,0.0,no,MANEA,neutral,no,66900,0.12212257100149476,medium
ENSG00000172482,0.0225,0.5354,0.0,0.0,0.1406,0.3032589193999475,1.000042276602471,0.5,False,False,0.0,0.0,0.0,0.0,0.0,0.0,0,0.0,0.0,0.0,no,AGXT,neutral,no,71180,0.17221129530767068,medium
ENSG00000172497,0.0059,0.4602,0.0,0.0,0.1168,0.4391955677035816,0.2593266000403673,0.5,False,False,0.0,0.0,0.0,0.0,0.0,0.0,0,0.0,0.0,0.0,no,ACOT12,neutral,no,53060,0.21541650961176026,medium
ENSG00000172508,0.0001,0.2585,0.0,0.0,0.0647,0.5,0.0,0.5,False,False,0.0,0.0,0.0,0.0,0.0,0.0,0,0.0,0.0,0.0,no,CARNS1,neutral,no,155030,0.2794039863252274,long
ENSG00000172531,0.2834,0.6968,0.15,0.0,0.4092,0.0008926343419222,12.65637270393563,0.0029423215485229,True,False,0.0,0.0,0.0,0.0,0.0,0.0,0,0.0,0.0,0.0,no,PPP1CA,gene-driven,no,63010,0.20320584034280273,medium
ENSG00000172543,0.0001,0.0637,0.0,0.0,0.016,0.5,-0.0019837278632621,0.5,False,False,0.0,0.0,0.0,0.0,0.0,0.0,0,0.0,0.0,0.0,no,CTSW,neutral,no,70840,0.19880011293054772,medium
ENSG00000172548,0.7068,0.7686,0.15,0.0,0.5542,6.987833744975802e-08,31.56672592622999,3.01714279926299e-07,True,False,0.0,0.0,0.0,0.0,0.0,0.0,0,0.0,0.0,0.0,no,NIPAL4,gene-driven,no,53130,0.26873706004140785,medium
ENSG00000172554,0.0078,0.4686,0.0,0.0,0.1195,0.4213246577096436,0.3424088069295976,0.5,False,False,0.0,0.0,0.215,0.0597,0.7396,0.1951,0,0.7818761952164923,0.034,303.9,yes,SNTG2,neutral,no,70810,0.2572094336958057,medium
ENSG00000172572,0.1132,0.6458,0.075,0.0,0.2704,0.0399994801833174,5.05148327972347,0.1128516247486222,False,False,0.0,0.0,0.0,0.0,0.0,0.0,0,0.0,0.0,0.0,no,PDE3A,neutral,no,58990,0.29783014070181385,medium
ENSG00000172586,0.0001,0.0684,0.0,0.0,0.0171,0.5,-0.001700706779502,0.5,False,False,0.0,0.0,0.0,0.0,0.0,0.0,0,0.0,0.0,0.0,no,CHCHD1,neutral,no,9200,0.23608695652173914,short
ENSG00000172594,0.0003,0.4093,0.0,0.0,0.1024,0.4973764878511661,0.0105216765441582,0.5,False,False,0.0,0.0,0.0,0.0,0.0,0.0,0,0.0,0.0,0.0,no,SMPDL3A,neutral,no,65920,0.13413228155339807,medium
ENSG00000172602,1.0,0.9138,0.15,0.0,0.6784,0.0,99.52932138512824,0.0,True,False,0.0,0.0,0.0,0.0,0.0,0.0,0,0.0,0.0,0.0,no,RND1,gene-driven,no,15800,0.2490506329113924,short
ENSG00000172663,0.403,0.7181,0.15,0.0,0.4504,6.17216280347499e-05,17.99945794511768,0.0002188192286848,True,False,0.0,0.0,0.0,0.0,0.0,0.0,0,0.0,0.0,0.0,no,TMEM134,gene-driven,no,33450,0.24559043348281018,medium
ENSG00000172671,0.2223,0.6811,0.15,0.0,0.387,0.0035006411160045,9.92332394150435,0.0109717636490275,True,False,0.0,0.0,0.0,0.0,0.0,0.0,0,0.0,0.0,0.0,no,ZFAND4,gene-driven,no,89730,0.1828151120026747,long
ENSG00000172689,0.0006,0.4176,0.0,0.0,0.1046,0.4945892688885785,0.0217608802304312,0.5,False,False,0.0,0.0,0.0,0.0,0.0,0.0,0,0.0,0.0,0.0,no,MS4A10,neutral,no,14620,0.3229138166894665,short
ENSG00000172731,0.0001,0.1196,0.0,0.0,0.0299,0.5,-1.0913936421275139e-11,0.5,False,False,0.0,0.0,0.0,0.0,0.0,0.0,0,0.0,0.0,0.0,no,LRRC20,neutral,no,48340,0.2014480761274307,medium
ENSG00000172733,0.4664,0.73,0.15,0.0,0.4724,1.499867780918596e-05,20.82880265258427,5.55084995706034e-05,True,False,0.0,0.0,0.0,0.0,0.0,0.0,0,0.0,0.0,0.0,no,PURG,gene-driven,no,54010,0.173653027217182,medium
ENSG00000172766,0.5979,0.7537,0.15,0.0,0.5178,7.953971937757487e-07,26.70255410343088,3.2270029705061777e-06,True,False,0.0,0.0,0.0,0.0,0.0,0.0,0,0.0,0.0,0.0,no,NAA16,gene-driven,no,148980,0.15592697006309572,long
ENSG00000172789,0.0001,0.0856,0.0,0.0,0.0214,0.5,-0.0007223131065074,0.5,False,False,0.0,0.0,0.0,0.0,0.0,0.0,0,0.0,0.0,0.0,no,HOXC5,neutral,no,8780,0.43929384965831436,short
ENSG00000172795,0.0001,0.2585,0.0,0.0,0.0647,0.5,0.0,0.5,False,False,0.0,0.0,0.0,0.0,0.0,0.0,0,0.0,0.0,0.0,no,DCP2,neutral,no,77530,0.16768992648007222,medium
ENSG00000172803,0.0001,0.2585,0.0,0.0,0.0647,0.5,0.0,0.5,False,False,0.0,0.0,0.0,0.0,0.0,0.0,0,0.0,0.0,0.0,no,SNX32,neutral,no,70750,0.1988833922261484,medium
ENSG00000172817,0.001,0.4236,0.0,0.0,0.1062,0.4904270985123253,0.0386629146960331,0.5,False,False,0.0,0.0,0.0,0.0,0.0,0.0,0,0.0,0.0,0.0,no,CYP7B1,neutral,no,86640,0.1262927054478301,long
ENSG00000172818,0.115,0.6462,0.075,0.0,0.2711,0.0383725634804813,5.134530773895676,0.1083845149073902,False,False,0.0,0.0,0.0,0.0,0.0,0.0,0,0.0,0.0,0.0,no,OVOL1,neutral,no,16790,0.33091125670041693,short
ENSG00000172867,0.8378,0.7859,0.15,0.0,0.5978,3.742598064793157e-09,37.42067723584842,1.7463117049044243e-08,True,False,0.0,0.0,0.0,0.0,0.0,0.0,0,0.0,0.0,0.0,no,KRT2,gene-driven,no,60160,0.21319813829787235,medium
ENSG00000172878,0.0001,0.2585,0.0,0.0,0.0647,0.5,0.0,0.5,False,False,0.0,0.4076,0.0,0.0,0.0,0.1426,1,0.0,0.0,0.0,no,METAP1D,neutral,no,44920,0.2357079252003562,medium
ENSG00000172901,0.1375,0.6554,0.075,0.0,0.2801,0.0232391955960939,6.137535559988464,0.0674004425043564,False,False,0.0,0.0,0.0,0.0,0.0,0.0,0,0.0,0.0,0.0,no,LVRN,neutral,no,86440,0.2357936140675613,long
ENSG00000172932,0.0988,0.6399,0.0,0.0,0.1896,0.055104280580645,4.410761395687587,0.1529512787991788,False,False,0.0,0.0,0.0,0.0,0.0,0.0,0,0.0,0.0,0.0,no,ANKRD13D,neutral,no,73010,0.26571702506505956,medium
ENSG00000172985,0.0077,0.4684,0.0,0.0,0.1194,0.4222358692819628,0.3380880171462195,0.5,False,False,0.0,0.0,0.0,0.0,0.0,0.0,0,0.0,0.0,0.0,no,SH3RF3,neutral,no,31780,0.49634990560100695,short
ENSG00000172987,0.0001,0.1185,0.0,0.0,0.0297,0.5,-2.1827872842550278e-11,0.5,False,False,0.0,0.4076,0.0,0.0,0.0,0.1426,1,0.0,0.0,0.0,no,HPSE2,neutral,no,91570,0.2889592661351971,long
ENSG00000173011,0.0001,0.2585,0.0,0.0,0.0647,0.5,0.0,0.5,False,False,0.0,0.0,0.0,0.0,0.0,0.0,0,0.0,0.0,0.0,no,TADA2B,neutral,no,45380,0.2025782282944028,medium
ENSG00000173020,0.0001,0.0503,0.0,0.0,0.0126,0.5,-0.0032484092444065,0.5,False,False,0.0,0.0,0.0,0.0,0.0,0.0,0,0.0,0.0,0.0,no,GRK2,neutral,no,66690,0.3014544909281751,medium
ENSG00000173040,1.0,0.9407,0.15,0.0,0.6852,0.0,123.7498540353845,0.0,True,False,0.0,0.0,0.0,0.0,0.0,0.0,0,0.0,0.0,0.0,no,EVC2,gene-driven,no,171500,0.28375510204081633,long
ENSG00000173083,0.2198,0.6807,0.15,0.0,0.3861,0.003698693669954,9.81325680667942,0.0115779120921027,True,False,0.0,0.0,0.6498,0.0,0.4083,0.2887,0,1.5198866037994567,0.0,59.3,yes,HPSE,gene-driven,no,119510,0.19909630993222324,long
ENSG00000173085,0.9156,0.7984,0.15,0.0,0.6243,6.585820777615935e-10,40.8955696105113,3.262736309547975e-09,True,False,0.0,0.0,0.2343,0.0,0.3491,0.1344,0,0.8013529666732369,0.0,42.4,yes,COQ2,gene-driven,no,58610,0.22560996416993687,medium
ENSG00000173093,0.1737,0.6679,0.15,0.0,0.3691,0.0103629535272157,7.75274162554706,0.0311828982724567,True,False,0.0,0.0,0.0,0.0,0.0,0.0,0,0.0,0.0,0.0,no,CCDC63,gene-driven,no,54270,0.2712732633130643,medium
ENSG00000173113,0.0001,0.2585,0.0,0.0,0.0647,0.5,0.0,0.5,False,False,0.0,0.0,0.0,0.0,0.0,0.0,0,0.0,0.0,0.0,no,TRMT112,neutral,no,10720,0.2717350746268657,short
ENSG00000173137,1.0,0.893,0.15,0.0,0.6733,0.0,82.93980840303266,0.0,True,False,0.0,0.0,0.0,0.0,0.0,0.0,0,0.0,0.0,0.0,no,ADCK5,gene-driven,no,84070,0.2336267396217438,long
ENSG00000173145,0.027,0.5483,0.0,0.0,0.1452,0.2739187275905912,1.203553301245847,0.5,False,False,0.0,0.0,0.0,0.0,0.0,0.0,0,0.0,0.0,0.0,no,NOC3L,neutral,no,103250,0.1495593220338983,long
ENSG00000173153,1.0,0.8319,0.15,0.0,0.658,4.1281422724637196e-12,51.04009672933171,2.4532114292992288e-11,True,False,0.0,0.0,0.0,0.0,0.0,0.0,0,0.0,0.0,0.0,no,ESRRA,gene-driven,no,80450,0.20863890615289,long
ENSG00000173156,0.0001,0.2585,0.0,0.0,0.0647,0.5,0.0,0.5,False,False,0.0,0.0,0.0,0.0,0.0,0.0,0,0.0,0.0,0.0,no,RHOD,neutral,no,17680,0.3470022624434389,short
ENSG00000173171,0.0062,0.4618,0.0,0.0,0.1173,0.4364550595294115,0.2718453696797951,0.5,False,False,0.0,0.0,0.0,0.0,0.0,0.0,0,0.0,0.0,0.0,no,MTX1,neutral,no,92700,0.2180151024811219,long
ENSG00000173175,0.0001,0.2585,0.0,0.0,0.0647,0.5,0.0,0.5,False,False,0.0,0.0,0.0,0.0,0.0,0.0,0,0.0,0.0,0.0,no,,neutral,no,312790,0.1748681223824291,long
ENSG00000173208,0.0001,0.2585,0.0,0.0,0.0647,0.5,0.0,0.5,False,False,0.0,0.0,0.0,0.0,0.0,0.0,0,0.0,0.0,0.0,no,ABCD2,neutral,no,76470,0.193474565188963,medium
ENSG00000173210,0.9312,0.8018,0.15,0.0,0.6298,4.6490983285352167e-10,41.59206090166117,2.3429194616144044e-09,True,False,0.0,0.0,0.0,0.0,0.0,0.0,0,0.0,0.0,0.0,no,ABLIM3,gene-driven,no,183070,0.2729502376140274,long
ENSG00000173212,0.9661,0.8074,0.15,0.0,0.6417,2.131362863977415e-10,43.15188406651941,1.1054639088033011e-09,True,False,0.0,0.0,0.7126,0.0,0.0,0.2494,0,1.750067621204789,0.0,0.0,no,MAB21L3,gene-driven,no,34720,0.19953917050691244,medium
ENSG00000173218,1.0,0.9437,0.15,0.0,0.6859,0.0,127.2114153135881,0.0,True,False,0.0,0.0,0.0,0.0,0.0,0.0,0,0.0,0.0,0.0,no,VANGL1,gene-driven,no,73630,0.20047534972158088,medium
ENSG00000173221,1.0,0.8605,0.15,0.3,0.9651,4.0523140398818206e-15,64.89605886721438,2.9001741056650624e-14,True,True,1.0,0.4076,0.0,0.0,0.0,0.1426,1,0.0,0.0,0.0,no,GLRX,gene-driven,no,15900,0.140125786163522,short
ENSG00000173227,1.0,0.8462,0.15,0.0,0.6616,1.449951270160454e-13,57.737803927801,9.41521882216462e-13,True,False,0.0,0.0,0.0,0.0,0.0,0.0,0,0.0,0.0,0.0,no,SYT12,gene-driven,no,46840,0.21464560204953032,medium
ENSG00000173239,0.0001,0.2585,0.0,0.0,0.0647,0.5,0.0,0.5,False,False,0.0,0.0,0.0,0.0,0.0,0.0,0,0.0,0.0,0.0,no,LIPM,neutral,no,39140,0.2555697496167603,medium
ENSG00000173250,0.0001,0.2585,0.0,0.0,0.0647,0.5,0.0,0.5,False,False,0.0,0.0,0.0,0.0,0.0,0.0,0,0.0,0.0,0.0,no,GPR151,neutral,no,12690,0.49850275807722616,short
ENSG00000173253,1.0,0.9908,0.15,0.0,0.6977,0.0,294.6923479761172,0.0,True,False,0.0,0.4076,0.0,0.0,0.0,0.1426,1,0.0,0.0,0.0,no,DMRT2,gene-driven,no,94070,0.2096736472839375,long
ENSG00000173258,1.0,0.9188,0.15,0.0,0.6797,0.0,103.901186615054,0.0,True,False,0.0,0.0,0.0,0.0,0.0,0.0,0,0.0,0.0,0.0,no,ZNF483,gene-driven,no,85050,0.1678424456202234,long
ENSG00000173264,1.0,0.9172,0.15,0.0,0.6793,0.0,102.5938794773101,0.0,True,False,0.0,0.0,0.0,0.0,0.0,0.0,0,0.0,0.0,0.0,no,GPR137,gene-driven,no,112400,0.2722508896797153,long
ENSG00000173267,0.0001,0.2585,0.0,0.0,0.0647,0.5,0.0,0.5,False,False,0.0,0.0,0.0,0.0,0.0,0.0,0,0.0,0.0,0.0,no,SNCG,neutral,no,31100,0.1777491961414791,short
ENSG00000173281,0.0324,0.57,0.0,0.0,0.1522,0.2430480345189724,1.44269800328766,0.5,False,False,0.0,0.0,0.0,0.0,0.0,0.0,0,0.0,0.0,0.0,no,PPP1R3B,neutral,no,17100,0.275672514619883,short
ENSG00000173320,0.0639,0.6174,0.0,0.0,0.1735,0.1201514853428013,2.851709547496284,0.3137587042849604,False,False,0.0,0.0,0.0,0.0,0.0,0.0,0,0.0,0.0,0.0,no,STOX2,neutral,no,153530,0.23195466684035693,long
ENSG00000173327,0.0016,0.4329,0.0,0.0,0.1087,0.4836422306572959,0.0665253157967527,0.5,False,False,0.0,0.0,0.0,0.0,0.0,0.0,0,0.0,0.0,0.0,no,MAP3K11,neutral,no,95950,0.2179468473163106,long
ENSG00000173334,0.0001,0.2585,0.0,0.0,0.0647,0.5,0.0,0.5,False,False,0.0,0.0,0.0,0.0,0.0,0.0,0,0.0,0.0,0.0,no,TRIB1,neutral,no,22220,0.3248874887488749,short
ENSG00000173369,0.0001,0.0678,0.0,0.0,0.017,0.5,-0.0017487524601165,0.5,False,False,0.0,0.0,0.0,0.0,0.0,0.0,0,0.0,0.0,0.0,no,C1QB,neutral,no,89660,0.12100156145438322,long
ENSG00000173389,0.1057,0.6427,0.075,0.0,0.2674,0.0472631670017535,4.717753633301982,0.1322199058867953,False,False,0.0,0.0,0.0,0.0,0.0,0.0,0,0.0,0.0,0.0,no,IQCF1,neutral,no,13390,0.2792382374906647,short
ENSG00000173402,1.0,0.9636,0.15,0.0,0.6909,0.0,161.1813759405049,0.0,True,False,0.0,0.0,0.0,0.0,0.0,0.0,0,0.0,0.0,0.0,no,,gene-driven,no,377650,0.09912087912087912,long
ENSG00000173406,0.0001,0.2585,0.0,0.0,0.0647,0.5,0.0,0.5,False,False,0.0,0.9916,0.0,0.0,0.0,0.3471,6,0.0,0.0,0.0,no,DAB1,regulation-driven,no,129820,0.2504621784008627,long
ENSG00000173409,0.001,0.4246,0.0,0.0,0.1065,0.490134396271922,0.0398569336357468,0.5,False,False,0.0,0.0,0.0,0.0,0.0,0.0,0,0.0,0.0,0.0,no,ARV1,neutral,no,37890,0.19601477962523092,medium
ENSG00000173421,0.0582,0.6122,0.0,0.0,0.1705,0.1365059512339377,2.596479771651502,0.3518034204339927,False,False,0.0,0.0,0.0,0.0,0.0,0.0,0,0.0,0.0,0.0,no,IHO1,neutral,no,72270,0.18370001383700013,medium
ENSG00000173456,0.0001,0.2585,0.0,0.0,0.0647,0.5,0.0,0.5,False,False,0.0,0.0,0.0,0.0,0.0,0.0,0,0.0,0.0,0.0,no,RNF26,neutral,no,12990,0.6101616628175519,short
ENSG00000173473,0.0001,0.2585,0.0,0.0,0.0647,0.5,0.0,0.5,False,False,0.0,0.0,0.0,0.0,0.0,0.0,0,0.0,0.0,0.0,no,SMARCC1,neutral,no,219880,0.13210842277605966,long
ENSG00000173486,0.0891,0.6355,0.0,0.0,0.1856,0.068458496793394,3.976760845354875,0.1877136510751608,False,False,0.0,0.0,0.0,0.0,0.0,0.0,0,0.0,0.0,0.0,no,FKBP2,neutral,no,21520,0.2323884758364312,short
ENSG00000173540,0.1266,0.6512,0.075,0.0,0.2758,0.029674856268523,5.648616003021743,0.0850246169813556,False,False,0.0,0.0,0.0,0.0,0.0,0.0,0,0.0,0.0,0.0,no,GMPPB,neutral,no,67430,0.20578377576746254,medium
ENSG00000173597,0.0008,0.4214,0.0,0.0,0.1056,0.4917883838180668,0.0331191772911552,0.5,False,False,0.0,0.0,0.8937,0.0,0.3905,0.3714,0,3.251562867186304,0.0,48.7,yes,SULT1B1,regulation-driven,no,29220,0.13333333333333333,short
ENSG00000173612,0.2192,0.6803,0.15,0.0,0.3859,0.0037435675649072,9.789138094711234,0.0117036486912938,True,False,0.0,0.0,0.0,0.0,0.0,0.0,0,0.0,0.0,0.0,no,GPRC6A,gene-driven,no,103750,0.1748722891566265,long
ENSG00000173621,0.0001,0.001,0.0,0.0,0.0003,0.5,-0.0097413273797428,0.5,False,False,0.0,0.0,0.0,0.0,0.0,0.0,0,0.0,0.0,0.0,no,LRFN4,neutral,no,48530,0.3066556769008861,medium
ENSG00000173626,0.252,0.688,0.15,0.0,0.3976,0.0017999219082211,11.25372963766949,0.0057648496918815,True,False,0.0,0.0,0.0,0.0,0.0,0.0,0,0.0,0.0,0.0,no,TRAPPC3L,gene-driven,no,13560,0.20929203539823008,short
ENSG00000173641,1.0,0.919,0.15,0.0,0.6797,0.0,104.0847616039391,0.0,True,False,0.0,0.0,0.0,0.0,0.0,0.0,0,0.0,0.0,0.0,no,HSPB7,gene-driven,no,37060,0.24036697247706423,medium
ENSG00000173653,0.001,0.4242,0.0,0.0,0.1063,0.4902203181003662,0.039506359185907,0.5,False,False,0.0,0.0,0.0,0.0,0.0,0.0,0,0.0,0.0,0.0,no,RCE1,neutral,no,37270,0.32999731687684464,medium
ENSG00000173702,0.0001,0.2585,0.0,0.0,0.0647,0.5,0.0,0.5,False,False,0.0,0.0,0.0,0.0,0.0,0.0,0,0.0,0.0,0.0,no,MUC13,neutral,no,40530,0.18230940044411548,medium
ENSG00000173705,0.0001,0.0235,0.0,0.0,0.0059,0.5,-0.0062410118989646,0.5,False,False,0.0,0.0,0.0,0.0,0.0,0.0,0,0.0,0.0,0.0,no,SUSD5,neutral,no,53240,0.24611194590533433,medium
ENSG00000173715,0.3499,0.7097,0.15,0.0,0.4324,0.0002023916889768,15.62431700650632,0.0006966756131287,True,False,0.0,0.0,0.0,0.0,0.0,0.0,0,0.0,0.0,0.0,no,C11orf80,gene-driven,no,126000,0.1788095238095238,long
ENSG00000173726,0.0001,0.0028,0.0,0.0,0.0007,0.5,-0.0095742100475035,0.5,False,False,0.0,0.0,0.3865,0.0,0.0,0.1353,0,0.917334083146031,0.0,0.0,no,TOMM20,neutral,no,15320,0.1641644908616188,short
ENSG00000173728,0.001,0.425,0.0,0.0,0.1066,0.4900956165592884,0.0400151810354145,0.5,False,False,0.0,0.0,0.0,0.0,0.0,0.0,0,0.0,0.0,0.0,no,SPMIP3,neutral,no,16390,0.18608907870652838,short
ENSG00000173769,0.0001,0.2585,0.0,0.0,0.0647,0.5,0.0,0.5,False,False,0.0,0.0,0.0,0.0,0.0,0.0,0,0.0,0.0,0.0,no,TOPAZ1,neutral,no,104220,0.19883899443484937,long
ENSG00000173846,0.0001,0.2585,0.0,0.0,0.0647,0.5,0.0,0.5,False,False,0.0,0.0,0.0,0.0,0.0,0.0,0,0.0,0.0,0.0,no,PLK3,neutral,no,40320,0.32723214285714286,medium
ENSG00000173848,1.0,0.9495,0.15,0.0,0.6874,0.0,135.1852069404995,0.0,True,False,0.0,0.0,0.0,0.0,0.0,0.0,0,0.0,0.0,0.0,no,NET1,gene-driven,no,65970,0.3176747006214946,medium
ENSG00000173905,0.0194,0.5277,0.0,0.0,0.1378,0.3249744172586215,0.8617232705801143,0.5,False,False,0.0,0.4076,0.0507,0.0,0.0,0.1604,1,0.6615631139792726,0.0,0.0,no,GOLIM4,neutral,no,121030,0.22553912253160374,long
ENSG00000173926,0.0001,0.2585,0.0,0.0,0.0647,0.5,0.0,0.5,False,False,0.0,0.9527,0.0,0.0,0.0,0.3335,3,0.0,0.0,0.0,no,MARCHF3,regulation-driven,no,34150,0.23874084919472913,medium
ENSG00000173930,0.0001,0.2585,0.0,0.0,0.0647,0.5,0.0,0.5,False,False,0.0,0.0,0.0242,0.4627,0.3787,0.1347,0,0.6357494355127058,0.172,46.6,yes,SLCO4C1,neutral,no,31270,0.2785097537575951,short
ENSG00000173947,0.0001,0.2585,0.0,0.0,0.0647,0.5,0.0,0.5,False,False,0.0,0.0,0.1232,0.709,0.6272,0.2435,0,0.7270986652929948,0.287,179.8,yes,CIMAP3,neutral,no,20180,0.2658077304261645,short
ENSG00000173960,0.9889,0.812,0.15,0.0,0.6497,1.2805956295380838e-10,44.17075700272835,6.805216518506868e-10,True,False,0.0,0.0,0.0,0.0,0.0,0.0,0,0.0,0.0,0.0,no,UBXN2A,gene-driven,no,56210,0.12613413983276997,medium
ENSG00000173992,0.0001,0.0247,0.0,0.0,0.0062,0.5,-0.0060863454491482,0.5,False,False,0.0,0.0,0.0,0.0,0.0,0.0,0,0.0,0.0,0.0,no,CCS,neutral,no,28970,0.24442526751812219,short
ENSG00000174004,0.0001,0.2585,0.0,0.0,0.0647,0.5,0.0,0.5,False,False,0.0,0.0,0.0,0.0,0.0,0.0,0,0.0,0.0,0.0,no,NRROS,neutral,no,83880,0.21394849785407724,long
ENSG00000174007,0.0001,0.2585,0.0,0.0,0.0647,0.5,0.0,0.5,False,False,0.0,0.0,0.0,0.0,0.0,0.0,0,0.0,0.0,0.0,no,CEP19,neutral,no,19300,0.24466321243523317,short
ENSG00000174013,0.0001,0.2585,0.0,0.0,0.0647,0.5,0.0,0.5,False,False,0.0,0.0,0.2174,0.0,0.0,0.0761,0,0.7844588924714041,0.0,0.0,no,FBXO45,neutral,no,13170,0.37798025816249053,short
ENSG00000174015,0.2856,0.697,0.15,0.0,0.4099,0.0008506691000595,12.75268032218446,0.00280585418017,True,False,0.0,0.0,0.0,0.0,0.0,0.0,0,0.0,0.0,0.0,no,CBY2,gene-driven,no,60440,0.3115155526141628,medium
ENSG00000174059,0.0001,0.2585,0.0,0.0,0.0647,0.5,0.0,0.5,False,False,0.0,0.0,0.0,0.0,0.0,0.0,0,0.0,0.0,0.0,no,CD34,neutral,no,48940,0.24959133633020025,medium
ENSG00000174080,0.4247,0.7226,0.15,0.0,0.4581,3.801577820650159e-05,18.96872417589475,0.0001369228680659,True,False,0.0,0.0,0.0,0.0,0.0,0.0,0,0.0,0.0,0.0,no,CTSF,gene-driven,no,257000,0.10559533073929961,long
ENSG00000174106,0.0001,0.0969,0.0,0.0,0.0243,0.5,-0.0003611536230891,0.5,False,False,0.0,0.0,0.0,0.0,0.0,0.0,0,0.0,0.0,0.0,no,LEMD3,neutral,no,82200,0.2285036496350365,long
ENSG00000174136,0.0001,0.2585,0.0,0.0,0.0647,0.5,0.0,0.5,False,False,0.0,0.0,0.0,0.0,0.0,0.0,0,0.0,0.0,0.0,no,RGMB,neutral,no,38030,0.2982645280042072,medium
ENSG00000174145,0.0001,0.2585,0.0,0.0,0.0647,0.5,0.0,0.5,False,False,0.0,0.0,0.0,0.0,0.0,0.0,0,0.0,0.0,0.0,no,NWD2,neutral,no,124060,0.23532967918748993,long
ENSG00000174206,1.0,0.9357,0.15,0.0,0.6839,0.0,118.5173422763219,0.0,True,False,0.0,0.0,0.0,0.0,0.0,0.0,0,0.0,0.0,0.0,no,KICS2,gene-driven,no,70040,0.1785693889206168,medium
ENSG00000174243,1.0,0.8146,0.15,0.0,0.6537,7.984224392743045e-11,45.1156430481642,4.3026578688519936e-10,True,False,0.0,0.0,0.0,0.0,0.0,0.0,0,0.0,0.0,0.0,no,DDX23,gene-driven,no,111650,0.16895656068069861,long
ENSG00000174279,0.0001,0.2585,0.0,0.0,0.0647,0.5,0.0,0.5,False,False,0.0,0.8761,0.0,0.0,0.0,0.3066,2,0.0,0.0,0.0,no,EVX2,regulation-driven,no,24380,0.36968826907301067,short
ENSG00000174307,0.0001,0.2585,0.0,0.0,0.0647,0.5,0.0,0.5,False,False,0.0,0.0,0.0,0.0,0.0,0.0,0,0.0,0.0,0.0,no,PHLDA3,neutral,no,7620,0.37598425196850394,short
ENSG00000174332,0.0001,0.2585,0.0,0.0,0.0647,0.5,0.0,0.5,False,False,0.0,0.4076,0.0,0.0,0.0,0.1426,1,0.0,0.0,0.0,no,GLIS1,neutral,no,64610,0.3375174121652995,medium
ENSG00000174343,0.0001,0.2585,0.0,0.0,0.0647,0.5,0.0,0.5,False,False,0.0,0.0,0.0531,0.0,0.0,0.0186,0,0.6623144666109021,0.0,0.0,no,CHRNA9,neutral,no,16370,0.4325595601710446,short
ENSG00000174348,0.3278,0.7055,0.15,0.0,0.4247,0.0003312366358503,14.63906069114455,0.0011238547249111,True,False,0.0,0.0,0.0,0.0,0.0,0.0,0,0.0,0.0,0.0,no,PODN,gene-driven,no,111340,0.2827734866175678,long
ENSG00000174358,1.0,0.8209,0.15,0.0,0.6552,3.060646180941262e-11,47.03332501609111,1.7066876798208335e-10,True,False,0.0,0.0,0.0,0.0,0.0,0.0,0,0.0,0.0,0.0,no,SLC6A19,gene-driven,no,90290,0.1785801306899989,long
ENSG00000174417,0.0001,0.2585,0.0,0.0,0.0647,0.5,0.0,0.5,False,False,0.0,0.0,0.0,0.0,0.0,0.0,0,0.0,0.0,0.0,no,TRHR,neutral,no,23970,0.2410095953274927,short
ENSG00000174429,0.0001,0.2585,0.0,0.0,0.0647,0.5,0.0,0.5,False,False,0.0,0.0,0.0,0.0,0.0,0.0,0,0.0,0.0,0.0,no,ABRA,neutral,no,22230,0.3067026540710751,short
ENSG00000174446,1.0,0.8943,0.15,0.0,0.6736,0.0,83.52738485684131,0.0,True,False,0.0,0.0,0.0,0.0,0.0,0.0,0,0.0,0.0,0.0,no,SNAPC5,gene-driven,no,20310,0.15204332840965043,short
ENSG00000174453,0.0328,0.5712,0.0,0.0,0.1526,0.2406921965883276,1.462178347521331,0.5,False,False,0.0,0.9527,0.0,0.0,0.0,0.3335,3,0.0,0.0,0.0,no,VWC2L,regulation-driven,no,26620,0.1941397445529677,short
ENSG00000174473,0.0912,0.6373,0.0,0.0,0.1867,0.0653052882014548,4.071070164587582,0.1799305009529858,False,False,0.0,0.8761,0.0,0.0,0.0,0.3066,2,0.0,0.0,0.0,no,GALNTL6,regulation-driven,no,57740,0.242916522341531,medium
ENSG00000174498,0.0654,0.6184,0.0,0.0,0.1742,0.1163826172154491,2.915449821484799,0.3048378820587908,False,False,0.0,0.0,0.0,0.0,0.0,0.0,0,0.0,0.0,0.0,no,IGDCC3,neutral,no,48640,0.3389597039473684,medium
ENSG00000174502,0.0494,0.5989,0.0,0.0,0.1645,0.1662829210209629,2.201834834413603,0.4143743733257863,False,False,0.0,0.0,0.0,0.0,0.0,0.0,0,0.0,0.0,0.0,no,SLC26A9,neutral,no,100590,0.2123272691122378,long
ENSG00000174514,1.0,0.85,0.15,0.0,0.6625,4.568567746332519e-14,60.0479988357838,3.0420422985619746e-13,True,False,0.0,0.0,0.0,0.0,0.0,0.0,0,0.0,0.0,0.0,no,MFSD4A,gene-driven,no,112300,0.19879786286731968,long
ENSG00000174516,1.0,0.8673,0.15,0.0,0.6668,6.661338147750939e-16,68.47760990015377,5.0050598107119605e-15,True,False,0.0,0.0,0.0,0.0,0.0,0.0,0,0.0,0.0,0.0,no,PELI3,gene-driven,no,96470,0.2343526484917591,long
ENSG00000174527,0.0001,0.0197,0.0,0.0,0.005,0.5,-0.0068896498996764,0.5,False,False,0.0,0.0,0.0,0.0,0.0,0.0,0,0.0,0.0,0.0,no,MYO1H,neutral,no,82840,0.22684693384838242,long
ENSG00000174547,0.0001,0.0663,0.0,0.0,0.0166,0.5,-0.0018143946035706,0.5,False,False,0.0,0.0,0.0,0.0,0.0,0.0,0,0.0,0.0,0.0,no,MRPL11,neutral,no,20490,0.2844802342606149,short
ENSG00000174564,1.0,0.8408,0.15,0.0,0.6602,4.996558722325517e-13,55.2634059788943,3.134033175894972e-12,True,False,0.0,0.0,0.0,0.0,0.0,0.0,0,0.0,0.0,0.0,no,IL20RB,gene-driven,no,18900,0.27894179894179894,short
ENSG00000174567,0.0153,0.5074,0.0,0.0,0.1315,0.3559723217160336,0.6795102371206667,0.5,False,False,0.0,0.0,0.0,0.0,0.0,0.0,0,0.0,0.0,0.0,no,GOLT1A,neutral,no,19590,0.154007146503318,short
ENSG00000174576,0.0922,0.6379,0.0,0.0,0.1871,0.0639024077194058,4.114502116621225,0.1763876670345862,False,False,0.0,0.0,0.0,0.0,0.0,0.0,0,0.0,0.0,0.0,no,NPAS4,neutral,no,40300,0.43116625310173695,medium
ENSG00000174579,0.0001,0.2585,0.0,0.0,0.0647,0.5,0.0,0.5,False,False,0.0,0.0,0.0,0.0,0.0,0.0,0,0.0,0.0,0.0,no,MSL2,neutral,no,142930,0.09003008465682502,long
ENSG00000174606,1.0,0.8639,0.15,0.0,0.666,1.720845688168993e-15,66.61381199129755,1.2624611287540663e-14,True,False,0.0,0.0,0.3237,0.0,0.0,0.1133,0,0.8616197666625752,0.0,0.0,no,ANGEL2,gene-driven,no,73450,0.18514635806671204,medium
ENSG00000174611,0.0001,0.2585,0.0,0.0,0.0647,0.5,0.0,0.5,False,False,0.0,0.0,0.0,0.0,0.0,0.0,0,0.0,0.0,0.0,no,KY,neutral,no,93900,0.2746112886048988,long
ENSG00000174640,0.0001,0.2585,0.0,0.0,0.0647,0.5,0.0,0.5,False,False,0.0,0.0,0.9082,0.0,0.5621,0.4022,0,3.648956331981852,0.0,144.5,yes,SLCO2A1,regulation-driven,no,83900,0.32597139451728246,long
ENSG00000174669,0.0001,0.2585,0.0,0.0,0.0647,0.5,0.0,0.5,False,False,0.0,0.0,0.0,0.0,0.0,0.0,0,0.0,0.0,0.0,no,SLC29A2,neutral,no,97160,0.18320296418279128,long
ENSG00000174684,0.0001,0.2585,0.0,0.0,0.0647,0.5,0.0,0.5,False,False,0.0,0.0,0.0,0.0,0.0,0.0,0,0.0,0.0,0.0,no,B4GAT1,neutral,no,25020,0.33920863309352517,short
ENSG00000174695,0.0001,0.0983,0.0,0.0,0.0246,0.5,-0.000331517462996,0.5,False,False,0.0,0.0,0.0,0.0,0.0,0.0,0,0.0,0.0,0.0,no,TMEM167A,neutral,no,3160,0.28259493670886077,short
ENSG00000174697,0.0001,0.2585,0.0,0.0,0.0647,0.5,0.0,0.5,False,False,0.0,0.0,0.0,0.0,0.0,0.0,0,0.0,0.0,0.0,no,LEP,neutral,no,7410,0.37786774628879893,short
ENSG00000174705,1.0,0.8752,0.15,0.0,0.6688,1.110223024625157e-16,72.56975816346676,8.751583715507972e-16,True,False,0.0,0.0,0.0,0.0,0.0,0.0,0,0.0,0.0,0.0,no,SH3PXD2B,gene-driven,no,154050,0.22741966893865628,long
ENSG00000174720,0.7172,0.7702,0.15,0.0,0.5577,5.5336421278529e-08,32.0333747047116,2.405973421673105e-07,True,False,0.0,0.0,0.0,0.0,0.0,0.0,0,0.0,0.0,0.0,no,,gene-driven,no,304680,0.07180648549297623,long
ENSG00000174738,0.0052,0.4564,0.0,0.0,0.1157,0.4458657135449267,0.2291805648783338,0.5,False,False,0.0,0.0,0.0,0.0,0.0,0.0,0,0.0,0.0,0.0,no,NR1D2,neutral,no,77440,0.23669938016528927,medium
ENSG00000174748,0.0003,0.4073,0.0,0.0,0.1019,0.4979163169785034,0.0083521474261942,0.5,False,False,0.0,0.0,0.0,0.0,0.0,0.0,0,0.0,0.0,0.0,no,RPL15,neutral,no,77810,0.12472689885618815,medium
ENSG00000174749,0.0001,0.0854,0.0,0.0,0.0214,0.5,-0.0007270555006471,0.5,False,False,0.0,0.0,0.0,0.0,0.0,0.0,0,0.0,0.0,0.0,no,FAM241A,neutral,no,11370,0.1980650835532102,short
ENSG00000174775,0.0472,0.5961,0.0,0.0,0.1632,0.1747832818648999,2.102122562366276,0.4325234049731403,False,False,0.0,0.4076,0.0,0.0,0.0,0.1426,1,0.0,0.0,0.0,no,HRAS,neutral,no,42950,0.1910360884749709,medium
ENSG00000174799,0.4794,0.732,0.15,0.0,0.4768,1.122260372665718e-05,21.4088668861732,4.1845000701943634e-05,True,False,0.0,0.0,0.0,0.0,0.0,0.0,0,0.0,0.0,0.0,no,CEP135,gene-driven,no,106800,0.18320224719101125,long
ENSG00000174804,0.0332,0.5718,0.0,0.0,0.1529,0.2389638083171657,1.476591975071642,0.5,False,False,0.0,0.0,0.0,0.0,0.0,0.0,0,0.0,0.0,0.0,no,FZD4,neutral,no,124510,0.14668701309131796,long
ENSG00000174839,0.7962,0.7809,0.15,0.0,0.5841,9.49129463911902e-09,35.55948726223869,4.3271951911070577e-08,True,False,0.0,0.0,0.0,0.0,0.0,0.0,0,0.0,0.0,0.0,no,DENND6A,gene-driven,no,81520,0.2409224730127576,long
ENSG00000174840,1.0,0.8355,0.15,0.0,0.6589,1.644517855226013e-12,52.88085055519332,9.987584629907432e-12,True,False,0.0,0.0,0.0,0.0,0.0,0.0,0,0.0,0.0,0.0,no,PDE12,gene-driven,no,32620,0.33108522378908645,short
ENSG00000174851,0.0001,0.119,0.0,0.0,0.0298,0.5,-1.2732925824821e-11,0.5,False,False,0.0,0.0,0.0,0.0,0.0,0.0,0,0.0,0.0,0.0,no,YIF1A,neutral,no,37760,0.3198622881355932,medium
ENSG00000174871,0.0001,0.0068,0.0,0.0,0.0017,0.5,-0.0088704584686638,0.5,False,False,0.0,0.0,0.0,0.0,0.0,0.0,0,0.0,0.0,0.0,no,CNIH2,neutral,no,14110,0.21254429482636428,short
ENSG00000174885,0.0001,0.2585,0.0,0.0,0.0647,0.5,0.0,0.5,False,False,0.0,0.0,0.0,0.0,0.0,0.0,0,0.0,0.0,0.0,no,NLRP6,neutral,no,75100,0.3106924101198402,medium
ENSG00000174891,0.0001,0.1185,0.0,0.0,0.0297,0.5,-2.1827872842550278e-11,0.5,False,False,0.0,0.0,0.8092,0.0,0.0,0.2832,0,2.310986720796162,0.0,0.0,no,RSRC1,neutral,no,150560,0.11894925611052072,long
ENSG00000174903,0.0001,0.1102,0.0,0.0,0.0276,0.5,-5.470489304570947e-05,0.5,False,False,0.0,0.0,0.0,0.0,0.0,0.0,0,0.0,0.0,0.0,no,RAB1B,neutral,no,18540,0.3297195253505933,short
ENSG00000174945,0.0404,0.5844,0.0,0.0,0.1582,0.2032107084511993,1.800729369919281,0.4887669554333971,False,False,0.0,0.0,0.0,0.0,0.0,0.0,0,0.0,0.0,0.0,no,AMZ1,neutral,no,49000,0.34146938775510205,medium
ENSG00000174946,0.0001,0.1132,0.0,0.0,0.0283,0.5,-1.746182078932179e-05,0.5,False,False,0.0,0.0,0.0,0.0,0.0,0.0,0,0.0,0.0,0.0,no,GPR171,neutral,no,19680,0.208130081300813,short
ENSG00000174948,0.2012,0.6753,0.15,0.0,0.3792,0.0055984704149259,8.984229356468859,0.0172319256459416,True,False,0.0,0.0,0.0,0.0,0.0,0.0,0,0.0,0.0,0.0,no,GPR149,gene-driven,no,34050,0.31600587371512484,medium
ENSG00000174989,0.0001,0.2585,0.0,0.0,0.0647,0.5,0.0,0.5,False,False,0.0,0.0,0.0,0.0,0.0,0.0,0,0.0,0.0,0.0,no,FBXW8,neutral,no,73810,0.2322314049586777,medium
ENSG00000174996,0.1036,0.6421,0.075,0.0,0.2666,0.0495659832597129,4.622606642806204,0.1383907127641252,False,False,0.0,0.0,0.0,0.0,0.0,0.0,0,0.0,0.0,0.0,no,KLC2,neutral,no,152210,0.28164378161750214,long
ENSG00000175018,0.0289,0.5549,0.0,0.0,0.1474,0.2631156654779712,1.284028740372378,0.5,False,False,0.0,0.0,0.0,0.0,0.0,0.0,0,0.0,0.0,0.0,no,TEX36,neutral,no,17910,0.2492462311557789,short
ENSG00000175073,0.0001,0.2585,0.0,0.0,0.0647,0.5,0.0,0.5,False,False,0.0,0.0,0.0,0.0,0.0,0.0,0,0.0,0.0,0.0,no,VCPIP1,neutral,no,140990,0.20523441378821192,long
ENSG00000175077,0.0001,0.2585,0.0,0.0,0.0647,0.5,0.0,0.5,False,False,0.0,0.0,0.0,0.0,0.0,0.0,0,0.0,0.0,0.0,no,RTP1,neutral,no,15820,0.33400758533501895,short
ENSG00000175084,0.0059,0.46,0.0,0.0,0.1168,0.439445692376621,0.2581879115168704,0.5,False,False,0.0,0.8761,0.0,0.0,0.0,0.3066,2,0.0,0.0,0.0,no,DES,regulation-driven,no,54660,0.26441639224295643,medium
ENSG00000175087,0.0001,0.0316,0.0,0.0,0.0079,0.5,-0.0054455810277431,0.5,False,False,0.0,0.0,0.0,0.0,0.0,0.0,0,0.0,0.0,0.0,no,PDIK1L,neutral,no,38610,0.15726495726495726,medium
ENSG00000175097,0.014,0.4962,0.0,0.0,0.1282,0.3667229807605869,0.6200027123704785,0.5,False,False,0.0,0.0,0.0,0.0,0.0,0.0,0,0.0,0.0,0.0,no,RAG2,neutral,no,63240,0.13833017077798862,medium
ENSG00000175104,0.042,0.5881,0.0,0.0,0.1596,0.1961256627159682,1.871705016490523,0.4758678274874272,False,False,0.0,0.0,0.0,0.0,0.0,0.0,0,0.0,0.0,0.0,no,TRAF6,neutral,no,39810,0.2492087415222306,medium
ENSG00000175105,0.0174,0.5209,0.0,0.0,0.1354,0.3398770549526547,0.7720482985241688,0.5,False,False,0.0,0.0,0.0,0.0,0.0,0.0,0,0.0,0.0,0.0,no,ZNF654,neutral,no,125200,0.1420527156549521,long
ENSG00000175137,1.0,0.8287,0.15,0.0,0.6572,7.0045635958138056e-12,49.98261686459227,4.084489956105261e-11,True,False,0.0,0.0,0.0,0.0,0.0,0.0,0,0.0,0.0,0.0,no,SH3BP5L,gene-driven,no,56010,0.22799500089269772,medium
ENSG00000175161,0.0001,0.2585,0.0,0.0,0.0647,0.5,0.0,0.5,False,False,0.0,0.9884,0.0,0.0,0.0,0.346,5,0.0,0.0,0.0,no,CADM2,regulation-driven,no,87810,0.24033709144744334,long
ENSG00000175182,0.0001,0.2585,0.0,0.0,0.0647,0.5,0.0,0.5,False,False,0.0,0.4076,0.0,0.0,0.0,0.1426,1,0.0,0.0,0.0,no,FAM131A,neutral,no,103870,0.17365938191970734,long
ENSG00000175183,0.0001,0.2585,0.0,0.0,0.0647,0.5,0.0,0.5,False,False,0.0,0.0,0.0,0.0,0.0,0.0,0,0.0,0.0,0.0,no,CSRP2,neutral,no,29050,0.22261617900172118,short
ENSG00000175197,1.0,0.8758,0.15,0.0,0.6689,5.551115123125783e-17,72.85841251307829,4.453426874585104e-16,True,False,0.0,0.0,0.0,0.0,0.0,0.0,0,0.0,0.0,0.0,no,DDIT3,gene-driven,no,31200,0.14676282051282052,short
ENSG00000175213,0.0001,0.2585,0.0,0.0,0.0647,0.5,0.0,0.5,False,False,0.0,0.0,0.0,0.0,0.0,0.0,0,0.0,0.0,0.0,no,ZNF408,neutral,no,28120,0.48243243243243245,short
ENSG00000175224,0.9096,0.7965,0.15,0.0,0.622,7.53380247076052e-10,40.62660776406119,3.699223444181918e-09,True,False,0.0,0.0,0.0,0.0,0.0,0.0,0,0.0,0.0,0.0,no,ATG13,gene-driven,no,188650,0.18847601378213624,long
ENSG00000175229,0.0181,0.5239,0.0,0.0,0.1364,0.3341970511980397,0.8057546114778233,0.5,False,False,0.0,0.0,0.0,0.0,0.0,0.0,0,0.0,0.0,0.0,no,GAL3ST3,neutral,no,26150,0.3578585086042065,short
ENSG00000175274,0.0002,0.4031,0.0,0.0,0.1008,0.4990468713487026,0.0038161530465004,0.5,False,False,0.0,0.0,0.0,0.0,0.0,0.0,0,0.0,0.0,0.0,no,TP53I11,neutral,no,85440,0.16345973782771536,long
ENSG00000175279,1.0,0.8804,0.15,0.0,0.6701,5.551115123125783e-17,74.44479966029121,4.453426874585104e-16,True,False,0.0,0.0,0.0,0.0,0.0,0.0,0,0.0,0.0,0.0,no,CENPS,gene-driven,no,16320,0.23841911764705884,short
ENSG00000175283,0.0001,0.0084,0.0,0.0,0.0021,0.5,-0.0086541863283855,0.5,False,False,0.0,0.0,0.0,0.0,0.0,0.0,0,0.0,0.0,0.0,no,DOLK,neutral,no,20660,0.44031945788964183,short
ENSG00000175294,0.024,0.5398,0.0,0.0,0.1421,0.2935032269919842,1.06543892863192,0.5,False,False,0.0,0.0,0.0,0.0,0.0,0.0,0,0.0,0.0,0.0,no,CATSPER1,neutral,no,36920,0.3562296858071506,medium
ENSG00000175315,0.0001,0.0155,0.0,0.0,0.0039,0.5,-0.0074050192979484,0.5,False,False,0.0,0.0,0.0,0.0,0.0,0.0,0,0.0,0.0,0.0,no,CST6,neutral,no,9380,0.3574626865671642,short
ENSG00000175336,0.6245,0.7573,0.15,0.0,0.5267,4.390599898651537e-07,27.89096520313797,1.8078347233522693e-06,True,False,0.0,0.0,0.0,0.0,0.0,0.0,0,0.0,0.0,0.0,no,APOF,gene-driven,no,22840,0.31287215411558666,short
ENSG00000175352,0.58,0.7517,0.15,0.0,0.5119,1.185929146552134e-06,25.90367364038866,4.7725012742316455e-06,True,False,0.0,0.0,0.0,0.0,0.0,0.0,0,0.0,0.0,0.0,no,NRIP3,gene-driven,no,27460,0.23408594319009468,short
ENSG00000175356,1.0,0.8828,0.15,0.0,0.6707,0.0,76.34540265421674,0.0,True,False,0.0,0.0,0.0,0.0,0.0,0.0,0,0.0,0.0,0.0,no,SCUBE2,gene-driven,no,184600,0.2837919826652221,long
ENSG00000175376,0.0001,0.2585,0.0,0.0,0.0647,0.5,0.0,0.5,False,False,0.0,0.0,0.0,0.0,0.0,0.0,0,0.0,0.0,0.0,no,EIF1AD,neutral,no,39560,0.12103134479271992,medium
ENSG00000175395,0.0272,0.5487,0.0,0.0,0.1453,0.2732868076043661,1.208172554717748,0.5,False,False,0.0,0.0,0.0,0.0,0.0,0.0,0,0.0,0.0,0.0,no,ZNF25,neutral,no,53810,0.20498048689834603,medium
ENSG00000175449,1.0,0.8311,0.15,0.0,0.6578,4.570233080869457e-12,50.83662588847437,2.7030130016937783e-11,True,False,0.0,0.0,0.0,0.0,0.0,0.0,0,0.0,0.0,0.0,no,RFESD,gene-driven,no,25800,0.1635658914728682,short
ENSG00000175463,0.0001,0.2585,0.0,0.0,0.0647,0.5,0.0,0.5,False,False,0.0,0.0,0.0,0.0,0.0,0.0,0,0.0,0.0,0.0,no,TBC1D10C,neutral,no,45090,0.32623641605677534,medium
ENSG00000175467,1.0,0.8932,0.15,0.0,0.6733,0.0,83.20640988720697,0.0,True,False,0.0,0.0,0.0,0.0,0.0,0.0,0,0.0,0.0,0.0,no,SART1,gene-driven,no,105340,0.32649515853426997,long
ENSG00000175513,0.3893,0.7159,0.15,0.0,0.4458,8.392180274452432e-05,17.38495586379213,0.0002952100755666,True,False,0.0,0.0,0.0,0.0,0.0,0.0,0,0.0,0.0,0.0,no,TSGA10IP,gene-driven,no,35810,0.32457414130131246,medium
ENSG00000175535,0.0238,0.5394,0.0,0.0,0.142,0.294555949229129,1.058278265867557,0.5,False,False,0.0,0.0,0.0,0.0,0.0,0.0,0,0.0,0.0,0.0,no,PNLIP,neutral,no,52220,0.17393718881654538,medium
ENSG00000175544,0.0001,0.2585,0.0,0.0,0.0647,0.5,0.0,0.5,False,False,0.0,0.0,0.0,0.0,0.0,0.0,0,0.0,0.0,0.0,no,CABP4,neutral,no,33350,0.29181409295352323,medium
ENSG00000175575,0.9864,0.8112,0.15,0.0,0.6487,1.354968359734698e-10,44.05785094216844,7.169800660979135e-10,True,False,0.0,0.0,0.0,0.0,0.0,0.0,0,0.0,0.0,0.0,no,PAAF1,gene-driven,no,120390,0.18217459921920426,long
ENSG00000175581,1.0,0.9471,0.15,0.0,0.6868,0.0,131.420490703731,0.0,True,False,0.0,0.0,0.0,0.0,0.0,0.0,0,0.0,0.0,0.0,no,MRPL48,gene-driven,no,31560,0.19537389100126742,short
ENSG00000175600,1.0,0.9536,0.15,0.0,0.6884,0.0,142.3644605311565,0.0,True,False,0.0,0.0,0.372,0.0,0.6805,0.2323,0,0.9073611685646022,0.0,260.8,yes,SUGCT,gene-driven,no,64280,0.228235843186061,medium
ENSG00000175606,0.1291,0.6522,0.075,0.0,0.2768,0.0280671189258832,5.760018704550021,0.0806504041232486,False,False,0.0,0.0,0.0,0.0,0.0,0.0,0,0.0,0.0,0.0,no,TMEM70,neutral,no,21940,0.22584320875113947,short
ENSG00000175634,1.0,0.8158,0.15,0.0,0.654,6.166739341395555e-11,45.63223800868218,3.344968536979443e-10,True,False,0.0,0.0,0.0,0.0,0.0,0.0,0,0.0,0.0,0.0,no,RPS6KB2,gene-driven,no,49770,0.2502913401647579,medium
ENSG00000175664,0.0004,0.4133,0.0,0.0,0.1035,0.4964427635695852,0.0142798028027755,0.5,False,False,0.0,0.0,0.0,0.0,0.0,0.0,0,0.0,0.0,0.0,no,TEX26,neutral,no,28760,0.17399165507649514,short
ENSG00000175697,0.0001,0.2585,0.0,0.0,0.0647,0.5,0.0,0.5,False,False,0.0,0.4076,0.0,0.0,0.0,0.1426,1,0.0,0.0,0.0,no,GPR156,neutral,no,73770,0.2305950928561746,medium
ENSG00000175745,0.0301,0.5597,0.0,0.0,0.1489,0.2561408111000423,1.337761523504014,0.5,False,False,0.0,0.0,0.0,0.0,0.0,0.0,0,0.0,0.0,0.0,no,NR2F1,neutral,no,66560,0.22729867788461539,medium
ENSG00000175756,0.325,0.7049,0.15,0.0,0.4237,0.0003531010118073,14.51121841805616,0.0011955918534579,True,False,0.0,0.0,0.0,0.0,0.0,0.0,0,0.0,0.0,0.0,no,AURKAIP1,gene-driven,no,30680,0.19983702737940026,short
ENSG00000175782,0.0984,0.6395,0.0,0.0,0.1894,0.0556232441021419,4.392013850378135,0.1542196299688149,False,False,0.0,0.0,0.0,0.0,0.0,0.0,0,0.0,0.0,0.0,no,SLC35E3,neutral,no,25080,0.21921850079744817,short
ENSG00000175793,0.0001,0.2585,0.0,0.0,0.0647,0.5,0.0,0.5,False,False,0.0,0.0,0.0,0.0,0.0,0.0,0,0.0,0.0,0.0,no,SFN,neutral,no,7440,0.6211021505376344,short
ENSG00000175877,1.0,0.9491,0.15,0.0,0.6873,0.0,133.5852209894711,0.0,True,False,0.0,0.0,0.0,0.0,0.0,0.0,0,0.0,0.0,0.0,no,TMEM270,gene-driven,no,10390,0.47112608277189605,short
ENSG00000175879,0.0095,0.4755,0.0,0.0,0.1217,0.4049161263147238,0.4218562965397723,0.5,False,False,0.0,0.4076,0.0,0.0,0.0,0.1426,1,0.0,0.0,0.0,no,HOXD8,neutral,no,27510,0.19821882951653944,short
ENSG00000175893,0.0001,0.1219,0.0,0.0,0.0305,0.5,-1.818989403545856e-12,0.5,False,False,0.0,0.0,0.0,0.0,0.0,0.0,0,0.0,0.0,0.0,no,ZDHHC21,neutral,no,15850,0.23034700315457413,short
ENSG00000175895,0.0001,0.1154,0.0,0.0,0.0289,0.5,-9.10973540158011e-07,0.5,False,False,0.0,0.0,0.0,0.0,0.0,0.0,0,0.0,0.0,0.0,no,PLEKHF2,neutral,no,44820,0.10383757251227131,medium
ENSG00000175920,0.604,0.7547,0.15,0.0,0.5199,6.938150239332863e-07,26.97582653511927,2.8264012522884245e-06,True,False,0.0,0.0,0.0,0.0,0.0,0.0,0,0.0,0.0,0.0,no,DOK7,gene-driven,no,115580,0.18629520678318048,long
ENSG00000175946,0.729,0.772,0.15,0.0,0.5617,4.249499480080132e-08,32.5614647139555,1.8622916664245447e-07,True,False,0.0,0.0,0.0,0.0,0.0,0.0,0,0.0,0.0,0.0,no,KLHL38,gene-driven,no,50990,0.23381055108844873,medium
ENSG00000175970,0.0001,0.0119,0.0,0.0,0.003,0.5,-0.0080397358069603,0.5,False,False,0.0,0.0,0.0,0.0,0.0,0.0,0,0.0,0.0,0.0,no,UNC119B,neutral,no,11240,0.35080071174377225,short
ENSG00000175984,0.0001,0.2585,0.0,0.0,0.0647,0.5,0.0,0.5,False,False,0.0,0.0,0.0,0.0,0.0,0.0,0,0.0,0.0,0.0,no,DENND2C,neutral,no,150320,0.16937865886109632,long
ENSG00000175985,0.0001,0.0229,0.0,0.0,0.0058,0.5,-0.0063458534859819,0.5,False,False,0.0,0.0,0.0,0.0,0.0,0.0,0,0.0,0.0,0.0,no,PLEKHD1,neutral,no,44980,0.22750111160515785,medium
ENSG00000176018,1.0,0.955,0.15,0.0,0.6887,0.0,144.7953011548761,0.0,True,False,0.0,0.0,0.0,0.0,0.0,0.0,0,0.0,0.0,0.0,no,LYSMD3,gene-driven,no,26400,0.1984469696969697,short
ENSG00000176029,0.0592,0.6132,0.0,0.0,0.171,0.1337029619880438,2.63797492086087,0.3454330765183772,False,False,0.0,0.0,0.0,0.0,0.0,0.0,0,0.0,0.0,0.0,no,C11orf16,neutral,no,47280,0.2915820642978003,medium
ENSG00000176055,0.2716,0.694,0.15,0.0,0.405,0.0011616216569654,12.12958217895539,0.0037918338471306,True,False,0.0,0.0,0.0,0.0,0.0,0.0,0,0.0,0.0,0.0,no,MBLAC2,gene-driven,no,22960,0.2671602787456446,short
ENSG00000176095,0.0006,0.4164,0.0,0.0,0.1043,0.4948997643690687,0.0205057051643962,0.5,False,False,0.0,0.0,0.0,0.0,0.0,0.0,0,0.0,0.0,0.0,no,IP6K1,neutral,no,52960,0.270940332326284,medium
ENSG00000176101,0.0001,0.0907,0.0,0.0,0.0227,0.5,-0.0005267490787446,0.5,False,False,0.0,0.0,0.0,0.0,0.0,0.0,0,0.0,0.0,0.0,no,SSNA1,neutral,no,6050,0.37669421487603305,short
ENSG00000176171,0.3585,0.7111,0.15,0.0,0.4353,0.0001668234178349,16.01085500538466,0.0005770373298406,True,False,0.0,0.0,0.0,0.0,0.0,0.0,0,0.0,0.0,0.0,no,BNIP3,gene-driven,no,35270,0.17232775730082223,medium
ENSG00000176248,0.0006,0.416,0.0,0.0,0.1042,0.4949979527866512,0.0201089432921435,0.5,False,False,0.0,0.0,0.0,0.0,0.0,0.0,0,0.0,0.0,0.0,no,ANAPC2,neutral,no,54130,0.3392019213005727,medium
ENSG00000176273,0.0363,0.5782,0.0,0.0,0.1554,0.2229019027521084,1.615752643307133,0.5,False,False,0.0,0.0,0.0,0.0,0.0,0.0,0,0.0,0.0,0.0,no,SLC35G1,neutral,no,30200,0.20596026490066224,short
ENSG00000176340,0.0133,0.4906,0.0,0.0,0.1266,0.3726366324999312,0.5880086583629236,0.5,False,False,0.0,0.0,0.0,0.0,0.0,0.0,0,0.0,0.0,0.0,no,COX8A,neutral,no,3000,0.44766666666666666,short
ENSG00000176383,0.0001,0.2585,0.0,0.0,0.0647,0.5,0.0,0.5,False,False,0.0,0.0,0.0,0.0,0.0,0.0,0,0.0,0.0,0.0,no,B3GNT4,neutral,no,34700,0.23636887608069165,medium
ENSG00000176393,0.6036,0.7543,0.15,0.0,0.5196,7.005865869658123e-07,26.95640138191084,2.849319446907564e-06,True,False,0.0,0.0,0.0,0.0,0.0,0.0,0,0.0,0.0,0.0,no,RNPEP,gene-driven,no,102120,0.24535840188014102,long
ENSG00000176399,0.0001,0.2585,0.0,0.0,0.0647,0.5,0.0,0.5,False,False,0.0,0.0,0.0,0.0,0.0,0.0,0,0.0,0.0,0.0,no,DMRTA1,neutral,no,24510,0.31770705834353324,short
ENSG00000176402,0.0142,0.4982,0.0,0.0,0.1288,0.3647070012383575,0.6310276070380496,0.5,False,False,0.0,0.0,0.0,0.0,0.0,0.0,0,0.0,0.0,0.0,no,GJC3,neutral,no,23850,0.25660377358490566,short
ENSG00000176422,0.0001,0.0378,0.0,0.0,0.0095,0.5,-0.0046479636080221,0.5,False,False,0.0,0.0,0.0,0.0,0.0,0.0,0,0.0,0.0,0.0,no,SPRYD4,neutral,no,7060,0.5093484419263457,short
ENSG00000176438,0.0001,0.2585,0.0,0.0,0.0647,0.5,0.0,0.5,False,False,0.0,0.0,0.0,0.0,0.0,0.0,0,0.0,0.0,0.0,no,,neutral,no,336140,0.18682394240495032,long
ENSG00000176444,0.0275,0.5503,0.0,0.0,0.1458,0.2712048754727039,1.22346713013394,0.5,False,False,0.0,0.0,0.0,0.0,0.0,0.0,0,0.0,0.0,0.0,no,CLK2,neutral,no,56260,0.26238890863846426,medium
ENSG00000176463,1.0,0.9075,0.15,0.0,0.6769,0.0,94.14075547162064,0.0,True,False,0.0,0.4076,0.0,0.0,0.0,0.1426,1,0.0,0.0,0.0,no,SLCO3A1,gene-driven,no,72468,0.2718717226913948,medium
ENSG00000176542,0.05,0.5999,0.0,0.0,0.165,0.1639751125821902,2.229786869109375,0.4096103382353965,False,False,0.0,0.0,0.0,0.0,0.0,0.0,0,0.0,0.0,0.0,no,USF3,neutral,no,275520,0.15579268292682927,long
ENSG00000176623,0.0001,0.0527,0.0,0.0,0.0132,0.5,-0.0029902848982601,0.5,False,False,0.0,0.0,0.0,0.0,0.0,0.0,0,0.0,0.0,0.0,no,RMDN1,neutral,no,79190,0.17147367091804522,long
ENSG00000176658,1.0,0.9879,0.15,0.0,0.697,0.0,265.7148119967605,0.0,True,False,0.0,0.0,0.0,0.0,0.0,0.0,0,0.0,0.0,0.0,no,MYO1D,gene-driven,no,210321,0.2027757570570699,long
ENSG00000176697,0.3258,0.7051,0.15,0.0,0.424,0.0003462796442701,14.55023341679771,0.0011732935630788,True,False,0.0,0.0,0.0,0.0,0.0,0.0,0,0.0,0.0,0.0,no,BDNF,gene-driven,no,117610,0.1431766006291982,long
ENSG00000176720,0.0001,0.1013,0.0,0.0,0.0254,0.5,-0.0002566649163782,0.5,False,False,0.0,0.0,0.0,0.0,0.0,0.0,0,0.0,0.0,0.0,no,BOK,neutral,no,16310,0.3141630901287554,short
ENSG00000176742,0.0543,0.6055,0.0,0.0,0.1677,0.1489504039507893,2.421989414309792,0.3774219609023056,False,False,0.0,0.0,0.0,0.0,0.0,0.0,0,0.0,0.0,0.0,no,OR51V1,neutral,no,9810,0.435881753312946,short
ENSG00000176769,0.0161,0.5131,0.0,0.0,0.1331,0.3495432181335238,0.7159617746729054,0.5,False,False,0.0,0.0,0.0,0.0,0.0,0.0,0,0.0,0.0,0.0,no,TCERG1L,neutral,no,38380,0.2556800416883794,medium
ENSG00000176884,0.0001,0.2585,0.0,0.0,0.0647,0.5,0.0,0.5,False,False,0.0,0.0,0.0,0.0,0.0,0.0,0,0.0,0.0,0.0,no,GRIN1,neutral,no,238170,0.280094050468153,long
ENSG00000176907,0.0285,0.5533,0.0,0.0,0.1469,0.2651189871203494,1.268858730325064,0.5,False,False,0.0,0.0,0.0,0.0,0.0,0.0,0,0.0,0.0,0.0,no,TCIM,neutral,no,3180,0.4669811320754717,short
ENSG00000176915,0.0001,0.0732,0.0,0.0,0.0183,0.5,-0.0013092022199998,0.5,False,False,0.0,0.0,0.0,0.0,0.0,0.0,0,0.0,0.0,0.0,no,ANKLE2,neutral,no,97010,0.18537264199567055,long
ENSG00000176946,0.0309,0.5635,0.0,0.0,0.1501,0.2515075409493035,1.374270250773407,0.5,False,False,0.0,0.0,0.0,0.0,0.0,0.0,0,0.0,0.0,0.0,no,THAP4,neutral,no,75930,0.23970762544448834,medium
ENSG00000176956,1.0,0.9431,0.15,0.0,0.6858,0.0,125.9440409683866,0.0,True,False,0.0,0.0,0.0,0.0,0.0,0.0,0,0.0,0.0,0.0,no,LY6H,gene-driven,no,23030,0.2570125922709509,short
ENSG00000176978,0.5205,0.7388,0.15,0.0,0.4909,4.479243026322965e-06,23.24581862529158,1.7138272933023405e-05,True,False,0.0,0.0,0.0,0.0,0.0,0.0,0,0.0,0.0,0.0,no,DPP7,gene-driven,no,86430,0.2192294342242277,long
ENSG00000177000,0.2006,0.6751,0.15,0.0,0.3789,0.0056832253945707,8.954178351501469,0.0174819808983271,True,False,0.0,0.0,0.0,0.0,0.0,0.0,0,0.0,0.0,0.0,no,MTHFR,gene-driven,no,177860,0.157635218711346,long
ENSG00000177034,0.7835,0.7797,0.15,0.0,0.58,1.2579197350426341e-08,34.99614842101437,5.703639710211541e-08,True,False,0.0,0.0,0.0,0.0,0.0,0.0,0,0.0,0.0,0.0,no,MTX3,gene-driven,no,56670,0.17460737603670373,medium
ENSG00000177042,0.8963,0.7943,0.15,0.0,0.6175,1.013740869026947e-09,40.03294264424585,4.924167072793002e-09,True,False,0.0,0.0,0.0,0.0,0.0,0.0,0,0.0,0.0,0.0,no,TMEM80,gene-driven,no,31060,0.2269478428847392,short
ENSG00000177047,0.0278,0.5513,0.0,0.0,0.1462,0.2692285952386236,1.238094566444488,0.5,False,False,0.0,0.0,0.0,0.0,0.0,0.0,0,0.0,0.0,0.0,no,IFNW1,neutral,no,6480,0.4597222222222222,short
ENSG00000177054,0.0042,0.4499,0.0,0.0,0.1137,0.4561973269831237,0.1833652957866434,0.5,False,False,0.0,0.0,0.0,0.0,0.0,0.0,0,0.0,0.0,0.0,no,ZDHHC13,neutral,no,58070,0.22033752367831927,medium
ENSG00000177058,1.0,0.961,0.15,0.0,0.6902,0.0,155.2011784345086,0.0,True,False,0.0,0.0,0.0,0.0,0.0,0.0,0,0.0,0.0,0.0,no,SLC38A9,gene-driven,no,127440,0.14775580665411173,long
ENSG00000177076,0.0001,0.0326,0.0,0.0,0.0082,0.5,-0.0052506993833958,0.5,False,False,0.0,0.0,0.0,0.0,0.0,0.0,0,0.0,0.0,0.0,no,ACER2,neutral,no,27220,0.1858192505510654,short
ENSG00000177098,0.0001,0.0245,0.0,0.0,0.0062,0.5,-0.006106481223469,0.5,False,False,0.0,0.0,0.0,0.0,0.0,0.0,0,0.0,0.0,0.0,no,SCN4B,neutral,no,29330,0.22857142857142856,short
ENSG00000177105,0.0038,0.4467,0.0,0.0,0.1128,0.4609048476697083,0.1628329618251882,0.5,False,False,0.0,0.4076,0.0,0.0,0.0,0.1426,1,0.0,0.0,0.0,no,RHOG,neutral,no,22920,0.2118237347294939,short
ENSG00000177119,1.0,0.9998,0.15,0.0,0.6999,0.0,691.9079853146686,0.0,True,False,0.0,0.0,0.0,0.0,0.0,0.0,0,0.0,0.0,0.0,no,ANO6,gene-driven,no,269811,0.20465436916952978,long
ENSG00000177125,0.1311,0.6532,0.075,0.0,0.2776,0.0268239795131702,5.850623706121041,0.077301549303887,False,False,0.0,0.0,0.0,0.0,0.0,0.0,0,0.0,0.0,0.0,no,ZBTB34,neutral,no,45800,0.21131004366812228,medium
ENSG00000177144,0.0148,0.5038,0.0,0.0,0.1304,0.3603203001949286,0.6552294795137641,0.5,False,False,0.0,0.0,0.0,0.0,0.0,0.0,0,0.0,0.0,0.0,no,NUDT4B,neutral,no,12380,0.24644588045234248,short
ENSG00000177156,0.0268,0.5472,0.0,0.0,0.1449,0.2751678407643411,1.194453713673283,0.5,False,False,0.0,0.0,0.0,0.0,0.0,0.0,0,0.0,0.0,0.0,no,TALDO1,neutral,no,57510,0.17859502695183446,medium
ENSG00000177169,0.0072,0.4666,0.0,0.0,0.1188,0.4266464868587474,0.3173046554220491,0.5,False,False,0.0,0.0,0.0,0.0,0.0,0.0,0,0.0,0.0,0.0,no,ULK1,neutral,no,94150,0.32077535847052574,long
ENSG00000177181,0.0001,0.2585,0.0,0.0,0.0647,0.5,0.0,0.5,False,False,0.0,0.0,0.0,0.0,0.0,0.0,0,0.0,0.0,0.0,no,RIMKLA,neutral,no,21490,0.3086551884597487,short
ENSG00000177192,0.058,0.612,0.0,0.0,0.1704,0.1370767221655491,2.588134626799729,0.3530914635170591,False,False,0.0,0.0,0.0,0.0,0.0,0.0,0,0.0,0.0,0.0,no,PUS1,neutral,no,92080,0.2495438748913988,long
ENSG00000177239,0.0001,0.2585,0.0,0.0,0.0647,0.5,0.0,0.5,False,False,0.0,0.0,0.0,0.0,0.0,0.0,0,0.0,0.0,0.0,no,,neutral,no,356380,0.10095403782479376,long
ENSG00000177301,0.034,0.5746,0.0,0.0,0.1539,0.2343183255017547,1.515855084144277,0.5,False,False,0.0,0.0,0.0,0.0,0.0,0.0,0,0.0,0.0,0.0,no,KCNA2,neutral,no,133630,0.09223976651949413,long
ENSG00000177453,1.0,0.9811,0.15,0.0,0.6953,0.0,214.7425826948202,0.0,True,False,0.0,0.0,0.0,0.0,0.0,0.0,0,0.0,0.0,0.0,no,NIM1K,gene-driven,no,81060,0.1352454971625956,long
ENSG00000177468,0.0001,0.2585,0.0,0.0,0.0647,0.5,0.0,0.5,False,False,0.0,0.4076,0.0,0.0,0.0,0.1426,1,0.0,0.0,0.0,no,OLIG3,neutral,no,8220,0.6385644768856448,short
ENSG00000177479,1.0,0.9288,0.15,0.0,0.6822,0.0,113.1148744201346,0.0,True,False,0.0,0.0,0.0,0.0,0.0,0.0,0,0.0,0.0,0.0,no,ARIH2,gene-driven,no,123720,0.16041060459101197,long
ENSG00000177519,0.0001,0.2585,0.0,0.0,0.0647,0.5,0.0,0.5,False,False,0.0,0.0,0.0,0.0,0.0,0.0,0,0.0,0.0,0.0,no,RPRM,neutral,no,3270,0.6446483180428134,short
ENSG00000177551,0.2175,0.6799,0.15,0.0,0.3852,0.003896851261179,9.708878480729709,0.0121675694746417,True,False,0.0,0.4076,0.0,0.0,0.0,0.1426,1,0.0,0.0,0.0,no,NHLH2,gene-driven,no,11390,0.29122036874451274,short
ENSG00000177556,0.0001,0.0217,0.0,0.0,0.0055,0.5,-0.0067162815257688,0.5,False,False,0.0,0.0,0.0,0.0,0.0,0.0,0,0.0,0.0,0.0,no,ATOX1,neutral,no,12150,0.16839506172839505,short
ENSG00000177570,0.2639,0.6914,0.15,0.0,0.402,0.0013809754740527,11.78363596752206,0.0044719869843348,True,False,0.0,0.0,0.0,0.0,0.0,0.0,0,0.0,0.0,0.0,no,SAMD12,gene-driven,no,37670,0.17942659941598088,medium
ENSG00000177613,0.2155,0.6791,0.15,0.0,0.3844,0.0040670926643966,9.62335937469834,0.0126673255558603,True,False,0.0,0.0,0.0,0.0,0.0,0.0,0,0.0,0.0,0.0,no,CSTF2T,gene-driven,no,32060,0.29922021210230815,short
ENSG00000177614,0.0001,0.2585,0.0,0.0,0.0647,0.5,0.0,0.5,False,False,0.0,0.0,0.0,0.0,0.0,0.0,0,0.0,0.0,0.0,no,PGBD5,neutral,no,45030,0.32991339107261825,medium
ENSG00000177669,0.0208,0.5314,0.0,0.0,0.1391,0.3148437677889661,0.9250631157510724,0.5,False,False,0.0,0.0,0.0,0.0,0.0,0.0,0,0.0,0.0,0.0,no,MBOAT4,neutral,no,16810,0.4065437239738251,short
ENSG00000177791,0.0001,0.2585,0.0,0.0,0.0647,0.5,0.0,0.5,False,False,0.0,0.0,0.0,0.0,0.0,0.0,0,0.0,0.0,0.0,no,MYOZ1,neutral,no,10620,0.46497175141242936,short
ENSG00000177875,0.0001,0.2585,0.0,0.0,0.0647,0.5,0.0,0.5,False,False,0.0,0.0,0.0,0.0,0.0,0.0,0,0.0,0.0,0.0,no,CCDC184,neutral,no,17070,0.275278265963679,short
ENSG00000177879,0.0001,0.1142,0.0,0.0,0.0286,0.5,-8.66868685989175e-06,0.5,False,False,0.0,0.0,0.0,0.0,0.0,0.0,0,0.0,0.0,0.0,no,AP3S1,neutral,no,35090,0.13311484753491024,medium
ENSG00000177888,0.0004,0.4115,0.0,0.0,0.103,0.4966510133857379,0.0134410106402356,0.5,False,False,0.0,0.0,0.0,0.0,0.0,0.0,0,0.0,0.0,0.0,no,ZBTB41,neutral,no,70610,0.19576547231270358,medium
ENSG00000177889,0.0001,0.2585,0.0,0.0,0.0647,0.5,0.0,0.5,False,False,0.0,0.0,0.0,0.0,0.0,0.0,0,0.0,0.0,0.0,no,UBE2N,neutral,no,21450,0.1701165501165501,short
ENSG00000177910,0.6441,0.7591,0.15,0.0,0.533,2.833858629980313e-07,28.7666184280024,1.1756140805272791e-06,True,False,0.0,0.0,0.0,0.0,0.0,0.0,0,0.0,0.0,0.0,no,SPATA31C2,gene-driven,no,112090,0.21564813988759032,long
ENSG00000177917,0.0001,0.2585,0.0,0.0,0.0647,0.5,0.0,0.5,False,False,0.0,0.0,0.0,0.0,0.0,0.0,0,0.0,0.0,0.0,no,ARL6IP6,neutral,no,64550,0.12103795507358636,medium
ENSG00000177947,0.0001,0.0539,0.0,0.0,0.0135,0.5,-0.0029353698391787,0.5,False,False,0.0,0.0,0.0,0.0,0.0,0.0,0,0.0,0.0,0.0,no,CIMAP1A,neutral,no,31600,0.28382911392405064,short
ENSG00000177984,0.0363,0.5784,0.0,0.0,0.1555,0.2228504397965418,1.616214450915322,0.5,False,False,0.0,0.0,0.0,0.0,0.0,0.0,0,0.0,0.0,0.0,no,LCN15,neutral,no,14780,0.2545331529093369,short
ENSG00000178028,1.0,0.9017,0.15,0.0,0.6754,0.0,88.22349386699352,0.0,True,False,0.0,0.0,0.0,0.0,0.0,0.0,0,0.0,0.0,0.0,no,DMAP1,gene-driven,no,93950,0.229654071314529,long
ENSG00000178033,0.0001,0.0267,0.0,0.0,0.0067,0.5,-0.0059117389055245,0.5,False,False,0.0,0.0,0.0,0.0,0.0,0.0,0,0.0,0.0,0.0,no,CALHM5,neutral,no,14610,0.3080766598220397,short
ENSG00000178035,0.0001,0.1037,0.0,0.0,0.026,0.5,-0.0001865723461378,0.5,False,False,0.0,0.0,0.0,0.0,0.0,0.0,0,0.0,0.0,0.0,no,IMPDH2,neutral,no,87280,0.17949129239230063,long
ENSG00000178053,1.0,0.8166,0.15,0.0,0.6542,5.6572524442799477e-11,45.8047019510268,3.0820562604434237e-10,True,False,0.0,0.0,0.5966,0.0,0.7456,0.3207,0,1.3448445772198403,0.0,307.6,yes,MLF1,gene-driven (dual),no,129920,0.12268318965517241,long
ENSG00000178057,0.5675,0.7489,0.15,0.0,0.5075,1.56855987004656e-06,25.34441091857661,6.241613434889271e-06,True,False,0.0,0.0,0.0,0.0,0.0,0.0,0,0.0,0.0,0.0,no,NDUFAF3,gene-driven,no,19220,0.21175858480749218,short
ENSG00000178074,0.0001,0.0754,0.0,0.0,0.0189,0.5,-0.0012278422782401,0.5,False,False,0.0,0.0,0.0,0.0,0.0,0.0,0,0.0,0.0,0.0,no,C2orf69,neutral,no,26930,0.22974378017081323,short
ENSG00000178105,0.0015,0.431,0.0,0.0,0.1082,0.4851714906494238,0.0602113620261661,0.5,False,False,0.0,0.0,0.0,0.0,0.0,0.0,0,0.0,0.0,0.0,no,DDX10,neutral,no,210810,0.11405531046914283,long
ENSG00000178125,0.0954,0.6389,0.0,0.0,0.1883,0.0595505659443741,4.255564598068304,0.1648327852016234,False,False,0.0,0.0,0.0,0.0,0.0,0.0,0,0.0,0.0,0.0,no,PPP1R42,neutral,no,33120,0.15208333333333332,medium
ENSG00000178175,1.0,0.8436,0.15,0.0,0.6609,2.423616862756717e-13,56.71035082637172,1.5475058119835573e-12,True,False,0.0,0.0,0.0,0.0,0.0,0.0,0,0.0,0.0,0.0,no,ZNF366,gene-driven,no,73410,0.2362620896335649,medium
ENSG00000178177,1.0,0.8392,0.15,0.0,0.6598,7.618905506490138e-13,54.41966844687704,4.731140572944062e-12,True,False,0.0,0.0,0.0,0.0,0.0,0.0,0,0.0,0.0,0.0,no,,gene-driven,no,312210,0.13803209378303066,long
ENSG00000178233,0.0001,0.2585,0.0,0.0,0.0647,0.5,0.0,0.5,False,False,0.0,0.0,0.0,0.0,0.0,0.0,0,0.0,0.0,0.0,no,TMEM151B,neutral,no,34910,0.4022916069894013,medium
ENSG00000178301,0.0001,0.2585,0.0,0.0,0.0647,0.5,0.0,0.5,False,False,0.0,0.0,0.0,0.0,0.0,0.0,0,0.0,0.0,0.0,no,AQP11,neutral,no,50340,0.13557806912991657,medium
ENSG00000178307,0.0628,0.6164,0.0,0.0,0.1729,0.123289576492041,2.800144458888099,0.3212374821746527,False,False,0.0,0.0,0.0,0.0,0.0,0.0,0,0.0,0.0,0.0,no,TMEM11,neutral,no,20313,0.3245212425540294,short
ENSG00000178338,0.0001,0.2585,0.0,0.0,0.0647,0.5,0.0,0.5,False,False,0.0,0.0,0.0,0.0,0.0,0.0,0,0.0,0.0,0.0,no,ZNF354B,neutral,no,90000,0.15108888888888888,long
ENSG00000178343,0.0187,0.5251,0.0,0.0,0.1369,0.3301549043154691,0.8300922941107274,0.5,False,False,0.0,0.0,0.0,0.0,0.0,0.0,0,0.0,0.0,0.0,no,SHISA3,neutral,no,14280,0.40756302521008403,short
ENSG00000178401,0.0001,0.0953,0.0,0.0,0.0239,0.5,-0.0003928553887817,0.5,False,False,0.0,0.0,0.0,0.0,0.0,0.0,0,0.0,0.0,0.0,no,DNAJC22,neutral,no,32520,0.21426814268142683,short
ENSG00000178409,0.1846,0.6707,0.15,0.0,0.3731,0.0081165893502614,8.24139612658837,0.0246320411398416,True,False,0.0,0.0,0.0,0.0,0.0,0.0,0,0.0,0.0,0.0,no,BEND3,gene-driven,no,49680,0.3372987117552335,medium
ENSG00000178460,0.27,0.693,0.15,0.0,0.4042,0.0012058398978916,12.05486352726439,0.003925095667578,True,False,0.0,0.0,0.0,0.0,0.0,0.0,0,0.0,0.0,0.0,no,MCMDC2,gene-driven,no,84860,0.13597690313457458,long
ENSG00000178462,1.0,0.9493,0.15,0.0,0.6873,0.0,134.2090002741479,0.0,True,False,0.0,0.0,0.0,0.0,0.0,0.0,0,0.0,0.0,0.0,no,TUBAL3,gene-driven,no,25600,0.3058984375,short
ENSG00000178522,1.0,0.9863,0.15,0.0,0.6966,0.0,255.4110027495499,0.0,True,False,0.0,0.0,0.0,0.0,0.0,0.0,0,0.0,0.0,0.0,no,AMBN,gene-driven,no,29190,0.25587529976019185,short
ENSG00000178537,0.044,0.5911,0.0,0.0,0.161,0.1874056936081371,1.962664693757688,0.458061877153255,False,False,0.0,0.0,0.0,0.0,0.0,0.0,0,0.0,0.0,0.0,no,SLC25A20,neutral,no,29540,0.2914014895057549,short
ENSG00000178538,0.0001,0.042,0.0,0.0,0.0105,0.5,-0.0040607138143968,0.5,False,False,0.0,0.0,0.0,0.0,0.0,0.0,0,0.0,0.0,0.0,no,CA8,neutral,no,38180,0.18046097433211106,medium
ENSG00000178562,0.0001,0.0549,0.0,0.0,0.0138,0.5,-0.0028355322392599,0.5,False,False,0.0,0.0,0.0,0.0,0.0,0.0,0,0.0,0.0,0.0,no,CD28,neutral,no,49300,0.14898580121703853,medium
ENSG00000178602,0.0454,0.5929,0.0,0.0,0.1618,0.1817866494777593,2.023548709000352,0.4463014780367101,False,False,0.0,0.0,0.0,0.0,0.0,0.0,0,0.0,0.0,0.0,no,OTOS,neutral,no,6090,0.3192118226600985,short
ENSG00000178662,0.0163,0.5141,0.0,0.0,0.1334,0.3479377885699942,0.7251688061660388,0.5,False,False,0.0,0.4076,0.0,0.0,0.0,0.1426,1,0.0,0.0,0.0,no,CSRNP3,neutral,no,124120,0.13764904930712213,long
ENSG00000178691,0.0001,0.2585,0.0,0.0,0.0647,0.5,0.0,0.5,False,False,0.0,0.0,0.0,0.0,0.0,0.0,0,0.0,0.0,0.0,no,SUZ12,neutral,no,51021,0.2470355343878011,medium
ENSG00000178694,0.0001,0.2585,0.0,0.0,0.0647,0.5,0.0,0.5,False,False,0.0,0.0,0.0,0.0,0.0,0.0,0,0.0,0.0,0.0,no,NSUN3,neutral,no,34330,0.16006408389163995,medium
ENSG00000178776,0.0098,0.4765,0.0,0.0,0.1221,0.4024445617895016,0.4341014914434709,0.5,False,False,0.0,0.0,0.0,0.0,0.0,0.0,0,0.0,0.0,0.0,no,C5orf46,neutral,no,6810,0.2305433186490455,short
ENSG00000178795,0.2773,0.695,0.15,0.0,0.4069,0.0010233369415011,12.38307859930501,0.0033531475276855,True,False,0.0,0.0,0.0,0.0,0.0,0.0,0,0.0,0.0,0.0,no,GDPD4,gene-driven,no,40070,0.24200149737958573,medium
ENSG00000178796,0.0001,0.2585,0.0,0.0,0.0647,0.5,0.0,0.5,False,False,0.0,0.0,0.0,0.0,0.0,0.0,0,0.0,0.0,0.0,no,RIIAD1,neutral,no,10350,0.22879227053140097,short
ENSG00000178802,1.0,0.918,0.15,0.0,0.6795,0.0,103.0138713627093,0.0,True,False,0.0,0.0,0.0,0.0,0.0,0.0,0,0.0,0.0,0.0,no,MPI,gene-driven,no,149500,0.1754648829431438,long
ENSG00000178804,0.042,0.5883,0.0,0.0,0.1597,0.1961178374836371,1.871784816230502,0.4758678274874272,False,False,0.0,0.0,0.0,0.0,0.0,0.0,0,0.0,0.0,0.0,no,H1-8,neutral,no,34780,0.25264519838987926,medium
ENSG00000178821,0.0001,0.2585,0.0,0.0,0.0647,0.5,0.0,0.5,False,False,0.0,0.0,0.0,0.0,0.0,0.0,0,0.0,0.0,0.0,no,TMEM52,neutral,no,39510,0.19954441913439636,medium
ENSG00000178826,1.0,0.9397,0.15,0.0,0.6849,0.0,122.3560800328123,0.0,True,False,0.0,0.0,0.0,0.0,0.0,0.0,0,0.0,0.0,0.0,no,TMEM139,gene-driven,no,54290,0.13068705102228773,medium
ENSG00000178860,0.3128,0.7027,0.15,0.0,0.4195,0.0004637335860488,13.96610631625163,0.001558520849329,True,False,0.0,0.0,0.0,0.0,0.0,0.0,0,0.0,0.0,0.0,no,MSC,gene-driven,no,9510,0.5141955835962145,short
ENSG00000178882,0.0001,0.0824,0.0,0.0,0.0206,0.5,-0.0008810647741483,0.5,False,False,0.0,0.0,0.0,0.0,0.0,0.0,0,0.0,0.0,0.0,no,RFLNA,neutral,no,18660,0.3109860664523044,short
ENSG00000178965,1.0,0.8631,0.15,0.0,0.6658,1.942890293094024e-15,66.38086259151169,1.4169994600952602e-14,True,False,0.0,0.4076,0.0,0.0,0.0,0.1426,1,0.0,0.0,0.0,no,,gene-driven,no,338140,0.14461169929614953,long
ENSG00000178988,0.0001,0.0744,0.0,0.0,0.0186,0.5,-0.001252031063359,0.5,False,False,0.0,0.0,0.0,0.0,0.0,0.0,0,0.0,0.0,0.0,no,MRFAP1L1,neutral,no,3990,0.575187969924812,short
ENSG00000178997,0.0001,0.0597,0.0,0.0,0.015,0.5,-0.0023274498198588,0.5,False,False,0.0,0.0,0.0,0.0,0.0,0.0,0,0.0,0.0,0.0,no,EXD1,neutral,no,65460,0.21365719523373053,medium
ENSG00000179002,0.1866,0.6715,0.15,0.0,0.3738,0.0077695796574003,8.328784067409288,0.0236366294898527,True,False,0.0,0.0,0.0,0.0,0.0,0.0,0,0.0,0.0,0.0,no,TAS1R2,gene-driven,no,58360,0.27885538039753255,medium
ENSG00000179008,0.0001,0.2585,0.0,0.0,0.0647,0.5,0.0,0.5,False,False,0.0,0.4076,0.0,0.0,0.0,0.1426,1,0.0,0.0,0.0,no,C14orf39,neutral,no,74770,0.10525611876421025,medium
ENSG00000179021,0.95,0.8046,0.15,0.0,0.6362,3.0522462335369477e-10,42.43365196265222,1.560315803249001e-09,True,False,0.0,0.0,0.0,0.0,0.0,0.0,0,0.0,0.0,0.0,no,,gene-driven,no,25600,0.215859375,short
ENSG00000179041,0.0001,0.2585,0.0,0.0,0.0647,0.5,0.0,0.5,False,False,0.0,0.4076,0.0,0.0,0.0,0.1426,1,0.0,0.0,0.0,no,RRS1,neutral,no,40470,0.2149740548554485,medium
ENSG00000179046,0.0001,0.2585,0.0,0.0,0.0647,0.5,0.0,0.5,False,False,0.0,0.0,0.0,0.0,0.0,0.0,0,0.0,0.0,0.0,no,TRIML2,neutral,no,51920,0.2160824345146379,medium
ENSG00000179051,0.0001,0.2585,0.0,0.0,0.0647,0.5,0.0,0.5,False,False,0.0,0.0,0.0,0.0,0.0,0.0,0,0.0,0.0,0.0,no,RCC2,neutral,no,62070,0.2213307555985178,medium
ENSG00000179057,0.0001,0.0903,0.0,0.0,0.0226,0.5,-0.0005341581709217,0.5,False,False,0.0,0.0,0.0,0.0,0.0,0.0,0,0.0,0.0,0.0,no,IGSF22,neutral,no,71650,0.32750872295882766,medium
ENSG00000179091,0.0001,0.2585,0.0,0.0,0.0647,0.5,0.0,0.5,False,False,0.0,0.0,0.0,0.0,0.0,0.0,0,0.0,0.0,0.0,no,CYC1,neutral,no,20840,0.30719769673704417,short
ENSG00000179104,0.0001,0.2585,0.0,0.0,0.0647,0.5,0.0,0.5,False,False,0.0,0.0,0.0,0.0,0.0,0.0,0,0.0,0.0,0.0,no,TMTC2,neutral,no,119360,0.3084450402144772,long
ENSG00000179119,0.0208,0.5312,0.0,0.0,0.139,0.3149828952966237,0.924179523372004,0.5,False,False,0.0,0.0,0.0,0.0,0.0,0.0,0,0.0,0.0,0.0,no,SPTY2D1,neutral,no,74080,0.17312365010799136,medium
ENSG00000179151,0.0452,0.5925,0.0,0.0,0.1617,0.1826927548902338,2.013604583014967,0.4480837094793012,False,False,0.0,0.0,0.0,0.0,0.0,0.0,0,0.0,0.0,0.0,no,EDC3,neutral,no,105200,0.13272813688212928,long
ENSG00000179152,0.0008,0.4204,0.0,0.0,0.1053,0.4921900787733642,0.0314862351369811,0.5,False,False,0.0,0.0,0.0,0.0,0.0,0.0,0,0.0,0.0,0.0,no,TCAIM,neutral,no,76940,0.16020275539381337,medium
ENSG00000179241,0.0063,0.462,0.0,0.0,0.1174,0.4356844075098341,0.2753799062957114,0.5,False,False,0.0,0.4076,0.0,0.0,0.0,0.1426,1,0.0,0.0,0.0,no,LDLRAD3,neutral,no,48890,0.2767028022090407,medium
ENSG00000179256,0.0001,0.2585,0.0,0.0,0.0647,0.5,0.0,0.5,False,False,0.0,0.0,0.0,0.0,0.0,0.0,0,0.0,0.0,0.0,no,SMCO3,neutral,no,6750,0.4312592592592593,short
ENSG00000179270,0.1314,0.6534,0.075,0.0,0.2778,0.026645558335545,5.863971256672812,0.076831888209276,False,False,0.0,0.0,0.0,0.0,0.0,0.0,0,0.0,0.0,0.0,no,PCARE,neutral,no,41140,0.54229460379193,medium
ENSG00000179292,0.0001,0.2585,0.0,0.0,0.0647,0.5,0.0,0.5,False,False,0.0,0.0,0.0,0.0,0.0,0.0,0,0.0,0.0,0.0,no,TMEM151A,neutral,no,15330,0.6186562296151338,short
ENSG00000179299,0.0126,0.4873,0.0,0.0,0.1256,0.3782804814407101,0.5579443270980846,0.5,False,False,0.0,0.0,0.8841,0.4478,0.5503,0.4591,0,3.082593584737439,0.169,140.6,yes,NSUN7,regulation-driven,no,44610,0.2808563102443398,medium
ENSG00000179331,0.0001,0.117,0.0,0.0,0.0293,0.5,-6.813434083596803e-08,0.5,False,False,0.0,0.0,0.0,0.0,0.0,0.0,0,0.0,0.0,0.0,no,RAB39A,neutral,no,8780,0.34328018223234624,short
ENSG00000179364,0.1018,0.6413,0.0,0.0,0.1909,0.0515994635682235,4.542193644010695,0.1437847236909491,False,False,0.0,0.0,0.0,0.0,0.0,0.0,0,0.0,0.0,0.0,no,PACS2,neutral,no,234810,0.2688939994037733,long
ENSG00000179388,0.0001,0.1162,0.0,0.0,0.0291,0.5,-1.945081748999655e-07,0.5,False,False,0.0,0.0,0.0,0.0,0.0,0.0,0,0.0,0.0,0.0,no,EGR3,neutral,no,30620,0.38442194644023514,short
ENSG00000179397,0.0015,0.4322,0.0,0.0,0.1085,0.4843146543924174,0.0637465811087167,0.5,False,False,0.0,0.0,0.0,0.0,0.0,0.0,0,0.0,0.0,0.0,no,CATSPERE,neutral,no,126740,0.17279469780653306,long
ENSG00000179455,0.818,0.7831,0.15,0.0,0.5912,5.822227533425206e-09,36.53687146472657,2.6814592362274977e-08,True,False,0.0,0.0,0.0,0.0,0.0,0.0,0,0.0,0.0,0.0,no,MKRN3,gene-driven,no,62060,0.15505961972284885,medium
ENSG00000179456,0.0001,0.2585,0.0,0.0,0.0647,0.5,0.0,0.5,False,False,0.0,0.4076,0.0,0.0,0.0,0.1426,1,0.0,0.0,0.0,no,ZBTB18,neutral,no,95110,0.15687099148354536,long
ENSG00000179476,0.0807,0.6291,0.0,0.0,0.1815,0.0826179165290265,3.600763068045126,0.2226118725977128,False,False,0.0,0.0,0.0,0.0,0.0,0.0,0,0.0,0.0,0.0,no,C14orf28,neutral,no,25820,0.2509682416731216,short
ENSG00000179526,0.4003,0.7173,0.15,0.0,0.4494,6.567053401024259e-05,17.87542609112643,0.0002321572396353,True,False,0.0,0.0,0.0,0.0,0.0,0.0,0,0.0,0.0,0.0,no,SHARPIN,gene-driven,no,25750,0.37992233009708737,short
ENSG00000179528,0.0009,0.4228,0.0,0.0,0.106,0.4909231366931334,0.0366410545884718,0.5,False,False,0.0,0.0,0.0,0.0,0.0,0.0,0,0.0,0.0,0.0,no,LBX2,neutral,no,14820,0.438663967611336,short
ENSG00000179562,0.0001,0.0115,0.0,0.0,0.0029,0.5,-0.0081504258596396,0.5,False,False,0.0,0.4076,0.0,0.0,0.0,0.1426,1,0.0,0.0,0.0,no,GCC1,neutral,no,81790,0.25501895097200145,long
ENSG00000179564,0.0134,0.4914,0.0,0.0,0.1268,0.3718691431445763,0.5921321435112077,0.5,False,False,0.0,0.0,0.0,0.0,0.0,0.0,0,0.0,0.0,0.0,no,LSMEM2,neutral,no,5380,0.5444237918215613,short
ENSG00000179580,1.0,0.9797,0.15,0.0,0.6949,0.0,208.5584821497887,0.0,True,False,0.0,0.0,0.0,0.0,0.0,0.0,0,0.0,0.0,0.0,no,RNF151,gene-driven,no,16254,0.31918297034576104,short
ENSG00000179639,0.0023,0.4379,0.0,0.0,0.1102,0.4762337554752741,0.0973985635973804,0.5,False,False,0.0,0.0,0.0,0.0,0.0,0.0,0,0.0,0.0,0.0,no,FCER1A,neutral,no,26730,0.24646464646464647,short
ENSG00000179715,0.0001,0.1029,0.0,0.0,0.0258,0.5,-0.0002207651232311,0.5,False,False,0.0,0.0,0.0,0.0,0.0,0.0,0,0.0,0.0,0.0,no,PCED1B,neutral,no,48670,0.2147729607561126,medium
ENSG00000179813,0.0001,0.2585,0.0,0.0,0.0647,0.5,0.0,0.5,False,False,0.0,0.0,0.0,0.0,0.0,0.0,0,0.0,0.0,0.0,no,FAM216B,neutral,no,8970,0.26098104793756965,short
ENSG00000179817,0.0001,0.2585,0.0,0.0,0.0647,0.5,0.0,0.5,False,False,0.0,0.0,0.0,0.0,0.0,0.0,0,0.0,0.0,0.0,no,MRGPRX4,neutral,no,15990,0.32889305816135084,short
ENSG00000179869,0.0001,0.2585,0.0,0.0,0.0647,0.5,0.0,0.5,False,False,0.0,0.0,0.0,0.0,0.0,0.0,0,0.0,0.0,0.0,no,,neutral,no,355700,0.19772561147034018,long
ENSG00000179902,0.0021,0.4363,0.0,0.0,0.1097,0.4777395911268473,0.0910846056340233,0.5,False,False,0.0,0.0,0.0,0.0,0.0,0.0,0,0.0,0.0,0.0,no,CFAP276,neutral,no,16460,0.2996962332928311,short
ENSG00000179914,0.0048,0.4532,0.0,0.0,0.1147,0.4499771956121549,0.2108223867071501,0.5,False,False,0.0,0.0,0.0,0.0,0.0,0.0,0,0.0,0.0,0.0,no,ITLN1,neutral,no,13730,0.35542607428987616,short
ENSG00000179930,0.0045,0.452,0.0,0.0,0.1143,0.4533015162793533,0.1961011909916124,0.5,False,False,0.0,0.0,0.0,0.0,0.0,0.0,0,0.0,0.0,0.0,no,ZNF648,neutral,no,28530,0.38128286014721346,short
ENSG00000179941,0.0407,0.5852,0.0,0.0,0.1585,0.201761814608523,1.815040464545746,0.4862225125304231,False,False,0.0,0.0,0.0,0.0,0.0,0.0,0,0.0,0.0,0.0,no,BBS10,neutral,no,23690,0.35918108906711693,short
ENSG00000179988,0.0083,0.4708,0.0,0.0,0.1202,0.4163204915871786,0.3663054445933085,0.5,False,False,0.0,0.0,0.0,0.0,0.0,0.0,0,0.0,0.0,0.0,no,PSTK,neutral,no,41420,0.19372283920811204,medium
ENSG00000180053,0.0001,0.2585,0.0,0.0,0.0647,0.5,0.0,0.5,False,False,0.0,0.0,0.0,0.0,0.0,0.0,0,0.0,0.0,0.0,no,NKX2-6,neutral,no,14320,0.4456703910614525,short
ENSG00000180098,0.0157,0.509,0.0,0.0,0.132,0.3531977258189231,0.6951601369655691,0.5,False,False,0.0,0.0,0.0,0.0,0.0,0.0,0,0.0,0.0,0.0,no,TRNAU1AP,neutral,no,41300,0.20404358353510896,medium
ENSG00000180116,0.6936,0.7662,0.15,0.0,0.5496,9.376316167930555e-08,30.97869322001497,4.006683558357953e-07,True,False,0.0,0.0,0.0,0.0,0.0,0.0,0,0.0,0.0,0.0,no,C12orf40,gene-driven,no,52490,0.17189940941131643,medium
ENSG00000180176,0.0003,0.4063,0.0,0.0,0.1017,0.4982689198164101,0.0069363350266939,0.5,False,False,0.0,0.0,0.0,0.0,0.0,0.0,0,0.0,0.0,0.0,no,TH,neutral,no,111210,0.2787609027965111,long
ENSG00000180185,1.0,0.8366,0.15,0.0,0.6591,1.261102333671715e-12,53.41174072873582,7.706047920986622e-12,True,False,0.0,0.0,0.0,0.0,0.0,0.0,0,0.0,0.0,0.0,no,FAHD1,gene-driven,no,24498,0.23552943097395707,short
ENSG00000180198,0.1214,0.6496,0.075,0.0,0.2738,0.0333056173682248,5.417764051955601,0.0949897596270357,False,False,0.0,0.0,0.0,0.0,0.0,0.0,0,0.0,0.0,0.0,no,RCC1,neutral,no,141190,0.15162546922586587,long
ENSG00000180219,0.0044,0.4517,0.0,0.0,0.1143,0.4539414115689776,0.1932799162213996,0.5,False,False,0.0,0.0,0.0,0.0,0.0,0.0,0,0.0,0.0,0.0,no,GARIN6,neutral,no,8210,0.4238733252131547,short
ENSG00000180233,0.0303,0.5607,0.0,0.0,0.1493,0.2549280189251509,1.347253743573674,0.5,False,False,0.0,0.0,0.0,0.0,0.0,0.0,0,0.0,0.0,0.0,no,ZNRF2,neutral,no,39410,0.16171022583100736,medium
ENSG00000180251,0.0129,0.4887,0.0,0.0,0.1261,0.3753373819109959,0.5735655836251681,0.5,False,False,0.0,0.0,0.0,0.0,0.0,0.0,0,0.0,0.0,0.0,no,SLC9A4,neutral,no,73540,0.2522436769105249,medium
ENSG00000180263,0.0388,0.5828,0.0,0.0,0.1574,0.2105171564025596,1.730081890898873,0.5,False,False,0.0,0.0,0.0,0.0,0.0,0.0,0,0.0,0.0,0.0,no,,neutral,no,344390,0.12255872702459421,long
ENSG00000180316,0.2887,0.6978,0.15,0.0,0.4111,0.0007938892891488,12.89083872050469,0.0026255354549377,True,False,0.0,0.0,0.0,0.0,0.0,0.0,0,0.0,0.0,0.0,no,PNPLA1,gene-driven,no,79560,0.1894419306184012,long
ENSG00000180332,0.0001,0.2585,0.0,0.0,0.0647,0.5,0.0,0.5,False,False,0.0,0.0,0.0,0.0,0.0,0.0,0,0.0,0.0,0.0,no,KCTD4,neutral,no,7770,0.40875160875160876,short
ENSG00000180357,0.4437,0.726,0.15,0.0,0.4646,2.491432232054613e-05,19.81384109149803,9.085325456187424e-05,True,False,0.0,0.0,0.0,0.0,0.0,0.0,0,0.0,0.0,0.0,no,ZNF609,gene-driven,no,96920,0.26258770119686337,long
ENSG00000180423,0.0001,0.2585,0.0,0.0,0.0647,0.5,0.0,0.5,False,False,0.0,0.0,0.0,0.0,0.0,0.0,0,0.0,0.0,0.0,no,HARBI1,neutral,no,41110,0.1720749209438093,medium
ENSG00000180432,0.0006,0.4158,0.0,0.0,0.1041,0.4950058854121776,0.0200768924041767,0.5,False,False,0.0,0.0,0.0,0.0,0.0,0.0,0,0.0,0.0,0.0,no,CYP8B1,neutral,no,30100,0.31966777408637875,short
ENSG00000180481,0.0035,0.4455,0.0,0.0,0.1124,0.4638614741954747,0.1500442755168478,0.5,False,False,0.0,0.0,0.0,0.0,0.0,0.0,0,0.0,0.0,0.0,no,GLIPR1L2,neutral,no,48730,0.1779807100348861,medium
ENSG00000180537,0.0001,0.2585,0.0,0.0,0.0647,0.5,0.0,0.5,False,False,0.0,0.0,0.0,0.0,0.0,0.0,0,0.0,0.0,0.0,no,RNF182,neutral,no,38910,0.15540992032896428,medium
ENSG00000180549,0.0001,0.2585,0.0,0.0,0.0647,0.5,0.0,0.5,False,False,0.0,0.0,0.0,0.0,0.0,0.0,0,0.0,0.0,0.0,no,FUT7,neutral,no,10390,0.6596727622714148,short
ENSG00000180573,0.0001,0.2585,0.0,0.0,0.0647,0.5,0.0,0.5,False,False,0.0,0.0,0.0,0.0,0.0,0.0,0,0.0,0.0,0.0,no,H2AC6,neutral,no,11700,0.2541025641025641,short
ENSG00000180611,0.0001,0.2585,0.0,0.0,0.0647,0.5,0.0,0.5,False,False,0.0,0.0,0.0,0.0,0.0,0.0,0,0.0,0.0,0.0,no,MB21D2,neutral,no,28620,0.29220824598183087,short
ENSG00000180613,0.0085,0.4713,0.0,0.0,0.1204,0.4142370962988014,0.3763391842803685,0.5,False,False,0.0,0.0,0.0,0.0,0.0,0.0,0,0.0,0.0,0.0,no,GSX2,neutral,no,22450,0.3092650334075724,short
ENSG00000180628,0.8383,0.7863,0.15,0.0,0.5981,3.702787909620753e-09,37.4420652648023,1.7309837464712055e-08,True,False,0.0,0.0,0.0,0.0,0.0,0.0,0,0.0,0.0,0.0,no,PCGF5,gene-driven,no,29750,0.20342857142857143,short
ENSG00000180638,0.3291,0.7069,0.15,0.0,0.4255,0.0003217358783896,14.69726484390412,0.0010968569287938,True,False,0.0,0.0,0.0,0.0,0.0,0.0,0,0.0,0.0,0.0,no,SLC47A2,gene-driven,no,93348,0.20221108111582464,long
ENSG00000180644,0.2942,0.6988,0.15,0.0,0.413,0.0007019579780777,13.13697967102053,0.0023292454856296,True,False,0.0,0.0,0.0,0.0,0.0,0.0,0,0.0,0.0,0.0,no,PRF1,gene-driven,no,44210,0.2866093643971952,medium
ENSG00000180660,0.0001,0.2585,0.0,0.0,0.0647,0.5,0.0,0.5,False,False,0.0,0.0,0.0,0.0,0.0,0.0,0,0.0,0.0,0.0,no,MAB21L1,neutral,no,21540,0.30492107706592386,short
ENSG00000180667,0.0001,0.2585,0.0,0.0,0.0647,0.5,0.0,0.5,False,False,0.0,0.0,0.0,0.0,0.0,0.0,0,0.0,0.0,0.0,no,YOD1,neutral,no,31930,0.22596304415909801,short
ENSG00000180697,0.0001,0.2585,0.0,0.0,0.0647,0.5,0.0,0.5,False,False,0.0,0.0,0.0,0.0,0.0,0.0,0,0.0,0.0,0.0,no,C3orf22,neutral,no,10940,0.2723034734917733,short
ENSG00000180730,0.0001,0.0386,0.0,0.0,0.0097,0.5,-0.00448365018201,0.5,False,False,0.0,0.0,0.0,0.0,0.0,0.0,0,0.0,0.0,0.0,no,SHISA2,neutral,no,13520,0.42551775147928994,short
ENSG00000180745,0.0001,0.2585,0.0,0.0,0.0647,0.5,0.0,0.5,False,False,0.0,0.0,0.0,0.0,0.0,0.0,0,0.0,0.0,0.0,no,CLRN3,neutral,no,14980,0.22890520694259012,short
ENSG00000180758,0.0001,0.2585,0.0,0.0,0.0647,0.5,0.0,0.5,False,False,0.0,0.0,0.0,0.0,0.0,0.0,0,0.0,0.0,0.0,no,GPR157,neutral,no,22530,0.3141145139813582,short
ENSG00000180767,0.0199,0.5285,0.0,0.0,0.1381,0.3214236899154305,0.8836958785905153,0.5,False,False,0.0,0.0,0.0,0.0,0.0,0.0,0,0.0,0.0,0.0,no,CHST13,neutral,no,24170,0.3606950765411667,short
ENSG00000180773,1.0,0.8691,0.15,0.0,0.6673,3.8857805861880484e-16,69.4703397314006,2.9643976435121707e-15,True,False,0.0,0.0,0.0,0.0,0.0,0.0,0,0.0,0.0,0.0,no,SLC36A4,gene-driven,no,98020,0.18976739440930424,long
ENSG00000180801,0.029,0.5553,0.0,0.0,0.1475,0.2622506527026473,1.290614724490297,0.5,False,False,0.0,0.0,0.0,0.0,0.0,0.0,0,0.0,0.0,0.0,no,ARSJ,neutral,no,39910,0.24196943122024556,medium
ENSG00000180806,1.0,0.9365,0.15,0.0,0.6841,0.0,120.3138725750423,0.0,True,False,0.0,0.0,0.0,0.0,0.0,0.0,0,0.0,0.0,0.0,no,HOXC9,gene-driven,no,15620,0.35166453265044817,short
ENSG00000180875,0.0001,0.1001,0.0,0.0,0.0251,0.5,-0.0002891199605983,0.5,False,False,0.0,0.0,0.0,0.0,0.0,0.0,0,0.0,0.0,0.0,no,GREM2,neutral,no,5040,0.6333333333333333,short
ENSG00000180878,0.0001,0.038,0.0,0.0,0.0095,0.5,-0.0046415344741035,0.5,False,False,0.0,0.0,0.0,0.0,0.0,0.0,0,0.0,0.0,0.0,no,C11orf42,neutral,no,13310,0.4525169045830203,short
ENSG00000180881,0.8227,0.7841,0.15,0.0,0.5928,5.244965295414517e-09,36.7457000617178,2.4268332445945872e-08,True,False,0.0,0.0,0.0,0.0,0.0,0.0,0,0.0,0.0,0.0,no,CAPS2,gene-driven,no,90810,0.14499504459861248,long
ENSG00000180934,0.0001,0.2585,0.0,0.0,0.0647,0.5,0.0,0.5,False,False,0.0,0.0,0.0,0.0,0.0,0.0,0,0.0,0.0,0.0,no,OR56A1,neutral,no,28380,0.20630725863284002,short
ENSG00000180938,0.0017,0.4337,0.0,0.0,0.1089,0.4828104747506134,0.0699678271885204,0.5,False,False,0.0,0.0,0.0,0.0,0.0,0.0,0,0.0,0.0,0.0,no,ZNF572,neutral,no,33970,0.22095967029732116,medium
ENSG00000181072,0.0007,0.4182,0.0,0.0,0.1047,0.4936431923400744,0.025590249835659,0.5,False,False,0.0,0.0,0.0,0.0,0.0,0.0,0,0.0,0.0,0.0,no,CHRM2,neutral,no,70400,0.1409659090909091,medium
ENSG00000181085,0.0285,0.5535,0.0,0.0,0.1469,0.2651156983364557,1.268883540349634,0.5,False,False,0.0,0.0,0.0,0.0,0.0,0.0,0,0.0,0.0,0.0,no,MAPK15,neutral,no,39330,0.36191202644291887,medium
ENSG00000181092,1.0,0.8438,0.15,0.0,0.6609,2.3497870316191443e-13,56.77210927112355,1.5022931484927534e-12,True,False,0.0,0.0,0.0,0.0,0.0,0.0,0,0.0,0.0,0.0,no,ADIPOQ,gene-driven,no,17350,0.28870317002881846,short
ENSG00000181104,0.0039,0.4481,0.0,0.0,0.1132,0.4591357820811746,0.1705242211519362,0.5,False,False,0.0,0.0,0.0,0.0,0.0,0.0,0,0.0,0.0,0.0,no,F2R,neutral,no,19790,0.37139969681657403,short
ENSG00000181135,0.2694,0.6926,0.15,0.0,0.404,0.0012223894225127,12.02760122426116,0.003973964044169,True,False,0.0,0.0,0.0,0.0,0.0,0.0,0,0.0,0.0,0.0,no,ZNF707,gene-driven,no,83950,0.16761167361524718,long
ENSG00000181218,0.0001,0.2585,0.0,0.0,0.0647,0.5,0.0,0.5,False,False,0.0,0.4076,0.0,0.0,0.0,0.1426,1,0.0,0.0,0.0,no,H2AC25,neutral,no,12780,0.2565727699530516,short
ENSG00000181220,0.0013,0.429,0.0,0.0,0.1076,0.4871713619946233,0.051984329104016,0.5,False,False,0.0,0.0,0.0,0.0,0.0,0.0,0,0.0,0.0,0.0,no,ZNF746,neutral,no,158560,0.1690338042381433,long
ENSG00000181234,0.0001,0.2585,0.0,0.0,0.0647,0.5,0.0,0.5,False,False,0.0,0.0,0.0,0.0,0.0,0.0,0,0.0,0.0,0.0,no,TMEM132C,neutral,no,118450,0.2608442380751372,long
ENSG00000181264,0.2498,0.6878,0.15,0.0,0.3969,0.0018915704491183,11.15440137794121,0.0060544861093402,True,False,0.0,0.0,0.0,0.0,0.0,0.0,0,0.0,0.0,0.0,no,TLCD5,gene-driven,no,24450,0.2348875255623722,short
ENSG00000181291,0.0002,0.4023,0.0,0.0,0.1006,0.4992401304932644,0.0030417899761232,0.5,False,False,0.0,0.0,0.0,0.0,0.0,0.0,0,0.0,0.0,0.0,no,TMEM132E,neutral,no,91773,0.33225458468176916,long
ENSG00000181333,0.0001,0.2585,0.0,0.0,0.0647,0.5,0.0,0.5,False,False,0.0,0.0,0.0,0.0,0.0,0.0,0,0.0,0.0,0.0,no,HEPHL1,neutral,no,42540,0.37519981194170193,medium
ENSG00000181381,1.0,0.8637,0.15,0.0,0.6659,1.77635683940025e-15,66.520559322802,1.3012664093043952e-14,True,False,0.0,0.0,0.0,0.0,0.0,0.0,0,0.0,0.0,0.0,no,DDX60L,gene-driven,no,220750,0.18766930917327293,long
ENSG00000181418,0.0001,0.2585,0.0,0.0,0.0647,0.5,0.0,0.5,False,False,0.0,0.0,0.0,0.0,0.0,0.0,0,0.0,0.0,0.0,no,DDN,neutral,no,25510,0.5628381027048216,short
ENSG00000181472,0.0588,0.6128,0.0,0.0,0.1708,0.1347780795929611,2.621957054643644,0.3478911094423396,False,False,0.0,0.0,0.0,0.0,0.0,0.0,0,0.0,0.0,0.0,no,ZBTB2,neutral,no,34520,0.27893974507531866,medium
ENSG00000181541,0.0001,0.2585,0.0,0.0,0.0647,0.5,0.0,0.5,False,False,0.0,0.0,0.0,0.0,0.0,0.0,0,0.0,0.0,0.0,no,MAB21L2,neutral,no,10770,0.6092850510677809,short
ENSG00000181617,0.0001,0.0671,0.0,0.0,0.0168,0.5,-0.0017751412760844,0.5,False,False,0.0,0.0,0.5845,0.0,0.0207,0.2077,0,1.2767638080293346,0.0,1.2,yes,FDCSP,neutral,no,5570,0.2236983842010772,short
ENSG00000181631,0.0017,0.4345,0.0,0.0,0.1091,0.4824531092718085,0.0714487304403519,0.5,False,False,0.0,0.0,0.0,0.0,0.0,0.0,0,0.0,0.0,0.0,no,P2RY13,neutral,no,21510,0.24444444444444444,short
ENSG00000181634,0.0001,0.2585,0.0,0.0,0.0647,0.5,0.0,0.5,False,False,0.0,0.0,0.0,0.0,0.0,0.0,0,0.0,0.0,0.0,no,TNFSF15,neutral,no,27200,0.24540441176470587,short
ENSG00000181652,0.0001,0.1047,0.0,0.0,0.0262,0.5,-0.00015749890008,0.5,False,False,0.0,0.0,0.0,0.0,0.0,0.0,0,0.0,0.0,0.0,no,ATG9B,neutral,no,94580,0.22065975893423556,long
ENSG00000181690,0.0001,0.0304,0.0,0.0,0.0076,0.5,-0.0055210545215231,0.5,False,False,0.0,0.4076,0.0,0.0,0.0,0.1426,1,0.0,0.0,0.0,no,PLAG1,neutral,no,42540,0.2059238363892807,medium
ENSG00000181744,1.0,0.8325,0.15,0.0,0.6581,3.577305118795948e-12,51.326540015707,2.1335150672531228e-11,True,False,0.0,0.0,0.0,0.0,0.0,0.0,0,0.0,0.0,0.0,no,DIPK2A,gene-driven,no,78040,0.17707585853408508,medium
ENSG00000181754,0.0001,0.1176,0.0,0.0,0.0294,0.5,-5.3150870371609934e-09,0.5,False,False,0.0,0.0,0.0,0.0,0.0,0.0,0,0.0,0.0,0.0,no,AMIGO1,neutral,no,29580,0.3369844489519946,short
ENSG00000181773,0.0001,0.2585,0.0,0.0,0.0647,0.5,0.0,0.5,False,False,0.0,0.0,0.0,0.0,0.0,0.0,0,0.0,0.0,0.0,no,GPR3,neutral,no,11370,0.5394898856640281,short
ENSG00000181778,0.0001,0.0867,0.0,0.0,0.0217,0.5,-0.0006972476194277,0.5,False,False,0.0,0.0,0.0,0.0,0.0,0.0,0,0.0,0.0,0.0,no,TMEM252,neutral,no,7420,0.377088948787062,short
ENSG00000181790,0.0001,0.2585,0.0,0.0,0.0647,0.5,0.0,0.5,False,False,0.0,0.0,0.0,0.0,0.0,0.0,0,0.0,0.0,0.0,no,ADGRB1,neutral,no,227400,0.2949208443271768,long
ENSG00000181817,0.0001,0.1168,0.0,0.0,0.0292,0.5,-1.137166236730991e-07,0.5,False,False,0.0,0.0,0.0,0.0,0.0,0.0,0,0.0,0.0,0.0,no,LSM10,neutral,no,4650,0.44086021505376344,short
ENSG00000181873,0.0001,0.0748,0.0,0.0,0.0187,0.5,-0.0012401369931467,0.5,False,False,0.0,0.0,0.0,0.0,0.0,0.0,0,0.0,0.0,0.0,no,IBA57,neutral,no,22710,0.31893439013650376,short
ENSG00000181904,0.0145,0.5024,0.0,0.0,0.13,0.362313363421751,0.6441972324391827,0.5,False,False,0.0,0.0,0.0,0.0,0.0,0.0,0,0.0,0.0,0.0,no,C5orf24,neutral,no,29950,0.11572621035058431,short
ENSG00000181982,0.0001,0.2585,0.0,0.0,0.0647,0.5,0.0,0.5,False,False,0.0,0.0,0.0,0.0,0.0,0.0,0,0.0,0.0,0.0,no,CCDC149,neutral,no,96310,0.27265081507631606,long
ENSG00000182010,0.0001,0.2585,0.0,0.0,0.0647,0.5,0.0,0.5,False,False,0.0,0.0,0.0,0.0,0.0,0.0,0,0.0,0.0,0.0,no,RTKN2,neutral,no,52740,0.19004550625711036,medium
ENSG00000182054,0.0001,0.2585,0.0,0.0,0.0647,0.5,0.0,0.5,False,False,0.0,0.0,0.0,0.0,0.0,0.0,0,0.0,0.0,0.0,no,IDH2,neutral,no,45135,0.30535061482220005,medium
ENSG00000182077,0.0001,0.2585,0.0,0.0,0.0647,0.5,0.0,0.5,False,False,0.0,0.0,0.0,0.0,0.0,0.0,0,0.0,0.0,0.0,no,PTCHD3,neutral,no,49690,0.2735962970416583,medium
ENSG00000182117,0.0001,0.0669,0.0,0.0,0.0168,0.5,-0.0017760274372449,0.5,False,False,0.0,0.0,0.0,0.0,0.0,0.0,0,0.0,0.0,0.0,no,NOP10,neutral,no,13530,0.11744271988174428,short
ENSG00000182132,0.0001,0.2585,0.0,0.0,0.0647,0.5,0.0,0.5,False,False,0.0,0.4076,0.0,0.0,0.0,0.1426,1,0.0,0.0,0.0,no,KCNIP1,neutral,no,91170,0.18984315015904354,long
ENSG00000182134,1.0,0.8953,0.15,0.0,0.6738,0.0,84.11852388523403,0.0,True,False,0.0,0.0,0.0,0.0,0.0,0.0,0,0.0,0.0,0.0,no,TDRKH,gene-driven,no,122410,0.16563189281921412,long
ENSG00000182168,0.5704,0.7497,0.15,0.0,0.5086,1.468555004491279e-06,25.47616890053905,5.862433862230835e-06,True,False,0.0,0.0,0.0,0.0,0.0,0.0,0,0.0,0.0,0.0,no,UNC5C,gene-driven,no,164430,0.286164325244785,long
ENSG00000182179,0.0001,0.0696,0.0,0.0,0.0174,0.5,-0.001588096791238,0.5,False,False,0.0,0.0,0.0,0.0,0.0,0.0,0,0.0,0.0,0.0,no,UBA7,neutral,no,62660,0.3061283115225024,medium
ENSG00000182180,0.0094,0.4745,0.0,0.0,0.1214,0.4066643332777007,0.4132399744185022,0.5,False,False,0.0,0.0,0.0,0.0,0.0,0.0,0,0.0,0.0,0.0,no,MRPS16,neutral,no,11340,0.2824514991181658,short
ENSG00000182183,0.0001,0.0816,0.0,0.0,0.0204,0.5,-0.0009308136905019,0.5,False,False,0.0,0.0,0.0,0.0,0.0,0.0,0,0.0,0.0,0.0,no,SHISAL2A,neutral,no,13880,0.2756484149855908,short
ENSG00000182208,0.0001,0.2585,0.0,0.0,0.0647,0.5,0.0,0.5,False,False,0.0,0.0,0.0,0.0,0.0,0.0,0,0.0,0.0,0.0,no,MOB2,neutral,no,54340,0.2063121089436879,medium
ENSG00000182223,0.0596,0.6136,0.0,0.0,0.1713,0.1324556417688731,2.656720576011139,0.3426075726252599,False,False,0.0,0.0,0.0,0.0,0.0,0.0,0,0.0,0.0,0.0,no,ZAR1,neutral,no,25610,0.32264740335806325,short
ENSG00000182263,0.0001,0.2585,0.0,0.0,0.0647,0.5,0.0,0.5,False,False,0.0,0.8761,0.0,0.0,0.0,0.3066,2,0.0,0.0,0.0,no,FIGN,regulation-driven,no,115400,0.17087521663778163,long
ENSG00000182271,1.0,0.917,0.15,0.0,0.6792,0.0,102.5147673057654,0.0,True,False,0.0,0.0,0.0,0.0,0.0,0.0,0,0.0,0.0,0.0,no,TMIGD1,gene-driven,no,23661,0.22505388614175226,short
ENSG00000182272,0.6794,0.7644,0.15,0.0,0.5449,1.287347161094132e-07,30.3447296677914,5.458878754716294e-07,True,False,0.0,0.0,0.0,0.0,0.0,0.0,0,0.0,0.0,0.0,no,B4GALNT4,gene-driven,no,114020,0.26319066830380633,long
ENSG00000182307,1.0,0.8655,0.15,0.0,0.6664,9.43689570931383e-16,67.80343395968157,7.005838695242835e-15,True,False,0.0,0.0,0.0,0.0,0.0,0.0,0,0.0,0.0,0.0,no,C8orf33,gene-driven,no,44220,0.1996834011759385,medium
ENSG00000182325,1.0,0.9314,0.15,0.0,0.6829,0.0,114.7466373853531,0.0,True,False,0.0,0.0,0.0,0.0,0.0,0.0,0,0.0,0.0,0.0,no,FBXL6,gene-driven,no,59060,0.1861666102268879,medium
ENSG00000182333,0.534,0.7421,0.15,0.0,0.4957,3.314649492824895e-06,23.84802298619616,1.2840394530616063e-05,True,False,0.0,0.0,0.0,0.0,0.0,0.0,0,0.0,0.0,0.0,no,LIPF,gene-driven,no,50070,0.1499300978629918,medium
ENSG00000182348,0.0004,0.4119,0.0,0.0,0.1031,0.4965199949119635,0.0139686880429508,0.5,False,False,0.0,0.0,0.0,0.0,0.0,0.0,0,0.0,0.0,0.0,no,ZNF804B,neutral,no,120860,0.15714876716862486,long
ENSG00000182359,0.5529,0.7457,0.15,0.0,0.5023,2.172781898734932e-06,24.69271009991644,8.536664426783216e-06,True,False,0.0,0.0,0.0,0.0,0.0,0.0,0,0.0,0.0,0.0,no,KBTBD3,gene-driven,no,63860,0.15186345129971812,medium
ENSG00000182372,0.1472,0.659,0.075,0.0,0.2839,0.0187151017050212,6.570554645441007,0.0548549887335155,False,False,0.0,0.0,0.0,0.0,0.0,0.0,0,0.0,0.0,0.0,no,CLN8,neutral,no,82120,0.1743424257184608,long
ENSG00000182447,0.0001,0.2585,0.0,0.0,0.0647,0.5,0.0,0.5,False,False,0.0,0.0,0.0,0.0,0.0,0.0,0,0.0,0.0,0.0,no,OTOL1,neutral,no,19480,0.3618069815195072,short
ENSG00000182504,0.8264,0.7847,0.15,0.0,0.5941,4.8247655315414314e-09,36.9127130269917,2.2386552009223018e-08,True,False,0.0,0.0,0.0,0.0,0.0,0.0,0,0.0,0.0,0.0,no,CEP97,gene-driven,no,249270,0.10160067396798653,long
ENSG00000182533,0.0001,0.0137,0.0,0.0,0.0034,0.5,-0.0076769695788243,0.5,False,False,0.0,0.0,0.0,0.0,0.0,0.0,0,0.0,0.0,0.0,no,CAV3,neutral,no,13420,0.26073025335320416,short
ENSG00000182552,0.0001,0.0784,0.0,0.0,0.0196,0.5,-0.0010507395527383,0.5,False,False,0.0,0.0,0.0,0.0,0.0,0.0,0,0.0,0.0,0.0,no,RWDD4,neutral,no,27580,0.18759970993473532,short
ENSG00000182568,1.0,0.9737,0.15,0.0,0.6934,0.0,190.6076002716727,0.0,True,False,0.0,0.0,0.0,0.0,0.0,0.0,0,0.0,0.0,0.0,no,SATB1,gene-driven,no,244830,0.15151737940611854,long
ENSG00000182645,0.0263,0.546,0.0,0.0,0.1444,0.2785242471871292,1.170205958589577,0.5,False,False,0.0,0.0,0.0,0.0,0.0,0.0,0,0.0,0.0,0.0,no,CCDC172,neutral,no,8370,0.3115890083632019,short
ENSG00000182685,0.2336,0.6842,0.15,0.0,0.3911,0.0027174239463533,10.42984749095012,0.00859826126537,True,False,0.0,0.0,0.0,0.0,0.0,0.0,0,0.0,0.0,0.0,no,BRICD5,gene-driven,no,25389,0.27133798101540035,short
ENSG00000182698,0.0405,0.5848,0.0,0.0,0.1584,0.2026982762665851,1.805779097578124,0.4880064018150989,False,False,0.0,0.0,0.0,0.0,0.0,0.0,0,0.0,0.0,0.0,no,RESP18,neutral,no,14190,0.31839323467230446,short
ENSG00000182704,0.4089,0.7195,0.15,0.0,0.4525,5.419464470862723e-05,18.25956256001336,0.0001930975378085,True,False,0.0,0.0,0.0,0.0,0.0,0.0,0,0.0,0.0,0.0,no,TSKU,gene-driven,no,39630,0.22452687358062073,medium
ENSG00000182732,1.0,0.995,0.15,0.0,0.6987,0.0,358.4345338862768,0.0,True,False,0.0,0.0,0.0,0.0,0.0,0.0,0,0.0,0.0,0.0,no,RGS6,gene-driven,no,246760,0.2256808234721997,long
ENSG00000182747,0.0092,0.4737,0.0,0.0,0.1212,0.4077641315417135,0.4078384002841631,0.5,False,False,0.0,0.0,0.0,0.0,0.0,0.0,0,0.0,0.0,0.0,no,SLC35D3,neutral,no,16870,0.472139893301719,short
ENSG00000182752,0.0638,0.617,0.0,0.0,0.1734,0.12049254870589,2.846040367410751,0.3144438285745524,False,False,0.0,0.9769,0.0,0.0,0.0,0.3419,4,0.0,0.0,0.0,no,PAPPA,regulation-driven,no,112970,0.25957333805435073,long
ENSG00000182768,0.0877,0.6343,0.0,0.0,0.1849,0.0706101349076928,3.914868819952972,0.1929751708960791,False,False,0.0,0.0,0.0,0.0,0.0,0.0,0,0.0,0.0,0.0,no,NGRN,neutral,no,10836,0.40005537098560356,short
ENSG00000182771,1.0,0.9089,0.15,0.0,0.6772,0.0,94.54716363365152,0.0,True,False,0.0,0.4076,0.0,0.0,0.0,0.1426,1,0.0,0.0,0.0,no,GRID1,gene-driven,no,56750,0.3176563876651982,medium
ENSG00000182795,0.0001,0.0674,0.0,0.0,0.0169,0.5,-0.0017694597299851,0.5,False,False,0.0,0.0,0.0,0.0,0.0,0.0,0,0.0,0.0,0.0,no,C1orf116,neutral,no,43630,0.29085491634196653,medium
ENSG00000182827,0.0001,0.2585,0.0,0.0,0.0647,0.5,0.0,0.5,False,False,0.0,0.0,0.2271,0.0,0.0,0.0795,0,0.7928858290304073,0.0,0.0,no,ACBD3,neutral,no,43150,0.20980301274623406,medium
ENSG00000182866,1.0,0.915,0.15,0.0,0.6787,0.0,100.395909149709,0.0,True,False,0.0,0.0,0.0,0.0,0.0,0.0,0,0.0,0.0,0.0,no,LCK,gene-driven,no,145680,0.21526633717737506,long
ENSG00000182901,0.0001,0.3951,0.0,0.0,0.0988,0.4999999491919905,2.032320480793715e-07,0.5,False,False,0.0,0.0,0.0,0.0,0.0,0.0,0,0.0,0.0,0.0,no,,neutral,no,379020,0.1072027861326579,long
ENSG00000182934,0.0001,0.2585,0.0,0.0,0.0647,0.5,0.0,0.5,False,False,0.0,0.0,0.0,0.0,0.0,0.0,0,0.0,0.0,0.0,no,SRPRA,neutral,no,62780,0.3079961771264734,medium
ENSG00000182950,0.0001,0.0667,0.0,0.0,0.0167,0.5,-0.0017842744309746,0.5,False,False,0.0,0.0,0.0,0.0,0.0,0.0,0,0.0,0.0,0.0,no,CIMAP1C,neutral,no,11650,0.42377682403433475,short
ENSG00000183049,0.2966,0.6992,0.15,0.0,0.4138,0.000665915851951,13.24240012664086,0.0022126021694084,True,False,0.0,0.0,0.0,0.0,0.0,0.0,0,0.0,0.0,0.0,no,CAMK1D,gene-driven,no,59000,0.23910169491525424,medium
ENSG00000183090,0.0021,0.4361,0.0,0.0,0.1096,0.4783947808927683,0.0883436106960289,0.5,False,False,0.0,0.0,0.0,0.0,0.0,0.0,0,0.0,0.0,0.0,no,FREM3,neutral,no,297690,0.15182572474722025,long
ENSG00000183128,0.0001,0.2585,0.0,0.0,0.0647,0.5,0.0,0.5,False,False,0.0,0.0,0.0,0.0,0.0,0.0,0,0.0,0.0,0.0,no,CALHM3,neutral,no,23010,0.3132116471099522,short
ENSG00000183155,0.0178,0.5233,0.0,0.0,0.1362,0.3365626726073626,0.7916474363851194,0.5,False,False,0.0,0.0,0.0,0.0,0.0,0.0,0,0.0,0.0,0.0,no,RABIF,neutral,no,8310,0.27244283995186525,short
ENSG00000183166,0.7835,0.7795,0.15,0.0,0.5799,1.2597390464108571e-08,34.9932579420456,5.70668671844044e-08,True,False,0.0,0.0,0.0,0.0,0.0,0.0,0,0.0,0.0,0.0,no,CALN1,gene-driven,no,34610,0.1681594914764519,medium
ENSG00000183185,0.0305,0.5613,0.0,0.0,0.1495,0.2538589323464683,1.355658740198123,0.5,False,False,0.0,0.0,0.0,0.0,0.0,0.0,0,0.0,0.0,0.0,no,GABRR3,neutral,no,39850,0.1748055207026349,medium
ENSG00000183273,0.0529,0.6039,0.0,0.0,0.1669,0.1536562454664469,2.359780326394684,0.3877656849061933,False,False,0.0,0.0,0.0,0.0,0.0,0.0,0,0.0,0.0,0.0,no,CCDC60,neutral,no,38330,0.2782937646751891,medium
ENSG00000183283,1.0,0.9532,0.15,0.0,0.6883,0.0,142.0123326422618,0.0,True,False,0.0,0.0,0.0,0.0,0.0,0.0,0,0.0,0.0,0.0,no,DAZAP2,gene-driven,no,42050,0.24118906064209275,medium
ENSG00000183317,0.0001,0.2585,0.0,0.0,0.0647,0.5,0.0,0.5,False,False,0.0,0.0,0.0,0.0,0.0,0.0,0,0.0,0.0,0.0,no,EPHA10,neutral,no,152810,0.3012695504220928,long
ENSG00000183323,1.0,0.8649,0.15,0.0,0.6662,1.27675647831893e-15,67.23569776801742,9.436235844217472e-15,True,False,0.0,0.0,0.0,0.0,0.0,0.0,0,0.0,0.0,0.0,no,CCDC125,gene-driven,no,103750,0.11330120481927711,long
ENSG00000183324,0.0001,0.2585,0.0,0.0,0.0647,0.5,0.0,0.5,False,False,0.0,0.0,0.0,0.0,0.0,0.0,0,0.0,0.0,0.0,no,REC114,neutral,no,18820,0.40456960680127524,short
ENSG00000183347,0.0001,0.031,0.0,0.0,0.0078,0.5,-0.0054634568987239,0.5,False,False,0.0,0.0,0.0,0.0,0.0,0.0,0,0.0,0.0,0.0,no,GBP6,neutral,no,21060,0.4180911680911681,short
ENSG00000183379,0.0001,0.2585,0.0,0.0,0.0647,0.5,0.0,0.5,False,False,0.0,0.0,0.0,0.0,0.0,0.0,0,0.0,0.0,0.0,no,SYNDIG1L,neutral,no,21590,0.27887911069939786,short
ENSG00000183386,0.0001,0.2585,0.0,0.0,0.0647,0.5,0.0,0.5,False,False,0.0,0.8761,0.0,0.0,0.0,0.3066,2,0.0,0.0,0.0,no,FHL3,regulation-driven,no,18480,0.4073051948051948,short
ENSG00000183395,0.0022,0.4369,0.0,0.0,0.1099,0.4770690689931256,0.0938936385718989,0.5,False,False,0.0,0.4076,0.0,0.0,0.0,0.1426,1,0.0,0.0,0.0,no,PMCH,neutral,no,10000,0.2029,short
ENSG00000183396,0.0001,0.1148,0.0,0.0,0.0287,0.5,-5.324477569956798e-06,0.5,False,False,0.0,0.0,0.0,0.0,0.0,0.0,0,0.0,0.0,0.0,no,TMEM89,neutral,no,6600,0.45590909090909093,short
ENSG00000183423,0.0301,0.5603,0.0,0.0,0.1491,0.2556510534626335,1.341589312265569,0.5,False,False,0.0,0.0,0.0,0.0,0.0,0.0,0,0.0,0.0,0.0,no,LRIT3,neutral,no,92720,0.1824201898188093,long
ENSG00000183508,0.1618,0.6645,0.15,0.0,0.3647,0.0134934714059025,7.224804259129087,0.0401895369897958,True,False,0.0,0.0,0.0,0.0,0.0,0.0,0,0.0,0.0,0.0,no,TENT5C,gene-driven,no,49040,0.17942495921696575,medium
ENSG00000183513,0.0161,0.5127,0.0,0.0,0.133,0.349817776626913,0.7143914354087428,0.5,False,False,0.0,0.0,0.0,0.0,0.0,0.0,0,0.0,0.0,0.0,no,COA5,neutral,no,8380,0.23937947494033412,short
ENSG00000183520,0.0001,0.2585,0.0,0.0,0.0647,0.5,0.0,0.5,False,False,0.0,0.8761,0.0,0.0,0.0,0.3066,2,0.0,0.0,0.0,no,UTP11,regulation-driven,no,24140,0.22133388566694284,short
ENSG00000183560,1.0,0.8464,0.15,0.0,0.6616,1.333377852574813e-13,57.90567591433501,8.669570508113882e-13,True,False,0.0,0.0,0.0,0.0,0.0,0.0,0,0.0,0.0,0.0,no,IZUMO1R,gene-driven,no,23340,0.23046272493573264,short
ENSG00000183576,0.0011,0.427,0.0,0.0,0.1071,0.4887177313715863,0.0456460241402965,0.5,False,False,0.0,0.0,0.0,0.0,0.0,0.0,0,0.0,0.0,0.0,no,SETD3,neutral,no,68500,0.24944525547445257,medium
ENSG00000183578,0.0369,0.5796,0.0,0.0,0.156,0.2195880451893218,1.645709658461783,0.5,False,False,0.0,0.0,0.0,0.0,0.0,0.0,0,0.0,0.0,0.0,no,TNFAIP8L3,neutral,no,22740,0.22598944591029024,short
ENSG00000183580,0.0001,0.0372,0.0,0.0,0.0093,0.5,-0.0047063990568858,0.5,False,False,0.0,0.0,0.0,0.0,0.0,0.0,0,0.0,0.0,0.0,no,FBXL7,neutral,no,78650,0.26925619834710746,medium
ENSG00000183607,1.0,0.8384,0.15,0.0,0.6596,8.182343691487405e-13,54.27692079876397,5.055773605150105e-12,True,False,0.0,0.0,0.8068,0.0,0.0,0.2824,0,2.2945368519130587,0.0,0.0,no,GKN2,gene-driven,no,12700,0.22826771653543307,short
ENSG00000183615,0.0001,0.2585,0.0,0.0,0.0647,0.5,0.0,0.5,False,False,0.0,0.0,0.0,0.0,0.0,0.0,0,0.0,0.0,0.0,no,FAM167B,neutral,no,7230,0.45062240663900416,short
ENSG00000183621,1.0,0.9952,0.15,0.0,0.6988,0.0,361.300077099484,0.0,True,False,0.0,0.0,0.0,0.0,0.0,0.0,0,0.0,0.0,0.0,no,,gene-driven,no,312570,0.14228172889272803,long
ENSG00000183638,0.0307,0.5621,0.0,0.0,0.1497,0.2523090150049146,1.367907024141459,0.5,False,False,0.0,0.0,0.0,0.0,0.0,0.0,0,0.0,0.0,0.0,no,RP1L1,neutral,no,115540,0.34913449887484854,long
ENSG00000183644,0.0001,0.2585,0.0,0.0,0.0647,0.5,0.0,0.5,False,False,0.0,0.0,0.0,0.0,0.0,0.0,0,0.0,0.0,0.0,no,HOATZ,neutral,no,21850,0.23048054919908467,short
ENSG00000183648,0.343,0.7079,0.15,0.0,0.4299,0.0002359958734158,15.31709811621931,0.0008073201336797,True,False,0.0,0.0,0.0,0.0,0.0,0.0,0,0.0,0.0,0.0,no,NDUFB1,gene-driven,no,10610,0.1757775683317625,short
ENSG00000183715,0.0001,0.037,0.0,0.0,0.0093,0.5,-0.004707252868684,0.5,False,False,0.0,0.9527,0.0,0.0,0.0,0.3335,3,0.0,0.0,0.0,no,OPCML,regulation-driven,no,87650,0.18410724472333143,long
ENSG00000183722,0.0064,0.4634,0.0,0.0,0.1178,0.4339482158689282,0.2833657794144528,0.5,False,False,0.0,0.0,0.0,0.0,0.0,0.0,0,0.0,0.0,0.0,no,LHFPL6,neutral,no,13320,0.28776276276276275,short
ENSG00000183733,0.0028,0.4423,0.0,0.0,0.1114,0.4704256669994428,0.1219402782471661,0.5,False,False,0.0,0.0,0.0,0.0,0.0,0.0,0,0.0,0.0,0.0,no,FIGLA,neutral,no,15080,0.28872679045092836,short
ENSG00000183742,0.5799,0.7513,0.15,0.0,0.5118,1.189369467580192e-06,25.89788013982616,4.778613676691338e-06,True,False,0.0,0.0,0.0,0.0,0.0,0.0,0,0.0,0.0,0.0,no,MACC1,gene-driven,no,76770,0.22170118535886413,medium
ENSG00000183751,1.0,0.8569,0.15,0.0,0.6642,1.160183060733289e-14,62.79050446159818,8.093619276419889e-14,True,False,0.0,0.0,0.0,0.0,0.0,0.0,0,0.0,0.0,0.0,no,TBL3,gene-driven,no,71658,0.2763822601803009,medium
ENSG00000183775,0.0001,0.1196,0.0,0.0,0.0299,0.5,-1.0913936421275139e-11,0.5,False,False,0.0,0.0,0.0,0.0,0.0,0.0,0,0.0,0.0,0.0,no,KCTD16,neutral,no,35730,0.25222502099076405,medium
ENSG00000183779,0.0001,0.2585,0.0,0.0,0.0647,0.5,0.0,0.5,False,False,0.0,0.0,0.0,0.0,0.0,0.0,0,0.0,0.0,0.0,no,ZNF703,neutral,no,20340,0.5988200589970502,short
ENSG00000183780,0.0001,0.2585,0.0,0.0,0.0647,0.5,0.0,0.5,False,False,0.0,0.4076,0.0,0.0,0.0,0.1426,1,0.0,0.0,0.0,no,SLC35F3,neutral,no,45840,0.3106239092495637,medium
ENSG00000183807,0.0001,0.1226,0.0,0.0,0.0307,0.5,-4.547473508864641e-13,0.5,False,False,0.0,0.0,0.0,0.0,0.0,0.0,0,0.0,0.0,0.0,no,FAM162B,neutral,no,8030,0.34072229140722293,short
ENSG00000183813,0.0001,0.2585,0.0,0.0,0.0647,0.5,0.0,0.5,False,False,0.0,0.0,0.0,0.0,0.0,0.0,0,0.0,0.0,0.0,no,CCR4,neutral,no,10800,0.48574074074074075,short
ENSG00000183814,1.0,0.8862,0.15,0.0,0.6716,0.0,78.28098675209912,0.0,True,False,0.0,0.0,0.5386,0.0,0.0,0.1885,0,1.1691277135520686,0.0,0.0,no,LIN9,gene-driven,no,90580,0.2044159858688452,long
ENSG00000183831,0.0001,0.2585,0.0,0.0,0.0647,0.5,0.0,0.5,False,False,0.0,0.0,0.0,0.0,0.0,0.0,0,0.0,0.0,0.0,no,ANKRD45,neutral,no,34080,0.1353286384976526,medium
ENSG00000183833,1.0,0.9463,0.15,0.0,0.6866,0.0,130.4460167815851,0.0,True,False,0.0,0.0,0.0,0.0,0.0,0.0,0,0.0,0.0,0.0,no,CFAP91,gene-driven,no,86200,0.19750580046403712,long
ENSG00000183840,0.0819,0.6301,0.0,0.0,0.1821,0.0803925902224194,3.655372175251614,0.2172040976460152,False,False,0.0,0.4076,0.0,0.0,0.0,0.1426,1,0.0,0.0,0.0,no,GPR39,neutral,no,26930,0.34314890456739694,short
ENSG00000183856,0.1282,0.6518,0.075,0.0,0.2764,0.0285783134384003,5.723919879332243,0.0820245418595518,False,False,0.0,0.0,0.0,0.0,0.0,0.0,0,0.0,0.0,0.0,no,IQGAP3,neutral,no,130338,0.25088615752888643,long
ENSG00000183888,0.0485,0.5973,0.0,0.0,0.1639,0.1695344036611686,2.163104441287942,0.4207904809434394,False,False,0.0,0.0,0.0,0.0,0.0,0.0,0,0.0,0.0,0.0,no,SRARP,neutral,no,10950,0.3149771689497717,short
ENSG00000183908,1.0,0.923,0.15,0.0,0.6807,0.0,108.128342924856,0.0,True,False,0.0,0.0,0.0,0.0,0.0,0.0,0,0.0,0.0,0.0,no,LRRC55,gene-driven,no,20080,0.3633466135458167,short
ENSG00000183960,0.8925,0.7939,0.15,0.0,0.6162,1.103138413949267e-09,39.86391889181687,5.347963422011359e-09,True,False,0.0,0.4076,0.0,0.0,0.0,0.1426,1,0.0,0.0,0.0,no,KCNH8,gene-driven,no,109520,0.21695580715850987,long
ENSG00000183977,0.0309,0.5633,0.0,0.0,0.1501,0.2516222889410098,1.373357977345222,0.5,False,False,0.0,0.0,0.0,0.0,0.0,0.0,0,0.0,0.0,0.0,no,PP2D1,neutral,no,45500,0.18283516483516485,medium
ENSG00000184108,0.0354,0.5766,0.0,0.0,0.1548,0.2271419596982696,1.578065806445011,0.5,False,False,0.0,0.0,0.0,0.0,0.0,0.0,0,0.0,0.0,0.0,no,TRIML1,neutral,no,22780,0.31804214223002636,short
ENSG00000184163,0.2292,0.6836,0.15,0.0,0.3896,0.0029986128059408,10.23291662952943,0.0094699048233331,True,False,0.0,0.0,0.0,0.0,0.0,0.0,0,0.0,0.0,0.0,no,C1QTNF12,gene-driven,no,10680,0.5453183520599251,short
ENSG00000184209,0.0001,0.2585,0.0,0.0,0.0647,0.5,0.0,0.5,False,False,0.0,0.0,0.0,0.0,0.0,0.0,0,0.0,0.0,0.0,no,SNRNP35,neutral,no,23510,0.24057847724372608,short
ENSG00000184220,0.4884,0.7342,0.15,0.0,0.4801,9.18162469604189e-06,21.81031841268486,3.451957765541373e-05,True,False,0.0,0.8761,0.0,0.0,0.0,0.3066,2,0.0,0.0,0.0,no,CMSS1,gene-driven (dual),no,36900,0.22563685636856368,medium
ENSG00000184232,1.0,0.8796,0.15,0.0,0.6699,5.551115123125783e-17,74.07512011410472,4.453426874585104e-16,True,False,0.0,0.0,0.0,0.0,0.0,0.0,0,0.0,0.0,0.0,no,OAF,gene-driven,no,15740,0.34193138500635323,short
ENSG00000184260,0.0001,0.1228,0.0,0.0,0.0307,0.5,-2.273736754432321e-13,0.5,False,False,0.0,0.0,0.0,0.0,0.0,0.0,0,0.0,0.0,0.0,no,H2AC20,neutral,no,4470,0.5559284116331096,short
ENSG00000184271,0.0001,0.2585,0.0,0.0,0.0647,0.5,0.0,0.5,False,False,0.0,0.0,0.0,0.0,0.0,0.0,0,0.0,0.0,0.0,no,POU6F1,neutral,no,79990,0.18726090761345168,long
ENSG00000184302,0.0377,0.581,0.0,0.0,0.1566,0.2160785349314196,1.677932338212486,0.5,False,False,0.0,0.4076,0.0,0.0,0.0,0.1426,1,0.0,0.0,0.0,no,SIX6,neutral,no,9040,0.5117256637168142,short
ENSG00000184305,0.5145,0.7378,0.15,0.0,0.4888,5.122077703756389e-06,22.97760643840593,1.952276973063929e-05,True,False,0.0,0.4076,0.0,0.0,0.0,0.1426,1,0.0,0.0,0.0,no,CCSER1,gene-driven,no,108920,0.19913698127065738,long
ENSG00000184307,0.0015,0.4316,0.0,0.0,0.1084,0.4847225294410371,0.0620629508848651,0.5,False,False,0.0,0.0,0.0,0.0,0.0,0.0,0,0.0,0.0,0.0,no,ZDHHC23,neutral,no,90440,0.18168951791242813,long
ENSG00000184344,0.0001,0.0923,0.0,0.0,0.0231,0.5,-0.0004697691319961,0.5,False,False,0.0,0.0,0.0,0.0,0.0,0.0,0,0.0,0.0,0.0,no,GDF3,neutral,no,13600,0.3972794117647059,short
ENSG00000184345,0.0001,0.0905,0.0,0.0,0.0226,0.5,-0.000533278524017,0.5,False,False,0.0,0.0,0.0,0.0,0.0,0.0,0,0.0,0.0,0.0,no,IQCF2,neutral,no,11220,0.25623885918003564,short
ENSG00000184347,0.1031,0.6417,0.0,0.0,0.1914,0.0500817032956935,4.601904721530445,0.1397119417794614,False,False,0.0,0.4076,0.0,0.0,0.0,0.1426,1,0.0,0.0,0.0,no,SLIT3,neutral,no,114380,0.3592061549221892,long
ENSG00000184349,0.0001,0.0066,0.0,0.0,0.0017,0.5,-0.0089434857236483,0.5,False,False,0.0,0.9769,0.0,0.0,0.0,0.3419,4,0.0,0.0,0.0,no,,regulation-driven,no,23550,0.2868365180467091,short
ENSG00000184357,0.0001,0.3945,0.0,0.0,0.0986,0.4999999999998863,4.547473508864641e-13,0.5,False,False,0.0,0.0,0.0,0.0,0.0,0.0,0,0.0,0.0,0.0,no,H1-5,neutral,no,9670,0.41158221302998965,short
ENSG00000184371,1.0,0.9101,0.15,0.0,0.6775,0.0,95.87005215386309,0.0,True,False,0.0,0.0,0.0,0.0,0.0,0.0,0,0.0,0.0,0.0,no,CSF1,gene-driven,no,119380,0.27575808343106045,long
ENSG00000184374,0.0001,0.2585,0.0,0.0,0.0647,0.5,0.0,0.5,False,False,0.0,0.0,0.0,0.0,0.0,0.0,0,0.0,0.0,0.0,no,COLEC10,neutral,no,52610,0.11729709180764113,medium
ENSG00000184378,0.0136,0.4928,0.0,0.0,0.1273,0.3698093458208822,0.603241014267951,0.5,False,False,0.0,0.0,0.0,0.0,0.0,0.0,0,0.0,0.0,0.0,no,ACTRT3,neutral,no,16940,0.346517119244392,short
ENSG00000184384,0.067,0.6194,0.0,0.0,0.175,0.1122205492596045,2.988283946884621,0.2947122555529423,False,False,0.0,0.4076,0.0,0.0,0.0,0.1426,1,0.0,0.0,0.0,no,MAML2,neutral,no,43360,0.36941881918819186,medium
ENSG00000184434,0.0001,0.2585,0.0,0.0,0.0647,0.5,0.0,0.5,False,False,0.0,0.0,0.0,0.0,0.0,0.0,0,0.0,0.0,0.0,no,LRRC19,neutral,no,15480,0.24276485788113694,short
ENSG00000184445,0.0001,0.2585,0.0,0.0,0.0647,0.5,0.0,0.5,False,False,0.0,0.0,0.0,0.0,0.0,0.0,0,0.0,0.0,0.0,no,KNTC1,neutral,no,284310,0.18996166156659983,long
ENSG00000184454,0.0141,0.4972,0.0,0.0,0.1285,0.36585904853884,0.6247199049175833,0.5,False,False,0.0,0.0,0.0,0.0,0.0,0.0,0,0.0,0.0,0.0,no,NCMAP,neutral,no,9780,0.21850715746421268,short
ENSG00000184500,0.7989,0.7811,0.15,0.0,0.5849,8.920841232384902e-09,35.68345681250503,4.070849934851605e-08,True,False,0.0,0.4076,0.0,0.0,0.0,0.1426,1,0.0,0.0,0.0,no,PROS1,gene-driven,no,147780,0.14129787521992151,long
ENSG00000184564,0.0001,0.2585,0.0,0.0,0.0647,0.5,0.0,0.5,False,False,0.0,0.0,0.0,0.0,0.0,0.0,0,0.0,0.0,0.0,no,SLITRK6,neutral,no,50460,0.21793499801823227,medium
ENSG00000184574,0.2212,0.6809,0.15,0.0,0.3866,0.0035868683086522,9.87465722820889,0.0112349388962446,True,False,0.0,0.0,0.0,0.0,0.0,0.0,0,0.0,0.0,0.0,no,LPAR5,gene-driven,no,22350,0.40313199105145414,short
ENSG00000184584,0.0261,0.5452,0.0,0.0,0.1441,0.2798596829937812,1.160639505971631,0.5,False,False,0.0,0.0,0.0,0.0,0.0,0.0,0,0.0,0.0,0.0,no,STING1,neutral,no,60130,0.20191252286712125,medium
ENSG00000184601,0.0001,0.0062,0.0,0.0,0.0016,0.5,-0.0089844844187609,0.5,False,False,0.0,0.4076,0.0,0.0,0.0,0.1426,1,0.0,0.0,0.0,no,C14orf180,neutral,no,18020,0.3076581576026637,short
ENSG00000184611,0.0001,0.2585,0.0,0.0,0.0647,0.5,0.0,0.5,False,False,0.0,0.4076,0.0,0.0,0.0,0.1426,1,0.0,0.0,0.0,no,KCNH7,neutral,no,240140,0.1696593653702007,long
ENSG00000184661,0.2481,0.6874,0.15,0.0,0.3963,0.0019667146887772,11.07648723701277,0.0062832994822081,True,False,0.0,0.0,0.0,0.0,0.0,0.0,0,0.0,0.0,0.0,no,CDCA2,gene-driven,no,154240,0.11747276970954357,long
ENSG00000184677,0.7518,0.7756,0.15,0.0,0.5695,2.5537448378187833e-08,33.57994543516543,1.137182347655383e-07,True,False,0.0,0.0,0.0,0.0,0.0,0.0,0,0.0,0.0,0.0,no,ZBTB40,gene-driven,no,227680,0.20045238931834153,long
ENSG00000184719,0.052,0.6027,0.0,0.0,0.1663,0.1569395700996181,2.317494541757696,0.3948494798560953,False,False,0.0,0.0,0.0,0.0,0.0,0.0,0,0.0,0.0,0.0,no,RNLS,neutral,no,25910,0.29343882670783483,short
ENSG00000184752,0.0001,0.2585,0.0,0.0,0.0647,0.5,0.0,0.5,False,False,0.0,0.0,0.0,0.0,0.0,0.0,0,0.0,0.0,0.0,no,NDUFA12,neutral,no,29060,0.13974535443909153,short
ENSG00000184786,0.0298,0.5581,0.0,0.0,0.1485,0.2573724728731165,1.328167503849727,0.5,False,False,0.0,0.0,0.0,0.0,0.0,0.0,0,0.0,0.0,0.0,no,DYNLT2,neutral,no,18070,0.1711676812396237,short
ENSG00000184840,0.0647,0.6178,0.0,0.0,0.1739,0.1182326734992604,2.88390721187443,0.3091952250185705,False,False,0.0,0.0,0.0,0.0,0.0,0.0,0,0.0,0.0,0.0,no,TMED9,neutral,no,12290,0.3344995931651749,short
ENSG00000184845,0.0214,0.5328,0.0,0.0,0.1396,0.3105257310253034,0.9526826616074686,0.5,False,False,0.0,0.0,0.0,0.0,0.0,0.0,0,0.0,0.0,0.0,no,DRD1,neutral,no,13950,0.5011469534050179,short
ENSG00000184887,0.0001,0.0348,0.0,0.0,0.0087,0.5,-0.0049927479158213,0.5,False,False,0.0,0.0,0.0,0.0,0.0,0.0,0,0.0,0.0,0.0,no,BTBD6,neutral,no,53350,0.2274414245548266,medium
ENSG00000184898,0.0001,0.0702,0.0,0.0,0.0176,0.5,-0.0015013281663414,0.5,False,False,0.0,0.0,0.0,0.0,0.0,0.0,0,0.0,0.0,0.0,no,RBM43,neutral,no,29400,0.20357142857142857,short
ENSG00000184903,0.0001,0.2585,0.0,0.0,0.0647,0.5,0.0,0.5,False,False,0.0,0.4076,0.0,0.0,0.0,0.1426,1,0.0,0.0,0.0,no,IMMP2L,neutral,no,36070,0.15677848627668423,medium
ENSG00000184916,0.0001,0.2585,0.0,0.0,0.0647,0.5,0.0,0.5,False,False,0.0,0.0,0.0,0.0,0.0,0.0,0,0.0,0.0,0.0,no,JAG2,neutral,no,173250,0.2912034632034632,long
ENSG00000184923,1.0,0.932,0.15,0.0,0.683,0.0,115.0395820161066,0.0,True,False,0.0,0.0,0.0,0.0,0.0,0.0,0,0.0,0.0,0.0,no,NUTM2A,gene-driven,no,109800,0.1954280510018215,long
ENSG00000184924,0.0001,0.2585,0.0,0.0,0.0647,0.5,0.0,0.5,False,False,0.0,0.0,0.0,0.0,0.0,0.0,0,0.0,0.0,0.0,no,PTRHD1,neutral,no,5880,0.4192176870748299,short
ENSG00000184925,0.0931,0.6383,0.0,0.0,0.1875,0.0625925679142471,4.155923101661756,0.1729641293363696,False,False,0.0,0.0,0.0,0.0,0.0,0.0,0,0.0,0.0,0.0,no,LCN12,neutral,no,18540,0.24697950377562028,short
ENSG00000184937,0.0543,0.6051,0.0,0.0,0.1676,0.1491394227374114,2.419453013601014,0.3775162792345467,False,False,0.0,0.4076,0.0,0.0,0.0,0.1426,1,0.0,0.0,0.0,no,WT1,neutral,no,120520,0.23343013607699967,long
ENSG00000184945,1.0,0.8627,0.15,0.0,0.6657,2.386979502944087e-15,65.93722641871682,1.7357947438075863e-14,True,False,0.0,0.0,0.0,0.0,0.0,0.0,0,0.0,0.0,0.0,no,AQP12A,gene-driven,no,20620,0.4629000969932105,short
ENSG00000184992,0.0027,0.4411,0.0,0.0,0.1111,0.4720285440723758,0.115137279864939,0.5,False,False,0.0,0.0,0.0,0.0,0.0,0.0,0,0.0,0.0,0.0,no,BRI3BP,neutral,no,28320,0.2559675141242938,short
ENSG00000185000,0.0001,0.2585,0.0,0.0,0.0647,0.5,0.0,0.5,False,False,0.0,0.0,0.0,0.0,0.0,0.0,0,0.0,0.0,0.0,no,DGAT1,neutral,no,71020,0.21029287524640947,medium
ENSG00000185002,0.0001,0.2585,0.0,0.0,0.0647,0.5,0.0,0.5,False,False,0.0,0.0,0.0,0.0,0.0,0.0,0,0.0,0.0,0.0,no,RFX6,neutral,no,57610,0.2456865127582017,medium
ENSG00000185009,0.0001,0.2585,0.0,0.0,0.0647,0.5,0.0,0.5,False,False,0.0,0.0,0.0,0.0,0.0,0.0,0,0.0,0.0,0.0,no,AP3M1,neutral,no,40530,0.1928694793979768,medium
ENSG00000185024,1.0,0.928,0.15,0.0,0.682,0.0,112.2610595216902,0.0,True,False,0.0,0.0,0.0,0.0,0.0,0.0,0,0.0,0.0,0.0,no,BRF1,gene-driven,no,149830,0.24387639324567845,long
ENSG00000185033,1.0,0.9912,0.15,0.0,0.6978,0.0,306.5880215839861,0.0,True,False,0.0,0.0,0.0,0.0,0.0,0.0,0,0.0,0.0,0.0,no,SEMA4B,gene-driven,no,101259,0.20405099793598594,long
ENSG00000185043,0.2064,0.6763,0.15,0.0,0.381,0.0049887534264557,9.21484406851414,0.0154028923297273,True,False,0.0,0.0,0.0,0.0,0.0,0.0,0,0.0,0.0,0.0,no,CIB1,gene-driven,no,18009,0.29035482258870565,short
ENSG00000185055,0.0311,0.5643,0.0,0.0,0.1504,0.2503752444519319,1.383294656083308,0.5,False,False,0.0,0.0,0.0,0.0,0.0,0.0,0,0.0,0.0,0.0,no,EFCAB10,neutral,no,25340,0.21132596685082872,short
ENSG00000185069,0.0001,0.2585,0.0,0.0,0.0647,0.5,0.0,0.5,False,False,0.0,0.0,0.0,0.0,0.0,0.0,0,0.0,0.0,0.0,no,KRT76,neutral,no,34010,0.3220229344310497,medium
ENSG00000185085,0.0001,0.1039,0.0,0.0,0.026,0.5,-0.0001799279016267,0.5,False,False,0.0,0.0,0.0,0.0,0.0,0.0,0,0.0,0.0,0.0,no,INTS5,neutral,no,45370,0.40954375137756227,medium
ENSG00000185090,0.0379,0.5812,0.0,0.0,0.1567,0.2150020736283635,1.687920850978117,0.5,False,False,0.0,0.0,0.0,0.0,0.0,0.0,0,0.0,0.0,0.0,no,MANEAL,neutral,no,62230,0.2440302105094006,medium
ENSG00000185100,0.616,0.7561,0.15,0.0,0.5238,5.304159187979884e-07,27.51291441037029,2.173219752966388e-06,True,False,0.0,0.0,0.0,0.0,0.0,0.0,0,0.0,0.0,0.0,no,ADSS1,gene-driven,no,79270,0.23978806610319162,long
ENSG00000185104,1.0,0.916,0.15,0.0,0.679,0.0,101.7244722385658,0.0,True,False,0.0,0.8761,0.0,0.0,0.0,0.3066,2,0.0,0.0,0.0,no,FAF1,gene-driven (dual),no,66470,0.26506694749511056,medium
ENSG00000185127,0.0001,0.2585,0.0,0.0,0.0647,0.5,0.0,0.5,False,False,0.0,0.0,0.0,0.0,0.0,0.0,0,0.0,0.0,0.0,no,C6orf120,neutral,no,5730,0.6465968586387435,short
ENSG00000185149,0.0001,0.2585,0.0,0.0,0.0647,0.5,0.0,0.5,False,False,0.0,0.0,0.0,0.0,0.0,0.0,0,0.0,0.0,0.0,no,NPY2R,neutral,no,23340,0.26191088260497003,short
ENSG00000185155,0.0001,0.2585,0.0,0.0,0.0647,0.5,0.0,0.5,False,False,0.0,0.0,0.0,0.0,0.0,0.0,0,0.0,0.0,0.0,no,MIXL1,neutral,no,17180,0.2772409778812573,short
ENSG00000185163,0.0001,0.2585,0.0,0.0,0.0647,0.5,0.0,0.5,False,False,0.0,0.0,0.0,0.0,0.0,0.0,0,0.0,0.0,0.0,no,DDX51,neutral,no,61800,0.27103559870550165,medium
ENSG00000185176,0.0001,0.2585,0.0,0.0,0.0647,0.5,0.0,0.5,False,False,0.0,0.0,0.0,0.0,0.0,0.0,0,0.0,0.0,0.0,no,AQP12B,neutral,no,24710,0.4216106839336301,short
ENSG00000185219,0.0001,0.046,0.0,0.0,0.0115,0.5,-0.0037315344015951,0.5,False,False,0.0,0.0,0.0,0.0,0.0,0.0,0,0.0,0.0,0.0,no,ZNF445,neutral,no,108290,0.19599224305106658,long
ENSG00000185220,0.2411,0.6854,0.15,0.0,0.3937,0.0022975164532413,10.76555872376957,0.0072974756311766,True,False,0.0,0.0,0.0,0.0,0.0,0.0,0,0.0,0.0,0.0,no,PGBD2,gene-driven,no,45660,0.24163381515549714,medium
ENSG00000185238,0.0001,0.0609,0.0,0.0,0.0153,0.5,-0.0022435160572058,0.5,False,False,0.0,0.0,0.0,0.0,0.0,0.0,0,0.0,0.0,0.0,no,PRMT3,neutral,no,145210,0.15021004063081056,long
ENSG00000185246,1.0,0.894,0.15,0.0,0.6735,0.0,83.48373122749035,0.0,True,False,0.0,0.0,0.0,0.0,0.0,0.0,0,0.0,0.0,0.0,no,PRPF39,gene-driven,no,59810,0.19938137435211503,medium
ENSG00000185261,1.0,0.9974,0.15,0.0,0.6993,0.0,406.3342535760603,0.0,True,False,0.0,0.8761,0.0,0.0,0.0,0.3066,2,0.0,0.0,0.0,no,KIAA0825,gene-driven (dual),no,194040,0.16070397856112142,long
ENSG00000185267,0.0001,0.0529,0.0,0.0,0.0133,0.5,-0.0029790728685838,0.5,False,False,0.0,0.0,0.0,0.0,0.0,0.0,0,0.0,0.0,0.0,no,CDNF,neutral,no,17490,0.20703259005145797,short
ENSG00000185271,0.0001,0.2585,0.0,0.0,0.0647,0.5,0.0,0.5,False,False,0.0,0.0,0.0,0.0,0.0,0.0,0,0.0,0.0,0.0,no,KLHL33,neutral,no,100200,0.23966067864271456,long
ENSG00000185278,0.0001,0.0981,0.0,0.0,0.0246,0.5,-0.0003335543697176,0.5,False,False,0.0,0.0,0.0,0.0,0.0,0.0,0,0.0,0.0,0.0,no,ZBTB37,neutral,no,71850,0.2125678496868476,medium
ENSG00000185305,1.0,0.884,0.15,0.0,0.671,0.0,77.11745504330975,0.0,True,False,0.0,0.9527,0.0,0.0,0.0,0.3335,3,0.0,0.0,0.0,no,ARL15,gene-driven (dual),no,69050,0.13655322230267922,medium
ENSG00000185313,1.0,0.9803,0.15,0.0,0.6951,0.0,212.4903955776244,0.0,True,False,0.0,0.0,0.0,0.0,0.0,0.0,0,0.0,0.0,0.0,no,SCN10A,gene-driven,no,199700,0.18034551827741613,long
ENSG00000185344,0.0001,0.2585,0.0,0.0,0.0647,0.5,0.0,0.5,False,False,0.0,0.0,0.0,0.0,0.0,0.0,0,0.0,0.0,0.0,no,ATP6V0A2,neutral,no,70310,0.21052481866021902,medium
ENSG00000185352,0.0001,0.2585,0.0,0.0,0.0647,0.5,0.0,0.5,False,False,0.0,0.9989,0.0,0.0,0.0,0.3496,9,0.0,0.0,0.0,no,HS6ST3,regulation-driven,no,21540,0.3385329619312906,short
ENSG00000185414,0.0946,0.6387,0.0,0.0,0.1881,0.0605406224192763,4.222587027617919,0.1674800088506565,False,False,0.0,0.0,0.0,0.0,0.0,0.0,0,0.0,0.0,0.0,no,MRPL30,neutral,no,28390,0.12839027826699542,short
ENSG00000185436,0.001,0.4256,0.0,0.0,0.1067,0.4897502789973517,0.0414249438472325,0.5,False,False,0.0,0.0,0.0,0.0,0.0,0.0,0,0.0,0.0,0.0,no,IFNLR1,neutral,no,63310,0.2198546833043753,medium
ENSG00000185467,1.0,0.9216,0.15,0.0,0.6804,0.0,106.5216897858154,0.0,True,False,0.0,0.0,0.7077,0.0,0.0,0.2477,0,1.7396092786710635,0.0,0.0,no,KPNA7,gene-driven,no,31800,0.30433962264150943,short
ENSG00000185480,0.0001,0.2585,0.0,0.0,0.0647,0.5,0.0,0.5,False,False,0.0,0.4076,0.0,0.0,0.0,0.1426,1,0.0,0.0,0.0,no,PARPBP,neutral,no,83740,0.19228564604728923,long
ENSG00000185483,0.1163,0.647,0.075,0.0,0.2716,0.0373492693103515,5.188589500794478,0.1057343571711374,False,False,0.0,0.8761,0.0,0.0,0.0,0.3066,2,0.0,0.0,0.0,no,ROR1,regulation-driven,no,122840,0.21526375773363726,long
ENSG00000185499,1.0,0.9769,0.15,0.0,0.6942,0.0,200.0298735349061,0.0,True,False,0.0,0.0,0.0,0.0,0.0,0.0,0,0.0,0.0,0.0,no,MUC1,gene-driven,no,153920,0.19267801455301456,long
ENSG00000185518,1.0,0.9473,0.15,0.0,0.6868,0.0,131.5374991428034,0.0,True,False,0.0,0.4076,0.0,0.0,0.0,0.1426,1,0.0,0.0,0.0,no,SV2B,gene-driven,no,87570,0.18062121731186478,long
ENSG00000185519,0.0001,0.2585,0.0,0.0,0.0647,0.5,0.0,0.5,False,False,0.0,0.0,0.0,0.0,0.0,0.0,0,0.0,0.0,0.0,no,FAM131C,neutral,no,19890,0.2808446455505279,short
ENSG00000185532,0.9212,0.7994,0.15,0.0,0.6262,5.813056702663744e-10,41.14519444315374,2.8943087126175638e-09,True,False,0.0,0.0,0.0,0.0,0.0,0.0,0,0.0,0.0,0.0,no,PRKG1,gene-driven,no,105700,0.18122989593188268,long
ENSG00000185559,0.4734,0.731,0.15,0.0,0.4748,1.281262823943363e-05,21.14386422335519,4.759522992004696e-05,True,False,0.0,0.0,0.0,0.0,0.0,0.0,0,0.0,0.0,0.0,no,DLK1,gene-driven,no,99490,0.20636244848728516,long
ENSG00000185585,0.4235,0.7224,0.15,0.0,0.4576,3.910874383539209e-05,18.91203461592522,0.0001407575194191,True,False,0.0,0.0,0.0,0.0,0.0,0.0,0,0.0,0.0,0.0,no,OLFML2A,gene-driven,no,87390,0.2827325780981806,long
ENSG00000185591,1.0,0.9922,0.15,0.0,0.698,0.0,321.2711675420505,0.0,True,False,0.0,0.0,0.0,0.0,0.0,0.0,0,0.0,0.0,0.0,no,SP1,gene-driven,no,98680,0.21983177948925822,long
ENSG00000185610,0.0001,0.2585,0.0,0.0,0.0647,0.5,0.0,0.5,False,False,0.0,0.0,0.0,0.0,0.0,0.0,0,0.0,0.0,0.0,no,DBX2,neutral,no,45640,0.1843339176161262,medium
ENSG00000185614,0.035,0.576,0.0,0.0,0.1545,0.2292273864562971,1.55978726700323,0.5,False,False,0.0,0.0,0.0,0.0,0.0,0.0,0,0.0,0.0,0.0,no,INKA1,neutral,no,10770,0.5130919220055711,short
ENSG00000185633,0.9773,0.8096,0.15,0.0,0.6456,1.6599016605667319e-10,43.65189076553906,8.709230864619118e-10,True,False,0.0,0.0,0.0,0.0,0.0,0.0,0,0.0,0.0,0.0,no,NDUFA4L2,gene-driven,no,8330,0.2539015606242497,short
ENSG00000185634,0.0001,0.0676,0.0,0.0,0.0169,0.5,-0.0017637889104662,0.5,False,False,0.0,0.4076,0.0,0.0,0.0,0.1426,1,0.0,0.0,0.0,no,SHC4,neutral,no,54660,0.27102085620197586,medium
ENSG00000185640,0.1838,0.6705,0.15,0.0,0.3728,0.0082630362063257,8.205631998047465,0.0250611842013807,True,False,0.0,0.0,0.0,0.0,0.0,0.0,0,0.0,0.0,0.0,no,KRT79,gene-driven,no,38310,0.2886713651788045,medium
ENSG00000185652,0.0001,0.2585,0.0,0.0,0.0647,0.5,0.0,0.5,False,False,0.0,0.0,0.0,0.0,0.0,0.0,0,0.0,0.0,0.0,no,NTF3,neutral,no,41880,0.1958691499522445,medium
ENSG00000185662,1.0,0.8337,0.15,0.0,0.6584,2.581213021102258e-12,51.97924278484697,1.550598256879545e-11,True,False,0.0,0.0,0.0,0.0,0.0,0.0,0,0.0,0.0,0.0,no,SMIM23,gene-driven,no,10410,0.3474543707973103,short
ENSG00000185670,0.4837,0.7332,0.15,0.0,0.4784,1.018922323758886e-05,21.60206552207819,3.814010168201122e-05,True,False,0.0,0.0,0.0,0.0,0.0,0.0,0,0.0,0.0,0.0,no,ZBTB3,gene-driven,no,37910,0.286837246109206,medium
ENSG00000185697,0.0293,0.5557,0.0,0.0,0.1477,0.2607504742198266,1.302088371638092,0.5,False,False,0.0,0.0,0.0,0.0,0.0,0.0,0,0.0,0.0,0.0,no,MYBL1,neutral,no,202670,0.13163763753885627,long
ENSG00000185736,0.4579,0.7286,0.15,0.0,0.4695,1.811446718708032e-05,20.4513049326888,6.669234625354368e-05,True,False,0.0,0.4076,0.0,0.0,0.0,0.1426,1,0.0,0.0,0.0,no,ADARB2,gene-driven,no,63300,0.29278041074249606,medium
ENSG00000185742,0.0137,0.4936,0.0,0.0,0.1275,0.3689502258065118,0.6078927057496912,0.5,False,False,0.0,0.4076,0.0,0.0,0.0,0.1426,1,0.0,0.0,0.0,no,C11orf87,neutral,no,30360,0.20135046113306984,short
ENSG00000185774,0.0001,0.2585,0.0,0.0,0.0647,0.5,0.0,0.5,False,False,0.0,0.0,0.0,0.0,0.0,0.0,0,0.0,0.0,0.0,no,KCNIP4,neutral,no,58840,0.23184908225696804,medium
ENSG00000185798,0.6078,0.7553,0.15,0.0,0.5212,6.369206470013822e-07,27.14694716330087,2.601020770266728e-06,True,False,0.0,0.0,0.0,0.0,0.0,0.0,0,0.0,0.0,0.0,no,WDR53,gene-driven,no,32660,0.21775872627066747,short
ENSG00000185860,0.0001,0.048,0.0,0.0,0.012,0.5,-0.0035009057082788,0.5,False,False,0.0,0.0,0.0,0.0,0.0,0.0,0,0.0,0.0,0.0,no,CCDC190,neutral,no,29390,0.2332766247022797,short
ENSG00000185863,0.0029,0.4427,0.0,0.0,0.1116,0.4694298626331149,0.1261783965856011,0.5,False,False,0.0,0.0,0.0,0.0,0.0,0.0,0,0.0,0.0,0.0,no,TMEM210,neutral,no,8540,0.33138173302107726,short
ENSG00000185896,0.17,0.6671,0.15,0.0,0.3678,0.011238232666223,7.590573004945327,0.0337350448290848,True,False,0.0,0.0,0.0,0.0,0.0,0.0,0,0.0,0.0,0.0,no,LAMP1,gene-driven,no,64570,0.21561096484435496,medium
ENSG00000185909,0.0001,0.2585,0.0,0.0,0.0647,0.5,0.0,0.5,False,False,0.0,0.0,0.0,0.0,0.0,0.0,0,0.0,0.0,0.0,no,KLHDC8B,neutral,no,39670,0.30103352659440386,medium
ENSG00000185933,0.0003,0.4077,0.0,0.0,0.102,0.4977553504907564,0.008998812363643,0.5,False,False,0.0,0.0,0.0,0.0,0.0,0.0,0,0.0,0.0,0.0,no,CALHM1,neutral,no,15210,0.43451676528599603,short
ENSG00000185942,0.0001,0.2585,0.0,0.0,0.0647,0.5,0.0,0.5,False,False,0.0,0.4076,0.0,0.0,0.0,0.1426,1,0.0,0.0,0.0,no,NKAIN3,neutral,no,52640,0.15763677811550153,medium
ENSG00000185989,0.0053,0.4578,0.0,0.0,0.116,0.4449771386885149,0.2331703826057492,0.5,False,False,0.0,0.0,0.0,0.0,0.0,0.0,0,0.0,0.0,0.0,no,RASA3,neutral,no,138400,0.24273843930635838,long
ENSG00000186007,1.0,0.9111,0.15,0.0,0.6778,0.0,96.84914059611764,0.0,True,False,0.0,0.0,0.0,0.0,0.0,0.0,0,0.0,0.0,0.0,no,LEMD1,gene-driven,no,44290,0.17755701061187626,medium
ENSG00000186009,0.0285,0.5537,0.0,0.0,0.147,0.2649598939153589,1.270059255118213,0.5,False,False,0.0,0.0,0.0,0.0,0.0,0.0,0,0.0,0.0,0.0,no,ATP4B,neutral,no,21730,0.26783248964565115,short
ENSG00000186038,0.5621,0.7481,0.15,0.0,0.5057,1.768874854479741e-06,25.10403941684854,7.016254805567967e-06,True,False,0.0,0.0,0.0,0.0,0.0,0.0,0,0.0,0.0,0.0,no,HTR3E,gene-driven,no,77360,0.21767063081695967,medium
ENSG00000186073,0.0461,0.5945,0.0,0.0,0.1625,0.1789682454526639,2.054799415862362,0.4411239112396185,False,False,0.0,0.9769,0.0,0.0,0.0,0.3419,4,0.0,0.0,0.0,no,CDIN1,regulation-driven,no,115340,0.11837177041789491,long
ENSG00000186106,0.435,0.7252,0.15,0.0,0.4618,3.021129301006287e-05,19.42829516448546,0.0001098472013392,True,False,0.0,0.0,0.0,0.0,0.0,0.0,0,0.0,0.0,0.0,no,ANKRD46,gene-driven,no,57960,0.1740855762594893,medium
ENSG00000186130,0.0001,0.2585,0.0,0.0,0.0647,0.5,0.0,0.5,False,False,0.0,0.0,0.0,0.0,0.0,0.0,0,0.0,0.0,0.0,no,ZBTB6,neutral,no,12720,0.4047169811320755,short
ENSG00000186166,0.0617,0.6152,0.0,0.0,0.1723,0.1263316898079578,2.751394382748913,0.3281325457466225,False,False,0.0,0.0,0.0,0.0,0.0,0.0,0,0.0,0.0,0.0,no,CENATAC,neutral,no,32720,0.25131418092909535,short
ENSG00000186174,0.0001,0.2585,0.0,0.0,0.0647,0.5,0.0,0.5,False,False,0.0,0.4076,0.0,0.0,0.0,0.1426,1,0.0,0.0,0.0,no,BCL9L,neutral,no,179800,0.28772525027808676,long
ENSG00000186188,0.0286,0.5539,0.0,0.0,0.147,0.2647695181510549,1.271496787323485,0.5,False,False,0.0,0.0,0.0,0.0,0.0,0.0,0,0.0,0.0,0.0,no,FFAR4,neutral,no,41430,0.35592565773594015,medium
ENSG00000186193,0.0561,0.6092,0.0,0.0,0.1691,0.1430977515753777,2.502160248230211,0.3659347351814855,False,False,0.0,0.0,0.0,0.0,0.0,0.0,0,0.0,0.0,0.0,no,SAPCD2,neutral,no,15630,0.4667306461932182,short
ENSG00000186197,0.5224,0.7392,0.15,0.0,0.4915,4.296353573796097e-06,23.32919344123366,1.6463838733483655e-05,True,False,0.0,0.0,0.0,0.0,0.0,0.0,0,0.0,0.0,0.0,no,EDARADD,gene-driven,no,36960,0.23847402597402598,medium
ENSG00000186198,0.0125,0.4867,0.0,0.0,0.1254,0.3794321508326656,0.5518646064774657,0.5,False,False,0.0,0.0,0.0,0.0,0.0,0.0,0,0.0,0.0,0.0,no,SLC51B,neutral,no,7900,0.2721518987341772,short
ENSG00000186231,1.0,0.8181,0.15,0.0,0.6545,4.2033043712308427e-11,46.39883675068268,2.3076419362585224e-10,True,False,0.0,0.0,0.0,0.0,0.0,0.0,0,0.0,0.0,0.0,no,KLHL32,gene-driven,no,155480,0.29974916387959866,long
ENSG00000186265,0.0726,0.623,0.0,0.0,0.1776,0.0989252210187043,3.240487753475463,0.2622889388843473,False,False,0.0,0.0,0.0,0.0,0.0,0.0,0,0.0,0.0,0.0,no,BTLA,neutral,no,26620,0.21611570247933884,short
ENSG00000186318,1.0,0.9698,0.15,0.0,0.6925,0.0,178.4024175963641,0.0,True,False,0.0,0.0,0.0,0.0,0.0,0.0,0,0.0,0.0,0.0,no,BACE1,gene-driven,no,155080,0.1972852721176167,long
ENSG00000186334,0.0019,0.4355,0.0,0.0,0.1094,0.4799226078653502,0.081966482262942,0.5,False,False,0.0,0.0,0.0,0.0,0.0,0.0,0,0.0,0.0,0.0,no,SLC36A3,neutral,no,34230,0.3955010224948875,medium
ENSG00000186350,0.0849,0.6321,0.0,0.0,0.1835,0.0751975889452273,3.7889778591707,0.2041701555569931,False,False,0.0,0.0,0.0,0.0,0.0,0.0,0,0.0,0.0,0.0,no,RXRA,neutral,no,117040,0.2198820915926179,long
ENSG00000186367,0.0137,0.4934,0.0,0.0,0.1274,0.3692839295120636,0.6060845871420497,0.5,False,False,0.0,0.0,0.0,0.0,0.0,0.0,0,0.0,0.0,0.0,no,MINAR2,neutral,no,5820,0.4281786941580756,short
ENSG00000186377,0.0001,0.0018,0.0,0.0,0.0005,0.5,-0.0096603967613191,0.5,False,False,0.0,0.0,0.0,0.0,0.0,0.0,0,0.0,0.0,0.0,no,CYP4X1,neutral,no,124260,0.11802671817157573,long
ENSG00000186442,0.1282,0.6516,0.075,0.0,0.2763,0.0286377194589521,5.719766774764139,0.0821476450915961,False,False,0.0,0.0,0.0,0.0,0.0,0.0,0,0.0,0.0,0.0,no,KRT3,neutral,no,43420,0.3358590511285122,medium
ENSG00000186468,0.4071,0.7185,0.15,0.0,0.4518,5.643364582585964e-05,18.17859567925188,0.0002003575691205,True,False,0.0,0.0,0.0,0.0,0.0,0.0,0,0.0,0.0,0.0,no,RPS23,gene-driven,no,26090,0.13054810272134917,short
ENSG00000186479,1.0,0.8836,0.15,0.0,0.6709,0.0,76.97346969713362,0.0,True,False,0.0,0.0,0.0,0.0,0.0,0.0,0,0.0,0.0,0.0,no,RGS7BP,gene-driven,no,32460,0.18589032655576093,short
ENSG00000186501,0.0102,0.4777,0.0,0.0,0.1225,0.3988921995502058,0.4518337891786359,0.5,False,False,0.0,0.0,0.0,0.0,0.0,0.0,0,0.0,0.0,0.0,no,TMEM222,neutral,no,44930,0.23213888270643224,medium
ENSG00000186583,0.0001,0.2585,0.0,0.0,0.0647,0.5,0.0,0.5,False,False,0.0,0.0,0.0,0.0,0.0,0.0,0,0.0,0.0,0.0,no,SPATC1,neutral,no,55700,0.31978456014362655,medium
ENSG00000186591,0.0001,0.2585,0.0,0.0,0.0647,0.5,0.0,0.5,False,False,0.0,0.0,0.4106,0.0,0.0,0.1437,0,0.9548716762686872,0.0,0.0,no,UBE2H,neutral,no,27430,0.1970470288005833,short
ENSG00000186603,0.0001,0.2585,0.0,0.0,0.0647,0.5,0.0,0.5,False,False,0.0,0.0,0.0,0.0,0.0,0.0,0,0.0,0.0,0.0,no,HPDL,neutral,no,11430,0.6457567804024497,short
ENSG00000186638,0.0001,0.0398,0.0,0.0,0.01,0.5,-0.0042914196383208,0.5,False,False,0.0,0.0,0.0,0.0,0.0,0.0,0,0.0,0.0,0.0,no,KIF24,neutral,no,166980,0.2364115462929692,long
ENSG00000186648,0.0001,0.2585,0.0,0.0,0.0647,0.5,0.0,0.5,False,False,0.0,0.4076,0.0,0.0,0.0,0.1426,1,0.0,0.0,0.0,no,CARMIL3,neutral,no,146140,0.2712467496920761,long
ENSG00000186660,0.0001,0.2585,0.0,0.0,0.0647,0.5,0.0,0.5,False,False,0.0,0.0,0.0,0.0,0.0,0.0,0,0.0,0.0,0.0,no,ZFP91,neutral,no,101770,0.170354721430677,long
ENSG00000186684,0.0004,0.4136,0.0,0.0,0.1035,0.4962777702822694,0.0149446154391625,0.5,False,False,0.0,0.0,0.0,0.0,0.0,0.0,0,0.0,0.0,0.0,no,CYP27C1,neutral,no,39410,0.2032479066226846,medium
ENSG00000186687,0.0001,0.0617,0.0,0.0,0.0155,0.5,-0.0021608841852867,0.5,False,False,0.0,0.0,0.0,0.0,0.0,0.0,0,0.0,0.0,0.0,no,LYRM7,neutral,no,19930,0.1672353236327145,short
ENSG00000186710,0.027,0.548,0.0,0.0,0.1451,0.2742242750412368,1.201323609499013,0.5,False,False,0.0,0.4076,0.0,0.0,0.0,0.1426,1,0.0,0.0,0.0,no,CFAP73,neutral,no,20170,0.32870599900842834,short
ENSG00000186766,0.0032,0.4439,0.0,0.0,0.1119,0.4662068306404691,0.1399574403712904,0.5,False,False,0.0,0.0,0.0,0.0,0.0,0.0,0,0.0,0.0,0.0,no,FOXI2,neutral,no,13970,0.47587687902648534,short
ENSG00000186795,0.0001,0.0846,0.0,0.0,0.0212,0.5,-0.0007756759860058,0.5,False,False,0.0,0.0,0.0,0.0,0.0,0.0,0,0.0,0.0,0.0,no,KCNK18,neutral,no,15550,0.3729903536977492,short
ENSG00000186827,0.0269,0.5476,0.0,0.0,0.145,0.2745780312999422,1.198745221590798,0.5,False,False,0.0,0.0,0.0,0.0,0.0,0.0,0,0.0,0.0,0.0,no,TNFRSF4,neutral,no,109060,0.1399596552356501,long
ENSG00000186854,0.0001,0.2585,0.0,0.0,0.0647,0.5,0.0,0.5,False,False,0.0,0.0,0.0,0.0,0.0,0.0,0,0.0,0.0,0.0,no,TRABD2A,neutral,no,74660,0.29225823734261985,medium
ENSG00000186867,0.0233,0.538,0.0,0.0,0.1415,0.297831434749272,1.036160854257105,0.5,False,False,0.0,0.0,0.0,0.0,0.0,0.0,0,0.0,0.0,0.0,no,QRFPR,neutral,no,35320,0.19215741789354474,medium
ENSG00000186881,0.0001,0.2585,0.0,0.0,0.0647,0.5,0.0,0.5,False,False,0.0,0.0,0.0,0.0,0.0,0.0,0,0.0,0.0,0.0,no,OR13F1,neutral,no,14340,0.29379358437935843,short
ENSG00000186891,1.0,0.8599,0.15,0.0,0.665,4.218847493575595e-15,64.81164528910085,3.0063821537313774e-14,True,False,0.0,0.0,0.0,0.0,0.0,0.0,0,0.0,0.0,0.0,no,TNFRSF18,gene-driven,no,31870,0.30985252588641354,short
ENSG00000186895,0.0001,0.2585,0.0,0.0,0.0647,0.5,0.0,0.5,False,False,0.0,0.0,0.0,0.0,0.0,0.0,0,0.0,0.0,0.0,no,FGF3,neutral,no,10440,0.4362068965517241,short
ENSG00000186907,0.0001,0.0615,0.0,0.0,0.0154,0.5,-0.0021657429533661,0.5,False,False,0.0,0.0,0.0,0.0,0.0,0.0,0,0.0,0.0,0.0,no,RTN4RL2,neutral,no,42840,0.3640756302521008,medium
ENSG00000186908,0.003,0.4429,0.0,0.0,0.1116,0.4691433759716216,0.1273993419890758,0.5,False,False,0.0,0.0,0.0,0.0,0.0,0.0,0,0.0,0.0,0.0,no,ZDHHC17,neutral,no,93850,0.15435269046350558,long
ENSG00000186910,0.0001,0.1062,0.0,0.0,0.0266,0.5,-0.0001338124566245,0.5,False,False,0.0,0.0,0.0,0.0,0.0,0.0,0,0.0,0.0,0.0,no,SERPINA11,neutral,no,20000,0.3412,short
ENSG00000187003,0.0001,0.2585,0.0,0.0,0.0647,0.5,0.0,0.5,False,False,0.0,0.0,0.0,0.0,0.0,0.0,0,0.0,0.0,0.0,no,ACTL7A,neutral,no,13890,0.5362131029517638,short
ENSG00000187024,0.2338,0.6844,0.15,0.0,0.3912,0.0027060771810913,10.43821609385122,0.0085678089743783,True,False,0.0,0.0,0.0,0.0,0.0,0.0,0,0.0,0.0,0.0,no,PTRH1,gene-driven,no,47090,0.23837332767041836,medium
ENSG00000187033,1.0,0.9747,0.15,0.0,0.6937,0.0,193.1268262846206,0.0,True,False,0.0,0.0,0.4734,0.0,0.0,0.1657,0,1.0394250880130478,0.0,0.0,no,SAMD7,gene-driven,no,36990,0.22992700729927007,medium
ENSG00000187048,0.2544,0.689,0.15,0.0,0.3986,0.0017071383332311,11.35957923829119,0.0054853398381729,True,False,0.0,0.0,0.0,0.0,0.0,0.0,0,0.0,0.0,0.0,no,CYP4A11,gene-driven,no,92390,0.18190280333369413,long
ENSG00000187049,1.0,0.8514,0.15,0.0,0.6629,3.2862601528904634e-14,60.70637783728125,2.208899729794211e-13,True,False,0.0,0.0,0.0,0.0,0.0,0.0,0,0.0,0.0,0.0,no,TMEM216,gene-driven,no,16460,0.16974483596597814,short
ENSG00000187054,0.9775,0.8098,0.15,0.0,0.6457,1.654502090886467e-10,43.65840742831642,8.69006694833082e-10,True,False,0.0,0.0,0.0,0.0,0.0,0.0,0,0.0,0.0,0.0,no,TMPRSS11A,gene-driven,no,41180,0.1948761534725595,medium
ENSG00000187068,0.0998,0.6405,0.0,0.0,0.1901,0.0539429181248451,4.453363365532823,0.1499788008680714,False,False,0.0,0.0,0.0,0.0,0.0,0.0,0,0.0,0.0,0.0,no,C3orf70,neutral,no,15840,0.2903409090909091,short
ENSG00000187091,0.0738,0.624,0.0,0.0,0.1781,0.0965040722376552,3.290045782792731,0.2565533165740765,False,False,0.0,0.0,0.0,0.0,0.0,0.0,0,0.0,0.0,0.0,no,PLCD1,neutral,no,156290,0.2947533431441551,long
ENSG00000187094,0.0001,0.1219,0.0,0.0,0.0305,0.5,-1.818989403545856e-12,0.5,False,False,0.0,0.0,0.0,0.0,0.0,0.0,0,0.0,0.0,0.0,no,CCK,neutral,no,12230,0.24946852003270645,short
ENSG00000187098,0.297,0.6994,0.15,0.0,0.414,0.0006593768049343,13.2621364469087,0.0021923397244275,True,False,0.0,0.9527,0.0,0.0,0.0,0.3335,3,0.0,0.0,0.0,no,MITF,dual-driven,no,213600,0.16959737827715357,long
ENSG00000187109,1.0,0.9254,0.15,0.0,0.6814,0.0,110.0128349058068,0.0,True,False,0.0,0.0,0.0,0.0,0.0,0.0,0,0.0,0.0,0.0,no,NAP1L1,gene-driven,no,187140,0.11392005984824195,long
ENSG00000187118,1.0,0.8745,0.15,0.0,0.6686,1.110223024625157e-16,72.33600220984044,8.751583715507972e-16,True,False,0.0,0.4076,0.0,0.0,0.0,0.1426,1,0.0,0.0,0.0,no,CMC1,gene-driven,no,27330,0.1313940724478595,short
ENSG00000187151,0.0001,0.0651,0.0,0.0,0.0163,0.5,-0.0018719175204751,0.5,False,False,0.0,0.0,0.0,0.0,0.0,0.0,0,0.0,0.0,0.0,no,ANGPTL5,neutral,no,37120,0.14321120689655173,medium
ENSG00000187164,1.0,0.8912,0.15,0.0,0.6728,0.0,82.0869473990897,0.0,True,False,0.0,0.0,0.0,0.0,0.0,0.0,0,0.0,0.0,0.0,no,SHTN1,gene-driven,no,174640,0.1581424644983967,long
ENSG00000187186,0.6707,0.7634,0.15,0.0,0.542,1.56472280354869e-07,29.95447956891394,6.606902567785386e-07,True,False,0.0,0.0,0.0,0.0,0.0,0.0,0,0.0,0.0,0.0,no,ENSG00000187186,gene-driven,no,10340,0.22920696324951645,short
ENSG00000187258,0.7594,0.7768,0.15,0.0,0.572,2.1579512732294862e-08,33.9167485509679,9.661250794818598e-08,True,False,0.0,0.4076,0.0,0.0,0.0,0.1426,1,0.0,0.0,0.0,no,NPSR1,gene-driven,no,83320,0.22653624579932788,long
ENSG00000187260,0.5688,0.7491,0.15,0.0,0.5079,1.523907254163959e-06,25.40217155780556,6.068786775189377e-06,True,False,0.0,0.0,0.0,0.0,0.0,0.0,0,0.0,0.0,0.0,no,WDR86,gene-driven,no,83280,0.2164505283381364,long
ENSG00000187288,0.3373,0.7077,0.15,0.0,0.4281,0.0002679600918303,15.06305063822947,0.0009160367675354,True,False,0.0,0.0,0.0,0.0,0.0,0.0,0,0.0,0.0,0.0,no,CIDEC,gene-driven,no,62100,0.20666666666666667,medium
ENSG00000187398,1.0,0.8556,0.15,0.0,0.6639,1.521005543736464e-14,62.24760181281454,1.0522227502844469e-13,True,False,0.0,0.0,0.0,0.0,0.0,0.0,0,0.0,0.0,0.0,no,LUZP2,gene-driven,no,56550,0.15913351016799293,medium
ENSG00000187498,1.0,0.9308,0.15,0.0,0.6827,0.0,114.2502742214274,0.0,True,False,0.0,0.4076,0.0,0.0,0.0,0.1426,1,0.0,0.0,0.0,no,,gene-driven,no,304870,0.18450159084199824,long
ENSG00000187527,0.0001,0.2585,0.0,0.0,0.0647,0.5,0.0,0.5,False,False,0.0,0.4076,0.0,0.0,0.0,0.1426,1,0.0,0.0,0.0,no,ATP13A5,neutral,no,82280,0.23816237238697133,long
ENSG00000187566,0.0001,0.2585,0.0,0.0,0.0647,0.5,0.0,0.5,False,False,0.0,0.0,0.0,0.0,0.0,0.0,0,0.0,0.0,0.0,no,NHLRC1,neutral,no,11850,0.5996624472573839,short
ENSG00000187583,0.2257,0.6821,0.15,0.0,0.3882,0.0032436024635245,10.07584702976601,0.0101982798063027,True,False,0.0,0.0,0.0,0.0,0.0,0.0,0,0.0,0.0,0.0,no,PLEKHN1,gene-driven,no,72840,0.3743135639758374,medium
ENSG00000187605,0.1178,0.6478,0.075,0.0,0.2723,0.0360651460774453,5.258562364266254,0.1023320231541433,False,False,0.0,0.0,0.0,0.0,0.0,0.0,0,0.0,0.0,0.0,no,,neutral,no,335390,0.25901487820149677,long
ENSG00000187616,0.0165,0.5153,0.0,0.0,0.1338,0.3463291636287483,0.7344368712219875,0.5,False,False,0.0,0.0,0.0,0.0,0.0,0.0,0,0.0,0.0,0.0,no,MYMK,neutral,no,12970,0.32220508866615266,short
ENSG00000187642,1.0,0.9821,0.15,0.0,0.6955,0.0,224.2845339917876,0.0,True,False,0.0,0.0,0.0,0.0,0.0,0.0,0,0.0,0.0,0.0,no,PERM1,gene-driven,no,72580,0.2368972168641499,medium
ENSG00000187676,0.0001,0.2585,0.0,0.0,0.0647,0.5,0.0,0.5,False,False,0.0,0.0,0.0,0.0,0.0,0.0,0,0.0,0.0,0.0,no,B3GLCT,neutral,no,115580,0.17537636269250736,long
ENSG00000187713,0.0001,0.2585,0.0,0.0,0.0647,0.5,0.0,0.5,False,False,0.0,0.0,0.0,0.0,0.0,0.0,0,0.0,0.0,0.0,no,TMEM203,neutral,no,4080,0.6127450980392157,short
ENSG00000187715,1.0,0.8175,0.15,0.0,0.6544,4.4763970308281387e-11,46.27294034185979,2.4494608175290607e-10,True,False,0.0,0.0,0.0,0.0,0.0,0.0,0,0.0,0.0,0.0,no,KBTBD12,gene-driven,no,51200,0.181328125,medium
ENSG00000187735,1.0,0.8876,0.15,0.0,0.6719,0.0,79.09259509399271,0.0,True,False,0.0,0.0,0.5556,0.0,0.0,0.1944,0,1.2087730273381814,0.0,0.0,no,TCEA1,gene-driven,no,63680,0.2581972361809045,medium
ENSG00000187736,0.8483,0.7881,0.15,0.0,0.6015,2.963218892482189e-09,37.88768504692416,1.397066423811034e-08,True,False,0.0,0.4076,0.0,0.0,0.0,0.1426,1,0.0,0.0,0.0,no,NHEJ1,gene-driven,no,74640,0.11777867095391212,medium
ENSG00000187778,1.0,0.9107,0.15,0.0,0.6777,0.0,96.71277017138344,0.0,True,False,0.0,0.0,0.0,0.0,0.0,0.0,0,0.0,0.0,0.0,no,MCRS1,gene-driven,no,87280,0.22487396883593033,long
ENSG00000187783,0.0001,0.2585,0.0,0.0,0.0647,0.5,0.0,0.5,False,False,0.0,0.0,0.0,0.0,0.0,0.0,0,0.0,0.0,0.0,no,TMEM72,neutral,no,19800,0.3151010101010101,short
ENSG00000187796,0.8765,0.7917,0.15,0.0,0.6109,1.579135544549359e-09,39.14648214924455,7.574368561801844e-09,True,False,0.0,0.0,0.0,0.0,0.0,0.0,0,0.0,0.0,0.0,no,CARD9,gene-driven,no,54320,0.35417893961708397,medium
ENSG00000187801,0.6988,0.767,0.15,0.0,0.5514,8.353222236134884e-08,31.20977240467619,3.581804086425423e-07,True,False,0.0,0.0,0.0,0.0,0.0,0.0,0,0.0,0.0,0.0,no,ZFP69B,gene-driven,no,111160,0.1310633321338611,long
ENSG00000187806,0.0001,0.2585,0.0,0.0,0.0647,0.5,0.0,0.5,False,False,0.0,0.0,0.0,0.0,0.0,0.0,0,0.0,0.0,0.0,no,TMEM202,neutral,no,25060,0.21165203511572225,short
ENSG00000187821,0.0366,0.5788,0.0,0.0,0.1557,0.2214747407562355,1.628599105184549,0.5,False,False,0.0,0.0,0.0,0.0,0.0,0.0,0,0.0,0.0,0.0,no,HELT,neutral,no,26390,0.28378173550587343,short
ENSG00000187833,0.0135,0.492,0.0,0.0,0.127,0.3706956786444379,0.5984532912007126,0.5,False,False,0.0,0.0,0.0,0.0,0.0,0.0,0,0.0,0.0,0.0,no,C2orf78,neutral,no,44570,0.28386807269463765,medium
ENSG00000187862,0.0001,0.2585,0.0,0.0,0.0647,0.5,0.0,0.5,False,False,0.0,0.0,0.0,0.0,0.0,0.0,0,0.0,0.0,0.0,no,TTC24,neutral,no,56490,0.22088865285891307,medium
ENSG00000187871,0.0387,0.5826,0.0,0.0,0.1573,0.2111532868721036,1.724047501131281,0.5,False,False,0.0,0.4076,0.0,0.0,0.0,0.1426,1,0.0,0.0,0.0,no,GFRAL,neutral,no,24460,0.21766148814390843,short
ENSG00000187889,0.0038,0.4475,0.0,0.0,0.113,0.4599294211083224,0.1670701061593718,0.5,False,False,0.0,0.4076,0.0,0.0,0.0,0.1426,1,0.0,0.0,0.0,no,FYB2,neutral,no,78000,0.20833333333333334,medium
ENSG00000187954,0.0001,0.2585,0.0,0.0,0.0647,0.5,0.0,0.5,False,False,0.0,0.8761,0.0,0.0,0.0,0.3066,2,0.0,0.0,0.0,no,ZFTRAF1,regulation-driven,no,69440,0.23420218894009218,medium
ENSG00000187957,0.0023,0.4385,0.0,0.0,0.1103,0.4760398819333312,0.0982129242474911,0.5,False,False,0.0,0.0,0.0,0.0,0.0,0.0,0,0.0,0.0,0.0,no,DNER,neutral,no,101050,0.24858980702622463,long
ENSG00000188010,0.046,0.5941,0.0,0.0,0.1623,0.1793090447382868,2.050994548540984,0.4415263309545735,False,False,0.0,0.0,0.0,0.0,0.0,0.0,0,0.0,0.0,0.0,no,MORN2,neutral,no,16730,0.13933054393305438,short
ENSG00000188015,0.4558,0.728,0.15,0.0,0.4687,1.90076351296864e-05,20.35504526015711,6.982568473785831e-05,True,False,0.0,0.0,0.0,0.0,0.0,0.0,0,0.0,0.0,0.0,no,S100A3,gene-driven,no,7640,0.2778795811518325,short
ENSG00000188026,0.0001,0.2585,0.0,0.0,0.0647,0.5,0.0,0.5,False,False,0.0,0.0,0.0,0.0,0.0,0.0,0,0.0,0.0,0.0,no,RILPL1,neutral,no,86360,0.24217230199166281,long
ENSG00000188060,0.6193,0.7567,0.15,0.0,0.525,4.92725593437271e-07,27.66033248590793,2.023796120360847e-06,True,False,0.0,0.0,0.0,0.0,0.0,0.0,0,0.0,0.0,0.0,no,RAB42,gene-driven,no,9720,0.4074074074074074,short
ENSG00000188089,0.0034,0.4453,0.0,0.0,0.1124,0.4643482308129848,0.1479466604650952,0.5,False,False,0.0,0.0,0.0,0.0,0.0,0.0,0,0.0,0.0,0.0,no,PLA2G4E,neutral,no,136040,0.16897236107027344,long
ENSG00000188112,0.001,0.4252,0.0,0.0,0.1066,0.4899651311857446,0.0405477413878543,0.5,False,False,0.0,0.0,0.0,0.0,0.0,0.0,0,0.0,0.0,0.0,no,C6orf132,neutral,no,96230,0.2682739270497766,long
ENSG00000188133,0.0001,0.2585,0.0,0.0,0.0647,0.5,0.0,0.5,False,False,0.0,0.4076,0.0,0.0,0.0,0.1426,1,0.0,0.0,0.0,no,TMEM215,neutral,no,7050,0.5846808510638298,short
ENSG00000188175,1.0,0.9276,0.15,0.0,0.6819,0.0,112.1174991550215,0.0,True,False,0.0,0.4076,0.0,0.0,0.0,0.1426,1,0.0,0.0,0.0,no,HEPACAM2,gene-driven,no,81200,0.2248152709359606,long
ENSG00000188177,0.0308,0.5629,0.0,0.0,0.15,0.2518593258712276,1.371474794796086,0.5,False,False,0.0,0.0,0.0,0.0,0.0,0.0,0,0.0,0.0,0.0,no,ZC3H6,neutral,no,184620,0.13117755389448596,long
ENSG00000188191,0.2446,0.6862,0.15,0.0,0.3949,0.0021234910914855,10.92309324583039,0.0067620004411326,True,False,0.0,0.0,0.529,0.0,0.0,0.1851,0,1.151231807745963,0.0,0.0,no,PRKAR1B,gene-driven,no,109790,0.20388924310046452,long
ENSG00000188199,1.0,0.9306,0.15,0.0,0.6827,0.0,114.1173663900627,0.0,True,False,0.0,0.0,0.0,0.0,0.0,0.0,0,0.0,0.0,0.0,no,NUTM2B,gene-driven,no,109340,0.19618620815803914,long
ENSG00000188243,0.0001,0.2585,0.0,0.0,0.0647,0.5,0.0,0.5,False,False,0.0,0.0,0.0,0.0,0.0,0.0,0,0.0,0.0,0.0,no,COMMD6,neutral,no,14350,0.20278745644599303,short
ENSG00000188257,0.0001,0.2585,0.0,0.0,0.0647,0.5,0.0,0.5,False,False,0.0,0.0,0.0,0.0,0.0,0.0,0,0.0,0.0,0.0,no,PLA2G2A,neutral,no,17450,0.1915186246418338,short
ENSG00000188277,0.0001,0.2585,0.0,0.0,0.0647,0.5,0.0,0.5,False,False,0.0,0.0,0.0,0.0,0.0,0.0,0,0.0,0.0,0.0,no,C15orf62,neutral,no,5250,0.6388571428571429,short
ENSG00000188282,0.0001,0.2585,0.0,0.0,0.0647,0.5,0.0,0.5,False,False,0.0,0.0,0.0,0.0,0.0,0.0,0,0.0,0.0,0.0,no,RUFY4,neutral,no,59120,0.33056495263870095,medium
ENSG00000188306,1.0,0.8567,0.15,0.0,0.6642,1.3045120539345591e-14,62.55264944640658,9.087735232871845e-14,True,False,0.0,0.0,0.0,0.0,0.0,0.0,0,0.0,0.0,0.0,no,LRRIQ4,gene-driven,no,34140,0.26104276508494434,medium
ENSG00000188312,0.0001,0.2585,0.0,0.0,0.0647,0.5,0.0,0.5,False,False,0.0,0.0,0.0,0.0,0.0,0.0,0,0.0,0.0,0.0,no,CENPP,neutral,no,23430,0.21224925309432352,short
ENSG00000188342,0.0255,0.5444,0.0,0.0,0.1437,0.2837642681862294,1.132928492988867,0.5,False,False,0.0,0.0,0.0,0.0,0.0,0.0,0,0.0,0.0,0.0,no,GTF2F2,neutral,no,21580,0.23359592215013902,short
ENSG00000188393,0.0133,0.491,0.0,0.0,0.1267,0.3725408208261941,0.5885229609566522,0.5,False,False,0.0,0.0,0.0,0.0,0.0,0.0,0,0.0,0.0,0.0,no,CLEC2A,neutral,no,12320,0.24261363636363636,short
ENSG00000188467,0.0001,0.2585,0.0,0.0,0.0647,0.5,0.0,0.5,False,False,0.0,0.0,0.0,0.0,0.0,0.0,0,0.0,0.0,0.0,no,SLC24A5,neutral,no,49730,0.2082244118238488,medium
ENSG00000188487,0.0001,0.2585,0.0,0.0,0.0647,0.5,0.0,0.5,False,False,0.0,0.0,0.0,0.0,0.0,0.0,0,0.0,0.0,0.0,no,INSC,neutral,no,122830,0.31134901896930717,long
ENSG00000188522,0.4072,0.7187,0.15,0.0,0.4518,5.625745623305534e-05,18.18484957980399,0.0001998747052165,True,False,0.0,0.0,0.0,0.0,0.0,0.0,0,0.0,0.0,0.0,no,FAM83G,gene-driven,no,51642,0.3095348747143798,medium
ENSG00000188523,0.0001,0.2585,0.0,0.0,0.0647,0.5,0.0,0.5,False,False,0.0,0.0,0.0,0.0,0.0,0.0,0,0.0,0.0,0.0,no,CFAP77,neutral,no,31900,0.3686520376175549,short
ENSG00000188529,0.0001,0.0623,0.0,0.0,0.0156,0.5,-0.0021036491052655,0.5,False,False,0.0,0.0,0.0,0.0,0.0,0.0,0,0.0,0.0,0.0,no,SRSF10,neutral,no,57260,0.141023402025847,medium
ENSG00000188610,0.6198,0.7569,0.15,0.0,0.5252,4.878276668174308e-07,27.68031290940598,2.0053345576445463e-06,True,False,0.0,0.0,0.0,0.0,0.0,0.0,0,0.0,0.0,0.0,no,FAM72B,gene-driven,no,26700,0.209812734082397,short
ENSG00000188611,1.0,0.9212,0.15,0.0,0.6803,0.0,105.9002078200429,0.0,True,False,0.0,0.0,0.0,0.0,0.0,0.0,0,0.0,0.0,0.0,no,ASAH2,gene-driven,no,128950,0.22428072896471501,long
ENSG00000188620,0.0011,0.4258,0.0,0.0,0.1068,0.4894390881776992,0.0426961620223664,0.5,False,False,0.0,0.0,0.0,0.0,0.0,0.0,0,0.0,0.0,0.0,no,HMX3,neutral,no,15070,0.47750497677504977,short
ENSG00000188643,0.0316,0.5657,0.0,0.0,0.1509,0.2474033823914029,1.407175933504732,0.5,False,False,0.0,0.0,0.0,0.0,0.0,0.0,0,0.0,0.0,0.0,no,S100A16,neutral,no,14170,0.20331686661961892,short
ENSG00000188676,0.0795,0.6279,0.0,0.0,0.1808,0.0849343832783092,3.545458202450391,0.228112107141636,False,False,0.0,0.0,0.0,0.0,0.0,0.0,0,0.0,0.0,0.0,no,IDO2,neutral,no,71170,0.14739356470422932,medium
ENSG00000188690,0.0168,0.5177,0.0,0.0,0.1345,0.3440639865983625,0.7475609015382361,0.5,False,False,0.0,0.0,0.0,0.0,0.0,0.0,0,0.0,0.0,0.0,no,UROS,neutral,no,95470,0.1358646695296952,long
ENSG00000188716,0.0001,0.029,0.0,0.0,0.0073,0.5,-0.0056914290689746,0.5,False,False,0.0,0.0,0.0,0.0,0.0,0.0,0,0.0,0.0,0.0,no,DUSP29,neutral,no,14380,0.3779554937413074,short
ENSG00000188729,0.0001,0.0388,0.0,0.0,0.0097,0.5,-0.0044326677862045,0.5,False,False,0.0,0.0,0.0,0.0,0.0,0.0,0,0.0,0.0,0.0,no,OSTN,neutral,no,19640,0.18574338085539716,short
ENSG00000188730,0.0118,0.4837,0.0,0.0,0.1245,0.3853193543554596,0.5210712322495965,0.5,False,False,0.0,0.0,0.0,0.0,0.0,0.0,0,0.0,0.0,0.0,no,VWC2,neutral,no,49560,0.17919693301049233,medium
ENSG00000188732,0.1205,0.6494,0.075,0.0,0.2735,0.0339466442696005,5.379636185331037,0.0967625264166149,False,False,0.0,0.0,0.0,0.0,0.0,0.0,0,0.0,0.0,0.0,no,FAM221A,neutral,no,49690,0.27357617226806197,medium
ENSG00000188760,0.0001,0.2585,0.0,0.0,0.0647,0.5,0.0,0.5,False,False,0.0,0.0,0.0,0.0,0.0,0.0,0,0.0,0.0,0.0,no,TMEM198,neutral,no,33720,0.27455516014234876,medium
ENSG00000188761,0.0001,0.0537,0.0,0.0,0.0135,0.5,-0.0029607602937176,0.5,False,False,0.0,0.0,0.0,0.0,0.0,0.0,0,0.0,0.0,0.0,no,BCL2L15,neutral,no,21290,0.21399718177548144,short
ENSG00000188778,0.0522,0.6029,0.0,0.0,0.1664,0.1561335634200919,2.327792563195544,0.3930204172325593,False,False,0.0,0.0,0.0,0.0,0.0,0.0,0,0.0,0.0,0.0,no,ADRB3,neutral,no,15760,0.5353426395939086,short
ENSG00000188779,0.0001,0.2585,0.0,0.0,0.0647,0.5,0.0,0.5,False,False,0.0,0.0,0.0,0.0,0.0,0.0,0,0.0,0.0,0.0,no,SKOR1,neutral,no,178640,0.20459583519928348,long
ENSG00000188782,0.0487,0.5977,0.0,0.0,0.164,0.1690016038526159,2.169399786380382,0.4198871016797759,False,False,0.0,0.0,0.0,0.0,0.0,0.0,0,0.0,0.0,0.0,no,CATSPER4,neutral,no,49330,0.24463815122643423,medium
ENSG00000188783,0.0001,0.2585,0.0,0.0,0.0647,0.5,0.0,0.5,False,False,0.0,0.0,0.0,0.0,0.0,0.0,0,0.0,0.0,0.0,no,PRELP,neutral,no,23030,0.34398610508033,short
ENSG00000188784,0.0001,0.2585,0.0,0.0,0.0647,0.5,0.0,0.5,False,False,0.0,0.0,0.0,0.0,0.0,0.0,0,0.0,0.0,0.0,no,PLA2G2E,neutral,no,6630,0.38009049773755654,short
ENSG00000188786,0.0001,0.2585,0.0,0.0,0.0647,0.5,0.0,0.5,False,False,0.0,0.0,0.0,0.0,0.0,0.0,0,0.0,0.0,0.0,no,MTF1,neutral,no,77010,0.19728606674457863,medium
ENSG00000188800,0.0171,0.5191,0.0,0.0,0.1349,0.3419542333399377,0.759862381867606,0.5,False,False,0.0,0.0,0.0,0.0,0.0,0.0,0,0.0,0.0,0.0,no,TMCO2,neutral,no,7890,0.27921419518377694,short
ENSG00000188811,0.0001,0.0864,0.0,0.0,0.0216,0.5,-0.0007006912419456,0.5,False,False,0.0,0.0,0.0,0.0,0.0,0.0,0,0.0,0.0,0.0,no,NHLRC3,neutral,no,59020,0.1817688919010505,medium
ENSG00000188816,0.0001,0.0231,0.0,0.0,0.0058,0.5,-0.0063343873353005,0.5,False,False,0.0,0.0,0.0,0.0,0.0,0.0,0,0.0,0.0,0.0,no,HMX2,neutral,no,14790,0.37532116294793777,short
ENSG00000188848,0.0001,0.2585,0.0,0.0,0.0647,0.5,0.0,0.5,False,False,0.0,0.4076,0.0,0.0,0.0,0.1426,1,0.0,0.0,0.0,no,BEND4,neutral,no,39370,0.26731013462026926,medium
ENSG00000188909,0.0157,0.5092,0.0,0.0,0.132,0.3531539040633154,0.6954082952697718,0.5,False,False,0.0,0.0,0.0,0.0,0.0,0.0,0,0.0,0.0,0.0,no,BSX,neutral,no,11330,0.3900264783759929,short
ENSG00000188916,0.0001,0.2585,0.0,0.0,0.0647,0.5,0.0,0.5,False,False,0.0,0.4076,0.0,0.0,0.0,0.1426,1,0.0,0.0,0.0,no,INSYN2A,neutral,no,51230,0.2661331251219988,medium
ENSG00000188921,0.0385,0.5824,0.0,0.0,0.1572,0.2119319004320011,1.716686199320975,0.5,False,False,0.0,0.0,0.0,0.0,0.0,0.0,0,0.0,0.0,0.0,no,HACD4,neutral,no,22970,0.1628210709621245,short
ENSG00000188931,0.0134,0.4918,0.0,0.0,0.127,0.3712475723122201,0.595477895069962,0.5,False,False,0.0,0.0,0.0,0.0,0.0,0.0,0,0.0,0.0,0.0,no,CFAP126,neutral,no,5570,0.4779174147217235,short
ENSG00000188959,0.0467,0.5959,0.0,0.0,0.163,0.1766308215669726,2.08109259565208,0.4368780241044862,False,False,0.0,0.0,0.0,0.0,0.0,0.0,0,0.0,0.0,0.0,no,C9orf152,neutral,no,26060,0.1933231005372218,short
ENSG00000188981,0.031,0.5641,0.0,0.0,0.1503,0.2506306485574432,1.381255525357119,0.5,False,False,0.0,0.0,0.0,0.0,0.0,0.0,0,0.0,0.0,0.0,no,MSANTD1,neutral,no,35280,0.33900226757369617,medium
ENSG00000188986,0.0001,0.2585,0.0,0.0,0.0647,0.5,0.0,0.5,False,False,0.0,0.0,0.0,0.0,0.0,0.0,0,0.0,0.0,0.0,no,NELFB,neutral,no,69870,0.2713181623014169,medium
ENSG00000188991,0.1117,0.6452,0.075,0.0,0.2698,0.0413453747197108,4.985295080199649,0.1164506760225605,False,False,0.0,0.4076,0.0,0.0,0.0,0.1426,1,0.0,0.0,0.0,no,SLC15A5,neutral,no,31520,0.22388959390862945,short
ENSG00000188993,1.0,0.9791,0.15,0.0,0.6948,0.0,207.4944456757148,0.0,True,False,0.0,0.0,0.0,0.0,0.0,0.0,0,0.0,0.0,0.0,no,LRRC66,gene-driven,no,89960,0.1761783014673188,long
ENSG00000189007,0.0001,0.2585,0.0,0.3,0.3647,0.5,0.0,0.5,False,True,1.0,0.0,0.0,0.0,0.0,0.0,0,0.0,0.0,0.0,no,ADAT2,gene-driven,no,10590,0.292823418319169,short
ENSG00000189043,0.0001,0.0927,0.0,0.0,0.0232,0.5,-0.0004571483250401,0.5,False,False,0.0,0.0,0.0,0.0,0.0,0.0,0,0.0,0.0,0.0,no,NDUFA4,neutral,no,3260,0.34570552147239264,short
ENSG00000189046,0.0196,0.5281,0.0,0.0,0.1379,0.3233375758923414,0.8718223886680789,0.5,False,False,0.0,0.0,0.0,0.0,0.0,0.0,0,0.0,0.0,0.0,no,ALKBH2,neutral,no,47260,0.18281845112145578,medium
ENSG00000189099,0.0321,0.5688,0.0,0.0,0.1518,0.2447941331886641,1.428381027499199,0.5,False,False,0.0,0.0,0.0,0.0,0.0,0.0,0,0.0,0.0,0.0,no,PRSS48,neutral,no,32900,0.24486322188449847,medium
ENSG00000189143,0.0001,0.2585,0.0,0.0,0.0647,0.5,0.0,0.5,False,False,0.0,0.0,0.0,0.0,0.0,0.0,0,0.0,0.0,0.0,no,CLDN4,neutral,no,18810,0.25885167464114833,short
ENSG00000189167,0.0273,0.5493,0.0,0.0,0.1455,0.2726607281141422,1.212759660427764,0.5,False,False,0.0,0.0,0.0,0.0,0.0,0.0,0,0.0,0.0,0.0,no,ZAR1L,neutral,no,19270,0.3111053450960041,short
ENSG00000189171,0.0001,0.0571,0.0,0.0,0.0143,0.5,-0.0026007411597674,0.5,False,False,0.0,0.0,0.0,0.0,0.0,0.0,0,0.0,0.0,0.0,no,S100A13,neutral,no,14790,0.13975659229208925,short
ENSG00000189180,0.0001,0.2585,0.0,0.0,0.0647,0.5,0.0,0.5,False,False,0.0,0.0,0.0,0.0,0.0,0.0,0,0.0,0.0,0.0,no,ZNF33A,neutral,no,146330,0.1704161826009704,long
ENSG00000189184,0.0403,0.5842,0.0,0.0,0.1582,0.2036049951230998,1.79685255993536,0.4894786107985975,False,False,0.0,0.0,0.0,0.0,0.0,0.0,0,0.0,0.0,0.0,no,PCDH18,neutral,no,146310,0.1439614517121181,long
ENSG00000189227,0.016,0.5119,0.0,0.3,0.4328,0.3504192669127129,0.7109555107358574,0.5,False,True,1.0,0.0,0.0,0.0,0.0,0.0,0,0.0,0.0,0.0,no,C15orf61,gene-driven,no,8360,0.3761961722488038,short
ENSG00000189241,0.0004,0.4099,0.0,0.0,0.1026,0.4972040900583589,0.0112150252716674,0.5,False,False,0.0,0.0,0.0,0.0,0.0,0.0,0,0.0,0.0,0.0,no,TSPYL1,neutral,no,28010,0.32477686540521244,short
ENSG00000189298,0.1635,0.6655,0.15,0.0,0.3654,0.0130114660870847,7.297554246106301,0.0388702896799755,True,False,0.0,0.0,0.0,0.0,0.0,0.0,0,0.0,0.0,0.0,no,ZKSCAN3,gene-driven,no,69840,0.17597365406643758,medium
ENSG00000189308,0.6661,0.7624,0.15,0.0,0.5404,1.733890935273763e-07,29.74916098352696,7.290256561328569e-07,True,False,0.0,0.0,0.0,0.0,0.0,0.0,0,0.0,0.0,0.0,no,LIN54,gene-driven,no,196580,0.1331162885339302,long
ENSG00000189319,0.0001,0.2585,0.0,0.0,0.0647,0.5,0.0,0.5,False,False,0.0,0.0,0.0,0.0,0.0,0.0,0,0.0,0.0,0.0,no,FAM53B,neutral,no,91590,0.24117261709793644,long
ENSG00000189320,1.0,0.8563,0.15,0.0,0.6641,1.360023205165817e-14,62.46965955978612,9.447982433651921e-14,True,False,0.0,0.0,0.0,0.0,0.0,0.0,0,0.0,0.0,0.0,no,FAM180A,gene-driven,no,15590,0.23630532392559334,short
ENSG00000189325,0.006,0.4604,0.0,0.0,0.1169,0.4382820586063177,0.2634908517538861,0.5,False,False,0.0,0.0,0.0,0.0,0.0,0.0,0,0.0,0.0,0.0,no,BNIP5,neutral,no,50080,0.24770367412140576,medium
ENSG00000189339,0.0001,0.2585,0.0,0.0,0.0647,0.5,0.0,0.5,False,False,0.0,0.0,0.0,0.0,0.0,0.0,0,0.0,0.0,0.0,no,SLC35E2B,neutral,no,54340,0.21369157158630842,medium
ENSG00000189350,0.0026,0.4407,0.0,0.0,0.111,0.4724599394480335,0.1133102786334348,0.5,False,False,0.0,0.0,0.6594,0.4776,0.8817,0.4347,0,1.5379294794143663,0.173,773.7,yes,TOGARAM2,regulation-driven,no,179570,0.14657236732193574,long
ENSG00000189376,0.0001,0.0734,0.0,0.0,0.0184,0.5,-0.0013044613806414,0.5,False,False,0.0,0.0,0.0,0.0,0.0,0.0,0,0.0,0.0,0.0,no,C8orf76,neutral,no,42760,0.21176333021515434,medium
ENSG00000189410,0.0001,0.0141,0.0,0.0,0.0036,0.5,-0.0076094026808277,0.5,False,False,0.0,0.0,0.0,0.0,0.0,0.0,0,0.0,0.0,0.0,no,SH2D5,neutral,no,42840,0.2938141923436041,medium
ENSG00000189433,0.0001,0.2585,0.0,0.0,0.0647,0.5,0.0,0.5,False,False,0.0,0.0,0.0,0.0,0.0,0.0,0,0.0,0.0,0.0,no,GJB4,neutral,no,7980,0.6067669172932331,short
ENSG00000196116,0.0001,0.2585,0.0,0.0,0.0647,0.5,0.0,0.5,False,False,0.0,0.0,0.0,0.0,0.0,0.0,0,0.0,0.0,0.0,no,TDRD7,neutral,no,88660,0.18779607489284908,long
ENSG00000196151,0.49,0.7344,0.15,0.0,0.4806,8.850411064575958e-06,21.88379894308309,3.3299504262632993e-05,True,False,0.0,0.0,0.0,0.0,0.0,0.0,0,0.0,0.0,0.0,no,WDSUB1,gene-driven,no,101100,0.21484668644906033,long
ENSG00000196152,0.0001,0.2585,0.0,0.0,0.0647,0.5,0.0,0.5,False,False,0.0,0.0,0.0,0.0,0.0,0.0,0,0.0,0.0,0.0,no,ZNF79,neutral,no,73760,0.15738882863340564,medium
ENSG00000196154,1.0,0.838,0.15,0.0,0.6595,9.323097849289752e-13,54.01597061144639,5.746355477368925e-12,True,False,0.0,0.0,0.0,0.0,0.0,0.0,0,0.0,0.0,0.0,no,S100A4,gene-driven,no,13430,0.16492926284437825,short
ENSG00000196177,0.0001,0.2585,0.0,0.0,0.0647,0.5,0.0,0.5,False,False,0.0,0.0,0.0,0.0,0.0,0.0,0,0.0,0.0,0.0,no,ACADSB,neutral,no,57650,0.1768256721595837,medium
ENSG00000196182,0.4088,0.7193,0.15,0.0,0.4525,5.431691554208529e-05,18.25505535783304,0.0001933946584869,True,False,0.0,0.0,0.0,0.0,0.0,0.0,0,0.0,0.0,0.0,no,STK40,gene-driven,no,71100,0.23419127988748242,medium
ENSG00000196189,1.0,0.8516,0.15,0.0,0.6629,2.86992651865603e-14,60.97826946510031,1.931666373991217e-13,True,False,0.0,0.0,0.0,0.0,0.0,0.0,0,0.0,0.0,0.0,no,SEMA4A,gene-driven,no,138000,0.22144202898550724,long
ENSG00000196199,0.0001,0.2585,0.0,0.0,0.0647,0.5,0.0,0.5,False,False,0.0,0.0,0.0,0.0,0.0,0.0,0,0.0,0.0,0.0,no,MPHOSPH8,neutral,no,61420,0.21496255291436014,medium
ENSG00000196220,0.0001,0.2585,0.0,0.0,0.0647,0.5,0.0,0.5,False,False,0.0,0.0,0.0,0.0,0.0,0.0,0,0.0,0.0,0.0,no,,neutral,no,316630,0.1995862678836497,long
ENSG00000196230,1.0,0.9222,0.15,0.0,0.6805,0.0,107.3591177382405,0.0,True,False,0.0,0.0,0.0,0.0,0.0,0.0,0,0.0,0.0,0.0,no,TUBB,gene-driven,no,132070,0.15266146740364958,long
ENSG00000196247,0.5818,0.7523,0.15,0.0,0.5126,1.137957518715371e-06,25.9862567444361,4.590592618078066e-06,True,False,0.0,0.0,0.0,0.0,0.0,0.0,0,0.0,0.0,0.0,no,ZNF107,gene-driven,no,158570,0.1524563284353913,long
ENSG00000196260,1.0,0.8858,0.15,0.0,0.6715,0.0,78.08310457797052,0.0,True,False,0.0,0.0,0.0,0.0,0.0,0.0,0,0.0,0.0,0.0,no,SFTA2,gene-driven,no,4930,0.2663286004056795,short
ENSG00000196277,1.0,0.8478,0.15,0.0,0.662,8.548717289613705e-14,58.79434374840639,5.609672796640972e-13,True,False,0.0,0.8761,0.0,0.0,0.0,0.3066,2,0.0,0.0,0.0,no,GRM7,gene-driven (dual),no,236740,0.17070626003210274,long
ENSG00000196284,0.0144,0.5014,0.0,0.0,0.1297,0.3629863016220916,0.6404860028560506,0.5,False,False,0.0,0.4076,0.0,0.0,0.0,0.1426,1,0.0,0.0,0.0,no,SUPT3H,neutral,no,52930,0.22034762894388815,medium
ENSG00000196329,1.0,0.9244,0.15,0.0,0.6811,0.0,109.2705591293598,0.0,True,False,0.0,0.0,0.0,0.0,0.0,0.0,0,0.0,0.0,0.0,no,GIMAP5,gene-driven,no,43350,0.2136562860438293,medium
ENSG00000196345,0.7524,0.7758,0.15,0.0,0.5697,2.5215483923091142e-08,33.60532081656856,1.1238514071098147e-07,True,False,0.0,0.0,0.0,0.0,0.0,0.0,0,0.0,0.0,0.0,no,ZKSCAN7,gene-driven,no,117120,0.20927254098360656,long
ENSG00000196353,1.0,0.8267,0.15,0.0,0.6567,1.053140907814054e-11,49.16701919811021,6.069899044573702e-11,True,False,0.0,0.0,0.8913,0.0448,0.9467,0.4607,0,3.248022263974287,0.024,1403.7,yes,CPNE4,gene-driven (dual),no,117640,0.1615776946616797,long
ENSG00000196358,0.0008,0.4208,0.0,0.0,0.1054,0.4920582824374246,0.0320218574124737,0.5,False,False,0.0,0.0,0.0,0.0,0.0,0.0,0,0.0,0.0,0.0,no,NTNG2,neutral,no,91130,0.24111708548227806,long
ENSG00000196372,0.8639,0.7905,0.15,0.0,0.6068,2.088049899651168e-09,38.58777618986642,9.957775839755424e-09,True,False,0.0,0.0,0.0,0.0,0.0,0.0,0,0.0,0.0,0.0,no,ASB13,gene-driven,no,45030,0.24676882078614257,medium
ENSG00000196376,0.0001,0.2585,0.0,0.0,0.0647,0.5,0.0,0.5,False,False,0.0,0.0,0.0,0.0,0.0,0.0,0,0.0,0.0,0.0,no,SLC35F1,neutral,no,45730,0.2446971353597201,medium
ENSG00000196378,0.0001,0.2585,0.0,0.0,0.0647,0.5,0.0,0.5,False,False,0.0,0.0,0.0,0.0,0.0,0.0,0,0.0,0.0,0.0,no,ZNF34,neutral,no,47410,0.22682978274625606,medium
ENSG00000196387,1.0,0.9031,0.15,0.0,0.6758,0.0,89.58858664656873,0.0,True,False,0.0,0.4076,0.0,0.0,0.0,0.1426,1,0.0,0.0,0.0,no,ZNF140,gene-driven,no,58250,0.15426609442060085,medium
ENSG00000196408,1.0,0.8581,0.15,0.0,0.6645,8.049116928532385e-15,63.52042073911798,5.66284407390666e-14,True,False,0.0,0.0,0.0,0.0,0.0,0.0,0,0.0,0.0,0.0,no,NOXO1,gene-driven,no,44487,0.2565693348618698,medium
ENSG00000196420,1.0,0.816,0.15,0.0,0.654,5.917322187798389e-11,45.71481008559704,3.2131834674791696e-10,True,False,0.0,0.0,0.0,0.0,0.0,0.0,0,0.0,0.0,0.0,no,S100A5,gene-driven,no,5690,0.2729349736379613,short
ENSG00000196449,0.0001,0.0189,0.0,0.0,0.0048,0.5,-0.0069822765499338,0.5,False,False,0.0,0.0,0.0,0.0,0.0,0.0,0,0.0,0.0,0.0,no,YRDC,neutral,no,19370,0.297212183789365,short
ENSG00000196453,0.0001,0.2585,0.0,0.0,0.0647,0.5,0.0,0.5,False,False,0.0,0.0,0.0,0.0,0.0,0.0,0,0.0,0.0,0.0,no,ZNF777,neutral,no,63420,0.26986754966887416,medium
ENSG00000196458,0.0001,0.2585,0.0,0.0,0.0647,0.5,0.0,0.5,False,False,0.0,0.0,0.0,0.0,0.0,0.0,0,0.0,0.0,0.0,no,ZNF605,neutral,no,95890,0.18338721451663365,long
ENSG00000196465,1.0,0.931,0.15,0.0,0.6828,0.0,114.5241279524016,0.0,True,False,0.0,0.0,0.0,0.0,0.0,0.0,0,0.0,0.0,0.0,no,MYL6B,gene-driven,no,48420,0.17606361007847995,medium
ENSG00000196482,0.002,0.4359,0.0,0.0,0.1096,0.4795469609075603,0.0835325432999525,0.5,False,False,0.0,0.9527,0.8261,0.0,0.9882,0.7708,3,2.4291290610631724,0.0,2637.2,yes,ESRRG,regulation-driven,no,236800,0.15227618243243243,long
ENSG00000196503,1.0,0.8788,0.15,0.0,0.6697,5.551115123125783e-17,73.72487691840615,4.453426874585104e-16,True,False,0.0,0.0,0.0,0.0,0.0,0.0,0,0.0,0.0,0.0,no,ARL9,gene-driven,no,10614,0.2765215752779348,short
ENSG00000196504,0.6702,0.7632,0.15,0.0,0.5419,1.580089429853437e-07,29.93493404754554,6.666127925437656e-07,True,False,0.0,0.0,0.0,0.0,0.0,0.0,0,0.0,0.0,0.0,no,PRPF40A,gene-driven,no,245560,0.15386870825867405,long
ENSG00000196505,1.0,0.971,0.15,0.0,0.6928,0.0,180.9859882757519,0.0,True,False,0.0,0.0,0.3696,0.0,0.0,0.1293,0,0.9052182946076036,0.0,0.0,no,GDAP2,gene-driven,no,52390,0.1812177896545142,medium
ENSG00000196526,0.0001,0.2585,0.0,0.0,0.0647,0.5,0.0,0.5,False,False,0.0,0.0,0.0,0.0,0.0,0.0,0,0.0,0.0,0.0,no,AFAP1,neutral,no,106780,0.2866173440719236,long
ENSG00000196547,1.0,0.9883,0.15,0.0,0.6971,0.0,273.4086748330446,0.0,True,False,0.0,0.0,0.0,0.0,0.0,0.0,0,0.0,0.0,0.0,no,MAN2A2,gene-driven,no,231480,0.1953343701399689,long
ENSG00000196581,0.1776,0.6693,0.15,0.0,0.3706,0.0094888801142083,7.928974999496859,0.0286741735650499,True,False,0.0,0.0,0.0,0.0,0.0,0.0,0,0.0,0.0,0.0,no,AJAP1,gene-driven,no,55020,0.27797164667393676,medium
ENSG00000196584,1.0,0.8683,0.15,0.0,0.6671,4.996003610813204e-16,69.17578616195897,3.782362551017485e-15,True,False,0.0,0.0,0.0,0.0,0.0,0.0,0,0.0,0.0,0.0,no,XRCC2,gene-driven,no,22990,0.19478033927794694,short
ENSG00000196611,0.0408,0.5854,0.0,0.0,0.1586,0.2012826733409413,1.819795686438738,0.48530296519527,False,False,0.0,0.0,0.0,0.0,0.0,0.0,0,0.0,0.0,0.0,no,MMP1,neutral,no,23950,0.2660542797494781,short
ENSG00000196652,0.0001,0.2585,0.0,0.0,0.0647,0.5,0.0,0.5,False,False,0.0,0.0,0.6691,0.0,0.0,0.2342,0,1.572090839355812,0.0,0.0,no,ZKSCAN5,neutral,no,122740,0.15132801042854815,long
ENSG00000196653,0.0081,0.4694,0.0,0.0,0.1198,0.4186282004967437,0.3552498441349599,0.5,False,False,0.0,0.0,0.0,0.0,0.0,0.0,0,0.0,0.0,0.0,no,ZNF502,neutral,no,96560,0.11379453189726595,long
ENSG00000196655,0.2686,0.6924,0.15,0.0,0.4037,0.0012434978255487,11.99335972573681,0.0040399465606004,True,False,0.0,0.0,0.0,0.0,0.0,0.0,0,0.0,0.0,0.0,no,TRAPPC4,gene-driven,no,49250,0.1881015228426396,medium
ENSG00000196660,0.0102,0.4771,0.0,0.0,0.1223,0.3993329928594896,0.4496249220155732,0.5,False,False,0.0,0.0,0.0,0.0,0.0,0.0,0,0.0,0.0,0.0,no,SLC30A10,neutral,no,40340,0.25991571641051064,medium
ENSG00000196663,0.0458,0.5939,0.0,0.0,0.1622,0.180121906073879,2.041948441416025,0.4433084417671817,False,False,0.0,0.0,0.0,0.0,0.0,0.0,0,0.0,0.0,0.0,no,TECPR2,neutral,no,214660,0.1966039317991242,long
ENSG00000196666,0.0294,0.5563,0.0,0.0,0.1479,0.2598225558719423,1.309218355535904,0.5,False,False,0.0,0.0,0.0,0.0,0.0,0.0,0,0.0,0.0,0.0,no,FAM180B,neutral,no,9510,0.39852786540483703,short
ENSG00000196711,0.0001,0.0965,0.0,0.0,0.0242,0.5,-0.0003674670133477,0.5,False,False,0.0,0.0,0.0,0.0,0.0,0.0,0,0.0,0.0,0.0,no,ALKAL1,neutral,no,10600,0.359811320754717,short
ENSG00000196715,0.2298,0.684,0.15,0.0,0.3899,0.0029580407881206,10.26016189038637,0.009351075622086,True,False,0.0,0.0,0.0,0.0,0.0,0.0,0,0.0,0.0,0.0,no,VKORC1L1,gene-driven,no,36070,0.1818131411144996,medium
ENSG00000196754,0.0766,0.6261,0.0,0.0,0.1795,0.0905262970955352,3.417935428097735,0.2419547564498616,False,False,0.0,0.0,0.0,0.0,0.0,0.0,0,0.0,0.0,0.0,no,S100A2,neutral,no,18440,0.17885032537960954,short
ENSG00000196776,0.0803,0.6285,0.0,0.0,0.1812,0.0833983377351171,3.581959440460196,0.2243500983745119,False,False,0.0,0.4076,0.0,0.0,0.0,0.1426,1,0.0,0.0,0.0,no,CD47,neutral,no,138740,0.12325933400605449,long
ENSG00000196781,1.0,0.9198,0.15,0.0,0.6799,0.0,104.8268312146829,0.0,True,False,0.0,0.0,0.0,0.0,0.0,0.0,0,0.0,0.0,0.0,no,TLE1,gene-driven,no,223970,0.1789391436353083,long
ENSG00000196811,0.0172,0.5199,0.0,0.0,0.1351,0.3413545776441484,0.7633726884232601,0.5,False,False,0.0,0.0,0.0,0.0,0.0,0.0,0,0.0,0.0,0.0,no,CHRNG,neutral,no,29460,0.5521724372029871,short
ENSG00000196812,0.0001,0.0515,0.0,0.0,0.0129,0.5,-0.00313333896338,0.5,False,False,0.0,0.0,0.0,0.0,0.0,0.0,0,0.0,0.0,0.0,no,ZSCAN16,neutral,no,21330,0.2519924988279419,short
ENSG00000196821,0.027,0.5478,0.0,0.0,0.1451,0.274422677184911,1.199877126280626,0.5,False,False,0.0,0.0,0.0,0.0,0.0,0.0,0,0.0,0.0,0.0,no,ILRUN,neutral,no,71010,0.18908604421912406,medium
ENSG00000196843,0.0001,0.2585,0.0,0.0,0.0647,0.5,0.0,0.5,False,False,0.0,0.0,0.0,0.0,0.0,0.0,0,0.0,0.0,0.0,no,ARID5A,neutral,no,76530,0.28748203318959886,medium
ENSG00000196844,0.0001,0.2585,0.0,0.0,0.0647,0.5,0.0,0.5,False,False,0.0,0.0,0.0,0.0,0.0,0.0,0,0.0,0.0,0.0,no,PATE2,neutral,no,9910,0.2055499495459132,short
ENSG00000196850,0.0308,0.5631,0.0,0.0,0.15,0.2516365010468791,1.373245016728106,0.5,False,False,0.0,0.8761,0.0,0.0,0.0,0.3066,2,0.0,0.0,0.0,no,PPTC7,regulation-driven,no,18750,0.27472,short
ENSG00000196865,0.0008,0.421,0.0,0.0,0.1055,0.4919901642877094,0.0322987468280189,0.5,False,False,0.0,0.0,0.0,0.0,0.0,0.0,0,0.0,0.0,0.0,no,NHLRC2,neutral,no,71360,0.1742012331838565,medium
ENSG00000196890,0.0001,0.2585,0.0,0.0,0.0647,0.5,0.0,0.5,False,False,0.0,0.4076,0.0,0.0,0.0,0.1426,1,0.0,0.0,0.0,no,H2BC26,neutral,no,9000,0.30866666666666664,short
ENSG00000196911,0.3993,0.7169,0.15,0.0,0.449,6.70714741048406e-05,17.83320909796748,0.0002367732520918,True,False,0.0,0.0,0.0,0.0,0.0,0.0,0,0.0,0.0,0.0,no,KPNA5,gene-driven,no,90370,0.16015270554387517,long
ENSG00000196923,0.0001,0.0756,0.0,0.0,0.0189,0.5,-0.0012235292815603,0.5,False,False,0.0,0.0,0.0,0.0,0.0,0.0,0,0.0,0.0,0.0,no,PDLIM7,neutral,no,101610,0.2626808385001476,long
ENSG00000196932,1.0,0.8432,0.15,0.0,0.6608,2.554623179662485e-13,56.60521067337322,1.6269776819002818e-12,True,False,0.0,0.0,0.0,0.0,0.0,0.0,0,0.0,0.0,0.0,no,TMEM26,gene-driven,no,40890,0.18542430912203473,medium
ENSG00000196950,0.0591,0.613,0.0,0.0,0.171,0.1337563541162836,2.637176412441477,0.3454330765183772,False,False,0.0,0.0,0.0,0.0,0.0,0.0,0,0.0,0.0,0.0,no,SLC39A10,neutral,no,156200,0.15318181818181817,long
ENSG00000196968,0.0729,0.6232,0.0,0.0,0.1777,0.0983783910211711,3.251573843423103,0.2609781957009627,False,False,0.0,0.0,0.0,0.0,0.0,0.0,0,0.0,0.0,0.0,no,FUT11,neutral,no,40200,0.3785820895522388,medium
ENSG00000196981,0.0001,0.1072,0.0,0.0,0.0268,0.5,-0.0001014247254715,0.5,False,False,0.0,0.0,0.0,0.0,0.0,0.0,0,0.0,0.0,0.0,no,WDR5B,neutral,no,9900,0.4107070707070707,short
ENSG00000196990,0.8527,0.7887,0.15,0.0,0.603,2.686366129545092e-09,38.08385851417006,1.2701506776005027e-08,True,False,0.0,0.0,0.0,0.0,0.0,0.0,0,0.0,0.0,0.0,no,FAM163B,gene-driven,no,9960,0.3678714859437751,short
ENSG00000197024,1.0,0.8715,0.15,0.0,0.6679,2.220446049250313e-16,70.84154170061083,1.7176514228570853e-15,True,False,0.0,0.0,0.0,0.0,0.0,0.0,0,0.0,0.0,0.0,no,ZNF398,gene-driven,no,99200,0.17766129032258066,long
ENSG00000197037,0.0001,0.2585,0.0,0.0,0.0647,0.5,0.0,0.5,False,False,0.0,0.0,0.0,0.0,0.0,0.0,0,0.0,0.0,0.0,no,ZSCAN25,neutral,no,68380,0.28296285463585846,medium
ENSG00000197045,0.5529,0.7459,0.15,0.0,0.5023,2.172311100501201e-06,24.69314350674995,8.536664426783216e-06,True,False,0.0,0.0,0.0,0.0,0.0,0.0,0,0.0,0.0,0.0,no,GMFB,gene-driven,no,21700,0.17585253456221198,short
ENSG00000197057,0.0001,0.2585,0.0,0.0,0.0647,0.5,0.0,0.5,False,False,0.0,0.0,0.0,0.0,0.0,0.0,0,0.0,0.0,0.0,no,DTHD1,neutral,no,148480,0.14402613146551724,long
ENSG00000197106,0.0001,0.2585,0.0,0.0,0.0647,0.5,0.0,0.5,False,False,0.0,0.0,0.3599,0.0,0.0,0.126,0,0.8956388848360536,0.0,0.0,no,SLC6A17,neutral,no,84850,0.2097466116676488,long
ENSG00000197136,0.0357,0.5772,0.0,0.0,0.155,0.2258645967385404,1.589344816224184,0.5,False,False,0.0,0.0,0.0,0.0,0.0,0.0,0,0.0,0.0,0.0,no,,neutral,no,300630,0.20375544689485414,long
ENSG00000197142,1.0,0.96,0.15,0.0,0.69,0.0,152.642982841644,0.0,True,False,0.0,0.0,0.0,0.0,0.0,0.0,0,0.0,0.0,0.0,no,ACSL5,gene-driven,no,151830,0.23348481854705921,long
ENSG00000197168,0.0534,0.6043,0.0,0.0,0.1671,0.1519984021735685,2.381476179056335,0.3839715857853376,False,False,0.0,0.0,0.0,0.0,0.0,0.0,0,0.0,0.0,0.0,no,NEK5,neutral,no,132670,0.10735659908042511,long
ENSG00000197181,0.0001,0.2585,0.0,0.0,0.0647,0.5,0.0,0.5,False,False,0.0,0.0,0.0,0.0,0.0,0.0,0,0.0,0.0,0.0,no,PIWIL2,neutral,no,132370,0.21254060587746468,long
ENSG00000197191,0.0224,0.5348,0.0,0.0,0.1404,0.3039652513439081,0.9953894166110332,0.5,False,False,0.0,0.0,0.0,0.0,0.0,0.0,0,0.0,0.0,0.0,no,CYSRT1,neutral,no,7090,0.4860366713681241,short
ENSG00000197208,0.0152,0.5066,0.0,0.0,0.1312,0.356532627563955,0.676364681632549,0.5,False,False,0.0,0.0,0.0,0.0,0.0,0.0,0,0.0,0.0,0.0,no,SLC22A4,neutral,no,39550,0.23671302149178255,medium
ENSG00000197241,0.0001,0.2585,0.0,0.0,0.0647,0.5,0.0,0.5,False,False,0.0,0.0,0.0,0.0,0.0,0.0,0,0.0,0.0,0.0,no,SLC2A7,neutral,no,32110,0.3046714419184055,short
ENSG00000197273,0.028,0.5519,0.0,0.0,0.1464,0.2682009745869924,1.245742987458925,0.5,False,False,0.0,0.0,0.0,0.0,0.0,0.0,0,0.0,0.0,0.0,no,GUCA2A,neutral,no,5120,0.3953125,short
ENSG00000197279,1.0,0.8353,0.15,0.0,0.6588,1.736277788211282e-12,52.77223721435439,1.0532006973857215e-11,True,False,0.0,0.0,0.0,0.0,0.0,0.0,0,0.0,0.0,0.0,no,ZNF165,gene-driven,no,30060,0.23918829008649367,short
ENSG00000197299,0.6609,0.7614,0.15,0.0,0.5386,1.945366254751946e-07,29.5189964104211,8.144993056511935e-07,True,False,0.0,0.0,0.0,0.0,0.0,0.0,0,0.0,0.0,0.0,no,,gene-driven,no,278595,0.13222419641414956,long
ENSG00000197329,0.0001,0.2585,0.0,0.0,0.0647,0.5,0.0,0.5,False,False,0.0,0.0,0.401,0.4328,0.8876,0.3384,0,0.9478126569535904,0.163,794.3,yes,PELI1,regulation-driven,no,49420,0.15542290570619183,medium
ENSG00000197345,1.0,0.9061,0.15,0.0,0.6765,0.0,92.7153137806672,0.0,True,False,0.0,0.0,0.0,0.0,0.0,0.0,0,0.0,0.0,0.0,no,MRPL21,gene-driven,no,25500,0.25070588235294117,short
ENSG00000197353,0.0109,0.4795,0.0,0.0,0.1231,0.3931020312262272,0.481077797587659,0.5,False,False,0.0,0.0,0.0,0.0,0.0,0.0,0,0.0,0.0,0.0,no,LYPD2,neutral,no,7310,0.35964432284541725,short
ENSG00000197355,0.1581,0.6632,0.15,0.0,0.3632,0.0146677856094295,7.057908929164114,0.0435307670771493,True,False,0.0,0.0,0.0,0.0,0.0,0.0,0,0.0,0.0,0.0,no,UAP1L1,gene-driven,no,46770,0.2915971776779987,medium
ENSG00000197361,0.0052,0.4562,0.0,0.0,0.1156,0.4461815760424367,0.2277642161516269,0.5,False,False,0.0,0.0,0.0,0.0,0.0,0.0,0,0.0,0.0,0.0,no,FBXL22,neutral,no,24530,0.36710150835711375,short
ENSG00000197362,0.1185,0.6484,0.075,0.0,0.2726,0.0355320895627899,5.288343757893017,0.1009923505630384,False,False,0.0,0.0,0.0,0.0,0.0,0.0,0,0.0,0.0,0.0,no,ZNF786,neutral,no,79450,0.27851478917558214,long
ENSG00000197375,0.0001,0.2585,0.0,0.0,0.0647,0.5,0.0,0.5,False,False,0.0,0.0,0.0,0.0,0.0,0.0,0,0.0,0.0,0.0,no,SLC22A5,neutral,no,141650,0.16067066713731026,long
ENSG00000197429,0.0001,0.2585,0.0,0.0,0.0647,0.5,0.0,0.5,False,False,0.0,0.0,0.0,0.0,0.0,0.0,0,0.0,0.0,0.0,no,IPP,neutral,no,86340,0.15350938151494092,long
ENSG00000197430,0.0001,0.2585,0.0,0.0,0.0647,0.5,0.0,0.5,False,False,0.0,0.0,0.0,0.0,0.0,0.0,0,0.0,0.0,0.0,no,OPALIN,neutral,no,37130,0.20929167788849987,medium
ENSG00000197442,0.009,0.4731,0.0,0.0,0.121,0.4101119080337166,0.3963560590636916,0.5,False,False,0.0,0.0,0.0,0.0,0.0,0.0,0,0.0,0.0,0.0,no,MAP3K5,neutral,no,251190,0.18026991520363073,long
ENSG00000197444,0.0001,0.2585,0.0,0.0,0.0647,0.5,0.0,0.5,False,False,0.0,0.0,0.0,0.0,0.0,0.0,0,0.0,0.0,0.0,no,OGDHL,neutral,no,178220,0.2883178094489956,long
ENSG00000197451,0.0001,0.2585,0.0,0.0,0.0647,0.5,0.0,0.5,False,False,0.0,0.0,0.0,0.0,0.0,0.0,0,0.0,0.0,0.0,no,HNRNPAB,neutral,no,66740,0.1889721306562781,medium
ENSG00000197506,0.0262,0.5456,0.0,0.0,0.1443,0.2793942733689621,1.163968295884843,0.5,False,False,0.0,0.0,0.0,0.0,0.0,0.0,0,0.0,0.0,0.0,no,SLC28A3,neutral,no,53820,0.2339836492010405,medium
ENSG00000197557,0.0865,0.6335,0.0,0.0,0.1843,0.0725278837124316,3.861274014531773,0.1977816302552823,False,False,0.0,0.0,0.0,0.0,0.0,0.0,0,0.0,0.0,0.0,no,IFT70A,neutral,no,20170,0.48562221120475957,short
ENSG00000197579,0.0001,0.0376,0.0,0.0,0.0094,0.5,-0.0046566912860726,0.5,False,False,0.0,0.0,0.0,0.0,0.0,0.0,0,0.0,0.0,0.0,no,TOPORS,neutral,no,147120,0.19746465470364327,long
ENSG00000197587,0.0001,0.1057,0.0,0.0,0.0265,0.5,-0.0001433462857676,0.5,False,False,0.0,0.0,0.0,0.0,0.0,0.0,0,0.0,0.0,0.0,no,DMBX1,neutral,no,18490,0.3935100054083288,short
ENSG00000197599,0.0308,0.5625,0.0,0.0,0.1499,0.2521755885118627,1.368964947378117,0.5,False,False,0.0,0.0,0.0,0.0,0.0,0.0,0,0.0,0.0,0.0,no,CCDC154,neutral,no,45855,0.35775815069239997,medium
ENSG00000197622,0.0135,0.4922,0.0,0.0,0.1271,0.3705979506295723,0.598980628879417,0.5,False,False,0.0,0.0,0.0,0.0,0.0,0.0,0,0.0,0.0,0.0,no,CDC42SE1,neutral,no,8270,0.19334945586457072,short
ENSG00000197629,0.0001,0.2585,0.0,0.0,0.0647,0.5,0.0,0.5,False,False,0.0,0.0,0.0,0.0,0.0,0.0,0,0.0,0.0,0.0,no,MPEG1,neutral,no,90870,0.16391548365797293,long
ENSG00000197635,1.0,0.9461,0.15,0.0,0.6865,0.0,130.3401195363549,0.0,True,False,0.0,0.0,0.0,0.0,0.0,0.0,0,0.0,0.0,0.0,no,DPP4,gene-driven,no,160840,0.15177816463566277,long
ENSG00000197646,0.0311,0.5645,0.0,0.0,0.1505,0.2501435549878705,1.385146250715479,0.5,False,False,0.0,0.0,0.0,0.0,0.0,0.0,0,0.0,0.0,0.0,no,PDCD1LG2,neutral,no,31750,0.16796850393700788,short
ENSG00000197724,0.2783,0.6954,0.15,0.0,0.4073,0.0010011156311984,12.42698617825954,0.003284663027428,True,False,0.0,0.0,0.0,0.0,0.0,0.0,0,0.0,0.0,0.0,no,PHF2,gene-driven,no,90180,0.29750499001996006,long
ENSG00000197747,0.0001,0.2585,0.0,0.0,0.0647,0.5,0.0,0.5,False,False,0.0,0.0,0.0,0.0,0.0,0.0,0,0.0,0.0,0.0,no,S100A10,neutral,no,14130,0.17438075017692853,short
ENSG00000197756,0.9524,0.8048,0.15,0.0,0.6369,2.8980490229812967e-10,42.53733179108713,1.4830139753404291e-09,True,False,0.0,0.0,0.0,0.0,0.0,0.0,0,0.0,0.0,0.0,no,RPL37A,gene-driven,no,24400,0.14918032786885246,short
ENSG00000197763,0.0001,0.0511,0.0,0.0,0.0128,0.5,-0.0031994470700738,0.5,False,False,0.0,0.0,0.0,0.0,0.0,0.0,0,0.0,0.0,0.0,no,TXNRD3,neutral,no,81080,0.2343364578194376,long
ENSG00000197769,0.0001,0.2585,0.0,0.0,0.0647,0.5,0.0,0.5,False,False,0.0,0.0,0.0,0.0,0.0,0.0,0,0.0,0.0,0.0,no,MAP1LC3C,neutral,no,6630,0.3726998491704374,short
ENSG00000197771,0.0001,0.1051,0.0,0.0,0.0263,0.5,-0.0001538144460937,0.5,False,False,0.0,0.0,0.0,0.0,0.0,0.0,0,0.0,0.0,0.0,no,MCMBP,neutral,no,48980,0.22697019191506737,medium
ENSG00000197780,0.4719,0.7302,0.15,0.0,0.4741,1.325342339186797e-05,21.07621497839227,4.908602230167632e-05,True,False,0.0,0.0,0.0,0.0,0.0,0.0,0,0.0,0.0,0.0,no,TAF13,gene-driven,no,12110,0.16085879438480594,short
ENSG00000197816,0.0552,0.6072,0.0,0.0,0.1684,0.1459126162202226,2.463200349622639,0.3712375207567198,False,False,0.0,0.0,0.0,0.0,0.0,0.0,0,0.0,0.0,0.0,no,CCDC180,neutral,no,168290,0.2502287717630281,long
ENSG00000197822,1.0,0.9906,0.15,0.0,0.6976,0.0,294.5959394115998,0.0,True,False,0.0,0.0,0.0,0.0,0.0,0.0,0,0.0,0.0,0.0,no,OCLN,gene-driven,no,159420,0.09947936268975034,long
ENSG00000197859,1.0,0.9765,0.15,0.0,0.6941,0.0,197.6270169284107,0.0,True,False,0.0,0.0,0.0,0.0,0.0,0.0,0,0.0,0.0,0.0,no,ADAMTSL2,gene-driven,no,130150,0.24077602766039186,long
ENSG00000197885,0.213,0.6781,0.15,0.0,0.3834,0.0043090313852253,9.507789912444425,0.0133789775968233,True,False,0.0,0.0,0.0,0.0,0.0,0.0,0,0.0,0.0,0.0,no,NKIRAS1,gene-driven,no,58560,0.08659494535519126,medium
ENSG00000197891,0.0001,0.2585,0.0,0.0,0.0647,0.5,0.0,0.5,False,False,0.0,0.0,0.0,0.0,0.0,0.0,0,0.0,0.0,0.0,no,SLC22A12,neutral,no,102990,0.26160792309933,long
ENSG00000197894,1.0,0.8148,0.15,0.0,0.6537,7.970973880944142e-11,45.11896399669058,4.3001761479193234e-10,True,False,0.0,0.0,0.3092,0.0,0.0,0.1082,0,0.8527721447594931,0.0,0.0,no,ADH5,gene-driven,no,53370,0.18474798575979015,medium
ENSG00000197901,0.0001,0.3967,0.0,0.0,0.0992,0.4999561969914408,0.0001752197094901,0.5,False,False,0.0,0.0,0.0,0.0,0.0,0.0,0,0.0,0.0,0.0,no,SLC22A6,neutral,no,82280,0.16370928536703938,long
ENSG00000197930,0.9208,0.7992,0.15,0.0,0.626,5.86015402870288e-10,41.1290556649692,2.914840613876812e-09,True,False,0.0,0.0,0.0,0.0,0.0,0.0,0,0.0,0.0,0.0,no,ERO1A,gene-driven,no,83890,0.19058290618667303,long
ENSG00000197935,0.0001,0.2585,0.0,0.0,0.0647,0.5,0.0,0.5,False,False,0.0,0.0,0.0,0.0,0.0,0.0,0,0.0,0.0,0.0,no,ZNF311,neutral,no,46540,0.25876665234207136,medium
ENSG00000197953,0.0001,0.0521,0.0,0.0,0.013,0.5,-0.0030748978051633,0.5,False,False,0.0,0.0,0.0,0.0,0.0,0.0,0,0.0,0.0,0.0,no,AADACL2,neutral,no,19650,0.24651399491094148,short
ENSG00000197956,1.0,0.8357,0.15,0.0,0.6589,1.458333453996374e-12,53.12118139728682,8.86766577038871e-12,True,False,0.0,0.0,0.0,0.0,0.0,0.0,0,0.0,0.0,0.0,no,S100A6,gene-driven,no,10830,0.1809787626962142,short
ENSG00000197958,1.0,0.9391,0.15,0.0,0.6848,0.0,121.967915949499,0.0,True,False,0.0,0.0,0.0,0.0,0.0,0.0,0,0.0,0.0,0.0,no,RPL12,gene-driven,no,13350,0.2506367041198502,short
ENSG00000197977,0.0001,0.2585,0.0,0.0,0.0647,0.5,0.0,0.5,False,False,0.0,0.0,0.0,0.0,0.0,0.0,0,0.0,0.0,0.0,no,ELOVL2,neutral,no,54480,0.15073421439060206,medium
ENSG00000197980,0.0014,0.4308,0.0,0.0,0.1081,0.4853241907940576,0.0595819923182716,0.5,False,False,0.0,0.0,0.6063,0.6716,0.7515,0.4257,0,1.3772437531033836,0.27,318.3,yes,LEKR1,regulation-driven,no,125880,0.12159993644741023,long
ENSG00000197992,0.0001,0.2585,0.0,0.0,0.0647,0.5,0.0,0.5,False,False,0.0,0.0,0.0,0.0,0.0,0.0,0,0.0,0.0,0.0,no,CLEC9A,neutral,no,9830,0.33794506612410985,short
ENSG00000198015,0.0001,0.0557,0.0,0.0,0.014,0.5,-0.0026826208904822,0.5,False,False,0.0,0.0,0.0,0.0,0.0,0.0,0,0.0,0.0,0.0,no,MRPL42,neutral,no,29520,0.14180216802168022,short
ENSG00000198040,1.0,0.9847,0.15,0.0,0.6962,0.0,234.3461970404533,0.0,True,False,0.0,0.0,0.0,0.0,0.0,0.0,0,0.0,0.0,0.0,no,ZNF84,gene-driven,no,134880,0.1577921115065243,long
ENSG00000198049,0.0001,0.0712,0.0,0.0,0.0178,0.5,-0.0013976672007629,0.5,False,False,0.0,0.0,0.0,0.0,0.0,0.0,0,0.0,0.0,0.0,no,AVPR1B,neutral,no,16730,0.47704722056186494,short
ENSG00000198060,0.0001,0.0082,0.0,0.0,0.0021,0.5,-0.0086923881735856,0.5,False,False,0.0,0.0,0.0,0.0,0.0,0.0,0,0.0,0.0,0.0,no,MARCHF5,neutral,no,18920,0.2372093023255814,short
ENSG00000198075,0.0336,0.5724,0.0,0.0,0.1532,0.2367310265824566,1.495367021321726,0.5,False,False,0.0,0.4076,0.0,0.0,0.0,0.1426,1,0.0,0.0,0.0,no,SULT1C4,neutral,no,59450,0.128174936921783,medium
ENSG00000198087,0.0001,0.2585,0.0,0.0,0.0647,0.5,0.0,0.5,False,False,0.0,0.0,0.0,0.0,0.0,0.0,0,0.0,0.0,0.0,no,CD2AP,neutral,no,124100,0.12751007252215954,long
ENSG00000198092,1.0,0.9214,0.15,0.0,0.6803,0.0,106.0359119808818,0.0,True,False,0.0,0.0,0.0,0.0,0.0,0.0,0,0.0,0.0,0.0,no,TMPRSS11F,gene-driven,no,27390,0.20989412194231472,short
ENSG00000198099,0.0001,0.2585,0.0,0.0,0.0647,0.5,0.0,0.5,False,False,0.0,0.0,0.8213,0.0,0.1124,0.3043,0,2.4133617908854763,0.0,5.8,yes,ADH4,regulation-driven,no,61410,0.16581989903924443,medium
ENSG00000198113,0.0001,0.2585,0.0,0.0,0.0647,0.5,0.0,0.5,False,False,0.0,0.0,0.0,0.0,0.0,0.0,0,0.0,0.0,0.0,no,TOR4A,neutral,no,16470,0.5248330297510625,short
ENSG00000198121,1.0,0.9158,0.15,0.0,0.6789,0.0,101.096132478182,0.0,True,False,0.0,0.0,0.0,0.0,0.0,0.0,0,0.0,0.0,0.0,no,LPAR1,gene-driven,no,67740,0.25633303808680247,medium
ENSG00000198160,1.0,0.8975,0.15,0.0,0.6744,0.0,85.46568304799439,0.0,True,False,0.0,0.0,0.0,0.0,0.0,0.0,0,0.0,0.0,0.0,no,MIER1,gene-driven,no,181910,0.19202902534220218,long
ENSG00000198189,0.0001,0.2585,0.0,0.0,0.0647,0.5,0.0,0.5,False,False,0.0,0.0,0.0,0.0,0.0,0.0,0,0.0,0.0,0.0,no,HSD17B11,neutral,no,33990,0.2015592821418064,medium
ENSG00000198218,1.0,0.8679,0.15,0.0,0.667,5.551115123125784e-16,68.78291012933187,4.196238088514839e-15,True,False,0.0,0.0,0.0,0.0,0.0,0.0,0,0.0,0.0,0.0,no,QRICH1,gene-driven,no,268350,0.13793180547792064,long
ENSG00000198246,1.0,0.8591,0.15,0.0,0.6648,5.773159728050814e-15,64.17541975450877,4.0905550551744664e-14,True,False,0.0,0.4076,0.0,0.0,0.0,0.1426,1,0.0,0.0,0.0,no,SLC29A3,gene-driven,no,80580,0.15797964755522462,long
ENSG00000198252,0.9287,0.8014,0.15,0.0,0.6289,4.918186968794203e-10,41.47952747315139,2.473514861757569e-09,True,False,0.0,0.0,0.0,0.0,0.0,0.0,0,0.0,0.0,0.0,no,STYX,gene-driven,no,20600,0.21033980582524273,short
ENSG00000198315,0.0121,0.4849,0.0,0.0,0.1248,0.3828165456922253,0.534104433900211,0.5,False,False,0.0,0.0,0.0,0.0,0.0,0.0,0,0.0,0.0,0.0,no,ZKSCAN8,neutral,no,69250,0.16574729241877256,medium
ENSG00000198353,1.0,0.9789,0.15,0.0,0.6947,0.0,206.1247410278884,0.0,True,False,0.0,0.0,0.0,0.0,0.0,0.0,0,0.0,0.0,0.0,no,HOXC4,gene-driven,no,21060,0.2723646723646724,short
ENSG00000198380,1.0,0.8999,0.15,0.0,0.675,0.0,87.23755722452188,0.0,True,False,0.0,0.0,0.5145,0.0,0.0,0.1801,0,1.1348720161501982,0.0,0.0,no,GFPT1,gene-driven,no,169200,0.19076832151300235,long
ENSG00000198382,1.0,0.9353,0.15,0.0,0.6838,0.0,118.2199280142668,0.0,True,False,0.0,0.0,0.0,0.0,0.0,0.0,0,0.0,0.0,0.0,no,UVRAG,gene-driven,no,112860,0.17241715399610136,long
ENSG00000198393,1.0,0.9608,0.15,0.0,0.6902,0.0,155.124235297073,0.0,True,False,0.0,0.0,0.0,0.0,0.0,0.0,0,0.0,0.0,0.0,no,ZNF26,gene-driven,no,106810,0.1680086134257092,long
ENSG00000198398,0.0001,0.2585,0.0,0.0,0.0647,0.5,0.0,0.5,False,False,0.0,0.0,0.0,0.0,0.0,0.0,0,0.0,0.0,0.0,no,TMEM207,neutral,no,10500,0.21885714285714286,short
ENSG00000198431,0.088,0.6345,0.0,0.0,0.185,0.0701777381928592,3.927153914250084,0.1918988838764607,False,False,0.0,0.0,0.0,0.0,0.0,0.0,0,0.0,0.0,0.0,no,TXNRD1,neutral,no,179800,0.23630144605116796,long
ENSG00000198471,0.0858,0.6331,0.0,0.0,0.184,0.0736710442272874,3.829996526274954,0.200678956181012,False,False,0.0,0.0,0.0,0.0,0.0,0.0,0,0.0,0.0,0.0,no,RTP2,neutral,no,17120,0.2959696261682243,short
ENSG00000198478,0.0001,0.078,0.0,0.0,0.0195,0.5,-0.0010836501132871,0.5,False,False,0.0,0.0,0.0,0.0,0.0,0.0,0,0.0,0.0,0.0,no,SH3BGRL2,neutral,no,3920,0.375,short
ENSG00000198513,1.0,0.93,0.15,0.0,0.6825,0.0,113.7145470080941,0.0,True,False,0.0,0.0,0.0,0.0,0.0,0.0,0,0.0,0.0,0.0,no,ATL1,gene-driven,no,133650,0.2025514403292181,long
ENSG00000198515,0.7773,0.7784,0.15,0.0,0.5778,1.4458727271016162e-08,34.7176409178428,6.520191246240651e-08,True,False,0.0,0.0,0.0,0.0,0.0,0.0,0,0.0,0.0,0.0,no,CNGA1,gene-driven,no,102920,0.13138359891177614,long
ENSG00000198522,0.0001,0.2585,0.0,0.0,0.0647,0.5,0.0,0.5,False,False,0.0,0.0,0.2005,0.0,0.0,0.0702,0,0.7753506219928441,0.0,0.0,no,GPN1,neutral,no,91490,0.17772434145808286,long
ENSG00000198546,0.0675,0.62,0.0,0.0,0.1753,0.1110183567442283,3.009825069053477,0.2920176131389697,False,False,0.0,0.0,0.0,0.0,0.0,0.0,0,0.0,0.0,0.0,no,ZNF511,neutral,no,26700,0.32172284644194754,short
ENSG00000198570,0.5241,0.7396,0.15,0.0,0.4921,4.133652991955561e-06,23.4064037194812,1.586480708486648e-05,True,False,0.0,0.0,0.0,0.0,0.0,0.0,0,0.0,0.0,0.0,no,RD3,gene-driven,no,20610,0.23920426977195536,short
ENSG00000198586,1.0,0.8665,0.15,0.0,0.6666,7.771561172376097e-16,68.23419891904632,5.795464058680465e-15,True,False,0.0,0.0,0.0,0.0,0.0,0.0,0,0.0,0.0,0.0,no,TLK1,gene-driven,no,130840,0.20619076734943442,long
ENSG00000198589,0.8182,0.7833,0.15,0.0,0.5913,5.80075693035198e-09,36.5442604822274,2.6740467999602176e-08,True,False,0.0,0.0,0.5048,0.0,0.0,0.1767,0,1.1104328628880646,0.0,0.0,no,LRBA,gene-driven,no,7950,0.47333333333333333,short
ENSG00000198598,0.0855,0.6329,0.0,0.0,0.1839,0.074307980079341,3.812779497355223,0.2023031707250369,False,False,0.0,0.0,0.0,0.0,0.0,0.0,0,0.0,0.0,0.0,no,MMP17,neutral,no,73930,0.24099824157987285,medium
ENSG00000198604,0.0703,0.6218,0.0,0.0,0.1766,0.1042365763003703,3.135890020683291,0.2754902925175568,False,False,0.0,0.0,0.0,0.0,0.0,0.0,0,0.0,0.0,0.0,no,BAZ1A,neutral,no,172410,0.18735572182588017,long
ENSG00000198643,0.0188,0.5255,0.0,0.0,0.137,0.3296487454750142,0.8331608369408059,0.5,False,False,0.0,0.0,0.0,0.0,0.0,0.0,0,0.0,0.0,0.0,no,FAM3D,neutral,no,28430,0.21037636299683432,short
ENSG00000198663,0.0001,0.073,0.0,0.0,0.0183,0.5,-0.0013093482848489,0.5,False,False,0.0,0.0,0.0,0.0,0.0,0.0,0,0.0,0.0,0.0,no,C6orf89,neutral,no,82240,0.20374513618677043,long
ENSG00000198682,0.0001,0.2585,0.0,0.0,0.0647,0.5,0.0,0.5,False,False,0.0,0.0,0.0,0.0,0.0,0.0,0,0.0,0.0,0.0,no,PAPSS2,neutral,no,139970,0.19543473601486033,long
ENSG00000198691,0.7912,0.7803,0.15,0.0,0.5824,1.059702781081029e-08,35.3390901794919,4.8180636499972926e-08,True,False,0.0,0.0,0.0,0.0,0.0,0.0,0,0.0,0.0,0.0,no,ABCA4,gene-driven,no,173570,0.26549518926081694,long
ENSG00000198700,0.0001,0.0368,0.0,0.0,0.0092,0.5,-0.0047269511269405,0.5,False,False,0.0,0.0,0.0,0.0,0.0,0.0,0,0.0,0.0,0.0,no,IPO9,neutral,no,124500,0.1791004016064257,long
ENSG00000198718,1.0,0.9702,0.15,0.0,0.6926,0.0,179.6140179408976,0.0,True,False,0.0,0.0,0.0,0.0,0.0,0.0,0,0.0,0.0,0.0,no,,gene-driven,no,397080,0.13483932708774052,long
ENSG00000198719,0.0001,0.2585,0.0,0.0,0.0647,0.5,0.0,0.5,False,False,0.0,0.0,0.0,0.0,0.0,0.0,0,0.0,0.0,0.0,no,DLL1,neutral,no,82870,0.20872450826595873,long
ENSG00000198728,0.5297,0.7405,0.15,0.3,0.794,3.644656368095855e-06,23.65820258262465,1.4029134551805337e-05,True,True,1.0,0.0,0.0,0.0,0.0,0.0,0,0.0,0.0,0.0,no,LDB1,gene-driven,no,42720,0.2920177902621723,medium
ENSG00000198729,0.0001,0.075,0.0,0.0,0.0188,0.5,-0.0012356530755823,0.5,False,False,0.0,0.0,0.0,0.0,0.0,0.0,0,0.0,0.0,0.0,no,PPP1R14C,neutral,no,9630,0.29626168224299065,short
ENSG00000198732,0.9338,0.8022,0.15,0.0,0.6307,4.391592089980634e-10,41.70602374192822,2.2176425437120482e-09,True,False,0.0,0.4076,0.0,0.0,0.0,0.1426,1,0.0,0.0,0.0,no,SMOC1,gene-driven,no,99130,0.23167557752446283,long
ENSG00000198739,0.0057,0.4596,0.0,0.0,0.1166,0.4407948467723887,0.2520570625401888,0.5,False,False,0.0,0.0,0.0,0.0,0.0,0.0,0,0.0,0.0,0.0,no,LRRTM3,neutral,no,36490,0.24486160591943,medium
ENSG00000198742,0.002,0.4357,0.0,0.0,0.1095,0.4797347664971069,0.0827494340774137,0.5,False,False,0.0,0.0,0.5338,0.0,0.0,0.1868,0,1.1581384015594542,0.0,0.0,no,SMURF1,neutral,no,112990,0.25746526241260287,long
ENSG00000198746,1.0,0.8466,0.15,0.0,0.6617,1.3289369604763121e-13,57.91222547354482,8.652005813362795e-13,True,False,0.0,0.0,0.0,0.0,0.0,0.0,0,0.0,0.0,0.0,no,GPATCH3,gene-driven,no,32880,0.3077250608272506,short
ENSG00000198755,0.0001,0.2585,0.0,0.0,0.0647,0.5,0.0,0.5,False,False,0.0,0.0,0.0,0.0,0.0,0.0,0,0.0,0.0,0.0,no,RPL10A,neutral,no,20880,0.3149904214559387,short
ENSG00000198756,0.0001,0.2585,0.0,0.0,0.0647,0.5,0.0,0.5,False,False,0.0,0.0,0.0,0.0,0.0,0.0,0,0.0,0.0,0.0,no,COLGALT2,neutral,no,71940,0.20860439254934668,medium
ENSG00000198771,0.2759,0.6944,0.15,0.0,0.4064,0.0010561656152451,12.31992618573713,0.0034538907102099,True,False,0.0,0.0,0.0,0.0,0.0,0.0,0,0.0,0.0,0.0,no,RCSD1,gene-driven,no,130790,0.19963299946479088,long
ENSG00000198774,0.0001,0.0076,0.0,0.0,0.0019,0.5,-0.0087422599553974,0.5,False,False,0.0,0.0,0.0,0.0,0.0,0.0,0,0.0,0.0,0.0,no,RASSF9,neutral,no,26970,0.2413422321097516,short
ENSG00000198785,0.0001,0.2585,0.0,0.0,0.0647,0.5,0.0,0.5,False,False,0.0,0.0,0.0,0.0,0.0,0.0,0,0.0,0.0,0.0,no,GRIN3A,neutral,no,68260,0.2942572516847348,medium
ENSG00000198797,0.0001,0.1003,0.0,0.0,0.0251,0.5,-0.0002890228533942,0.5,False,False,0.0,0.0,0.0,0.0,0.0,0.0,0,0.0,0.0,0.0,no,BRINP2,neutral,no,48990,0.33153704837721987,medium
ENSG00000198805,0.0979,0.6393,0.0,0.0,0.1892,0.0562306453914173,4.370292397059529,0.1558168413241838,False,False,0.0,0.0,0.0,0.0,0.0,0.0,0,0.0,0.0,0.0,no,PNP,neutral,no,38650,0.17505821474773609,medium
ENSG00000198818,0.0001,0.2585,0.0,0.0,0.0647,0.5,0.0,0.5,False,False,0.0,0.0,0.0,0.0,0.0,0.0,0,0.0,0.0,0.0,no,SFT2D1,neutral,no,11200,0.21098214285714287,short
ENSG00000198821,0.0001,0.2585,0.0,0.0,0.0647,0.5,0.0,0.5,False,False,0.0,0.0,0.0,0.0,0.0,0.0,0,0.0,0.0,0.0,no,CD247,neutral,no,82620,0.10263858629871701,long
ENSG00000198829,0.0001,0.2585,0.0,0.0,0.0647,0.5,0.0,0.5,False,False,0.0,0.0,0.0,0.0,0.0,0.0,0,0.0,0.0,0.0,no,SUCNR1,neutral,no,10330,0.4070667957405615,short
ENSG00000198837,1.0,0.9805,0.15,0.0,0.6951,0.0,213.0241868325393,0.0,True,False,0.0,0.0,0.0,0.0,0.0,0.0,0,0.0,0.0,0.0,no,DENND4B,gene-driven,no,218680,0.22808212913846718,long
ENSG00000198842,0.0194,0.5273,0.0,0.0,0.1377,0.3250268913168983,0.861400353947829,0.5,False,False,0.0,0.0,0.0,0.0,0.0,0.0,0,0.0,0.0,0.0,no,STYXL2,neutral,no,115430,0.27724161829680327,long
ENSG00000198843,0.0001,0.2585,0.0,0.0,0.0647,0.5,0.0,0.5,False,False,0.0,0.0,0.9203,0.0,0.0,0.3221,0,4.227508432345622,0.0,0.0,no,SELENOT,regulation-driven,no,20330,0.21647811116576487,short
ENSG00000198846,0.0153,0.5072,0.0,0.0,0.1314,0.3560360242810885,0.6791523617357598,0.5,False,False,0.0,0.4076,0.0,0.0,0.0,0.1426,1,0.0,0.0,0.0,no,TOX,neutral,no,63570,0.19915054270882493,medium
ENSG00000198851,0.0001,0.2585,0.0,0.0,0.0647,0.5,0.0,0.5,False,False,0.0,0.0,0.0,0.0,0.0,0.0,0,0.0,0.0,0.0,no,CD3E,neutral,no,39940,0.16680020030045067,medium
ENSG00000198853,0.0001,0.2585,0.0,0.0,0.0647,0.5,0.0,0.5,False,False,0.0,0.0,0.0,0.0,0.0,0.0,0,0.0,0.0,0.0,no,RUSC2,neutral,no,162700,0.24026429010448677,long
ENSG00000198865,1.0,0.8969,0.15,0.0,0.6742,0.0,85.23143544047343,0.0,True,False,0.0,0.0,0.0,0.0,0.0,0.0,0,0.0,0.0,0.0,no,CCDC152,gene-driven,no,23970,0.1826032540675845,short
ENSG00000198870,0.0001,0.2585,0.0,0.0,0.0647,0.5,0.0,0.5,False,False,0.0,0.0,0.0,0.0,0.0,0.0,0,0.0,0.0,0.0,no,STKLD1,neutral,no,26090,0.45711000383288614,short
ENSG00000198873,0.0042,0.4497,0.0,0.0,0.1137,0.4564852824336637,0.1821032778316294,0.5,False,False,0.0,0.0,0.0,0.0,0.0,0.0,0,0.0,0.0,0.0,no,GRK5,neutral,no,59170,0.24710157174243705,medium
ENSG00000198890,0.0001,0.2585,0.0,0.0,0.0647,0.5,0.0,0.5,False,False,0.0,0.0,0.0,0.0,0.0,0.0,0,0.0,0.0,0.0,no,PRMT6,neutral,no,24720,0.3560679611650485,short
ENSG00000198892,0.0001,0.2585,0.0,0.0,0.0647,0.5,0.0,0.5,False,False,0.0,0.0,0.0,0.0,0.0,0.0,0,0.0,0.0,0.0,no,SHISA4,neutral,no,12950,0.31776061776061776,short
ENSG00000198894,0.0051,0.4556,0.0,0.0,0.1154,0.4476195202487475,0.2213290240142669,0.5,False,False,0.0,0.0,0.0,0.0,0.0,0.0,0,0.0,0.0,0.0,no,CIPC,neutral,no,51240,0.2008391881342701,medium
ENSG00000198912,0.0325,0.5702,0.0,0.0,0.1523,0.2427811949288694,1.444894986101644,0.5,False,False,0.0,0.0,0.0,0.0,0.0,0.0,0,0.0,0.0,0.0,no,C1orf174,neutral,no,41970,0.15889921372408863,medium
ENSG00000198924,0.0001,0.2585,0.0,0.0,0.0647,0.5,0.0,0.5,False,False,0.0,0.0,0.0,0.0,0.0,0.0,0,0.0,0.0,0.0,no,DCLRE1A,neutral,no,82420,0.1878063576801747,long
ENSG00000198937,0.0001,0.0097,0.0,0.0,0.0024,0.5,-0.008556466274058,0.5,False,False,0.0,0.0,0.0,0.0,0.0,0.0,0,0.0,0.0,0.0,no,CCDC167,neutral,no,9500,0.2314736842105263,short
ENSG00000198948,0.0007,0.4188,0.0,0.0,0.1049,0.4933402972579392,0.0268178087353589,0.5,False,False,0.0,0.0,0.0,0.0,0.0,0.0,0,0.0,0.0,0.0,no,MFAP3L,neutral,no,93530,0.16463166898321394,long
ENSG00000198952,0.0297,0.5569,0.0,0.0,0.1481,0.2583646911349761,1.320471960032592,0.5,False,False,0.0,0.0,0.0,0.0,0.0,0.0,0,0.0,0.0,0.0,no,SMG5,neutral,no,159070,0.16785063179732193,long
ENSG00000198961,0.0001,0.0396,0.0,0.0,0.0099,0.5,-0.0043064463097834,0.5,False,False,0.0,0.0,0.0,0.0,0.0,0.0,0,0.0,0.0,0.0,no,PJA2,neutral,no,93870,0.2119207414509428,long
ENSG00000198963,0.0001,0.2585,0.0,0.0,0.0647,0.5,0.0,0.5,False,False,0.0,0.0,0.0,0.0,0.0,0.0,0,0.0,0.0,0.0,no,RORB,neutral,no,91110,0.2171221600263418,long
ENSG00000203666,1.0,0.9292,0.15,0.0,0.6823,0.0,113.3381535010012,0.0,True,False,0.0,0.4076,0.0,0.0,0.0,0.1426,1,0.0,0.0,0.0,no,EFCAB2,gene-driven,no,30430,0.19444627012816298,short
ENSG00000203667,0.0281,0.5521,0.0,0.0,0.1464,0.2677925592183676,1.24879090070317,0.5,False,False,0.0,0.0,0.0,0.0,0.0,0.0,0,0.0,0.0,0.0,no,COX20,neutral,no,16340,0.18818849449204406,short
ENSG00000203685,0.0001,0.2585,0.0,0.0,0.0647,0.5,0.0,0.5,False,False,0.0,0.0,0.0,0.0,0.0,0.0,0,0.0,0.0,0.0,no,STUM,neutral,no,21030,0.22710413694721826,short
ENSG00000203740,0.0001,0.0603,0.0,0.0,0.0151,0.5,-0.0023089635024007,0.5,False,False,0.0,0.0,0.0,0.0,0.0,0.0,0,0.0,0.0,0.0,no,NTMT2,neutral,no,19340,0.24120992761116855,short
ENSG00000203760,0.2554,0.6892,0.15,0.0,0.3989,0.0016706979571297,11.40273324191276,0.0053717205163306,True,False,0.0,0.0,0.0,0.0,0.0,0.0,0,0.0,0.0,0.0,no,CENPW,gene-driven,no,12030,0.17589359933499585,short
ENSG00000203778,0.0143,0.4988,0.0,0.0,0.129,0.364248231222776,0.6335450185645186,0.5,False,False,0.0,0.0,0.0,0.0,0.0,0.0,0,0.0,0.0,0.0,no,FAM229B,neutral,no,4800,0.2783333333333333,short
ENSG00000203780,0.0001,0.0519,0.0,0.0,0.013,0.5,-0.0031050819379743,0.5,False,False,0.0,0.0,0.0,0.0,0.0,0.0,0,0.0,0.0,0.0,no,FANK1,neutral,no,83450,0.1662312762133014,long
ENSG00000203795,0.0001,0.2585,0.0,0.0,0.0647,0.5,0.0,0.5,False,False,0.0,0.0,0.0,0.0,0.0,0.0,0,0.0,0.0,0.0,no,FAM24A,neutral,no,4400,0.3477272727272727,short
ENSG00000203797,0.0001,0.2585,0.0,0.0,0.0647,0.5,0.0,0.5,False,False,0.0,0.4076,0.0,0.0,0.0,0.1426,1,0.0,0.0,0.0,no,DDO,neutral,no,76710,0.18304002085777604,medium
ENSG00000203805,0.0001,0.2585,0.0,0.0,0.0647,0.5,0.0,0.5,False,False,0.0,0.4076,0.0,0.0,0.0,0.1426,1,0.0,0.0,0.0,no,PLPP4,neutral,no,38910,0.21246466204060652,medium
ENSG00000203814,0.0001,0.0064,0.0,0.0,0.0016,0.5,-0.0089687498871171,0.5,False,False,0.0,0.0,0.0,0.0,0.0,0.0,0,0.0,0.0,0.0,no,H2BC18,neutral,no,8700,0.3106896551724138,short
ENSG00000203837,0.0285,0.5531,0.0,0.0,0.1468,0.2653179753963739,1.267358169094223,0.5,False,False,0.0,0.0,0.0,0.0,0.0,0.0,0,0.0,0.0,0.0,no,PNLIPRP3,neutral,no,29230,0.25846732808758127,short
ENSG00000203872,0.0001,0.0006,0.0,0.0,0.0002,0.5,-0.0099190429154987,0.5,False,False,0.0,0.0,0.0,0.0,0.0,0.0,0,0.0,0.0,0.0,no,C6orf163,neutral,no,17310,0.26487579433853264,short
ENSG00000203908,0.0026,0.4403,0.0,0.0,0.1109,0.4726696623021389,0.1124226845631711,0.5,False,False,0.0,0.0,0.0,0.0,0.0,0.0,0,0.0,0.0,0.0,no,KHDC3L,neutral,no,16340,0.28488372093023256,short
ENSG00000203909,0.0001,0.0438,0.0,0.0,0.011,0.5,-0.0038806423003734,0.5,False,False,0.0,0.0,0.3454,0.0,0.0,0.1209,0,0.8803365590637637,0.0,0.0,no,DPPA5,neutral,no,7340,0.2944141689373297,short
ENSG00000203943,0.0003,0.4075,0.0,0.0,0.102,0.4979136290961593,0.0083629439777723,0.5,False,False,0.0,0.0,0.0,0.0,0.0,0.0,0,0.0,0.0,0.0,no,SAMD13,neutral,no,26420,0.1512112036336109,short
ENSG00000203970,0.0001,0.2585,0.0,0.0,0.0647,0.5,0.0,0.5,False,False,0.0,0.0,0.0,0.0,0.0,0.0,0,0.0,0.0,0.0,no,DEFB110,neutral,no,4440,0.26103603603603603,short
ENSG00000203972,0.2648,0.692,0.15,0.0,0.4024,0.0013541730353781,11.82283427289804,0.0043937747410115,True,False,0.0,0.0,0.0,0.0,0.0,0.0,0,0.0,0.0,0.0,no,GLYATL3,gene-driven,no,18030,0.24514697726012202,short
ENSG00000203985,0.0412,0.5864,0.0,0.21,0.369,0.1996743079387341,1.835841038970102,0.4825464228446975,False,True,0.7,0.0,0.0,0.0,0.0,0.0,0,0.0,0.0,0.0,no,LDLRAD1,gene-driven,no,23600,0.350635593220339,short
ENSG00000203995,0.0001,0.2585,0.0,0.0,0.0647,0.5,0.0,0.5,False,False,0.0,0.0,0.0,0.0,0.0,0.0,0,0.0,0.0,0.0,no,ZYG11A,neutral,no,46070,0.2275884523551118,medium
ENSG00000204001,0.0305,0.5617,0.0,0.0,0.1496,0.2534317802904067,1.359026845675544,0.5,False,False,0.0,0.0,0.0,0.0,0.0,0.0,0,0.0,0.0,0.0,no,LCN8,neutral,no,21590,0.25150532654006486,short
ENSG00000204006,0.0001,0.2585,0.0,0.0,0.0647,0.5,0.0,0.5,False,False,0.0,0.0,0.0,0.0,0.0,0.0,0,0.0,0.0,0.0,no,C1orf185,neutral,no,33710,0.14001779887273805,medium
ENSG00000204020,0.0001,0.2585,0.0,0.0,0.0647,0.5,0.0,0.5,False,False,0.0,0.0,0.0,0.0,0.0,0.0,0,0.0,0.0,0.0,no,LIPN,neutral,no,33710,0.17276772471076832,medium
ENSG00000204021,0.0268,0.547,0.0,0.0,0.1448,0.2753102385284214,1.193418992963416,0.5,False,False,0.0,0.0,0.0,0.0,0.0,0.0,0,0.0,0.0,0.0,no,LIPK,neutral,no,17770,0.27642093415869445,short
ENSG00000204033,0.0811,0.6297,0.0,0.0,0.1818,0.0818807160447371,3.618689184702816,0.2209846346210107,False,False,0.0,0.0,0.0,0.0,0.0,0.0,0,0.0,0.0,0.0,no,LRIT2,neutral,no,57920,0.2311982044198895,medium
ENSG00000204052,0.0001,0.2585,0.0,0.0,0.0647,0.5,0.0,0.5,False,False,0.0,0.0,0.0,0.0,0.0,0.0,0,0.0,0.0,0.0,no,LRRC73,neutral,no,22670,0.29311865902073225,short
ENSG00000204084,1.0,0.8205,0.15,0.0,0.6551,3.178285412630544e-11,46.95789277454605,1.7683212127991415e-10,True,False,0.0,0.8761,0.0,0.0,0.0,0.3066,2,0.0,0.0,0.0,no,INPP5B,gene-driven (dual),no,118340,0.24096670610106471,long
ENSG00000204104,0.7403,0.774,0.15,0.0,0.5656,3.302819284733971e-08,33.06551426336955,1.4602864997570465e-07,True,False,0.0,0.0,0.0,0.0,0.0,0.0,0,0.0,0.0,0.0,no,TRAF3IP1,gene-driven,no,102750,0.2491581508515815,long
ENSG00000204140,0.0001,0.2585,0.0,0.0,0.0647,0.5,0.0,0.5,False,False,0.0,0.0,0.9662,1.0,0.2308,0.5228,0,7.545766463282931,0.434,13.6,yes,CLPSL1,regulation-driven,no,6710,0.28986587183308493,short
ENSG00000204147,1.0,0.9596,0.15,0.0,0.6899,0.0,152.309610513912,0.0,True,False,0.0,0.0,0.0,0.0,0.0,0.0,0,0.0,0.0,0.0,no,ASAH2B,gene-driven,no,142320,0.18003794266441822,long
ENSG00000204178,0.0489,0.5981,0.0,0.0,0.1642,0.1679767954514395,2.18156450153765,0.4175756048324533,False,False,0.0,0.0,0.0,0.0,0.0,0.0,0,0.0,0.0,0.0,no,MACO1,neutral,no,69480,0.22793609671848014,medium
ENSG00000204217,0.1046,0.6423,0.075,0.0,0.267,0.048493379485169,4.666361630617757,0.1355090278422645,False,False,0.0,0.0,0.0,0.0,0.0,0.0,0,0.0,0.0,0.0,no,BMPR2,neutral,no,241480,0.1600049693556402,long
ENSG00000204219,0.9798,0.8102,0.15,0.0,0.6465,1.5701590028172058e-10,43.76305392647555,8.264519449748976e-10,True,False,0.0,0.4076,0.0,0.0,0.0,0.1426,1,0.0,0.0,0.0,no,TCEA3,gene-driven,no,42770,0.21835398643909282,medium
ENSG00000204220,0.0157,0.5097,0.0,0.0,0.1321,0.3526903512577527,0.6980352366590523,0.5,False,False,0.0,0.0,0.0,0.0,0.0,0.0,0,0.0,0.0,0.0,no,PFDN6,neutral,no,18670,0.20894483128012856,short
ENSG00000204227,0.0002,0.4013,0.0,0.0,0.1004,0.4994309472870433,0.0022775071192882,0.5,False,False,0.0,0.0,0.0,0.0,0.0,0.0,0,0.0,0.0,0.0,no,RING1,neutral,no,40100,0.2575062344139651,medium
ENSG00000204228,0.0001,0.2585,0.0,0.0,0.0647,0.5,0.0,0.5,False,False,0.0,0.0,0.0,0.0,0.0,0.0,0,0.0,0.0,0.0,no,HSD17B8,neutral,no,25200,0.24,short
ENSG00000204231,0.0569,0.6108,0.0,0.0,0.1698,0.1406745983276795,2.536317376590887,0.3612366815084553,False,False,0.0,0.0,0.0,0.0,0.0,0.0,0,0.0,0.0,0.0,no,RXRB,neutral,no,68450,0.2841344046749452,medium
ENSG00000204334,0.5699,0.7495,0.15,0.0,0.5083,1.487091044416466e-06,25.45108296989929,5.93166868879511e-06,True,False,0.0,0.4076,0.0,0.0,0.0,0.1426,1,0.0,0.0,0.0,no,ERICH2,gene-driven,no,67980,0.11134157105030891,medium
ENSG00000204335,0.0001,0.0382,0.0,0.0,0.0096,0.5,-0.0046338984993781,0.5,False,False,0.0,0.0,0.0,0.0,0.0,0.0,0,0.0,0.0,0.0,no,SP5,neutral,no,16780,0.4767580452920143,short
ENSG00000204361,0.0001,0.2585,0.0,0.0,0.0647,0.5,0.0,0.5,False,False,0.0,0.0,0.0,0.0,0.0,0.0,0,0.0,0.0,0.0,no,NXPE2,neutral,no,47330,0.17280794422142404,medium
ENSG00000204370,1.0,0.8784,0.15,0.0,0.6696,5.551115123125783e-17,73.63857773772543,4.453426874585104e-16,True,False,0.0,0.0,0.0,0.0,0.0,0.0,0,0.0,0.0,0.0,no,SDHD,gene-driven,no,35360,0.18532239819004526,medium
ENSG00000204381,0.0001,0.2585,0.0,0.0,0.0647,0.5,0.0,0.5,False,False,0.0,0.0,0.0,0.0,0.0,0.0,0,0.0,0.0,0.0,no,LAYN,neutral,no,108620,0.165890259620696,long
ENSG00000204442,0.0001,0.079,0.0,0.0,0.0198,0.5,-0.0010354656906201,0.5,False,False,0.0,0.0,0.0,0.0,0.0,0.0,0,0.0,0.0,0.0,no,NALF1,neutral,no,14220,0.48959212376933897,short
ENSG00000204531,0.0001,0.2585,0.0,0.0,0.0647,0.5,0.0,0.5,False,False,0.0,0.0,0.0,0.0,0.0,0.0,0,0.0,0.0,0.0,no,POU5F1,neutral,no,42640,0.19132270168855534,medium
ENSG00000204536,1.0,0.8928,0.15,0.0,0.6732,0.0,82.80210006030393,0.0,True,False,0.0,0.0,0.0,0.0,0.0,0.0,0,0.0,0.0,0.0,no,CCHCR1,gene-driven,no,198980,0.24672328877274097,long
ENSG00000204539,0.0001,0.2585,0.0,0.0,0.0647,0.5,0.0,0.5,False,False,0.0,0.0,0.0,0.0,0.0,0.0,0,0.0,0.0,0.0,no,CDSN,neutral,no,21480,0.45130353817504654,short
ENSG00000204542,0.0099,0.4767,0.0,0.0,0.1221,0.4015682212594695,0.4384613269858164,0.5,False,False,0.0,0.0,0.0,0.0,0.0,0.0,0,0.0,0.0,0.0,no,C6orf15,neutral,no,12300,0.46528455284552844,short
ENSG00000204568,0.0001,0.0499,0.0,0.0,0.0125,0.5,-0.0032837659073265,0.5,False,False,0.0,0.0,0.0,0.0,0.0,0.0,0,0.0,0.0,0.0,no,MRPS18B,neutral,no,24250,0.23802061855670104,short
ENSG00000204569,0.001,0.424,0.0,0.0,0.1063,0.4902950073781479,0.0392016652112943,0.5,False,False,0.0,0.0,0.0,0.0,0.0,0.0,0,0.0,0.0,0.0,no,PPP1R10,neutral,no,134210,0.2003874524998137,long
ENSG00000204576,0.0001,0.2585,0.0,0.0,0.0647,0.5,0.0,0.5,False,False,0.0,0.0,0.0,0.0,0.0,0.0,0,0.0,0.0,0.0,no,PRR3,neutral,no,19340,0.3530506721820062,short
ENSG00000204590,0.0001,0.2585,0.0,0.0,0.0647,0.5,0.0,0.5,False,False,0.0,0.0,0.0,0.0,0.0,0.0,0,0.0,0.0,0.0,no,GNL1,neutral,no,67510,0.30826544215671753,medium
ENSG00000204592,0.023,0.5372,0.0,0.0,0.1412,0.2999400173331134,1.02205117189078,0.5,False,False,0.0,0.0,0.0,0.0,0.0,0.0,0,0.0,0.0,0.0,no,HLA-E,neutral,no,71610,0.1910627007401201,medium
ENSG00000204613,0.0001,0.2585,0.0,0.0,0.0647,0.5,0.0,0.5,False,False,0.0,0.0,0.0,0.0,0.0,0.0,0,0.0,0.0,0.0,no,TRIM10,neutral,no,41330,0.3084684248729736,medium
ENSG00000204614,0.4785,0.7314,0.15,0.0,0.4764,1.143820193738598e-05,21.37080915432489,4.255319105202533e-05,True,False,0.0,0.0,0.0,0.0,0.0,0.0,0,0.0,0.0,0.0,no,TRIM40,gene-driven,no,31790,0.27241270839886755,short
ENSG00000204618,0.0184,0.5245,0.0,0.0,0.1367,0.3323270448956988,0.8169770787208108,0.5,False,False,0.0,0.0,0.0,0.0,0.0,0.0,0,0.0,0.0,0.0,no,RNF39,neutral,no,32410,0.3513421783400185,short
ENSG00000204619,0.005,0.4548,0.0,0.0,0.1152,0.4480501951432042,0.2194056590942637,0.5,False,False,0.0,0.0,0.0,0.0,0.0,0.0,0,0.0,0.0,0.0,no,PPP1R11,neutral,no,15930,0.2033898305084746,short
ENSG00000204624,0.0001,0.2585,0.0,0.0,0.0647,0.5,0.0,0.5,False,False,0.0,0.4076,0.0,0.0,0.0,0.1426,1,0.0,0.0,0.0,no,DISP3,neutral,no,85570,0.3640878812667991,long
ENSG00000204628,1.0,0.8532,0.15,0.0,0.6633,2.1815882433884332e-14,61.525706440254,1.4844350099335248e-13,True,False,0.0,0.0,0.0,0.0,0.0,0.0,0,0.0,0.0,0.0,no,RACK1,gene-driven,no,97216,0.15907875246872943,long
ENSG00000204634,0.0829,0.6305,0.0,0.0,0.1825,0.0787147558065877,3.697554931859486,0.2129022269613742,False,False,0.0,0.0,0.0,0.0,0.0,0.0,0,0.0,0.0,0.0,no,TBC1D8,neutral,no,246350,0.16737162573574182,long
ENSG00000204671,0.0001,0.2585,0.0,0.0,0.0647,0.5,0.0,0.5,False,False,0.0,0.0,0.0,0.0,0.0,0.0,0,0.0,0.0,0.0,no,IL31,neutral,no,12210,0.2307944307944308,short
ENSG00000204710,0.6879,0.7656,0.15,0.0,0.5478,1.065027679381103e-07,30.72389536294577,4.539372474071642e-07,True,False,0.0,0.0,0.0,0.0,0.0,0.0,0,0.0,0.0,0.0,no,SPDYC,gene-driven,no,18950,0.34812664907651714,short
ENSG00000204711,0.0014,0.4306,0.0,0.0,0.1081,0.4857057283525324,0.0580103102493012,0.5,False,False,0.0,0.0,0.0,0.0,0.0,0.0,0,0.0,0.0,0.0,no,CFAP95,neutral,no,26050,0.20414587332053744,short
ENSG00000204767,0.0033,0.4441,0.0,0.0,0.112,0.4659470849900556,0.141072044527391,0.5,False,False,0.0,0.4076,0.0,0.0,0.0,0.1426,1,0.0,0.0,0.0,no,INSYN2B,neutral,no,34060,0.26168526130358194,medium
ENSG00000204822,0.0161,0.5123,0.0,0.0,0.1329,0.3501136653518316,0.7127004769818086,0.5,False,False,0.0,0.0,0.0,0.0,0.0,0.0,0,0.0,0.0,0.0,no,MRPL53,neutral,no,13530,0.23717664449371767,short
ENSG00000204856,0.0786,0.6275,0.0,0.0,0.1805,0.0865791127201822,3.507099008609657,0.2322785904369938,False,False,0.0,0.4076,0.0,0.0,0.0,0.1426,1,0.0,0.0,0.0,no,FAM216A,neutral,no,12920,0.3040247678018576,short
ENSG00000204899,0.0001,0.0899,0.0,0.0,0.0225,0.5,-0.0005504283724349,0.5,False,False,0.0,0.0,0.0,0.0,0.0,0.0,0,0.0,0.0,0.0,no,MZT1,neutral,no,3070,0.38990228013029316,short
ENSG00000204909,0.0001,0.0173,0.0,0.0,0.0044,0.5,-0.0072266689930984,0.5,False,False,0.0,0.0,0.0,0.0,0.0,0.0,0,0.0,0.0,0.0,no,SPINK9,neutral,no,7350,0.22693877551020408,short
ENSG00000204923,0.0106,0.4785,0.0,0.0,0.1228,0.3956025714615888,0.4683959970507203,0.5,False,False,0.0,0.0,0.0,0.0,0.0,0.0,0,0.0,0.0,0.0,no,FBXO48,neutral,no,9390,0.2237486687965921,short
ENSG00000204954,0.0001,0.2585,0.0,0.0,0.0647,0.5,0.0,0.5,False,False,0.0,0.0,0.0,0.0,0.0,0.0,0,0.0,0.0,0.0,no,UQCC6,neutral,no,17730,0.15758601240834744,short
ENSG00000204979,0.0192,0.5269,0.0,0.0,0.1375,0.3264256649064727,0.8528116963352659,0.5,False,False,0.0,0.0,0.0,0.0,0.0,0.0,0,0.0,0.0,0.0,no,MS4A13,neutral,no,17940,0.20256410256410257,short
ENSG00000205002,0.0001,0.11,0.0,0.0,0.0275,0.5,-5.605542628472904e-05,0.5,False,False,0.0,0.0,0.0,0.0,0.0,0.0,0,0.0,0.0,0.0,no,AARD,neutral,no,9930,0.32124874118831825,short
ENSG00000205060,0.0001,0.0199,0.0,0.0,0.005,0.5,-0.0068763778490392,0.5,False,False,0.0,0.0,0.0,0.0,0.0,0.0,0,0.0,0.0,0.0,no,SLC35B4,neutral,no,32550,0.2417511520737327,short
ENSG00000205085,0.0001,0.3953,0.0,0.0,0.0988,0.499999945653147,2.173874236177653e-07,0.5,False,False,0.0,0.0,0.3043,0.0,0.0,0.1065,0,0.8496679274459228,0.0,0.0,no,GARIN1A,neutral,no,66940,0.1231102479832686,medium
ENSG00000205089,0.1418,0.6568,0.075,0.0,0.2817,0.0211086444881171,6.329850901025566,0.0614721297915075,False,False,0.0,0.0,0.0,0.0,0.0,0.0,0,0.0,0.0,0.0,no,CCNI2,neutral,no,25970,0.28787061994609164,short
ENSG00000205090,0.0001,0.2585,0.0,0.0,0.0647,0.5,0.0,0.5,False,False,0.0,0.0,0.0,0.0,0.0,0.0,0,0.0,0.0,0.0,no,TMEM240,neutral,no,8350,0.4058682634730539,short
ENSG00000205126,0.0001,0.2585,0.0,0.0,0.0647,0.5,0.0,0.5,False,False,0.0,0.0,0.0,0.0,0.0,0.0,0,0.0,0.0,0.0,no,ACCSL,neutral,no,35810,0.28676347388997486,medium
ENSG00000205143,1.0,0.9131,0.15,0.0,0.6783,0.0,99.19264834968816,0.0,True,False,0.0,0.0,0.0,0.0,0.0,0.0,0,0.0,0.0,0.0,no,ARID3C,gene-driven,no,29560,0.3027401894451962,short
ENSG00000205186,0.0001,0.2585,0.0,0.0,0.0647,0.5,0.0,0.5,False,False,0.0,0.0,0.1787,0.0,0.0,0.0626,0,0.762271529853117,0.0,0.0,no,FABP9,neutral,no,7820,0.2442455242966752,short
ENSG00000205189,0.0012,0.4282,0.0,0.0,0.1074,0.487912690044109,0.0489432448375737,0.5,False,False,0.0,0.0,0.2802,0.0,0.0,0.0981,0,0.8316985416489743,0.0,0.0,no,ZBTB10,neutral,no,133930,0.2563876651982379,long
ENSG00000205208,0.0001,0.082,0.0,0.0,0.0205,0.5,-0.0009178325340144,0.5,False,False,0.0,0.0,0.0,0.0,0.0,0.0,0,0.0,0.0,0.0,no,C4orf46,neutral,no,5860,0.365358361774744,short
ENSG00000205213,0.0001,0.2585,0.0,0.0,0.0647,0.5,0.0,0.5,False,False,0.0,0.0,0.0,0.0,0.0,0.0,0,0.0,0.0,0.0,no,LGR4,neutral,no,186450,0.16796996513810672,long
ENSG00000205269,0.0001,0.0555,0.0,0.0,0.0139,0.5,-0.0027105105345981,0.5,False,False,0.0,0.4076,0.0,0.0,0.0,0.1426,1,0.0,0.0,0.0,no,TMEM170B,neutral,no,7000,0.3187142857142857,short
ENSG00000205307,1.0,0.8749,0.15,0.0,0.6687,1.110223024625157e-16,72.46601954700782,8.751583715507972e-16,True,False,0.0,0.0,0.0,0.0,0.0,0.0,0,0.0,0.0,0.0,no,,gene-driven,no,21920,0.3053375912408759,short
ENSG00000205352,1.0,0.8363,0.15,0.0,0.6591,1.275313188386917e-12,53.38940107237249,7.783322452805552e-12,True,False,0.0,0.0,0.0,0.0,0.0,0.0,0,0.0,0.0,0.0,no,PRR13,gene-driven,no,38220,0.19194139194139195,medium
ENSG00000205359,0.0001,0.2585,0.0,0.0,0.0647,0.5,0.0,0.5,False,False,0.0,0.0,0.0,0.0,0.0,0.0,0,0.0,0.0,0.0,no,SLCO6A1,neutral,no,89830,0.21398196593565624,long
ENSG00000205363,0.0001,0.2585,0.0,0.0,0.0647,0.5,0.0,0.5,False,False,0.0,0.0,0.0,0.0,0.0,0.0,0,0.0,0.0,0.0,no,INSYN1,neutral,no,20100,0.36965174129353234,short
ENSG00000205403,0.0001,0.2585,0.0,0.0,0.0647,0.5,0.0,0.5,False,False,0.0,0.0,0.3406,0.0,0.4438,0.1858,0,0.8760585971930342,0.0,68.4,yes,CFI,neutral,no,123060,0.23040793109052496,long
ENSG00000205426,0.0001,0.2585,0.0,0.0,0.0647,0.5,0.0,0.5,False,False,0.0,0.0,0.0,0.0,0.0,0.0,0,0.0,0.0,0.0,no,KRT81,neutral,no,121100,0.20028075970272502,long
ENSG00000205436,0.2443,0.686,0.15,0.0,0.3948,0.0021371612997944,10.91025929087482,0.0068011774185397,True,False,0.0,0.0,0.0,0.0,0.0,0.0,0,0.0,0.0,0.0,no,EXOC3L4,gene-driven,no,82360,0.21642787761049054,long
ENSG00000205442,0.6296,0.7575,0.15,0.0,0.5283,3.920355244324547e-07,28.11753239451537,1.6155631305112093e-06,True,False,0.0,0.4076,0.0,0.0,0.0,0.1426,1,0.0,0.0,0.0,no,IZUMO3,gene-driven,no,30330,0.20448400923178373,short
ENSG00000205476,0.0001,0.0883,0.0,0.0,0.0221,0.5,-0.0005957510693406,0.5,False,False,0.0,0.0,0.0,0.0,0.0,0.0,0,0.0,0.0,0.0,no,CCDC85C,neutral,no,61150,0.17813573180703188,medium
ENSG00000205639,0.0237,0.5392,0.0,0.0,0.1419,0.2953617625101428,1.052814359522017,0.5,False,False,0.0,0.0,0.0,0.0,0.0,0.0,0,0.0,0.0,0.0,no,MFSD2B,neutral,no,47590,0.2774742592981719,medium
ENSG00000205659,0.0001,0.0105,0.0,0.0,0.0026,0.5,-0.0083927286104881,0.5,False,False,0.0,0.4076,0.0,0.0,0.0,0.1426,1,0.0,0.0,0.0,no,LIN52,neutral,no,13100,0.18580152671755726,short
ENSG00000205683,0.001,0.4248,0.0,0.0,0.1065,0.4901269124513781,0.0398874716993304,0.5,False,False,0.0,0.0,0.0,0.0,0.0,0.0,0,0.0,0.0,0.0,no,DPF3,neutral,no,101830,0.25576941962093686,long
ENSG00000205707,1.0,0.8629,0.15,0.0,0.6657,2.109423746787797e-15,66.19384809318035,1.536204058056003e-14,True,False,0.0,0.0,0.0,0.0,0.0,0.0,0,0.0,0.0,0.0,no,ETFRF1,gene-driven,no,16990,0.10023543260741613,short
ENSG00000205835,0.152,0.6604,0.15,0.0,0.3607,0.0168049923857622,6.785864180781573,0.0494603740395157,True,False,0.0,0.0,0.0,0.0,0.0,0.0,0,0.0,0.0,0.0,no,GMNC,gene-driven,no,28890,0.24125995154032537,short
ENSG00000205838,1.0,0.9371,0.15,0.0,0.6843,0.0,120.5726538680319,0.0,True,False,0.0,0.0,0.0,0.0,0.0,0.0,0,0.0,0.0,0.0,no,TTC23L,gene-driven,no,77570,0.20234626788706975,medium
ENSG00000205858,0.0606,0.6144,0.0,0.0,0.1718,0.1293663029750385,2.703920319789177,0.3353142214683905,False,False,0.0,0.0,0.0,0.0,0.0,0.0,0,0.0,0.0,0.0,no,LRRC72,neutral,no,17310,0.24563835932986713,short
ENSG00000205937,1.0,0.9936,0.15,0.0,0.6984,0.0,336.3956844827626,0.0,True,False,0.0,0.0,0.0,0.0,0.0,0.0,0,0.0,0.0,0.0,no,RNPS1,gene-driven,no,123039,0.17683011077788344,long
ENSG00000205978,0.0001,0.2585,0.0,0.0,0.0647,0.5,0.0,0.5,False,False,0.0,0.0,0.0,0.0,0.0,0.0,0,0.0,0.0,0.0,no,NYNRIN,neutral,no,176820,0.2284639746634996,long
ENSG00000205981,0.5981,0.7539,0.15,0.0,0.5179,7.914433193256798e-07,26.71252078274847,3.2135829145517807e-06,True,False,0.0,0.0,0.0,0.0,0.0,0.0,0,0.0,0.0,0.0,no,DNAJC19,gene-driven,no,17570,0.1394422310756972,short
ENSG00000206013,0.0001,0.2585,0.0,0.0,0.0647,0.5,0.0,0.5,False,False,0.0,0.0,0.0,0.0,0.0,0.0,0,0.0,0.0,0.0,no,IFITM5,neutral,no,5820,0.4372852233676976,short
ENSG00000206047,0.0298,0.5577,0.0,0.0,0.1484,0.2575761838619718,1.326585124738358,0.5,False,False,0.0,0.0,0.0,0.0,0.0,0.0,0,0.0,0.0,0.0,no,DEFA1,neutral,no,4010,0.4049875311720698,short
ENSG00000206113,0.0001,0.2585,0.0,0.0,0.0647,0.5,0.0,0.5,False,False,0.0,0.0,0.0,0.0,0.0,0.0,0,0.0,0.0,0.0,no,CFAP99,neutral,no,76930,0.20072793448589626,medium
ENSG00000206199,0.0001,0.2585,0.0,0.0,0.0647,0.5,0.0,0.5,False,False,0.0,0.0,0.0,0.0,0.0,0.0,0,0.0,0.0,0.0,no,ANKUB1,neutral,no,44680,0.20666965085049238,medium
ENSG00000206527,0.0515,0.6023,0.0,0.0,0.166,0.1587266759458505,2.294848789015305,0.398942135500081,False,False,0.0,0.0,0.0,0.0,0.0,0.0,0,0.0,0.0,0.0,no,HACD2,neutral,no,25990,0.17806848787995383,short
ENSG00000206530,0.0513,0.6017,0.0,0.0,0.1658,0.159500476645099,2.285122375440551,0.4002802072818983,False,False,0.0,0.0,0.0,0.0,0.0,0.0,0,0.0,0.0,0.0,no,CFAP44,neutral,no,294880,0.11041779706999458,long
ENSG00000206535,0.0001,0.0458,0.0,0.0,0.0115,0.5,-0.0037679213091905,0.5,False,False,0.0,0.0,0.0,0.0,0.0,0.0,0,0.0,0.0,0.0,no,LNP1,neutral,no,20600,0.25932038834951454,short
ENSG00000206557,0.0001,0.2585,0.0,0.0,0.0647,0.5,0.0,0.5,False,False,0.0,0.0,0.0,0.0,0.0,0.0,0,0.0,0.0,0.0,no,TRIM71,neutral,no,59760,0.2943273092369478,medium
ENSG00000206560,1.0,0.8281,0.15,0.0,0.657,7.794931367044455e-12,49.76879955182085,4.5294379228597095e-11,True,False,0.0,0.0,0.0,0.0,0.0,0.0,0,0.0,0.0,0.0,no,ANKRD28,gene-driven,no,228840,0.243960846005943,long
ENSG00000206562,0.0114,0.4825,0.0,0.0,0.1241,0.3881490136076138,0.5064375536494481,0.5,False,False,0.0,0.0,0.0,0.0,0.0,0.0,0,0.0,0.0,0.0,no,METTL6,neutral,no,51560,0.19728471683475562,medium
ENSG00000211452,1.0,0.9626,0.15,0.0,0.6907,0.0,159.1670169751014,0.0,True,False,0.0,0.0,0.0,0.0,0.0,0.0,0,0.0,0.0,0.0,no,DIO1,gene-driven,no,57820,0.22135939121411277,medium
ENSG00000211456,0.9813,0.8108,0.15,0.0,0.6471,1.5176132572847218e-10,43.83113006234635,8.013384651522512e-10,True,False,0.0,0.0,0.0,0.0,0.0,0.0,0,0.0,0.0,0.0,no,SACM1L,gene-driven,no,217860,0.09916460111998532,long
ENSG00000211460,0.1529,0.6606,0.15,0.0,0.361,0.0164794683138563,6.824985674044001,0.048531009705815,True,False,0.0,0.0,0.0,0.0,0.0,0.0,0,0.0,0.0,0.0,no,TSN,gene-driven,no,45930,0.18597866318310471,medium
ENSG00000211598,0.0001,0.2585,0.0,0.0,0.0647,0.5,0.0,0.5,False,False,0.0,0.0,0.0,0.0,0.0,0.0,0,0.0,0.0,0.0,no,IGKV4-1,neutral,no,6280,0.40079617834394904,short
ENSG00000211801,0.0001,0.1166,0.0,0.0,0.0292,0.5,-1.783585048542591e-07,0.5,False,False,0.0,0.0,0.0,0.0,0.0,0.0,0,0.0,0.0,0.0,no,TRAV21,neutral,no,4470,0.36532438478747203,short
ENSG00000211812,0.0124,0.4863,0.0,0.0,0.1253,0.3800566690544315,0.5485754554267714,0.5,False,False,0.0,0.0,0.0,0.0,0.0,0.0,0,0.0,0.0,0.0,no,TRAV26-2,neutral,no,3900,0.42025641025641025,short
ENSG00000211973,0.0001,0.2585,0.0,0.0,0.0647,0.5,0.0,0.5,False,False,0.0,0.0,0.0,0.0,0.0,0.0,0,0.0,0.0,0.0,no,IGHV1-69,neutral,no,3760,0.4710106382978723,short
ENSG00000212126,0.0001,0.032,0.0,0.0,0.008,0.5,-0.0054011519014238,0.5,False,False,0.0,0.0,0.0,0.0,0.0,0.0,0,0.0,0.0,0.0,no,TAS2R50,neutral,no,12240,0.26609477124183006,short
ENSG00000212128,0.0317,0.5661,0.0,0.0,0.151,0.2471352493562877,1.409344686715485,0.5,False,False,0.0,0.0,0.0,0.0,0.0,0.0,0,0.0,0.0,0.0,no,TAS2R13,neutral,no,9090,0.388008800880088,short
ENSG00000213064,0.0001,0.2585,0.0,0.0,0.0647,0.5,0.0,0.5,False,False,0.0,0.0,0.0,0.0,0.0,0.0,0,0.0,0.0,0.0,no,SFT2D2,neutral,no,21500,0.2317674418604651,short
ENSG00000213079,0.0001,0.2585,0.0,0.0,0.0647,0.5,0.0,0.5,False,False,0.0,0.0,0.0,0.0,0.0,0.0,0,0.0,0.0,0.0,no,,neutral,no,385460,0.1672858402947128,long
ENSG00000213123,0.0001,0.0004,0.0,0.0,0.0001,0.5,-0.0099236175228725,0.5,False,False,0.0,0.0,0.4952,0.0,0.2959,0.2177,0,1.0826327307868644,0.0,29.5,yes,DYNLT2B,neutral,no,15410,0.19500324464633356,short
ENSG00000213139,0.0001,0.1124,0.0,0.0,0.0281,0.5,-2.442054756102152e-05,0.5,False,False,0.0,0.0,0.0,0.0,0.0,0.0,0,0.0,0.0,0.0,no,CRYGS,neutral,no,18150,0.22308539944903583,short
ENSG00000213231,0.0313,0.5653,0.0,0.0,0.1507,0.2493421255925669,1.39156429322702,0.5,False,False,0.0,0.0,0.0,0.0,0.0,0.0,0,0.0,0.0,0.0,no,TCL1B,neutral,no,8060,0.31439205955334987,short
ENSG00000213281,0.0001,0.0569,0.0,0.0,0.0143,0.5,-0.0026012697890109,0.5,False,False,0.0,0.0,0.0,0.0,0.0,0.0,0,0.0,0.0,0.0,no,NRAS,neutral,no,23530,0.19919252018699532,short
ENSG00000213316,0.5358,0.7427,0.15,0.0,0.4964,3.181224143500305e-06,23.93019460790492,1.2352387892092518e-05,True,False,0.0,0.0,0.0,0.0,0.0,0.0,0,0.0,0.0,0.0,no,LTC4S,gene-driven,no,17420,0.28346727898966706,short
ENSG00000213341,0.0288,0.5545,0.0,0.0,0.1473,0.2632307237128705,1.283154348609969,0.5,False,False,0.0,0.0,0.0,0.0,0.0,0.0,0,0.0,0.0,0.0,no,CHUK,neutral,no,102040,0.1780184241473932,long
ENSG00000213402,0.0001,0.0285,0.0,0.0,0.0072,0.5,-0.005733507725381,0.5,False,False,0.0,0.0,0.0,0.0,0.0,0.0,0,0.0,0.0,0.0,no,PTPRCAP,neutral,no,12410,0.39532634971796937,short
ENSG00000213445,0.0001,0.2585,0.0,0.0,0.0647,0.5,0.0,0.5,False,False,0.0,0.0,0.0,0.0,0.0,0.0,0,0.0,0.0,0.0,no,SIPA1,neutral,no,143650,0.28166376609815524,long
ENSG00000213463,0.0001,0.0213,0.0,0.0,0.0054,0.5,-0.006721489064148,0.5,False,False,0.0,0.0,0.0,0.0,0.0,0.0,0,0.0,0.0,0.0,no,SYNJ2BP,neutral,no,16330,0.1863441518677281,short
ENSG00000213471,0.0001,0.2585,0.0,0.0,0.0647,0.5,0.0,0.5,False,False,0.0,0.0,0.0,0.0,0.0,0.0,0,0.0,0.0,0.0,no,TTLL13,neutral,no,75753,0.20821617625704592,medium
ENSG00000213551,0.0001,0.0501,0.0,0.0,0.0125,0.5,-0.0032597685185464,0.5,False,False,0.0,0.0,0.0,0.0,0.0,0.0,0,0.0,0.0,0.0,no,DNAJC9,neutral,no,24290,0.22733635240839853,short
ENSG00000213563,1.0,0.8154,0.15,0.0,0.6539,6.836836652368561e-11,45.42592787939975,3.700372743077391e-10,True,False,0.0,0.0,0.0,0.0,0.0,0.0,0,0.0,0.0,0.0,no,C8orf82,gene-driven,no,27360,0.20975877192982456,short
ENSG00000213578,0.0001,0.2585,0.0,0.0,0.0647,0.5,0.0,0.5,False,False,0.0,0.0,0.0,0.0,0.0,0.0,0,0.0,0.0,0.0,no,CPLX3,neutral,no,7260,0.3928374655647383,short
ENSG00000213593,0.1985,0.6745,0.15,0.0,0.3782,0.0059477461872395,8.86319148547409,0.0182617836637836,True,False,0.0,0.0,0.0,0.0,0.0,0.0,0,0.0,0.0,0.0,no,TMX2,gene-driven,no,35430,0.2402483770815693,medium
ENSG00000213614,1.0,0.8816,0.15,0.0,0.6704,0.0,75.36172033386538,0.0,True,False,0.0,0.0,0.0,0.0,0.0,0.0,0,0.0,0.0,0.0,no,HEXA,gene-driven,no,279460,0.11551563730050812,long
ENSG00000213625,0.2342,0.6846,0.15,0.0,0.3914,0.0026829184915264,10.45540581418936,0.0084998959088231,True,False,0.0,0.0,0.0,0.0,0.0,0.0,0,0.0,0.0,0.0,no,LEPROT,gene-driven,no,24860,0.23777152051488334,short
ENSG00000213626,1.0,0.8603,0.15,0.0,0.6651,4.163336342344337e-15,64.84924905920161,2.9710810569326734e-14,True,False,0.0,0.0,0.0,0.0,0.0,0.0,0,0.0,0.0,0.0,no,LBH,gene-driven,no,15610,0.26188340807174887,short
ENSG00000213639,0.9401,0.8042,0.15,0.0,0.6331,3.807989479298612e-10,41.99120492694783,1.942660478977569e-09,True,False,0.0,0.0,0.7633,0.0,0.7574,0.3808,0,2.038547291118287,0.0,330.1,yes,PPP1CB,gene-driven (dual),no,107070,0.1155505743905856,long
ENSG00000213694,0.0001,0.2585,0.0,0.0,0.0647,0.5,0.0,0.5,False,False,0.0,0.0,0.0,0.0,0.0,0.0,0,0.0,0.0,0.0,no,S1PR3,neutral,no,22680,0.31340388007054676,short
ENSG00000213699,0.0877,0.6341,0.0,0.0,0.1848,0.070682281587822,3.912826341293112,0.1930662650290097,False,False,0.0,0.0,0.0,0.0,0.0,0.0,0,0.0,0.0,0.0,no,SLC35F6,neutral,no,33430,0.25357463356266824,medium
ENSG00000213780,0.039,0.5832,0.0,0.0,0.1575,0.2095350259676913,1.739434369144874,0.5,False,False,0.0,0.0,0.0,0.0,0.0,0.0,0,0.0,0.0,0.0,no,GTF2H4,neutral,no,57410,0.24645532137258316,medium
ENSG00000213809,0.0539,0.6049,0.0,0.0,0.1674,0.1503509032897023,2.403272361943891,0.3803893148336618,False,False,0.0,0.0,0.0,0.0,0.0,0.0,0,0.0,0.0,0.0,no,KLRK1,neutral,no,22520,0.20475133214920072,short
ENSG00000213927,0.0001,0.0129,0.0,0.0,0.0032,0.5,-0.0078541869670516,0.5,False,False,0.0,0.0,0.0,0.0,0.0,0.0,0,0.0,0.0,0.0,no,CCL27,neutral,no,4350,0.43310344827586206,short
ENSG00000213949,0.5643,0.7485,0.15,0.0,0.5064,1.683765674442839e-06,25.20266123903275,6.689337431851982e-06,True,False,0.0,0.0,0.0,0.0,0.0,0.0,0,0.0,0.0,0.0,no,ITGA1,gene-driven,no,153600,0.16259114583333334,long
ENSG00000213995,0.2628,0.691,0.15,0.0,0.4016,0.0014147306329996,11.73533790174406,0.0045753382110144,True,False,0.0,0.0,0.0,0.0,0.0,0.0,0,0.0,0.0,0.0,no,NAXD,gene-driven,no,76960,0.26820426195426195,medium
ENSG00000214128,0.0073,0.4668,0.0,0.0,0.1189,0.4254935665601337,0.3227165404632615,0.5,False,False,0.0,0.4076,0.0,0.0,0.0,0.1426,1,0.0,0.0,0.0,no,TMEM213,neutral,no,12820,0.36762870514820595,short
ENSG00000214160,0.9181,0.799,0.15,0.0,0.6252,6.227198201536054e-10,41.00755448640848,3.094314071372661e-09,True,False,0.0,0.0,0.0,0.0,0.0,0.0,0,0.0,0.0,0.0,no,ALG3,gene-driven,no,58390,0.2825826340126734,medium
ENSG00000214237,0.0001,0.2585,0.0,0.0,0.0647,0.5,0.0,0.5,False,False,0.0,0.0,0.0024,0.0,0.0651,0.0106,0,0.5764664358152642,0.0,3.3,yes,MINDY4B,neutral,no,16140,0.3919454770755886,short
ENSG00000214285,0.0299,0.5593,0.0,0.0,0.1488,0.2567522605141979,1.332992890526839,0.5,False,False,0.0,0.0,0.0,0.0,0.0,0.0,0,0.0,0.0,0.0,no,NPS,neutral,no,5610,0.21568627450980393,short
ENSG00000214336,0.0102,0.4773,0.0,0.0,0.1224,0.3992676177598811,0.4499523702988881,0.5,False,False,0.0,0.0,0.0,0.0,0.0,0.0,0,0.0,0.0,0.0,no,FOXI3,neutral,no,21670,0.344116289801569,short
ENSG00000214338,0.0001,0.2585,0.0,0.0,0.0647,0.5,0.0,0.5,False,False,0.0,0.0,0.0,0.0,0.0,0.0,0,0.0,0.0,0.0,no,SOGA3,neutral,no,122280,0.18483807654563297,long
ENSG00000214357,0.0278,0.5515,0.0,0.0,0.1462,0.2692041243204234,1.238276360138116,0.5,False,False,0.0,0.0,0.0,0.0,0.0,0.0,0,0.0,0.0,0.0,no,NEURL1B,neutral,no,76980,0.25745648220316963,medium
ENSG00000214360,0.0339,0.5734,0.0,0.0,0.1535,0.2352483842715393,1.507932376111057,0.5,False,False,0.0,0.0,0.0,0.0,0.0,0.0,0,0.0,0.0,0.0,no,EFCAB9,neutral,no,8390,0.2836710369487485,short
ENSG00000214415,0.0322,0.5692,0.0,0.0,0.1519,0.2442810606754114,1.432577295949159,0.5,False,False,0.0,0.0,0.0,0.0,0.0,0.0,0,0.0,0.0,0.0,no,GNAT3,neutral,no,29590,0.15947955390334573,short
ENSG00000214513,0.0178,0.5235,0.0,0.0,0.1362,0.3365290273410546,0.7918473810068463,0.5,False,False,0.0,0.0,0.0,0.0,0.0,0.0,0,0.0,0.0,0.0,no,NOTO,neutral,no,11890,0.4142977291841884,short
ENSG00000214517,0.0001,0.2585,0.0,0.0,0.0647,0.5,0.0,0.5,False,False,0.0,0.0,0.0,0.0,0.0,0.0,0,0.0,0.0,0.0,no,PPME1,neutral,no,63220,0.17719076241695667,medium
ENSG00000214595,0.0001,0.2585,0.0,0.0,0.0647,0.5,0.0,0.5,False,False,0.0,0.0,0.0,0.0,0.0,0.0,0,0.0,0.0,0.0,no,EML6,neutral,no,155170,0.27256557324225045,long
ENSG00000214681,0.016,0.5115,0.0,0.0,0.1327,0.3509733408270645,0.7077956597568118,0.5,False,False,0.0,0.0,0.0,0.0,0.0,0.0,0,0.0,0.0,0.0,no,IQCF5,neutral,no,4480,0.5301339285714286,short
ENSG00000214700,0.0001,0.2585,0.0,0.0,0.0647,0.5,0.0,0.5,False,False,0.0,0.0,0.0,0.0,0.0,0.0,0,0.0,0.0,0.0,no,C12orf71,neutral,no,11950,0.3371548117154812,short
ENSG00000214711,0.0001,0.2585,0.0,0.0,0.0647,0.5,0.0,0.5,False,False,0.0,0.0,0.0,0.0,0.0,0.0,0,0.0,0.0,0.0,no,CAPN14,neutral,no,42840,0.2830765639589169,medium
ENSG00000214756,0.0512,0.6015,0.0,0.0,0.1657,0.1598660736699817,2.28054334630724,0.4009953859982295,False,False,0.0,0.0,0.0,0.0,0.0,0.0,0,0.0,0.0,0.0,no,CSKMT,neutral,no,14490,0.3251897860593513,short
ENSG00000214782,0.0001,0.2585,0.0,0.0,0.0647,0.5,0.0,0.5,False,False,0.0,0.0,0.0,0.0,0.0,0.0,0,0.0,0.0,0.0,no,MS4A18,neutral,no,18680,0.3071734475374732,short
ENSG00000214814,0.0845,0.6313,0.0,0.0,0.1832,0.0759455969842238,3.769181686657248,0.2058601631605064,False,False,0.0,0.0,0.0,0.0,0.0,0.0,0,0.0,0.0,0.0,no,,neutral,no,301720,0.16314795174333818,long
ENSG00000214842,0.0001,0.3971,0.0,0.0,0.0993,0.4999249082434397,0.0003003895835718,0.5,False,False,0.0,0.0,0.0,0.0,0.0,0.0,0,0.0,0.0,0.0,no,RAD51AP2,neutral,no,116620,0.12163436803292746,long
ENSG00000214866,0.0001,0.0487,0.0,0.0,0.0122,0.5,-0.003483711683657,0.5,False,False,0.0,0.0,0.4372,0.7612,0.4556,0.3355,0,0.993202313824421,0.3,90.0,yes,DCDC2C,regulation-driven,no,48520,0.17227947238252267,medium
ENSG00000214872,0.0001,0.2585,0.0,0.0,0.0647,0.5,0.0,0.5,False,False,0.0,0.0,0.0,0.0,0.0,0.0,0,0.0,0.0,0.0,no,SMTNL1,neutral,no,32160,0.3731965174129353,short
ENSG00000214960,0.0756,0.6257,0.0,0.0,0.1791,0.092543752193638,3.373853137629339,0.2470813866941255,False,False,0.0,0.0,0.0,0.0,0.0,0.0,0,0.0,0.0,0.0,no,CRPPA,neutral,no,145990,0.11097335433933832,long
ENSG00000215009,0.0001,0.2585,0.0,0.0,0.0647,0.5,0.0,0.5,False,False,0.0,0.0,0.0,0.0,0.0,0.0,0,0.0,0.0,0.0,no,ACSM4,neutral,no,36180,0.25928689883913764,medium
ENSG00000215018,1.0,0.9823,0.15,0.0,0.6956,0.0,225.044506369697,0.0,True,False,0.0,0.0,0.0,0.0,0.0,0.0,0,0.0,0.0,0.0,no,COL28A1,gene-driven,no,203750,0.15992147239263804,long
ENSG00000215021,0.0001,0.2585,0.0,0.0,0.0647,0.5,0.0,0.5,False,False,0.0,0.0,0.0,0.0,0.0,0.0,0,0.0,0.0,0.0,no,PHB2,neutral,no,74470,0.22223714247347925,medium
ENSG00000215183,0.0181,0.5237,0.0,0.0,0.1364,0.3347511383549914,0.8024414264373263,0.5,False,False,0.0,0.0,0.0,0.0,0.0,0.0,0,0.0,0.0,0.0,no,MSMP,neutral,no,6560,0.37728658536585363,short
ENSG00000215187,0.0297,0.5573,0.0,0.0,0.1482,0.2578911901494085,1.324140692035144,0.5,False,False,0.0,0.0,0.0,0.0,0.0,0.0,0,0.0,0.0,0.0,no,CIMIP2B,neutral,no,29760,0.2615927419354839,short
ENSG00000215203,0.0001,0.0967,0.0,0.0,0.0242,0.5,-0.0003669440293379,0.5,False,False,0.0,0.0,0.0,0.0,0.0,0.0,0,0.0,0.0,0.0,no,GRXCR1,neutral,no,18510,0.2344138303619665,short
ENSG00000215217,0.0001,0.2585,0.0,0.0,0.0647,0.5,0.0,0.5,False,False,0.0,0.0,0.0,0.0,0.0,0.0,0,0.0,0.0,0.0,no,CFAP90,neutral,no,15060,0.19555112881806108,short
ENSG00000215277,1.0,0.9413,0.15,0.0,0.6853,0.0,124.0860279846092,0.0,True,False,0.0,0.0,0.0,0.0,0.0,0.0,0,0.0,0.0,0.0,no,RNF212B,gene-driven,no,28100,0.20370106761565837,short
ENSG00000215375,0.0003,0.4095,0.0,0.0,0.1025,0.497356564886937,0.0106017903563042,0.5,False,False,0.0,0.0,0.0,0.0,0.0,0.0,0,0.0,0.0,0.0,no,MYL5,neutral,no,26040,0.17891705069124425,short
ENSG00000215475,0.0001,0.2585,0.0,0.0,0.0647,0.5,0.0,0.5,False,False,0.0,0.0,0.0,0.0,0.0,0.0,0,0.0,0.0,0.0,no,SIAH3,neutral,no,9420,0.517303609341826,short
ENSG00000215712,0.0001,0.0565,0.0,0.0,0.0142,0.5,-0.0026277535343979,0.5,False,False,0.0,0.0,0.0,0.0,0.0,0.0,0,0.0,0.0,0.0,no,TMEM242,neutral,no,20860,0.20661553211888783,short
ENSG00000215784,0.0001,0.2585,0.0,0.0,0.0647,0.5,0.0,0.5,False,False,0.0,0.0,0.0,0.0,0.0,0.0,0,0.0,0.0,0.0,no,FAM72D,neutral,no,24790,0.20064542154094392,short
ENSG00000215845,0.0243,0.541,0.0,0.0,0.1425,0.2913939590473779,1.079863871260386,0.5,False,False,0.0,0.0,0.0,0.0,0.0,0.0,0,0.0,0.0,0.0,no,TSTD1,neutral,no,15480,0.2801033591731266,short
ENSG00000215883,0.0001,0.3995,0.0,0.0,0.0999,0.4997028094128985,0.0011891157773789,0.5,False,False,0.0,0.0,0.0,0.0,0.0,0.0,0,0.0,0.0,0.0,no,CYB5RL,neutral,no,49410,0.21687917425622344,medium
ENSG00000215906,0.8188,0.7839,0.15,0.0,0.5916,5.726615293077941e-09,36.56998800604379,2.6472290397555463e-08,True,False,0.0,0.0,0.0,0.0,0.0,0.0,0,0.0,0.0,0.0,no,LACTBL1,gene-driven,no,36150,0.3989211618257261,medium
ENSG00000218739,0.3054,0.7008,0.15,0.0,0.4168,0.0005470757431206,13.63555222912873,0.0018275048665428,True,False,0.0,0.0,0.0,0.0,0.0,0.0,0,0.0,0.0,0.0,no,CEBPZOS,gene-driven,no,13300,0.12451127819548873,short
ENSG00000219545,0.0254,0.544,0.0,0.0,0.1436,0.2842209283678776,1.129712491707323,0.5,False,False,0.0,0.4076,0.0,0.0,0.0,0.1426,1,0.0,0.0,0.0,no,UMAD1,neutral,no,27060,0.163229859571323,short
ENSG00000219626,0.1729,0.6677,0.15,0.0,0.3688,0.0105320325470887,7.720373533080419,0.0316725090019465,True,False,0.0,0.0,0.0,0.0,0.0,0.0,0,0.0,0.0,0.0,no,FAM228B,gene-driven,no,57720,0.13416493416493416,medium
ENSG00000221818,1.0,0.9264,0.15,0.0,0.6816,0.0,111.3630025626408,0.0,True,False,0.0,0.4076,0.0,0.0,0.0,0.1426,1,0.0,0.0,0.0,no,EBF2,gene-driven,no,55660,0.24831117499101688,medium
ENSG00000221838,0.0014,0.43,0.0,0.0,0.1079,0.4862395080070214,0.0558135621686233,0.5,False,False,0.0,0.0,0.9517,0.0,0.0,0.3331,0,6.7798866897361565,0.0,0.0,no,AP4M1,regulation-driven,no,144300,0.1692931392931393,long
ENSG00000221886,0.1084,0.6439,0.075,0.0,0.2685,0.0444712342072702,4.839531081262976,0.1248306540332744,False,False,0.0,0.0,0.0,0.0,0.0,0.0,0,0.0,0.0,0.0,no,FAM200C,neutral,no,35860,0.20956497490239823,medium
ENSG00000221914,1.0,0.9809,0.15,0.0,0.6952,0.0,213.8681702058457,0.0,True,False,0.0,0.0,0.0,0.0,0.0,0.0,0,0.0,0.0,0.0,no,PPP2R2A,gene-driven,no,101330,0.16787723280371064,long
ENSG00000221947,0.0359,0.5776,0.0,0.0,0.1552,0.2246376173616158,1.600239168103144,0.5,False,False,0.0,0.0,0.0,0.0,0.0,0.0,0,0.0,0.0,0.0,no,XKR9,neutral,no,33380,0.1658478130617136,medium
ENSG00000221978,0.0217,0.5332,0.0,0.0,0.1398,0.3084291274543354,0.966232028324157,0.5,False,False,0.0,0.0,0.0,0.0,0.0,0.0,0,0.0,0.0,0.0,no,CCNL2,neutral,no,95460,0.21033940917661847,long
ENSG00000221986,0.0001,0.0364,0.0,0.0,0.0091,0.5,-0.0047655766647949,0.5,False,False,0.0,0.0,0.0,0.0,0.0,0.0,0,0.0,0.0,0.0,no,MYBPHL,neutral,no,40960,0.21162109375,medium
ENSG00000222009,0.4902,0.7348,0.15,0.0,0.4808,8.816683058021635e-06,21.89143529737339,3.321098620157076e-05,True,False,0.0,0.0,0.0,0.0,0.0,0.0,0,0.0,0.0,0.0,no,BTBD19,gene-driven,no,28940,0.33683483068417414,short
ENSG00000223501,0.0002,0.4047,0.0,0.0,0.1012,0.4988159519289028,0.0047418090325663,0.5,False,False,0.0,0.0,0.0,0.0,0.0,0.0,0,0.0,0.0,0.0,no,VPS52,neutral,no,73150,0.22397812713602186,medium
ENSG00000223865,0.1306,0.6528,0.075,0.0,0.2774,0.0271260286502425,5.828228729486,0.0780815199689273,False,False,0.0,0.0,0.0,0.0,0.0,0.0,0,0.0,0.0,0.0,no,HLA-DPB1,neutral,no,41980,0.1747498808956646,medium
ENSG00000224531,0.0001,0.081,0.0,0.0,0.0203,0.5,-0.0009557858552398,0.5,False,False,0.0,0.0,0.0,0.0,0.0,0.0,0,0.0,0.0,0.0,no,SMIM13,neutral,no,7070,0.24144271570014145,short
ENSG00000224586,0.0001,0.1041,0.0,0.0,0.0261,0.5,-0.0001746993111737,0.5,False,False,0.0,0.0,0.0,0.0,0.0,0.0,0,0.0,0.0,0.0,no,GPX5,neutral,no,17720,0.2353273137697517,short
ENSG00000224982,0.0001,0.2585,0.0,0.0,0.0647,0.5,0.0,0.5,False,False,0.0,0.0,0.0,0.0,0.0,0.0,0,0.0,0.0,0.0,no,TMEM233,neutral,no,4680,0.3814102564102564,short
ENSG00000225526,0.0146,0.5026,0.0,0.0,0.13,0.3619849703726013,0.6460108114924878,0.5,False,False,0.0,0.0,0.0,0.0,0.0,0.0,0,0.0,0.0,0.0,no,MKRN2OS,neutral,no,13280,0.2528614457831325,short
ENSG00000225828,0.0534,0.6041,0.0,0.0,0.167,0.1521248362805048,2.379813246426238,0.3840959064260055,False,False,0.0,0.0,0.0,0.0,0.0,0.0,0,0.0,0.0,0.0,no,FAM229A,neutral,no,6260,0.44712460063897763,short
ENSG00000226124,0.0001,0.2585,0.0,0.0,0.0647,0.5,0.0,0.5,False,False,0.0,0.0,0.0,0.0,0.0,0.0,0,0.0,0.0,0.0,no,FTCDNL1,neutral,no,25530,0.20642381511946728,short
ENSG00000226479,1.0,0.8279,0.15,0.0,0.657,8.383016503188399e-12,49.62333803312686,4.865475389365123e-11,True,False,0.0,0.0,0.0,0.0,0.0,0.0,0,0.0,0.0,0.0,no,TMEM185B,gene-driven,no,13250,0.33162264150943394,short
ENSG00000227729,0.0149,0.5048,0.0,0.0,0.1307,0.3596290843581317,0.6590698386498843,0.5,False,False,0.0,0.0,0.0,0.0,0.0,0.0,0,0.0,0.0,0.0,no,RD3L,neutral,no,14330,0.22002791346824843,short
ENSG00000228474,0.0001,0.2585,0.0,0.0,0.0647,0.5,0.0,0.5,False,False,0.0,0.0,0.0,0.0,0.0,0.0,0,0.0,0.0,0.0,no,OST4,neutral,no,3330,0.2147147147147147,short
ENSG00000228570,1.0,0.9329,0.15,0.0,0.6832,0.0,115.6952178508363,0.0,True,False,0.0,0.0,0.0,0.0,0.0,0.0,0,0.0,0.0,0.0,no,NUTM2E,gene-driven,no,109400,0.19652650822669104,long
ENSG00000229183,0.0044,0.4513,0.0,0.0,0.1142,0.4543623953946389,0.1914259820969164,0.5,False,False,0.0,0.0,0.0,0.0,0.0,0.0,0,0.0,0.0,0.0,no,PGA4,neutral,no,23440,0.26787542662116043,short
ENSG00000229474,0.0001,0.2585,0.0,0.0,0.0647,0.5,0.0,0.5,False,False,0.0,0.0,0.0,0.0,0.0,0.0,0,0.0,0.0,0.0,no,PATL2,neutral,no,69720,0.1705966724039013,medium
ENSG00000229972,0.0001,0.1219,0.0,0.0,0.0305,0.5,-1.818989403545856e-12,0.5,False,False,0.0,0.0,0.0,0.0,0.0,0.0,0,0.0,0.0,0.0,no,IQCF3,neutral,no,18500,0.17897297297297296,short
ENSG00000230124,0.0005,0.4138,0.0,0.0,0.1036,0.496164412898553,0.0154014980107604,0.5,False,False,0.0,0.0,0.0,0.0,0.0,0.0,0,0.0,0.0,0.0,no,ACBD6,neutral,no,27430,0.21753554502369668,short
ENSG00000230246,0.0001,0.0812,0.0,0.0,0.0203,0.5,-0.000949073350057,0.5,False,False,0.0,0.0,0.0,0.0,0.0,0.0,0,0.0,0.0,0.0,no,SPATA31C1,neutral,no,85110,0.26352954999412526,long
ENSG00000231213,0.0001,0.1096,0.0,0.0,0.0274,0.5,-5.755731035606004e-05,0.5,False,False,0.0,0.0,0.0,0.0,0.0,0.0,0,0.0,0.0,0.0,no,PLSCR5,neutral,no,24810,0.2846432889963724,short
ENSG00000231925,0.9153,0.7982,0.15,0.0,0.6241,6.625598403253719e-10,40.88352611104347,3.2766730213820883e-09,True,False,0.0,0.0,0.0,0.0,0.0,0.0,0,0.0,0.0,0.0,no,TAPBP,gene-driven,no,163220,0.18971327043254504,long
ENSG00000232070,0.9294,0.8016,0.15,0.0,0.6292,4.837713563077273e-10,41.51252318353545,2.4355047836787806e-09,True,False,0.0,0.0,0.0,0.0,0.0,0.0,0,0.0,0.0,0.0,no,TMEM253,gene-driven,no,20490,0.22108345534407028,short
ENSG00000232112,0.0001,0.1128,0.0,0.0,0.0282,0.5,-2.244656855054927e-05,0.5,False,False,0.0,0.0,0.0,0.0,0.0,0.0,0,0.0,0.0,0.0,no,TMA7,neutral,no,2380,0.42100840336134454,short
ENSG00000233276,0.0001,0.2585,0.0,0.0,0.0647,0.5,0.0,0.5,False,False,0.0,0.0,0.0,0.0,0.0,0.0,0,0.0,0.0,0.0,no,GPX1,neutral,no,54850,0.12187784867821332,medium
ENSG00000233436,0.0177,0.5223,0.0,0.0,0.1359,0.3373582879561284,0.7869251275988063,0.5,False,False,0.0,0.0,0.0,0.0,0.0,0.0,0,0.0,0.0,0.0,no,BTBD18,neutral,no,64110,0.21244735610669163,medium
ENSG00000234602,0.0001,0.2585,0.0,0.0,0.0647,0.5,0.0,0.5,False,False,0.0,0.0,0.0,0.0,0.0,0.0,0,0.0,0.0,0.0,no,MCIDAS,neutral,no,24090,0.32245745122457453,short
ENSG00000235169,0.0001,0.2585,0.0,0.0,0.0647,0.5,0.0,0.5,False,False,0.0,0.0,0.0,0.0,0.0,0.0,0,0.0,0.0,0.0,no,SMIM1,neutral,no,13640,0.1755131964809384,short
ENSG00000235173,1.0,0.8327,0.15,0.0,0.6582,3.186506614127893e-12,51.55789921646829,1.9027231571034978e-11,True,False,0.0,0.0,0.0,0.0,0.0,0.0,0,0.0,0.0,0.0,no,HGH1,gene-driven,no,35000,0.24485714285714286,medium
ENSG00000235376,0.0001,0.2585,0.0,0.0,0.0647,0.5,0.0,0.5,False,False,0.0,0.0,0.0,0.0,0.0,0.0,0,0.0,0.0,0.0,no,RPEL1,neutral,no,40190,0.18457327693456083,medium
ENSG00000236027,0.0001,0.2585,0.0,0.0,0.0647,0.5,0.0,0.5,False,False,0.0,0.0,0.0,0.0,0.0,0.0,0,0.0,0.0,0.0,no,PATE3,neutral,no,3670,0.3536784741144414,short
ENSG00000236279,0.0001,0.0933,0.0,0.0,0.0234,0.5,-0.0004414591421664,0.5,False,False,0.0,0.0,0.0,0.0,0.0,0.0,0,0.0,0.0,0.0,no,CLEC2L,neutral,no,11310,0.34677276746242264,short
ENSG00000236287,0.0001,0.2585,0.0,0.0,0.0647,0.5,0.0,0.5,False,False,0.0,0.0,0.0,0.0,0.0,0.0,0,0.0,0.0,0.0,no,ZBED5,neutral,no,51510,0.1650359153562415,medium
ENSG00000236320,0.0111,0.4811,0.0,0.0,0.1236,0.3911814780974253,0.4908730154893419,0.5,False,False,0.0,0.4076,0.0,0.0,0.0,0.1426,1,0.0,0.0,0.0,no,SLFN14,neutral,no,77715,0.1717686418323361,medium
ENSG00000236699,1.0,0.8741,0.15,0.0,0.6685,1.110223024625157e-16,72.1844637455979,8.751583715507972e-16,True,False,0.0,0.0,0.0,0.0,0.0,0.0,0,0.0,0.0,0.0,no,ARHGEF38,gene-driven,no,52400,0.1686641221374046,medium
ENSG00000236980,1.0,0.8764,0.15,0.0,0.6691,5.551115123125783e-17,73.05674485786403,4.453426874585104e-16,True,False,0.0,0.0,0.0,0.0,0.0,0.0,0,0.0,0.0,0.0,no,C3orf84,gene-driven,no,13710,0.29336250911743256,short
ENSG00000237136,0.0001,0.2585,0.0,0.0,0.0647,0.5,0.0,0.5,False,False,0.0,0.0,0.0,0.0,0.0,0.0,0,0.0,0.0,0.0,no,C4orf51,neutral,no,9820,0.2735234215885947,short
ENSG00000237190,0.0001,0.0296,0.0,0.0,0.0074,0.5,-0.0056027771424851,0.5,False,False,0.0,0.0,0.0,0.0,0.0,0.0,0,0.0,0.0,0.0,no,CDKN2AIPNL,neutral,no,10570,0.33784295175023654,short
ENSG00000237289,1.0,0.8661,0.15,0.0,0.6665,7.771561172376097e-16,68.174542738343,5.795464058680465e-15,True,False,0.0,0.0,0.0,0.0,0.0,0.0,0,0.0,0.0,0.0,no,CKMT1B,gene-driven,no,91770,0.2031055900621118,long
ENSG00000237353,0.0001,0.1076,0.0,0.0,0.0269,0.5,-9.471742532696226e-05,0.5,False,False,0.0,0.0,0.0,0.0,0.0,0.0,0,0.0,0.0,0.0,no,PATE4,neutral,no,8960,0.21640625,short
ENSG00000237412,0.0017,0.4347,0.0,0.0,0.1092,0.4822495651357912,0.0722926967500825,0.5,False,False,0.0,0.0,0.0,0.0,0.0,0.0,0,0.0,0.0,0.0,no,PRSS56,neutral,no,36240,0.378780353200883,medium
ENSG00000237489,0.0001,0.2585,0.0,0.0,0.0647,0.5,0.0,0.5,False,False,0.0,0.0,0.0,0.0,0.0,0.0,0,0.0,0.0,0.0,no,C10orf143,neutral,no,10030,0.24167497507477567,short
ENSG00000237651,0.923,0.8,0.15,0.3,0.9269,5.580400586069344e-10,41.22688635876148,2.7868386059346307e-09,True,True,1.0,0.0,0.7512,0.0,0.0,0.2629,0,1.9890603598393657,0.0,0.0,no,C2orf74,gene-driven,no,20740,0.18244937319189972,short
ENSG00000239264,0.0829,0.6307,0.0,0.0,0.1825,0.0786334226197142,3.6996225298426,0.212797956534526,False,False,0.0,0.0,0.0,0.0,0.0,0.0,0,0.0,0.0,0.0,no,TXNDC5,neutral,no,73140,0.1937517090511348,medium
ENSG00000239305,0.0001,0.2585,0.0,0.0,0.0647,0.5,0.0,0.5,False,False,0.0,0.0,0.0,0.0,0.0,0.0,0,0.0,0.0,0.0,no,RNF103,neutral,no,64520,0.1665995040297582,medium
ENSG00000239306,0.0001,0.2585,0.0,0.0,0.0647,0.5,0.0,0.5,False,False,0.0,0.0,0.0,0.0,0.0,0.0,0,0.0,0.0,0.0,no,RBM14,neutral,no,189050,0.2082359164242264,long
ENSG00000239732,0.0001,0.2585,0.0,0.0,0.0647,0.5,0.0,0.5,False,False,0.0,0.0,0.0,0.0,0.0,0.0,0,0.0,0.0,0.0,no,TLR9,neutral,no,92880,0.3095176571920758,long
ENSG00000239839,0.043,0.5905,0.0,0.0,0.1605,0.1919900803391831,1.914328785091584,0.4685763786099592,False,False,0.0,0.0,0.0,0.0,0.0,0.0,0,0.0,0.0,0.0,no,DEFA3,neutral,no,4010,0.40473815461346635,short
ENSG00000240021,1.0,0.9168,0.15,0.0,0.6792,0.0,102.4752254573759,0.0,True,False,0.0,0.0,0.7536,0.0,0.0,0.2638,0,2.007269041596455,0.0,0.0,no,TEX35,gene-driven,no,64610,0.18192230304906362,medium
ENSG00000240247,0.0297,0.5571,0.0,0.0,0.1482,0.2579093987708069,1.323999485361128,0.5,False,False,0.0,0.0,0.0,0.0,0.0,0.0,0,0.0,0.0,0.0,no,DEFA1B,neutral,no,4010,0.4049875311720698,short
ENSG00000240303,0.0001,0.2585,0.0,0.0,0.0647,0.5,0.0,0.5,False,False,0.0,0.0,0.1208,0.0,0.0,0.0423,0,0.7252420764176513,0.0,0.0,no,ACAD11,neutral,no,105180,0.17473854344932496,long
ENSG00000240682,1.0,0.9393,0.15,0.0,0.6848,0.0,122.2588886198791,0.0,True,False,0.0,0.0,0.0,0.0,0.0,0.0,0,0.0,0.0,0.0,no,ISY1,gene-driven,no,54040,0.1770540340488527,medium
ENSG00000240720,1.0,0.8418,0.15,0.0,0.6604,3.911315715754426e-13,55.75316842309621,2.46889395560438e-12,True,False,0.0,0.0,0.0,0.0,0.0,0.0,0,0.0,0.0,0.0,no,LRRD1,gene-driven,no,39540,0.22878098128477492,medium
ENSG00000240771,1.0,0.9706,0.15,0.0,0.6927,0.0,179.8347796252565,0.0,True,False,0.0,0.0,0.0,0.0,0.0,0.0,0,0.0,0.0,0.0,no,ARHGEF25,gene-driven,no,70510,0.32418096723868955,medium
ENSG00000241058,0.9033,0.7955,0.15,0.0,0.6199,8.661677486365703e-10,40.34759066620609,4.2321398641633605e-09,True,False,0.0,0.0,0.0,0.0,0.0,0.0,0,0.0,0.0,0.0,no,NSUN6,gene-driven,no,37630,0.21331384533616796,medium
ENSG00000241127,0.0001,0.2585,0.0,0.0,0.0647,0.5,0.0,0.5,False,False,0.0,0.0,0.0,0.0,0.0,0.0,0,0.0,0.0,0.0,no,YAE1,neutral,no,24040,0.24047420965058236,short
ENSG00000241186,0.0514,0.6019,0.0,0.0,0.1659,0.1591750422152923,2.289207214389535,0.3996651489040201,False,False,0.0,0.0,0.0,0.0,0.0,0.0,0,0.0,0.0,0.0,no,TDGF1,neutral,no,12730,0.30243519245875883,short
ENSG00000241399,0.0001,0.2585,0.0,0.0,0.0647,0.5,0.0,0.5,False,False,0.0,0.0,0.0,0.0,0.0,0.0,0,0.0,0.0,0.0,no,CD302,neutral,no,132940,0.08752068602377013,long
ENSG00000241644,0.9751,0.8094,0.15,0.0,0.6449,1.7446510902630047e-10,43.55229841012806,9.14425134137849e-10,True,False,0.0,0.0,0.0,0.0,0.0,0.0,0,0.0,0.0,0.0,no,INMT,gene-driven,no,19150,0.3155613577023499,short
ENSG00000241697,0.0001,0.2585,0.0,0.0,0.0647,0.5,0.0,0.5,False,False,0.0,0.0,0.0,0.0,0.0,0.0,0,0.0,0.0,0.0,no,TMEFF1,neutral,no,67950,0.21255334805003678,medium
ENSG00000242028,1.0,0.8494,0.15,0.0,0.6624,4.851674617611935e-14,59.92638647263175,3.217630606400235e-13,True,False,0.0,0.0,0.0,0.0,0.0,0.0,0,0.0,0.0,0.0,no,HYPK,gene-driven,no,12360,0.2725728155339806,short
ENSG00000243244,1.0,0.8412,0.15,0.0,0.6603,4.84001727585337e-13,55.32698200775485,3.043520345144711e-12,True,False,0.0,0.0,0.0,0.0,0.0,0.0,0,0.0,0.0,0.0,no,STON1,gene-driven,no,171860,0.16011288257884324,long
ENSG00000243284,0.0153,0.5068,0.0,0.0,0.1313,0.3564646229337156,0.6767461957570049,0.5,False,False,0.0,0.0,0.0,0.0,0.0,0.0,0,0.0,0.0,0.0,no,VSIG8,neutral,no,25870,0.31321994588326246,short
ENSG00000243317,0.0001,0.1082,0.0,0.0,0.0271,0.5,-8.672325361658295e-05,0.5,False,False,0.0,0.0,0.0,0.0,0.0,0.0,0,0.0,0.0,0.0,no,STMP1,neutral,no,2820,0.23829787234042554,short
ENSG00000243709,0.0001,0.009,0.0,0.0,0.0023,0.5,-0.0085730662722198,0.5,False,False,0.0,0.0,0.7826,0.0,0.0,0.2739,0,2.1234657912110184,0.0,0.0,no,LEFTY1,neutral,no,42980,0.2165425779432294,medium
ENSG00000243725,0.0005,0.4152,0.0,0.0,0.1039,0.4954136995482615,0.0184298564799974,0.5,False,False,0.0,0.0,0.0,0.0,0.0,0.0,0,0.0,0.0,0.0,no,TTC4,neutral,no,34580,0.19563331405436668,medium
ENSG00000243749,0.0169,0.5181,0.0,0.0,0.1346,0.3432868731050612,0.752083272105665,0.5,False,False,0.0,0.0,0.0,0.0,0.0,0.0,0,0.0,0.0,0.0,no,TMEM35B,neutral,no,5270,0.4872865275142315,short
ENSG00000243943,0.0001,0.2585,0.0,0.0,0.0647,0.5,0.0,0.5,False,False,0.0,0.0,0.6014,0.0,0.0059,0.2114,0,1.373850280872321,0.0,1.0,no,ZNF512,neutral,no,94600,0.1874524312896406,long
ENSG00000244045,1.0,0.8729,0.15,0.0,0.6682,1.665334536937735e-16,71.4248527269865,1.2963026583299364e-15,True,False,0.0,0.0,0.0,0.0,0.0,0.0,0,0.0,0.0,0.0,no,TMEM199,gene-driven,no,13032,0.3235880908532842,short
ENSG00000244219,0.6741,0.764,0.15,0.0,0.5432,1.448962402283982e-07,30.10820150934251,6.13373530975364e-07,True,False,0.0,0.0,0.0,0.0,0.0,0.0,0,0.0,0.0,0.0,no,TMEM225B,gene-driven,no,15770,0.2664552948636652,short
ENSG00000244607,0.0593,0.6134,0.0,0.0,0.1711,0.1334221558416429,2.642179785638291,0.3449281721186755,False,False,0.0,0.0,0.0,0.0,0.0,0.0,0,0.0,0.0,0.0,no,CCDC13,neutral,no,147590,0.1466427264719832,long
ENSG00000244694,1.0,0.892,0.15,0.0,0.673,0.0,82.21002989199769,0.0,True,False,0.0,0.4076,0.0,0.0,0.0,0.1426,1,0.0,0.0,0.0,no,PTCHD4,gene-driven,no,81980,0.233996096608929,long
ENSG00000244731,0.0001,0.0945,0.0,0.0,0.0237,0.5,-0.0004107315035071,0.5,False,False,0.0,0.0,0.0,0.0,0.0,0.0,0,0.0,0.0,0.0,no,,neutral,no,318480,0.26223624717407684,long
ENSG00000247077,0.4908,0.735,0.15,0.0,0.481,8.690362548746666e-06,21.9202974376567,3.2771693189890764e-05,True,False,0.0,0.0,0.0,0.0,0.0,0.0,0,0.0,0.0,0.0,no,PGAM5,gene-driven,no,44110,0.23618227159374292,medium
ENSG00000247596,0.1762,0.6689,0.15,0.0,0.3701,0.0097811405660828,7.868303997856856,0.0295214764415632,True,False,0.0,0.0,0.0,0.0,0.0,0.0,0,0.0,0.0,0.0,no,TWF2,gene-driven,no,62060,0.23306477602320336,medium
ENSG00000247626,0.0807,0.6295,0.0,0.0,0.1816,0.0825671789388559,3.601991692010415,0.2226118725977128,False,False,0.0,0.0,0.0,0.0,0.0,0.0,0,0.0,0.0,0.0,no,MARS2,neutral,no,20840,0.50489443378119,short
ENSG00000248712,0.019,0.5263,0.0,0.0,0.1373,0.327549506324591,0.8459377807876081,0.5,False,False,0.0,0.0,0.0,0.0,0.0,0.0,0,0.0,0.0,0.0,no,CCDC153,neutral,no,14670,0.27205180640763466,short
ENSG00000248746,0.0001,0.2585,0.0,0.0,0.0647,0.5,0.0,0.5,False,False,0.0,0.0,0.0,0.0,0.0,0.0,0,0.0,0.0,0.0,no,ACTN3,neutral,no,95750,0.36826109660574413,long
ENSG00000248771,0.0001,0.0738,0.0,0.0,0.0185,0.5,-0.0012789324737241,0.5,False,False,0.0,0.0,0.0,0.0,0.0,0.0,0,0.0,0.0,0.0,no,SMIM31,neutral,no,4590,0.1925925925925926,short
ENSG00000249481,0.4278,0.7234,0.15,0.0,0.4592,3.554196176053237e-05,19.10329871517752,0.000128384689758,True,False,0.0,0.0,0.0,0.0,0.0,0.0,0,0.0,0.0,0.0,no,SPATS1,gene-driven,no,43550,0.1901033295063146,medium
ENSG00000249581,0.0567,0.6104,0.0,0.0,0.1696,0.1413277100726902,2.527053439479005,0.3625394687475818,False,False,0.0,0.0,0.0,0.0,0.0,0.0,0,0.0,0.0,0.0,no,CLRN2,neutral,no,11390,0.33511852502194905,short
ENSG00000249693,0.0048,0.453,0.0,0.0,0.1147,0.4499813441279124,0.2108039480099251,0.5,False,False,0.0,0.0,0.0,0.0,0.0,0.0,0,0.0,0.0,0.0,no,SPMAP2L,neutral,no,31590,0.24083570750237418,short
ENSG00000249853,0.0305,0.5615,0.0,0.0,0.1495,0.2536342225634187,1.357429875793059,0.5,False,False,0.0,0.4076,0.0,0.0,0.0,0.1426,1,0.0,0.0,0.0,no,HS3ST5,neutral,no,21270,0.2750822755054067,short
ENSG00000249948,0.0001,0.0633,0.0,0.0,0.0159,0.5,-0.0020360368289402,0.5,False,False,0.0,0.4076,0.0,0.0,0.0,0.1426,1,0.0,0.0,0.0,no,GBA3,neutral,no,46780,0.22937152629328772,medium
ENSG00000250298,0.6569,0.7612,0.15,0.0,0.5373,2.13077304966891e-07,29.33692724476714,8.913763792307114e-07,True,False,0.0,0.0,0.0,0.0,0.0,0.0,0,0.0,0.0,0.0,no,GIMD1,gene-driven,no,13110,0.2602593440122044,short
ENSG00000250317,0.0001,0.0101,0.0,0.0,0.0025,0.5,-0.0084351129944479,0.5,False,False,0.0,0.4076,0.0,0.0,0.0,0.1426,1,0.0,0.0,0.0,no,SMIM20,neutral,no,9770,0.2781985670419652,short
ENSG00000251692,0.0001,0.2585,0.0,0.0,0.0647,0.5,0.0,0.5,False,False,0.0,0.0,0.0,0.0,0.0,0.0,0,0.0,0.0,0.0,no,PTX4,neutral,no,45108,0.2705950164050723,medium
ENSG00000253117,0.0205,0.5304,0.0,0.0,0.1387,0.3170271953226225,0.911241077066734,0.5,False,False,0.0,0.0,0.0,0.0,0.0,0.0,0,0.0,0.0,0.0,no,OC90,neutral,no,19570,0.39611650485436894,short
ENSG00000253148,0.0269,0.5474,0.0,0.0,0.1449,0.2748474225904304,1.196783963260714,0.5,False,False,0.0,0.0,0.0,0.0,0.0,0.0,0,0.0,0.0,0.0,no,RGS21,neutral,no,15370,0.18399479505530253,short
ENSG00000253250,0.0001,0.2585,0.0,0.0,0.0647,0.5,0.0,0.5,False,False,0.0,0.4076,0.0,0.0,0.0,0.1426,1,0.0,0.0,0.0,no,C8orf88,neutral,no,14380,0.1468011126564673,short
ENSG00000253710,0.0135,0.4924,0.0,0.0,0.1271,0.3704590916666971,0.5997301472380059,0.5,False,False,0.0,0.0,0.0,0.0,0.0,0.0,0,0.0,0.0,0.0,no,ALG11,neutral,no,95490,0.14126086501204316,long
ENSG00000253719,0.0001,0.3943,0.0,0.0,0.0986,0.4999999999999716,1.13686837721616e-13,0.5,False,False,0.0,0.0,0.0,0.0,0.0,0.0,0,0.0,0.0,0.0,no,ATXN7L3B,neutral,no,2910,0.5353951890034364,short
ENSG00000253831,0.1017,0.6411,0.0,0.0,0.1908,0.0516737217900497,4.539317457540164,0.1439110258587386,False,False,0.0,0.0,0.0,0.0,0.0,0.0,0,0.0,0.0,0.0,no,ETV3L,neutral,no,45170,0.1898605268983839,medium
ENSG00000254402,0.0282,0.5525,0.0,0.0,0.1466,0.2668466112718165,1.255868189355169,0.5,False,False,0.0,0.4076,0.0,0.0,0.0,0.1426,1,0.0,0.0,0.0,no,LRRC24,neutral,no,43310,0.3060494112214269,medium
ENSG00000254598,0.1387,0.6558,0.075,0.0,0.2806,0.0226409633643691,6.189694589229475,0.0657420617480281,False,False,0.0,0.0,0.0,0.0,0.0,0.0,0,0.0,0.0,0.0,no,CSNK2A3,neutral,no,104560,0.16040550879877583,long
ENSG00000254726,0.0001,0.2585,0.0,0.0,0.0647,0.5,0.0,0.5,False,False,0.0,0.0,0.0,0.0,0.0,0.0,0,0.0,0.0,0.0,no,MEX3A,neutral,no,21460,0.46752096924510717,short
ENSG00000254772,0.0141,0.4976,0.0,0.0,0.1286,0.365402626102684,0.6272165351183503,0.5,False,False,0.0,0.0,0.0,0.0,0.0,0.0,0,0.0,0.0,0.0,no,EEF1G,neutral,no,31060,0.25264005151320024,short
ENSG00000255587,0.0001,0.2585,0.0,0.0,0.0647,0.5,0.0,0.5,False,False,0.0,0.0,0.0,0.0,0.0,0.0,0,0.0,0.0,0.0,no,RAB44,neutral,no,61250,0.31949387755102043,medium
ENSG00000256043,0.0106,0.4783,0.0,0.0,0.1227,0.3959501750376093,0.466639431364456,0.5,False,False,0.0,0.0,0.1932,0.0,0.4142,0.1298,0,0.7742909135824754,0.0,60.2,yes,CTSO,neutral,no,76310,0.10770541213471367,medium
ENSG00000256061,0.0041,0.4491,0.0,0.0,0.1135,0.4572012117620733,0.178969032203895,0.5,False,False,0.0,0.0,0.0,0.0,0.0,0.0,0,0.0,0.0,0.0,no,DNAAF4,neutral,no,61650,0.1754257907542579,medium
ENSG00000256162,0.0001,0.2585,0.0,0.0,0.0647,0.5,0.0,0.5,False,False,0.0,0.0,0.0,0.0,0.0,0.0,0,0.0,0.0,0.0,no,SMLR1,neutral,no,6300,0.2903174603174603,short
ENSG00000256269,0.0004,0.4125,0.0,0.0,0.1033,0.4964949435026045,0.0140695985464844,0.5,False,False,0.0,0.0,0.0,0.0,0.0,0.0,0,0.0,0.0,0.0,no,HMBS,neutral,no,152160,0.1611264458464774,long
ENSG00000256394,0.0001,0.2585,0.0,0.0,0.0647,0.5,0.0,0.5,False,False,0.0,0.0,0.0,0.0,0.0,0.0,0,0.0,0.0,0.0,no,ASIC5,neutral,no,26830,0.2335818114051435,short
ENSG00000256453,0.0001,0.2585,0.0,0.0,0.0647,0.5,0.0,0.5,False,False,0.0,0.0,0.0,0.0,0.0,0.0,0,0.0,0.0,0.0,no,DND1,neutral,no,15240,0.4575459317585302,short
ENSG00000256713,0.0001,0.1078,0.0,0.0,0.027,0.5,-9.3583861598745e-05,0.5,False,False,0.0,0.0,0.0,0.0,0.0,0.0,0,0.0,0.0,0.0,no,PGA5,neutral,no,23440,0.26766211604095563,short
ENSG00000256797,0.085,0.6323,0.0,0.0,0.1836,0.075127919519512,3.790831687742866,0.2041701555569931,False,False,0.0,0.0,0.0,0.0,0.0,0.0,0,0.0,0.0,0.0,no,KLRF2,neutral,no,13650,0.19802197802197802,short
ENSG00000256870,0.0001,0.2585,0.0,0.0,0.0647,0.5,0.0,0.5,False,False,0.0,0.0,0.0,0.0,0.0,0.0,0,0.0,0.0,0.0,no,SLC5A8,neutral,no,52740,0.19154342055365947,medium
ENSG00000257057,0.0009,0.4218,0.0,0.0,0.1057,0.4914165016087072,0.0346321161814557,0.5,False,False,0.0,0.0,0.0,0.0,0.0,0.0,0,0.0,0.0,0.0,no,C11orf97,neutral,no,17020,0.15963572267920095,short
ENSG00000257093,0.7567,0.7764,0.15,0.0,0.5711,2.2897270635091622e-08,33.7982018763214,1.0232796418593505e-07,True,False,0.0,0.0,0.0,0.0,0.0,0.0,0,0.0,0.0,0.0,no,DENND11,gene-driven,no,32980,0.2823529411764706,medium
ENSG00000257365,0.0001,0.0131,0.0,0.0,0.0033,0.5,-0.0078456717928929,0.5,False,False,0.0,0.0,0.0,0.0,0.0,0.0,0,0.0,0.0,0.0,no,FNTB,neutral,no,85700,0.20289381563593933,long
ENSG00000257743,0.128,0.6514,0.075,0.0,0.2762,0.0287304558272639,5.713300719420658,0.0823661598183348,False,False,0.0,0.0,0.0,0.0,0.0,0.0,0,0.0,0.0,0.0,no,MGAM2,neutral,no,104620,0.2468074937870388,long
ENSG00000257987,0.6244,0.7571,0.15,0.0,0.5266,4.394194170753707e-07,27.88932861497415,1.8078347233522693e-06,True,False,0.0,0.0,0.0,0.0,0.0,0.0,0,0.0,0.0,0.0,no,SPMIP11,gene-driven,no,8650,0.23248554913294797,short
ENSG00000258102,0.0318,0.5671,0.0,0.0,0.1513,0.2462927078961062,1.416174800547196,0.5,False,False,0.0,0.0,0.0,0.0,0.0,0.0,0,0.0,0.0,0.0,no,MAP1LC3B2,neutral,no,7810,0.24839948783610755,short
ENSG00000258223,1.0,0.8898,0.15,0.0,0.6725,0.0,80.97573260118952,0.0,True,False,0.0,0.0,0.0,0.0,0.0,0.0,0,0.0,0.0,0.0,no,,gene-driven,no,14670,0.25071574642126787,short
ENSG00000258227,1.0,0.8506,0.15,0.0,0.6627,3.9412917374193063e-14,60.34311985321619,2.63494423412952e-13,True,False,0.0,0.0,0.0,0.0,0.0,0.0,0,0.0,0.0,0.0,no,CLEC5A,gene-driven,no,23350,0.24929336188436832,short
ENSG00000258484,0.0133,0.4908,0.0,0.0,0.1267,0.3726143040800928,0.5881285021296208,0.5,False,False,0.0,0.0,0.0,0.0,0.0,0.0,0,0.0,0.0,0.0,no,SPESP1,neutral,no,21760,0.20546875,short
ENSG00000258818,0.0136,0.4932,0.0,0.0,0.1274,0.3695427212961515,0.6046834909884637,0.5,False,False,0.0,0.4076,0.0,0.0,0.0,0.1426,1,0.0,0.0,0.0,no,RNASE4,neutral,no,28860,0.14043659043659043,short
ENSG00000259956,0.0742,0.6246,0.0,0.0,0.1784,0.0956104927942202,3.308651053812355,0.2545859695709056,False,False,0.0,0.0,0.0,0.0,0.0,0.0,0,0.0,0.0,0.0,no,RBM15B,neutral,no,54680,0.2787125091441112,medium
ENSG00000260230,1.0,0.9443,0.15,0.0,0.6861,0.0,127.9710779696434,0.0,True,False,0.0,0.0,0.0,0.0,0.0,0.0,0,0.0,0.0,0.0,no,FRRS1L,gene-driven,no,26920,0.2263372956909361,short
ENSG00000261115,0.0001,0.1092,0.0,0.0,0.0273,0.5,-6.045800455467543e-05,0.5,False,False,0.0,0.4076,0.0,0.0,0.0,0.1426,1,0.0,0.0,0.0,no,TMEM178B,neutral,no,17930,0.3422755158951478,short
ENSG00000261667,0.0001,0.2585,0.0,0.0,0.0647,0.5,0.0,0.5,False,False,0.0,0.0,0.0,0.0,0.0,0.0,0,0.0,0.0,0.0,no,LY6L,neutral,no,6160,0.4152597402597403,short
ENSG00000261787,0.0001,0.2585,0.0,0.0,0.0647,0.5,0.0,0.5,False,False,0.0,0.0,0.0,0.0,0.0,0.0,0,0.0,0.0,0.0,no,TCF24,neutral,no,6120,0.5253267973856209,short
ENSG00000262406,0.0001,0.03,0.0,0.0,0.0075,0.5,-0.0055734245197527,0.5,False,False,0.0,0.0,0.0,0.0,0.0,0.0,0,0.0,0.0,0.0,no,MMP12,neutral,no,23720,0.25050590219224284,short
ENSG00000262655,0.0001,0.039,0.0,0.0,0.0098,0.5,-0.0044164155333419,0.5,False,False,0.0,0.4076,0.0,0.0,0.0,0.1426,1,0.0,0.0,0.0,no,SPON1,neutral,no,88080,0.19608310626702996,long
ENSG00000263513,0.0011,0.426,0.0,0.0,0.1068,0.4894110748067729,0.0428106366252905,0.5,False,False,0.0,0.0,0.0,0.0,0.0,0.0,0,0.0,0.0,0.0,no,FAM72C,neutral,no,24770,0.20577311263625353,short
ENSG00000263528,0.3901,0.7161,0.15,0.0,0.4461,8.239159184031397e-05,17.42175997304003,0.0002900323976034,True,False,0.0,0.0,0.0,0.0,0.0,0.0,0,0.0,0.0,0.0,no,IKBKE,gene-driven,no,91920,0.3091057441253264,long
ENSG00000263639,0.5116,0.7368,0.15,0.0,0.4877,5.467130488490124e-06,22.84721897886811,2.075840232805334e-05,True,False,0.0,0.0,0.0,0.0,0.0,0.0,0,0.0,0.0,0.0,no,MSMB,gene-driven,no,18170,0.15712713263621353,short
ENSG00000263761,0.0001,0.2585,0.0,0.0,0.0647,0.5,0.0,0.5,False,False,0.0,0.0,0.0,0.0,0.0,0.0,0,0.0,0.0,0.0,no,GDF2,neutral,no,16330,0.4538885486834048,short
ENSG00000263961,1.0,0.9065,0.15,0.0,0.6766,0.0,93.1209443027019,0.0,True,False,0.0,0.0,0.0,0.0,0.0,0.0,0,0.0,0.0,0.0,no,RHEX,gene-driven,no,20650,0.22232445520581115,short
ENSG00000265203,0.0001,0.2585,0.0,0.0,0.0647,0.5,0.0,0.5,False,False,0.0,0.0,0.0,0.0,0.0,0.0,0,0.0,0.0,0.0,no,RBP3,neutral,no,44310,0.5299480929812683,medium
ENSG00000266094,0.0055,0.4588,0.0,0.0,0.1163,0.4432809195287901,0.2408087989679188,0.5,False,False,0.0,0.0,0.0,0.0,0.0,0.0,0,0.0,0.0,0.0,no,RASSF5,neutral,no,74810,0.2980483892527737,medium
ENSG00000266200,0.0001,0.0808,0.0,0.0,0.0202,0.5,-0.0009615696253604,0.5,False,False,0.0,0.0,0.0,0.0,0.0,0.0,0,0.0,0.0,0.0,no,PNLIPRP2,neutral,no,89140,0.12068656046668162,long
ENSG00000266524,0.0001,0.2585,0.0,0.0,0.0647,0.5,0.0,0.5,False,False,0.0,0.0,0.0,0.0,0.0,0.0,0,0.0,0.0,0.0,no,GDF10,neutral,no,20990,0.47098618389709385,short
ENSG00000268223,0.0585,0.6126,0.0,0.0,0.1707,0.13554990363425,2.610536466524081,0.3497018779443774,False,False,0.0,0.0,0.0,0.0,0.0,0.0,0,0.0,0.0,0.0,no,ARL14EPL,neutral,no,9820,0.22668024439918533,short
ENSG00000269113,0.0089,0.4725,0.0,0.0,0.1208,0.4106620035830717,0.3936751959226967,0.5,False,False,0.0,0.0,0.0,0.0,0.0,0.0,0,0.0,0.0,0.0,no,TRABD2B,neutral,no,32220,0.34962756052141525,short
ENSG00000269964,0.0001,0.0736,0.0,0.0,0.0184,0.5,-0.0012888646688224,0.5,False,False,0.0,0.0,0.0,0.0,0.0,0.0,0,0.0,0.0,0.0,no,MEI4,neutral,no,35300,0.1685269121813031,medium
ENSG00000272047,0.188,0.6719,0.15,0.0,0.3744,0.0075177861273488,8.394672803629874,0.022898633311349,True,False,0.0,0.0,0.0,0.0,0.0,0.0,0,0.0,0.0,0.0,no,GTF2H5,gene-driven,no,8360,0.14736842105263157,short
ENSG00000273173,1.0,0.8172,0.15,0.0,0.6543,4.6359305283516505e-11,46.20290435127208,2.5339690602221004e-10,True,False,0.0,0.0,0.0,0.0,0.0,0.0,0,0.0,0.0,0.0,no,SNURF,gene-driven,no,7060,0.28739376770538244,short
ENSG00000274286,0.0001,0.2585,0.0,0.0,0.0647,0.5,0.0,0.5,False,False,0.0,0.0,0.0,0.0,0.0,0.0,0,0.0,0.0,0.0,no,ADRA2B,neutral,no,15520,0.5496778350515464,short
ENSG00000275074,0.0001,0.1023,0.0,0.0,0.0256,0.5,-0.0002351648181502,0.5,False,False,0.0,0.0,0.0,0.0,0.0,0.0,0,0.0,0.0,0.0,no,NUDT18,neutral,no,17470,0.3661705781339439,short
ENSG00000275111,0.0001,0.2585,0.0,0.0,0.0647,0.5,0.0,0.5,False,False,0.0,0.0,0.0,0.0,0.0,0.0,0,0.0,0.0,0.0,no,ZNF2,neutral,no,103760,0.16037008481110254,long
ENSG00000275342,0.0065,0.4638,0.0,0.0,0.1179,0.4332702227810029,0.2864929879506235,0.5,False,False,0.0,0.0,0.0,0.0,0.0,0.0,0,0.0,0.0,0.0,no,PRAG1,neutral,no,159380,0.20717153971640107,long
ENSG00000275591,0.1414,0.6566,0.075,0.0,0.2816,0.0213184946823404,6.310066215126426,0.0620469236687895,False,False,0.0,0.0,0.0,0.0,0.0,0.0,0,0.0,0.0,0.0,no,XKR5,neutral,no,63840,0.24647556390977443,medium
ENSG00000276747,0.0804,0.6287,0.0,0.0,0.1813,0.0831592616558843,3.587701027616276,0.2238280127036626,False,False,0.0,0.0,0.0,0.0,0.0,0.0,0,0.0,0.0,0.0,no,PADI6,neutral,no,27080,0.4176144756277696,short
ENSG00000277494,0.0725,0.6228,0.0,0.0,0.1774,0.0993285673566491,3.232349762314698,0.2632180575556594,False,False,0.0,0.0,0.0,0.0,0.0,0.0,0,0.0,0.0,0.0,no,GPIHBP1,neutral,no,30290,0.17887091449323209,short
ENSG00000277586,0.0168,0.5173,0.0,0.0,0.1344,0.3445538137931969,0.744715623492084,0.5,False,False,0.0,0.0,0.0,0.0,0.0,0.0,0,0.0,0.0,0.0,no,NEFL,neutral,no,66050,0.24647993943981833,medium
ENSG00000277893,0.0323,0.5694,0.0,0.0,0.152,0.243852705477671,1.436087442858479,0.5,False,False,0.0,0.0,0.0,0.0,0.0,0.0,0,0.0,0.0,0.0,no,SRD5A2,neutral,no,13690,0.30430971512052596,short
ENSG00000278570,0.2298,0.6838,0.15,0.0,0.3899,0.002959105956808,10.25944183476167,0.009351075622086,True,False,0.0,0.0,0.0,0.0,0.0,0.0,0,0.0,0.0,0.0,no,NR2E3,gene-driven,no,41070,0.28626734842951057,medium
ENSG00000280165,0.0001,0.0149,0.0,0.0,0.0038,0.5,-0.0074787272569665,0.5,False,False,0.0,0.0,0.0,0.0,0.0,0.0,0,0.0,0.0,0.0,no,PCDH20,neutral,no,58410,0.2850196884095189,medium
ENSG00000283128,0.0001,0.2585,0.0,0.0,0.0647,0.5,0.0,0.5,False,False,0.0,0.0,0.0,0.0,0.0,0.0,0,0.0,0.0,0.0,no,ENSG00000283128,neutral,no,38640,0.1296583850931677,medium
ENSG00000283297,0.0001,0.2585,0.0,0.0,0.0647,0.5,0.0,0.5,False,False,0.0,0.0,0.0,0.0,0.0,0.0,0,0.0,0.0,0.0,no,TEX52,neutral,no,11390,0.471729587357331,short
ENSG00000283706,0.0001,0.2585,0.0,0.0,0.0647,0.5,0.0,0.5,False,False,0.0,0.0,0.0,0.0,0.0,0.0,0,0.0,0.0,0.0,no,PRSS50,neutral,no,33280,0.2525240384615385,medium
ENSG00000284844,0.0151,0.5058,0.0,0.0,0.131,0.3580643737444558,0.6677906264740159,0.5,False,False,0.0,0.0,0.0,0.0,0.0,0.0,0,0.0,0.0,0.0,no,TOMT,neutral,no,61350,0.27302363488182557,medium
ENSG00000286095,0.0028,0.4417,0.0,0.0,0.1113,0.4711325701315015,0.1189371575183031,0.5,False,False,0.0,0.0,0.0,0.0,0.0,0.0,0,0.0,0.0,0.0,no,SPEGNB,neutral,no,23900,0.23677824267782427,short
ENSG00000290292,1.0,0.967,0.15,0.0,0.6918,0.0,169.1243024224459,0.0,True,False,0.0,0.0,0.0,0.0,0.0,0.0,0,0.0,0.0,0.0,no,HOMEZ,gene-driven,no,113370,0.15944253329805064,long
