gene_id,phyloP_cds,phyloP_gene_body,phastCons_cds,phastCons_gene_body
ENSG00000000460,2.352540,0.163682,0.699041,0.111047
ENSG00000000971,0.669615,-0.030023,0.345588,0.060283
ENSG00000001084,4.900993,0.161884,0.925938,0.074517
ENSG00000001167,5.576814,0.451058,0.944741,0.123168
ENSG00000001561,3.078381,1.078740,0.722023,0.271717
ENSG00000002745,3.366487,0.695904,0.708429,0.234956
ENSG00000002822,2.762151,-0.225753,0.794456,0.047089
ENSG00000003056,3.171159,0.645967,0.804686,0.182868
ENSG00000003400,0.925839,0.184707,0.296743,0.116475
ENSG00000003436,1.305525,0.027648,0.428488,0.046438
ENSG00000003987,4.016699,0.087056,0.870574,0.067505
ENSG00000003989,4.003764,0.437813,0.765986,0.121293
ENSG00000004059,4.814159,1.025520,0.887952,0.250190
ENSG00000004142,4.808684,0.677514,0.909665,0.156949
ENSG00000004455,4.313269,0.214132,0.900082,0.084951
ENSG00000004700,3.489373,0.303375,0.802296,0.109476
ENSG00000004799,4.011203,0.658259,0.812249,0.194884
ENSG00000004846,2.478424,0.182090,0.644157,0.091715
ENSG00000004866,5.229937,0.233479,0.958616,0.123230
ENSG00000004948,2.973697,0.220199,0.666267,0.090461
ENSG00000005001,0.699436,-0.325086,0.316225,0.077001
ENSG00000005108,4.002718,0.145203,0.827692,0.088857
ENSG00000005156,4.100179,0.597954,0.822814,0.160837
ENSG00000005238,3.202088,1.769560,0.922805,0.522425
ENSG00000005249,4.375300,0.098415,0.919410,0.081394
ENSG00000005448,2.953653,0.959353,0.819957,0.277102
ENSG00000005469,3.450730,0.238525,0.823110,0.139936
ENSG00000005486,1.568500,0.130649,0.632836,0.117029
ENSG00000005700,3.709938,0.316900,0.901184,0.111677
ENSG00000005812,5.240182,0.568240,0.942603,0.136710
ENSG00000005981,3.678808,0.228748,0.832501,0.117592
ENSG00000006042,4.894028,0.339281,0.894578,0.111786
ENSG00000006128,3.123312,0.270875,0.954832,0.122329
ENSG00000006194,1.336015,0.396296,0.455142,0.177367
ENSG00000006377,4.264340,1.256980,0.915396,0.362899
ENSG00000006432,3.783247,0.214570,0.866895,0.094759
ENSG00000006453,3.062186,0.045030,0.766630,0.066898
ENSG00000006530,2.996645,0.059915,0.832570,0.077144
ENSG00000006555,2.436078,0.175020,0.771780,0.114106
ENSG00000006715,4.812031,0.173944,0.931069,0.089859
ENSG00000006831,4.625204,0.375729,0.892995,0.131822
ENSG00000007171,3.429336,0.204630,0.768951,0.096102
ENSG00000007216,3.004558,0.209808,0.669446,0.094658
ENSG00000007341,4.499219,0.381246,0.882860,0.172312
ENSG00000007402,4.126828,0.287526,0.896396,0.148781
ENSG00000007866,4.958793,0.526358,0.921946,0.170858
ENSG00000007908,1.354664,0.263799,0.383966,0.124475
ENSG00000007944,4.595296,0.431518,0.906849,0.146038
ENSG00000007968,2.908232,0.233874,0.710129,0.127736
ENSG00000008018,4.321623,0.069794,0.844010,0.053819
ENSG00000008083,4.874453,-0.027852,0.936386,0.076719
ENSG00000008118,3.365904,0.257238,0.747674,0.098295
ENSG00000008197,5.844797,0.406473,0.976696,0.138348
ENSG00000008256,4.787221,0.003101,0.881215,0.063024
ENSG00000008323,1.647701,0.211283,0.599794,0.128188
ENSG00000008394,2.650524,0.093005,0.731187,0.071201
ENSG00000008405,4.748006,0.223313,0.897890,0.119666
ENSG00000008516,1.030248,-0.099331,0.335104,0.069768
ENSG00000008952,5.097726,0.395297,0.947151,0.121985
ENSG00000009709,5.096236,0.157422,0.903017,0.126075
ENSG00000009724,1.890279,0.129216,0.503516,0.126978
ENSG00000009765,3.391719,0.096819,0.761690,0.084096
ENSG00000009780,5.061143,0.318450,0.956966,0.137197
ENSG00000009790,1.532729,0.133666,0.655820,0.113981
ENSG00000009844,4.187010,0.122493,0.912997,0.085633
ENSG00000009954,3.928719,0.243670,0.888078,0.101812
ENSG00000010017,4.355161,0.156423,0.815686,0.088370
ENSG00000010072,2.371673,0.245275,0.530759,0.120042
ENSG00000010165,3.454537,0.490907,0.816219,0.148623
ENSG00000010244,5.341123,0.537035,0.977748,0.162965
ENSG00000010256,3.468358,0.423744,0.777594,0.152197
ENSG00000010278,3.332876,-0.059421,0.744447,0.059990
ENSG00000010295,3.722233,0.364744,0.870638,0.160988
ENSG00000010322,3.003289,0.350865,0.817081,0.157901
ENSG00000010539,1.009761,0.175130,0.376293,0.122670
ENSG00000010704,0.771829,-0.066166,0.317662,0.066455
ENSG00000010803,4.060511,0.210584,0.945441,0.160160
ENSG00000011007,2.723130,0.435980,0.713846,0.169302
ENSG00000011021,4.859874,0.273717,0.905291,0.105771
ENSG00000011083,3.699572,0.323281,0.886137,0.129962
ENSG00000011114,4.604504,0.388723,0.916309,0.120226
ENSG00000011376,3.606315,0.038497,0.786127,0.065805
ENSG00000011405,4.097134,0.428984,0.929328,0.147765
ENSG00000011465,4.074701,0.126178,0.869578,0.066243
ENSG00000012171,2.459571,0.681359,0.613207,0.238401
ENSG00000012232,5.093261,0.429289,0.906284,0.113496
ENSG00000012660,4.406128,0.093987,0.902225,0.078910
ENSG00000012779,4.524308,0.037180,0.879377,0.073308
ENSG00000012822,2.356328,0.446745,0.879555,0.196390
ENSG00000012963,3.368804,0.330005,0.808238,0.127491
ENSG00000013016,5.315791,0.220377,0.906016,0.085958
ENSG00000013293,4.527918,0.293684,0.899524,0.116700
ENSG00000013297,3.823661,0.193630,0.874650,0.100466
ENSG00000013374,2.807085,0.035071,0.809942,0.083075
ENSG00000013392,2.983210,1.560900,0.773090,0.420995
ENSG00000013441,3.515866,0.854121,0.793554,0.246053
ENSG00000013561,4.023440,0.609711,0.895030,0.203406
ENSG00000013583,2.692021,0.064183,0.831411,0.064204
ENSG00000013810,0.767842,-0.138708,0.294009,0.074195
ENSG00000014123,3.982425,0.404786,0.912354,0.119819
ENSG00000014138,2.895261,0.101361,0.734557,0.086615
ENSG00000014164,1.250501,-0.201140,0.424409,0.090031
ENSG00000014257,1.843333,0.082871,0.594820,0.058423
ENSG00000014641,5.216509,0.471517,0.949597,0.131559
ENSG00000014824,4.359549,0.242605,0.915648,0.118439
ENSG00000014914,2.315929,0.837708,0.838512,0.308002
ENSG00000014919,4.009274,0.365710,0.849028,0.119032
ENSG00000015520,2.351067,0.235364,0.606443,0.149565
ENSG00000015592,4.243823,0.392655,0.934451,0.154000
ENSG00000016082,5.854656,1.045120,0.956827,0.311213
ENSG00000016391,3.669775,0.851314,0.783672,0.237587
ENSG00000016490,1.854549,0.204042,0.607291,0.085172
ENSG00000016602,1.590980,0.217595,0.516275,0.134174
ENSG00000016864,3.755915,0.872279,0.865769,0.216336
ENSG00000017427,4.715498,0.375165,0.951910,0.191111
ENSG00000018280,3.440703,0.382262,0.723097,0.128868
ENSG00000018408,3.923413,0.120702,0.882155,0.084507
ENSG00000018510,4.682423,0.295745,0.949143,0.150610
ENSG00000019102,1.495844,0.310104,0.700342,0.187508
ENSG00000019485,4.139523,0.305992,0.884843,0.125275
ENSG00000019505,2.841724,-0.024584,0.840965,0.058187
ENSG00000019582,1.965169,0.124160,0.691923,0.099201
ENSG00000019995,5.345629,0.274649,0.920618,0.094492
ENSG00000020633,3.985742,0.160473,0.917490,0.134102
ENSG00000020922,3.709088,0.173827,0.859032,0.082120
ENSG00000021355,2.560244,0.294941,0.596466,0.116889
ENSG00000021852,2.172458,0.087887,0.644650,0.097363
ENSG00000022840,4.093470,0.280547,0.913754,0.122135
ENSG00000023041,4.710665,0.488539,0.941617,0.128870
ENSG00000023318,4.793921,0.223161,0.981116,0.154272
ENSG00000023516,2.649863,0.582223,0.689802,0.184529
ENSG00000023572,2.298704,0.075745,0.591736,0.055249
ENSG00000023608,2.438812,0.140871,0.773581,0.083043
ENSG00000023697,4.203637,0.232639,0.879612,0.137182
ENSG00000023902,3.212953,0.428829,0.802168,0.163773
ENSG00000023909,4.023714,0.369950,0.948739,0.133271
ENSG00000024048,4.456664,0.278940,0.931314,0.119526
ENSG00000024862,4.131122,0.220468,0.908939,0.080961
ENSG00000025039,4.667151,0.225189,0.909746,0.100099
ENSG00000025156,3.872694,0.303554,0.933986,0.117375
ENSG00000026751,0.288723,0.022107,0.222684,0.043983
ENSG00000027644,3.472888,0.786981,0.784757,0.233374
ENSG00000027697,0.365827,0.026239,0.245636,0.059430
ENSG00000027869,0.971531,-0.015335,0.440834,0.074890
ENSG00000028137,0.547645,-0.123873,0.356763,0.045902
ENSG00000028310,3.893901,-0.011976,0.874872,0.082993
ENSG00000028839,5.446020,0.484951,0.990712,0.120915
ENSG00000029364,4.943451,0.187476,0.909195,0.138346
ENSG00000029559,1.500671,0.295853,0.590282,0.133482
ENSG00000029639,3.680528,0.096709,0.759951,0.071502
ENSG00000030304,3.972004,0.178928,0.866379,0.088551
ENSG00000030419,4.840883,0.281501,0.985874,0.121891
ENSG00000031691,1.263353,0.121742,0.562644,0.112630
ENSG00000032219,3.836723,0.345827,0.862398,0.127522
ENSG00000032389,4.840755,-0.162336,0.930380,0.046821
ENSG00000033100,4.012524,1.921270,0.863426,0.444928
ENSG00000034677,4.905411,0.612057,0.937440,0.170509
ENSG00000034971,2.010345,0.094314,0.596403,0.084862
ENSG00000035115,3.430487,-0.062970,0.784419,0.053874
ENSG00000035403,5.416308,0.353828,0.951686,0.152050
ENSG00000035499,3.301745,0.144659,0.846517,0.121428
ENSG00000035681,3.919195,0.140722,0.875537,0.097902
ENSG00000035687,4.443717,0.252928,0.897724,0.095498
ENSG00000035720,1.916894,0.134269,0.778829,0.106684
ENSG00000036549,3.913448,0.278053,0.949184,0.118181
ENSG00000036565,3.240840,0.137009,0.684717,0.075815
ENSG00000037749,3.235752,1.134990,0.779342,0.331967
ENSG00000038219,1.405905,0.188366,0.466706,0.109658
ENSG00000038274,4.066508,0.335954,0.928849,0.124994
ENSG00000039600,2.000764,0.321518,0.692926,0.140161
ENSG00000040487,2.792736,0.041765,0.675695,0.081911
ENSG00000040731,4.140439,0.083103,0.876765,0.072099
ENSG00000041515,2.841019,-0.089849,0.742429,0.045733
ENSG00000041880,2.574946,0.738623,0.649779,0.226606
ENSG00000043039,3.972358,0.075394,0.782209,0.078241
ENSG00000043093,5.727743,0.252680,0.985115,0.103121
ENSG00000043143,3.703815,0.196545,0.823384,0.107644
ENSG00000043355,3.919205,2.307490,0.857240,0.630354
ENSG00000043462,2.146757,-0.006185,0.744281,0.052787
ENSG00000044012,0.776166,-0.092207,0.440592,0.083539
ENSG00000044115,5.418069,0.326676,0.917894,0.156216
ENSG00000044459,2.472749,0.250736,0.818164,0.136570
ENSG00000044524,5.149893,0.117543,0.915175,0.088250
ENSG00000044574,5.244543,2.305830,0.939297,0.440071
ENSG00000046889,4.900849,0.154319,0.929173,0.078212
ENSG00000047410,3.774265,0.488138,0.906947,0.154976
ENSG00000047579,3.128440,0.044738,0.813563,0.082911
ENSG00000047621,4.429387,0.290373,0.920458,0.103841
ENSG00000047662,1.509028,0.050112,0.637388,0.079283
ENSG00000047936,2.015479,0.195367,0.724684,0.113863
ENSG00000048544,2.976929,0.220935,0.761907,0.099005
ENSG00000048545,4.126434,0.285394,0.826259,0.113798
ENSG00000048740,6.179688,0.149479,0.975617,0.115746
ENSG00000049167,4.042222,0.213170,0.946675,0.135292
ENSG00000049192,5.321524,0.324238,0.976557,0.157836
ENSG00000049239,3.132489,0.064148,0.742526,0.113846
ENSG00000049245,4.568670,0.097069,0.807913,0.059422
ENSG00000049246,1.367614,0.024456,0.438845,0.067030
ENSG00000050130,4.612286,0.361539,0.881587,0.130558
ENSG00000050165,2.264175,-0.027045,0.708554,0.052347
ENSG00000050344,1.295562,0.084576,0.392824,0.094271
ENSG00000050426,2.095159,0.273438,0.780459,0.129627
ENSG00000050438,4.251068,0.319437,0.793532,0.132679
ENSG00000050555,2.190286,-0.034300,0.570288,0.067518
ENSG00000050730,1.322791,0.107599,0.578008,0.078051
ENSG00000051009,3.371533,1.002760,0.824690,0.270742
ENSG00000051180,5.557115,0.234948,0.952675,0.109102
ENSG00000051596,4.920374,0.662253,0.880773,0.155519
ENSG00000052723,3.507002,0.548243,0.903615,0.241565
ENSG00000053108,3.339214,0.004845,0.767210,0.076808
ENSG00000053328,2.655299,0.166247,0.699408,0.109197
ENSG00000053372,4.199188,0.274801,0.884420,0.108622
ENSG00000053770,3.351209,0.409462,0.864960,0.131056
ENSG00000053918,2.943289,-0.170382,0.720432,0.081492
ENSG00000054116,5.584099,0.314310,0.967072,0.112039
ENSG00000054118,3.489578,0.713835,0.905621,0.249687
ENSG00000054179,1.366420,-0.038883,0.447739,0.145400
ENSG00000054965,5.041239,0.289584,0.952984,0.142406
ENSG00000055044,4.762802,0.231893,0.933529,0.101109
ENSG00000055118,3.423595,0.247781,0.762418,0.147447
ENSG00000055211,2.156319,0.119242,0.761324,0.095064
ENSG00000055813,3.783618,0.110260,0.876774,0.085030
ENSG00000056050,3.571260,0.142869,0.883287,0.075400
ENSG00000056291,2.966134,0.230349,0.618205,0.110981
ENSG00000056736,1.263785,0.084431,0.516357,0.081215
ENSG00000057252,3.453768,0.200727,0.782917,0.113867
ENSG00000057294,2.140761,0.126028,0.693287,0.098786
ENSG00000057468,3.724544,0.207770,0.852157,0.135096
ENSG00000057593,1.853486,-0.372054,0.471970,0.059251
ENSG00000057663,5.079227,0.195776,0.974033,0.104802
ENSG00000057757,4.643449,0.440719,0.943431,0.160190
ENSG00000058056,4.636451,0.121852,0.916887,0.073091
ENSG00000058063,4.777312,0.294491,0.942833,0.111863
ENSG00000058085,2.242855,0.171865,0.679353,0.091642
ENSG00000058091,5.101082,0.148171,0.968989,0.103064
ENSG00000058262,5.782250,0.366266,0.908613,0.100669
ENSG00000058668,4.287450,0.303473,0.765855,0.117481
ENSG00000058729,3.444425,0.354716,0.745572,0.106531
ENSG00000058804,2.823914,0.173000,0.839322,0.102487
ENSG00000058866,3.752557,0.147499,0.849865,0.092941
ENSG00000059377,2.418492,0.008367,0.710221,0.078751
ENSG00000059588,2.230006,0.074644,0.637084,0.069597
ENSG00000059769,3.819502,0.404773,0.829976,0.141564
ENSG00000060339,5.102029,0.345522,0.959457,0.138619
ENSG00000060642,2.799510,0.662520,0.693005,0.204698
ENSG00000060688,5.071165,0.257160,0.931852,0.111918
ENSG00000060982,3.255843,0.097153,0.769502,0.091589
ENSG00000061337,2.872206,0.809484,0.794414,0.273054
ENSG00000061492,3.665610,0.672170,0.758705,0.189044
ENSG00000061676,5.714063,0.351449,0.979695,0.116782
ENSG00000062194,3.727289,0.200094,0.977636,0.122246
ENSG00000062524,2.045486,0.562700,0.595259,0.192465
ENSG00000063660,1.056016,-0.624230,0.393769,0.032697
ENSG00000064199,2.089258,0.249852,0.675066,0.178386
ENSG00000064201,-0.119488,-0.632851,0.113436,0.018643
ENSG00000064218,3.386750,0.333580,0.766711,0.137594
ENSG00000064393,4.949329,0.054166,0.920649,0.077260
ENSG00000064419,5.317889,0.348091,0.954078,0.150923
ENSG00000064651,3.962619,0.276049,0.824819,0.111636
ENSG00000064703,2.931720,0.780446,0.684200,0.206977
ENSG00000064763,3.770421,0.128090,0.828599,0.076176
ENSG00000064886,1.684046,0.230452,0.501659,0.096855
ENSG00000064995,3.600271,0.375317,0.795815,0.157235
ENSG00000064999,3.897287,0.126816,0.834326,0.101891
ENSG00000065060,3.151395,0.256934,0.755823,0.165643
ENSG00000065135,5.564040,0.305969,0.942570,0.121899
ENSG00000065154,4.209604,0.361214,0.799806,0.110145
ENSG00000065243,4.935449,0.232573,0.959413,0.115154
ENSG00000065308,4.368802,0.028503,0.917824,0.068418
ENSG00000065357,3.642387,0.594750,0.804882,0.179192
ENSG00000065491,4.694510,0.163859,0.909391,0.094552
ENSG00000065518,2.030741,0.248784,0.670132,0.114149
ENSG00000065548,4.975786,0.339727,0.951405,0.110339
ENSG00000065600,3.757825,0.029271,0.892742,0.085645
ENSG00000065615,3.007267,0.136331,0.885567,0.096677
ENSG00000065621,2.490049,0.068288,0.763892,0.062835
ENSG00000065675,4.358640,0.044317,0.863959,0.064356
ENSG00000065802,3.646357,0.072429,0.822319,0.078216
ENSG00000065833,4.048828,0.150429,0.879025,0.099596
ENSG00000065970,3.309153,0.440261,0.873976,0.167010
ENSG00000066027,4.965706,0.295840,0.968552,0.158431
ENSG00000066056,3.687047,0.588154,0.837839,0.172173
ENSG00000066185,2.044320,0.165227,0.735819,0.083322
ENSG00000066294,0.546184,0.056867,0.296172,0.064726
ENSG00000066336,3.604460,-0.037488,0.905868,0.073079
ENSG00000066379,2.652121,0.329996,0.692796,0.134046
ENSG00000066405,3.232672,0.224432,0.820500,0.086172
ENSG00000066422,3.850494,0.530599,0.834052,0.156225
ENSG00000066855,2.634244,0.152977,0.724862,0.105800
ENSG00000067082,4.805338,1.270690,0.911533,0.412649
ENSG00000067113,3.861014,0.169926,0.902667,0.103414
ENSG00000067221,2.861790,0.359220,0.800821,0.136461
ENSG00000067334,1.623582,0.455958,0.475033,0.165047
ENSG00000067533,2.594838,0.074826,0.665096,0.065885
ENSG00000067704,3.579677,0.228297,0.792495,0.106979
ENSG00000068028,3.539412,0.421364,0.835748,0.143369
ENSG00000068650,4.224410,-0.142178,0.839225,0.047085
ENSG00000068654,3.678399,0.176939,0.793042,0.095797
ENSG00000068697,4.765213,0.202257,0.960479,0.085017
ENSG00000068745,4.572992,1.299850,0.931740,0.374532
ENSG00000068784,3.327412,0.292385,0.836943,0.137333
ENSG00000068831,2.842069,0.384566,0.770836,0.182058
ENSG00000068912,4.553619,0.353859,0.931826,0.131382
ENSG00000068976,4.608727,0.783448,0.841426,0.194726
ENSG00000069206,1.446920,0.026995,0.522609,0.055043
ENSG00000069275,4.340654,0.185633,0.955403,0.090469
ENSG00000069482,0.684526,-0.401250,0.413615,0.035478
ENSG00000069667,5.702359,0.188396,0.974393,0.132945
ENSG00000069869,4.076379,0.178552,0.871179,0.113935
ENSG00000069956,5.295780,0.669929,0.971318,0.168173
ENSG00000069966,4.936990,0.080695,0.919377,0.082395
ENSG00000070019,3.079830,0.146082,0.742869,0.074340
ENSG00000070047,1.551401,-0.041793,0.440259,0.091487
ENSG00000070087,4.881360,0.846052,0.977071,0.262003
ENSG00000070159,3.797282,0.074293,0.902636,0.070137
ENSG00000070190,3.720926,0.045907,0.840073,0.046709
ENSG00000070193,4.309046,0.297123,0.956307,0.139524
ENSG00000070269,3.331331,0.424040,0.824350,0.163523
ENSG00000070367,5.454499,0.361725,0.988235,0.125625
ENSG00000070610,3.681229,1.056570,0.788694,0.258654
ENSG00000070748,3.442618,0.127295,0.732122,0.093551
ENSG00000070756,5.768326,0.672273,0.979798,0.163424
ENSG00000070759,3.676096,0.218690,0.825779,0.150526
ENSG00000070886,3.685720,0.130073,0.798638,0.106820
ENSG00000070985,2.350555,-0.047883,0.653696,0.139887
ENSG00000071073,4.678873,0.153948,0.948038,0.087235
ENSG00000071189,5.223175,0.230576,0.978567,0.114420
ENSG00000071243,5.492522,0.434756,0.946054,0.126967
ENSG00000071246,4.819299,0.214450,0.899001,0.090214
ENSG00000071462,3.555720,0.040278,0.794760,0.072283
ENSG00000071537,4.418961,0.274002,0.912452,0.108814
ENSG00000071575,5.444095,0.152898,0.954153,0.121547
ENSG00000071677,0.987337,0.052195,0.397720,0.188950
ENSG00000072042,3.428856,0.290635,0.786877,0.101804
ENSG00000072080,0.816483,-0.116000,0.362237,0.032517
ENSG00000072134,3.675281,-0.002247,0.797573,0.060616
ENSG00000072182,3.574271,0.335763,0.868477,0.163048
ENSG00000072401,5.375739,0.274212,0.946669,0.122661
ENSG00000072415,4.762814,0.339709,0.970197,0.131181
ENSG00000072422,4.450010,0.413894,0.859576,0.156315
ENSG00000072571,2.114733,0.213386,0.763577,0.104817
ENSG00000072609,3.269540,-0.010546,0.737630,0.062622
ENSG00000072832,3.825775,-0.071393,0.852729,0.047328
ENSG00000072840,1.287825,-0.116897,0.567224,0.056880
ENSG00000072858,3.785576,0.183678,0.865058,0.082872
ENSG00000073060,2.785156,-0.116232,0.702282,0.045680
ENSG00000073067,1.159082,-0.282950,0.392290,0.121665
ENSG00000073598,1.300519,0.127316,0.642275,0.116745
ENSG00000073734,3.893093,0.278025,0.835167,0.127138
ENSG00000073737,2.683579,0.283673,0.682209,0.126482
ENSG00000073754,0.747192,-0.006346,0.304386,0.051573
ENSG00000073756,4.025800,1.279270,0.826791,0.293286
ENSG00000073792,4.544302,0.123073,0.916005,0.089732
ENSG00000074071,2.286145,1.624110,0.723078,0.548225
ENSG00000074211,4.805938,-0.144110,0.925176,0.036633
ENSG00000074276,1.299612,0.094237,0.477827,0.094663
ENSG00000074317,3.669492,0.160725,0.898858,0.094987
ENSG00000074410,2.769869,0.050217,0.732362,0.063261
ENSG00000074416,3.169252,-0.135969,0.819973,0.044998
ENSG00000074771,3.108720,0.279208,0.794632,0.163635
ENSG00000074935,4.523611,0.574134,0.912255,0.144828
ENSG00000075073,3.011619,0.233654,0.661921,0.099504
ENSG00000075142,3.826257,0.219098,0.854998,0.087118
ENSG00000075188,3.990789,0.254702,0.936216,0.118412
ENSG00000075290,4.972309,0.402833,0.918040,0.133301
ENSG00000075303,3.545818,0.292998,0.839858,0.107236
ENSG00000075407,0.253291,0.063255,0.232594,0.102044
ENSG00000075420,4.243629,0.105236,0.881504,0.079481
ENSG00000075673,4.113146,0.384545,0.811488,0.127455
ENSG00000075884,3.750802,0.487275,0.924971,0.209739
ENSG00000075914,4.574253,0.087041,0.906191,0.068823
ENSG00000075945,4.622876,0.327903,0.953576,0.137791
ENSG00000075975,3.432668,0.134828,0.735612,0.077397
ENSG00000076003,4.917661,0.395824,0.935653,0.113326
ENSG00000076053,2.669829,0.331403,0.800941,0.131157
ENSG00000076067,3.971995,0.134999,0.822549,0.117264
ENSG00000076248,3.456158,0.140390,0.757397,0.095457
ENSG00000076321,5.706004,0.292849,0.949533,0.174853
ENSG00000076356,4.608079,0.241179,0.891060,0.141110
ENSG00000076513,4.154401,0.256214,0.842576,0.107142
ENSG00000076604,4.501385,1.352600,0.936056,0.370930
ENSG00000076641,2.298181,0.027993,0.651082,0.078120
ENSG00000076706,1.601757,0.389144,0.557135,0.204661
ENSG00000077092,5.586888,0.172693,0.952662,0.121494
ENSG00000077097,4.636246,0.489638,0.936039,0.136013
ENSG00000077150,3.065546,1.369720,0.782664,0.373837
ENSG00000077152,3.433853,0.596204,0.717956,0.154666
ENSG00000077157,3.196985,0.145900,0.820077,0.100597
ENSG00000077232,4.170732,0.213907,0.937171,0.108807
ENSG00000077327,4.044626,0.254115,0.910408,0.119045
ENSG00000077420,2.755028,0.089323,0.640814,0.072275
ENSG00000077498,3.344457,0.096497,0.741966,0.077513
ENSG00000077943,3.404213,0.110338,0.847834,0.079504
ENSG00000078124,3.581110,0.168748,0.960820,0.161470
ENSG00000078177,2.055643,0.348197,0.592809,0.159913
ENSG00000078237,1.987306,0.107491,0.627064,0.116493
ENSG00000078295,4.361462,-0.106463,0.859043,0.036136
ENSG00000078399,3.670062,1.878960,0.891430,0.512082
ENSG00000078401,2.167344,0.337114,0.675159,0.180712
ENSG00000078725,5.062455,0.103478,0.951404,0.098078
ENSG00000078900,4.211087,-0.286671,0.848177,0.067454
ENSG00000079277,4.493105,0.494378,0.896998,0.193066
ENSG00000079393,1.994629,0.419310,0.632197,0.157002
ENSG00000079459,3.965197,0.123589,0.882880,0.078463
ENSG00000079557,0.659648,0.069340,0.296715,0.067770
ENSG00000079689,3.195542,0.079493,0.815520,0.064843
ENSG00000079739,4.688694,0.201230,0.861669,0.091282
ENSG00000079931,3.132344,0.152737,0.811351,0.099778
ENSG00000079950,3.678993,0.093689,0.905912,0.061719
ENSG00000080007,2.938217,0.304557,0.739065,0.121194
ENSG00000080166,3.568980,0.181930,0.780109,0.086820
ENSG00000080293,2.570369,-0.015903,0.664514,0.055348
ENSG00000080298,5.303520,0.183060,0.970442,0.083837
ENSG00000080371,5.333837,0.265418,0.973782,0.109970
ENSG00000080546,4.655521,0.316063,0.914881,0.138578
ENSG00000080608,3.232688,0.195993,0.825874,0.085840
ENSG00000080802,5.838175,0.375263,0.991139,0.126335
ENSG00000080815,4.596321,0.178796,0.891364,0.095777
ENSG00000080819,3.343830,0.344701,0.745374,0.105666
ENSG00000081014,3.395362,0.297541,0.822455,0.155057
ENSG00000081019,3.907395,0.444124,0.958164,0.167102
ENSG00000081026,3.394302,0.215859,0.750314,0.152036
ENSG00000081051,1.155067,0.113454,0.423685,0.069219
ENSG00000081148,2.224851,0.216795,0.680376,0.113739
ENSG00000081177,3.463492,0.306830,0.817219,0.182209
ENSG00000081181,3.751434,0.227313,0.859946,0.103918
ENSG00000081277,3.019496,-0.034825,0.863697,0.079099
ENSG00000081307,4.560411,0.505917,0.898933,0.142176
ENSG00000081320,3.502578,0.259806,0.871344,0.094574
ENSG00000081692,2.959085,1.162710,0.722789,0.334640
ENSG00000081760,4.127498,-0.084642,0.847014,0.054389
ENSG00000081791,1.402593,0.237648,0.564396,0.132271
ENSG00000081800,3.206883,0.145226,0.781040,0.081794
ENSG00000082068,4.300900,0.184545,0.913857,0.141641
ENSG00000082074,1.808499,0.129568,0.663902,0.079510
ENSG00000082293,2.862487,0.175829,0.833997,0.108335
ENSG00000082497,2.725983,0.847247,0.838224,0.300483
ENSG00000082512,2.837895,0.275845,0.829194,0.114530
ENSG00000082515,3.554919,0.240973,0.827393,0.115123
ENSG00000082516,3.082193,0.308996,0.792018,0.116415
ENSG00000082556,4.106387,0.169605,0.810323,0.067511
ENSG00000082996,4.701477,0.190002,0.922450,0.132351
ENSG00000083123,4.353793,0.112449,0.849980,0.093308
ENSG00000083168,3.986980,0.341544,0.872427,0.125075
ENSG00000083520,4.484809,0.660391,0.908043,0.164706
ENSG00000083535,3.801820,0.176782,0.909920,0.103633
ENSG00000083635,1.582313,0.146199,0.587177,0.091893
ENSG00000083720,4.379988,0.177917,0.893993,0.098113
ENSG00000083782,3.319398,0.094607,0.854082,0.068123
ENSG00000083937,5.415691,0.211272,0.972467,0.091365
ENSG00000084073,4.734761,0.336210,0.936817,0.131940
ENSG00000084092,2.266284,0.367842,0.590652,0.131564
ENSG00000084093,2.119289,0.354168,0.492964,0.126300
ENSG00000084110,4.624338,0.438680,0.891614,0.117283
ENSG00000084444,2.550408,0.142643,0.785549,0.093631
ENSG00000084628,4.939322,0.091840,0.935871,0.086796
ENSG00000084652,3.849537,0.394882,0.807366,0.130094
ENSG00000084710,4.702393,0.099557,0.885441,0.080463
ENSG00000084731,3.880453,0.187919,0.853273,0.110552
ENSG00000084733,5.964423,0.140379,0.991110,0.111293
ENSG00000084764,4.728741,1.155220,0.907807,0.305056
ENSG00000085365,4.540206,0.117468,0.945548,0.110928
ENSG00000085491,3.653211,0.141177,0.770817,0.094780
ENSG00000085552,2.295651,0.475692,0.647556,0.191585
ENSG00000085662,3.143031,-0.046714,0.678653,0.052171
ENSG00000085733,3.706348,-0.168918,0.791822,0.067041
ENSG00000085840,2.370075,0.254015,0.616521,0.114370
ENSG00000085871,1.677670,0.121511,0.662556,0.129554
ENSG00000085978,4.468052,0.082431,0.879493,0.080449
ENSG00000086062,2.725653,0.133999,0.636767,0.080331
ENSG00000086065,5.367637,0.327988,0.953676,0.101937
ENSG00000086102,3.619650,0.253588,0.853717,0.128819
ENSG00000086159,1.818133,0.515786,0.529419,0.220687
ENSG00000086189,4.466418,0.405263,0.880263,0.146707
ENSG00000086289,3.349396,0.133132,0.787672,0.094309
ENSG00000086300,3.456046,0.377169,0.906570,0.156560
ENSG00000086589,5.341079,0.835492,0.941555,0.170027
ENSG00000086619,4.228037,0.172572,0.903981,0.083805
ENSG00000086730,0.368221,-0.184779,0.343727,0.060668
ENSG00000086827,3.491859,0.353665,0.849899,0.149832
ENSG00000087085,2.551759,1.244760,0.639435,0.377270
ENSG00000087095,5.678570,0.335272,0.984994,0.166916
ENSG00000087111,3.572387,0.448445,0.843069,0.163159
ENSG00000087116,3.253400,-0.120661,0.747297,0.052316
ENSG00000087206,1.876919,0.269867,0.786447,0.159369
ENSG00000087299,3.597368,0.184100,0.820274,0.128584
ENSG00000087301,1.896429,0.163296,0.701098,0.122992
ENSG00000087302,4.950797,0.291101,0.951541,0.097645
ENSG00000087338,4.234919,0.293764,0.927811,0.115890
ENSG00000087494,2.972051,0.437844,0.800744,0.182569
ENSG00000087884,4.403732,0.197492,0.896096,0.162885
ENSG00000088035,3.296114,0.206966,0.826552,0.142196
ENSG00000088280,2.918019,0.204497,0.741585,0.103318
ENSG00000088386,2.980963,0.013154,0.635301,0.067312
ENSG00000088451,3.507367,0.232536,0.927454,0.117117
ENSG00000088726,1.306399,0.030044,0.551029,0.083133
ENSG00000088808,3.977288,0.061530,0.812950,0.080062
ENSG00000088926,1.919582,0.125207,0.591200,0.082619
ENSG00000088992,3.255776,-0.171600,0.922493,0.036366
ENSG00000089041,1.892560,0.063262,0.628029,0.077535
ENSG00000089116,4.393958,0.540009,0.904988,0.214955
ENSG00000089127,0.399466,-0.052389,0.335662,0.084491
ENSG00000089169,3.571872,0.030742,0.775650,0.061287
ENSG00000089225,4.778266,0.101528,0.896345,0.101056
ENSG00000089234,4.549966,0.275144,0.913864,0.132117
ENSG00000089250,4.275184,0.104179,0.861783,0.086342
ENSG00000089597,3.496854,0.554160,0.793520,0.172216
ENSG00000089692,0.722634,0.200413,0.344107,0.151919
ENSG00000089723,3.078487,-0.039029,0.879530,0.054982
ENSG00000089737,2.990342,0.305002,0.669553,0.157417
ENSG00000089775,3.202425,1.274950,0.794660,0.358872
ENSG00000089818,3.982671,0.302618,0.912899,0.111417
ENSG00000089902,3.969535,0.034323,0.869766,0.067754
ENSG00000090054,4.061707,0.091133,0.907323,0.104629
ENSG00000090060,5.024866,0.221264,0.982157,0.095030
ENSG00000090104,2.854295,0.518441,0.749934,0.160548
ENSG00000090263,4.041667,0.347610,0.841412,0.113377
ENSG00000090266,2.628326,0.102543,0.593746,0.073261
ENSG00000090273,4.646125,0.220633,0.904355,0.132718
ENSG00000090402,2.722209,0.110818,0.650112,0.073848
ENSG00000090432,3.404773,0.484848,0.815736,0.166916
ENSG00000090470,1.962226,0.255321,0.621765,0.121117
ENSG00000090520,5.280060,0.520246,0.952802,0.134616
ENSG00000090530,2.959269,0.070425,0.743577,0.065483
ENSG00000090539,2.791509,0.944539,0.780414,0.301497
ENSG00000090581,2.471535,0.003137,0.583109,0.085840
ENSG00000090686,4.363272,0.144985,0.913823,0.090506
ENSG00000090975,4.134779,0.185831,0.817530,0.115208
ENSG00000091128,1.602170,0.122013,0.523921,0.084253
ENSG00000091138,2.842697,0.313766,0.698646,0.109629
ENSG00000091140,5.163463,0.379206,0.945594,0.116934
ENSG00000091317,1.211218,0.065041,0.459104,0.057156
ENSG00000091483,4.152453,0.297745,0.847097,0.096143
ENSG00000091656,4.640927,0.965441,0.887647,0.291334
ENSG00000091664,5.418235,0.272986,0.929205,0.104706
ENSG00000091732,2.519658,0.175323,0.751999,0.117920
ENSG00000091831,3.848134,0.068791,0.861687,0.083400
ENSG00000091844,4.449970,0.112534,0.939484,0.080174
ENSG00000091879,3.839357,0.023662,0.854676,0.077456
ENSG00000092009,0.588054,-0.010588,0.332487,0.105139
ENSG00000092010,3.171267,1.159280,0.925402,0.371399
ENSG00000092020,5.143802,0.330111,0.969026,0.145209
ENSG00000092051,2.685771,0.868476,0.793381,0.321092
ENSG00000092067,2.748272,1.437740,0.815854,0.461600
ENSG00000092068,4.304923,0.262042,0.844536,0.117613
ENSG00000092201,4.859077,0.550500,0.958436,0.146099
ENSG00000092203,3.222168,0.396380,0.907658,0.154890
ENSG00000092345,2.958317,0.215684,0.945596,0.100002
ENSG00000092529,4.252567,0.254952,0.881786,0.110761
ENSG00000092531,4.130347,0.275824,0.927896,0.123029
ENSG00000092607,5.072327,0.300054,0.938263,0.138633
ENSG00000092820,4.513523,-0.048836,0.886867,0.059349
ENSG00000092847,5.746798,0.635924,0.948016,0.177854
ENSG00000092853,2.493105,0.461233,0.711245,0.183413
ENSG00000092871,3.328241,0.297363,0.811006,0.115686
ENSG00000092969,4.802000,0.136845,0.938990,0.107720
ENSG00000092978,3.622966,0.213232,0.869691,0.105201
ENSG00000095015,3.753029,0.312675,0.860619,0.121967
ENSG00000095139,5.353331,0.393542,0.957450,0.145969
ENSG00000095203,3.271016,0.097187,0.856634,0.080797
ENSG00000095261,3.780041,0.312089,0.903853,0.111341
ENSG00000095319,4.414993,0.396717,0.904553,0.139399
ENSG00000095321,3.987286,0.429182,0.851465,0.162226
ENSG00000095380,4.608071,0.161495,0.889747,0.088464
ENSG00000095383,2.526151,0.134835,0.671952,0.103338
ENSG00000095464,3.981766,0.241411,0.813765,0.087734
ENSG00000095564,5.207145,0.443671,0.969780,0.147826
ENSG00000095574,4.961316,1.330750,0.932991,0.271513
ENSG00000095585,2.468678,0.092891,0.806300,0.063343
ENSG00000095596,4.081112,1.929390,0.885256,0.450083
ENSG00000095627,1.846096,0.126326,0.649723,0.086200
ENSG00000095739,4.675632,1.536990,0.897321,0.459829
ENSG00000095970,1.175811,0.071022,0.503719,0.117781
ENSG00000095981,3.073825,0.292624,0.824882,0.144879
ENSG00000096060,3.508422,0.214990,0.818957,0.119470
ENSG00000096070,3.934123,0.632118,0.833966,0.190763
ENSG00000096092,2.779228,0.159254,0.877189,0.087535
ENSG00000096395,1.251845,-0.088404,0.568930,0.088552
ENSG00000096401,5.266397,0.404176,0.953250,0.167543
ENSG00000096654,0.861520,0.126833,0.301774,0.090796
ENSG00000096696,3.620305,0.679108,0.842327,0.201279
ENSG00000096717,3.631866,0.335565,0.852297,0.132553
ENSG00000096746,5.478794,1.715770,0.986850,0.415548
ENSG00000097007,4.311100,0.269603,0.797493,0.112466
ENSG00000097033,4.909903,0.326630,0.952972,0.107552
ENSG00000097096,2.827914,0.419155,0.676030,0.159183
ENSG00000099194,3.357492,0.123762,0.733549,0.079212
ENSG00000099219,3.659467,0.260789,0.836245,0.110129
ENSG00000099256,2.857359,0.062162,0.824750,0.074696
ENSG00000099260,2.519340,0.269103,0.692626,0.117905
ENSG00000099282,3.521171,-0.008679,0.816374,0.056287
ENSG00000099284,4.847499,0.147464,0.917680,0.090420
ENSG00000099814,2.083994,-0.208724,0.550375,0.111763
ENSG00000100439,3.708921,0.420320,0.845568,0.133360
ENSG00000100442,4.410866,0.260796,0.946668,0.112088
ENSG00000100445,3.237316,1.076260,0.823091,0.301575
ENSG00000100448,0.348785,-0.097768,0.309201,0.108801
ENSG00000100453,0.234707,-0.256282,0.287157,0.078423
ENSG00000100461,2.857132,0.479428,0.806812,0.192690
ENSG00000100462,4.455093,1.174710,0.949014,0.287932
ENSG00000100483,3.615066,0.456258,0.851825,0.145383
ENSG00000100504,4.795199,0.334582,0.868999,0.103493
ENSG00000100505,4.753484,0.256048,0.941773,0.113196
ENSG00000100523,3.606562,0.212627,0.828216,0.116526
ENSG00000100526,3.132348,0.161196,0.896797,0.118232
ENSG00000100528,5.902479,0.468884,0.973562,0.138290
ENSG00000100554,5.250505,0.298917,0.958901,0.133254
ENSG00000100565,2.173811,0.018227,0.642516,0.066197
ENSG00000100567,5.552675,0.201729,0.971001,0.082141
ENSG00000100577,2.914010,0.150428,0.853755,0.099254
ENSG00000100583,0.437815,0.188580,0.204232,0.130590
ENSG00000100592,5.059883,0.325568,0.903989,0.138002
ENSG00000100603,5.313475,0.330448,0.964479,0.128916
ENSG00000100604,1.433536,0.067083,0.521085,0.104645
ENSG00000100626,4.454326,0.111677,0.906082,0.084876
ENSG00000100628,3.078216,0.076852,0.788699,0.098285
ENSG00000100644,4.067177,0.386258,0.933426,0.144411
ENSG00000100647,3.743325,0.180769,0.850208,0.101687
ENSG00000100652,2.441820,0.110909,0.633342,0.070994
ENSG00000100665,0.507180,-0.057877,0.245362,0.063939
ENSG00000100678,5.112262,0.270724,0.941476,0.111529
ENSG00000100721,0.258090,-0.161109,0.311231,0.059348
ENSG00000100744,4.088691,0.439725,0.846962,0.116891
ENSG00000100796,5.442532,0.385005,0.978145,0.120101
ENSG00000100802,2.308008,0.454827,0.816367,0.208443
ENSG00000100811,4.545919,0.096419,0.977733,0.087625
ENSG00000100815,2.986539,0.380891,0.765481,0.146568
ENSG00000100842,1.605602,0.409907,0.537494,0.192199
ENSG00000100884,3.430919,1.237650,0.786652,0.309806
ENSG00000100889,4.304016,1.001220,0.851690,0.240862
ENSG00000100890,2.368832,0.209964,0.653902,0.151249
ENSG00000100908,3.114742,1.047620,0.918529,0.350158
ENSG00000100911,3.145566,1.006530,0.961144,0.317039
ENSG00000100938,4.728091,1.118470,0.886829,0.239433
ENSG00000100941,3.857696,1.312490,0.877620,0.339912
ENSG00000102466,5.491060,0.039480,0.981595,0.054681
ENSG00000102468,3.893189,0.099776,0.827769,0.063923
ENSG00000102471,3.332674,0.177563,0.783168,0.096723
ENSG00000102524,2.071804,-0.031484,0.686450,0.060245
ENSG00000102539,1.924783,1.124450,0.559357,0.354311
ENSG00000102547,4.990704,0.168468,0.937382,0.099592
ENSG00000102580,4.510969,0.175585,0.928874,0.138825
ENSG00000102595,3.315555,0.139510,0.831974,0.121879
ENSG00000102678,5.279028,0.120024,0.970512,0.098730
ENSG00000102683,3.165235,0.096625,0.863688,0.108251
ENSG00000102738,1.845759,0.139922,0.585531,0.105294
ENSG00000102760,3.225552,0.167384,0.809671,0.105903
ENSG00000102794,3.208692,0.494050,0.702982,0.138482
ENSG00000102805,3.593730,0.453073,0.736175,0.140190
ENSG00000102837,1.821559,0.484169,0.527550,0.234470
ENSG00000103024,2.730310,1.514150,0.674604,0.427236
ENSG00000103275,5.830941,-0.151973,0.932576,0.056777
ENSG00000103313,0.559389,0.073149,0.260621,0.086493
ENSG00000103343,1.004892,0.194995,0.376427,0.104070
ENSG00000103351,4.029632,0.068700,0.865312,0.067491
ENSG00000103591,3.516829,0.186703,0.815424,0.088555
ENSG00000103647,4.780613,0.006733,0.896726,0.061038
ENSG00000103707,2.374021,0.207399,0.677477,0.125682
ENSG00000103710,3.438019,0.271357,0.850380,0.119177
ENSG00000103742,3.040436,0.316658,0.764415,0.138646
ENSG00000103769,5.952703,0.413894,0.972852,0.158066
ENSG00000104043,3.417676,0.202608,0.745966,0.112282
ENSG00000104055,1.657199,0.170817,0.453341,0.076701
ENSG00000104059,2.939036,-0.007964,0.729299,0.066928
ENSG00000104129,2.983874,0.139435,0.896525,0.100296
ENSG00000104142,4.658990,1.600980,0.897295,0.339654
ENSG00000104154,3.736431,0.256271,0.879394,0.122690
ENSG00000104221,2.392630,0.559948,0.681635,0.187731
ENSG00000104237,1.437481,1.020990,0.434773,0.322400
ENSG00000104267,2.911143,0.127591,0.615159,0.071939
ENSG00000104312,3.444444,0.279206,0.779338,0.098345
ENSG00000104313,5.653748,0.191848,0.958686,0.096053
ENSG00000104321,2.861092,0.190262,0.799655,0.086773
ENSG00000104324,3.613973,0.181537,0.820270,0.114249
ENSG00000104327,3.950529,0.315984,0.974884,0.126635
ENSG00000104332,4.017159,0.067453,0.887035,0.088792
ENSG00000104361,2.850681,0.184339,0.828752,0.132354
ENSG00000104369,3.933073,0.151149,0.874877,0.100539
ENSG00000104371,1.652082,0.303878,0.489072,0.137338
ENSG00000104381,3.864594,0.430853,0.867700,0.135928
ENSG00000104415,3.440155,-0.177113,0.739867,0.046215
ENSG00000104427,3.491757,0.148341,0.884226,0.107994
ENSG00000104432,1.403707,0.168912,0.695642,0.116651
ENSG00000104435,5.562224,0.125585,0.958739,0.070684
ENSG00000104442,4.953482,0.250409,0.961151,0.117543
ENSG00000104450,2.487443,0.151292,0.662215,0.109160
ENSG00000104490,5.883428,0.088408,0.944076,0.088315
ENSG00000104497,3.441683,0.253194,0.849580,0.116926
ENSG00000104518,-0.474194,-0.703934,0.085026,0.045817
ENSG00000104537,3.001553,0.047800,0.826117,0.062082
ENSG00000104611,2.328815,-0.028463,0.625908,0.050010
ENSG00000104626,3.977210,0.198513,0.832741,0.078626
ENSG00000104643,4.486152,0.280779,0.873561,0.101975
ENSG00000104660,5.139209,0.260934,0.961522,0.093078
ENSG00000104671,4.277225,0.170506,0.890893,0.092992
ENSG00000104689,-0.527034,-0.049892,0.043668,0.076014
ENSG00000104714,0.365800,-0.235508,0.307154,0.032310
ENSG00000104723,4.926637,0.056292,0.948897,0.061484
ENSG00000104738,4.556109,0.651640,0.893438,0.170213
ENSG00000104755,0.602991,0.033604,0.393959,0.070163
ENSG00000104760,2.882003,0.178147,0.738317,0.078484
ENSG00000104763,3.299098,0.146332,0.796132,0.071752
ENSG00000104765,4.210303,0.212918,0.906111,0.099990
ENSG00000105784,4.630714,0.151171,0.972329,0.150829
ENSG00000105810,4.912318,0.253527,0.965602,0.127736
ENSG00000105819,4.231924,0.459124,0.828526,0.128994
ENSG00000105835,4.988950,0.309571,0.966108,0.093844
ENSG00000105849,2.292448,0.251487,0.623804,0.105772
ENSG00000105855,3.238522,0.264359,0.879610,0.107283
ENSG00000105865,4.587161,0.608979,0.943299,0.167951
ENSG00000105866,4.429465,0.247984,0.962688,0.125523
ENSG00000105875,4.069841,0.266359,0.835879,0.094950
ENSG00000105880,4.680738,1.233210,0.954724,0.361537
ENSG00000105887,4.267589,0.135549,0.993096,0.070936
ENSG00000105894,4.412156,0.040378,0.957266,0.044759
ENSG00000105926,5.090550,0.275090,0.958725,0.128351
ENSG00000105948,4.999943,0.271801,0.944544,0.141327
ENSG00000105954,1.188576,0.387798,0.529495,0.198648
ENSG00000105967,3.422518,0.252878,0.860151,0.110804
ENSG00000105968,5.406087,0.102408,0.901651,0.056201
ENSG00000105971,2.814401,0.331380,0.767226,0.131373
ENSG00000105974,5.054064,0.251919,0.963206,0.118533
ENSG00000105976,3.451682,0.398005,0.845527,0.180073
ENSG00000105983,4.557166,0.105547,0.947309,0.117053
ENSG00000105991,3.714600,2.678450,0.942674,0.707745
ENSG00000105993,3.180446,-0.096123,0.791272,0.054250
ENSG00000105996,4.936744,4.051670,0.970837,0.884561
ENSG00000106003,2.911992,0.405010,0.689496,0.217376
ENSG00000106006,4.136639,1.642280,0.978890,0.464636
ENSG00000106009,1.411214,0.001778,0.485472,0.102696
ENSG00000106013,1.807012,0.189650,0.606696,0.107979
ENSG00000106018,2.805507,-0.124390,0.747922,0.058498
ENSG00000106025,4.487652,0.150296,0.966845,0.083792
ENSG00000106031,2.946801,1.938910,0.852256,0.572139
ENSG00000106038,3.951463,1.655740,0.882106,0.433518
ENSG00000106049,4.769353,0.378121,0.935523,0.177895
ENSG00000106066,2.738472,0.118587,0.741699,0.098738
ENSG00000106077,2.411446,0.905074,0.639240,0.291768
ENSG00000106089,4.487072,0.077018,0.919127,0.095105
ENSG00000106123,3.247508,1.139910,0.741681,0.322912
ENSG00000106125,2.125622,0.004234,0.628220,0.076405
ENSG00000106128,2.417387,0.031158,0.660126,0.079451
ENSG00000106144,3.197014,0.244494,0.783714,0.106730
ENSG00000106153,3.719005,0.338293,0.815843,0.116647
ENSG00000106236,3.866622,0.339373,0.830518,0.139740
ENSG00000106245,5.497557,0.210653,0.931136,0.094163
ENSG00000106268,3.401780,0.066212,0.765239,0.080466
ENSG00000106290,3.760453,1.125820,0.891476,0.307341
ENSG00000106299,4.394402,0.236936,0.911476,0.088458
ENSG00000106305,3.481992,0.188607,0.779056,0.103471
ENSG00000106331,2.109398,0.529365,0.581921,0.182177
ENSG00000106333,2.288830,0.675552,0.689135,0.264892
ENSG00000106336,2.340587,0.316758,0.858470,0.172797
ENSG00000106341,2.341900,0.209315,0.829639,0.124683
ENSG00000106366,2.287911,0.226578,0.682228,0.131742
ENSG00000106367,4.203059,0.371903,0.777728,0.134526
ENSG00000106384,1.034696,0.082620,0.362413,0.112192
ENSG00000106397,3.429329,0.586904,0.730087,0.182347
ENSG00000106399,2.507474,0.351855,0.845446,0.162289
ENSG00000106400,3.729140,0.261170,0.913284,0.108747
ENSG00000106404,2.136837,0.104820,0.562519,0.108342
ENSG00000106436,3.311993,0.022602,0.699260,0.080649
ENSG00000106460,4.375081,0.294028,0.892009,0.096314
ENSG00000106462,4.942239,0.306023,0.920115,0.115856
ENSG00000106477,3.051745,0.294087,0.797857,0.137745
ENSG00000106479,1.108627,0.094376,0.563856,0.115025
ENSG00000106483,3.343324,0.388363,0.849164,0.130599
ENSG00000106511,4.774841,0.173842,0.952691,0.098524
ENSG00000106536,5.135516,0.263524,0.912894,0.129226
ENSG00000106546,2.678056,0.236014,0.661070,0.095377
ENSG00000106565,0.302221,-0.042831,0.227296,0.057275
ENSG00000106571,3.881655,0.227236,0.793495,0.123087
ENSG00000106609,4.894311,0.308992,0.898172,0.106430
ENSG00000106617,4.263241,-0.148900,0.907165,0.038513
ENSG00000106628,3.867923,0.550692,0.842288,0.185170
ENSG00000106633,4.211131,0.003820,0.875863,0.077470
ENSG00000106635,3.998282,0.082869,0.907353,0.069291
ENSG00000106686,1.365315,0.198049,0.567139,0.110701
ENSG00000106688,3.950548,0.138139,0.793191,0.079349
ENSG00000106701,3.932279,0.372250,0.889507,0.189533
ENSG00000106723,5.288633,-0.005290,0.968794,0.046895
ENSG00000106733,2.626027,0.139335,0.779149,0.081931
ENSG00000106771,4.121538,0.203993,0.879078,0.084779
ENSG00000106780,2.358622,0.268297,0.729635,0.148655
ENSG00000106785,1.428387,0.057487,0.552787,0.091837
ENSG00000106789,3.549891,0.128462,0.750629,0.075776
ENSG00000106803,5.149279,0.170519,0.912184,0.081961
ENSG00000106809,3.118600,0.224972,0.808431,0.121617
ENSG00000106823,2.409397,0.220025,0.642504,0.101426
ENSG00000106927,1.821428,0.035119,0.614473,0.076551
ENSG00000106948,0.758743,-0.086026,0.332384,0.063123
ENSG00000106991,1.070760,-0.003048,0.531700,0.086356
ENSG00000106992,4.510975,0.248343,0.905232,0.114004
ENSG00000106993,3.590495,0.293756,0.962994,0.126325
ENSG00000107020,2.798506,0.175784,0.880050,0.114472
ENSG00000107021,4.874780,0.200028,0.918443,0.090199
ENSG00000107140,2.997838,1.517620,0.785264,0.409249
ENSG00000107159,1.160966,0.179737,0.489247,0.127324
ENSG00000107164,4.630019,0.121204,0.903843,0.107363
ENSG00000107185,4.262065,1.717210,0.931803,0.397608
ENSG00000107187,3.745159,0.120607,0.814160,0.155241
ENSG00000107201,1.757313,0.144876,0.670652,0.123019
ENSG00000107223,4.004250,-0.022038,0.941811,0.125566
ENSG00000107242,4.067249,0.076531,0.854501,0.059411
ENSG00000107295,4.660099,0.068389,0.905022,0.064690
ENSG00000107338,2.922922,0.034956,0.848248,0.086480
ENSG00000107362,5.462645,0.635820,0.969287,0.145457
ENSG00000107371,3.525833,0.798643,0.811942,0.191656
ENSG00000107404,3.543047,0.030944,0.812700,0.159388
ENSG00000107438,3.912845,0.130265,0.867067,0.103311
ENSG00000107443,4.291507,0.571831,0.913426,0.180678
ENSG00000107447,2.907014,0.197729,0.770210,0.103551
ENSG00000107554,2.831690,0.170061,0.647303,0.084953
ENSG00000107562,2.984088,0.016434,0.911648,0.111431
ENSG00000107566,4.543520,0.363290,0.929748,0.123298
ENSG00000107581,4.261477,0.404944,0.857308,0.133188
ENSG00000107593,3.072549,0.257502,0.712071,0.096068
ENSG00000107679,4.400321,0.233471,0.887407,0.088676
ENSG00000107742,3.940343,0.131757,0.876102,0.094524
ENSG00000107771,2.497537,0.221299,0.782555,0.137128
ENSG00000107779,4.760362,0.204752,0.919795,0.097057
ENSG00000107796,5.897549,0.391966,0.913202,0.105520
ENSG00000107798,2.606207,0.055005,0.649404,0.065741
ENSG00000107819,4.068326,0.850670,0.810785,0.196459
ENSG00000107821,3.043076,1.235640,0.730126,0.356277
ENSG00000107829,2.669888,0.509045,0.672948,0.206915
ENSG00000107831,3.955746,1.222910,0.869888,0.384741
ENSG00000107833,2.218676,0.615350,0.741103,0.275849
ENSG00000107854,5.117881,0.439075,0.930147,0.129526
ENSG00000107859,4.432550,2.512280,0.933347,0.567801
ENSG00000107864,5.239545,0.259452,0.964936,0.131568
ENSG00000107874,3.096430,1.706980,0.859236,0.491063
ENSG00000107882,5.208410,0.235913,0.938989,0.137161
ENSG00000107902,2.940283,-0.134888,0.775622,0.052577
ENSG00000107937,4.799238,0.190068,0.904121,0.097781
ENSG00000107951,2.890412,0.166300,0.688922,0.076640
ENSG00000107968,4.101781,0.213333,0.860314,0.099372
ENSG00000107984,2.364551,0.796999,0.601025,0.278608
ENSG00000108001,5.726988,1.150050,0.965109,0.341399
ENSG00000108010,3.551064,0.087256,0.816282,0.101717
ENSG00000108018,3.607516,0.057053,0.809721,0.079563
ENSG00000108055,5.891791,0.680982,0.976714,0.157641
ENSG00000108061,5.811333,0.374074,0.985303,0.126161
ENSG00000108091,5.097148,0.062840,0.945790,0.060435
ENSG00000108176,2.588533,0.166500,0.734480,0.108779
ENSG00000108219,4.315300,-0.053170,0.871677,0.055842
ENSG00000108231,4.818648,0.437195,0.970455,0.153920
ENSG00000108239,3.005192,0.173033,0.745247,0.146046
ENSG00000108256,3.735712,0.338818,0.966215,0.140985
ENSG00000108671,5.625938,0.372916,0.976415,0.142120
ENSG00000108684,3.865669,0.056741,0.841387,0.082437
ENSG00000108691,0.761919,0.090346,0.414451,0.114137
ENSG00000108700,0.459542,0.010323,0.272997,0.074282
ENSG00000109046,4.785991,0.696360,0.936618,0.212625
ENSG00000109072,2.188246,1.215890,0.546258,0.325921
ENSG00000109101,2.691558,0.664990,0.766091,0.257337
ENSG00000109107,4.804879,2.813280,0.899401,0.536097
ENSG00000109132,3.786122,2.014390,0.783872,0.438212
ENSG00000109133,4.862854,0.335839,0.960916,0.119585
ENSG00000109158,4.291129,0.285530,0.888590,0.125252
ENSG00000109163,3.086191,0.334905,0.749551,0.130690
ENSG00000109180,2.804425,0.205197,0.934804,0.113155
ENSG00000109182,2.262529,0.116716,0.770599,0.116333
ENSG00000109189,5.615924,0.114390,0.945830,0.071103
ENSG00000109193,1.454647,0.048142,0.489042,0.051560
ENSG00000109255,1.848830,0.120800,0.681019,0.083792
ENSG00000109265,1.879177,0.251019,0.487970,0.122979
ENSG00000109270,4.712466,0.281029,0.963086,0.096772
ENSG00000109321,1.555958,0.245330,0.611450,0.137777
ENSG00000109424,3.389187,0.367033,0.763696,0.106509
ENSG00000109445,5.075352,0.503970,0.909586,0.127808
ENSG00000109458,4.329326,0.253965,0.880004,0.130542
ENSG00000109471,0.805784,0.261699,0.369002,0.103044
ENSG00000109511,3.188153,0.036578,0.916587,0.056095
ENSG00000109519,3.501916,0.058235,0.769009,0.081839
ENSG00000109534,4.202001,0.383951,0.910619,0.108301
ENSG00000109576,3.102206,0.165637,0.769830,0.091490
ENSG00000109606,5.414377,0.357772,0.972950,0.115139
ENSG00000109625,2.750956,-0.194153,0.684125,0.067384
ENSG00000109674,2.552359,0.216102,0.668623,0.121820
ENSG00000109684,1.008147,-0.073937,0.426919,0.038819
ENSG00000109705,1.942760,0.510047,0.597588,0.255461
ENSG00000109738,5.026288,0.085396,0.914949,0.066723
ENSG00000109787,3.639025,0.244327,0.848192,0.122803
ENSG00000109805,3.189329,0.416228,0.811893,0.137772
ENSG00000109832,3.675740,0.268795,0.802243,0.096040
ENSG00000109851,3.875950,1.978270,0.835202,0.509512
ENSG00000109861,3.376528,0.138786,0.708362,0.074771
ENSG00000109881,1.602418,0.261202,0.635773,0.133778
ENSG00000109906,4.599457,0.276385,0.875393,0.150476
ENSG00000109911,3.020974,0.316560,0.800427,0.145955
ENSG00000109920,3.147429,0.257507,0.808552,0.117563
ENSG00000109943,1.241345,0.046693,0.459373,0.064702
ENSG00000109944,1.109349,0.169605,0.390934,0.104490
ENSG00000109991,3.245398,0.014423,0.793580,0.082898
ENSG00000110002,1.705781,0.114258,0.553161,0.106273
ENSG00000110013,2.106086,0.224905,0.601167,0.111666
ENSG00000110031,3.075983,0.127575,0.699187,0.090625
ENSG00000110042,3.705611,0.148641,0.751870,0.097404
ENSG00000110057,3.476287,0.355862,0.760703,0.130675
ENSG00000110060,2.962147,1.795270,0.737960,0.454932
ENSG00000110063,3.111912,-0.012578,0.778745,0.068598
ENSG00000110074,3.032866,0.475457,0.698014,0.150253
ENSG00000110079,0.025506,-0.115250,0.223435,0.031449
ENSG00000110092,4.430705,0.304784,0.925818,0.203100
ENSG00000110107,5.107906,0.437036,0.909455,0.138923
ENSG00000110108,1.497192,0.302512,0.598674,0.188467
ENSG00000110172,3.973234,0.202808,0.924559,0.089558
ENSG00000110195,2.388851,0.394186,0.574690,0.139287
ENSG00000110200,4.668725,1.433600,0.938490,0.318668
ENSG00000110218,2.842861,0.016525,0.702506,0.072456
ENSG00000110237,3.128552,0.383069,0.707119,0.138853
ENSG00000110244,0.926892,0.372077,0.404909,0.218466
ENSG00000110318,1.319617,0.197552,0.462994,0.103778
ENSG00000110324,0.675397,0.029734,0.340739,0.092328
ENSG00000110328,4.876272,0.096748,0.938468,0.083208
ENSG00000110344,5.087934,0.661470,0.945844,0.166926
ENSG00000110367,6.214851,0.307337,0.991891,0.089733
ENSG00000110395,4.347478,0.204803,0.876027,0.117487
ENSG00000110400,4.059475,0.150833,0.915656,0.123399
ENSG00000110429,4.086298,0.395244,0.926420,0.151006
ENSG00000110435,3.226918,0.164961,0.771045,0.088086
ENSG00000110442,3.282613,0.126061,0.830456,0.105662
ENSG00000110448,0.670653,-0.148692,0.388284,0.047284
ENSG00000110583,4.960239,0.196977,0.903338,0.096068
ENSG00000110660,3.336542,0.086899,0.765530,0.077416
ENSG00000110675,4.645324,0.293323,0.948865,0.132295
ENSG00000110693,5.642260,0.560057,0.983933,0.210227
ENSG00000110696,3.874652,0.295243,0.985126,0.148904
ENSG00000110697,3.402097,0.946102,0.750799,0.269705
ENSG00000110711,3.369772,0.368920,0.784067,0.141351
ENSG00000110768,5.137674,0.320615,0.979258,0.102543
ENSG00000110777,2.949713,0.220268,0.828720,0.112449
ENSG00000110786,3.234463,0.153245,0.826430,0.099094
ENSG00000110811,2.208137,0.376794,0.631901,0.159938
ENSG00000110844,4.058022,0.759706,0.896670,0.233179
ENSG00000110848,0.721667,0.078953,0.354692,0.064933
ENSG00000110852,-0.035147,0.040551,0.186396,0.044760
ENSG00000110880,4.817448,0.159578,0.888718,0.091575
ENSG00000110881,4.586985,0.488745,0.915489,0.165244
ENSG00000110900,3.475557,-0.145979,0.801379,0.040383
ENSG00000110906,5.001306,0.073067,0.899688,0.062345
ENSG00000110921,2.729703,-0.045819,0.696511,0.075895
ENSG00000110944,1.279874,0.806082,0.611570,0.381632
ENSG00000110975,4.242918,0.173062,0.907113,0.070690
ENSG00000110987,4.174293,-0.026236,0.895922,0.072201
ENSG00000111011,4.483111,0.447395,0.965044,0.157581
ENSG00000111012,2.800368,1.134180,0.692111,0.306248
ENSG00000111046,4.021761,2.411700,0.910931,0.586845
ENSG00000111049,3.616490,1.687820,0.833555,0.429300
ENSG00000111057,2.698723,0.906280,0.658878,0.270643
ENSG00000111087,2.534752,1.042180,0.621296,0.281989
ENSG00000111110,4.231462,0.066919,0.915955,0.071564
ENSG00000111144,4.099687,0.293871,0.907016,0.099030
ENSG00000111181,3.287734,0.131869,0.709985,0.091680
ENSG00000111186,4.889764,0.303028,0.896629,0.129598
ENSG00000111196,5.375108,0.415405,0.963403,0.125191
ENSG00000111199,3.800924,0.206601,0.831285,0.098604
ENSG00000111206,2.610840,0.407745,0.711073,0.166952
ENSG00000111218,5.453776,0.017953,0.933330,0.069431
ENSG00000111229,5.252996,0.225774,0.956775,0.103708
ENSG00000111237,5.886893,0.571782,0.974863,0.174196
ENSG00000111241,3.994973,0.069967,0.915335,0.099701
ENSG00000111245,5.032432,0.226337,0.895773,0.096070
ENSG00000111252,2.151875,-0.015372,0.577574,0.070790
ENSG00000111266,3.429987,0.176811,0.789200,0.081038
ENSG00000111269,4.996338,0.249937,0.943552,0.149408
ENSG00000111271,2.026991,0.063517,0.687703,0.086277
ENSG00000111276,3.356236,2.019540,0.898235,0.591302
ENSG00000111291,2.375662,0.357204,0.666712,0.158066
ENSG00000111335,0.405296,-0.040938,0.292199,0.111636
ENSG00000111339,1.165336,0.157318,0.426209,0.078772
ENSG00000111344,3.172196,0.125004,0.785759,0.093273
ENSG00000111364,4.179668,0.283066,0.832134,0.108291
ENSG00000111404,3.165321,0.325852,0.882806,0.137435
ENSG00000111405,2.748261,0.208490,0.685638,0.105446
ENSG00000111424,4.047030,0.112531,0.800186,0.075536
ENSG00000111445,4.777044,0.315509,0.872944,0.112780
ENSG00000111536,1.349069,0.059404,0.639131,0.096473
ENSG00000111537,0.628570,0.195422,0.319086,0.092088
ENSG00000111602,3.169734,0.706497,0.751757,0.201404
ENSG00000111605,5.282861,0.610472,0.974993,0.194070
ENSG00000111615,3.956288,0.434308,0.903727,0.120408
ENSG00000111640,5.116448,1.502000,0.911308,0.362507
ENSG00000111647,3.455518,0.244941,0.856474,0.127040
ENSG00000111665,1.595454,0.740502,0.669903,0.322579
ENSG00000111667,4.911646,1.010330,0.927823,0.248446
ENSG00000111684,3.832828,0.205800,0.861455,0.109841
ENSG00000111707,4.927089,0.117040,0.937669,0.083214
ENSG00000111711,5.526263,0.324601,0.961212,0.113118
ENSG00000111726,3.456044,0.310589,0.909111,0.111237
ENSG00000111729,0.297181,0.051296,0.310397,0.065126
ENSG00000111732,4.120150,0.224216,0.883485,0.096272
ENSG00000111775,2.756514,0.429509,0.679752,0.147554
ENSG00000111785,4.316356,0.323562,0.978702,0.149264
ENSG00000111790,4.465263,0.533993,0.937908,0.152231
ENSG00000111796,0.274096,-0.007016,0.251656,0.039166
ENSG00000111802,2.630072,0.222621,0.690590,0.090183
ENSG00000111816,3.416937,0.188912,0.761380,0.098550
ENSG00000111834,2.373503,0.438174,0.616545,0.147658
ENSG00000111845,2.939849,0.258342,0.701313,0.110571
ENSG00000111846,2.210367,0.040710,0.570445,0.062573
ENSG00000111875,5.568072,0.419644,0.982634,0.133176
ENSG00000111880,4.858486,0.195049,0.976183,0.138158
ENSG00000111885,3.839816,0.164234,0.839121,0.089658
ENSG00000111886,4.295960,0.187037,0.884468,0.098901
ENSG00000111897,4.946452,0.333707,0.931639,0.121437
ENSG00000111906,3.609635,0.078089,0.801897,0.077471
ENSG00000111907,3.636861,0.051261,0.866359,0.062752
ENSG00000111911,2.374867,0.169906,0.648463,0.097132
ENSG00000111962,4.424600,0.066048,0.923700,0.077820
ENSG00000112029,1.769374,0.199366,0.637079,0.114873
ENSG00000112033,4.794963,0.332855,0.912670,0.109129
ENSG00000112039,1.088854,0.110440,0.494163,0.097567
ENSG00000112053,1.182372,0.101079,0.511203,0.084557
ENSG00000112062,5.152963,0.227142,0.914963,0.117440
ENSG00000112077,3.169455,0.125923,0.675921,0.066050
ENSG00000112079,5.448841,0.283793,0.952030,0.117077
ENSG00000112081,5.481153,2.039250,0.942738,0.503705
ENSG00000112110,2.156806,0.145694,0.679554,0.112841
ENSG00000112115,1.345882,0.327889,0.408269,0.120084
ENSG00000112116,1.083891,0.089624,0.391781,0.071644
ENSG00000112118,4.384084,0.514331,0.896230,0.133862
ENSG00000112144,3.699359,0.216343,0.848732,0.086817
ENSG00000112149,1.165130,0.039005,0.495529,0.092038
ENSG00000112164,3.232878,0.076698,0.803468,0.093903
ENSG00000112167,1.979014,0.334998,0.552636,0.194807
ENSG00000112182,4.300068,0.360937,0.906923,0.147070
ENSG00000112186,3.812235,0.120807,0.822877,0.089068
ENSG00000112195,0.429832,-0.096593,0.259445,0.054196
ENSG00000112210,4.987107,0.252489,0.963751,0.087204
ENSG00000112212,1.570088,0.560838,0.560169,0.266028
ENSG00000112214,3.702998,0.392301,0.766412,0.124674
ENSG00000112232,4.177507,0.049237,0.962998,0.073989
ENSG00000112234,4.661800,0.390888,0.953000,0.151056
ENSG00000112238,2.469987,0.950798,0.601985,0.286621
ENSG00000112242,3.564725,0.116341,0.936255,0.099147
ENSG00000112245,5.852759,0.855416,0.976632,0.175557
ENSG00000112246,4.558708,0.419738,0.908446,0.167513
ENSG00000112276,4.032226,0.181454,0.880314,0.080097
ENSG00000112290,4.604563,0.451156,0.955460,0.176099
ENSG00000112293,2.100396,-0.013431,0.662192,0.055381
ENSG00000112294,3.542883,0.103028,0.735476,0.100310
ENSG00000112299,1.911454,0.173513,0.568168,0.113661
ENSG00000112304,3.265519,0.085643,0.737238,0.133558
ENSG00000112308,6.278340,0.355665,0.997117,0.094604
ENSG00000112319,5.557297,0.143543,0.964885,0.086993
ENSG00000112320,4.344895,0.553468,0.925932,0.234786
ENSG00000112335,5.409450,0.268252,0.978010,0.147428
ENSG00000112337,2.025077,0.185327,0.681083,0.100423
ENSG00000112343,0.674971,0.073111,0.265494,0.092186
ENSG00000112365,3.119447,0.385464,0.766682,0.135820
ENSG00000112378,2.722658,0.038882,0.773214,0.058601
ENSG00000112406,4.353559,0.261439,0.870868,0.105919
ENSG00000112425,3.472362,0.126995,0.835202,0.092246
ENSG00000112499,2.878781,0.018872,0.680271,0.088702
ENSG00000112531,5.401602,0.172997,0.981036,0.090885
ENSG00000112539,0.305884,-0.116453,0.260463,0.073101
ENSG00000112559,3.105054,0.096038,0.777236,0.107457
ENSG00000112561,3.966012,0.746526,0.886769,0.218249
ENSG00000112562,3.695720,-0.284528,0.826821,0.035633
ENSG00000112584,1.616979,-0.043718,0.499599,0.080705
ENSG00000112599,3.540965,0.176008,0.840462,0.089510
ENSG00000112619,3.743211,0.114783,0.825400,0.077493
ENSG00000112624,3.224795,0.240710,0.884798,0.113854
ENSG00000112658,3.932760,1.071930,0.895212,0.314033
ENSG00000112659,3.270763,0.624611,0.784530,0.193819
ENSG00000112667,2.013384,0.223010,0.604783,0.127886
ENSG00000112699,4.592282,0.085476,0.910169,0.091623
ENSG00000112706,1.826757,0.107021,0.574165,0.092098
ENSG00000112739,4.636781,0.357385,0.920060,0.117590
ENSG00000112761,3.187921,0.315488,0.744165,0.108657
ENSG00000112773,4.914983,2.834960,0.895327,0.583505
ENSG00000112782,4.567541,0.023475,0.892813,0.062389
ENSG00000112799,1.228025,-0.035170,0.515375,0.034954
ENSG00000112812,1.056437,0.056957,0.533647,0.125739
ENSG00000112837,3.989596,0.524042,0.801257,0.165070
ENSG00000112874,3.637402,0.688437,0.857837,0.183994
ENSG00000112893,3.511530,0.133098,0.809736,0.092133
ENSG00000112941,2.998524,-0.202780,0.747333,0.053979
ENSG00000112964,2.600218,0.137204,0.751245,0.091276
ENSG00000112981,3.742075,0.161184,0.901994,0.143406
ENSG00000112996,2.761563,0.552330,0.683248,0.168177
ENSG00000113068,4.498713,0.313560,0.971601,0.163634
ENSG00000113070,2.688872,0.462500,0.806341,0.206741
ENSG00000113083,3.276099,0.502726,0.767628,0.148959
ENSG00000113088,1.309673,0.222679,0.396023,0.115876
ENSG00000113119,2.610032,0.802130,0.775877,0.255331
ENSG00000113141,5.407482,0.755320,0.942932,0.173589
ENSG00000113161,4.603188,0.768963,0.863442,0.180409
ENSG00000113196,3.130920,0.874710,0.862428,0.306278
ENSG00000113240,4.416974,0.648116,0.973053,0.200490
ENSG00000113262,3.792885,0.544410,0.787910,0.175733
ENSG00000113269,4.211007,0.088047,0.957019,0.086572
ENSG00000113302,1.598866,0.226221,0.645934,0.122790
ENSG00000113319,4.610332,0.102059,0.864876,0.072814
ENSG00000113327,4.831608,0.099934,0.921627,0.066680
ENSG00000113361,4.263795,0.386116,0.873267,0.156291
ENSG00000113368,3.287085,0.105914,0.761222,0.078371
ENSG00000113369,5.645978,0.936303,0.969117,0.247832
ENSG00000113384,4.749513,0.156521,0.950512,0.081814
ENSG00000113396,2.582218,0.109955,0.604072,0.065968
ENSG00000113430,2.628919,0.489497,0.733996,0.261231
ENSG00000113441,3.118256,0.243468,0.764161,0.106879
ENSG00000113456,4.341452,0.688414,0.905377,0.159163
ENSG00000113460,3.700350,0.399573,0.840445,0.130781
ENSG00000113492,3.232785,0.087779,0.801455,0.079623
ENSG00000113520,0.411285,0.028009,0.260780,0.074197
ENSG00000113525,1.095973,0.448581,0.539313,0.185104
ENSG00000113532,4.640991,0.085294,0.966306,0.064793
ENSG00000113569,4.565761,0.283855,0.941740,0.104420
ENSG00000113583,1.820606,0.217891,0.541831,0.085814
ENSG00000113594,2.035401,0.097016,0.700929,0.086516
ENSG00000113595,5.295076,0.416003,0.970101,0.129223
ENSG00000113600,1.351063,0.097014,0.477317,0.088472
ENSG00000113643,4.475439,0.280861,0.903946,0.098073
ENSG00000113658,5.448200,0.427901,0.949517,0.119491
ENSG00000113719,5.167901,-0.049927,0.924179,0.053527
ENSG00000113721,3.065042,0.430770,0.769354,0.160386
ENSG00000113734,4.361841,0.143884,0.891171,0.078049
ENSG00000113749,2.303937,-0.027256,0.568380,0.062079
ENSG00000113790,2.582507,0.222061,0.684615,0.124549
ENSG00000113805,3.217531,0.064123,0.758786,0.073473
ENSG00000113838,3.528420,0.581732,0.849199,0.164781
ENSG00000113845,1.601876,0.152189,0.653359,0.122818
ENSG00000113889,0.830882,0.051787,0.351422,0.060599
ENSG00000113905,0.428816,0.023170,0.253830,0.061564
ENSG00000113946,3.020811,0.123565,0.806011,0.075123
ENSG00000114013,0.619215,0.144048,0.296047,0.085992
ENSG00000114021,4.159882,0.177119,0.880613,0.105318
ENSG00000114030,5.038617,0.262447,0.950708,0.150879
ENSG00000114113,3.441978,0.086902,0.828336,0.085177
ENSG00000114120,5.097836,0.346973,0.959994,0.123224
ENSG00000114124,3.218072,0.215168,0.747426,0.103308
ENSG00000114125,5.305179,0.487067,0.954233,0.188053
ENSG00000114166,4.835157,0.111259,0.908024,0.081409
ENSG00000114200,2.690899,0.097069,0.650255,0.064713
ENSG00000114248,1.533260,0.107470,0.573411,0.074552
ENSG00000114251,4.876749,0.597763,0.933048,0.245332
ENSG00000114279,5.386942,0.077729,0.967271,0.068199
ENSG00000114353,5.299170,0.291206,0.906390,0.127246
ENSG00000114383,4.054035,0.804117,0.904097,0.210947
ENSG00000114388,5.103221,2.104080,0.930840,0.404613
ENSG00000114395,3.409956,1.169550,0.872145,0.355168
ENSG00000114416,5.054110,0.252745,0.977129,0.114550
ENSG00000114439,3.567501,0.257181,0.896067,0.120270
ENSG00000114455,0.387548,0.075992,0.214228,0.111511
ENSG00000114480,4.180046,0.169716,0.886953,0.101654
ENSG00000114491,3.316064,0.472973,0.802540,0.163974
ENSG00000114547,2.451110,0.199328,0.925480,0.106316
ENSG00000114573,5.579193,0.445354,0.958057,0.123102
ENSG00000114631,2.256432,0.005708,0.616574,0.062567
ENSG00000114650,3.764159,0.386573,0.815370,0.152594
ENSG00000114686,3.005475,0.141954,0.776349,0.082417
ENSG00000114735,1.993372,0.274780,0.697072,0.140132
ENSG00000114737,3.129945,0.676262,0.788493,0.197411
ENSG00000114739,5.076067,0.254812,0.908381,0.113345
ENSG00000114744,3.153849,0.293876,0.849627,0.104508
ENSG00000114757,4.371379,0.191059,0.938305,0.105078
ENSG00000114767,3.440941,0.541025,0.785183,0.159756
ENSG00000114770,4.255059,0.274725,0.900384,0.114532
ENSG00000114771,1.495990,0.080881,0.416752,0.062638
ENSG00000114779,3.321174,1.007160,0.803052,0.261160
ENSG00000114784,6.058839,0.908029,0.973941,0.213259
ENSG00000114790,3.015159,0.054896,0.674835,0.080947
ENSG00000114805,3.074305,0.130165,0.669919,0.097731
ENSG00000114850,5.380029,0.330459,0.952883,0.099715
ENSG00000114902,3.807301,0.803298,0.906706,0.222407
ENSG00000114933,4.715410,0.324518,0.952276,0.138991
ENSG00000114956,2.485813,0.209711,0.627948,0.098597
ENSG00000114988,3.848607,0.183544,0.855981,0.121217
ENSG00000114993,2.954374,0.514392,0.833583,0.196992
ENSG00000115008,0.660487,0.149892,0.352251,0.091337
ENSG00000115041,4.310624,-0.110770,0.848932,0.053396
ENSG00000115053,2.834629,0.557977,0.807310,0.238836
ENSG00000115073,5.084133,0.697772,0.910511,0.181255
ENSG00000115085,3.678245,0.182475,0.776548,0.115799
ENSG00000115107,3.254105,0.058930,0.747099,0.075659
ENSG00000115109,3.329609,0.135708,0.777958,0.106765
ENSG00000115112,4.300651,-0.043476,0.880745,0.060103
ENSG00000115128,5.563151,0.319741,0.951608,0.100534
ENSG00000115129,2.715097,0.483393,0.786326,0.167208
ENSG00000115137,4.807063,0.275143,0.914178,0.122567
ENSG00000115145,3.606157,0.233260,0.875850,0.108343
ENSG00000115163,1.636686,0.036809,0.570350,0.061992
ENSG00000115194,3.231428,0.648554,0.754802,0.221896
ENSG00000115211,3.624776,1.080090,0.827929,0.276448
ENSG00000115226,3.750071,1.389380,0.892719,0.388917
ENSG00000115234,4.547529,1.364470,0.947885,0.346990
ENSG00000115241,4.424349,0.442154,0.956402,0.193035
ENSG00000115252,4.199786,0.122349,0.862258,0.087467
ENSG00000115263,3.503525,0.591145,0.929278,0.230458
ENSG00000115289,4.064419,1.445670,0.966847,0.393625
ENSG00000115290,4.006446,0.245260,0.935411,0.127018
ENSG00000115307,3.085204,1.607240,0.888106,0.489900
ENSG00000115317,2.793507,1.488370,0.670416,0.380182
ENSG00000115318,3.590086,0.527275,0.784029,0.167444
ENSG00000115350,2.795179,0.171094,0.848510,0.093737
ENSG00000115353,4.045549,0.108690,0.834857,0.072544
ENSG00000115365,3.888624,0.212277,0.874965,0.120460
ENSG00000115368,3.131641,0.230964,0.824046,0.095899
ENSG00000115380,3.699077,0.447741,0.890928,0.180139
ENSG00000115386,0.183271,-0.334980,0.191456,0.048512
ENSG00000115419,4.463508,0.304803,0.851811,0.130061
ENSG00000115421,4.274397,0.378508,0.902312,0.143205
ENSG00000115423,3.128771,0.233533,0.801060,0.121415
ENSG00000115457,2.463122,0.079241,0.656426,0.101552
ENSG00000115459,2.705290,0.083997,0.733528,0.102428
ENSG00000115461,3.539659,0.167759,0.899423,0.118777
ENSG00000115488,2.169556,0.895697,0.517534,0.256907
ENSG00000115507,3.600624,1.168140,0.808471,0.310543
ENSG00000115520,4.089467,0.210571,0.806417,0.098072
ENSG00000115524,5.764678,0.769733,0.967882,0.194052
ENSG00000115526,4.124866,0.113692,0.838211,0.082381
ENSG00000115540,5.861698,0.199192,0.989757,0.120313
ENSG00000115592,2.764021,0.501116,0.666516,0.160008
ENSG00000115593,4.155558,0.172031,0.875841,0.079403
ENSG00000115596,3.747910,0.477543,0.836049,0.195991
ENSG00000115598,1.157153,-0.059363,0.403382,0.050720
ENSG00000115604,1.190855,-0.067274,0.440329,0.041948
ENSG00000115616,3.313633,-0.018618,0.789792,0.053433
ENSG00000115661,4.177782,1.794410,0.890643,0.434616
ENSG00000115665,4.624873,0.304863,0.845070,0.098435
ENSG00000115677,4.998260,0.229551,0.904027,0.111516
ENSG00000115758,4.324204,1.269840,0.866463,0.299883
ENSG00000115761,4.352727,0.040776,0.910748,0.059565
ENSG00000115806,3.656422,0.231359,0.842796,0.098990
ENSG00000115808,4.458019,0.234926,0.937460,0.102901
ENSG00000115816,3.124681,0.393451,0.762874,0.154404
ENSG00000115828,3.138567,0.272526,0.757424,0.113863
ENSG00000115839,4.468311,0.256021,0.907678,0.133985
ENSG00000115840,5.078427,0.391486,0.936534,0.178390
ENSG00000115844,3.405627,1.619660,0.887053,0.454693
ENSG00000115850,2.848240,0.319526,0.646833,0.116476
ENSG00000115866,5.227171,0.296896,0.973951,0.131130
ENSG00000115896,4.374951,0.187883,0.865997,0.107315
ENSG00000115902,3.843063,0.271272,0.781429,0.100064
ENSG00000115944,3.794472,0.216010,0.841234,0.098915
ENSG00000115946,4.053273,0.216475,0.830928,0.094660
ENSG00000115956,4.342324,0.162076,0.892365,0.070063
ENSG00000115963,5.492703,0.404934,0.961715,0.160488
ENSG00000115998,3.311897,0.231846,0.895928,0.126207
ENSG00000116001,4.838072,0.424969,0.925714,0.161187
ENSG00000116030,5.642666,0.197135,0.987452,0.108177
ENSG00000116031,0.729880,0.109313,0.386928,0.102664
ENSG00000116062,3.771096,0.685610,0.806398,0.196364
ENSG00000116095,4.378975,0.314164,0.925268,0.109231
ENSG00000116096,2.441352,0.469975,0.641303,0.161547
ENSG00000116117,3.180644,0.210850,0.813961,0.133779
ENSG00000116120,4.235238,0.206645,0.922577,0.104709
ENSG00000116128,4.339184,1.519000,0.915821,0.370948
ENSG00000116132,5.110407,0.186828,0.960271,0.120848
ENSG00000116141,4.906056,0.163218,0.900375,0.092681
ENSG00000116147,4.021176,0.302185,0.887511,0.126201
ENSG00000116157,4.075486,0.492031,0.897410,0.128776
ENSG00000116171,3.951912,0.248925,0.836966,0.151802
ENSG00000116176,-0.341755,-0.653247,0.092785,0.033840
ENSG00000116205,3.745519,0.305156,0.906040,0.150031
ENSG00000116209,3.905372,0.417960,0.921815,0.156205
ENSG00000116218,2.371615,0.160589,0.759458,0.092098
ENSG00000116237,4.028611,0.301288,0.911536,0.134829
ENSG00000116254,4.329793,0.167378,0.857752,0.107132
ENSG00000116266,3.718192,0.262880,0.916136,0.138620
ENSG00000116273,3.559494,0.365829,0.774025,0.144405
ENSG00000116285,2.519215,1.427660,0.643817,0.418631
ENSG00000116299,3.294116,0.172437,0.730637,0.088969
ENSG00000116337,4.242496,1.058950,0.866568,0.274523
ENSG00000116350,3.362835,0.369061,0.860920,0.153878
ENSG00000116353,3.044758,0.137425,0.740267,0.086539
ENSG00000116459,3.508858,0.303987,0.834441,0.096794
ENSG00000116489,5.335174,0.242040,0.957838,0.110606
ENSG00000116514,3.736392,0.523819,0.820011,0.192022
ENSG00000116521,3.432620,0.571427,0.802526,0.185181
ENSG00000116525,4.373463,0.200864,0.935178,0.099401
ENSG00000116544,3.813684,0.452841,0.920874,0.183882
ENSG00000116574,3.679298,0.223874,0.808387,0.113143
ENSG00000116586,5.092249,0.598463,0.916693,0.146241
ENSG00000116649,3.743863,0.593509,0.868180,0.203830
ENSG00000116667,4.306939,0.079720,0.996372,0.072609
ENSG00000116679,5.105165,1.297210,0.968472,0.304357
ENSG00000116685,3.427808,1.014880,0.813907,0.282288
ENSG00000116691,0.598581,-0.089371,0.318898,0.057799
ENSG00000116701,2.621531,0.066434,0.751687,0.077518
ENSG00000116703,3.720667,0.592591,0.872176,0.156260
ENSG00000116704,4.036122,0.179925,0.885535,0.120214
ENSG00000116711,4.357570,0.102500,0.906759,0.070741
ENSG00000116717,3.569666,0.970838,0.840877,0.328182
ENSG00000116741,3.173412,0.868829,0.796961,0.246380
ENSG00000116745,4.602114,0.427299,0.916660,0.120769
ENSG00000116748,4.170074,0.565244,0.845730,0.152188
ENSG00000116752,4.785882,0.267279,0.941399,0.095359
ENSG00000116761,3.889481,0.237642,0.807453,0.087650
ENSG00000116771,3.392216,0.259772,0.750354,0.107941
ENSG00000116783,4.220843,0.185177,0.908680,0.111334
ENSG00000116786,3.820087,0.166759,0.811954,0.098139
ENSG00000116819,3.695460,0.197030,0.830853,0.097710
ENSG00000116824,0.030428,-0.164074,0.180922,0.035930
ENSG00000116857,4.242395,-0.084746,0.829971,0.072114
ENSG00000116863,3.511160,0.802627,0.793013,0.256125
ENSG00000116874,3.467150,0.234590,0.790530,0.135505
ENSG00000116898,1.891494,0.236241,0.638773,0.114699
ENSG00000116903,4.548010,4.548010,0.871671,0.871671
ENSG00000116954,5.199259,0.425514,0.972819,0.123681
ENSG00000116962,3.041864,0.070820,0.742591,0.072550
ENSG00000116981,4.388807,0.403221,0.833765,0.119843
ENSG00000116983,5.631137,1.519050,0.962190,0.298183
ENSG00000116996,1.009781,-0.015717,0.352283,0.086023
ENSG00000117000,3.074513,0.354996,0.858748,0.152714
ENSG00000117010,0.886721,0.139690,0.319958,0.115856
ENSG00000117016,4.320338,0.341501,0.874294,0.129234
ENSG00000117036,3.087652,0.689641,0.723446,0.238492
ENSG00000117054,4.416355,0.325673,0.906105,0.153107
ENSG00000117069,4.122228,0.137079,0.875965,0.109379
ENSG00000117090,0.740556,0.060470,0.396932,0.063897
ENSG00000117091,-0.247196,-0.004598,0.121637,0.104008
ENSG00000117115,3.354210,0.030409,0.819181,0.075177
ENSG00000117118,4.418195,0.044066,0.852089,0.070344
ENSG00000117122,3.051419,0.266344,0.865461,0.170972
ENSG00000117143,4.073554,0.263446,0.859923,0.100157
ENSG00000117148,2.008853,0.459393,0.577892,0.201136
ENSG00000117151,3.052367,0.329526,0.714925,0.135011
ENSG00000117154,3.980412,-0.101840,0.823246,0.065440
ENSG00000117155,3.326097,0.302343,0.882044,0.111718
ENSG00000117174,1.679149,0.214965,0.610859,0.116316
ENSG00000117215,0.776787,-0.095225,0.361014,0.045597
ENSG00000117222,5.454551,0.362213,0.952482,0.108588
ENSG00000117245,2.356589,0.007870,0.641268,0.077278
ENSG00000117308,4.031437,1.342850,0.878360,0.342602
ENSG00000117318,3.642397,2.752800,0.897502,0.705155
ENSG00000117362,3.886275,1.627150,0.897681,0.454152
ENSG00000117385,3.099224,0.314880,0.749354,0.133702
ENSG00000117395,3.345267,0.418157,0.825765,0.134957
ENSG00000117399,4.266244,1.749450,0.893281,0.384734
ENSG00000117408,5.267757,1.198660,0.946747,0.316344
ENSG00000117448,4.430627,0.589178,0.886370,0.150192
ENSG00000117450,4.703481,0.371454,0.942764,0.124611
ENSG00000117472,2.024712,0.567873,0.548751,0.198047
ENSG00000117477,2.076272,0.196510,0.738868,0.128882
ENSG00000117479,3.145273,0.326731,0.760425,0.106419
ENSG00000117500,4.207533,0.242870,0.883562,0.179919
ENSG00000117525,0.902436,-0.004070,0.447136,0.064193
ENSG00000117528,4.830923,0.210677,0.946086,0.118595
ENSG00000117533,3.763485,0.161456,0.978631,0.091993
ENSG00000117543,3.980517,0.254165,0.874700,0.105199
ENSG00000117560,1.672279,0.257231,0.591873,0.118727
ENSG00000117569,5.086994,0.226600,0.964591,0.100356
ENSG00000117586,0.799020,0.092047,0.438100,0.058225
ENSG00000117592,4.026088,0.331609,0.827166,0.105044
ENSG00000117594,1.765084,0.169567,0.617735,0.111787
ENSG00000117598,4.121479,0.095517,0.930832,0.070169
ENSG00000117600,4.238600,0.292650,0.889798,0.100797
ENSG00000117614,4.079180,0.303148,0.869388,0.104544
ENSG00000117625,4.710149,0.306172,0.977728,0.123947
ENSG00000117640,4.226694,0.550797,0.941316,0.157507
ENSG00000117643,3.425893,0.076058,0.737818,0.101317
ENSG00000117650,3.657483,0.410669,0.826828,0.127586
ENSG00000117697,1.460305,0.135295,0.682691,0.144032
ENSG00000117707,5.418751,1.171230,0.953101,0.336858
ENSG00000117748,3.389080,0.163713,0.794753,0.095164
ENSG00000117862,3.825057,0.233144,0.948324,0.129311
ENSG00000117868,3.724698,0.036526,0.844335,0.063848
ENSG00000118094,2.202575,0.154112,0.642826,0.139661
ENSG00000118137,1.257804,0.517990,0.533959,0.294426
ENSG00000118193,2.255739,0.171144,0.579507,0.087060
ENSG00000118194,3.339810,-0.051700,0.821419,0.076676
ENSG00000118197,3.473910,0.260884,0.697305,0.088997
ENSG00000118246,1.504075,0.195863,0.520999,0.134862
ENSG00000118260,5.648977,0.307763,0.968459,0.162584
ENSG00000118292,1.108497,0.155935,0.538132,0.108735
ENSG00000118298,1.938193,0.377552,0.533621,0.152703
ENSG00000118402,4.398362,0.220627,0.923179,0.080683
ENSG00000118407,3.603491,0.325572,0.844734,0.143013
ENSG00000118434,1.616139,0.283942,0.683152,0.143313
ENSG00000118454,4.911478,0.195422,0.939994,0.088510
ENSG00000118491,1.926694,0.108876,0.728773,0.165975
ENSG00000118496,4.035965,1.491360,0.882277,0.343314
ENSG00000118507,2.297506,0.135096,0.749542,0.108701
ENSG00000118922,5.161962,0.080819,0.976361,0.069369
ENSG00000118972,1.842812,0.012319,0.645580,0.065435
ENSG00000119013,3.183997,0.194765,0.830126,0.172780
ENSG00000119048,6.186842,0.237609,0.988118,0.105263
ENSG00000119125,3.270744,0.110297,0.874699,0.087675
ENSG00000119138,3.083610,0.175247,0.842918,0.115243
ENSG00000119203,5.337767,0.177739,0.911809,0.071124
ENSG00000119285,3.118835,0.338070,0.784823,0.121052
ENSG00000119333,2.607761,0.102794,0.722699,0.124521
ENSG00000119402,5.599042,0.415477,0.986370,0.113222
ENSG00000119403,3.803455,0.335349,0.878750,0.120834
ENSG00000119411,2.778280,0.244935,0.794879,0.112045
ENSG00000119414,5.495855,0.294657,0.968253,0.129229
ENSG00000119421,4.300611,0.157071,0.878950,0.065839
ENSG00000119446,4.603062,0.436765,0.960475,0.177672
ENSG00000119457,2.705978,0.370059,0.711896,0.134676
ENSG00000119471,4.126831,0.148622,0.866976,0.114333
ENSG00000119508,4.159389,0.534855,0.878388,0.179775
ENSG00000119509,3.423906,0.228765,0.727555,0.134046
ENSG00000119523,3.569060,1.119960,0.798048,0.273481
ENSG00000119599,3.378896,0.188648,0.761917,0.090867
ENSG00000119608,2.082132,0.444033,0.495349,0.145125
ENSG00000119614,3.847565,0.288327,0.866051,0.127331
ENSG00000119630,2.541396,0.209200,0.766273,0.140657
ENSG00000119636,2.273895,0.189470,0.753687,0.125401
ENSG00000119650,3.009238,0.180031,0.748811,0.113489
ENSG00000119681,2.476624,0.118241,0.667729,0.087165
ENSG00000119686,3.032763,0.093019,0.686093,0.079747
ENSG00000119699,4.487062,0.353365,0.930028,0.140204
ENSG00000119705,1.890502,0.128150,0.630263,0.090252
ENSG00000119707,5.014589,0.439707,0.944310,0.151842
ENSG00000119711,4.889566,0.447529,0.929474,0.131740
ENSG00000119715,5.583181,0.026854,0.947925,0.071415
ENSG00000119718,4.888723,0.928084,0.908401,0.208105
ENSG00000119760,4.578146,0.808832,0.905918,0.200094
ENSG00000119772,4.361846,0.140357,0.921964,0.105603
ENSG00000119778,4.045257,0.277591,0.956562,0.136042
ENSG00000119787,4.560801,0.227996,0.927283,0.113495
ENSG00000119801,6.304631,1.181790,0.960141,0.211364
ENSG00000119862,4.488529,0.938309,0.950166,0.293294
ENSG00000119865,4.544965,0.175179,0.918593,0.083179
ENSG00000132423,2.641966,0.217248,0.650346,0.118667
ENSG00000132424,4.388761,1.194670,0.968716,0.342262
ENSG00000132429,3.596608,1.087490,0.840682,0.284198
ENSG00000132432,5.769145,0.159668,0.962500,0.060953
ENSG00000132464,1.029652,0.325504,0.440848,0.148294
ENSG00000132485,5.192983,0.553072,0.985264,0.175875
ENSG00000132541,3.092780,0.170287,0.777591,0.083568
ENSG00000132570,2.990015,0.496334,0.734251,0.204333
ENSG00000132591,2.474208,0.666797,0.645777,0.199456
ENSG00000132676,2.592817,0.111344,0.729704,0.100151
ENSG00000132680,4.149079,0.476176,0.927068,0.166221
ENSG00000132688,0.359488,0.212531,0.217309,0.170504
ENSG00000132698,4.229818,0.269195,0.852446,0.106609
ENSG00000132703,0.739794,0.654585,0.277181,0.249875
ENSG00000132704,-0.059242,-0.003276,0.138426,0.079282
ENSG00000132718,4.100087,0.284392,0.863997,0.123140
ENSG00000132740,2.699141,0.025439,0.628802,0.081430
ENSG00000132744,1.213983,0.157609,0.423233,0.129378
ENSG00000132763,2.911948,0.332030,0.707300,0.155745
ENSG00000132768,2.543964,1.636830,0.704854,0.462004
ENSG00000132773,3.045776,1.503680,0.701812,0.365877
ENSG00000132781,2.436872,0.837180,0.625322,0.235425
ENSG00000132837,4.278893,0.244515,0.856331,0.100959
ENSG00000132849,2.874989,0.113341,0.677036,0.088819
ENSG00000132854,1.633677,0.119024,0.437414,0.078113
ENSG00000132855,2.867925,0.734340,0.756833,0.196990
ENSG00000132881,3.063669,0.529769,0.806727,0.186938
ENSG00000132911,2.751776,0.297621,0.707271,0.103525
ENSG00000132912,5.272972,0.281717,0.951778,0.136735
ENSG00000132915,4.001844,0.153669,0.831115,0.090098
ENSG00000132932,4.548075,0.009772,0.882616,0.066801
ENSG00000132938,1.859747,0.011998,0.530795,0.071700
ENSG00000132950,2.331262,0.222728,0.790998,0.146150
ENSG00000132952,1.266499,0.173573,0.413551,0.096296
ENSG00000132963,4.300410,0.118019,0.933868,0.065456
ENSG00000132964,6.279641,0.159714,0.988922,0.092052
ENSG00000132965,3.408996,-0.051371,0.848884,0.047986
ENSG00000132975,4.976450,4.976450,0.908263,0.908263
ENSG00000133055,2.286396,0.455474,0.572031,0.194581
ENSG00000133056,3.808022,0.406131,0.856361,0.149731
ENSG00000133065,4.849705,0.462238,0.899514,0.144866
ENSG00000133069,4.093145,0.223022,0.881177,0.124820
ENSG00000133083,4.978152,0.139445,0.945714,0.089717
ENSG00000133101,2.889049,0.435533,0.745221,0.127177
ENSG00000133104,3.029773,0.289107,0.775054,0.111800
ENSG00000133105,2.621033,0.133020,0.760450,0.077152
ENSG00000133111,2.596363,0.384271,0.680795,0.140377
ENSG00000133116,2.988622,0.240065,0.688992,0.097910
ENSG00000133119,5.019350,0.358398,0.946598,0.099620
ENSG00000133121,3.716070,0.164182,0.805705,0.090518
ENSG00000133302,2.422157,0.294013,0.839453,0.153593
ENSG00000133317,1.789158,0.026891,0.704081,0.087562
ENSG00000133318,1.517138,0.136834,0.483003,0.125007
ENSG00000133321,0.207468,-0.197615,0.237273,0.089151
ENSG00000133328,0.793551,-0.022023,0.308025,0.036513
ENSG00000133398,4.768593,-0.035050,0.953494,0.076945
ENSG00000133574,0.141830,-0.036108,0.189403,0.083221
ENSG00000133606,4.192274,0.249867,0.874689,0.118235
ENSG00000133636,2.981764,0.279570,0.893122,0.126524
ENSG00000133639,4.953140,1.931900,0.987066,0.458453
ENSG00000133641,3.738504,0.347426,0.907426,0.106863
ENSG00000133678,1.278663,0.067898,0.643293,0.077642
ENSG00000133704,4.030750,0.301186,0.853816,0.099654
ENSG00000133731,3.597854,0.165843,0.812682,0.082271
ENSG00000133739,2.874892,0.300561,0.836061,0.115705
ENSG00000133773,1.793537,0.213370,0.548791,0.099933
ENSG00000133800,1.463269,0.291930,0.549322,0.127439
ENSG00000133805,4.609594,0.248136,0.884296,0.111324
ENSG00000133858,3.642613,0.599173,0.948365,0.197084
ENSG00000133874,4.194422,0.119783,0.930481,0.101193
ENSG00000133895,3.709781,1.161150,0.878309,0.305473
ENSG00000133935,4.512203,0.376616,0.908929,0.124758
ENSG00000133937,4.035295,1.950850,0.949237,0.512981
ENSG00000133961,4.338857,0.289763,0.906862,0.142145
ENSG00000133985,3.482637,0.146337,0.828887,0.081739
ENSG00000134007,0.516980,0.516980,0.265367,0.265367
ENSG00000134013,3.703946,0.040015,0.802417,0.077040
ENSG00000134028,1.194127,0.054594,0.458892,0.060443
ENSG00000134057,2.894319,0.411280,0.751269,0.165498
ENSG00000134061,1.519581,0.242516,0.531568,0.128245
ENSG00000134070,1.375603,-0.006061,0.537687,0.061300
ENSG00000134086,1.943011,0.144738,0.631304,0.119887
ENSG00000134107,3.545615,1.335850,0.782566,0.363341
ENSG00000134109,3.957585,0.198144,0.834397,0.087145
ENSG00000134115,3.179580,0.031946,0.715121,0.066771
ENSG00000134193,0.750064,-0.048836,0.458316,0.035871
ENSG00000134198,2.956016,0.112281,0.883398,0.084035
ENSG00000134202,3.247466,0.632082,0.832111,0.206217
ENSG00000134222,1.422309,0.650964,0.663865,0.304397
ENSG00000134240,3.599055,0.281453,0.775947,0.089327
ENSG00000134245,4.129979,0.741521,0.839286,0.237599
ENSG00000134248,4.046937,0.229028,0.945322,0.104866
ENSG00000134253,2.882584,0.597048,0.795033,0.189281
ENSG00000134255,5.007777,0.394986,0.957657,0.140216
ENSG00000134256,1.239818,0.191468,0.401930,0.100115
ENSG00000134258,2.133384,0.069702,0.792909,0.068896
ENSG00000134259,2.782580,2.782580,0.731094,0.731094
ENSG00000134262,3.578509,0.956035,0.856375,0.246001
ENSG00000134294,4.043023,0.700530,0.838512,0.197183
ENSG00000134321,3.474703,0.002929,0.675012,0.053873
ENSG00000134323,2.845259,1.121070,0.669923,0.324631
ENSG00000134343,4.520375,0.041868,0.913477,0.058764
ENSG00000134371,5.573147,0.211223,0.962707,0.110869
ENSG00000134375,4.949704,0.179042,0.892176,0.075954
ENSG00000134376,2.403473,0.125306,0.616425,0.085639
ENSG00000134452,2.495794,0.096578,0.698045,0.082042
ENSG00000134460,0.358812,-0.037166,0.245947,0.057829
ENSG00000134461,2.560911,0.216189,0.621561,0.096078
ENSG00000134516,4.323226,0.127960,0.868079,0.093320
ENSG00000134533,4.735597,0.128486,0.947288,0.077178
ENSG00000134548,1.763889,0.033027,0.688152,0.075072
ENSG00000134571,3.395552,0.485768,0.785300,0.182792
ENSG00000134686,3.077414,0.238691,0.846163,0.122249
ENSG00000134690,2.072754,0.103317,0.807585,0.087232
ENSG00000134716,1.542623,-0.075338,0.429244,0.037453
ENSG00000134717,5.781809,0.284125,0.977357,0.143872
ENSG00000134780,4.366704,0.350256,0.894609,0.144082
ENSG00000134802,2.565075,0.114965,0.663741,0.088957
ENSG00000134809,5.243837,0.943250,0.946619,0.187475
ENSG00000134825,5.691620,0.571001,0.928472,0.165800
ENSG00000134827,0.570680,0.038082,0.359911,0.062683
ENSG00000134851,3.974540,0.106540,0.807004,0.069229
ENSG00000134874,1.940593,0.085489,0.677437,0.076456
ENSG00000134882,3.755428,0.084855,0.882397,0.074949
ENSG00000134884,5.256274,0.404750,0.985984,0.132387
ENSG00000134897,3.999402,0.262525,0.886298,0.108373
ENSG00000134899,2.334984,0.236044,0.544295,0.091927
ENSG00000134900,4.803536,0.204727,0.927351,0.084450
ENSG00000134901,4.178012,0.474316,0.862268,0.127334
ENSG00000134905,2.334186,-0.061717,0.634132,0.061561
ENSG00000134917,2.565617,0.251624,0.594467,0.123460
ENSG00000134940,0.399217,0.112737,0.367484,0.089749
ENSG00000134955,3.484804,0.143042,0.705552,0.085123
ENSG00000134962,3.043359,0.326017,0.715891,0.131040
ENSG00000134986,1.869769,0.222825,0.766142,0.122086
ENSG00000134987,3.825008,0.372217,0.890319,0.117604
ENSG00000134996,4.742608,0.084311,0.952383,0.064524
ENSG00000135002,4.166296,0.290895,0.919602,0.093912
ENSG00000135040,5.298397,0.247735,0.970590,0.101290
ENSG00000135047,2.514641,0.629778,0.610688,0.195886
ENSG00000135063,2.486594,0.129542,0.683215,0.087710
ENSG00000135070,4.730498,0.097681,0.967713,0.087839
ENSG00000135083,3.388410,-0.001776,0.842522,0.059235
ENSG00000135093,3.418444,0.106902,0.770609,0.082981
ENSG00000135100,3.591646,0.283564,0.844156,0.141494
ENSG00000135111,4.296886,0.879588,0.892362,0.278318
ENSG00000135114,0.842090,0.012183,0.372343,0.060946
ENSG00000135119,4.107672,0.075650,0.854079,0.074619
ENSG00000135144,3.856245,0.090272,0.812676,0.091770
ENSG00000135148,1.823799,0.182128,0.584323,0.109111
ENSG00000135185,4.555076,0.055059,0.968720,0.073689
ENSG00000135211,4.761530,4.761530,0.950351,0.950351
ENSG00000135222,0.209334,-0.049914,0.132102,0.050889
ENSG00000135312,4.206350,4.206350,0.868756,0.868756
ENSG00000135316,5.980727,0.472447,0.992088,0.118890
ENSG00000135333,5.225128,0.308908,0.970027,0.127265
ENSG00000135334,4.598659,0.256587,0.984777,0.106696
ENSG00000135338,1.756064,0.230335,0.634916,0.104024
ENSG00000135341,5.245644,0.356115,0.980975,0.130681
ENSG00000135355,2.309570,2.309570,0.541756,0.541756
ENSG00000135363,4.260663,0.473716,0.934952,0.201273
ENSG00000135365,4.997852,0.355383,0.978066,0.161502
ENSG00000135374,3.067840,0.000603,0.899572,0.063073
ENSG00000135407,3.061195,0.414908,0.666643,0.129585
ENSG00000135413,-0.872991,-0.177012,0.068051,0.026548
ENSG00000135452,3.548630,1.183220,0.825735,0.335782
ENSG00000135457,4.572783,0.220888,0.878752,0.138530
ENSG00000135480,2.854342,0.167919,0.637780,0.093376
ENSG00000135517,3.658773,0.942529,0.835198,0.240371
ENSG00000135519,2.960089,0.445072,0.757733,0.165288
ENSG00000135521,3.710003,0.304640,0.832902,0.154361
ENSG00000135525,2.578214,0.102171,0.743931,0.083430
ENSG00000135535,1.580232,0.094645,0.502819,0.059440
ENSG00000135547,3.442673,0.810948,0.790118,0.267603
ENSG00000135549,2.081049,0.071332,0.679394,0.052098
ENSG00000135569,1.368840,1.368840,0.329868,0.329868
ENSG00000135577,3.513326,0.336346,0.800204,0.104380
ENSG00000135604,3.614280,3.614280,0.830397,0.830397
ENSG00000135605,3.746297,0.123990,0.860140,0.072498
ENSG00000135617,3.791274,0.578065,0.944965,0.184808
ENSG00000135624,5.311643,0.502820,0.910730,0.119086
ENSG00000135625,1.554139,1.259910,0.502467,0.425523
ENSG00000135631,1.577008,0.135887,0.517918,0.096870
ENSG00000135677,4.129187,0.192226,0.847471,0.078335
ENSG00000135678,2.796046,0.082941,0.719195,0.069644
ENSG00000135744,1.104692,-0.153942,0.458398,0.091157
ENSG00000135750,4.222703,0.001137,0.889936,0.055143
ENSG00000135773,3.269246,-0.035077,0.742272,0.058618
ENSG00000135775,3.817310,0.085656,0.838945,0.081061
ENSG00000135776,3.048272,0.086958,0.655846,0.063520
ENSG00000135778,3.226136,-0.016834,0.774186,0.048788
ENSG00000135801,4.562973,0.342660,0.906403,0.109228
ENSG00000135823,4.393135,0.169095,0.909926,0.086309
ENSG00000135824,4.206291,0.185388,0.960322,0.095900
ENSG00000135828,0.802716,0.186050,0.355955,0.114562
ENSG00000135829,4.264852,0.412150,0.887732,0.135240
ENSG00000135838,2.589569,0.143194,0.854640,0.072180
ENSG00000135845,3.891090,3.891090,0.829512,0.829512
ENSG00000135870,4.466679,0.357684,0.943549,0.132883
ENSG00000135900,2.876425,0.318373,0.702653,0.109816
ENSG00000135902,2.973133,0.351454,0.712620,0.157157
ENSG00000135903,5.120755,0.482968,0.929151,0.186060
ENSG00000135913,3.835504,0.234110,0.947470,0.133985
ENSG00000135914,3.755385,0.531079,0.848700,0.160738
ENSG00000135916,3.400282,-0.037856,0.842896,0.078449
ENSG00000135925,3.928167,0.549668,0.883459,0.195031
ENSG00000135932,5.802199,0.118229,0.954484,0.081748
ENSG00000135940,3.498630,0.699529,0.783979,0.189463
ENSG00000135953,2.607721,0.062511,0.618473,0.063003
ENSG00000135956,4.872110,0.321472,0.934373,0.108285
ENSG00000135960,4.037388,0.017658,0.859574,0.070543
ENSG00000135966,3.888526,0.089480,0.837006,0.074996
ENSG00000135974,2.622304,0.163159,0.824400,0.095468
ENSG00000136011,2.465247,0.039804,0.664511,0.062001
ENSG00000136044,4.151119,0.063379,0.852105,0.069908
ENSG00000136048,2.791237,0.042151,0.858993,0.062323
ENSG00000136099,3.372062,2.823950,0.874119,0.744414
ENSG00000136122,2.585851,0.259875,0.761891,0.109575
ENSG00000136143,4.813308,0.225413,0.948717,0.127995
ENSG00000136144,4.673274,0.250132,0.912191,0.096793
ENSG00000136147,1.048778,0.063644,0.488106,0.069687
ENSG00000136155,1.500465,0.150439,0.599425,0.088229
ENSG00000136158,3.794010,3.794010,0.902986,0.902986
ENSG00000136159,3.242567,0.249776,0.782583,0.118437
ENSG00000136160,3.718834,0.361436,0.756734,0.115417
ENSG00000136161,4.533990,0.254374,0.915847,0.087631
ENSG00000136169,2.163986,0.256385,0.662566,0.117670
ENSG00000136193,3.866054,0.112707,0.861346,0.069190
ENSG00000136197,4.194420,4.194420,0.877747,0.877747
ENSG00000136231,4.835445,0.093060,0.946106,0.079336
ENSG00000136235,2.121526,0.156505,0.601695,0.080239
ENSG00000136240,5.587671,0.165630,0.941266,0.097686
ENSG00000136267,4.632303,0.115763,0.939142,0.092080
ENSG00000136270,1.961708,0.107461,0.564256,0.154062
ENSG00000136274,0.117232,-0.110499,0.208847,0.127393
ENSG00000136286,3.129437,0.271941,0.725938,0.153368
ENSG00000136297,4.222603,-0.013179,0.855879,0.049609
ENSG00000136327,2.059960,0.886362,0.537478,0.276329
ENSG00000136352,4.238625,2.486900,0.929771,0.617668
ENSG00000136514,0.308509,0.028335,0.230170,0.075242
ENSG00000136518,5.703976,0.391643,0.950148,0.113932
ENSG00000136522,2.497927,0.169383,0.694355,0.083498
ENSG00000136542,2.536516,0.199188,0.599747,0.089084
ENSG00000136573,3.216684,-0.024520,0.676698,0.066093
ENSG00000136634,1.630537,0.307962,0.613255,0.203815
ENSG00000136689,1.284143,-0.052381,0.578179,0.072545
ENSG00000136697,1.250022,0.147440,0.575546,0.123855
ENSG00000136698,0.362669,-0.027952,0.305384,0.080787
ENSG00000136720,3.772311,-0.228980,0.902717,0.034223
ENSG00000136750,4.822692,0.140639,0.914495,0.073628
ENSG00000136754,5.708209,0.234417,0.968478,0.111441
ENSG00000136770,3.345075,0.207644,0.775887,0.133679
ENSG00000136802,5.312334,1.267490,0.916597,0.264865
ENSG00000136813,4.673672,0.338606,0.934841,0.119312
ENSG00000136827,3.124271,0.151842,0.735509,0.098737
ENSG00000136830,3.243862,0.011376,0.777346,0.080998
ENSG00000136856,2.419137,0.158170,0.630261,0.114027
ENSG00000136859,4.704953,0.347724,0.909910,0.131874
ENSG00000136866,0.872237,0.235690,0.273832,0.094968
ENSG00000136869,1.490149,0.347471,0.487020,0.141665
ENSG00000136870,1.575701,0.361376,0.404665,0.112806
ENSG00000136872,4.530138,0.649975,0.885171,0.144934
ENSG00000136875,4.708102,0.508552,0.927578,0.140012
ENSG00000136881,0.852787,0.161238,0.290171,0.078293
ENSG00000136897,1.528635,0.159846,0.575770,0.168398
ENSG00000136908,2.835226,0.372123,0.877072,0.150121
ENSG00000136918,1.081919,0.033916,0.509663,0.137291
ENSG00000136929,0.492884,0.160473,0.298801,0.106437
ENSG00000136932,1.888835,0.201036,0.504252,0.082773
ENSG00000136935,2.715160,0.142977,0.760218,0.100927
ENSG00000136936,3.438661,0.210023,0.843311,0.089747
ENSG00000136938,4.169316,0.154586,0.968731,0.097398
ENSG00000136942,5.133446,0.174906,0.948518,0.100284
ENSG00000136943,3.192863,0.704969,0.702165,0.190160
ENSG00000136944,4.646388,0.319170,0.938618,0.166389
ENSG00000136950,4.166554,0.327787,0.896283,0.156661
ENSG00000136982,3.661520,0.295475,0.873392,0.124925
ENSG00000136986,4.843367,0.181988,0.944380,0.082970
ENSG00000136997,3.219666,1.210970,0.809293,0.394518
ENSG00000136999,2.709365,0.478392,0.598457,0.138799
ENSG00000137033,0.227187,0.140555,0.197285,0.080150
ENSG00000137055,4.235269,0.331102,0.945463,0.121221
ENSG00000137070,1.952801,0.457689,0.733695,0.197493
ENSG00000137074,3.442603,0.527603,0.789153,0.225605
ENSG00000137075,4.769316,0.201857,0.968654,0.092431
ENSG00000137076,4.895669,1.444150,0.881723,0.308960
ENSG00000137077,1.086980,0.760621,0.568497,0.399752
ENSG00000137078,1.076916,0.790858,0.569097,0.414751
ENSG00000137103,3.293172,0.514301,0.757579,0.156360
ENSG00000137106,3.628933,0.250717,0.789096,0.123795
ENSG00000137124,3.198040,3.198040,0.754093,0.754093
ENSG00000137133,2.848437,0.875819,0.777888,0.270111
ENSG00000137135,2.380186,0.856355,0.850474,0.312875
ENSG00000137161,3.534990,0.344557,0.793066,0.142424
ENSG00000137166,4.470753,0.368769,0.900543,0.161777
ENSG00000137168,4.904821,0.168802,0.898394,0.079624
ENSG00000137193,3.880715,1.442090,0.832167,0.423511
ENSG00000137198,5.135346,-0.033900,0.899056,0.052201
ENSG00000137200,4.608726,0.398775,0.921786,0.156269
ENSG00000137203,5.297367,1.369400,0.972188,0.420481
ENSG00000137207,4.431978,1.099690,0.903792,0.249627
ENSG00000137216,4.699274,0.566640,0.917772,0.170184
ENSG00000137251,2.516260,0.049034,0.789424,0.051674
ENSG00000137252,4.508189,0.070582,0.900008,0.058553
ENSG00000137261,2.153108,0.143141,0.633472,0.089439
ENSG00000137269,4.666852,0.076016,0.927691,0.076670
ENSG00000137270,2.074253,0.121578,0.584272,0.080251
ENSG00000137273,3.007248,0.539205,0.775798,0.261968
ENSG00000137275,2.108307,0.081114,0.560579,0.094252
ENSG00000137309,2.990990,0.106078,0.934682,0.156800
ENSG00000137310,1.661831,0.516369,0.684693,0.242739
ENSG00000137338,1.012793,0.165057,0.566805,0.164727
ENSG00000137364,2.024221,0.031650,0.682273,0.066741
ENSG00000137392,1.592499,-0.022768,0.614432,0.110727
ENSG00000137393,3.591964,0.113786,0.810469,0.070108
ENSG00000137411,2.549727,0.572194,0.674129,0.215734
ENSG00000137414,2.456559,0.415312,0.540640,0.126004
ENSG00000137434,0.881292,0.020401,0.357434,0.103377
ENSG00000137460,2.178145,0.205206,0.545258,0.116922
ENSG00000137473,2.222167,0.235010,0.735295,0.122916
ENSG00000137494,2.556522,0.237749,0.775935,0.147607
ENSG00000137496,0.681015,0.080837,0.345796,0.132348
ENSG00000137507,2.337077,0.675241,0.660611,0.219090
ENSG00000137547,4.133338,0.314780,0.845816,0.134168
ENSG00000137558,4.417649,0.224590,0.892730,0.091588
ENSG00000137561,3.311349,0.167151,0.818324,0.097956
ENSG00000137563,2.284634,0.118865,0.624601,0.065882
ENSG00000137571,4.354609,0.113031,0.826466,0.080163
ENSG00000137574,2.297895,0.118163,0.616152,0.072819
ENSG00000137628,1.472239,0.043227,0.549004,0.078799
ENSG00000137672,4.362104,0.115976,0.901644,0.073282
ENSG00000137673,1.569564,0.098933,0.378800,0.060732
ENSG00000137674,2.076511,0.008897,0.641796,0.053923
ENSG00000137675,2.218619,0.257448,0.548157,0.096752
ENSG00000137700,4.464461,1.590570,0.886722,0.393676
ENSG00000137720,1.802392,0.351838,0.688456,0.150122
ENSG00000137726,2.714888,0.045566,0.906786,0.111421
ENSG00000137727,2.129952,0.165287,0.655837,0.103446
ENSG00000137745,3.078928,0.390320,0.722099,0.124521
ENSG00000137760,3.100777,0.235247,0.745531,0.100549
ENSG00000137767,4.012811,0.184442,0.810237,0.080171
ENSG00000137801,4.954218,1.359270,0.901130,0.282105
ENSG00000137807,4.036726,0.470248,0.847048,0.156289
ENSG00000137814,1.897741,0.176497,0.703492,0.099198
ENSG00000137818,5.052445,0.501189,0.900699,0.142391
ENSG00000137819,3.088432,-0.058997,0.749873,0.052942
ENSG00000137824,2.336677,0.212090,0.776523,0.102176
ENSG00000137825,3.359345,0.589558,0.801716,0.213971
ENSG00000137834,3.512745,0.197736,0.804382,0.137282
ENSG00000137880,4.623083,0.268008,0.881520,0.091898
ENSG00000137941,4.195435,0.271474,0.911047,0.104610
ENSG00000137947,5.557290,0.222506,0.967782,0.093328
ENSG00000137960,3.387366,0.141762,0.758640,0.096916
ENSG00000137962,2.884299,0.362322,0.791964,0.135773
ENSG00000137968,3.096521,0.148505,0.769268,0.102772
ENSG00000137976,2.415380,0.283242,0.614942,0.116326
ENSG00000137992,4.130221,0.231178,0.883073,0.121622
ENSG00000137996,4.273114,0.276795,0.931581,0.108084
ENSG00000138032,4.949964,0.343678,0.963087,0.109216
ENSG00000138039,3.078600,0.235851,0.775340,0.135370
ENSG00000138050,1.551536,0.145472,0.567476,0.083786
ENSG00000138061,2.319264,0.757953,0.602243,0.229222
ENSG00000138071,5.934604,0.332154,0.971409,0.130628
ENSG00000138074,3.095232,0.776724,0.696876,0.212209
ENSG00000138075,3.093274,0.281929,0.731519,0.097176
ENSG00000138079,2.962863,0.159019,0.666888,0.088553
ENSG00000138081,5.801136,0.309767,0.987740,0.121058
ENSG00000138092,1.273754,0.054323,0.518217,0.107272
ENSG00000138100,3.410923,0.193155,0.767995,0.117351
ENSG00000138107,5.387560,0.388002,0.934079,0.142128
ENSG00000138115,1.046193,-0.136829,0.341544,0.084449
ENSG00000138131,3.164548,0.466497,0.722378,0.161503
ENSG00000138134,3.761449,0.234488,0.811260,0.083284
ENSG00000138152,1.127527,-0.067418,0.527009,0.062475
ENSG00000138160,2.921816,0.288989,0.819165,0.156220
ENSG00000138161,0.992156,0.078691,0.358670,0.108548
ENSG00000138166,3.552966,0.538434,0.892284,0.230519
ENSG00000138172,3.378764,1.108010,0.835884,0.302632
ENSG00000138175,5.746980,0.261916,0.960247,0.150429
ENSG00000138190,5.061255,0.320966,0.962658,0.162533
ENSG00000138207,3.632766,0.238017,0.816426,0.088766
ENSG00000138271,2.292904,0.346314,0.619296,0.163246
ENSG00000138308,3.929996,0.166747,0.832324,0.091357
ENSG00000138311,2.515664,0.237108,0.786093,0.131746
ENSG00000138315,3.997894,0.270674,0.819000,0.136283
ENSG00000138316,3.551627,0.079169,0.715064,0.071007
ENSG00000138336,1.839974,0.168664,0.515318,0.107455
ENSG00000138376,2.040907,0.181237,0.596751,0.099452
ENSG00000138379,4.436451,1.236570,0.960399,0.314403
ENSG00000138380,2.722511,0.286662,0.863382,0.149130
ENSG00000138395,3.081677,0.327253,0.819033,0.154583
ENSG00000138399,2.282352,0.260646,0.744105,0.139174
ENSG00000138400,2.108310,0.135072,0.577927,0.075331
ENSG00000138435,4.608799,0.451649,0.891484,0.140034
ENSG00000138439,3.358329,0.132366,0.879448,0.124736
ENSG00000138442,4.753924,0.315666,0.935147,0.127925
ENSG00000138463,3.849766,0.231439,0.903646,0.124850
ENSG00000138472,1.593517,0.056945,0.616402,0.083074
ENSG00000138587,2.541694,0.223634,0.746762,0.150032
ENSG00000138604,4.546713,0.773122,0.865100,0.193447
ENSG00000138606,2.890202,0.356175,0.751158,0.149177
ENSG00000138615,3.623194,1.052500,0.788496,0.261059
ENSG00000138622,3.414312,0.307787,0.771126,0.135048
ENSG00000138623,1.421321,0.151247,0.569564,0.134271
ENSG00000138639,4.224201,0.074368,0.844578,0.071442
ENSG00000138646,1.512475,0.145690,0.539619,0.097273
ENSG00000138650,4.137624,0.464637,0.886458,0.161707
ENSG00000138653,4.232784,0.089564,0.862115,0.077483
ENSG00000138668,4.615677,0.568411,0.983629,0.215451
ENSG00000138669,3.954659,0.172207,0.896945,0.099902
ENSG00000138674,4.171251,0.370800,0.889702,0.121355
ENSG00000138675,3.399831,0.256849,0.771633,0.113002
ENSG00000138678,4.099973,0.116813,0.849894,0.073080
ENSG00000138684,1.253134,0.363476,0.671031,0.166719
ENSG00000138685,3.754356,0.125869,0.892395,0.098456
ENSG00000138686,4.561676,0.348177,0.931615,0.114821
ENSG00000138696,4.635601,0.130834,0.889528,0.070140
ENSG00000138698,5.243881,0.213707,0.966740,0.119148
ENSG00000138709,3.355559,0.191241,0.844780,0.134085
ENSG00000138722,1.579815,0.182476,0.570714,0.099071
ENSG00000138741,4.423243,0.269014,0.881509,0.113016
ENSG00000138755,0.764893,0.159820,0.437853,0.094180
ENSG00000138756,3.391900,0.214615,0.788019,0.105872
ENSG00000138758,5.195175,0.168835,0.913440,0.098434
ENSG00000138767,5.615908,0.256222,0.988329,0.114207
ENSG00000138769,2.529879,0.202158,0.794184,0.132468
ENSG00000138792,3.071186,0.168727,0.673993,0.080977
ENSG00000138798,1.873957,0.124906,0.570963,0.086297
ENSG00000138801,4.553166,0.109548,0.885750,0.076924
ENSG00000138813,0.836764,0.121077,0.415606,0.096166
ENSG00000138814,5.354894,0.097923,0.959275,0.069568
ENSG00000138821,3.216179,0.103896,0.767965,0.079530
ENSG00000138834,4.563407,0.095253,0.873896,0.104420
ENSG00000139053,4.833124,0.376210,0.834000,0.094251
ENSG00000139055,1.299073,0.092550,0.529228,0.075896
ENSG00000139131,3.428365,0.605093,0.791709,0.174629
ENSG00000139133,3.445812,1.145010,0.807441,0.288698
ENSG00000139151,2.378864,0.219029,0.671592,0.085533
ENSG00000139154,3.612051,0.190203,0.834792,0.110324
ENSG00000139155,3.310321,0.199560,0.767083,0.089612
ENSG00000139160,2.685991,0.389020,0.704892,0.153041
ENSG00000139163,4.093907,0.240230,0.899446,0.125884
ENSG00000139168,4.678893,0.410582,0.962143,0.114136
ENSG00000139174,3.882374,0.797739,0.807645,0.223567
ENSG00000139190,4.287460,0.474080,0.900706,0.184268
ENSG00000139192,1.255778,0.111667,0.470016,0.095341
ENSG00000139197,4.204648,0.437394,0.896719,0.162421
ENSG00000139200,2.708861,0.911205,0.907560,0.356324
ENSG00000139209,3.989166,0.382075,0.846352,0.121232
ENSG00000139211,3.085660,3.085660,0.788500,0.788500
ENSG00000139233,2.842900,0.208430,0.763543,0.076311
ENSG00000139266,3.682978,1.270940,0.812741,0.310199
ENSG00000139269,1.727717,1.394380,0.531790,0.444152
ENSG00000139292,3.268723,0.276992,0.813470,0.135588
ENSG00000139318,4.973696,2.673120,0.953648,0.595302
ENSG00000139323,3.059356,0.179778,0.792487,0.098450
ENSG00000139324,4.734312,0.360964,0.926664,0.122246
ENSG00000139329,3.467663,0.711185,0.817099,0.191853
ENSG00000139330,3.737523,0.753546,0.853320,0.206004
ENSG00000139350,3.158107,0.296412,0.846040,0.116764
ENSG00000139351,2.765175,0.409527,0.815758,0.141260
ENSG00000139352,2.778980,2.778980,0.754531,0.754531
ENSG00000139364,3.122606,-0.047403,0.742898,0.063683
ENSG00000139370,3.298480,-0.096215,0.769647,0.060982
ENSG00000139405,0.675608,0.095340,0.289489,0.096264
ENSG00000139410,2.615087,0.157948,0.614601,0.089073
ENSG00000139428,2.575853,-0.042023,0.734129,0.063428
ENSG00000139437,2.601739,0.122481,0.743849,0.104819
ENSG00000139496,4.313984,0.358311,0.934991,0.141598
ENSG00000139505,4.245222,0.283278,0.886699,0.094164
ENSG00000139508,2.410007,0.221940,0.642772,0.097976
ENSG00000139515,3.018073,0.253993,0.729467,0.150091
ENSG00000139517,4.009234,0.276813,0.829581,0.091836
ENSG00000139549,3.081058,1.298170,0.684438,0.425958
ENSG00000139567,3.208981,0.579086,0.657233,0.168283
ENSG00000139579,3.608370,0.559085,0.809614,0.166039
ENSG00000139597,2.199796,0.149131,0.751339,0.104207
ENSG00000139610,2.737467,0.166581,0.627445,0.087917
ENSG00000139636,4.330129,0.620740,0.922382,0.164195
ENSG00000139644,4.534892,0.377148,0.942112,0.126179
ENSG00000139645,4.217475,0.975919,0.895306,0.258299
ENSG00000139651,3.561552,0.605196,0.921817,0.224101
ENSG00000139668,4.814705,0.118980,0.937716,0.090583
ENSG00000139697,4.889676,0.324823,0.944621,0.107154
ENSG00000139718,3.165033,0.661031,0.731862,0.217881
ENSG00000139726,5.119882,0.241356,0.951261,0.102042
ENSG00000139746,4.533756,0.319627,0.969940,0.115928
ENSG00000139780,2.524333,0.053414,0.649943,0.089034
ENSG00000139797,1.940615,1.766110,0.630512,0.576500
ENSG00000139835,3.383495,-0.187264,0.803354,0.059820
ENSG00000139842,4.782090,0.060086,0.865583,0.067497
ENSG00000139865,1.431544,0.162344,0.520677,0.116161
ENSG00000139880,2.739535,0.872348,0.664553,0.237038
ENSG00000139890,2.640526,0.954171,0.727019,0.317673
ENSG00000139908,1.749136,0.960855,0.643324,0.390342
ENSG00000139910,5.940353,0.235502,0.994130,0.095309
ENSG00000139914,2.215807,1.687580,0.805685,0.629510
ENSG00000139970,2.676217,0.137557,0.683460,0.103886
ENSG00000139973,2.678416,0.206199,0.747200,0.112946
ENSG00000139988,3.812698,0.461692,0.829881,0.128128
ENSG00000139990,3.738530,0.373858,0.893019,0.158854
ENSG00000140009,3.407067,0.154544,0.779643,0.104709
ENSG00000140015,4.717604,0.150261,0.907466,0.087197
ENSG00000140025,2.138193,0.139597,0.747376,0.107542
ENSG00000140043,3.931666,0.273764,0.867400,0.151400
ENSG00000140093,1.123604,0.072164,0.447082,0.102415
ENSG00000140107,2.805255,0.070898,0.688427,0.121179
ENSG00000140254,2.360559,0.678699,0.652697,0.204431
ENSG00000140259,5.021756,0.427119,0.955126,0.137747
ENSG00000140265,1.357295,0.592739,0.551071,0.239194
ENSG00000140274,2.389684,0.596852,0.573848,0.206061
ENSG00000140280,3.045941,0.216770,0.834144,0.095901
ENSG00000140284,2.336163,0.126363,0.523793,0.085352
ENSG00000140320,2.966515,0.964798,0.779940,0.281842
ENSG00000140323,2.750723,1.076250,0.723341,0.304562
ENSG00000140326,3.030053,0.908595,0.821583,0.281800
ENSG00000140451,3.228925,0.709671,0.754772,0.217389
ENSG00000140465,2.747305,1.702460,0.681378,0.424239
ENSG00000140474,3.685756,0.837164,0.846950,0.232699
ENSG00000140488,4.230185,0.384880,0.886263,0.144836
ENSG00000140497,3.937751,0.158090,0.842387,0.090638
ENSG00000140506,0.999989,0.106859,0.497170,0.110677
ENSG00000140527,1.123234,0.046295,0.477369,0.085163
ENSG00000140545,3.140971,0.072537,0.719019,0.095172
ENSG00000140564,3.764071,1.374940,0.829194,0.355810
ENSG00000140575,4.644236,0.260480,0.891370,0.105893
ENSG00000140986,4.369222,0.301097,0.874736,0.145010
ENSG00000140987,0.124444,-0.000381,0.139969,0.077825
ENSG00000140993,0.952565,0.952565,0.555842,0.555842
ENSG00000141068,3.915814,0.027525,0.823828,0.075822
ENSG00000141127,5.124570,0.097995,0.898423,0.098522
ENSG00000141161,4.128635,0.285797,0.868784,0.109569
ENSG00000141314,4.510924,0.122099,0.877964,0.096243
ENSG00000141316,0.872516,-0.039523,0.387845,0.071623
ENSG00000142208,4.473625,-0.463276,0.912125,0.080878
ENSG00000142224,1.304361,-0.031248,0.511395,0.062209
ENSG00000142319,3.201827,-0.263863,0.708718,0.045174
ENSG00000142606,2.948611,-0.154363,0.718076,0.064387
ENSG00000142611,4.257972,-0.236116,0.859576,0.084721
ENSG00000142619,2.708529,0.016326,0.697641,0.065167
ENSG00000142623,2.447671,-0.047864,0.602392,0.057208
ENSG00000142627,3.228254,0.284556,0.730395,0.152339
ENSG00000142655,4.035359,0.356313,0.877800,0.179823
ENSG00000142677,0.910705,-0.037815,0.464389,0.063776
ENSG00000142694,3.006141,1.995690,0.759109,0.540359
ENSG00000142698,1.488074,0.060229,0.631070,0.100870
ENSG00000142700,2.407447,1.293380,0.735984,0.427747
ENSG00000142748,0.513865,-0.000487,0.317292,0.078357
ENSG00000142751,4.285365,0.388958,0.897242,0.121661
ENSG00000142784,5.055418,0.371208,0.938378,0.165415
ENSG00000142789,2.083089,0.091662,0.521615,0.076665
ENSG00000142856,1.380980,0.280986,0.605544,0.158358
ENSG00000142864,4.432814,0.370881,0.964429,0.129479
ENSG00000142867,2.843391,0.321391,0.890465,0.119641
ENSG00000142871,4.375546,2.915740,0.861703,0.632512
ENSG00000142910,3.760704,0.663821,0.808969,0.258175
ENSG00000142920,3.183427,0.163839,0.783462,0.104295
ENSG00000142937,5.425866,1.328650,0.930186,0.313557
ENSG00000142945,3.586298,0.304828,0.842002,0.112607
ENSG00000142959,2.975973,1.181300,0.663059,0.294481
ENSG00000142961,5.158136,1.016890,0.917877,0.226041
ENSG00000143001,0.649259,-0.072438,0.331024,0.043915
ENSG00000143006,0.998737,0.065681,0.308248,0.091287
ENSG00000143013,5.965047,2.090960,0.978796,0.567304
ENSG00000143028,3.121353,0.418126,0.831107,0.166111
ENSG00000143032,4.179356,1.450250,0.917602,0.386820
ENSG00000143033,5.030685,0.314907,0.993903,0.128683
ENSG00000143093,4.747934,0.615413,0.887615,0.156496
ENSG00000143106,5.389222,0.359183,0.976416,0.123474
ENSG00000143110,0.221528,-0.053335,0.213574,0.070698
ENSG00000143119,2.586109,0.308726,0.782300,0.107784
ENSG00000143125,2.826475,-0.024828,0.710312,0.060749
ENSG00000143147,4.094918,0.071064,0.856252,0.079361
ENSG00000143149,3.656049,0.220402,0.785436,0.113187
ENSG00000143153,3.372428,0.073646,0.741431,0.084632
ENSG00000143155,4.406744,0.244540,0.928915,0.084676
ENSG00000143156,3.499455,0.095040,0.897158,0.089349
ENSG00000143158,4.002931,0.215501,0.924640,0.091270
ENSG00000143162,2.700474,0.028366,0.675181,0.060724
ENSG00000143171,4.366790,0.096068,0.892908,0.078945
ENSG00000143179,4.486365,-0.081903,0.906237,0.041934
ENSG00000143185,0.636489,0.614381,0.381205,0.253251
ENSG00000143194,2.261320,0.144825,0.856965,0.089922
ENSG00000143196,3.797764,-0.034428,0.890953,0.043296
ENSG00000143198,3.384574,0.140594,0.772048,0.086206
ENSG00000143217,2.238161,0.407382,0.827008,0.216048
ENSG00000143222,4.667438,0.709209,0.940822,0.195456
ENSG00000143256,3.579852,0.149501,0.943489,0.094007
ENSG00000143257,2.010105,0.390355,0.677357,0.193236
ENSG00000143278,1.709142,0.104821,0.555002,0.071843
ENSG00000143297,0.165947,-0.037641,0.252847,0.052260
ENSG00000143318,3.953150,0.420399,0.806790,0.130758
ENSG00000143319,2.131129,0.383638,0.562932,0.151524
ENSG00000143321,2.945146,0.526572,0.790699,0.266747
ENSG00000143324,4.913846,0.211496,0.933579,0.145827
ENSG00000143340,3.409138,1.436400,0.842962,0.400614
ENSG00000143344,4.043528,0.195461,0.876878,0.109061
ENSG00000143353,2.776361,0.187829,0.745606,0.116594
ENSG00000143367,2.312847,0.139751,0.767419,0.109307
ENSG00000143374,2.819135,0.276299,0.616275,0.108702
ENSG00000143376,4.785314,0.219059,0.952213,0.113815
ENSG00000143384,1.757799,0.945252,0.654595,0.402908
ENSG00000143412,1.517474,0.091857,0.686687,0.092593
ENSG00000143420,4.873172,0.635510,0.957793,0.229784
ENSG00000143437,3.873596,0.267912,0.900468,0.121147
ENSG00000143443,0.524831,0.241583,0.341596,0.160869
ENSG00000143452,2.684152,0.402009,0.811066,0.183411
ENSG00000143458,3.135316,0.208570,0.724640,0.130372
ENSG00000143473,4.604230,0.099851,0.879825,0.085678
ENSG00000143476,3.005139,0.271841,0.808845,0.151970
ENSG00000143494,4.180649,0.074962,0.926899,0.068231
ENSG00000143507,4.984313,0.173880,0.931707,0.094783
ENSG00000143515,4.338358,0.730724,0.854406,0.212557
ENSG00000143537,1.749046,0.489035,0.532380,0.220337
ENSG00000143543,2.175291,0.291460,0.734591,0.144584
ENSG00000143545,3.894426,0.557251,0.859701,0.171295
ENSG00000143546,0.605842,0.376667,0.322240,0.229486
ENSG00000143553,3.879508,0.621176,0.873885,0.209905
ENSG00000143590,3.198597,0.686034,0.957121,0.325334
ENSG00000143595,1.999847,0.489573,0.465299,0.149396
ENSG00000143603,4.181520,-0.064605,0.899270,0.067863
ENSG00000143612,4.190084,0.266334,0.946663,0.106554
ENSG00000143627,3.902192,0.594422,0.805192,0.176466
ENSG00000143630,4.071213,0.907739,0.759357,0.218628
ENSG00000143633,1.315886,-0.032746,0.553263,0.056938
ENSG00000143641,4.856866,-0.130321,0.893938,0.040441
ENSG00000143653,3.626506,0.157429,0.856269,0.094467
ENSG00000143674,2.802459,0.109965,0.609613,0.070722
ENSG00000143748,3.275599,0.104033,0.780396,0.074918
ENSG00000143751,1.997497,0.203021,0.478162,0.081407
ENSG00000143756,4.681768,0.140433,0.920432,0.080908
ENSG00000143761,5.743248,3.458650,0.942868,0.604492
ENSG00000143771,4.992774,0.137281,0.951640,0.086916
ENSG00000143772,1.930557,-0.063455,0.507403,0.059412
ENSG00000143774,3.051907,-0.094320,0.738928,0.078348
ENSG00000143786,4.607282,-0.052993,0.912404,0.061104
ENSG00000143799,4.273335,0.055842,0.855219,0.081797
ENSG00000143815,2.921397,0.117838,0.707589,0.082934
ENSG00000143816,3.340544,-0.190936,0.811578,0.088414
ENSG00000143819,3.365806,0.127279,0.724931,0.079712
ENSG00000143839,2.694294,0.160062,0.663032,0.092030
ENSG00000143858,4.449663,0.380235,0.890062,0.138289
ENSG00000143862,5.232528,0.207657,0.947984,0.096878
ENSG00000143867,4.140698,2.069130,0.844093,0.450723
ENSG00000143869,1.772481,0.518781,0.480563,0.218826
ENSG00000143882,3.774807,-0.061477,0.852919,0.056543
ENSG00000143889,4.401036,0.505276,0.953502,0.169033
ENSG00000143891,3.410676,0.091525,0.782849,0.079313
ENSG00000143924,4.308906,0.239235,0.899435,0.116106
ENSG00000143942,4.576693,0.499255,0.885750,0.135781
ENSG00000143971,1.254619,0.373165,0.428954,0.157402
ENSG00000143994,2.015218,0.412082,0.618583,0.160443
ENSG00000143995,6.470004,0.836100,0.983664,0.305636
ENSG00000144021,4.317863,0.863343,0.882895,0.211371
ENSG00000144029,2.834087,0.091097,0.721661,0.089335
ENSG00000144031,0.492741,0.131018,0.289071,0.111771
ENSG00000144034,3.125936,0.399430,0.901591,0.144724
ENSG00000144036,4.581955,0.233270,0.909880,0.146000
ENSG00000144043,4.939974,0.504478,0.953668,0.126929
ENSG00000144045,2.662422,0.925937,0.709879,0.273481
ENSG00000144048,1.611230,0.162940,0.592974,0.082486
ENSG00000144057,3.142751,0.056213,0.681048,0.077629
ENSG00000144063,1.972058,-0.078655,0.668183,0.080914
ENSG00000144120,2.408480,2.408480,0.692384,0.692384
ENSG00000144152,3.265079,-0.013401,0.771531,0.061439
ENSG00000144161,2.693654,0.161823,0.801859,0.092957
ENSG00000144191,3.310375,0.125699,0.714331,0.083501
ENSG00000144214,1.186543,0.046449,0.580314,0.091937
ENSG00000144227,4.683240,0.179384,0.910775,0.098067
ENSG00000144228,6.081349,0.587171,0.989435,0.154162
ENSG00000144229,3.200328,0.075979,0.750207,0.080209
ENSG00000144233,5.711298,0.876353,0.991537,0.241376
ENSG00000144278,5.342096,0.086656,0.916053,0.080955
ENSG00000144320,3.417963,0.396652,0.863983,0.165976
ENSG00000144331,4.034734,0.208280,0.892234,0.115102
ENSG00000144339,4.634461,0.189104,0.970653,0.118264
ENSG00000144354,3.339284,0.485322,0.801259,0.179096
ENSG00000144357,5.010626,0.285887,0.966872,0.147141
ENSG00000144369,2.807139,0.140140,0.806516,0.081458
ENSG00000144401,3.433871,0.175196,0.817470,0.080819
ENSG00000144410,2.014460,0.198817,0.572282,0.102240
ENSG00000144445,2.439974,0.177945,0.868704,0.127385
ENSG00000144451,2.198228,0.093587,0.740602,0.088713
ENSG00000144452,3.131606,0.272573,0.835134,0.130888
ENSG00000144455,2.994859,0.116072,0.725947,0.093375
ENSG00000144481,3.424993,-0.023136,0.852974,0.058991
ENSG00000144535,3.316181,0.114076,0.791053,0.108675
ENSG00000144550,4.551689,0.373283,0.856764,0.128753
ENSG00000144560,4.260880,-0.026352,0.886217,0.066220
ENSG00000144583,4.322545,0.126576,0.928777,0.086875
ENSG00000144597,4.541123,0.329685,0.863127,0.107666
ENSG00000144619,3.981597,0.089015,0.826084,0.080190
ENSG00000144642,5.800812,0.078483,0.972129,0.081323
ENSG00000144644,3.649840,0.071075,0.864140,0.071401
ENSG00000144647,4.505330,4.505330,0.865321,0.865321
ENSG00000144655,2.229231,0.982641,0.624203,0.326489
ENSG00000144677,4.645445,0.098180,0.876337,0.075764
ENSG00000144681,3.889130,0.075350,0.909412,0.073969
ENSG00000144712,3.692771,0.333801,0.791661,0.116153
ENSG00000144724,4.465523,0.095044,0.866016,0.100150
ENSG00000144744,5.168460,0.470575,0.961148,0.128218
ENSG00000144746,4.354180,0.145617,0.892301,0.069322
ENSG00000144747,3.906505,0.554699,0.857731,0.148200
ENSG00000144771,2.441902,0.262487,0.629273,0.105055
ENSG00000144791,2.565149,-0.026231,0.521130,0.049789
ENSG00000144810,3.738553,1.601610,0.749142,0.340572
ENSG00000144820,0.973338,0.110920,0.464312,0.136951
ENSG00000144821,2.338559,0.216820,0.735183,0.108679
ENSG00000144827,3.413796,0.338942,0.750078,0.108150
ENSG00000144837,2.433474,0.114154,0.664123,0.071457
ENSG00000144847,4.278876,0.165829,0.939264,0.088665
ENSG00000144848,5.015216,0.291159,0.967934,0.090452
ENSG00000144891,3.801610,3.801610,0.837941,0.837941
ENSG00000145014,1.222243,-0.051450,0.593642,0.051921
ENSG00000145029,3.088569,0.524630,0.882855,0.182922
ENSG00000145041,5.005450,0.346126,0.959139,0.117116
ENSG00000145192,0.782997,0.021432,0.389606,0.072487
ENSG00000145194,3.597857,0.501179,0.771167,0.146453
ENSG00000145198,2.016333,0.631934,0.632676,0.243337
ENSG00000145220,2.217529,0.029165,0.608914,0.069356
ENSG00000145241,0.897185,0.127663,0.421515,0.104366
ENSG00000145248,3.153853,0.793627,0.672239,0.204273
ENSG00000145283,2.006186,0.089640,0.635228,0.074743
ENSG00000145284,3.449840,0.051120,0.766284,0.068071
ENSG00000145287,1.600336,0.040047,0.593055,0.131416
ENSG00000145293,4.123358,0.175196,0.860488,0.085787
ENSG00000145332,4.541799,0.408416,0.900824,0.134527
ENSG00000145354,4.484996,0.172127,0.935667,0.105158
ENSG00000145358,2.640320,0.787046,0.840366,0.317769
ENSG00000145384,3.066073,0.508935,0.780098,0.138912
ENSG00000145386,3.396736,0.769743,0.806559,0.223231
ENSG00000145390,2.766438,0.265397,0.657315,0.105800
ENSG00000145391,4.415937,0.146989,0.899110,0.078464
ENSG00000145414,1.635980,0.097569,0.607665,0.065667
ENSG00000145416,2.832294,0.030251,0.681984,0.061493
ENSG00000145423,4.630851,0.840727,0.933555,0.264731
ENSG00000145428,2.681582,0.100818,0.697873,0.080478
ENSG00000145439,3.610648,0.196713,0.888889,0.088635
ENSG00000145451,4.731430,0.066138,0.914056,0.056618
ENSG00000145476,2.985583,0.157915,0.678179,0.078754
ENSG00000145494,2.656367,-0.140101,0.697519,0.039252
ENSG00000145506,0.814754,-0.406809,0.346063,0.034022
ENSG00000145526,3.986140,-0.034027,0.856356,0.049834
ENSG00000145536,2.857082,-0.136484,0.625525,0.042989
ENSG00000145545,1.868141,-0.124653,0.513448,0.049870
ENSG00000145569,2.512283,-0.002880,0.738087,0.068617
ENSG00000145604,2.555942,0.118070,0.833771,0.078301
ENSG00000145632,4.289196,1.784060,0.922635,0.401956
ENSG00000145642,2.594940,0.169218,0.816965,0.105160
ENSG00000145649,1.297926,0.158691,0.432307,0.075551
ENSG00000145685,4.393854,0.119493,0.826865,0.073282
ENSG00000145692,4.562418,0.325895,0.872283,0.108575
ENSG00000145700,0.911884,0.160889,0.367632,0.127091
ENSG00000145708,3.334016,0.281939,0.776735,0.121628
ENSG00000145723,2.322284,0.267379,0.821745,0.116511
ENSG00000145736,4.273218,0.286053,0.952838,0.132306
ENSG00000145757,1.353866,0.148567,0.650067,0.081507
ENSG00000145780,4.981341,0.639691,0.925801,0.157468
ENSG00000145781,3.448739,0.135571,0.885208,0.104335
ENSG00000145794,4.534041,0.251211,0.862914,0.107095
ENSG00000145824,4.091244,0.274534,0.975545,0.134518
ENSG00000145826,1.724333,0.193813,0.535024,0.081565
ENSG00000145832,3.463605,0.006496,0.802013,0.052526
ENSG00000145839,0.452527,-0.048712,0.336586,0.068712
ENSG00000145850,0.517284,-0.001689,0.218033,0.050551
ENSG00000145860,4.989799,0.352384,0.878656,0.101736
ENSG00000145861,4.035735,0.613648,0.834535,0.165163
ENSG00000145863,4.459543,0.463173,0.848161,0.138465
ENSG00000145868,4.432669,0.451140,0.938027,0.134094
ENSG00000145879,1.530931,0.104221,0.712886,0.085494
ENSG00000145882,3.780512,0.530200,0.812720,0.153195
ENSG00000145888,5.196270,0.215771,0.935436,0.130792
ENSG00000145901,2.751007,0.016083,0.783673,0.069740
ENSG00000145908,0.828250,0.345547,0.294766,0.127940
ENSG00000145911,2.723270,1.748270,0.794416,0.554038
ENSG00000145936,2.433716,0.081149,0.741625,0.080616
ENSG00000145949,3.497281,0.046311,0.773912,0.070501
ENSG00000145990,5.073318,-0.015884,0.930482,0.053114
ENSG00000145996,4.311313,0.117724,0.857769,0.088731
ENSG00000146007,5.852485,0.776169,0.975601,0.172626
ENSG00000146013,1.501607,0.189049,0.592946,0.141175
ENSG00000146039,1.247404,0.025664,0.438577,0.053158
ENSG00000146047,3.651510,3.651510,0.759908,0.759908
ENSG00000146054,1.250210,0.082898,0.425911,0.088786
ENSG00000146066,2.983724,1.327750,0.647141,0.337713
ENSG00000146070,2.504350,0.149456,0.630330,0.069597
ENSG00000146072,3.561548,0.144101,0.852229,0.092686
ENSG00000146085,4.812643,0.500205,0.903073,0.131136
ENSG00000146090,3.988323,0.002133,0.902695,0.082254
ENSG00000146094,1.196328,0.126062,0.449561,0.134162
ENSG00000146109,2.408706,1.063220,0.711543,0.361840
ENSG00000146112,1.106305,0.287515,0.428228,0.170308
ENSG00000146122,4.652230,0.303870,0.884522,0.101807
ENSG00000146151,3.977038,0.076909,0.881364,0.068700
ENSG00000146192,2.693600,0.109648,0.660273,0.091094
ENSG00000146197,4.590920,0.651689,0.883342,0.200432
ENSG00000146205,1.189303,-0.199324,0.435159,0.061324
ENSG00000146216,3.434115,0.437166,0.768683,0.158027
ENSG00000146221,2.489426,0.447805,0.656251,0.153594
ENSG00000146232,2.886349,0.730032,0.762733,0.263606
ENSG00000146233,2.100561,0.103949,0.676024,0.074474
ENSG00000146263,2.822954,0.315010,0.846451,0.133256
ENSG00000146267,4.935939,0.159115,0.971498,0.069567
ENSG00000146282,3.423516,0.199588,0.902938,0.097537
ENSG00000146352,5.543053,0.111168,0.954137,0.064638
ENSG00000146373,2.942258,0.107299,0.701169,0.066055
ENSG00000146374,4.185024,0.287083,0.951620,0.141220
ENSG00000146376,3.152391,0.087696,0.838986,0.078183
ENSG00000146386,4.600714,0.206210,0.900782,0.083141
ENSG00000146411,2.964421,0.107127,0.732287,0.070386
ENSG00000146433,4.002966,-0.054817,0.854243,0.071720
ENSG00000146453,2.075179,-0.178182,0.721971,0.070572
ENSG00000146457,5.633445,0.612862,0.973658,0.189631
ENSG00000146476,3.353767,0.255772,0.750225,0.106191
ENSG00000146477,2.717338,-0.047788,0.698877,0.043701
ENSG00000146535,4.308530,-0.057682,0.906641,0.057849
ENSG00000146574,4.727292,0.216555,0.943652,0.099191
ENSG00000146587,1.113507,0.062903,0.321006,0.082482
ENSG00000146674,2.535114,0.119822,0.697424,0.123183
ENSG00000146700,2.439669,0.237196,0.649998,0.119525
ENSG00000146701,4.617505,0.109611,0.870265,0.074812
ENSG00000146731,4.752366,0.675209,0.946416,0.185539
ENSG00000146755,1.800356,0.352616,0.610607,0.178174
ENSG00000146828,3.313715,0.654099,0.755962,0.204089
ENSG00000146830,2.724412,1.082020,0.773618,0.397284
ENSG00000146834,2.574487,1.545010,0.756418,0.462234
ENSG00000146842,4.369221,0.294295,0.908730,0.113630
ENSG00000146857,1.398419,-0.005373,0.521276,0.059556
ENSG00000146858,0.757457,0.023109,0.327126,0.058105
ENSG00000146904,2.877812,0.442244,0.708396,0.178313
ENSG00000146910,2.136363,-0.151457,0.825233,0.065291
ENSG00000146926,2.387255,0.269020,0.669716,0.129532
ENSG00000146955,3.632380,0.073464,0.769489,0.103828
ENSG00000146963,4.715059,0.265916,0.966991,0.128821
ENSG00000147324,3.463674,0.077272,0.803109,0.068547
ENSG00000147416,5.185668,0.378773,0.890538,0.108761
ENSG00000147419,4.054143,0.130792,0.946280,0.063633
ENSG00000147434,3.159995,0.279408,0.660895,0.110155
ENSG00000147439,4.711966,0.124949,0.935396,0.110699
ENSG00000147443,1.339467,0.105866,0.473775,0.155519
ENSG00000147454,4.016389,0.031154,0.845620,0.074275
ENSG00000147475,4.725965,0.470909,0.843006,0.155727
ENSG00000147509,3.706155,0.055155,0.745702,0.085901
ENSG00000147533,5.108172,0.271925,0.926343,0.132402
ENSG00000147536,4.213255,0.229704,0.878330,0.088932
ENSG00000147571,2.675390,2.675390,0.767724,0.767724
ENSG00000147573,3.584317,0.282144,0.846757,0.119693
ENSG00000147576,4.465527,0.278606,0.897070,0.103496
ENSG00000147588,3.134940,0.387526,0.818993,0.122109
ENSG00000147592,3.553944,0.210789,0.839422,0.100035
ENSG00000147613,2.762582,0.207703,0.735915,0.101081
ENSG00000147647,3.841899,0.100292,0.807241,0.078414
ENSG00000147655,4.575025,0.137589,0.960620,0.109618
ENSG00000147676,2.758976,0.044254,0.816638,0.089467
ENSG00000147684,4.098314,0.148321,0.845942,0.089138
ENSG00000147689,2.386012,0.044728,0.666941,0.072078
ENSG00000147789,0.051358,-0.133321,0.206968,0.052140
ENSG00000147799,3.088075,-0.153993,0.753668,0.086946
ENSG00000147853,3.546151,0.137964,0.847301,0.100845
ENSG00000147869,1.388387,0.575183,0.544960,0.269318
ENSG00000147894,4.982303,0.554237,0.952809,0.160085
ENSG00000147905,1.989828,0.387410,0.664984,0.169005
ENSG00000147912,3.431252,0.324878,0.850038,0.116759
ENSG00000147955,4.034926,1.458750,0.808855,0.323141
ENSG00000148019,2.643623,0.254746,0.773723,0.107331
ENSG00000148082,3.458267,-0.055113,0.851740,0.055056
ENSG00000148090,3.015943,0.003637,0.768468,0.058153
ENSG00000148110,3.984219,0.133186,0.832988,0.114902
ENSG00000148123,4.805510,0.106506,0.937497,0.073071
ENSG00000148153,4.691394,0.188310,0.941974,0.110826
ENSG00000148154,5.417422,0.241974,0.959691,0.092716
ENSG00000148175,4.319397,0.155182,0.811693,0.074015
ENSG00000148187,3.429978,0.313784,0.845037,0.153370
ENSG00000148204,1.907852,0.109920,0.471187,0.124263
ENSG00000148218,4.206939,0.791222,0.884540,0.209763
ENSG00000148225,2.785159,0.274829,0.758222,0.137468
ENSG00000148229,4.209244,1.291460,0.924764,0.317007
ENSG00000148248,5.273063,0.078927,0.927274,0.100956
ENSG00000148290,2.802585,0.207613,0.651412,0.142274
ENSG00000148291,1.536512,-0.181693,0.492226,0.094006
ENSG00000148296,1.660429,0.083687,0.574090,0.153912
ENSG00000148308,3.439544,0.045525,0.778878,0.094546
ENSG00000148331,3.354346,0.747907,0.820104,0.264290
ENSG00000148341,4.221203,0.176909,0.866059,0.139875
ENSG00000148344,3.295147,-0.095764,0.769862,0.044923
ENSG00000148346,0.362683,-0.172159,0.295384,0.065873
ENSG00000148384,2.555273,0.037976,0.624581,0.138171
ENSG00000148411,3.556123,-0.109002,0.824982,0.090357
ENSG00000148426,1.545101,0.045199,0.508217,0.065741
ENSG00000148429,2.947708,0.161257,0.717671,0.083168
ENSG00000148482,2.657876,0.102962,0.715612,0.095086
ENSG00000148484,5.300144,0.065155,0.953759,0.085700
ENSG00000148541,2.719477,0.141874,0.804102,0.077301
ENSG00000148584,4.699896,0.233419,0.907600,0.086607
ENSG00000148602,2.846863,0.424031,0.715153,0.149996
ENSG00000148655,4.159100,0.401188,0.920403,0.175470
ENSG00000148677,3.433914,0.628113,0.876497,0.218509
ENSG00000148680,3.692122,0.167292,0.758788,0.120470
ENSG00000148690,3.721013,0.324048,0.937429,0.117600
ENSG00000148700,4.371489,0.477468,0.926584,0.157895
ENSG00000148702,2.240985,0.129658,0.557537,0.098484
ENSG00000148704,2.862014,0.625871,0.773046,0.219374
ENSG00000148730,4.166362,0.210574,0.963500,0.109371
ENSG00000148734,3.229734,0.154294,0.711449,0.090048
ENSG00000148795,2.567715,0.510800,0.651543,0.171040
ENSG00000148798,2.936447,0.564913,0.756011,0.207199
ENSG00000148803,0.341593,-0.638984,0.219145,0.044921
ENSG00000148832,1.831156,0.111341,0.511583,0.110739
ENSG00000148835,4.742923,0.727925,0.947625,0.206428
ENSG00000148842,4.905757,0.143838,0.941090,0.096986
ENSG00000148848,3.000907,-0.077840,0.703988,0.052728
ENSG00000148908,3.097971,-0.041049,0.912887,0.058689
ENSG00000148926,1.761664,1.060420,0.599870,0.392642
ENSG00000148943,5.495813,0.445811,0.930210,0.109859
ENSG00000148965,0.885950,0.001364,0.428025,0.066341
ENSG00000148985,3.628052,0.403607,0.913929,0.153035
ENSG00000149021,-0.067205,-0.078378,0.160440,0.051872
ENSG00000149050,0.607654,0.472811,0.224664,0.166659
ENSG00000149089,4.296362,0.192602,0.865201,0.119843
ENSG00000149091,4.011958,0.271545,0.843261,0.144873
ENSG00000149136,4.619749,1.102940,0.902008,0.261053
ENSG00000149196,4.844185,0.161180,0.964480,0.104192
ENSG00000149218,1.515356,0.066660,0.585072,0.087226
ENSG00000149243,2.730660,0.585257,0.709643,0.174154
ENSG00000149260,3.788153,0.099054,0.793232,0.093103
ENSG00000149289,3.558239,0.274589,0.816525,0.106869
ENSG00000149300,1.131114,0.233135,0.435856,0.140665
ENSG00000149313,3.506862,0.123137,0.892917,0.074479
ENSG00000149380,3.194260,0.242211,0.843550,0.131868
ENSG00000149403,4.801382,0.070254,0.915312,0.087802
ENSG00000149418,2.494487,-0.010651,0.620745,0.070662
ENSG00000149452,1.747428,0.037431,0.545757,0.071280
ENSG00000149476,3.316771,0.398594,0.754918,0.134169
ENSG00000149483,4.126601,0.535783,0.869218,0.168961
ENSG00000149485,2.915307,0.211998,0.668655,0.104352
ENSG00000149503,1.407718,-0.012855,0.504262,0.080669
ENSG00000149516,0.261488,0.004487,0.227988,0.063226
ENSG00000149548,0.821278,0.160713,0.361735,0.131179
ENSG00000149571,4.708141,0.095368,0.909671,0.113428
ENSG00000149573,2.539225,0.368236,0.728050,0.129239
ENSG00000149575,3.245169,0.079567,0.867597,0.088550
ENSG00000149735,2.936548,1.657230,0.792235,0.483305
ENSG00000149761,2.029138,0.592118,0.635320,0.233094
ENSG00000150045,0.630590,0.051516,0.382938,0.069848
ENSG00000150201,0.896367,-0.051630,0.539535,0.084033
ENSG00000150316,4.853314,0.445425,0.962309,0.114393
ENSG00000150347,3.689693,0.599989,0.824840,0.264095
ENSG00000150361,4.280690,0.016919,0.897042,0.055942
ENSG00000150455,1.868473,0.316702,0.574198,0.152862
ENSG00000150456,3.154894,0.183209,0.715634,0.156802
ENSG00000150510,2.306258,0.089855,0.575592,0.066847
ENSG00000150540,2.896123,0.180738,0.838764,0.109530
ENSG00000150551,3.736762,0.184488,0.843187,0.120792
ENSG00000150556,2.407780,0.129587,0.612634,0.091651
ENSG00000150593,4.824659,0.518276,0.966955,0.165933
ENSG00000150625,5.449137,0.033774,0.956305,0.047742
ENSG00000150628,1.257275,0.116418,0.537035,0.083707
ENSG00000150630,3.776823,0.052624,0.904582,0.059798
ENSG00000150681,2.423890,0.045324,0.692291,0.057222
ENSG00000150722,3.675043,0.116948,0.938113,0.088012
ENSG00000150750,2.009992,0.052410,0.598924,0.064495
ENSG00000150756,2.601122,0.016424,0.571797,0.064181
ENSG00000150760,4.565578,-0.089869,0.857264,0.056423
ENSG00000150764,3.833377,0.228400,0.911848,0.149206
ENSG00000150768,3.985866,0.336027,0.823186,0.151945
ENSG00000150773,1.788426,0.422062,0.710637,0.185337
ENSG00000150779,4.164063,0.626787,0.944137,0.182106
ENSG00000150782,0.816768,0.162887,0.426304,0.088333
ENSG00000150787,3.471184,0.291678,0.844384,0.119192
ENSG00000150873,1.008128,-0.045889,0.426762,0.053477
ENSG00000150938,4.068268,0.140469,0.907471,0.097393
ENSG00000151012,4.238522,0.253055,0.883258,0.122116
ENSG00000151014,3.411086,0.125926,0.788352,0.084437
ENSG00000151033,1.275974,0.023403,0.627416,0.103186
ENSG00000151062,3.361707,0.028218,0.759017,0.105048
ENSG00000151065,2.444513,0.186606,0.661643,0.092545
ENSG00000151079,3.824190,3.824190,0.750474,0.750474
ENSG00000151090,5.093081,0.171900,0.930898,0.092645
ENSG00000151116,3.103905,0.209585,0.875542,0.111957
ENSG00000151117,4.239273,1.215250,0.913838,0.326412
ENSG00000151135,4.935400,0.537110,0.959474,0.143606
ENSG00000151151,3.331780,0.168884,0.879208,0.135621
ENSG00000151164,1.789084,0.152005,0.613652,0.112150
ENSG00000151176,3.166114,0.069847,0.704638,0.080236
ENSG00000151224,4.358970,0.093397,0.792591,0.077817
ENSG00000151229,3.794906,0.088844,0.908816,0.074721
ENSG00000151233,3.774834,0.160769,0.842982,0.082851
ENSG00000151239,4.375687,0.654144,0.941578,0.180132
ENSG00000151287,3.334692,0.852656,0.964381,0.269097
ENSG00000151304,2.048363,0.141924,0.562725,0.092267
ENSG00000151353,2.463324,-0.160467,0.689138,0.057084
ENSG00000151364,2.191901,0.260514,0.587391,0.125891
ENSG00000151365,1.605880,1.605880,0.447806,0.447806
ENSG00000151366,1.640080,0.121917,0.708622,0.101972
ENSG00000151376,4.260475,0.110851,0.878879,0.091722
ENSG00000151379,2.171630,2.171630,0.569245,0.569245
ENSG00000151413,3.447803,0.174451,0.832383,0.141309
ENSG00000151422,4.674727,0.145023,0.952473,0.099797
ENSG00000151458,4.414563,0.540291,0.899254,0.141288
ENSG00000151461,5.173268,0.255830,0.973805,0.097409
ENSG00000151468,3.719532,0.008480,0.862177,0.057825
ENSG00000151498,4.373870,0.381886,0.803363,0.111815
ENSG00000151500,3.200765,0.482370,0.759120,0.140704
ENSG00000151532,5.381502,0.397557,0.971209,0.173109
ENSG00000151572,5.079450,0.142279,0.954194,0.085328
ENSG00000151575,2.553376,0.145797,0.769785,0.139657
ENSG00000151576,3.577024,0.361540,0.855389,0.136669
ENSG00000151577,3.980944,0.252092,0.835416,0.118904
ENSG00000151611,3.740418,0.368431,0.792109,0.118494
ENSG00000151615,4.807125,4.175050,0.909129,0.870975
ENSG00000151617,4.135058,0.238368,0.857063,0.104191
ENSG00000151640,3.156820,-0.226104,0.681882,0.082619
ENSG00000151657,4.316288,0.152332,0.929431,0.071824
ENSG00000151665,3.345603,0.293267,0.887148,0.152367
ENSG00000151687,2.388107,0.248356,0.795590,0.140309
ENSG00000151689,2.301105,0.240374,0.599665,0.096172
ENSG00000151694,3.682445,0.143496,0.835652,0.092602
ENSG00000151702,5.285591,0.098391,0.935566,0.102815
ENSG00000151704,4.187570,4.187570,0.870387,0.870387
ENSG00000151715,2.678019,0.185049,0.593411,0.095535
ENSG00000151718,3.326823,0.075546,0.774327,0.082792
ENSG00000151725,0.795808,0.014419,0.442579,0.079867
ENSG00000151726,3.801052,0.094042,0.797710,0.068708
ENSG00000151729,5.544900,1.440820,0.908112,0.281123
ENSG00000151746,4.403699,0.127755,0.903770,0.086964
ENSG00000151773,1.904840,0.185716,0.766266,0.152521
ENSG00000151778,4.218755,0.053714,0.974539,0.066735
ENSG00000151806,4.310825,0.524642,0.874752,0.138358
ENSG00000151834,4.787482,0.058279,0.913441,0.063552
ENSG00000151838,0.365664,0.041703,0.286248,0.065715
ENSG00000151876,2.949330,0.339194,0.812735,0.127501
ENSG00000151881,4.203385,0.442419,0.892687,0.146073
ENSG00000151882,0.981382,0.048129,0.533389,0.065401
ENSG00000151893,3.848432,0.161668,0.928284,0.083119
ENSG00000151917,2.732648,0.163382,0.908311,0.114272
ENSG00000151948,1.935050,-0.138652,0.580677,0.037466
ENSG00000151962,4.047213,0.380783,0.949413,0.146840
ENSG00000151967,3.753631,0.115754,0.814238,0.096107
ENSG00000152034,2.261448,0.176823,0.745393,0.140218
ENSG00000152049,3.274250,3.274250,0.792816,0.792816
ENSG00000152093,0.344409,-0.056250,0.258335,0.068824
ENSG00000152102,4.922487,0.079557,0.948937,0.057711
ENSG00000152104,4.011271,0.122135,0.863823,0.086575
ENSG00000152127,5.251666,0.061898,0.940418,0.070190
ENSG00000152133,3.513266,0.453310,0.898627,0.138591
ENSG00000152137,3.257159,0.052385,0.820771,0.072765
ENSG00000152147,2.684504,0.434179,0.792930,0.189008
ENSG00000152154,2.928413,0.217910,0.819963,0.127377
ENSG00000152193,2.803827,0.365745,0.854925,0.150914
ENSG00000152219,3.705387,0.557469,0.945848,0.185027
ENSG00000152266,1.310959,1.109710,0.549029,0.467016
ENSG00000152270,3.412419,0.207909,0.867583,0.145612
ENSG00000152315,3.787431,0.023413,0.797163,0.066361
ENSG00000152332,4.472977,0.281200,0.975154,0.111791
ENSG00000152359,2.140093,0.175669,0.648643,0.098796
ENSG00000152377,3.772199,0.032838,0.910568,0.080020
ENSG00000152380,2.786125,0.185515,0.766483,0.135732
ENSG00000152382,4.364811,0.215727,0.896318,0.095994
ENSG00000152402,4.129352,0.092989,0.892656,0.075040
ENSG00000152404,2.676537,0.164384,0.732321,0.098599
ENSG00000152409,3.217989,0.214410,0.749110,0.120012
ENSG00000152413,5.068848,0.170714,0.972833,0.094466
ENSG00000152422,2.022523,0.138966,0.744910,0.096785
ENSG00000152430,3.436205,0.212350,0.981068,0.164418
ENSG00000152457,2.897380,0.107675,0.700243,0.081904
ENSG00000152465,4.863137,0.159478,0.926349,0.085893
ENSG00000152492,2.059358,0.122543,0.681753,0.077390
ENSG00000152495,3.318763,0.089300,0.721652,0.077684
ENSG00000152518,2.590136,1.968570,0.781566,0.608778
ENSG00000152527,3.553453,0.301837,0.809739,0.131381
ENSG00000152580,1.799938,0.648215,0.432639,0.178365
ENSG00000152592,0.990261,0.298863,0.379552,0.140573
ENSG00000152595,0.438987,0.090903,0.215610,0.076627
ENSG00000152611,4.288872,0.190684,0.889604,0.130454
ENSG00000152661,4.876470,4.876470,0.886970,0.886970
ENSG00000152669,2.506319,1.181460,0.676504,0.350352
ENSG00000152670,3.294639,0.203238,0.901376,0.110039
ENSG00000152684,4.391504,3.565510,0.909331,0.750344
ENSG00000152705,1.175305,0.083445,0.517426,0.179046
ENSG00000152749,3.527379,0.277786,0.886758,0.104332
ENSG00000152760,2.454094,0.125547,0.673961,0.079521
ENSG00000152766,2.871015,0.053660,0.810270,0.052115
ENSG00000152767,4.150688,-0.059165,0.846148,0.053273
ENSG00000152778,1.462166,0.556285,0.518166,0.230072
ENSG00000152782,4.357795,0.212728,0.896496,0.091490
ENSG00000152785,3.084225,0.411364,0.706423,0.179521
ENSG00000152795,3.774699,1.330640,0.944136,0.404621
ENSG00000152804,3.418372,1.473370,0.902286,0.435522
ENSG00000152822,4.664826,0.129734,0.869821,0.079782
ENSG00000152932,5.431389,0.099955,0.931473,0.074650
ENSG00000152939,2.982690,0.212400,0.691687,0.100056
ENSG00000152942,2.911669,0.186432,0.780424,0.100953
ENSG00000152944,4.854264,0.462089,0.921748,0.131688
ENSG00000152953,3.492269,-0.061573,0.821877,0.056370
ENSG00000152969,3.777042,-0.080926,0.878100,0.055702
ENSG00000152990,3.683898,0.064716,0.827852,0.065897
ENSG00000153002,3.010818,0.322287,0.696098,0.131212
ENSG00000153006,2.856661,0.159436,0.970574,0.117177
ENSG00000153015,4.130738,0.242868,0.918754,0.132208
ENSG00000153064,1.363960,0.089470,0.508025,0.073557
ENSG00000153086,4.384161,0.228698,0.918386,0.126474
ENSG00000153140,5.077566,0.365366,0.976769,0.117324
ENSG00000153157,1.049487,0.025537,0.426754,0.075900
ENSG00000153162,3.543353,0.062759,0.750683,0.085322
ENSG00000153179,3.358793,0.025535,0.816611,0.076051
ENSG00000153208,2.336715,0.043839,0.602231,0.070216
ENSG00000153266,3.598540,1.886370,0.831951,0.482724
ENSG00000153294,1.797172,0.344488,0.514196,0.125780
ENSG00000153395,2.898242,-0.270013,0.703477,0.037009
ENSG00000153485,4.112953,1.733990,0.936941,0.427189
ENSG00000153487,4.169199,0.682293,0.879141,0.250650
ENSG00000153495,0.125086,-0.156278,0.275830,0.071570
ENSG00000153498,-0.240853,-0.027191,0.135132,0.106923
ENSG00000153531,0.157470,-0.195206,0.227178,0.073273
ENSG00000153558,4.648446,0.128224,0.896490,0.128561
ENSG00000153560,4.730322,0.200918,0.923990,0.096025
ENSG00000153561,5.108569,0.175839,0.962002,0.074085
ENSG00000153563,0.098095,-0.172371,0.275244,0.062424
ENSG00000153574,3.379604,0.097287,0.827063,0.124917
ENSG00000153714,3.132814,0.123603,0.824459,0.081574
ENSG00000153820,2.330597,0.058817,0.597207,0.066074
ENSG00000153823,4.808766,0.022088,0.936942,0.062026
ENSG00000153832,2.127254,0.026972,0.734291,0.078392
ENSG00000153898,3.440093,0.118097,0.786508,0.096850
ENSG00000153936,5.520596,0.197060,0.955570,0.112500
ENSG00000153975,2.796557,0.257105,0.823509,0.127451
ENSG00000153989,3.375365,0.166571,0.879589,0.113767
ENSG00000153993,3.876849,0.210711,0.870903,0.106523
ENSG00000154001,6.169367,0.158562,0.988964,0.086443
ENSG00000154007,2.283274,0.294949,0.939462,0.143887
ENSG00000154025,3.288293,-0.026380,0.726850,0.073502
ENSG00000154124,3.175946,0.070478,0.838214,0.076639
ENSG00000154127,4.363118,0.017638,0.857706,0.059322
ENSG00000154133,1.370660,0.261648,0.559189,0.160605
ENSG00000154143,3.415816,0.445504,0.812942,0.135519
ENSG00000154146,4.248156,0.295362,0.926936,0.107183
ENSG00000154174,4.778683,0.351031,0.941918,0.103221
ENSG00000154252,1.221328,-0.071365,0.397627,0.121422
ENSG00000154269,2.429105,0.100639,0.693098,0.085434
ENSG00000154274,0.603663,0.198951,0.233572,0.109112
ENSG00000154277,3.670603,0.212489,0.868973,0.097546
ENSG00000154305,1.395348,0.195723,0.438698,0.124235
ENSG00000154328,1.641235,0.055967,0.565552,0.091383
ENSG00000154342,4.887632,0.011154,0.859558,0.079592
ENSG00000154359,2.661361,0.233285,0.698568,0.095094
ENSG00000154415,1.596886,0.377849,0.522046,0.157674
ENSG00000154478,4.124527,-0.012687,0.919234,0.055983
ENSG00000154511,4.571897,0.204273,0.964203,0.138150
ENSG00000154518,5.430478,0.958788,0.976434,0.227901
ENSG00000154548,3.204271,0.298639,0.959626,0.156083
ENSG00000154553,4.073671,0.273938,0.886757,0.101994
ENSG00000154589,0.885188,0.079843,0.455923,0.115950
ENSG00000154678,4.231909,0.126661,0.896478,0.080676
ENSG00000154764,5.018936,-0.040013,0.927976,0.059865
ENSG00000154781,3.205197,0.237449,0.768194,0.094879
ENSG00000154813,3.873501,0.270024,0.970492,0.092658
ENSG00000154814,2.731977,0.198331,0.680443,0.123239
ENSG00000154917,4.833495,0.010679,0.924771,0.049908
ENSG00000154928,5.165877,0.105774,0.908505,0.105970
ENSG00000154997,2.808757,0.114915,0.765733,0.141151
ENSG00000155011,4.099167,0.135068,0.941417,0.102092
ENSG00000155016,2.908991,0.286200,0.672811,0.108378
ENSG00000155052,3.398896,-0.061487,0.797706,0.051235
ENSG00000155087,1.829834,0.127265,0.756588,0.108864
ENSG00000155090,2.654504,0.809877,0.676354,0.278226
ENSG00000155096,3.970406,0.429022,0.962119,0.144382
ENSG00000155097,5.128366,0.279592,0.913669,0.100400
ENSG00000155158,3.517216,0.124280,0.847351,0.079938
ENSG00000155189,4.063454,0.151536,0.904745,0.098530
ENSG00000155252,4.573059,0.311403,0.918631,0.127982
ENSG00000155256,3.161735,0.214987,0.828198,0.101803
ENSG00000155269,1.642685,0.091559,0.664068,0.122243
ENSG00000155275,1.953252,-0.136757,0.525172,0.052025
ENSG00000155324,2.691829,0.064852,0.799256,0.056250
ENSG00000155329,3.338698,0.120516,0.877174,0.117892
ENSG00000155363,2.636066,0.329097,0.752173,0.156458
ENSG00000155380,3.715342,0.553245,0.749962,0.190305
ENSG00000155463,2.472334,0.749332,0.696590,0.239960
ENSG00000155511,4.909591,0.145085,0.890532,0.081910
ENSG00000155530,1.846847,0.083621,0.581725,0.079287
ENSG00000155542,3.033882,0.441919,0.778140,0.148009
ENSG00000155545,4.300640,0.372764,0.918259,0.121529
ENSG00000155629,2.938863,0.136964,0.785178,0.082555
ENSG00000155636,3.983051,0.552051,0.947589,0.154705
ENSG00000155660,3.783618,0.127369,0.813451,0.086517
ENSG00000155729,2.113547,0.275160,0.645236,0.139228
ENSG00000155749,1.057272,0.050493,0.554264,0.144320
ENSG00000155754,0.539459,0.205309,0.284887,0.182216
ENSG00000155755,2.889522,0.309634,0.780134,0.110089
ENSG00000155760,4.919230,4.919230,0.893731,0.893731
ENSG00000155761,1.676835,0.161706,0.615327,0.108056
ENSG00000155792,4.366722,0.048805,0.901842,0.062190
ENSG00000155833,0.245876,0.010956,0.257305,0.054671
ENSG00000155858,2.850132,0.404652,0.854160,0.196688
ENSG00000155875,1.616176,0.134070,0.632136,0.105590
ENSG00000155886,4.302882,0.148256,0.860573,0.098224
ENSG00000155890,1.805925,0.237689,0.685387,0.119970
ENSG00000155897,4.588923,0.060480,0.912791,0.062393
ENSG00000155903,4.286974,0.295215,0.938451,0.140746
ENSG00000155906,2.864588,0.109241,0.684013,0.089732
ENSG00000155957,3.406830,0.209916,0.870588,0.113611
ENSG00000155975,3.900901,0.218659,0.927254,0.098593
ENSG00000156026,4.839394,0.204787,0.969972,0.126838
ENSG00000156049,4.062045,0.032174,0.820108,0.065502
ENSG00000156127,4.417080,0.112540,0.915165,0.073269
ENSG00000156136,4.289808,0.199256,0.887326,0.129059
ENSG00000156140,3.774187,0.139048,0.789724,0.086845
ENSG00000156150,2.498390,0.189211,0.720874,0.134318
ENSG00000156172,2.530629,0.283440,0.763638,0.140405
ENSG00000156194,2.929002,0.195074,0.721834,0.088248
ENSG00000156234,-0.028275,0.044838,0.219300,0.049288
ENSG00000156345,3.078530,0.320968,0.911497,0.155291
ENSG00000156374,2.993657,0.151457,0.872560,0.113801
ENSG00000156384,1.966121,0.469603,0.546309,0.168270
ENSG00000156427,4.432181,0.159166,0.955609,0.128389
ENSG00000156463,2.570206,0.169164,0.717616,0.099194
ENSG00000156466,2.993542,0.394605,0.699446,0.153002
ENSG00000156467,3.493734,0.312716,0.852949,0.114821
ENSG00000156471,4.967964,0.024607,0.932736,0.052127
ENSG00000156508,5.512615,3.323020,0.965637,0.626704
ENSG00000156510,4.108984,0.240612,0.817579,0.094265
ENSG00000156521,1.856981,0.401157,0.524201,0.150686
ENSG00000156535,2.323395,0.152129,0.723032,0.091750
ENSG00000156574,1.974660,0.158964,0.582303,0.105034
ENSG00000156575,0.154055,-0.158597,0.234062,0.060732
ENSG00000156587,2.316028,0.024919,0.574107,0.058440
ENSG00000156603,4.070266,0.397280,0.898845,0.136981
ENSG00000156711,4.058000,0.439129,0.849159,0.148781
ENSG00000156735,2.064421,0.153920,0.723038,0.146156
ENSG00000156804,4.810227,0.233271,0.938290,0.120412
ENSG00000156831,2.317286,0.106513,0.847232,0.089358
ENSG00000156869,2.453339,0.215986,0.715409,0.102012
ENSG00000156876,3.115602,0.222550,0.871467,0.134645
ENSG00000156928,2.205700,0.167126,0.535033,0.121377
ENSG00000156958,4.025893,0.200494,0.889353,0.172522
ENSG00000156959,4.992067,0.107817,0.961945,0.107017
ENSG00000156966,3.292176,0.905622,0.734882,0.291150
ENSG00000157005,4.469298,1.372500,0.956649,0.334008
ENSG00000157014,1.758928,0.120178,0.534871,0.086855
ENSG00000157020,5.345910,0.254007,0.917879,0.114001
ENSG00000157036,2.494178,0.178800,0.702208,0.093606
ENSG00000157060,1.965584,0.182980,0.814528,0.191516
ENSG00000157064,5.102427,0.095577,0.945759,0.085130
ENSG00000157077,3.785476,0.308549,0.897623,0.159189
ENSG00000157093,1.212503,0.026313,0.585034,0.063835
ENSG00000157110,4.843876,0.047580,0.948299,0.078501
ENSG00000157111,1.599705,0.066092,0.527011,0.086502
ENSG00000157119,3.681849,0.949420,0.815586,0.258052
ENSG00000157150,3.059184,0.514834,0.833647,0.151647
ENSG00000157184,3.700279,0.545955,0.790647,0.192500
ENSG00000157211,3.561017,0.223043,0.807694,0.104394
ENSG00000157303,1.494459,-0.117746,0.463940,0.040618
ENSG00000157330,1.140493,-0.005254,0.491572,0.065634
ENSG00000157343,1.902282,0.183576,0.764375,0.120916
ENSG00000157379,2.652268,0.368227,0.730438,0.125069
ENSG00000157445,4.863303,0.130743,0.916588,0.106999
ENSG00000157456,3.290331,0.183988,0.766594,0.088247
ENSG00000157510,3.449644,0.148452,0.833873,0.083134
ENSG00000157593,4.452064,2.187590,0.856877,0.444542
ENSG00000157653,0.515206,0.128669,0.273802,0.082194
ENSG00000157693,1.864125,-0.011499,0.740670,0.060320
ENSG00000157703,3.280099,0.032938,0.813616,0.072087
ENSG00000157734,1.634416,0.194370,0.609749,0.165879
ENSG00000157765,2.930813,0.268523,0.614270,0.108251
ENSG00000157778,3.472583,0.735209,0.826606,0.214918
ENSG00000157782,2.939297,0.234654,0.790409,0.132585
ENSG00000157833,2.717454,0.411592,0.692561,0.165666
ENSG00000157884,2.184679,-0.014314,0.856805,0.069345
ENSG00000157927,2.440233,0.019346,0.662022,0.098335
ENSG00000157954,4.701266,-0.050724,0.854684,0.050826
ENSG00000157978,3.197159,0.133858,0.775068,0.100604
ENSG00000157992,1.964332,0.891902,0.664350,0.339060
ENSG00000157999,1.309584,0.223056,0.430033,0.126637
ENSG00000158006,2.219875,0.110811,0.769213,0.092230
ENSG00000158008,2.620875,0.466913,0.613103,0.151439
ENSG00000158014,3.059090,0.489629,0.676990,0.138610
ENSG00000158022,3.596177,0.257879,0.811496,0.104265
ENSG00000158055,3.544886,0.246814,0.824127,0.139717
ENSG00000158077,1.006932,0.185949,0.360788,0.092118
ENSG00000158079,2.855837,0.393037,0.707924,0.155335
ENSG00000158089,3.572304,0.048254,0.837932,0.081517
ENSG00000158104,3.929501,0.155548,0.837907,0.104643
ENSG00000158106,2.315012,-0.235163,0.620035,0.108250
ENSG00000158109,3.622741,0.675389,0.824777,0.214327
ENSG00000158113,1.073118,-0.037583,0.434397,0.086331
ENSG00000158122,2.650955,0.160221,0.761996,0.097243
ENSG00000158156,1.740326,0.233390,0.501602,0.116279
ENSG00000158161,4.047637,0.223847,0.942525,0.115352
ENSG00000158195,3.801462,0.699318,0.843533,0.309589
ENSG00000158220,2.460464,0.092182,0.767423,0.082857
ENSG00000158246,3.702240,0.869849,0.787995,0.262633
ENSG00000158258,3.606355,0.048088,0.758580,0.076306
ENSG00000158292,3.248098,0.907696,0.741549,0.259546
ENSG00000158315,3.258019,0.126572,0.744623,0.097616
ENSG00000158402,1.681492,0.135297,0.672932,0.135967
ENSG00000158417,4.676461,0.309273,0.915771,0.124524
ENSG00000158428,1.187759,0.029101,0.533302,0.094978
ENSG00000158457,3.821675,0.248292,0.891502,0.113063
ENSG00000158458,3.519056,0.230475,0.924026,0.136872
ENSG00000158467,5.001696,0.238285,0.900700,0.151786
ENSG00000158516,2.621636,0.318915,0.664309,0.157500
ENSG00000158604,4.148496,1.011020,0.792925,0.223778
ENSG00000158623,5.055505,0.073019,0.917738,0.112414
ENSG00000158715,3.388050,0.863009,0.801172,0.261868
ENSG00000158716,3.415409,1.136570,0.784795,0.302824
ENSG00000158748,2.739832,0.140507,0.683869,0.099117
ENSG00000158769,1.485948,0.068080,0.561099,0.098916
ENSG00000158786,1.289786,-0.072805,0.552654,0.074853
ENSG00000158793,3.021965,1.348190,0.793653,0.376657
ENSG00000158816,2.709032,0.191720,0.654456,0.096297
ENSG00000158828,2.648689,0.198886,0.712817,0.119809
ENSG00000158850,3.420960,1.002960,0.801307,0.256493
ENSG00000158856,3.023974,0.155138,0.818643,0.112421
ENSG00000158859,2.560809,0.912705,0.646213,0.284371
ENSG00000158863,2.577603,0.306353,0.638606,0.137617
ENSG00000158864,4.631200,0.575300,0.876883,0.152645
ENSG00000158869,2.276190,0.214202,0.792543,0.139200
ENSG00000158882,3.549398,1.441080,0.805355,0.359325
ENSG00000158966,5.118906,0.172305,0.893191,0.100212
ENSG00000158985,4.563881,0.037662,0.943111,0.058171
ENSG00000159164,4.241487,1.082070,0.806640,0.232178
ENSG00000159167,4.136724,0.807082,0.928612,0.314507
ENSG00000159173,4.475001,0.141543,0.891162,0.090524
ENSG00000159176,4.501765,0.069502,0.852824,0.076043
ENSG00000159189,1.617804,0.167643,0.490289,0.123427
ENSG00000159248,5.368400,2.931390,0.978748,0.655696
ENSG00000159251,5.933079,1.696840,0.957299,0.325482
ENSG00000159339,1.964798,-0.022596,0.557043,0.081948
ENSG00000159346,5.160480,0.594613,0.917588,0.155698
ENSG00000159374,2.120947,0.250811,0.705294,0.163550
ENSG00000159377,3.984797,1.421540,0.817154,0.322156
ENSG00000159388,3.831218,0.898926,0.901610,0.273336
ENSG00000159399,4.202821,0.211949,0.798784,0.093022
ENSG00000159403,2.103194,0.235982,0.600512,0.147597
ENSG00000159479,4.679795,0.987988,0.935721,0.222744
ENSG00000159495,1.644217,0.157062,0.459888,0.095023
ENSG00000159527,1.018985,-0.042241,0.464502,0.056700
ENSG00000159596,2.244074,0.692778,0.639212,0.220131
ENSG00000159650,4.147850,0.039486,0.849101,0.065399
ENSG00000159674,2.979909,0.212321,0.700755,0.161018
ENSG00000159692,4.508107,-0.265228,0.899840,0.061288
ENSG00000159884,0.902865,0.361525,0.481253,0.199919
ENSG00000159921,4.765367,0.414907,0.948660,0.150898
ENSG00000160049,1.704410,0.085665,0.631106,0.090659
ENSG00000160050,3.740037,0.722188,0.892464,0.200748
ENSG00000160062,3.557381,0.686504,0.803930,0.229384
ENSG00000160097,4.122607,0.487328,0.849407,0.166439
ENSG00000160293,4.356913,-0.295580,0.908237,0.030087
ENSG00000160323,1.856771,-0.021222,0.551846,0.087088
ENSG00000160349,-0.326048,-0.553674,0.046458,0.011538
ENSG00000160360,3.149262,-0.554133,0.747029,0.064263
ENSG00000160404,2.710707,0.705215,0.702084,0.230614
ENSG00000160539,4.048003,0.005489,0.877213,0.061432
ENSG00000160563,5.101012,0.072100,0.913136,0.099237
ENSG00000160606,2.796710,1.302560,0.836268,0.445733
ENSG00000160654,1.154505,0.143057,0.568866,0.077499
ENSG00000160679,4.826569,1.061490,0.955643,0.391274
ENSG00000160683,2.367437,0.256018,0.672471,0.129167
ENSG00000160685,2.030309,1.534820,0.558928,0.457233
ENSG00000160688,2.889464,0.503730,0.699337,0.181108
ENSG00000160714,4.405738,0.674504,0.928118,0.202657
ENSG00000160716,3.620890,0.588563,0.714127,0.158092
ENSG00000160741,2.831541,0.705323,0.837737,0.244210
ENSG00000160767,2.647333,0.752564,0.851741,0.289056
ENSG00000160781,2.804180,1.010650,0.687129,0.305963
ENSG00000160785,4.668963,0.407104,0.860841,0.109809
ENSG00000160801,3.202720,0.270933,0.794351,0.142381
ENSG00000160808,3.672976,0.287178,0.797379,0.135341
ENSG00000160813,0.838836,0.617789,0.392636,0.323572
ENSG00000160818,0.916681,0.294182,0.362218,0.139932
ENSG00000160838,1.686623,0.024731,0.651487,0.110798
ENSG00000160867,3.773669,1.134140,0.777974,0.285309
ENSG00000160870,1.559841,-0.177714,0.453083,0.048671
ENSG00000160886,-0.781327,-0.415816,0.059624,0.014628
ENSG00000160908,0.310824,0.055768,0.188262,0.100583
ENSG00000160973,0.793968,0.425061,0.353248,0.265839
ENSG00000160993,2.575568,0.213582,0.654946,0.104880
ENSG00000161010,0.516162,-0.043207,0.305869,0.088592
ENSG00000161021,2.711783,0.168317,0.778355,0.109491
ENSG00000161040,1.512604,0.141944,0.624897,0.119844
ENSG00000161055,-0.466013,-0.667178,0.005971,0.007792
ENSG00000161202,5.001844,0.854518,0.901580,0.210625
ENSG00000161203,6.032753,1.473060,0.961886,0.298746
ENSG00000161204,4.622916,1.414210,0.902773,0.310733
ENSG00000161328,0.599767,-0.288888,0.268197,0.045124
ENSG00000161638,2.712152,0.460830,0.730015,0.186433
ENSG00000161850,1.951432,0.070395,0.514336,0.094012
ENSG00000161911,0.680570,0.071596,0.398122,0.105871
ENSG00000161980,4.406245,0.096433,0.917799,0.066662
ENSG00000162065,3.640271,0.949501,0.810645,0.309228
ENSG00000162068,2.360813,1.731770,0.670179,0.510655
ENSG00000162069,0.984984,0.068333,0.437144,0.122012
ENSG00000162073,3.046176,0.959193,0.858764,0.336059
ENSG00000162086,1.097621,0.168902,0.370849,0.108512
ENSG00000162139,1.685017,0.259526,0.391324,0.140266
ENSG00000162148,1.115956,-0.038057,0.526822,0.102066
ENSG00000162188,5.183709,2.377200,0.941245,0.480624
ENSG00000162231,3.543646,0.641005,0.865574,0.224137
ENSG00000162236,4.525501,0.220346,0.950507,0.103703
ENSG00000162241,2.064907,0.123181,0.584295,0.124364
ENSG00000162267,2.396813,0.355765,0.635539,0.148317
ENSG00000162341,2.456174,-0.247601,0.693944,0.058839
ENSG00000162344,1.651747,0.099966,0.614705,0.130524
ENSG00000162365,1.527540,-0.091525,0.456139,0.073795
ENSG00000162368,4.043039,0.188293,0.854547,0.132950
ENSG00000162377,3.663758,0.255253,0.864433,0.105548
ENSG00000162383,4.293491,-0.026074,0.861357,0.070232
ENSG00000162384,4.385755,0.452925,0.949440,0.122381
ENSG00000162391,1.541863,0.112344,0.519090,0.097800
ENSG00000162398,1.149600,-0.010784,0.537930,0.094166
ENSG00000162399,1.319286,-0.018549,0.488058,0.078645
ENSG00000162407,4.507866,0.236016,0.914186,0.140333
ENSG00000162409,4.990716,0.253064,0.908004,0.099286
ENSG00000162415,4.456159,0.286469,0.894057,0.194487
ENSG00000162419,4.018164,0.275519,0.937507,0.145290
ENSG00000162426,4.139313,0.252924,0.813742,0.127096
ENSG00000162437,2.519970,0.128628,0.693462,0.084171
ENSG00000162441,4.826145,0.487273,0.960542,0.135850
ENSG00000162456,1.849984,0.247568,0.827288,0.141046
ENSG00000162460,2.166113,0.261048,0.623082,0.154845
ENSG00000162461,2.851199,0.833069,0.760861,0.269690
ENSG00000162490,2.462700,0.088527,0.679786,0.093348
ENSG00000162494,3.376734,-0.045650,0.839585,0.049140
ENSG00000162510,3.986991,0.356413,0.843158,0.145933
ENSG00000162511,2.033857,-0.182481,0.739240,0.046951
ENSG00000162512,2.252223,-0.045538,0.667765,0.080339
ENSG00000162517,3.499145,0.284316,0.862116,0.110738
ENSG00000162520,1.599576,0.126290,0.626053,0.101040
ENSG00000162522,1.670462,0.367031,0.547002,0.192919
ENSG00000162526,2.417005,1.337990,0.694636,0.407085
ENSG00000162542,2.915735,-0.033266,0.720156,0.051763
ENSG00000162545,3.144631,0.383646,0.913137,0.181289
ENSG00000162592,0.138050,-0.302739,0.227011,0.039852
ENSG00000162594,1.108942,0.072627,0.464196,0.082034
ENSG00000162598,1.035858,0.118090,0.480764,0.088830
ENSG00000162599,5.899192,0.400488,0.977599,0.189450
ENSG00000162601,3.102446,0.347356,0.783642,0.123653
ENSG00000162616,4.995968,0.695227,0.939819,0.194336
ENSG00000162621,0.822163,0.463001,0.367945,0.219326
ENSG00000162624,4.548183,0.319915,0.943485,0.111812
ENSG00000162630,4.187570,4.187570,0.925315,0.925315
ENSG00000162631,5.119134,0.242304,0.926229,0.134643
ENSG00000162636,4.432353,0.193176,0.882195,0.094828
ENSG00000162639,1.941147,0.214400,0.521404,0.107713
ENSG00000162642,3.049209,0.369708,0.791747,0.155251
ENSG00000162650,2.600833,1.084130,0.851682,0.418673
ENSG00000162664,3.648913,0.447616,0.889493,0.170036
ENSG00000162670,4.732958,-0.009054,0.922335,0.059244
ENSG00000162676,3.457611,0.668225,0.789148,0.225814
ENSG00000162692,1.348319,0.250909,0.489306,0.105088
ENSG00000162704,4.755425,0.431552,0.929934,0.139634
ENSG00000162711,1.101275,0.052087,0.376284,0.070435
ENSG00000162714,0.844877,-0.051159,0.417280,0.061945
ENSG00000162722,0.932800,-0.025085,0.327525,0.050458
ENSG00000162723,0.509836,0.173502,0.255461,0.111955
ENSG00000162728,4.143859,1.359300,0.828085,0.334986
ENSG00000162734,5.077342,0.976773,0.964510,0.217228
ENSG00000162738,4.515165,0.684597,0.883679,0.177560
ENSG00000162739,-0.062554,0.045767,0.133226,0.122607
ENSG00000162745,2.872538,0.128578,0.676911,0.093380
ENSG00000162746,1.183515,0.210419,0.579723,0.165067
ENSG00000162755,1.739069,1.061950,0.666290,0.435955
ENSG00000162761,4.293222,0.082886,0.922510,0.091793
ENSG00000162763,2.316237,0.140463,0.689491,0.087117
ENSG00000162775,3.393337,2.128520,0.818961,0.640800
ENSG00000162777,3.010144,0.394668,0.705825,0.137781
ENSG00000162813,4.327745,0.217500,0.884121,0.095657
ENSG00000162814,2.156293,0.178397,0.688840,0.099317
ENSG00000162819,4.651910,0.381417,0.923923,0.105850
ENSG00000162836,2.332480,0.152312,0.667041,0.091051
ENSG00000162843,1.921537,0.100422,0.719874,0.071251
ENSG00000162851,1.233301,0.073206,0.449365,0.068112
ENSG00000162873,3.660509,0.566266,0.866796,0.178286
ENSG00000162878,2.780951,0.639227,0.752329,0.239439
ENSG00000162885,3.318398,0.085725,0.836376,0.066391
ENSG00000162889,4.440939,0.147897,0.825596,0.101220
ENSG00000162891,1.468639,0.366777,0.577693,0.158025
ENSG00000162894,0.477476,0.065716,0.294597,0.105634
ENSG00000162896,0.648927,0.078283,0.326531,0.099358
ENSG00000162897,0.231938,-0.095534,0.134603,0.038941
ENSG00000162909,3.692459,-0.046777,0.775612,0.061497
ENSG00000162924,2.809411,0.287440,0.689225,0.129536
ENSG00000162928,3.969259,0.242995,0.907464,0.159830
ENSG00000162929,4.105290,0.293709,0.924947,0.125770
ENSG00000162931,0.688244,-0.031154,0.278863,0.102159
ENSG00000162961,5.096762,0.159853,0.978488,0.111065
ENSG00000162971,3.960154,0.328813,0.895523,0.139261
ENSG00000162976,2.297418,-0.049701,0.730759,0.053571
ENSG00000162981,4.098140,4.098140,0.930874,0.930874
ENSG00000162989,5.375463,0.101257,0.952630,0.073454
ENSG00000162998,3.757593,0.258516,0.852379,0.109943
ENSG00000162999,3.513707,0.287465,0.863522,0.121251
ENSG00000163013,3.987107,0.997750,0.894272,0.264495
ENSG00000163026,2.062071,0.564780,0.519510,0.187728
ENSG00000163050,3.555176,-0.076507,0.772757,0.088242
ENSG00000163053,2.635015,0.195764,0.697596,0.088441
ENSG00000163071,2.210749,0.105301,0.692827,0.090406
ENSG00000163082,2.418590,0.012608,0.646932,0.071354
ENSG00000163104,3.748348,0.246758,0.913034,0.099748
ENSG00000163106,2.441893,0.086042,0.811303,0.099043
ENSG00000163121,1.835028,-0.042697,0.514342,0.071336
ENSG00000163125,3.048875,0.212385,0.854975,0.136379
ENSG00000163126,1.541803,0.001607,0.607010,0.145719
ENSG00000163131,2.426445,0.208044,0.559777,0.140268
ENSG00000163132,3.392919,0.915919,0.740143,0.303620
ENSG00000163155,2.345375,0.466705,0.659926,0.173944
ENSG00000163162,2.786350,0.073158,0.723470,0.062604
ENSG00000163170,2.741800,0.012354,0.815953,0.045893
ENSG00000163217,3.321086,0.765695,0.760826,0.196040
ENSG00000163218,0.729399,-0.014918,0.359631,0.086023
ENSG00000163220,0.610196,-0.233088,0.319588,0.048336
ENSG00000163221,0.502432,0.045830,0.354522,0.137218
ENSG00000163239,0.373102,-0.060971,0.248423,0.073796
ENSG00000163273,2.187055,0.991661,0.773603,0.393627
ENSG00000163291,5.073372,0.342655,0.941536,0.093735
ENSG00000163293,3.399107,0.283558,0.746736,0.104192
ENSG00000163295,1.842059,0.758128,0.476479,0.283306
ENSG00000163328,3.769563,0.430125,0.891801,0.180673
ENSG00000163344,2.207459,-0.015000,0.738575,0.060748
ENSG00000163347,3.355417,0.240377,0.838417,0.117695
ENSG00000163348,2.507655,1.107180,0.743193,0.406544
ENSG00000163357,1.472516,0.111018,0.590708,0.128954
ENSG00000163380,3.066892,0.389348,0.671027,0.117158
ENSG00000163382,3.285086,1.224130,0.684343,0.285653
ENSG00000163389,4.104454,0.323012,0.901133,0.113485
ENSG00000163393,3.218663,0.077715,0.876196,0.097220
ENSG00000163394,3.896497,0.602372,0.830656,0.177279
ENSG00000163428,3.601491,0.324453,0.837068,0.107132
ENSG00000163431,2.430174,-0.033662,0.600683,0.061153
ENSG00000163440,3.268295,0.169695,0.950627,0.151624
ENSG00000163444,4.314237,0.522313,0.912780,0.171990
ENSG00000163453,2.676162,0.073825,0.763525,0.079396
ENSG00000163463,4.437907,0.540972,0.929637,0.140572
ENSG00000163472,1.826785,0.278796,0.597674,0.140433
ENSG00000163481,2.236141,0.506857,0.700271,0.188637
ENSG00000163485,3.950539,0.008988,0.833620,0.065695
ENSG00000163492,2.177240,0.175582,0.757547,0.106003
ENSG00000163497,3.493910,0.664512,0.889511,0.246723
ENSG00000163501,3.442452,0.877703,0.730880,0.282677
ENSG00000163507,3.143953,0.342770,0.908604,0.145094
ENSG00000163508,3.709361,1.551760,0.846669,0.394103
ENSG00000163510,3.916467,0.365039,0.877158,0.123445
ENSG00000163513,3.915166,0.084759,0.805332,0.080844
ENSG00000163517,3.846448,0.045993,0.829196,0.072455
ENSG00000163518,0.154515,-0.020722,0.188206,0.046891
ENSG00000163527,5.513880,0.237349,0.962671,0.107902
ENSG00000163528,4.004595,0.099061,0.766169,0.064022
ENSG00000163530,0.413354,-0.063250,0.266970,0.043098
ENSG00000163536,4.017849,0.224611,0.930198,0.110792
ENSG00000163545,3.051253,0.414650,0.665637,0.160871
ENSG00000163558,5.267919,0.227975,0.955702,0.108615
ENSG00000163565,-0.320451,-0.265618,0.113621,0.067451
ENSG00000163568,-0.096337,-0.085703,0.060361,0.031803
ENSG00000163577,4.903532,0.307480,0.970109,0.121214
ENSG00000163581,3.170468,0.272566,0.717316,0.088385
ENSG00000163584,5.010068,0.406179,0.947650,0.132643
ENSG00000163586,2.878810,0.090455,0.764674,0.079984
ENSG00000163590,5.411042,0.182061,0.943334,0.115928
ENSG00000163599,2.131891,0.457376,0.730138,0.200499
ENSG00000163600,1.094884,0.127003,0.530742,0.073022
ENSG00000163606,0.276546,0.047371,0.219083,0.097198
ENSG00000163607,2.977324,0.422704,0.701011,0.141145
ENSG00000163623,3.131162,0.755736,0.817864,0.273111
ENSG00000163626,2.549646,0.249607,0.670401,0.096399
ENSG00000163630,4.132056,0.057896,0.880841,0.070818
ENSG00000163633,0.778952,0.097355,0.431524,0.091539
ENSG00000163644,4.099570,0.489936,0.886181,0.171838
ENSG00000163659,4.070746,0.667872,0.916033,0.253040
ENSG00000163661,2.582985,0.599200,0.626710,0.201844
ENSG00000163666,2.609587,1.058750,0.804341,0.333345
ENSG00000163673,2.138381,0.117086,0.567147,0.071661
ENSG00000163687,2.309753,0.072196,0.604381,0.073059
ENSG00000163704,1.222387,0.952710,0.477386,0.374255
ENSG00000163705,2.511790,2.511790,0.922081,0.922081
ENSG00000163719,4.224652,0.139937,0.902041,0.081715
ENSG00000163736,0.142167,-0.016324,0.212125,0.117334
ENSG00000163738,3.310381,0.106841,0.724510,0.081884
ENSG00000163743,3.609490,0.231294,0.884055,0.145046
ENSG00000163751,1.972355,0.217478,0.577196,0.098023
ENSG00000163781,3.327487,0.355552,0.792768,0.140486
ENSG00000163788,4.649716,0.229567,0.845298,0.090864
ENSG00000163792,1.510344,0.164974,0.418754,0.100010
ENSG00000163798,2.952994,0.335765,0.723565,0.148083
ENSG00000163807,2.760110,0.254267,0.893355,0.186793
ENSG00000163812,5.581759,0.097900,0.953341,0.079222
ENSG00000163814,1.784063,0.014172,0.613448,0.061565
ENSG00000163815,3.194428,0.127057,0.766248,0.080944
ENSG00000163817,3.638724,-0.013073,0.798750,0.060130
ENSG00000163818,3.955467,0.138751,0.882167,0.076761
ENSG00000163823,2.042340,2.042340,0.518817,0.518817
ENSG00000163825,0.684643,-0.014278,0.295540,0.079217
ENSG00000163827,2.625024,0.089980,0.790679,0.077199
ENSG00000163832,2.694552,0.067484,0.762368,0.077018
ENSG00000163840,0.999397,0.348558,0.318142,0.131357
ENSG00000163875,5.007944,0.339678,0.969826,0.135804
ENSG00000163877,3.082571,0.361154,0.749849,0.177183
ENSG00000163879,3.915835,0.503022,0.902112,0.189434
ENSG00000163884,3.385528,0.219827,0.731683,0.114669
ENSG00000163885,1.467427,-0.056362,0.494919,0.075553
ENSG00000163898,2.431952,0.103067,0.650175,0.075303
ENSG00000163902,4.353365,0.260581,0.892198,0.129341
ENSG00000163909,2.247356,0.292517,0.611999,0.146467
ENSG00000163914,4.584231,0.765156,0.855747,0.204736
ENSG00000163931,4.505215,0.153486,0.876769,0.095088
ENSG00000163935,4.137847,0.268106,0.911893,0.128310
ENSG00000163938,2.451079,0.575353,0.654885,0.200985
ENSG00000163946,2.677789,0.349651,0.864293,0.144942
ENSG00000163947,4.037661,0.240920,0.879229,0.114460
ENSG00000163956,2.589297,-0.236322,0.711775,0.049055
ENSG00000163958,1.220498,0.007495,0.528280,0.081552
ENSG00000163961,1.491082,0.117893,0.518863,0.087612
ENSG00000163964,1.622308,0.138231,0.683036,0.104071
ENSG00000163982,2.499371,0.054061,0.665173,0.066133
ENSG00000163993,0.939747,-0.268367,0.435873,0.046221
ENSG00000164007,3.488840,0.255468,0.869424,0.144047
ENSG00000164008,3.197022,0.350554,0.760749,0.125636
ENSG00000164010,1.044508,0.124977,0.374669,0.084157
ENSG00000164022,4.220433,0.249406,0.854885,0.097804
ENSG00000164032,4.890307,1.364040,0.969010,0.353353
ENSG00000164035,0.564503,0.047039,0.332720,0.066240
ENSG00000164038,3.014849,0.235533,0.738344,0.111048
ENSG00000164039,4.175191,0.187411,0.893468,0.071485
ENSG00000164040,3.466619,0.297502,0.955996,0.116716
ENSG00000164047,0.103100,-0.183082,0.253506,0.084406
ENSG00000164049,0.092748,0.004606,0.175154,0.135053
ENSG00000164050,3.407184,1.016260,0.756774,0.273946
ENSG00000164053,1.892516,0.276932,0.654657,0.137965
ENSG00000164061,2.802568,0.372038,0.670052,0.173263
ENSG00000164070,4.191216,0.392547,0.919952,0.128142
ENSG00000164076,3.356679,1.912280,0.745922,0.451322
ENSG00000164077,3.983850,1.619900,0.864821,0.365198
ENSG00000164082,4.402165,1.300790,0.845551,0.291523
ENSG00000164086,4.342246,1.020030,0.851084,0.267280
ENSG00000164087,3.456377,0.040671,0.813695,0.069677
ENSG00000164088,2.411448,0.862716,0.735129,0.291266
ENSG00000164099,2.822527,0.188224,0.689348,0.080778
ENSG00000164100,4.225876,0.171160,0.845260,0.118376
ENSG00000164105,4.134596,0.560627,0.868677,0.154815
ENSG00000164106,2.692931,0.348988,0.751639,0.136513
ENSG00000164109,4.409863,0.378349,0.923314,0.109202
ENSG00000164116,3.959533,0.210309,0.834097,0.084464
ENSG00000164117,4.978377,0.420477,0.957711,0.124286
ENSG00000164123,0.672880,0.052130,0.335491,0.093113
ENSG00000164125,2.697561,0.149381,0.692391,0.083115
ENSG00000164136,1.450374,0.082623,0.654354,0.065113
ENSG00000164144,4.663917,0.171014,0.951307,0.108205
ENSG00000164161,4.776963,0.450942,0.944427,0.162848
ENSG00000164163,5.819270,0.569046,0.979254,0.135310
ENSG00000164167,6.099978,0.346871,0.969541,0.120172
ENSG00000164168,4.521711,0.534847,0.885068,0.163323
ENSG00000164169,3.673060,0.295702,0.827893,0.117004
ENSG00000164172,3.014085,0.204877,0.811780,0.104543
ENSG00000164175,3.433731,0.281499,0.723293,0.117559
ENSG00000164176,4.653915,0.046005,0.922548,0.069784
ENSG00000164187,4.549886,0.398885,0.940985,0.148860
ENSG00000164197,2.662067,0.138353,0.823033,0.119836
ENSG00000164209,3.948802,0.306362,0.888649,0.104794
ENSG00000164211,3.217650,0.359085,0.890603,0.118254
ENSG00000164219,4.673306,0.193094,0.935811,0.070705
ENSG00000164220,2.244238,0.458734,0.614475,0.157665
ENSG00000164221,2.265218,0.270682,0.845185,0.137940
ENSG00000164236,2.356829,-0.099243,0.614142,0.041214
ENSG00000164237,2.823529,0.069682,0.711065,0.086273
ENSG00000164241,3.208261,0.402997,0.834629,0.196277
ENSG00000164244,3.456816,0.188012,0.711392,0.087037
ENSG00000164258,4.123613,0.217293,0.915259,0.136108
ENSG00000164265,1.290458,0.022136,0.559505,0.065577
ENSG00000164270,4.777078,0.106894,0.933369,0.082282
ENSG00000164291,3.545194,0.260057,0.782149,0.112271
ENSG00000164294,3.689904,0.667817,0.850395,0.185373
ENSG00000164304,0.741248,0.168192,0.394550,0.131948
ENSG00000164325,2.294722,1.807420,0.642030,0.527671
ENSG00000164326,3.332847,0.915642,0.830980,0.265839
ENSG00000164330,5.691005,0.578724,0.949582,0.236582
ENSG00000164332,5.614588,0.525002,0.972654,0.143008
ENSG00000164344,1.882892,0.123633,0.556509,0.115025
ENSG00000164363,2.403974,-0.164403,0.581493,0.070273
ENSG00000164399,-0.981193,-0.212003,0.052936,0.045343
ENSG00000164400,0.596083,0.215566,0.334794,0.136779
ENSG00000164402,4.897890,0.428001,0.923432,0.161637
ENSG00000164404,2.058563,0.924239,0.534085,0.260738
ENSG00000164405,3.148301,1.128970,0.798081,0.324605
ENSG00000164406,2.103581,0.709505,0.695355,0.248713
ENSG00000164430,0.985563,0.089408,0.398231,0.101065
ENSG00000164434,4.851276,0.484442,0.947576,0.133112
ENSG00000164438,3.422244,1.385480,0.797441,0.379324
ENSG00000164442,3.285470,3.285470,0.927825,0.927825
ENSG00000164458,3.652477,0.228117,0.810467,0.131036
ENSG00000164463,4.520181,0.301068,0.941189,0.176988
ENSG00000164466,4.590567,0.071508,0.815258,0.067360
ENSG00000164483,2.227098,0.054656,0.781296,0.069142
ENSG00000164484,3.856500,3.856500,0.828316,0.828316
ENSG00000164485,1.185719,0.058146,0.445052,0.052740
ENSG00000164488,1.249749,-0.010552,0.404491,0.114004
ENSG00000164500,1.353638,-0.040278,0.548654,0.088077
ENSG00000164509,0.910925,0.081140,0.421519,0.068979
ENSG00000164512,3.008445,0.138757,0.810359,0.109937
ENSG00000164530,1.103583,0.077289,0.360441,0.094158
ENSG00000164532,5.236769,0.266235,0.922050,0.096115
ENSG00000164543,3.114825,0.129723,0.755850,0.084387
ENSG00000164548,4.700094,0.356275,0.942859,0.143010
ENSG00000164576,5.041219,0.472169,0.960880,0.182782
ENSG00000164587,5.718437,0.622334,0.952645,0.148296
ENSG00000164588,4.177626,0.084604,0.839190,0.075427
ENSG00000164591,1.697820,0.036719,0.513815,0.063350
ENSG00000164603,4.536990,0.177272,0.958423,0.116495
ENSG00000164615,3.491998,0.275758,0.806764,0.135726
ENSG00000164620,2.270543,1.194920,0.743207,0.392843
ENSG00000164626,3.622780,0.096379,0.811201,0.103188
ENSG00000164674,2.159028,-0.067610,0.671649,0.062876
ENSG00000164675,1.902281,0.197726,0.579652,0.096712
ENSG00000164683,3.929272,1.782660,0.876050,0.469709
ENSG00000164684,4.261416,0.109186,0.905850,0.098642
ENSG00000164690,3.362758,0.985579,0.758929,0.353834
ENSG00000164691,1.658144,0.399351,0.507152,0.178498
ENSG00000164692,4.446133,0.880331,0.856477,0.265174
ENSG00000164695,3.819691,0.143152,0.812584,0.080199
ENSG00000164708,4.166671,0.907871,0.831697,0.257810
ENSG00000164715,2.496690,0.093352,0.563079,0.081462
ENSG00000164742,4.028534,-0.052019,0.883519,0.064785
ENSG00000164746,1.421862,-0.130156,0.526139,0.051214
ENSG00000164749,4.505624,0.335027,0.881790,0.122005
ENSG00000164754,5.090433,0.449619,0.933136,0.141881
ENSG00000164756,2.836627,0.192200,0.743483,0.085996
ENSG00000164758,4.978519,0.345956,0.910266,0.118361
ENSG00000164764,2.818482,0.039158,0.758203,0.065846
ENSG00000164776,4.484241,0.629726,0.878952,0.163486
ENSG00000164794,3.947633,1.060140,0.903777,0.286855
ENSG00000164808,1.392615,0.094950,0.551751,0.103107
ENSG00000164815,4.063903,0.201474,0.929761,0.104182
ENSG00000164816,-0.511242,-0.245869,0.095106,0.031183
ENSG00000164823,4.011558,0.374036,0.926308,0.134117
ENSG00000164825,0.279941,-0.101720,0.266353,0.033602
ENSG00000164889,3.236533,0.728677,0.735633,0.239894
ENSG00000164896,1.963013,0.784874,0.723454,0.355061
ENSG00000164900,2.575586,0.020593,0.727367,0.070476
ENSG00000164902,3.669826,0.190098,0.840169,0.087180
ENSG00000164919,2.665796,0.168400,0.757618,0.088128
ENSG00000164924,5.449314,0.176794,0.972924,0.067793
ENSG00000164930,3.644978,0.357150,0.765457,0.109894
ENSG00000164932,4.342893,0.405011,0.825740,0.126774
ENSG00000164933,4.097608,0.327353,0.863443,0.099924
ENSG00000164935,1.634679,0.326549,0.534069,0.170884
ENSG00000164938,3.291620,0.381134,0.890381,0.153115
ENSG00000164946,3.032340,0.282703,0.777660,0.123153
ENSG00000164967,2.340110,2.340110,0.657920,0.657920
ENSG00000164972,1.608059,0.138358,0.693131,0.091073
ENSG00000164975,3.144345,0.138560,0.807439,0.098474
ENSG00000164976,4.061750,4.061750,0.828951,0.828951
ENSG00000164978,3.854116,0.648777,0.822508,0.224879
ENSG00000164985,3.616302,0.239011,0.956078,0.107040
ENSG00000165006,3.817885,0.304995,0.932453,0.139278
ENSG00000165025,3.562543,-0.069024,0.755164,0.059419
ENSG00000165030,3.017720,3.017720,0.752380,0.752380
ENSG00000165046,2.821073,0.301719,0.671900,0.123558
ENSG00000165066,3.583167,0.366736,0.828936,0.173295
ENSG00000165071,1.065910,0.017075,0.407033,0.057052
ENSG00000165072,3.420991,0.153095,0.822462,0.090451
ENSG00000165076,2.024389,0.268554,0.657445,0.126542
ENSG00000165078,3.851496,0.143345,0.913656,0.099741
ENSG00000165084,3.403750,0.082951,0.808607,0.080991
ENSG00000165097,4.639976,0.140956,0.878080,0.081338
ENSG00000165105,2.920233,0.073508,0.792725,0.058264
ENSG00000165115,2.664712,0.267735,0.781233,0.135713
ENSG00000165118,3.407305,0.274935,0.785376,0.130263
ENSG00000165120,1.225143,0.284013,0.567940,0.173804
ENSG00000165152,3.187130,3.187130,0.809071,0.809071
ENSG00000165185,3.094363,0.317973,0.877514,0.149113
ENSG00000165233,1.815093,-0.051662,0.750810,0.090195
ENSG00000165244,3.619522,0.236645,0.805472,0.117389
ENSG00000165272,3.972686,0.737402,0.851696,0.225090
ENSG00000165275,2.651857,0.238111,0.756657,0.118740
ENSG00000165283,4.317554,1.699010,0.891260,0.371368
ENSG00000165325,2.205425,0.182282,0.821432,0.123547
ENSG00000165379,4.481721,0.707558,0.898716,0.227218
ENSG00000165383,2.860889,0.548557,0.718234,0.182793
ENSG00000165392,2.144712,0.214570,0.632917,0.104916
ENSG00000165410,5.611723,2.204110,0.984129,0.522538
ENSG00000165416,3.703333,0.210996,0.934326,0.102173
ENSG00000165417,4.794229,0.276053,0.962597,0.096575
ENSG00000165434,3.511675,0.320197,0.821256,0.160453
ENSG00000165443,5.580516,0.252753,0.966301,0.122920
ENSG00000165449,3.641446,0.256592,0.826927,0.105686
ENSG00000165457,2.095226,0.510078,0.533242,0.152668
ENSG00000165458,3.204850,0.981666,0.782557,0.288644
ENSG00000165471,0.518189,0.033249,0.292365,0.078396
ENSG00000165474,3.721400,3.721400,0.725239,0.725239
ENSG00000165476,3.859278,0.190794,0.904084,0.100951
ENSG00000165478,3.452364,0.392169,0.853164,0.139300
ENSG00000165480,1.213039,0.102084,0.493898,0.091809
ENSG00000165494,3.724601,1.019530,0.944211,0.331693
ENSG00000165495,4.904924,0.199407,0.932578,0.110423
ENSG00000165501,3.349107,0.484265,0.857323,0.199683
ENSG00000165512,1.374340,1.374340,0.311868,0.311868
ENSG00000165516,4.261631,0.448888,0.935307,0.133697
ENSG00000165525,3.889797,0.288141,0.880491,0.125309
ENSG00000165526,2.357555,0.327557,0.650693,0.120384
ENSG00000165527,6.505570,6.505570,0.978625,0.978625
ENSG00000165556,2.520469,0.652060,0.683966,0.264241
ENSG00000165566,1.954290,1.954290,0.620394,0.620394
ENSG00000165588,5.562976,1.384120,0.967521,0.282622
ENSG00000165606,4.394432,0.277203,0.871879,0.117827
ENSG00000165609,3.130261,0.067215,0.843109,0.072036
ENSG00000165623,1.520269,-0.049265,0.680705,0.053561
ENSG00000165629,4.772385,0.238243,0.901461,0.084269
ENSG00000165630,5.077291,0.236407,0.937113,0.098442
ENSG00000165632,3.889167,0.184338,0.806773,0.098545
ENSG00000165633,2.652549,-0.045596,0.794065,0.051795
ENSG00000165637,5.513289,0.288311,0.964262,0.115366
ENSG00000165646,4.377334,0.119787,0.825150,0.078538
ENSG00000165650,3.372882,0.289258,0.827230,0.127970
ENSG00000165660,4.094650,0.169139,0.869765,0.084428
ENSG00000165669,2.563519,0.609366,0.723372,0.169622
ENSG00000165672,3.674191,0.239584,0.754897,0.090135
ENSG00000165678,4.107481,0.402350,0.885010,0.115813
ENSG00000165682,0.993667,0.072978,0.485568,0.074418
ENSG00000165685,1.778196,0.069099,0.620956,0.067207
ENSG00000165688,4.185877,0.209005,0.783116,0.111835
ENSG00000165695,2.093192,0.025211,0.688526,0.087096
ENSG00000165698,1.989322,0.068518,0.629114,0.101332
ENSG00000165702,3.549183,0.562911,0.709102,0.185726
ENSG00000165714,4.883454,0.134020,0.891262,0.105743
ENSG00000165716,3.135589,-0.217044,0.802992,0.106854
ENSG00000165730,1.640266,0.141402,0.430884,0.107549
ENSG00000165757,1.274131,0.030311,0.383190,0.080396
ENSG00000165782,3.658870,1.291800,0.896213,0.337858
ENSG00000165792,1.770511,0.388593,0.703597,0.185862
ENSG00000165794,2.198850,0.929652,0.599021,0.275534
ENSG00000165816,2.720035,0.040951,0.710245,0.068173
ENSG00000165828,-0.367757,-0.427412,0.068817,0.026880
ENSG00000165832,2.733618,0.218395,0.743436,0.100008
ENSG00000165861,4.794607,0.245362,0.911246,0.102997
ENSG00000165886,4.412638,0.124693,0.881354,0.117759
ENSG00000165887,2.320937,0.188434,0.693490,0.096946
ENSG00000165891,2.277585,0.229954,0.643308,0.113509
ENSG00000165929,2.988149,0.320742,0.863813,0.130600
ENSG00000165953,0.997179,-0.086040,0.301991,0.048694
ENSG00000165966,3.581133,0.209453,0.801874,0.113575
ENSG00000165970,4.393938,0.171588,0.859186,0.102013
ENSG00000165973,4.389176,0.052259,0.909922,0.076042
ENSG00000165983,3.809648,0.298628,0.826487,0.132661
ENSG00000165997,5.650831,0.190295,0.950782,0.069550
ENSG00000166002,4.547140,4.547140,0.908610,0.908610
ENSG00000166006,4.447015,0.169110,0.879124,0.078562
ENSG00000166012,1.107615,0.139331,0.510044,0.153867
ENSG00000166016,4.243196,0.068674,0.889751,0.090897
ENSG00000166024,1.520902,0.310661,0.568695,0.202263
ENSG00000166033,3.736748,-0.014708,0.759882,0.067593
ENSG00000166035,2.825212,-0.006524,0.656397,0.056141
ENSG00000166069,1.504918,0.158144,0.749646,0.101515
ENSG00000166073,3.955214,0.193796,0.855966,0.101121
ENSG00000166086,3.199393,0.122080,0.744109,0.130112
ENSG00000166090,1.139948,0.185777,0.589990,0.132414
ENSG00000166091,0.935179,0.254810,0.552380,0.199622
ENSG00000166106,3.342506,0.333072,0.731425,0.144145
ENSG00000166118,1.413220,0.057023,0.644194,0.146333
ENSG00000166130,2.345794,0.238660,0.809133,0.136639
ENSG00000166133,3.097495,1.082300,0.671916,0.256239
ENSG00000166135,5.173729,0.607014,0.932884,0.170363
ENSG00000166136,3.549946,0.734259,0.804839,0.255469
ENSG00000166148,3.095939,1.173780,0.677429,0.269761
ENSG00000166170,3.370870,3.370870,0.785480,0.785480
ENSG00000166171,3.771560,0.398018,0.872471,0.181239
ENSG00000166199,2.908510,0.315187,0.778788,0.160368
ENSG00000166224,3.795777,0.183515,0.848526,0.105765
ENSG00000166226,5.315383,0.555876,0.950812,0.144523
ENSG00000166228,4.360367,0.152995,0.938318,0.089336
ENSG00000166272,3.562378,0.142194,0.850708,0.105523
ENSG00000166275,4.553696,0.202047,0.898940,0.083241
ENSG00000166295,5.406018,0.448239,0.924964,0.201888
ENSG00000166313,2.922961,0.558893,0.817211,0.204287
ENSG00000166317,2.614410,1.090290,0.701671,0.351763
ENSG00000166321,2.811966,0.322919,0.754366,0.146493
ENSG00000166326,1.874268,0.176976,0.719516,0.133315
ENSG00000166333,5.167389,1.378090,0.940044,0.291699
ENSG00000166343,2.851381,1.199280,0.789751,0.337898
ENSG00000166349,3.911620,3.911620,0.801350,0.801350
ENSG00000166391,2.466397,0.058045,0.597945,0.062984
ENSG00000166394,3.159532,0.333860,0.707800,0.106397
ENSG00000166402,4.467678,0.297553,0.895856,0.118512
ENSG00000166407,5.934609,0.380646,0.976545,0.135776
ENSG00000166415,2.358789,0.224296,0.747643,0.128263
ENSG00000166435,1.412065,0.151098,0.642392,0.159279
ENSG00000166471,4.848608,0.220207,0.885219,0.126249
ENSG00000166477,4.199676,0.281473,0.874703,0.108613
ENSG00000166482,2.294504,0.562886,0.605647,0.199557
ENSG00000166483,3.559374,0.593486,0.856362,0.194020
ENSG00000166484,2.606648,1.475310,0.659798,0.400378
ENSG00000166507,4.748030,2.302860,0.907342,0.469745
ENSG00000166508,3.775807,1.019200,0.869180,0.314853
ENSG00000166527,0.556130,0.098560,0.311375,0.057250
ENSG00000166578,1.238693,0.049106,0.473137,0.100569
ENSG00000166689,3.767258,0.187653,0.884178,0.101528
ENSG00000166710,1.098101,0.031050,0.363062,0.063284
ENSG00000166734,3.595650,0.153714,0.914582,0.136893
ENSG00000166736,3.537574,0.229811,0.761376,0.096861
ENSG00000166741,1.565084,0.126067,0.571978,0.112581
ENSG00000166750,0.314000,0.143099,0.226172,0.125844
ENSG00000166793,4.914063,1.675260,0.905953,0.356483
ENSG00000166794,4.029042,0.253823,0.853052,0.104444
ENSG00000166796,3.367251,0.206929,0.738892,0.144649
ENSG00000166797,4.319531,0.177310,0.943846,0.083754
ENSG00000166800,2.398679,0.205181,0.705216,0.143851
ENSG00000166819,1.556798,0.092396,0.621436,0.101784
ENSG00000166821,2.938386,0.504219,0.756775,0.183354
ENSG00000166825,2.451550,0.247939,0.594390,0.128624
ENSG00000166831,4.594621,-0.011734,0.829160,0.053388
ENSG00000166839,2.420269,0.078158,0.693716,0.085820
ENSG00000166860,2.938480,2.938480,0.784406,0.784406
ENSG00000166866,3.166191,0.539333,0.750928,0.161838
ENSG00000166881,2.879185,0.338795,0.773929,0.173475
ENSG00000166886,3.156404,1.158180,0.840295,0.404046
ENSG00000166887,5.056348,0.375474,0.944057,0.113038
ENSG00000166900,3.974256,0.030242,0.887066,0.057060
ENSG00000166920,2.303330,0.303705,0.670393,0.108029
ENSG00000166924,2.230576,0.752055,0.734375,0.298670
ENSG00000166946,2.218928,0.425017,0.772032,0.164619
ENSG00000166961,1.654145,-0.030539,0.772086,0.070964
ENSG00000166963,2.255589,2.188880,0.584295,0.568614
ENSG00000167034,1.566831,0.580249,0.443853,0.235151
ENSG00000167094,0.840696,0.051685,0.367012,0.091399
ENSG00000167103,2.730025,0.343730,0.774166,0.152300
ENSG00000167106,4.454527,0.108336,0.906909,0.087778
ENSG00000167112,2.241058,0.070390,0.690436,0.084875
ENSG00000167113,3.204400,0.168898,0.738376,0.081221
ENSG00000167114,3.411372,0.296016,0.736975,0.107358
ENSG00000167139,2.017930,0.113260,0.849423,0.103554
ENSG00000167157,2.726503,-0.074387,0.650260,0.061384
ENSG00000167244,2.335093,0.289673,0.708602,0.180657
ENSG00000167272,2.851944,0.523261,0.814816,0.214199
ENSG00000167286,0.825455,0.150007,0.487522,0.096236
ENSG00000167525,1.038389,0.124521,0.563248,0.127468
ENSG00000167531,0.908683,0.269169,0.508432,0.143526
ENSG00000167580,3.078219,0.402102,0.718471,0.151861
ENSG00000167588,4.539212,0.973592,0.842848,0.213213
ENSG00000167612,1.308029,0.525031,0.408609,0.204174
ENSG00000167632,4.324202,-0.156037,0.867874,0.038068
ENSG00000167653,-0.101477,-0.607664,0.073284,0.024410
ENSG00000167656,-0.363698,-0.695604,0.032385,0.017865
ENSG00000167702,1.140777,0.158078,0.423895,0.170648
ENSG00000167767,2.119789,-0.020359,0.589248,0.083457
ENSG00000167768,1.453002,0.441907,0.382317,0.159561
ENSG00000167771,3.071061,1.147800,0.790189,0.348019
ENSG00000167779,1.540551,0.309191,0.581606,0.172820
ENSG00000167780,2.770231,0.270730,0.689224,0.187643
ENSG00000167791,3.340203,0.398731,0.706561,0.147117
ENSG00000167797,3.651397,1.504970,0.940749,0.467005
ENSG00000167800,1.967884,0.122767,0.515553,0.116106
ENSG00000167910,3.724756,0.684663,0.817813,0.172775
ENSG00000167962,2.569618,0.198500,0.673846,0.176197
ENSG00000167965,5.446515,1.679440,0.898968,0.340913
ENSG00000167967,2.526691,0.245997,0.672373,0.161523
ENSG00000167968,0.990430,0.347992,0.410620,0.257543
ENSG00000167972,3.583375,0.193368,0.801030,0.121085
ENSG00000167977,3.908006,-0.356624,0.818701,0.043125
ENSG00000167981,0.409038,0.100282,0.171492,0.071602
ENSG00000167985,3.298129,0.094639,0.718590,0.085486
ENSG00000167987,1.735329,0.015379,0.610720,0.116793
ENSG00000167992,1.742699,0.064405,0.573271,0.093151
ENSG00000167994,3.434569,0.036538,0.783136,0.084728
ENSG00000167995,2.908703,0.323187,0.641454,0.125246
ENSG00000168056,1.951753,0.345704,0.668158,0.190034
ENSG00000168062,0.374780,-0.028163,0.258553,0.060517
ENSG00000168071,0.674125,-0.021734,0.376373,0.131337
ENSG00000168077,2.504634,0.098449,0.673663,0.099223
ENSG00000168079,2.289386,0.016682,0.759758,0.069269
ENSG00000168092,4.534875,0.241231,0.932187,0.095297
ENSG00000168118,5.321569,0.022276,0.932511,0.052222
ENSG00000168143,2.729565,0.134083,0.699678,0.082251
ENSG00000168152,1.444387,0.310844,0.665139,0.184317
ENSG00000168172,4.854903,0.152648,0.956499,0.094186
ENSG00000168175,2.825868,0.722571,0.920016,0.284481
ENSG00000168209,3.129944,2.257500,0.843282,0.623338
ENSG00000168237,3.003870,1.732400,0.696400,0.423818
ENSG00000168243,5.029208,0.025090,0.940284,0.067806
ENSG00000168246,4.537464,0.173328,0.898601,0.135653
ENSG00000168263,3.356453,0.521556,0.715384,0.158374
ENSG00000168268,3.983546,0.620188,0.835815,0.190349
ENSG00000168269,3.599637,1.332880,0.783634,0.346394
ENSG00000168273,3.432180,0.267146,0.864938,0.101815
ENSG00000168275,1.298134,0.018451,0.407524,0.057349
ENSG00000168288,3.734801,0.266440,0.877324,0.091534
ENSG00000168291,4.629339,0.945171,0.901629,0.215471
ENSG00000168298,2.840490,2.840490,0.710350,0.710350
ENSG00000168301,5.357819,1.415520,0.907204,0.272903
ENSG00000168303,2.767215,1.137130,0.949648,0.425047
ENSG00000168306,2.353803,0.180310,0.648109,0.105970
ENSG00000168333,0.910798,0.032390,0.403095,0.061939
ENSG00000168348,1.391510,1.391510,0.405236,0.405236
ENSG00000168350,4.124161,-0.072513,0.818090,0.080146
ENSG00000168386,3.550901,0.422613,0.873067,0.171628
ENSG00000168394,1.727843,0.454114,0.521393,0.169000
ENSG00000168395,4.161500,-0.035762,0.874308,0.074865
ENSG00000168398,2.212360,0.385559,0.572360,0.166246
ENSG00000168412,3.746046,0.129452,0.784950,0.090910
ENSG00000168427,3.345478,0.082961,0.786479,0.147263
ENSG00000168438,5.206760,0.344862,0.958035,0.108948
ENSG00000168439,4.440844,0.243345,0.882587,0.112025
ENSG00000168490,4.689124,0.725703,0.895216,0.204718
ENSG00000168497,2.250995,0.520459,0.611696,0.229778
ENSG00000168530,4.331795,0.338947,0.920299,0.133003
ENSG00000168538,4.643985,0.352241,0.889650,0.103040
ENSG00000168542,3.561537,0.425420,0.703332,0.132759
ENSG00000168556,4.577013,0.762788,0.934437,0.214205
ENSG00000168564,2.451132,1.736010,0.695765,0.521602
ENSG00000168566,2.846268,0.233202,0.844446,0.118179
ENSG00000168594,0.269514,0.269514,0.212150,0.212150
ENSG00000168615,3.464548,0.178649,0.828610,0.129627
ENSG00000168621,3.897463,0.192673,0.930289,0.108603
ENSG00000168672,3.812020,3.812020,0.830491,0.830491
ENSG00000168679,2.437284,0.213700,0.702355,0.103405
ENSG00000168685,1.297166,0.088609,0.506742,0.068171
ENSG00000168702,4.303581,0.067822,0.913352,0.071667
ENSG00000168710,5.701596,0.514290,0.950432,0.173578
ENSG00000168754,0.782284,-0.109934,0.437091,0.058818
ENSG00000168758,2.452345,0.742877,0.676983,0.286731
ENSG00000168772,3.619248,0.369723,0.906630,0.139485
ENSG00000168778,1.510820,0.018211,0.480579,0.074360
ENSG00000168792,1.996981,0.650273,0.602413,0.225380
ENSG00000168795,3.546530,3.546530,0.850660,0.850660
ENSG00000168811,1.124475,0.110959,0.517321,0.104664
ENSG00000168824,4.483214,-0.180406,0.916735,0.046475
ENSG00000168826,2.605037,0.122350,0.545873,0.079841
ENSG00000168843,4.057627,-0.017701,0.897484,0.047935
ENSG00000168890,3.487111,1.094830,0.864385,0.328782
ENSG00000168894,3.712805,1.084180,0.914963,0.287646
ENSG00000168899,1.582091,0.145626,0.623210,0.120802
ENSG00000168906,5.082138,1.546890,0.919794,0.386527
ENSG00000168907,1.842218,0.271311,0.595099,0.134581
ENSG00000168917,4.648430,4.648430,0.935306,0.935306
ENSG00000168924,3.317123,-0.021046,0.720589,0.068171
ENSG00000168938,3.618559,0.141285,0.757640,0.080023
ENSG00000168952,5.206570,0.143992,0.950217,0.084256
ENSG00000168961,0.877759,-0.188094,0.367532,0.039937
ENSG00000168993,2.451778,-0.271385,0.743846,0.045666
ENSG00000169006,1.910197,0.361902,0.628735,0.198859
ENSG00000169016,2.455282,0.009510,0.744040,0.060013
ENSG00000169019,2.886325,0.167061,0.857082,0.082530
ENSG00000169020,1.515815,-0.112890,0.726155,0.108923
ENSG00000169026,1.034419,-0.286279,0.453420,0.119112
ENSG00000169031,2.200120,0.083527,0.607146,0.069860
ENSG00000169032,5.297964,0.101877,0.915076,0.092178
ENSG00000169062,2.649866,0.101462,0.729219,0.074948
ENSG00000169087,2.506703,0.209229,0.639928,0.100803
ENSG00000169116,0.757183,0.018965,0.274872,0.060478
ENSG00000169129,3.011035,-0.011595,0.750798,0.071099
ENSG00000169139,6.224722,0.101469,0.994104,0.118508
ENSG00000169174,1.962082,0.022340,0.592496,0.073411
ENSG00000169194,0.411757,-0.071808,0.324025,0.092851
ENSG00000169213,4.836770,0.239877,0.887259,0.118204
ENSG00000169231,3.787095,0.965033,0.837752,0.265225
ENSG00000169241,2.702564,1.003270,0.802373,0.321098
ENSG00000169242,2.667089,0.534890,0.767663,0.233484
ENSG00000169245,1.177237,0.356585,0.506857,0.140648
ENSG00000169247,2.470909,0.199739,0.727022,0.094267
ENSG00000169248,1.058257,0.519044,0.511936,0.213957
ENSG00000169251,4.704925,0.361200,0.938530,0.119627
ENSG00000169271,2.761160,2.761160,0.723380,0.723380
ENSG00000169282,4.278204,0.076894,0.852459,0.074763
ENSG00000169299,4.103383,0.192244,0.850687,0.078165
ENSG00000169302,3.907378,0.068709,0.887677,0.073429
ENSG00000169375,5.048100,0.437734,0.939676,0.140204
ENSG00000169379,3.461426,0.191153,0.833470,0.092749
ENSG00000169410,4.371884,0.147328,0.944898,0.096668
ENSG00000169427,4.762055,-0.147360,0.935956,0.045425
ENSG00000169429,1.043020,0.158473,0.465882,0.108281
ENSG00000169435,2.336803,0.110153,0.770963,0.065720
ENSG00000169495,2.497706,0.259762,0.581503,0.099769
ENSG00000169499,3.140063,0.048786,0.789181,0.073125
ENSG00000169504,4.786854,0.151231,0.922904,0.113727
ENSG00000169519,3.144533,0.183358,0.720505,0.117696
ENSG00000169550,0.600140,0.103183,0.293662,0.076539
ENSG00000169564,4.222280,4.222280,0.916055,0.916055
ENSG00000169567,4.306806,0.367764,0.961534,0.163363
ENSG00000169570,3.333973,0.139866,0.791404,0.117310
ENSG00000169583,2.277965,0.608562,0.645229,0.274604
ENSG00000169605,0.992110,0.185576,0.452085,0.102545
ENSG00000169607,0.901558,0.119868,0.380789,0.077006
ENSG00000169621,1.491566,0.169526,0.549515,0.122460
ENSG00000169692,2.125228,-0.508544,0.590805,0.046504
ENSG00000169744,5.698627,0.079896,0.967784,0.087525
ENSG00000169758,3.865878,0.018184,0.845527,0.067710
ENSG00000169762,4.193676,0.054508,0.819343,0.059245
ENSG00000169814,2.668198,0.405253,0.586297,0.161033
ENSG00000169826,4.505660,0.417886,0.917749,0.137961
ENSG00000169836,3.400040,0.079545,0.737949,0.077803
ENSG00000169840,3.722919,2.281780,0.903324,0.587092
ENSG00000169855,4.740203,0.138458,0.913000,0.100133
ENSG00000169884,3.451698,1.181500,0.862308,0.381958
ENSG00000169885,0.563162,-0.343679,0.310079,0.102075
ENSG00000169903,2.984535,0.190068,0.714356,0.100723
ENSG00000169908,2.129517,0.244473,0.639530,0.106686
ENSG00000169914,3.186537,0.179141,0.855912,0.091329
ENSG00000169918,4.152205,0.049615,0.878804,0.088476
ENSG00000169919,3.439357,0.200275,0.711715,0.092746
ENSG00000169926,2.751658,-0.152152,0.751676,0.050915
ENSG00000169967,5.053108,0.396596,0.960820,0.111403
ENSG00000170044,4.420969,0.305487,0.883482,0.122242
ENSG00000170075,2.593509,0.474875,0.650562,0.186419
ENSG00000170142,5.943981,0.059910,0.961630,0.062605
ENSG00000170145,3.907038,0.289735,0.824181,0.129803
ENSG00000170162,3.262842,0.561488,0.829525,0.184532
ENSG00000170166,4.697723,3.172130,0.935823,0.722613
ENSG00000170178,3.403686,3.008080,0.859163,0.780847
ENSG00000170185,3.930322,0.485326,0.815717,0.139954
ENSG00000170214,3.782937,0.267367,0.870324,0.123833
ENSG00000170231,2.998153,0.078892,0.774768,0.072421
ENSG00000170289,2.376537,0.179330,0.626962,0.116973
ENSG00000170293,3.280588,0.029167,0.877000,0.070996
ENSG00000170325,4.363981,0.265711,0.878964,0.097471
ENSG00000170340,3.887060,3.887060,0.815232,0.815232
ENSG00000170348,4.548398,0.205502,0.928035,0.106295
ENSG00000170370,5.154539,0.982807,0.977742,0.295221
ENSG00000170374,2.204978,0.519344,0.689907,0.221482
ENSG00000170379,1.980441,0.171493,0.509697,0.091365
ENSG00000170381,3.236869,0.062960,0.789873,0.071708
ENSG00000170385,3.417678,1.654790,0.834048,0.421272
ENSG00000170390,4.253984,0.106672,0.848209,0.088288
ENSG00000170396,1.861744,0.046583,0.504193,0.071223
ENSG00000170417,3.148881,0.006005,0.853432,0.058478
ENSG00000170419,3.540235,-0.000667,0.884664,0.074529
ENSG00000170430,2.007731,0.006609,0.517649,0.094451
ENSG00000170439,2.012724,0.553345,0.551646,0.187937
ENSG00000170448,3.494833,0.256298,0.873867,0.103358
ENSG00000170454,2.415977,0.335369,0.633905,0.137204
ENSG00000170458,0.715220,0.654499,0.323646,0.309770
ENSG00000170464,3.435529,0.326819,0.888494,0.172001
ENSG00000170482,3.728475,0.564301,0.735467,0.151376
ENSG00000170484,1.284444,0.082474,0.381814,0.101893
ENSG00000170498,0.581389,0.041803,0.289811,0.095028
ENSG00000170500,1.867594,0.087144,0.588087,0.071430
ENSG00000170509,2.103707,0.193216,0.630871,0.109778
ENSG00000170542,1.732559,0.025798,0.437923,0.063637
ENSG00000170545,2.313155,0.070320,0.774058,0.093868
ENSG00000170577,5.234817,1.516820,0.952890,0.314009
ENSG00000170581,1.683251,0.332547,0.526347,0.146069
ENSG00000170584,4.621003,0.375447,0.962356,0.115191
ENSG00000170606,4.685680,0.217945,0.925059,0.090748
ENSG00000170613,0.605437,0.275059,0.334658,0.181782
ENSG00000170615,3.326060,0.175383,0.837268,0.092226
ENSG00000170624,4.709524,0.037933,0.955782,0.072446
ENSG00000170627,2.919897,0.432121,0.957683,0.204317
ENSG00000170633,3.970788,0.269469,0.858825,0.118189
ENSG00000170743,4.445710,0.158740,0.891765,0.112000
ENSG00000170759,5.024034,0.446411,0.954059,0.123859
ENSG00000170775,2.683578,0.445474,0.551227,0.147684
ENSG00000170786,2.608640,0.091485,0.588227,0.075266
ENSG00000170801,3.607506,-0.171534,0.821107,0.051737
ENSG00000170807,3.287164,0.733807,0.748642,0.223409
ENSG00000170819,2.999936,0.004586,0.783031,0.077013
ENSG00000170860,5.206905,0.122722,0.936647,0.095012
ENSG00000170873,4.072193,-0.019189,0.829228,0.061964
ENSG00000170876,3.499045,0.055547,0.843364,0.082791
ENSG00000170881,4.074133,0.743474,0.931733,0.210208
ENSG00000170890,1.948596,0.095142,0.558957,0.086692
ENSG00000170891,1.664811,-0.135934,0.641321,0.076527
ENSG00000170893,0.861905,0.420817,0.450903,0.255668
ENSG00000170899,2.175840,0.079156,0.649964,0.064185
ENSG00000170903,3.470899,2.610370,0.853153,0.656922
ENSG00000170915,3.521600,3.521600,0.806540,0.806540
ENSG00000170950,4.072710,4.072710,0.888528,0.888528
ENSG00000170955,1.425327,0.817445,0.533778,0.347611
ENSG00000170961,5.231604,0.617784,0.954216,0.169642
ENSG00000171016,3.138344,0.190269,0.914454,0.144201
ENSG00000171053,0.245640,-0.097444,0.289183,0.067849
ENSG00000171097,3.138839,0.306271,0.751872,0.121733
ENSG00000171115,0.094779,-0.012616,0.177903,0.062070
ENSG00000171121,1.726590,0.231912,0.566750,0.099943
ENSG00000171126,4.085421,0.261451,0.922674,0.151445
ENSG00000171130,3.474552,0.128991,0.951864,0.094617
ENSG00000171135,4.764842,1.053920,0.947849,0.241795
ENSG00000171160,4.429116,0.661768,0.909299,0.177703
ENSG00000171169,4.227616,1.275110,0.911391,0.331873
ENSG00000171202,2.213851,0.287392,0.738034,0.115051
ENSG00000171209,0.090764,0.097695,0.144846,0.062843
ENSG00000171217,2.965220,2.965220,0.673962,0.673962
ENSG00000171243,3.975395,1.278730,0.933927,0.443744
ENSG00000171303,3.808249,0.181346,0.844538,0.109332
ENSG00000171357,2.645261,0.187200,0.699682,0.142709
ENSG00000171385,5.086111,0.098917,0.915977,0.096270
ENSG00000171435,4.903427,0.012847,0.919685,0.067810
ENSG00000171448,4.337540,4.337540,0.984963,0.984963
ENSG00000171476,2.647429,0.082467,0.722747,0.101433
ENSG00000171488,4.675037,0.464836,0.876206,0.135899
ENSG00000171495,1.637547,0.124801,0.760251,0.102642
ENSG00000171502,2.527652,0.155302,0.796830,0.096049
ENSG00000171503,4.874170,0.309272,0.877101,0.117345
ENSG00000171517,4.210036,0.154212,0.877746,0.078828
ENSG00000171522,3.462944,0.564087,0.772447,0.170452
ENSG00000171530,3.360356,0.284868,0.958225,0.133477
ENSG00000171533,1.357778,0.144873,0.436304,0.102718
ENSG00000171540,3.189429,1.351570,0.899282,0.442438
ENSG00000171551,4.093510,1.310650,0.876254,0.344957
ENSG00000171557,3.031754,0.557507,0.706650,0.156912
ENSG00000171564,3.135399,0.676867,0.697246,0.174657
ENSG00000171566,4.897465,0.611926,0.926239,0.168584
ENSG00000171596,2.723702,0.566296,0.623504,0.167649
ENSG00000171604,3.668123,1.738490,0.826045,0.459688
ENSG00000171621,5.274026,0.160643,0.897662,0.075880
ENSG00000171714,3.545163,0.136488,0.770513,0.067347
ENSG00000171723,6.014839,0.184982,0.986983,0.140063
ENSG00000171757,1.994521,0.260738,0.661943,0.104865
ENSG00000171759,4.079711,0.056685,0.868889,0.069703
ENSG00000171766,4.909343,0.536823,0.950192,0.147562
ENSG00000171812,3.187052,2.454110,0.687067,0.552294
ENSG00000171819,4.007795,0.737481,0.832907,0.189554
ENSG00000171823,4.350965,0.351417,0.944220,0.162099
ENSG00000171824,3.443178,0.190587,0.796277,0.118459
ENSG00000171843,4.485823,0.269310,0.963788,0.136899
ENSG00000171865,2.238532,0.011629,0.620224,0.077872
ENSG00000171872,0.737980,0.175411,0.230522,0.138703
ENSG00000171931,1.406982,0.130778,0.473620,0.090287
ENSG00000171956,3.972660,3.972660,0.915391,0.915391
ENSG00000171992,1.694106,0.652016,0.531210,0.246811
ENSG00000172005,2.193959,-0.161064,0.620959,0.034337
ENSG00000172007,3.783244,0.214970,0.772011,0.138825
ENSG00000172020,3.811933,0.203066,0.847349,0.112194
ENSG00000172023,0.176679,-0.394003,0.158892,0.038148
ENSG00000172062,2.919483,0.112650,0.783226,0.111605
ENSG00000172073,0.689053,0.029709,0.410144,0.079177
ENSG00000172113,3.378085,0.563907,0.807798,0.155584
ENSG00000172115,4.716797,3.633030,0.921956,0.715450
ENSG00000172159,4.166343,0.090940,0.926339,0.071797
ENSG00000172171,2.141180,0.371400,0.646996,0.145477
ENSG00000172179,1.887577,0.075028,0.709578,0.086460
ENSG00000172197,3.610377,0.035585,0.845879,0.055530
ENSG00000172209,4.813920,4.813920,0.943226,0.943226
ENSG00000172243,0.726085,0.030469,0.426146,0.059445
ENSG00000172260,4.433546,0.113833,0.961339,0.093279
ENSG00000172262,4.195138,0.214404,0.922502,0.101826
ENSG00000172273,3.740407,0.829373,0.842229,0.252496
ENSG00000172292,4.546986,0.113816,0.933542,0.081112
ENSG00000172322,0.084483,-0.008771,0.264883,0.063871
ENSG00000172331,4.564688,0.272486,0.877521,0.095102
ENSG00000172348,4.389110,0.064938,0.912890,0.063490
ENSG00000172350,4.745190,0.896763,0.895030,0.225956
ENSG00000172367,1.689787,0.629743,0.565517,0.255023
ENSG00000172399,3.675782,0.170863,0.884615,0.090759
ENSG00000172425,2.981766,0.441113,0.772093,0.149333
ENSG00000172426,3.000622,0.132539,0.824342,0.126980
ENSG00000172432,4.811243,1.303360,0.936589,0.295080
ENSG00000172456,3.784714,0.107969,0.883995,0.096327
ENSG00000172461,4.261990,4.261990,0.931312,0.931312
ENSG00000172469,3.456123,0.323462,0.803592,0.097228
ENSG00000172482,2.156330,-0.454609,0.603531,0.082483
ENSG00000172497,2.394427,0.091687,0.703230,0.078476
ENSG00000172508,1.520405,0.395568,0.656866,0.246026
ENSG00000172531,5.262518,1.604000,0.909014,0.325180
ENSG00000172543,0.734081,0.094256,0.420024,0.153635
ENSG00000172548,3.589498,0.318369,0.791675,0.108775
ENSG00000172554,3.182364,-0.079098,0.866672,0.064518
ENSG00000172572,3.341460,0.118033,0.786574,0.086161
ENSG00000172586,2.115791,0.888713,0.725254,0.331411
ENSG00000172594,3.304559,0.222575,0.729502,0.082838
ENSG00000172602,4.262600,0.597978,0.851328,0.201676
ENSG00000172663,1.426651,0.110812,0.769562,0.143161
ENSG00000172671,3.013671,0.263717,0.799106,0.138181
ENSG00000172689,0.073637,-0.235171,0.163457,0.026012
ENSG00000172731,2.840865,-0.018800,0.855214,0.057105
ENSG00000172733,3.775480,3.775480,0.911249,0.911249
ENSG00000172766,4.345505,0.287085,0.938593,0.120818
ENSG00000172789,3.812955,3.076520,0.973539,0.795616
ENSG00000172795,4.451591,0.188873,0.941635,0.084506
ENSG00000172803,3.051336,0.197468,0.794027,0.158438
ENSG00000172817,2.291168,0.339201,0.625677,0.151327
ENSG00000172818,2.514175,0.208782,0.669147,0.181307
ENSG00000172867,1.221430,0.232671,0.367969,0.119802
ENSG00000172878,4.172529,0.567126,0.944856,0.226575
ENSG00000172901,1.824745,0.155549,0.624766,0.096409
ENSG00000172932,3.581382,0.453992,0.761230,0.178157
ENSG00000172985,2.901815,-0.112822,0.702163,0.042065
ENSG00000172987,4.693118,0.213370,0.972272,0.150816
ENSG00000173011,4.357609,0.171507,0.897691,0.114361
ENSG00000173020,4.430075,0.350335,0.904543,0.165777
ENSG00000173040,1.247053,-0.106540,0.556852,0.046151
ENSG00000173083,2.546641,0.159983,0.676979,0.084889
ENSG00000173085,3.369188,0.228872,0.681415,0.102249
ENSG00000173093,1.156365,0.004808,0.540320,0.061237
ENSG00000173113,3.210948,1.857300,0.843400,0.516935
ENSG00000173137,1.867161,0.000646,0.607522,0.109356
ENSG00000173145,3.921839,0.435172,0.896816,0.131004
ENSG00000173153,3.487662,0.467547,0.834124,0.171309
ENSG00000173156,1.862187,-0.020117,0.647449,0.063453
ENSG00000173171,1.863861,0.703391,0.558458,0.245998
ENSG00000173175,4.375385,0.039506,0.884819,0.073150
ENSG00000173208,4.414722,0.284593,0.902894,0.122767
ENSG00000173210,4.866799,0.193066,0.946554,0.106795
ENSG00000173212,2.424400,-0.037071,0.703278,0.053959
ENSG00000173218,4.174295,0.053863,0.863598,0.075266
ENSG00000173221,1.834607,-0.022271,0.630500,0.059005
ENSG00000173227,4.074277,0.202642,0.869641,0.100401
ENSG00000173239,2.600932,0.150012,0.632753,0.069051
ENSG00000173250,2.641290,2.641290,0.766982,0.766982
ENSG00000173253,3.188672,0.983717,0.771980,0.317552
ENSG00000173258,0.883133,0.136120,0.306365,0.084003
ENSG00000173264,2.834743,1.306180,0.842755,0.429390
ENSG00000173267,3.211054,-0.101168,0.696913,0.077452
ENSG00000173281,3.170880,3.170880,0.741437,0.741437
ENSG00000173320,4.242309,0.160837,0.887214,0.098891
ENSG00000173327,2.997465,0.506808,0.786998,0.197475
ENSG00000173334,3.262440,1.001060,0.753242,0.336707
ENSG00000173369,1.626111,0.541466,0.451894,0.194936
ENSG00000173389,0.496938,0.064781,0.337840,0.192984
ENSG00000173402,3.912387,0.522863,0.809419,0.159564
ENSG00000173406,4.875793,0.082706,0.973409,0.098235
ENSG00000173409,3.456970,0.203452,0.777289,0.082316
ENSG00000173421,0.903518,0.092210,0.387331,0.155840
ENSG00000173456,2.382180,2.382180,0.681843,0.681843
ENSG00000173473,4.183103,0.067728,0.893404,0.074746
ENSG00000173486,3.509619,0.926364,0.915068,0.295905
ENSG00000173540,4.659464,2.729200,0.915762,0.562780
ENSG00000173597,2.015793,0.079556,0.562413,0.087535
ENSG00000173612,2.119744,0.250564,0.646077,0.155527
ENSG00000173621,1.712698,1.208410,0.569161,0.449218
ENSG00000173626,4.012180,0.196676,0.921063,0.094029
ENSG00000173641,3.430850,0.434084,0.863308,0.207649
ENSG00000173653,3.378462,1.448490,0.884109,0.422718
ENSG00000173702,-0.442855,-0.053782,0.162206,0.039113
ENSG00000173705,1.668330,0.115017,0.539043,0.097937
ENSG00000173715,0.962905,0.159267,0.502866,0.139620
ENSG00000173726,4.827212,0.104451,0.947986,0.066350
ENSG00000173728,0.926867,-0.003123,0.459088,0.050765
ENSG00000173769,1.622792,0.209917,0.596327,0.131906
ENSG00000173846,3.273893,1.409410,0.758173,0.377326
ENSG00000173848,3.634376,0.277542,0.787114,0.113101
ENSG00000173905,2.652666,0.092021,0.718032,0.078897
ENSG00000173926,4.414587,0.196624,0.927817,0.137645
ENSG00000173930,2.180915,0.105947,0.663849,0.079920
ENSG00000173947,1.321736,0.177619,0.542377,0.098703
ENSG00000173960,2.558257,0.089030,0.797426,0.112778
ENSG00000173992,3.230461,0.190681,0.794335,0.091425
ENSG00000174004,2.050928,0.572241,0.554335,0.190075
ENSG00000174007,3.455736,1.739290,0.864964,0.452345
ENSG00000174013,4.650518,0.374785,0.944431,0.124699
ENSG00000174015,1.001128,0.135881,0.511806,0.110895
ENSG00000174059,0.981257,0.098865,0.487135,0.090313
ENSG00000174080,2.250368,0.684836,0.656774,0.247666
ENSG00000174106,3.113904,0.277691,0.831597,0.148518
ENSG00000174136,3.175764,0.412472,0.778314,0.183110
ENSG00000174145,4.688261,0.174879,0.901965,0.091610
ENSG00000174206,4.919068,0.415268,0.948058,0.132830
ENSG00000174243,5.060581,0.942330,0.929898,0.219262
ENSG00000174279,3.462564,1.571310,0.830636,0.430045
ENSG00000174307,3.440230,3.440230,0.910360,0.910360
ENSG00000174332,2.464796,0.062576,0.732410,0.096273
ENSG00000174343,4.200729,0.394918,0.814381,0.117665
ENSG00000174348,3.417441,0.449858,0.817224,0.184162
ENSG00000174358,3.364098,-0.151432,0.726620,0.081297
ENSG00000174417,4.255711,0.209827,0.883195,0.083891
ENSG00000174429,2.683207,0.344654,0.660431,0.117767
ENSG00000174446,1.997347,0.152424,0.704905,0.099385
ENSG00000174453,5.974127,0.156086,0.988566,0.104907
ENSG00000174473,4.932058,0.046021,0.937474,0.073632
ENSG00000174498,3.347540,0.290566,0.748210,0.162981
ENSG00000174502,3.161362,0.388863,0.812098,0.164184
ENSG00000174514,3.307217,0.077308,0.797249,0.082380
ENSG00000174516,3.964595,0.788109,0.812474,0.207464
ENSG00000174527,3.810880,0.102269,0.797690,0.075166
ENSG00000174547,2.871778,0.544644,0.872273,0.204947
ENSG00000174564,1.603625,0.104879,0.635290,0.117757
ENSG00000174567,3.252717,-0.009240,0.770290,0.050541
ENSG00000174576,2.882504,1.601970,0.848891,0.497098
ENSG00000174579,4.336048,0.245126,0.976715,0.116821
ENSG00000174606,3.027116,0.374906,0.865667,0.154247
ENSG00000174611,2.535686,0.090086,0.837288,0.089926
ENSG00000174640,3.254861,0.040162,0.751857,0.070132
ENSG00000174669,2.918982,0.466469,0.749963,0.170340
ENSG00000174684,3.185231,2.700110,0.900917,0.765201
ENSG00000174695,5.192765,0.129216,0.941208,0.070311
ENSG00000174697,1.258750,0.214504,0.556304,0.128049
ENSG00000174705,3.214066,0.050008,0.760173,0.071873
ENSG00000174720,3.104826,0.559562,0.720153,0.204023
ENSG00000174738,4.170207,0.306458,0.917316,0.125668
ENSG00000174748,5.547228,1.897050,0.926935,0.364883
ENSG00000174749,2.772483,0.185249,0.694207,0.113719
ENSG00000174775,3.709068,1.224120,0.892561,0.395409
ENSG00000174799,3.247649,0.245423,0.858355,0.113608
ENSG00000174804,4.294612,2.176290,0.847832,0.565289
ENSG00000174839,4.463662,0.261258,0.921140,0.114992
ENSG00000174840,3.313492,1.713560,0.815747,0.432413
ENSG00000174851,3.086154,0.675089,0.864423,0.223157
ENSG00000174871,3.736904,0.505760,0.929687,0.212555
ENSG00000174885,0.365920,-0.123628,0.213010,0.097495
ENSG00000174891,3.385186,0.308956,0.865660,0.140133
ENSG00000174903,5.066152,0.446805,0.917232,0.147186
ENSG00000174945,1.848504,-0.021849,0.610212,0.098666
ENSG00000174946,2.323800,2.323800,0.619625,0.619625
ENSG00000174948,2.882001,0.201978,0.714511,0.123076
ENSG00000174989,2.789762,0.184955,0.806933,0.122272
ENSG00000174996,4.262491,0.925004,0.827295,0.228884
ENSG00000175018,0.913449,0.152300,0.442636,0.161912
ENSG00000175073,4.700037,0.666607,0.966042,0.215094
ENSG00000175077,1.916006,0.584899,0.798127,0.267476
ENSG00000175084,4.219592,0.881033,0.868303,0.264144
ENSG00000175087,5.522288,0.868506,0.967937,0.235289
ENSG00000175097,3.807070,3.807070,0.868906,0.868906
ENSG00000175104,3.958854,0.618452,0.863246,0.166196
ENSG00000175105,3.042593,0.307681,0.865601,0.139975
ENSG00000175137,2.811161,0.122981,0.724623,0.080964
ENSG00000175161,4.902073,0.093010,0.962388,0.093483
ENSG00000175182,3.326824,0.646887,0.873328,0.231205
ENSG00000175183,4.974905,0.392509,0.906503,0.116858
ENSG00000175197,2.587112,2.257350,0.848126,0.742926
ENSG00000175213,0.999891,0.385986,0.357576,0.177848
ENSG00000175224,4.824507,0.366729,0.936298,0.128350
ENSG00000175229,2.691565,1.237650,0.758918,0.356743
ENSG00000175274,4.493368,0.516180,0.900199,0.183055
ENSG00000175279,2.422425,0.034926,0.711677,0.085975
ENSG00000175283,4.210940,4.210940,0.864549,0.864549
ENSG00000175294,0.322555,-0.069773,0.287663,0.101234
ENSG00000175315,0.644711,0.002917,0.389188,0.157251
ENSG00000175336,0.715701,0.488814,0.284630,0.190549
ENSG00000175352,3.006246,0.344133,0.949276,0.151802
ENSG00000175356,3.974502,0.325447,0.858619,0.122841
ENSG00000175376,3.191287,0.903676,0.893945,0.279471
ENSG00000175395,1.152043,0.117309,0.352412,0.090273
ENSG00000175449,2.190787,0.495725,0.585770,0.158711
ENSG00000175463,2.199485,0.353765,0.637853,0.181171
ENSG00000175467,3.024805,0.233165,0.859989,0.160793
ENSG00000175513,0.562382,0.028257,0.341197,0.091518
ENSG00000175535,1.972958,0.119089,0.535652,0.074814
ENSG00000175544,1.691414,0.156513,0.420295,0.128481
ENSG00000175575,3.033172,0.242578,0.933474,0.147383
ENSG00000175581,2.535142,0.158533,0.870299,0.132453
ENSG00000175600,3.205308,0.177120,0.868774,0.124860
ENSG00000175606,2.168251,0.359145,0.583169,0.159687
ENSG00000175634,3.602677,0.745705,0.756751,0.228163
ENSG00000175664,0.725749,-0.014599,0.372104,0.061582
ENSG00000175697,2.120719,0.204669,0.564642,0.129501
ENSG00000175745,5.036501,2.064430,0.928834,0.666424
ENSG00000175756,1.922976,1.051200,0.497627,0.325666
ENSG00000175782,4.528306,0.272905,0.910769,0.108356
ENSG00000175793,4.943000,4.943000,0.923359,0.923359
ENSG00000175877,0.522809,-0.056640,0.309030,0.072257
ENSG00000175879,3.512649,2.720890,0.870779,0.722091
ENSG00000175893,4.485157,0.237944,0.988712,0.116255
ENSG00000175895,5.141270,5.141270,0.947707,0.947707
ENSG00000175920,2.480195,-0.523352,0.678559,0.045396
ENSG00000175946,3.722958,0.858020,0.813376,0.226231
ENSG00000175970,4.048238,0.309175,0.879522,0.104347
ENSG00000175984,3.138331,0.359703,0.803832,0.136156
ENSG00000175985,4.340507,0.155758,0.926300,0.108159
ENSG00000176018,3.332690,0.543014,0.829158,0.155099
ENSG00000176029,0.885625,0.118688,0.329181,0.085130
ENSG00000176055,4.362849,0.389356,0.940466,0.190257
ENSG00000176095,4.539667,0.313719,0.911702,0.105545
ENSG00000176101,2.390480,0.268668,0.789006,0.251537
ENSG00000176171,3.243135,-0.162585,0.754961,0.051396
ENSG00000176248,3.342495,0.169705,0.839960,0.164101
ENSG00000176273,3.079506,0.626110,0.718850,0.185085
ENSG00000176340,1.211778,-0.016224,0.646449,0.103349
ENSG00000176383,1.682962,0.540448,0.442377,0.188866
ENSG00000176393,2.891323,0.113265,0.693299,0.090874
ENSG00000176399,1.723765,0.596367,0.515519,0.198934
ENSG00000176402,2.115757,0.382560,0.548059,0.196928
ENSG00000176422,3.313604,2.030030,0.827676,0.536486
ENSG00000176438,2.018211,-0.106999,0.648525,0.059449
ENSG00000176444,4.824832,1.212090,0.936821,0.316497
ENSG00000176463,4.690460,-0.063264,0.918053,0.052568
ENSG00000176542,2.925727,1.074700,0.794251,0.314590
ENSG00000176623,3.037381,0.250302,0.798353,0.139501
ENSG00000176658,4.605525,0.111534,0.897210,0.090560
ENSG00000176697,5.476190,5.476190,0.950394,0.950394
ENSG00000176720,3.762755,-0.265076,0.858898,0.064921
ENSG00000176742,0.107179,0.107179,0.153206,0.153206
ENSG00000176769,1.911719,-0.287336,0.594229,0.028288
ENSG00000176884,4.638673,0.264896,0.920559,0.164520
ENSG00000176907,3.908080,3.908080,0.842569,0.842569
ENSG00000176915,2.427065,0.100524,0.573743,0.116795
ENSG00000176946,2.228631,-0.050940,0.692797,0.079532
ENSG00000176956,0.313027,-0.300773,0.171960,0.064963
ENSG00000176978,1.476081,0.175470,0.505640,0.207501
ENSG00000177000,4.439499,0.552608,0.871258,0.166181
ENSG00000177034,4.064165,0.743044,0.927986,0.211691
ENSG00000177042,1.078970,-0.218960,0.422119,0.041523
ENSG00000177047,0.054485,0.054485,0.119935,0.119935
ENSG00000177054,3.151561,0.237218,0.871125,0.113430
ENSG00000177058,3.972299,0.270085,0.883262,0.133761
ENSG00000177076,4.935195,0.120343,0.924578,0.082624
ENSG00000177098,2.678049,0.038753,0.760855,0.072412
ENSG00000177105,4.688370,4.688370,0.888728,0.888728
ENSG00000177119,3.700730,0.091054,0.790371,0.079412
ENSG00000177125,4.593950,4.593950,0.900274,0.900274
ENSG00000177144,2.818340,2.818340,0.943282,0.943282
ENSG00000177156,4.245062,0.119619,0.867770,0.101148
ENSG00000177169,3.009054,-0.165049,0.759136,0.111583
ENSG00000177181,4.525567,0.272232,0.929237,0.117429
ENSG00000177192,3.334212,0.152187,0.678386,0.095257
ENSG00000177239,2.821526,-0.021760,0.655048,0.087610
ENSG00000177301,5.423550,5.423550,0.933796,0.933796
ENSG00000177453,4.037155,0.172115,0.820007,0.119894
ENSG00000177468,3.874100,3.874100,0.903282,0.903282
ENSG00000177479,5.665179,0.228225,0.970062,0.095726
ENSG00000177519,4.280840,4.280840,0.906251,0.906251
ENSG00000177551,3.175660,3.175660,0.860316,0.860316
ENSG00000177556,2.835461,0.052792,0.889568,0.057304
ENSG00000177570,3.317991,0.069422,0.739970,0.080717
ENSG00000177613,3.132620,3.132620,0.779943,0.779943
ENSG00000177614,4.345018,-0.103741,0.857311,0.039165
ENSG00000177669,1.797860,0.263022,0.533919,0.126305
ENSG00000177791,3.380993,0.521230,0.867945,0.181984
ENSG00000177875,1.708970,1.708970,0.817981,0.817981
ENSG00000177879,6.003624,0.252741,0.996392,0.122864
ENSG00000177888,3.857271,0.358260,0.862454,0.123118
ENSG00000177889,5.921730,0.183540,0.994713,0.084081
ENSG00000177910,-0.002896,-0.014398,0.072232,0.074787
ENSG00000177917,1.938183,0.132387,0.623695,0.088998
ENSG00000177947,1.022766,-0.082576,0.444923,0.137437
ENSG00000177984,-0.032187,-0.584595,0.101091,0.029250
ENSG00000178028,5.012242,1.112670,0.891644,0.227125
ENSG00000178033,3.222913,0.886848,0.782354,0.262151
ENSG00000178035,4.930719,1.859890,0.897246,0.391737
ENSG00000178053,2.820446,0.185691,0.802623,0.107210
ENSG00000178057,2.309937,1.205930,0.574725,0.343450
ENSG00000178074,3.080092,0.363894,0.796630,0.178126
ENSG00000178105,3.478169,0.156195,0.834609,0.091961
ENSG00000178125,3.461511,0.354952,0.889840,0.199997
ENSG00000178175,3.447133,0.584335,0.737229,0.176587
ENSG00000178177,2.227958,0.314400,0.665095,0.143036
ENSG00000178233,4.192117,1.321540,0.878584,0.326087
ENSG00000178301,1.836014,0.168156,0.644593,0.106076
ENSG00000178307,4.893552,0.063840,0.929915,0.076067
ENSG00000178338,0.694764,0.020344,0.283352,0.073203
ENSG00000178343,3.207651,0.752756,0.828689,0.279390
ENSG00000178401,2.580909,1.012440,0.761703,0.335888
ENSG00000178409,3.763106,0.298340,0.859089,0.201673
ENSG00000178460,3.306761,0.316265,0.911011,0.177031
ENSG00000178462,3.799973,0.445526,0.778818,0.124350
ENSG00000178522,1.306750,0.251718,0.596286,0.111997
ENSG00000178537,4.773833,0.150666,0.908628,0.102644
ENSG00000178538,4.918683,0.084710,0.941966,0.069110
ENSG00000178562,1.784108,0.225515,0.676953,0.108396
ENSG00000178602,2.630774,0.329476,0.766581,0.199766
ENSG00000178662,4.397883,0.202672,0.894532,0.103194
ENSG00000178691,5.161084,0.261988,0.980874,0.113985
ENSG00000178694,2.838399,0.208377,0.761997,0.115275
ENSG00000178776,0.916606,0.006252,0.439276,0.034050
ENSG00000178795,1.327381,0.148761,0.502899,0.124703
ENSG00000178796,1.405117,0.068615,0.725833,0.090379
ENSG00000178802,3.832706,0.674334,0.797200,0.173489
ENSG00000178804,0.343644,-0.138925,0.186912,0.043462
ENSG00000178821,0.613454,0.157576,0.300317,0.175887
ENSG00000178826,0.853904,0.650830,0.356080,0.283308
ENSG00000178860,2.511016,1.108140,0.518795,0.275189
ENSG00000178882,3.146559,-0.173196,0.826022,0.052974
ENSG00000178965,0.701757,0.190040,0.288120,0.117770
ENSG00000178988,0.983635,0.983635,0.639911,0.639911
ENSG00000178997,1.677128,0.103005,0.631384,0.110644
ENSG00000179002,1.319794,0.070598,0.433964,0.081541
ENSG00000179008,1.691820,0.259996,0.804978,0.139294
ENSG00000179021,2.609395,0.366952,0.714901,0.140460
ENSG00000179041,3.221330,3.221330,0.847831,0.847831
ENSG00000179046,0.222159,-0.063439,0.192664,0.044197
ENSG00000179051,4.276508,0.024378,0.794831,0.082814
ENSG00000179057,1.515527,0.341063,0.648133,0.181100
ENSG00000179091,3.035482,1.248940,0.720282,0.346305
ENSG00000179104,4.535730,0.127828,0.902160,0.098170
ENSG00000179119,2.405383,0.317032,0.636775,0.138310
ENSG00000179151,4.285203,0.224440,0.895853,0.095992
ENSG00000179152,3.294838,0.119324,0.789378,0.104760
ENSG00000179241,3.811876,0.018153,0.849304,0.082613
ENSG00000179256,2.327890,2.327890,0.875865,0.875865
ENSG00000179270,1.241338,0.513894,0.397318,0.218897
ENSG00000179292,3.577214,1.386090,0.841443,0.360775
ENSG00000179299,1.954256,0.218008,0.651397,0.148087
ENSG00000179331,4.315565,0.176104,0.926016,0.101971
ENSG00000179364,3.820934,-0.234280,0.796110,0.064447
ENSG00000179388,3.876371,2.259790,0.941037,0.650525
ENSG00000179397,0.657624,0.083966,0.344679,0.117172
ENSG00000179455,2.094770,2.094770,0.571791,0.571791
ENSG00000179456,5.558298,3.429400,0.977497,0.787695
ENSG00000179476,4.394453,1.019950,0.988087,0.280496
ENSG00000179526,0.989050,0.130543,0.396123,0.115216
ENSG00000179528,1.941274,0.534905,0.519872,0.216131
ENSG00000179562,3.076572,2.292850,0.793434,0.600839
ENSG00000179564,1.077599,-0.093102,0.451128,0.058660
ENSG00000179580,1.891033,0.589131,0.687204,0.266057
ENSG00000179639,0.211653,-0.004149,0.206402,0.052263
ENSG00000179715,1.067690,1.067690,0.379978,0.379978
ENSG00000179813,0.712906,0.091113,0.361312,0.075246
ENSG00000179817,-0.438122,-0.438122,0.126059,0.126059
ENSG00000179869,1.119158,-0.087926,0.365801,0.054519
ENSG00000179902,1.482160,0.161594,0.633373,0.089475
ENSG00000179914,1.464563,0.005925,0.600057,0.086465
ENSG00000179930,0.521985,0.521985,0.225897,0.225897
ENSG00000179941,1.472605,1.247350,0.529329,0.458643
ENSG00000179988,1.793431,0.207788,0.526522,0.094008
ENSG00000180053,1.403289,0.056004,0.356620,0.096541
ENSG00000180098,4.320073,0.136378,0.940865,0.100422
ENSG00000180116,0.902791,0.096509,0.365498,0.146299
ENSG00000180176,2.566602,-0.058296,0.758912,0.166262
ENSG00000180185,3.686470,3.686470,0.792374,0.792374
ENSG00000180198,4.287623,0.700090,0.866067,0.190325
ENSG00000180219,0.551037,0.357210,0.322183,0.204856
ENSG00000180233,2.922426,0.144021,0.736577,0.087026
ENSG00000180251,2.925741,0.056105,0.696099,0.065916
ENSG00000180263,2.717783,0.185710,0.685654,0.099811
ENSG00000180316,1.318576,0.006115,0.439627,0.052518
ENSG00000180332,4.931940,4.931940,0.975485,0.975485
ENSG00000180357,4.379465,0.292614,0.877609,0.158168
ENSG00000180423,3.812398,0.343247,0.878723,0.137080
ENSG00000180432,2.704510,2.704510,0.632701,0.632701
ENSG00000180481,0.769836,0.151422,0.366954,0.099643
ENSG00000180537,3.565150,3.565150,0.835802,0.835802
ENSG00000180549,0.755564,0.517156,0.356599,0.287536
ENSG00000180573,4.680810,4.680810,0.837215,0.837215
ENSG00000180611,4.998429,0.073508,0.928455,0.070711
ENSG00000180613,3.009509,1.682570,0.732290,0.444049
ENSG00000180628,5.382583,0.196335,0.984084,0.081231
ENSG00000180638,1.457241,-0.032971,0.435299,0.139986
ENSG00000180644,1.055687,0.538977,0.373092,0.222331
ENSG00000180660,6.105520,6.105520,0.961054,0.961054
ENSG00000180667,3.810782,2.005060,0.830774,0.466474
ENSG00000180697,-0.071014,-0.370406,0.160244,0.027122
ENSG00000180730,3.657856,0.572646,0.828344,0.196351
ENSG00000180745,0.894211,-0.251802,0.369149,0.032579
ENSG00000180758,3.158119,0.007623,0.730511,0.072671
ENSG00000180767,3.047055,0.041736,0.761199,0.075312
ENSG00000180773,3.197116,0.228257,0.830646,0.089237
ENSG00000180801,3.683532,0.178399,0.769090,0.088134
ENSG00000180806,4.668157,2.140840,0.968354,0.638033
ENSG00000180875,3.939990,3.939990,0.871583,0.871583
ENSG00000180878,1.727096,0.487881,0.825485,0.211067
ENSG00000180881,2.108905,0.145748,0.726088,0.082089
ENSG00000180934,0.164719,0.164719,0.164068,0.164068
ENSG00000180938,1.233808,0.915067,0.288971,0.226655
ENSG00000181072,4.693490,4.693490,0.902539,0.902539
ENSG00000181085,1.205828,-0.024906,0.417719,0.134601
ENSG00000181092,2.566451,1.130990,0.603672,0.283649
ENSG00000181104,2.207787,0.130931,0.551302,0.070871
ENSG00000181135,-0.078668,-0.438200,0.167324,0.057263
ENSG00000181218,4.097960,4.097960,0.870985,0.870985
ENSG00000181220,0.984745,0.016643,0.434617,0.084641
ENSG00000181234,2.766443,-0.159995,0.677739,0.043828
ENSG00000181264,3.727201,1.000120,0.825544,0.271657
ENSG00000181291,3.328233,0.100033,0.812275,0.098397
ENSG00000181333,3.075788,0.210723,0.755627,0.102604
ENSG00000181381,1.009479,0.083624,0.458862,0.103758
ENSG00000181418,0.687505,0.674702,0.366489,0.352214
ENSG00000181472,4.276859,0.670562,0.843738,0.181843
ENSG00000181541,5.967880,5.967880,0.950312,0.950312
ENSG00000181617,0.186925,0.053999,0.130624,0.078101
ENSG00000181631,1.882600,1.297200,0.460912,0.334055
ENSG00000181634,1.674111,0.047975,0.596232,0.062052
ENSG00000181652,2.774772,0.855327,0.745440,0.277057
ENSG00000181690,4.560523,3.870760,0.925730,0.876783
ENSG00000181744,5.187198,0.481322,0.979820,0.150987
ENSG00000181754,2.177370,2.177370,0.560729,0.560729
ENSG00000181773,3.074680,3.074680,0.742666,0.742666
ENSG00000181778,1.185897,0.260699,0.418815,0.119933
ENSG00000181790,3.177816,-0.371219,0.789657,0.070232
ENSG00000181817,3.633660,3.633660,0.819523,0.819523
ENSG00000181873,1.526954,-0.117254,0.451740,0.059838
ENSG00000181904,4.442390,4.442390,0.951475,0.951475
ENSG00000181982,3.212702,0.088568,0.722471,0.091511
ENSG00000182010,2.709214,0.299311,0.751869,0.136047
ENSG00000182054,4.361274,0.212765,0.807329,0.092335
ENSG00000182077,1.323243,0.318744,0.493525,0.159052
ENSG00000182117,4.222805,0.751908,0.899146,0.212722
ENSG00000182132,5.246334,0.044959,0.934978,0.070381
ENSG00000182134,2.400707,0.597366,0.755641,0.242441
ENSG00000182168,4.484967,0.217136,0.871373,0.125142
ENSG00000182179,2.081054,0.912552,0.532963,0.277528
ENSG00000182180,3.145927,0.782861,0.820628,0.232725
ENSG00000182183,2.268774,0.147610,0.648854,0.099855
ENSG00000182208,3.397749,-0.309209,0.830844,0.050847
ENSG00000182223,1.565535,0.314909,0.390716,0.135874
ENSG00000182263,5.121934,0.644506,0.955686,0.231547
ENSG00000182271,1.493184,0.169329,0.576140,0.095034
ENSG00000182272,2.262314,0.177986,0.597151,0.175690
ENSG00000182307,0.476852,0.116840,0.326482,0.154597
ENSG00000182325,0.956833,0.409074,0.439781,0.268216
ENSG00000182333,1.675054,0.105355,0.464208,0.069716
ENSG00000182348,1.831303,0.054874,0.528521,0.076172
ENSG00000182359,3.890035,1.236620,0.919196,0.317082
ENSG00000182372,3.012806,0.148567,0.662182,0.090423
ENSG00000182447,2.293234,0.673103,0.568809,0.240587
ENSG00000182504,2.732728,0.271386,0.702093,0.167101
ENSG00000182533,4.241409,0.068242,0.891101,0.082394
ENSG00000182552,4.038361,0.151187,0.917278,0.071422
ENSG00000182568,5.332404,0.886457,0.958305,0.289701
ENSG00000182645,2.008466,0.213476,0.779875,0.125724
ENSG00000182685,1.057964,0.376534,0.347855,0.210528
ENSG00000182698,0.374677,0.069495,0.224640,0.069713
ENSG00000182704,2.914210,2.914210,0.723684,0.723684
ENSG00000182732,5.127888,0.066801,0.938648,0.077059
ENSG00000182747,3.188972,1.646440,0.807366,0.462731
ENSG00000182752,4.079825,0.187506,0.880363,0.121246
ENSG00000182768,1.193615,0.151592,0.474680,0.096063
ENSG00000182771,4.768004,-0.010466,0.911255,0.076130
ENSG00000182795,1.068737,0.418882,0.384296,0.177554
ENSG00000182827,4.185695,0.197769,0.890091,0.088323
ENSG00000182866,4.026558,0.568818,0.832268,0.159015
ENSG00000182901,5.203658,0.042479,0.962764,0.054835
ENSG00000182934,4.413993,1.816990,0.905049,0.402840
ENSG00000182950,1.249602,0.218275,0.520975,0.146982
ENSG00000183049,4.675168,-0.043920,0.883569,0.048481
ENSG00000183090,2.403944,0.191379,0.648250,0.112660
ENSG00000183128,2.920059,0.512745,0.702723,0.182841
ENSG00000183155,3.934881,0.143424,0.884130,0.085849
ENSG00000183166,4.895691,-0.006073,0.920171,0.058728
ENSG00000183185,2.921418,0.170076,0.765750,0.088080
ENSG00000183273,1.282030,0.019621,0.568182,0.068137
ENSG00000183283,4.007487,0.705602,0.946318,0.220448
ENSG00000183317,2.810244,0.175995,0.745431,0.111274
ENSG00000183323,1.793735,0.162056,0.643660,0.111951
ENSG00000183324,1.377813,0.123242,0.513976,0.122617
ENSG00000183347,1.071810,0.026660,0.429025,0.119756
ENSG00000183379,3.485745,1.109770,0.805087,0.283845
ENSG00000183386,4.469239,1.940340,0.930313,0.437294
ENSG00000183395,2.503494,1.315590,0.844194,0.436917
ENSG00000183396,0.769705,0.397450,0.408893,0.253659
ENSG00000183423,2.516863,0.276867,0.596550,0.145451
ENSG00000183508,4.586570,4.586570,0.869043,0.869043
ENSG00000183513,3.022835,0.096297,0.911563,0.053415
ENSG00000183520,3.824017,0.573064,0.902925,0.233731
ENSG00000183560,2.361247,0.749015,0.549928,0.214552
ENSG00000183576,4.318105,-0.004968,0.839475,0.071723
ENSG00000183578,4.399301,0.135350,0.930959,0.087763
ENSG00000183580,5.099611,0.032853,0.932116,0.068194
ENSG00000183607,1.251425,0.061463,0.598857,0.077782
ENSG00000183615,3.222638,1.414140,0.776597,0.352581
ENSG00000183621,1.552625,0.199887,0.415700,0.105029
ENSG00000183638,0.220601,0.077805,0.168574,0.092888
ENSG00000183644,1.073144,0.234959,0.489209,0.104759
ENSG00000183648,3.124566,0.451913,0.829259,0.145117
ENSG00000183715,4.364663,0.006561,0.924105,0.081432
ENSG00000183722,5.109340,0.063018,0.925102,0.068144
ENSG00000183733,1.266179,0.082114,0.587571,0.072902
ENSG00000183742,2.942948,0.458471,0.738466,0.142119
ENSG00000183751,3.111121,0.967407,0.746436,0.300257
ENSG00000183775,5.037390,0.154215,0.933750,0.100565
ENSG00000183779,2.927181,1.930500,0.810906,0.556373
ENSG00000183780,4.427942,-0.028230,0.906626,0.056276
ENSG00000183807,1.475972,0.152964,0.582961,0.141530
ENSG00000183813,2.454770,2.454770,0.607509,0.607509
ENSG00000183814,4.848138,0.203611,0.968089,0.137064
ENSG00000183831,1.636942,0.145304,0.721516,0.183747
ENSG00000183833,2.485699,0.231342,0.719677,0.102153
ENSG00000183840,2.694006,0.084223,0.658145,0.097480
ENSG00000183856,3.208477,0.297894,0.698696,0.118222
ENSG00000183888,0.362473,-0.050256,0.215821,0.070111
ENSG00000183908,2.191342,0.310667,0.642875,0.147584
ENSG00000183960,4.159310,0.103124,0.873123,0.088453
ENSG00000183977,0.808058,0.144008,0.348461,0.105808
ENSG00000184108,0.830926,0.020380,0.301918,0.075632
ENSG00000184163,0.728758,-0.255992,0.346383,0.091153
ENSG00000184209,3.853350,3.853350,0.791176,0.791176
ENSG00000184220,3.025019,0.285615,0.871231,0.138511
ENSG00000184232,3.362441,0.021965,0.812242,0.078214
ENSG00000184260,3.901780,3.901780,0.819119,0.819119
ENSG00000184271,3.589705,0.476251,0.852201,0.161334
ENSG00000184302,5.215970,2.098410,0.937756,0.412250
ENSG00000184305,2.630272,0.055682,0.770198,0.073689
ENSG00000184307,3.390447,0.446164,0.780200,0.150016
ENSG00000184344,1.743960,0.348850,0.521933,0.147945
ENSG00000184345,0.607321,0.186883,0.412998,0.140810
ENSG00000184347,3.999067,0.139299,0.857085,0.110596
ENSG00000184349,5.460949,0.391665,0.981653,0.193968
ENSG00000184357,2.174830,2.174830,0.663860,0.663860
ENSG00000184371,1.007854,0.163862,0.501435,0.126884
ENSG00000184374,3.346803,0.133449,0.857430,0.082673
ENSG00000184378,2.591917,1.302970,0.631689,0.349626
ENSG00000184384,2.546780,0.198649,0.785039,0.127137
ENSG00000184434,1.636750,0.535483,0.638975,0.225929
ENSG00000184445,2.809186,0.202852,0.794080,0.106013
ENSG00000184454,2.063083,0.057936,0.800003,0.069768
ENSG00000184500,2.716736,0.128590,0.736126,0.090895
ENSG00000184564,3.715730,3.715730,0.866844,0.866844
ENSG00000184574,1.561730,1.561730,0.527158,0.527158
ENSG00000184584,1.292414,0.265170,0.485694,0.136769
ENSG00000184601,-0.321533,-0.842913,0.051935,0.015753
ENSG00000184611,4.651308,0.144545,0.943127,0.084536
ENSG00000184661,0.633990,0.048070,0.281637,0.072984
ENSG00000184677,2.522493,0.378393,0.730010,0.176666
ENSG00000184719,2.791906,0.184317,0.774480,0.110467
ENSG00000184752,3.753722,0.111987,0.863476,0.085805
ENSG00000184786,1.559074,0.021191,0.696239,0.064698
ENSG00000184840,4.288924,0.950586,0.816719,0.214489
ENSG00000184845,4.566730,4.566730,0.879737,0.879737
ENSG00000184887,3.979829,3.279920,0.813025,0.687271
ENSG00000184898,0.753130,0.070560,0.351803,0.065253
ENSG00000184903,3.708766,0.144506,0.874836,0.096282
ENSG00000184916,2.354786,-0.325928,0.656534,0.121052
ENSG00000184923,0.131859,-0.052333,0.168614,0.066493
ENSG00000184924,2.926042,0.401293,0.736697,0.142854
ENSG00000184925,-0.754619,-0.818654,0.029130,0.009964
ENSG00000184937,4.008288,0.252296,0.864849,0.125089
ENSG00000184945,0.625433,-0.516733,0.311797,0.052459
ENSG00000184992,2.774589,-0.028670,0.736859,0.053240
ENSG00000185000,2.075254,-0.123256,0.655276,0.116211
ENSG00000185002,3.905703,0.384879,0.819207,0.128804
ENSG00000185009,5.177833,0.607275,0.962370,0.174691
ENSG00000185024,3.002136,-0.079416,0.738095,0.061448
ENSG00000185033,2.487806,0.142635,0.628195,0.111839
ENSG00000185043,3.641818,0.535983,0.822370,0.167909
ENSG00000185055,1.124822,0.034128,0.506323,0.078506
ENSG00000185069,1.792820,0.388794,0.466968,0.123473
ENSG00000185085,3.403078,1.714750,0.861030,0.494254
ENSG00000185090,3.544159,0.877850,0.803323,0.257927
ENSG00000185100,4.517501,-0.205766,0.851822,0.065898
ENSG00000185104,4.860120,0.287029,0.984584,0.162216
ENSG00000185127,2.903110,2.903110,0.559161,0.559161
ENSG00000185149,3.494500,3.494500,0.798582,0.798582
ENSG00000185155,0.910403,0.172152,0.335691,0.118476
ENSG00000185163,1.905753,0.396809,0.526769,0.227291
ENSG00000185176,1.120470,-0.359893,0.419109,0.065434
ENSG00000185219,0.425226,0.121560,0.244731,0.114794
ENSG00000185220,1.008787,0.323442,0.635256,0.262586
ENSG00000185238,3.617106,0.189967,0.880741,0.111993
ENSG00000185246,4.456259,0.776878,0.953660,0.197476
ENSG00000185261,2.687331,0.394164,0.855313,0.175818
ENSG00000185267,2.800329,0.158823,0.678212,0.089875
ENSG00000185271,1.730102,0.661940,0.583962,0.243466
ENSG00000185278,4.731123,0.561827,0.906953,0.206361
ENSG00000185305,4.878168,0.190176,0.957556,0.114062
ENSG00000185313,3.086534,0.236459,0.639940,0.103760
ENSG00000185344,3.909018,0.125989,0.778975,0.083479
ENSG00000185352,3.947798,0.170292,0.832055,0.122794
ENSG00000185414,2.766909,0.180499,0.769201,0.105418
ENSG00000185436,0.532381,0.011382,0.310979,0.078185
ENSG00000185467,2.261980,0.064442,0.564907,0.069299
ENSG00000185480,2.324131,0.202414,0.730440,0.122278
ENSG00000185483,4.303680,0.159597,0.839141,0.105862
ENSG00000185499,-0.170924,-0.749739,0.180213,0.059014
ENSG00000185518,4.171585,0.136256,0.864105,0.071832
ENSG00000185519,1.573881,-0.107867,0.604985,0.064812
ENSG00000185532,5.641558,0.052003,0.960962,0.066820
ENSG00000185559,2.684521,0.309078,0.740303,0.179843
ENSG00000185585,3.477592,0.215832,0.724966,0.105535
ENSG00000185591,3.085982,0.284661,0.814040,0.163502
ENSG00000185610,2.350260,0.277545,0.689244,0.113601
ENSG00000185614,2.037726,1.300600,0.598497,0.434207
ENSG00000185633,2.887616,0.330563,0.873326,0.198086
ENSG00000185634,2.746846,0.129581,0.785216,0.089401
ENSG00000185640,1.966284,0.223930,0.541300,0.097141
ENSG00000185652,4.138948,0.043345,0.871836,0.097412
ENSG00000185662,0.698617,0.059523,0.407087,0.085141
ENSG00000185670,2.290340,2.290340,0.629803,0.629803
ENSG00000185697,3.981017,0.399890,0.951730,0.163432
ENSG00000185736,3.755443,-0.113862,0.835384,0.065156
ENSG00000185742,2.690140,2.690140,0.776765,0.776765
ENSG00000185774,4.914602,-0.009933,0.949320,0.053885
ENSG00000185798,3.012147,0.532113,0.768400,0.171022
ENSG00000185860,0.351840,0.026606,0.244830,0.066867
ENSG00000185863,0.060059,-0.351570,0.159039,0.093395
ENSG00000185896,1.521899,-0.151972,0.469316,0.043523
ENSG00000185909,3.703109,1.563170,0.821708,0.390741
ENSG00000185933,3.623634,0.970996,0.777599,0.258629
ENSG00000185942,4.407571,0.071594,0.939758,0.079824
ENSG00000185989,4.371362,-0.252438,0.907188,0.055280
ENSG00000186007,0.476113,0.004531,0.342112,0.089474
ENSG00000186009,2.486329,-0.176319,0.740709,0.084190
ENSG00000186038,1.473265,0.207456,0.468199,0.115608
ENSG00000186073,5.004624,0.569061,0.969167,0.222970
ENSG00000186106,5.334488,0.539284,0.942709,0.129526
ENSG00000186130,3.202080,3.202080,0.832921,0.832921
ENSG00000186166,2.602782,0.334190,0.790244,0.234274
ENSG00000186174,3.110431,1.293590,0.846932,0.397419
ENSG00000186188,2.101643,0.045948,0.705498,0.070973
ENSG00000186193,1.352668,-0.083514,0.516948,0.117752
ENSG00000186197,2.758370,-0.022049,0.697195,0.057968
ENSG00000186198,0.760327,-0.009619,0.347690,0.063663
ENSG00000186231,4.894392,0.287108,0.935271,0.140884
ENSG00000186265,0.485649,0.055883,0.282781,0.051762
ENSG00000186318,4.812794,0.306894,0.906876,0.111726
ENSG00000186334,2.554030,0.141667,0.703753,0.074191
ENSG00000186350,4.493829,-0.613179,0.882922,0.029949
ENSG00000186367,2.194293,0.163956,0.713467,0.116439
ENSG00000186377,2.018854,0.217130,0.536198,0.116228
ENSG00000186442,1.851352,0.488900,0.515060,0.175144
ENSG00000186468,5.463175,0.805383,0.929646,0.201810
ENSG00000186479,4.769906,0.199289,0.944451,0.101531
ENSG00000186501,3.788183,0.392880,0.856903,0.172445
ENSG00000186583,0.412240,-0.237114,0.285392,0.072651
ENSG00000186591,5.599573,0.158831,0.977685,0.103117
ENSG00000186603,2.126950,2.126950,0.623611,0.623611
ENSG00000186638,1.897455,0.293083,0.550421,0.157165
ENSG00000186648,2.620275,0.753273,0.844663,0.282425
ENSG00000186660,3.601068,0.193457,0.912860,0.092436
ENSG00000186684,2.696228,0.080301,0.777371,0.103130
ENSG00000186687,2.572642,0.104959,0.926830,0.089512
ENSG00000186710,0.927267,-0.034569,0.458341,0.081429
ENSG00000186766,1.472479,0.517489,0.362583,0.210085
ENSG00000186795,1.701025,0.038766,0.481217,0.065363
ENSG00000186827,-0.254936,-0.711022,0.096959,0.037761
ENSG00000186854,2.219816,0.113605,0.648424,0.074118
ENSG00000186867,3.282902,0.086147,0.764685,0.074356
ENSG00000186881,0.590024,0.590024,0.195394,0.195394
ENSG00000186891,-0.394877,-0.716129,0.068672,0.024244
ENSG00000186895,2.948953,-0.151689,0.725704,0.075218
ENSG00000186907,2.517039,0.246540,0.700390,0.159986
ENSG00000186908,5.708336,0.284327,0.979300,0.121306
ENSG00000186910,1.474312,0.154395,0.427350,0.097372
ENSG00000187003,2.592230,2.592230,0.626358,0.626358
ENSG00000187024,2.192589,0.961563,0.664534,0.319823
ENSG00000187033,1.852905,0.372637,0.611459,0.155888
ENSG00000187048,1.793591,-0.222627,0.498834,0.079338
ENSG00000187049,2.984901,0.278982,0.887605,0.125640
ENSG00000187054,1.677707,0.082655,0.547825,0.065989
ENSG00000187068,4.188131,0.139182,0.875998,0.110475
ENSG00000187091,3.275066,0.312947,0.752792,0.125511
ENSG00000187094,2.506370,0.062132,0.674905,0.068835
ENSG00000187098,4.695503,0.179453,0.917306,0.110413
ENSG00000187109,5.460691,0.444437,0.987866,0.166271
ENSG00000187118,3.645796,0.142826,0.927022,0.098239
ENSG00000187151,2.804171,0.285505,0.818748,0.112525
ENSG00000187164,2.949041,0.274309,0.892556,0.147855
ENSG00000187186,1.873690,1.018840,0.940215,0.538554
ENSG00000187258,2.620520,0.050485,0.834376,0.088759
ENSG00000187260,2.547465,-0.088138,0.835030,0.067761
ENSG00000187288,2.761509,0.150992,0.696908,0.088941
ENSG00000187398,2.592977,-0.028008,0.736345,0.048221
ENSG00000187498,2.976463,-0.142777,0.722982,0.055424
ENSG00000187527,2.552547,0.130092,0.688711,0.079418
ENSG00000187566,2.332230,2.332230,0.643347,0.643347
ENSG00000187583,0.123696,-0.367525,0.165874,0.066834
ENSG00000187605,2.970791,0.171243,0.752980,0.104345
ENSG00000187616,4.351973,-0.139521,0.868814,0.075614
ENSG00000187642,0.004314,-0.284642,0.163455,0.091341
ENSG00000187676,3.220117,0.047698,0.773066,0.090668
ENSG00000187713,4.081600,4.081600,0.941284,0.941284
ENSG00000187715,3.901594,0.199989,0.824150,0.118557
ENSG00000187735,4.714399,0.236668,0.962842,0.123119
ENSG00000187736,1.921056,0.386689,0.660824,0.180578
ENSG00000187778,4.509635,0.830408,0.939867,0.239155
ENSG00000187783,1.859830,-0.092922,0.645513,0.043647
ENSG00000187796,1.966264,-0.110394,0.688097,0.159019
ENSG00000187801,0.697429,0.132555,0.240489,0.082503
ENSG00000187806,0.666736,0.162922,0.410302,0.092917
ENSG00000187821,3.769709,1.404110,0.875227,0.378188
ENSG00000187833,0.555634,0.059869,0.270212,0.094538
ENSG00000187862,1.274239,0.329025,0.469799,0.182261
ENSG00000187871,1.720116,0.059134,0.627476,0.075617
ENSG00000187889,0.778409,0.024534,0.409692,0.057829
ENSG00000187954,3.611124,0.015021,0.796980,0.106897
ENSG00000187957,3.303928,0.002460,0.763140,0.056002
ENSG00000188010,2.711288,0.344456,0.816124,0.121202
ENSG00000188015,1.526776,0.346800,0.617102,0.247186
ENSG00000188026,3.874400,0.009177,0.885996,0.090202
ENSG00000188060,2.146906,0.627717,0.544192,0.229264
ENSG00000188089,1.651064,0.041451,0.574765,0.064434
ENSG00000188112,0.810617,0.021848,0.355781,0.080147
ENSG00000188133,3.009280,3.009280,0.885840,0.885840
ENSG00000188175,2.681167,0.314775,0.854799,0.128735
ENSG00000188177,3.167305,0.338978,0.806678,0.132215
ENSG00000188191,4.544171,-0.189136,0.888951,0.046759
ENSG00000188199,-0.022476,-0.251544,0.119755,0.042218
ENSG00000188243,3.612569,0.190796,0.840698,0.079274
ENSG00000188257,-0.366472,-0.284398,0.195419,0.040209
ENSG00000188277,1.869370,1.869370,0.747573,0.747573
ENSG00000188282,0.942689,-0.003540,0.412036,0.069308
ENSG00000188306,1.214927,0.136378,0.444738,0.079748
ENSG00000188312,1.444270,0.123237,0.555911,0.115917
ENSG00000188342,4.617656,0.147374,0.959254,0.089359
ENSG00000188393,-0.016870,0.038313,0.151707,0.055758
ENSG00000188467,3.803408,0.412760,0.863021,0.140198
ENSG00000188487,4.158136,0.113494,0.901703,0.076793
ENSG00000188522,2.488291,0.014252,0.621691,0.084690
ENSG00000188523,1.778273,0.032583,0.719411,0.093188
ENSG00000188529,4.637973,0.979812,0.982706,0.278435
ENSG00000188610,4.380227,0.390482,0.943351,0.191406
ENSG00000188611,2.990098,0.159480,0.732683,0.070590
ENSG00000188620,3.072875,1.991390,0.843102,0.591701
ENSG00000188643,2.023808,0.937348,0.826139,0.429966
ENSG00000188676,2.127899,0.018196,0.611220,0.077052
ENSG00000188690,1.962551,-0.039397,0.645950,0.041552
ENSG00000188716,3.000063,0.193129,0.713541,0.115943
ENSG00000188729,2.224996,0.037603,0.749143,0.056658
ENSG00000188730,3.825903,-0.098688,0.847637,0.042515
ENSG00000188732,3.199168,0.217155,0.818920,0.101037
ENSG00000188760,3.819161,0.928284,0.868694,0.238379
ENSG00000188761,0.916975,0.138026,0.455290,0.095309
ENSG00000188778,2.710523,1.387650,0.583424,0.327271
ENSG00000188779,2.581757,1.101710,0.675499,0.353446
ENSG00000188782,1.266554,0.172850,0.563651,0.126983
ENSG00000188783,3.129338,0.921723,0.746319,0.246627
ENSG00000188784,1.354698,-0.064464,0.513378,0.084822
ENSG00000188786,4.064449,0.371983,0.938771,0.133594
ENSG00000188800,1.424505,0.282643,0.699683,0.170489
ENSG00000188811,3.302921,0.387100,0.744409,0.120579
ENSG00000188816,3.798387,1.819450,0.885652,0.454229
ENSG00000188848,3.681848,0.374259,0.831660,0.168139
ENSG00000188909,3.787924,0.505225,0.861046,0.168208
ENSG00000188916,2.745003,-0.062303,0.624802,0.065957
ENSG00000188921,2.897783,0.226728,0.888875,0.109555
ENSG00000188931,1.752263,0.368141,0.747851,0.179356
ENSG00000188959,0.671771,0.041035,0.281765,0.054924
ENSG00000188981,4.002844,0.116120,0.909297,0.139794
ENSG00000188986,4.144067,0.237123,0.817814,0.115312
ENSG00000188991,2.484232,0.251779,0.767938,0.143442
ENSG00000188993,0.334093,0.127648,0.202811,0.093723
ENSG00000189007,3.358426,0.249432,0.789417,0.112686
ENSG00000189043,2.504223,0.109524,0.850383,0.068893
ENSG00000189046,2.550887,0.346275,0.629692,0.131824
ENSG00000189099,0.716640,0.157304,0.302628,0.100696
ENSG00000189143,3.291050,3.291050,0.730978,0.730978
ENSG00000189167,1.589385,0.180659,0.478041,0.084407
ENSG00000189171,1.936989,0.080416,0.800194,0.143564
ENSG00000189180,0.600016,0.048243,0.274844,0.133427
ENSG00000189184,3.950705,1.282780,0.830390,0.312144
ENSG00000189227,3.529584,0.559646,0.874756,0.227602
ENSG00000189241,0.882950,0.882950,0.426603,0.426603
ENSG00000189298,0.574388,-0.026156,0.243053,0.076659
ENSG00000189308,4.454346,0.273991,0.956909,0.096081
ENSG00000189319,2.315528,-0.113413,0.651765,0.047371
ENSG00000189320,2.549649,-0.012928,0.751110,0.061057
ENSG00000189325,0.223665,-0.116223,0.201673,0.051772
ENSG00000189339,3.731961,0.336048,0.769030,0.151540
ENSG00000189350,1.519165,-0.028277,0.547549,0.064657
ENSG00000189376,1.525868,0.090940,0.541135,0.087709
ENSG00000189410,1.767795,0.080896,0.752392,0.168451
ENSG00000189433,2.012520,2.012520,0.491078,0.491078
ENSG00000196116,2.855474,0.206689,0.754889,0.092236
ENSG00000196151,3.436731,0.192146,0.821100,0.084456
ENSG00000196152,0.971647,0.074303,0.301453,0.075313
ENSG00000196154,2.718034,0.621207,0.751403,0.231108
ENSG00000196177,3.630975,0.103542,0.753614,0.081016
ENSG00000196182,5.161358,0.195466,0.920275,0.096751
ENSG00000196189,1.957345,0.153965,0.599267,0.141443
ENSG00000196199,2.955630,0.161231,0.723725,0.113978
ENSG00000196220,4.887276,0.115732,0.928938,0.071998
ENSG00000196230,5.730568,1.914490,0.887410,0.361417
ENSG00000196247,-0.570544,0.018307,0.196292,0.195635
ENSG00000196260,0.820261,0.186168,0.415171,0.184307
ENSG00000196277,4.815465,-0.005954,0.876078,0.052165
ENSG00000196284,4.177836,0.236855,0.961424,0.142458
ENSG00000196329,-0.075789,-0.137011,0.155614,0.077308
ENSG00000196345,0.718571,0.132830,0.282723,0.100607
ENSG00000196353,5.061020,0.095389,0.938661,0.075093
ENSG00000196358,4.593075,-0.072492,0.901021,0.071859
ENSG00000196372,3.355067,-0.036407,0.805710,0.053805
ENSG00000196376,4.020428,0.125249,0.921019,0.087636
ENSG00000196378,-0.497153,-0.306060,0.178676,0.070955
ENSG00000196387,0.846167,0.071095,0.307255,0.140804
ENSG00000196408,0.211542,-0.163456,0.180524,0.111469
ENSG00000196420,1.926445,0.094329,0.663127,0.093953
ENSG00000196449,2.331619,0.450405,0.679483,0.177285
ENSG00000196453,1.621154,0.069908,0.583554,0.094368
ENSG00000196458,0.608847,0.027159,0.277808,0.083808
ENSG00000196465,3.265217,0.815684,0.774093,0.276391
ENSG00000196482,6.010927,0.416200,0.958216,0.173966
ENSG00000196503,2.033259,0.139772,0.550241,0.118801
ENSG00000196504,4.385555,0.300149,0.953394,0.128528
ENSG00000196505,4.479181,0.241157,0.916253,0.086592
ENSG00000196526,3.412634,-0.245453,0.827856,0.034949
ENSG00000196547,4.129885,0.791508,0.833791,0.219872
ENSG00000196581,2.615095,-0.260570,0.652047,0.047140
ENSG00000196584,2.501499,0.101392,0.737631,0.083573
ENSG00000196611,1.576362,0.191388,0.408965,0.093828
ENSG00000196652,1.054697,0.108666,0.383576,0.106815
ENSG00000196653,0.567678,0.369742,0.233669,0.181234
ENSG00000196655,5.166932,0.792700,0.932199,0.203263
ENSG00000196660,2.012539,0.211681,0.552131,0.100903
ENSG00000196663,3.257512,-0.008083,0.676817,0.078404
ENSG00000196666,1.227659,0.490454,0.568763,0.237091
ENSG00000196711,1.565261,-0.007929,0.503648,0.057818
ENSG00000196715,4.105601,0.123274,0.943791,0.117034
ENSG00000196754,1.672546,0.185306,0.567555,0.103259
ENSG00000196776,1.495791,0.176901,0.666219,0.088290
ENSG00000196781,5.535852,0.400001,0.928053,0.160534
ENSG00000196811,2.812092,0.587221,0.737790,0.221219
ENSG00000196812,0.508534,0.186833,0.262040,0.116169
ENSG00000196821,5.243429,0.191767,0.989220,0.112470
ENSG00000196843,1.410687,0.069528,0.509668,0.123212
ENSG00000196844,0.617192,0.184060,0.405440,0.134234
ENSG00000196850,5.207823,0.281486,0.951611,0.134028
ENSG00000196865,3.781903,0.248422,0.821938,0.100423
ENSG00000196890,4.058930,4.058930,0.881918,0.881918
ENSG00000196911,4.719096,0.262935,0.929999,0.122449
ENSG00000196923,3.672321,0.384291,0.851890,0.162434
ENSG00000196932,2.579499,0.199427,0.646934,0.107255
ENSG00000196950,3.455682,0.272106,0.827946,0.154074
ENSG00000196968,3.414594,1.586320,0.758933,0.364454
ENSG00000196981,3.489610,3.489610,0.866878,0.866878
ENSG00000196990,3.348274,0.975346,0.849189,0.364739
ENSG00000197024,0.820505,0.095843,0.352896,0.125873
ENSG00000197037,0.908702,0.117931,0.399747,0.117555
ENSG00000197045,5.014440,0.407888,0.975171,0.135666
ENSG00000197057,1.776263,0.098601,0.665841,0.069713
ENSG00000197106,4.647855,0.289389,0.873703,0.099564
ENSG00000197136,3.543299,0.915264,0.831760,0.281216
ENSG00000197142,3.734799,0.275358,0.761940,0.091749
ENSG00000197168,1.800411,0.120856,0.566469,0.119185
ENSG00000197181,3.276052,0.179242,0.798216,0.122464
ENSG00000197191,0.223072,0.223072,0.206137,0.206137
ENSG00000197208,2.831936,0.166037,0.713878,0.084333
ENSG00000197241,1.998792,-0.037593,0.558126,0.063719
ENSG00000197273,0.634977,-0.085295,0.430049,0.103849
ENSG00000197279,0.504760,0.212941,0.232589,0.128414
ENSG00000197299,2.631354,0.214767,0.621449,0.106664
ENSG00000197329,5.159119,0.689140,0.952398,0.169323
ENSG00000197345,2.407677,-0.163701,0.602737,0.047839
ENSG00000197353,0.033557,-0.731850,0.187160,0.034299
ENSG00000197355,2.398418,0.448269,0.553167,0.180063
ENSG00000197361,3.099709,0.441542,0.795000,0.171255
ENSG00000197362,0.106304,0.022966,0.173809,0.108924
ENSG00000197375,2.880834,0.262648,0.747571,0.106448
ENSG00000197429,4.562943,0.296734,0.951249,0.192648
ENSG00000197430,1.160238,0.039017,0.628825,0.065737
ENSG00000197442,4.319241,0.151473,0.885832,0.074709
ENSG00000197444,4.273885,0.363821,0.823409,0.128925
ENSG00000197451,4.459451,0.818899,0.905640,0.277518
ENSG00000197506,2.730831,0.100917,0.684470,0.074777
ENSG00000197557,3.792190,3.792190,0.873718,0.873718
ENSG00000197579,2.436325,0.708158,0.741942,0.252293
ENSG00000197587,4.553865,1.000700,0.850737,0.213669
ENSG00000197599,0.079854,-0.521406,0.173786,0.050016
ENSG00000197622,3.708677,0.741864,0.966152,0.223736
ENSG00000197629,2.312350,2.312350,0.606391,0.606391
ENSG00000197635,3.114972,0.340274,0.771819,0.150697
ENSG00000197646,0.816154,0.118717,0.358017,0.083200
ENSG00000197724,4.071347,-0.080166,0.856154,0.055217
ENSG00000197747,2.785540,0.282344,0.781883,0.114247
ENSG00000197756,6.134305,0.457715,0.935341,0.126955
ENSG00000197763,3.447327,0.136443,0.746101,0.089894
ENSG00000197769,2.498316,0.333341,0.740780,0.153674
ENSG00000197771,4.061624,0.200165,0.881557,0.083058
ENSG00000197780,4.847579,0.199635,0.965366,0.100295
ENSG00000197816,1.209820,0.050099,0.516241,0.103771
ENSG00000197822,2.663230,0.107061,0.765208,0.089797
ENSG00000197859,3.812043,-0.095763,0.805361,0.086137
ENSG00000197885,4.065918,0.170603,0.825311,0.086428
ENSG00000197891,0.903623,-0.132024,0.326538,0.081159
ENSG00000197894,3.506043,0.359251,0.799896,0.135938
ENSG00000197901,2.108026,0.410713,0.588109,0.151124
ENSG00000197930,3.647832,0.205852,0.844732,0.112509
ENSG00000197935,0.337560,0.121121,0.217400,0.095132
ENSG00000197953,1.708359,0.093281,0.492409,0.065223
ENSG00000197956,1.356400,0.385925,0.465804,0.213939
ENSG00000197958,4.865240,0.586148,0.933301,0.188269
ENSG00000197977,3.766827,0.049585,0.841212,0.072703
ENSG00000197980,1.926429,0.191912,0.735984,0.149029
ENSG00000197992,0.644859,0.075428,0.354667,0.057430
ENSG00000198015,2.853453,0.142930,0.818505,0.108200
ENSG00000198040,0.930995,0.086967,0.300363,0.086569
ENSG00000198049,2.872967,0.510445,0.640003,0.163332
ENSG00000198060,5.687470,0.222008,0.984000,0.130141
ENSG00000198075,1.900183,0.212534,0.459491,0.075058
ENSG00000198087,3.058013,0.151591,0.847688,0.097203
ENSG00000198092,1.666966,0.124378,0.628454,0.087379
ENSG00000198099,1.928804,0.247551,0.529143,0.121076
ENSG00000198113,0.910764,0.910764,0.370568,0.370568
ENSG00000198121,5.276383,0.162602,0.932228,0.096201
ENSG00000198160,4.210598,0.233743,0.912888,0.114950
ENSG00000198189,2.312289,0.077900,0.715033,0.083339
ENSG00000198218,4.669325,0.213005,0.953381,0.098144
ENSG00000198246,2.844700,0.037194,0.671860,0.082901
ENSG00000198252,4.898096,0.179931,0.978895,0.099672
ENSG00000198315,1.227193,0.417996,0.411866,0.164750
ENSG00000198353,4.343697,3.764110,0.979679,0.948888
ENSG00000198380,4.844513,0.276481,0.915560,0.100804
ENSG00000198382,3.816849,0.204301,0.853192,0.124812
ENSG00000198393,0.874836,0.045763,0.292482,0.123021
ENSG00000198398,1.001471,0.024128,0.458062,0.066750
ENSG00000198431,3.634545,0.102392,0.716503,0.095789
ENSG00000198471,1.432717,0.133954,0.649172,0.128631
ENSG00000198478,3.933476,0.079792,0.939374,0.078808
ENSG00000198513,5.132413,0.305901,0.939328,0.139726
ENSG00000198515,3.609956,0.524927,0.809927,0.143871
ENSG00000198522,4.001288,0.294681,0.885632,0.119575
ENSG00000198546,1.947246,0.017367,0.523696,0.129465
ENSG00000198570,3.317630,0.670273,0.855243,0.217469
ENSG00000198586,5.396812,0.228106,0.988898,0.108897
ENSG00000198589,4.361088,0.328414,0.849066,0.140192
ENSG00000198598,2.861665,-0.174787,0.663548,0.072272
ENSG00000198604,3.733226,0.283984,0.934098,0.126609
ENSG00000198643,1.951363,-0.111203,0.499435,0.039443
ENSG00000198663,2.244613,0.114929,0.802009,0.092924
ENSG00000198682,4.346026,0.138190,0.828033,0.072715
ENSG00000198691,3.578991,0.253349,0.778900,0.105697
ENSG00000198700,5.181348,0.398645,0.922032,0.122791
ENSG00000198718,2.659164,0.242228,0.853282,0.147336
ENSG00000198719,3.535948,1.036790,0.784670,0.322790
ENSG00000198728,5.864671,1.077520,0.968036,0.333715
ENSG00000198729,3.030561,-0.014965,0.874844,0.049974
ENSG00000198732,4.589090,0.187732,0.920874,0.110067
ENSG00000198739,4.556497,0.193331,0.964418,0.096057
ENSG00000198742,5.062703,0.102477,0.903406,0.076787
ENSG00000198746,2.904606,0.547420,0.702890,0.172438
ENSG00000198755,5.155949,1.461070,0.912728,0.348035
ENSG00000198756,3.736710,0.165998,0.828555,0.078076
ENSG00000198771,1.256704,-0.083292,0.437432,0.042667
ENSG00000198774,2.529899,0.135560,0.669421,0.075897
ENSG00000198785,3.954998,0.244952,0.877780,0.119662
ENSG00000198797,3.917922,0.316159,0.822802,0.142774
ENSG00000198805,3.117036,0.380414,0.652078,0.119239
ENSG00000198818,3.043737,-0.014807,0.831287,0.079022
ENSG00000198821,1.873957,-0.132060,0.660041,0.049172
ENSG00000198829,1.795989,1.024060,0.479454,0.296840
ENSG00000198837,3.124884,0.944165,0.746584,0.267601
ENSG00000198842,2.660856,0.228723,0.677819,0.107195
ENSG00000198843,4.988303,0.290139,0.975956,0.145100
ENSG00000198846,4.683629,0.380752,0.951020,0.171640
ENSG00000198851,0.661065,0.040663,0.464448,0.061333
ENSG00000198853,2.936947,0.944985,0.800284,0.280073
ENSG00000198865,2.082543,0.170703,0.841890,0.138829
ENSG00000198870,0.812419,-0.209785,0.410121,0.051089
ENSG00000198873,4.597142,0.012283,0.891876,0.077833
ENSG00000198890,2.641390,2.641390,0.851124,0.851124
ENSG00000198892,2.502217,0.500632,0.734404,0.201004
ENSG00000198894,2.094136,0.362025,0.615884,0.130473
ENSG00000198912,0.898077,-0.146038,0.352330,0.051652
ENSG00000198924,1.954992,0.399035,0.478795,0.119599
ENSG00000198937,1.944186,0.088468,0.759893,0.102487
ENSG00000198948,3.466413,0.306589,0.810338,0.108856
ENSG00000198952,4.254424,0.320975,0.884402,0.118209
ENSG00000198961,2.116740,0.183058,0.722058,0.094063
ENSG00000198963,5.073123,0.253821,0.937355,0.130380
ENSG00000203666,3.014220,0.045196,0.839679,0.068207
ENSG00000203667,2.888698,-0.038304,0.832785,0.055509
ENSG00000203685,4.208010,-0.083938,0.873045,0.044072
ENSG00000203740,3.822863,0.312817,0.868399,0.143435
ENSG00000203760,1.840886,0.156405,0.688913,0.094806
ENSG00000203778,2.226685,0.537929,0.943667,0.206573
ENSG00000203780,2.247360,-0.023592,0.729362,0.062808
ENSG00000203795,-0.287095,-0.217948,0.078841,0.035787
ENSG00000203797,2.927551,0.189563,0.677176,0.077072
ENSG00000203805,5.013968,-0.003842,0.930170,0.053428
ENSG00000203814,4.540290,4.540290,0.901063,0.901063
ENSG00000203837,1.224459,0.145505,0.429480,0.104469
ENSG00000203872,1.527039,0.169367,0.590087,0.087441
ENSG00000203908,0.165926,0.000282,0.217625,0.138999
ENSG00000203909,0.732939,0.100452,0.516405,0.231543
ENSG00000203943,4.881071,0.176732,0.973104,0.109774
ENSG00000203970,1.110139,0.011055,0.646109,0.065754
ENSG00000203972,1.509385,0.113675,0.580555,0.061646
ENSG00000203985,1.613430,-0.079084,0.578442,0.061025
ENSG00000203995,3.022726,0.142921,0.814456,0.111877
ENSG00000204001,0.135557,-0.465797,0.179259,0.040464
ENSG00000204006,1.114524,0.132933,0.559638,0.151058
ENSG00000204020,2.015528,0.115430,0.512931,0.065059
ENSG00000204021,2.069621,0.144100,0.522442,0.099806
ENSG00000204033,2.114106,0.981257,0.625732,0.306283
ENSG00000204052,4.543117,1.779740,0.940803,0.404051
ENSG00000204084,3.254716,0.163848,0.799062,0.114679
ENSG00000204104,2.094533,-0.147189,0.561468,0.048488
ENSG00000204140,-0.109573,-0.039122,0.046168,0.079220
ENSG00000204147,2.232659,0.173150,0.633385,0.080656
ENSG00000204178,5.362212,0.317918,0.963218,0.128872
ENSG00000204217,4.599315,0.207500,0.942163,0.140668
ENSG00000204219,3.662102,0.092200,0.883055,0.080199
ENSG00000204220,3.795846,1.432310,0.943225,0.403576
ENSG00000204227,3.507520,1.229280,0.863460,0.322062
ENSG00000204228,2.489117,1.177750,0.844552,0.424449
ENSG00000204231,4.030804,1.275300,0.886614,0.335108
ENSG00000204334,0.609636,0.184028,0.397610,0.103739
ENSG00000204335,2.461462,1.629120,0.731604,0.519462
ENSG00000204361,1.090897,0.118604,0.372371,0.105062
ENSG00000204370,3.067194,0.233575,0.767923,0.105743
ENSG00000204381,2.705907,0.265060,0.708053,0.100511
ENSG00000204442,3.823911,-0.096722,0.913756,0.036524
ENSG00000204531,2.325361,0.344234,0.671771,0.160692
ENSG00000204536,1.272505,0.144594,0.623828,0.137389
ENSG00000204539,0.896738,0.204533,0.442955,0.184437
ENSG00000204542,0.276518,0.192646,0.199799,0.175274
ENSG00000204568,2.013828,0.112851,0.654359,0.099972
ENSG00000204569,3.045790,0.947583,0.760602,0.279258
ENSG00000204576,1.752648,0.337175,0.826606,0.205885
ENSG00000204590,3.034813,0.491970,0.858176,0.182666
ENSG00000204592,0.302856,-0.069722,0.259917,0.108600
ENSG00000204613,1.188894,0.104074,0.400305,0.098540
ENSG00000204614,0.393048,0.001346,0.187911,0.051933
ENSG00000204618,0.892220,0.085526,0.383027,0.137933
ENSG00000204619,3.501054,0.831527,0.927156,0.241576
ENSG00000204624,3.676995,0.319134,0.811914,0.146212
ENSG00000204628,5.574774,0.693120,0.942588,0.180277
ENSG00000204634,3.427752,0.017829,0.792686,0.087008
ENSG00000204671,-0.541551,-0.403108,0.056931,0.037544
ENSG00000204710,1.008273,0.376252,0.355422,0.185458
ENSG00000204711,1.371611,0.160699,0.589019,0.107118
ENSG00000204767,2.033370,0.289058,0.677547,0.145935
ENSG00000204822,1.638872,1.014780,0.772072,0.511022
ENSG00000204856,1.391959,0.121524,0.755133,0.141500
ENSG00000204899,4.171337,0.082899,0.903927,0.063743
ENSG00000204909,0.283070,0.052920,0.191275,0.040177
ENSG00000204923,2.222458,1.214310,0.647068,0.362239
ENSG00000204954,2.674280,0.122186,0.807789,0.058536
ENSG00000204979,0.587892,0.113177,0.359590,0.068942
ENSG00000205002,0.409834,0.161743,0.260630,0.136180
ENSG00000205060,4.124433,0.195718,0.870234,0.078154
ENSG00000205085,1.311153,0.082871,0.616749,0.091272
ENSG00000205089,1.287233,0.567201,0.393326,0.230485
ENSG00000205090,3.203504,0.025111,0.928299,0.171423
ENSG00000205126,1.622663,0.175521,0.493082,0.101495
ENSG00000205143,2.563921,0.781631,0.705460,0.265697
ENSG00000205186,2.029138,0.258114,0.628106,0.107740
ENSG00000205189,3.920340,0.351975,0.960688,0.130483
ENSG00000205208,1.618803,0.148555,0.671732,0.125882
ENSG00000205213,3.785309,0.287151,0.873123,0.131142
ENSG00000205269,4.708159,0.095635,0.951515,0.060502
ENSG00000205307,-0.140816,-0.331500,0.089665,0.058306
ENSG00000205352,1.487295,0.263618,0.709820,0.159781
ENSG00000205359,0.377777,0.066644,0.304968,0.092583
ENSG00000205363,3.365267,0.388156,0.799499,0.161301
ENSG00000205403,1.810792,0.137620,0.533565,0.135973
ENSG00000205426,2.006849,0.185116,0.545584,0.172300
ENSG00000205436,0.210588,-0.364806,0.202935,0.061422
ENSG00000205442,1.140859,0.371107,0.552891,0.211911
ENSG00000205476,3.355154,-0.235645,0.874808,0.040779
ENSG00000205639,2.172400,0.116955,0.581538,0.101366
ENSG00000205659,5.203399,0.341528,0.975399,0.176602
ENSG00000205683,4.789905,0.160639,0.947006,0.112338
ENSG00000205707,4.251724,3.534720,0.898437,0.752952
ENSG00000205835,2.554796,0.472660,0.731210,0.188138
ENSG00000205838,1.374000,0.177700,0.668461,0.107459
ENSG00000205858,1.496694,0.114309,0.645468,0.091017
ENSG00000205937,4.382512,0.293360,0.895522,0.125740
ENSG00000205978,1.354483,0.457116,0.532704,0.206659
ENSG00000205981,4.235517,0.291090,0.987124,0.108040
ENSG00000206013,1.999967,0.298569,0.715583,0.294120
ENSG00000206047,-1.238345,-1.001230,0.027429,0.013290
ENSG00000206113,1.316291,-0.172949,0.548547,0.067848
ENSG00000206199,1.776879,0.138862,0.630564,0.081877
ENSG00000206527,4.506784,0.169720,0.923843,0.093052
ENSG00000206530,2.231535,0.197707,0.696998,0.138643
ENSG00000206535,1.415338,0.080403,0.536631,0.101407
ENSG00000206557,4.112357,0.057486,0.847168,0.081302
ENSG00000206560,5.099426,0.236634,0.951880,0.110835
ENSG00000206562,4.004488,0.274402,0.837965,0.131207
ENSG00000211452,2.591843,0.127617,0.704533,0.070725
ENSG00000211456,4.795972,0.168423,0.924041,0.084607
ENSG00000211460,4.601793,0.311141,0.945694,0.106537
ENSG00000211598,0.708950,0.232498,0.382735,0.250742
ENSG00000211801,0.030949,-0.071877,0.146768,0.109953
ENSG00000211812,0.622370,0.250326,0.260028,0.130681
ENSG00000211973,-0.160274,-0.237725,0.151479,0.128654
ENSG00000212126,-0.643590,-0.643590,0.051009,0.051009
ENSG00000212128,-0.188848,-0.188848,0.123311,0.123311
ENSG00000213064,3.064652,-0.061181,0.806827,0.051343
ENSG00000213079,4.177887,0.201395,0.930026,0.086814
ENSG00000213123,2.455974,0.092965,0.768631,0.112347
ENSG00000213139,3.750808,0.413260,0.860575,0.113367
ENSG00000213231,-0.417476,-0.132834,0.046133,0.033445
ENSG00000213281,5.251195,0.458595,0.942469,0.118969
ENSG00000213316,1.371445,-0.059255,0.575098,0.141184
ENSG00000213341,4.223341,0.466905,0.944565,0.163240
ENSG00000213402,0.092010,-0.364448,0.200317,0.095715
ENSG00000213445,2.058465,0.601123,0.590170,0.215026
ENSG00000213463,2.712948,0.165060,0.867301,0.116206
ENSG00000213471,2.825069,0.503143,0.720180,0.164267
ENSG00000213551,3.113407,0.673115,0.832056,0.212719
ENSG00000213563,1.466271,0.217761,0.559731,0.242466
ENSG00000213578,4.046200,0.629786,0.880890,0.178790
ENSG00000213593,4.372366,0.239812,0.853785,0.193699
ENSG00000213614,3.028025,0.204475,0.672842,0.090113
ENSG00000213625,4.289906,0.166956,0.884407,0.071501
ENSG00000213626,4.375942,0.191776,0.941219,0.135206
ENSG00000213639,5.889458,0.211491,0.974753,0.099893
ENSG00000213694,3.257880,3.257880,0.728411,0.728411
ENSG00000213699,3.899090,0.231396,0.816688,0.096702
ENSG00000213780,4.470147,1.351320,0.913422,0.329717
ENSG00000213809,0.628870,0.038662,0.331185,0.066613
ENSG00000213927,1.123292,0.738368,0.575408,0.348659
ENSG00000213949,3.206615,0.176300,0.808464,0.086855
ENSG00000213995,3.331334,-0.024741,0.754655,0.067670
ENSG00000214128,1.455549,-0.040247,0.495617,0.072971
ENSG00000214160,4.232064,0.953727,0.875416,0.217469
ENSG00000214237,2.086754,0.120471,0.640475,0.092166
ENSG00000214285,1.552916,0.091184,0.539116,0.079955
ENSG00000214336,2.284216,0.539500,0.598120,0.185192
ENSG00000214338,3.519705,0.313257,0.792747,0.115083
ENSG00000214357,3.961961,0.135308,0.883250,0.106795
ENSG00000214360,1.589375,0.026163,0.589630,0.091242
ENSG00000214415,4.280457,0.039967,0.867836,0.044625
ENSG00000214513,0.787232,0.084806,0.370336,0.065423
ENSG00000214517,4.978619,0.259420,0.959356,0.157560
ENSG00000214595,4.838502,0.198724,0.882374,0.088478
ENSG00000214681,0.932849,0.064132,0.471088,0.122810
ENSG00000214700,0.205599,0.035901,0.146613,0.099098
ENSG00000214711,1.840112,0.139727,0.610310,0.085496
ENSG00000214756,1.777230,1.090270,0.537936,0.357967
ENSG00000214782,-0.028616,-0.004930,0.128749,0.040641
ENSG00000214814,3.426459,0.121338,0.746847,0.082141
ENSG00000214842,0.466937,0.384145,0.200446,0.169931
ENSG00000214866,1.029270,-0.154709,0.466733,0.048341
ENSG00000214872,1.055878,0.131313,0.321684,0.101790
ENSG00000214960,2.293957,0.050390,0.653570,0.075779
ENSG00000215009,2.635297,0.211052,0.682414,0.080691
ENSG00000215018,1.836692,0.137101,0.701794,0.089924
ENSG00000215021,4.761356,0.869177,0.936322,0.235996
ENSG00000215183,2.605500,1.059370,0.777629,0.348226
ENSG00000215187,1.439988,0.671103,0.599560,0.316368
ENSG00000215203,4.535656,0.072079,0.875977,0.063140
ENSG00000215217,1.329720,-0.152751,0.524136,0.044161
ENSG00000215277,1.894500,0.255004,0.854691,0.163833
ENSG00000215375,1.186251,-0.481041,0.515798,0.079116
ENSG00000215475,3.643766,0.064088,0.827836,0.074725
ENSG00000215712,2.866777,0.124295,0.733612,0.089296
ENSG00000215784,4.393070,0.384395,0.945096,0.192049
ENSG00000215845,1.639883,0.401550,0.713249,0.265619
ENSG00000215883,2.344673,0.108964,0.767939,0.088777
ENSG00000215906,3.124870,0.275186,0.797378,0.119228
ENSG00000218739,2.629088,0.347827,0.819634,0.155463
ENSG00000219545,2.066520,0.207370,0.702805,0.128389
ENSG00000219626,1.243778,0.109084,0.567748,0.132888
ENSG00000221818,5.319037,0.422390,0.925055,0.187076
ENSG00000221838,3.134840,0.905073,0.862558,0.324450
ENSG00000221886,1.368550,1.368550,0.899576,0.899576
ENSG00000221914,5.802811,0.197824,0.969391,0.090920
ENSG00000221947,1.921286,0.145257,0.673645,0.161544
ENSG00000221978,3.376965,0.557670,0.797590,0.202992
ENSG00000221986,2.452029,0.207579,0.653900,0.098220
ENSG00000222009,2.011381,0.428495,0.789872,0.201681
ENSG00000223501,4.036241,0.466376,0.939106,0.205557
ENSG00000223865,0.603738,-0.032990,0.295562,0.087312
ENSG00000224531,2.945749,0.073218,0.859194,0.124590
ENSG00000224586,2.682487,0.166988,0.623290,0.078579
ENSG00000224982,2.816301,0.037849,0.838921,0.063863
ENSG00000225526,1.808216,0.155834,0.574191,0.101603
ENSG00000225828,1.581599,0.878364,0.777822,0.501207
ENSG00000226124,1.260190,0.290129,0.587889,0.154136
ENSG00000226479,4.666770,4.666770,0.910130,0.910130
ENSG00000227729,2.348735,1.609580,0.685784,0.478268
ENSG00000228474,5.022920,5.022920,0.981658,0.981658
ENSG00000228570,0.108316,-0.098204,0.170596,0.065222
ENSG00000229183,1.143595,-0.131897,0.443397,0.068171
ENSG00000229474,2.013510,0.363263,0.634612,0.138214
ENSG00000229972,0.219128,0.020306,0.267396,0.119541
ENSG00000230124,3.146965,0.250836,0.850440,0.153451
ENSG00000230246,-0.057176,-0.075403,0.038674,0.036497
ENSG00000231213,3.218458,0.284320,0.805317,0.114002
ENSG00000231925,1.015656,0.098097,0.523113,0.102858
ENSG00000232070,1.256906,0.639266,0.669094,0.302290
ENSG00000232112,4.266124,0.191997,0.960385,0.090697
ENSG00000233276,3.236618,2.103920,0.716992,0.504506
ENSG00000233436,1.214365,0.398404,0.488287,0.182844
ENSG00000234602,1.737397,0.244954,0.612618,0.131011
ENSG00000235169,1.020110,0.037739,0.498816,0.233283
ENSG00000235173,1.225707,0.833085,0.442120,0.327109
ENSG00000235376,2.992230,2.992230,0.956810,0.956810
ENSG00000236027,0.445657,0.070411,0.316456,0.072302
ENSG00000236279,1.479759,0.027903,0.685640,0.091144
ENSG00000236287,1.840430,1.840430,0.976207,0.976207
ENSG00000236320,1.147543,0.336598,0.433034,0.163776
ENSG00000236699,3.183806,0.124880,0.787278,0.084858
ENSG00000236980,1.358642,0.096530,0.693341,0.110490
ENSG00000237136,0.358714,0.063453,0.224086,0.112234
ENSG00000237190,2.638903,0.272559,0.746566,0.130771
ENSG00000237289,4.499208,1.406500,0.853414,0.334961
ENSG00000237353,0.023908,0.123878,0.079779,0.128101
ENSG00000237412,1.509105,0.323300,0.495411,0.204974
ENSG00000237489,0.522216,0.012347,0.263985,0.111612
ENSG00000237651,0.528748,0.167404,0.297733,0.115178
ENSG00000239264,3.315084,-0.096987,0.731768,0.055446
ENSG00000239305,4.209106,0.616738,0.884960,0.163879
ENSG00000239306,2.854461,0.840341,0.926818,0.340419
ENSG00000239732,0.778554,0.470959,0.323743,0.236606
ENSG00000239839,-0.443627,-0.524043,0.025160,0.016483
ENSG00000240021,0.993367,0.084404,0.481937,0.107902
ENSG00000240247,-0.762138,-0.724969,0.015642,0.005986
ENSG00000240303,3.307254,0.260913,0.781401,0.138543
ENSG00000240682,4.155081,0.100929,0.930986,0.099055
ENSG00000240720,1.595815,0.297775,0.629164,0.199149
ENSG00000240771,3.119035,1.314750,0.816136,0.387502
ENSG00000241058,3.179479,0.059319,0.812296,0.075039
ENSG00000241127,1.773410,0.354622,0.625408,0.173054
ENSG00000241186,1.247273,0.062044,0.452574,0.100294
ENSG00000241399,1.898827,0.142602,0.833102,0.085060
ENSG00000241644,0.886700,0.034281,0.358165,0.088501
ENSG00000241697,4.002709,0.166997,0.901011,0.101255
ENSG00000242028,5.131179,1.733890,0.928843,0.333234
ENSG00000243244,2.968796,0.466062,0.705385,0.146020
ENSG00000243284,1.775017,0.369742,0.813762,0.226629
ENSG00000243317,3.141170,0.066818,0.941128,0.066591
ENSG00000243709,2.184194,0.809307,0.714288,0.348151
ENSG00000243725,3.094460,0.254345,0.823387,0.140883
ENSG00000243749,1.490449,0.173602,0.620156,0.116475
ENSG00000243943,3.183002,0.255853,0.886695,0.152488
ENSG00000244045,2.959885,0.623491,0.773136,0.178375
ENSG00000244219,0.833979,0.094491,0.636848,0.121955
ENSG00000244607,2.081966,0.044593,0.689680,0.102553
ENSG00000244694,4.949017,0.144351,0.965270,0.073118
ENSG00000244731,0.933083,0.116755,0.478262,0.208052
ENSG00000247077,3.720735,0.169278,0.820991,0.099502
ENSG00000247596,4.423938,0.440967,0.871628,0.172358
ENSG00000247626,3.069500,3.069500,0.667223,0.667223
ENSG00000248712,1.014957,0.037021,0.492948,0.092738
ENSG00000248746,4.720580,0.775211,0.843409,0.195581
ENSG00000248771,1.910708,0.047449,0.667066,0.055925
ENSG00000249481,1.011928,0.107616,0.441829,0.090332
ENSG00000249581,3.365513,0.178127,0.847008,0.088245
ENSG00000249693,0.250765,0.202027,0.298662,0.138484
ENSG00000249853,5.144269,1.234760,0.961484,0.310583
ENSG00000249948,2.907154,0.182780,0.701364,0.122740
ENSG00000250298,1.829460,0.362892,0.632411,0.176713
ENSG00000250317,2.327734,0.180577,0.907716,0.134178
ENSG00000251692,0.703512,-0.021864,0.303494,0.151967
ENSG00000253117,1.720264,-0.131441,0.550927,0.053619
ENSG00000253148,3.306696,0.146057,0.808437,0.084797
ENSG00000253250,2.831480,0.182633,0.992122,0.126821
ENSG00000253710,3.602917,0.395745,0.763148,0.135927
ENSG00000253719,4.035550,4.035550,0.943522,0.943522
ENSG00000253831,1.810581,0.155518,0.473923,0.093267
ENSG00000254402,1.244450,0.634052,0.465923,0.300926
ENSG00000254598,3.381780,3.381780,0.961864,0.961864
ENSG00000254726,3.459741,1.291360,0.855495,0.418528
ENSG00000254772,4.705484,0.363979,0.933729,0.125735
ENSG00000255587,0.785393,0.042981,0.362612,0.109993
ENSG00000256043,2.762111,0.015249,0.633557,0.046433
ENSG00000256061,2.575471,0.089142,0.752225,0.114854
ENSG00000256162,0.806745,0.100974,0.345047,0.078246
ENSG00000256269,4.175902,0.690472,0.885553,0.194483
ENSG00000256394,2.161048,0.047646,0.747403,0.080724
ENSG00000256453,2.297981,1.033000,0.634286,0.320525
ENSG00000256713,1.317761,-0.097067,0.472008,0.067567
ENSG00000256797,0.197601,0.075988,0.191842,0.061891
ENSG00000256870,3.432674,0.202104,0.791792,0.079102
ENSG00000257057,1.617470,0.078862,0.622931,0.051235
ENSG00000257093,4.022188,0.040491,0.865045,0.058063
ENSG00000257365,4.231783,0.133050,0.889698,0.091430
ENSG00000257743,1.411868,0.099431,0.410311,0.076628
ENSG00000257987,1.405815,0.102078,0.646738,0.126446
ENSG00000258102,3.457800,3.457800,0.947245,0.947245
ENSG00000258223,1.148673,0.091335,0.481877,0.086895
ENSG00000258227,0.794895,0.064693,0.449945,0.106776
ENSG00000258484,0.429655,0.186773,0.310407,0.118877
ENSG00000258818,1.155350,1.155350,0.557601,0.557601
ENSG00000259956,3.027160,3.027160,0.747810,0.747810
ENSG00000260230,4.284916,0.174184,0.823265,0.072981
ENSG00000261115,5.027716,0.043629,0.948941,0.081603
ENSG00000261667,-0.524913,-0.442784,0.118198,0.037279
ENSG00000261787,2.709793,0.254899,0.646851,0.140309
ENSG00000262406,1.533905,0.137837,0.396882,0.077754
ENSG00000262655,4.892522,0.163903,0.910507,0.112070
ENSG00000263513,4.330383,0.386331,0.946105,0.192009
ENSG00000263528,2.847285,0.053343,0.720986,0.094780
ENSG00000263639,-0.193094,-0.064482,0.093313,0.032199
ENSG00000263761,2.656722,0.987277,0.666944,0.288731
ENSG00000263961,0.518159,-0.060616,0.281870,0.051582
ENSG00000265203,2.641298,0.967601,0.698205,0.299352
ENSG00000266094,2.655658,0.020484,0.746156,0.075196
ENSG00000266200,2.046054,0.047988,0.566196,0.080001
ENSG00000266524,2.601762,0.109283,0.642899,0.090290
ENSG00000268223,3.038025,0.310620,0.755075,0.143090
ENSG00000269113,3.644024,0.056166,0.814645,0.091911
ENSG00000269964,1.800715,0.046086,0.670319,0.092034
ENSG00000272047,5.136225,0.092625,0.949610,0.121676
ENSG00000273173,1.605359,-0.154696,0.956639,0.045460
ENSG00000274286,2.896850,2.896850,0.613710,0.613710
ENSG00000275074,2.007819,0.945765,0.628217,0.339979
ENSG00000275111,0.857883,0.162578,0.289037,0.089102
ENSG00000275342,2.059194,0.144238,0.556766,0.102577
ENSG00000275591,1.120844,-0.124162,0.404967,0.051368
ENSG00000276747,1.208964,-0.162521,0.445131,0.045810
ENSG00000277494,-0.644313,-0.645764,0.020237,0.010590
ENSG00000277586,3.068804,1.361420,0.858695,0.403784
ENSG00000277893,2.568857,0.132665,0.659577,0.120389
ENSG00000278570,3.409573,0.481743,0.724514,0.149785
ENSG00000280165,3.857374,2.839330,0.869911,0.659927
ENSG00000283128,2.136363,-0.151457,0.825233,0.065291
ENSG00000283297,0.656684,-0.029745,0.382901,0.068274
ENSG00000283706,0.144980,-0.257840,0.213531,0.056704
ENSG00000284844,3.393523,1.071440,0.859522,0.297617
ENSG00000286095,1.428930,0.471564,0.701751,0.298168
ENSG00000290292,2.083792,0.538556,0.816313,0.257806
