gene_id,K,LRT,p_value,fdr,fdr_significant,test_omega,null_omega
ENSG00000012232,20.13393261836401,199.707709862807,0,0.0,True,,
ENSG00000013374,3.866638801559145,94.7102006339046,0,0.0,True,,
ENSG00000047579,2.49239357568633,123.3394555310661,0,0.0,True,,
ENSG00000068745,4.433957293176484,146.1883497952367,0,0.0,True,,
ENSG00000078399,14.97505489199903,136.7546011083941,0,0.0,True,,
ENSG00000079393,9.598033248055668,74.45197563428155,0,0.0,True,,
ENSG00000084093,3.468606805653863,161.3228454775672,0,0.0,True,,
ENSG00000084731,4.139168339097461,105.415604223228,0,0.0,True,,
ENSG00000089169,8.468966943775568,219.8246621953585,0,0.0,True,,
ENSG00000100565,3.829178066899838,78.4913885155911,0,0.0,True,,
ENSG00000100890,8.567390999770979,122.5856706494378,0,0.0,True,,
ENSG00000104763,3.502332341416995,104.7169088928495,0,0.0,True,,
ENSG00000106571,5.232808060798376,240.4400592811871,0,0.0,True,,
ENSG00000107371,20.815319803348,147.5192947742999,0,0.0,True,,
ENSG00000109163,10.55605437453611,129.3534816202982,0,0.0,True,,
ENSG00000109906,5.587412926951899,97.84262042728369,0,0.0,True,,
ENSG00000112561,2.922585355120242,129.8072427640873,0,0.0,True,,
ENSG00000113361,10.2587579933832,126.6752961598577,0,0.0,True,,
ENSG00000114757,4.063840457217518,71.24003987335891,0,0.0,True,,
ENSG00000115041,6.215540009562693,86.48939893893112,0,0.0,True,,
ENSG00000115839,4.02420985312212,87.15392668929417,0,0.0,True,,
ENSG00000116783,9.172961171078708,71.35481363438885,0,0.0,True,,
ENSG00000116983,50,103.9341632749783,0,0.0,True,,
ENSG00000117118,21.73429026420676,78.50769857408886,0,0.0,True,,
ENSG00000117148,50,97.11671972959084,0,0.0,True,,
ENSG00000118137,4.827876114123858,86.01675673183126,0,0.0,True,,
ENSG00000132676,7.483846941853418,120.6436265096418,0,0.0,True,,
ENSG00000134262,1.864483827226002,92.14416487743438,0,0.0,True,,
ENSG00000134897,2.763842942229083,89.90774782022345,0,0.0,True,,
ENSG00000134899,2.183121387962334,92.29234260170051,0,0.0,True,,
ENSG00000136942,4.405731493606758,73.47849272336316,0,0.0,True,,
ENSG00000137070,2.364857178936759,94.47276412975043,0,0.0,True,,
ENSG00000137075,4.191801802210701,141.9562158396438,0,0.0,True,,
ENSG00000137700,6.101785095098835,134.5230110617122,0,0.0,True,,
ENSG00000137727,2.475034808417398,86.47971205745125,0,0.0,True,,
ENSG00000138821,5.144667703781128,94.03779450226284,0,0.0,True,,
ENSG00000139318,8.062255875762377,104.2190676189366,0,0.0,True,,
ENSG00000139914,50,96.14714226574324,0,0.0,True,,
ENSG00000144401,4.230921097296914,94.98157255426122,0,0.0,True,,
ENSG00000144655,8.092039018899383,80.64431496044563,0,0.0,True,,
ENSG00000144810,3.744394344844852,71.78305555738189,0,0.0,True,,
ENSG00000145604,5.172739368007909,100.955999689977,0,0.0,True,,
ENSG00000151746,1.969519995288735,72.60656145264511,0,0.0,True,,
ENSG00000154305,2.029107713370733,145.4621354483825,0,0.0,True,,
ENSG00000155269,15.09115923808282,81.68968202394171,0,0.0,True,,
ENSG00000157927,3.044308193654067,106.6170527523354,0,0.0,True,,
ENSG00000158604,10.29189211053781,73.28025113479634,0,0.0,True,,
ENSG00000161040,6.085299821254814,139.8145286796353,0,0.0,True,,
ENSG00000162065,2.6604286086413,90.79901866318687,0,0.0,True,,
ENSG00000162711,1.505824267603178e-11,93.12515168263053,0,0.0,True,,
ENSG00000162873,4.134781411004936,142.1550906679731,0,0.0,True,,
ENSG00000163013,3.028219564798283e-13,70.52121613833879,0,0.0,True,,
ENSG00000163026,2.032634865394184,80.44742471642894,0,0.0,True,,
ENSG00000163626,15.19966349997475,104.5686319386077,0,0.0,True,,
ENSG00000164070,5.100538822896096,74.66764904769661,0,0.0,True,,
ENSG00000164077,6.396672135787337,125.6869701080868,0,0.0,True,,
ENSG00000164683,5.290951392609395,99.61338321802396,0,0.0,True,,
ENSG00000165527,50,96.72194275977199,0,0.0,True,,
ENSG00000166033,5.343881703605758,77.06120989081319,0,0.0,True,,
ENSG00000166415,6.789511681474472,104.7015200752066,0,0.0,True,,
ENSG00000166507,7.694929537235427,121.613052158471,0,0.0,True,,
ENSG00000168269,50,134.8256855982563,0,0.0,True,,
ENSG00000168394,8.349446391524676,89.13861383554467,0,0.0,True,,
ENSG00000168811,9.588666802382221,83.71735278358756,0,0.0,True,,
ENSG00000173253,2.939657095036504,74.2477654372633,0,0.0,True,,
ENSG00000173402,3.834197749097297,120.635893004117,0,0.0,True,,
ENSG00000175600,2.603837604516112,74.24388882795756,0,0.0,True,,
ENSG00000177119,6.480389252180033,87.32482546617393,0,0.0,True,,
ENSG00000178522,49.99999999999991,158.97706225414,0,0.0,True,,
ENSG00000179580,6.779155055178214,81.67671660454835,0,0.0,True,,
ENSG00000180806,50,105.9019184665831,0,0.0,True,,
ENSG00000185033,11.46139594544918,128.076142301441,0,0.0,True,,
ENSG00000185261,2.130127440763023,110.4903369246604,0,0.0,True,,
ENSG00000185313,3.623887799290108,196.2571608867438,0,0.0,True,,
ENSG00000185518,5.805986882192983,105.3981249467979,0,0.0,True,,
ENSG00000187642,3.660699782636168,79.03916197429498,0,0.0,True,,
ENSG00000196547,4.323764254717516,143.3959164379048,0,0.0,True,,
ENSG00000197724,0.1813909677282781,77.49557339370949,0,0.0,True,,
ENSG00000197859,2.347815507148811,82.22777412449796,0,0.0,True,,
ENSG00000198718,4.417679551049124,179.6981344105297,0,0.0,True,,
ENSG00000205307,8.946934940348442,70.68186780323049,0,0.0,True,,
ENSG00000244694,50,72.29116272656393,0,0.0,True,,
ENSG00000019505,10.62093185754812,68.62907526218078,1.110223024625157e-16,2.1183565757215638e-15,True,,
ENSG00000044574,5.076930318159948,69.06209904824573,1.110223024625157e-16,2.1183565757215638e-15,True,,
ENSG00000072134,1.772891589903153,69.60642122189165,1.110223024625157e-16,2.1183565757215638e-15,True,,
ENSG00000109265,2.084984209857692,69.02410977451655,1.110223024625157e-16,2.1183565757215638e-15,True,,
ENSG00000162931,2.773112798193949,69.27476246590231,1.110223024625157e-16,2.1183565757215638e-15,True,,
ENSG00000133101,5.335577913758968,67.22338406442577,2.220446049250313e-16,4.050484001929142e-15,True,,
ENSG00000184232,6.31891914207785,67.24479559723295,2.220446049250313e-16,4.050484001929142e-15,True,,
ENSG00000198382,2.864654722577374,67.32715187832946,2.220446049250313e-16,4.050484001929142e-15,True,,
ENSG00000263961,10.10119289473446,66.98799468907237,2.220446049250313e-16,4.050484001929142e-15,True,,
ENSG00000113658,2.400950292635102,66.15911221253191,4.440892098500626e-16,8.012914003816348e-15,True,,
ENSG00000115806,4.261757870133443,65.44629983472987,5.551115123125783e-16,9.908442047729892e-15,True,,
ENSG00000139428,5.039159596699962,65.28340671994374,6.661338147750939e-16,1.1763639707730382e-14,True,,
ENSG00000052723,10.50550798434965,64.84228091610294,7.771561172376096e-16,1.3299785099117855e-14,True,,
ENSG00000060642,3.023813148455564,65.06158060437883,7.771561172376096e-16,1.3299785099117855e-14,True,,
ENSG00000152939,5.462479115625388,64.9610280693305,7.771561172376096e-16,1.3299785099117855e-14,True,,
ENSG00000017427,5.93771939114355,64.72147973727988,8.881784197001252e-16,1.5044654864308243e-14,True,,
ENSG00000163798,4.856429202284721,64.44237356862868,9.992007221626409e-16,1.658673198789984e-14,True,,
ENSG00000221818,6.437767366850227,64.37196795500131,9.992007221626409e-16,1.658673198789984e-14,True,,
ENSG00000078900,6.430027905252485,63.58601224301674,1.554312234475219e-15,2.5546121873553104e-14,True,,
ENSG00000014138,2.044475560664605,63.40415550339821,1.665334536937735e-15,2.6839372148705246e-14,True,,
ENSG00000158850,6.873857585623355,63.36636137176174,1.665334536937735e-15,2.6839372148705246e-14,True,,
ENSG00000174446,39.86890126848188,63.29454610022094,1.77635683940025e-15,2.835338801350399e-14,True,,
ENSG00000096696,1.835082986673632e-11,62.42538307211362,2.775557561562891e-15,4.388024335423237e-14,True,,
ENSG00000136866,5.890821978123967,62.02528826109847,3.441691376337985e-15,5.389818570491561e-14,True,,
ENSG00000106609,11.12720012616199,60.4677759170645,7.438494264988549e-15,1.1540093906430833e-13,True,,
ENSG00000204147,2.474676265176934,60.10247658303706,8.992806499463768e-15,1.38222766565832e-13,True,,
ENSG00000027697,4.501131618274743,59.94604955115938,9.769962616701378e-15,1.48790256364443e-13,True,,
ENSG00000032219,4.606307154029419,59.12016786911408,1.48769885299771e-14,2.2450728145238171e-13,True,,
ENSG00000100744,11.15251751136842,58.86739759162083,1.687538997430238e-14,2.5237069691299054e-13,True,,
ENSG00000178965,2.604334577881148,58.36541352243512,2.176037128265307e-14,3.2251978865360803e-13,True,,
ENSG00000170185,2.703602474675694,58.19975087111379,2.364775042451583e-14,3.4739173189996705e-13,True,,
ENSG00000092871,9.714343600573523,57.67394966802385,3.097522238704187e-14,4.5104271195166227e-13,True,,
ENSG00000103024,4.552699924362344,57.63709046641179,3.153033389935445e-14,4.551335154167686e-13,True,,
ENSG00000133606,7.342449272421059,57.19901702689094,3.941291737419306e-14,5.640124382858661e-13,True,,
ENSG00000132768,2.901815295781623,56.7957418340593,4.840572387365683e-14,6.867820652159859e-13,True,,
ENSG00000215018,2.675879976695751,56.60958788340213,5.3179682879545e-14,7.481209625427517e-13,True,,
ENSG00000135744,4.100905560995717,55.98843175537331,7.294165271787278e-14,1.0090261959305735e-12,True,,
ENSG00000164291,22.56381168903763,55.98819100968831,7.294165271787278e-14,1.0090261959305735e-12,True,,
ENSG00000186891,3.512179258434921,55.49209553165201,9.381384558082573e-14,1.287032922844386e-12,True,,
ENSG00000099282,5.056636270721773,55.18687159032015,1.09579012530503e-13,1.4909931213166801e-12,True,,
ENSG00000119125,4.869550414171258,55.08337978467171,1.155742168634788e-13,1.5597821137672749e-12,True,,
ENSG00000005238,4.745200366127913,54.80863018803211,1.328936960476312e-13,1.7790607696699015e-12,True,,
ENSG00000117707,7.055256832350121,54.71774815824028,1.391109449855321e-13,1.847393349407866e-12,True,,
ENSG00000010539,7.994430179299959,54.25149420813977,1.764144386129374e-13,2.324190222995842e-12,True,,
ENSG00000157111,3.431285637368289,54.07432574221275,1.930677839823147e-13,2.5235631607137196e-12,True,,
ENSG00000168890,7.975313595912704,53.98695264916205,2.018385458768535e-13,2.617593641840444e-12,True,,
ENSG00000153832,7.007815242520791,53.44594738903834,2.657873920952625e-13,3.420209851768494e-12,True,,
ENSG00000136197,2.890890008141826,53.37948411230536,2.750022431996513e-13,3.496016029680331e-12,True,,
ENSG00000173848,9.318558341662524,53.37319211533031,2.758904216193514e-13,3.496016029680331e-12,True,,
ENSG00000085978,1.946149553247388,53.26782881507825,2.909894547542535e-13,3.6594128400913695e-12,True,,
ENSG00000151376,2.065595584150206e-11,52.76008654847101,3.769207168602406e-13,4.704423984872175e-12,True,,
ENSG00000171126,6.848425447941644,52.58289474235062,4.124478536482457e-13,5.096153951508649e-12,True,,
ENSG00000111186,2.956638834773829,52.57330780098346,4.144462550925709e-13,5.096153951508649e-12,True,,
ENSG00000160606,2.644016670936827,52.30189166563105,4.759526106568046e-13,5.809421571252174e-12,True,,
ENSG00000188306,5.635110036843144,52.23889348145167,4.913847106990943e-13,5.954004523799245e-12,True,,
ENSG00000164896,10.0561127223809,51.88638855476529,5.880851361439454e-13,7.074067579702532e-12,True,,
ENSG00000162924,3.347657664295039,51.86069794306241,5.958566973163215e-13,7.115986457158948e-12,True,,
ENSG00000198246,9.484852419978665,51.69303188451886,6.48925357893404e-13,7.694400672164647e-12,True,,
ENSG00000162236,4.9661585053663,51.65696649347228,6.609157665593557e-13,7.78099413112433e-12,True,,
ENSG00000106628,2.412186259606696,51.60314226349874,6.793454687681333e-13,7.941644212359868e-12,True,,
ENSG00000112062,3.892292929950346,51.29457964209723,7.949196856316121e-13,9.2277390080313e-12,True,,
ENSG00000160563,4.66936069959256,50.92133222829943,9.614531393253856e-13,1.1083418133889862e-11,True,,
ENSG00000038274,3.919608816630894,50.76777538211172,1.039612840258997e-12,1.1901774585034034e-11,True,,
ENSG00000260230,3.103432262168904,50.71377572999154,1.068700683504176e-12,1.2150980374088577e-11,True,,
ENSG00000187498,2.064856014856554,50.30514061756548,1.316058373390661e-12,1.4861611563459165e-11,True,,
ENSG00000115194,3.146758324227302,50.16837736491289,1.410982441996111e-12,1.5825884146713136e-11,True,,
ENSG00000006530,2.496546493482946,50.01211334165419,1.527999948791603e-12,1.702335513418833e-11,True,,
ENSG00000176956,3.974880965094744,49.84736781870015,1.661781823258934e-12,1.83903855107322e-11,True,,
ENSG00000165471,4.276793324560117,49.80175974716622,1.70086167372574e-12,1.869821442638893e-11,True,,
ENSG00000007866,2.171513216328583,49.71657786300784,1.77635683940025e-12,1.9399686535555362e-11,True,,
ENSG00000147416,8.046441865284827,49.43646865694245,2.049027614248189e-12,2.223127999772545e-11,True,,
ENSG00000173264,2.598769616396375,49.39277466035855,2.095212892072595e-12,2.258476234312018e-11,True,,
ENSG00000134321,4.222125234260923,49.25862332334145,2.243427665860054e-12,2.402638661501735e-11,True,,
ENSG00000110435,6.101505670977602,49.19834128026559,2.313482738713901e-12,2.4617829142724847e-11,True,,
ENSG00000107447,5.741360760719145,48.96064937694609,2.611466598523293e-12,2.76116850544501e-11,True,,
ENSG00000139131,13.86463312463823,48.74873532689526,2.909450458332685e-12,3.0567644055900356e-11,True,,
ENSG00000168398,2.628580781363868,48.54732082691044,3.224198685813917e-12,3.366144539906354e-11,True,,
ENSG00000187033,2.42622269571683,48.40833894028037,3.460898234664e-12,3.5906819184639e-11,True,,
ENSG00000164050,2.335060432134134,48.3404049511737,3.582911745070305e-12,3.694182296159445e-11,True,,
ENSG00000183560,4.739592771801197,48.15320745201825,3.941846848931618e-12,4.0391764007570906e-11,True,,
ENSG00000074071,4.024742873051691,48.0128062192216,4.234390615920347e-12,4.312324185538513e-11,True,,
ENSG00000133317,8.158471377974276,47.90612032188801,4.471201187072893e-12,4.5257280308176846e-11,True,,
ENSG00000156958,2.137220065702631,47.87961469011498,4.532041408822352e-12,4.559508326451579e-11,True,,
ENSG00000142784,5.551032508346185,47.78767323722423,4.749645121648882e-12,4.749645121648882e-11,True,,
ENSG00000139973,4.304362271219279,47.68167850224563,5.013545134602282e-12,4.98352390625137e-11,True,,
ENSG00000028310,6.324870342034133,47.61020830983762,5.199729535831921e-12,5.137827993738683e-11,True,,
ENSG00000168961,3.698074842921452,46.47964836492611,9.257483668534405e-12,9.093149638915451e-11,True,,
ENSG00000162241,3.385006073133863,46.34977503979826,9.89186510480522e-12,9.659115337633333e-11,True,,
ENSG00000187715,7.426255427557644,45.99926789324672,1.182975939428843e-11,1.1483859996794616e-10,True,,
ENSG00000196260,12.19355615758155,45.94552318066053,1.215871847648486e-11,1.17345771342819e-10,True,,
ENSG00000171209,23.05877622819425,45.76688473567083,1.331967869333539e-11,1.2780732156610837e-10,True,,
ENSG00000145545,3.088416507919267,45.64007223978479,1.421041062599215e-11,1.3557058413302856e-10,True,,
ENSG00000213563,16.46363204643202,45.54432888392148,1.49222856293818e-11,1.4154853797013592e-10,True,,
ENSG00000134905,3.493185836876596,45.45273156848998,1.563671414572809e-11,1.4748264478357175e-10,True,,
ENSG00000174840,2.568570085193455,45.31402622991664,1.678424066398065e-11,1.5741152261134395e-10,True,,
ENSG00000196230,7.003973582782171,45.15316370215442,1.822109130245053e-11,1.6992703124757234e-10,True,,
ENSG00000137411,5.648908600194759,44.98812892031856,1.98232541492871e-11,1.8383576473640555e-10,True,,
ENSG00000155545,1.921021518810071,44.81186982533472,2.169042723210168e-11,2.0003394002938216e-10,True,,
ENSG00000110880,7.285600395135467,44.5880645690122,2.431699286375988e-11,2.2301772460685855e-10,True,,
ENSG00000143376,0.3547400084816446,44.43262145238987,2.632638551602895e-11,2.4011977998136294e-10,True,,
ENSG00000164512,2.011966760500409,44.28862797530746,2.833577816829802e-11,2.5703492764685637e-10,True,,
ENSG00000136856,7.414218147099611,43.89618523613171,3.462630182582416e-11,3.1238946212428317e-10,True,,
ENSG00000100461,6.181285609387727,43.70198600739968,3.823830141413964e-11,3.4311124512146923e-10,True,,
ENSG00000164161,6.795246488051241,43.63502116870222,3.95694588206652e-11,3.53146783023141e-10,True,,
ENSG00000240682,5.607436802502142,43.61356071942282,4.000577646934289e-11,3.551314916529904e-10,True,,
ENSG00000149476,7.239665853834655,43.01768129113043,5.424738436232701e-11,4.789928619226747e-10,True,,
ENSG00000007944,6.733671854098079,42.90446494629032,5.74793546093133e-11,5.048451251400004e-10,True,,
ENSG00000175197,50,42.31359544734369,7.77501396598268e-11,6.792906938700657e-10,True,,
ENSG00000167612,3.597202136863757,41.98403345829865,9.20217235744758e-11,7.997699535792137e-10,True,,
ENSG00000151458,2.031478606506467,41.82495511715388,9.982126236707245e-11,8.630379975486472e-10,True,,
ENSG00000090263,5.023215395968114,41.67625733132172,1.077090638901268e-10,9.264095650653393e-10,True,,
ENSG00000175877,2.841354932337509,41.39044676872618,1.246651670783194e-10,1.0667225636598464e-09,True,,
ENSG00000147689,3.826582681019638,40.79693123689867,1.688981177139226e-10,1.437799361051854e-09,True,,
ENSG00000132429,5.496637187577436,40.04033721511769,2.487723360644623e-10,2.106949376872487e-09,True,,
ENSG00000211452,2.056444361080415,39.96494107261606,2.585621716733044e-10,2.178747233389266e-09,True,,
ENSG00000106992,9.996207469159273,39.94812738129258,2.607974947110847e-10,2.18648404656768e-09,True,,
ENSG00000104671,4.088154905568037,39.81287726632945,2.794963149810314e-10,2.3314767983342317e-09,True,,
ENSG00000151962,1.804977843412728,39.55050316044071,3.196840570041104e-10,2.653377673134116e-09,True,,
ENSG00000020633,8.138032615017929,39.31191368828513,3.612304899647256e-10,2.983296583788281e-09,True,,
ENSG00000139233,50,39.18332560126646,3.858212638263581e-10,3.170610385899775e-09,True,,
ENSG00000077157,3.022001220915195,39.04506575269625,4.141345044672562e-10,3.3865186079588436e-09,True,,
ENSG00000076053,2.528381742735733,38.68562877944714,4.978611967132451e-10,4.0512234634509166e-09,True,,
ENSG00000240720,2.734603150227435,38.47660588505823,5.541396230768214e-10,4.487179386865968e-09,True,,
ENSG00000169282,5.315595557284396,38.18475202812988,6.43533337729707e-10,5.185754080734532e-09,True,,
ENSG00000070193,4.120755437206864,37.89887426093446,7.450822181453987e-10,5.975055469185323e-09,True,,
ENSG00000089818,1.946779819572793,37.48621110134263,9.206152506990861e-10,7.347217866156168e-09,True,,
ENSG00000100453,1.88423566180581,37.0311137189201,1.162592133674423e-09,9.233985367940392e-09,True,,
ENSG00000198393,1.918131202579165,36.97657375163544,1.195570864531703e-09,9.450703024393461e-09,True,,
ENSG00000145428,5.739228337325054,36.94552239430413,1.214763400980701e-09,9.51512745953222e-09,True,,
ENSG00000134086,3.571305302309834,36.94484597334849,1.215184952663151e-09,9.51512745953222e-09,True,,
ENSG00000197956,7.083335468059008,36.6159548612186,1.438495100813952e-09,1.1210806888972582e-08,True,,
ENSG00000171130,3.923421443400137,36.04712025313165,1.926032222598906e-09,1.494024995100086e-08,True,,
ENSG00000169607,4.195733265880453,35.9492692031381,2.025223211354898e-09,1.5636607120228515e-08,True,,
ENSG00000144481,2.154441295111775,35.89842955890344,2.07876205138291e-09,1.5975671320813105e-08,True,,
ENSG00000106077,2.743116452522112,35.76977465958771,2.220664763186164e-09,1.6987573764465584e-08,True,,
ENSG00000186007,2.822743001512858,35.70337136555827,2.297660395278456e-09,1.7495946129184574e-08,True,,
ENSG00000183833,1.814149194957114,35.38980114206788,2.698964496339329e-09,2.0457904401476193e-08,True,,
ENSG00000144057,3.508608521225812,35.35317656504776,2.750196514966774e-09,2.0751482794749296e-08,True,,
ENSG00000162526,8.831205320344825,35.0073034839761,3.284709837458877e-09,2.4672481132044054e-08,True,,
ENSG00000189320,10.04993939760807,34.99000256415366,3.314025054379499e-09,2.4780547703918777e-08,True,,
ENSG00000172331,5.373799194514707,34.90745496546333,3.45754480601812e-09,2.573777747977614e-08,True,,
ENSG00000113302,2.478357742765699,34.88397844290921,3.499487033487014e-09,2.593369855173412e-08,True,,
ENSG00000029364,2.491273981688291,34.766439125342,3.717265273373016e-09,2.7425157127996475e-08,True,,
ENSG00000081692,8.625945815856277,34.61157169792568,4.025064503920817e-09,2.9564633081896263e-08,True,,
ENSG00000164047,10.80590915414868,34.38408983308,4.524064345368117e-09,3.308346613793425e-08,True,,
ENSG00000158055,1.745249260505428,34.35156915104017,4.6002931464173e-09,3.349336238181017e-08,True,,
ENSG00000165698,4.901248008956842,34.23958777396547,4.872755643425819e-09,3.532215881260637e-08,True,,
ENSG00000196408,4.055233110001832,34.05033067794648,5.370478062260986e-09,3.8760841666753205e-08,True,,
ENSG00000240021,5.585012893133196,33.95021938600257,5.654031021151695e-09,4.0630699113038157e-08,True,,
ENSG00000018408,7.550926728148982,33.79912956948465,6.110619787946803e-09,4.372253813789523e-08,True,,
ENSG00000137207,3.639711338207423,33.74625278958047,6.278987552121862e-09,4.4734417753314554e-08,True,,
ENSG00000196154,7.860688432172853,33.37547164853277,7.597617646126764e-09,5.389762945542918e-08,True,,
ENSG00000196990,50,33.33858391678086,7.743102603541274e-09,5.469595881650432e-08,True,,
ENSG00000155833,10.67172193582675,33.16527659649182,8.464871359414872e-09,5.9541044307748673e-08,True,,
ENSG00000072571,2.778191254973769,33.14844410550722,8.538467044516551e-09,5.980529659872352e-08,True,,
ENSG00000146955,3.527181260618202,32.96911259285662,9.363469888334919e-09,6.53082353556133e-08,True,,
ENSG00000044115,4.64123893717796,32.90335565435817,9.685593882480248e-09,6.727232571095068e-08,True,,
ENSG00000197024,3.736482290906684,32.80148804596683,1.020666817730387e-08,7.05961215596851e-08,True,,
ENSG00000143162,3.337503279854251,32.74901479156324,1.04859437799476e-08,7.222683267515775e-08,True,,
ENSG00000173258,6.295849644821479,32.72952342412464,1.059162002547964e-08,7.265326133180249e-08,True,,
ENSG00000116824,3.832753161608881,32.50524119957299,1.188715137434571e-08,8.120440856548922e-08,True,,
ENSG00000095380,6.634363618749291,32.12747595320252,1.443808961276716e-08,9.822634736554707e-08,True,,
ENSG00000165115,4.292262705190584,31.777608530203,1.728743015405598e-08,1.1679880487351714e-07,True,,
ENSG00000005001,2.113574353301118,31.77521602247725,1.730873855354531e-08,1.1679880487351714e-07,True,,
ENSG00000114547,11.22398144382627,31.75981936411517,1.744649669177534e-08,1.1725175914310554e-07,True,,
ENSG00000116128,0.6182553470082358,31.68563615791209,1.81257849840577e-08,1.2101486553580307e-07,True,,
ENSG00000004948,0.4646638199607744,31.6828048126481,1.815222983037046e-08,1.2101486553580307e-07,True,,
ENSG00000143110,3.813679292762814,31.59327785411097,1.900864499138066e-08,1.2621740274276759e-07,True,,
ENSG00000119787,7.716330371850466e-11,31.40562976401998,2.09372935655594e-08,1.3846975027421756e-07,True,,
ENSG00000114021,6.578290499304945,31.2270367032288,2.295467382840144e-08,1.51209359345819e-07,True,,
ENSG00000165120,9.411037577710651,31.06138767165521,2.499953122292453e-08,1.64028544782825e-07,True,,
ENSG00000166091,5.424089135491973,31.01519845310031,2.560158096631682e-08,1.673174189137241e-07,True,,
ENSG00000196277,8.312664814535578e-12,30.98713764765125,2.597440762475145e-08,1.6908830061602905e-07,True,,
ENSG00000173221,7.593199466527935,30.95510308151552,2.640668450570871e-08,1.7123084484170492e-07,True,,
ENSG00000180357,0.02093743530284495,30.9307902687724,2.673956767118568e-08,1.7271471725357287e-07,True,,
ENSG00000139151,1.886198502737532,30.5398193462097,3.270837534152804e-08,2.104492366935525e-07,True,,
ENSG00000150873,5.75211896574026,30.31217824698797,3.678093263292936e-08,2.3573879602572483e-07,True,,
ENSG00000100583,8.517188748267795,30.29675285400663,3.707460494162262e-08,2.3670709308882133e-07,True,,
ENSG00000196387,2.908498279864669,29.81878344010693,4.743736725654202e-08,3.0170892584620596e-07,True,,
ENSG00000244219,3.178893530575359,29.78558450806213,4.825668697971963e-08,3.0574847475700226e-07,True,,
ENSG00000147533,8.976141298204316,29.40327763100504,5.877814812649262e-08,3.7099515547520055e-07,True,,
ENSG00000143153,0,29.36515090723697,5.994600194014765e-08,3.7693319401759506e-07,True,,
ENSG00000160818,2.371586403941185,29.28669504201025,6.242283212554156e-08,3.9102604274867545e-07,True,,
ENSG00000144560,0.4718112459857601,29.19349234829133,6.549882691775366e-08,4.0875207775741005e-07,True,,
ENSG00000154124,10.16155739149884,29.17230687647316,6.621893888780761e-08,4.116982717369312e-07,True,,
ENSG00000167588,1.909931123389108,29.03265588132126,7.116842548615665e-08,4.408193518918658e-07,True,,
ENSG00000009724,3.525403939144701,28.98185016997741,7.305962290704571e-08,4.5085120455649023e-07,True,,
ENSG00000148187,3.128325505634386,28.95787601650227,7.396944623483392e-08,4.547751138882382e-07,True,,
ENSG00000160323,8.228106458746832e-06,28.8919902559428,7.65287220261257e-08,4.6877372163604676e-07,True,,
ENSG00000138472,9.720862109547625,28.75511904063023,8.213253954725275e-08,5.012500575310278e-07,True,,
ENSG00000135119,1.658781409781139,28.72656718856888,8.33523821075488e-08,5.068313344268536e-07,True,,
ENSG00000204628,4.851082863007214,28.25318929626519,1.064391111915697e-07,6.448500897007508e-07,True,,
ENSG00000139636,5.915994131350098,28.13845818841219,1.129391735688046e-07,6.817419204516932e-07,True,,
ENSG00000197345,5.841873511075072,28.12983593377794,1.134434421956598e-07,6.823047610318669e-07,True,,
ENSG00000106013,12.322952922711,28.09830574357147,1.153067590298207e-07,6.910080144025356e-07,True,,
ENSG00000100908,3.888754622321271,28.0231439122399,1.198731856000279e-07,7.157895255253465e-07,True,,
ENSG00000181092,4.317445120539947,27.53266645757139,1.544634732342232e-07,9.190299841176005e-07,True,,
ENSG00000119772,4.756115267072946,27.40299498330569,1.651752271625284e-07,9.792531324635611e-07,True,,
ENSG00000163630,1.77880669959019e-10,27.34919698360318,1.698349578749259e-07,1.0032954806846156e-06,True,,
ENSG00000144550,0.4826552645372572,27.29110708251392,1.750144831280664e-07,1.0302270992645043e-06,True,,
ENSG00000163898,5.475056470125777,27.22103220765712,1.814737673466738e-07,1.0644751017508076e-06,True,,
ENSG00000150779,1.512542037599643e-13,27.20274239688115,1.831986332634372e-07,1.070808912736992e-06,True,,
ENSG00000139579,1.657072510240547,27.11541186656177,1.916638322496667e-07,1.1163577597699885e-06,True,,
ENSG00000112531,3.834785812646393,27.094598742995,1.937384953576426e-07,1.1244961618660373e-06,True,,
ENSG00000139155,3.558805510545108,26.91278846940259,2.128458496120089e-07,1.2310944611705044e-06,True,,
ENSG00000173137,2.519172642454151,26.78152681147185,2.278046462578232e-07,1.3130406694027311e-06,True,,
ENSG00000103275,4.115188953754736,26.62195828300901,2.474157516640929e-07,1.421142379800672e-06,True,,
ENSG00000111237,2.494347493071584,26.55070326811619,2.567112508122804e-07,1.469450608097881e-06,True,,
ENSG00000188060,23.16499704714004,26.5217684106542,2.60585124478574e-07,1.486499335513515e-06,True,,
ENSG00000148346,7.083216103063582,26.48788338797931,2.651962947020081e-07,1.507622771251142e-06,True,,
ENSG00000104381,3.062531122330736,26.48103599000024,2.661379956414578e-07,1.5078125350335152e-06,True,,
ENSG00000183814,4.430947403328135,26.42980065576558,2.732914209380155e-07,1.5430740093779107e-06,True,,
ENSG00000132963,17.59777766097832,26.35013442420677,2.847990878684925e-07,1.6025982571582967e-06,True,,
ENSG00000114353,6.312063863426838,26.21712475882669,3.051048558244673e-07,1.7110610157723502e-06,True,,
ENSG00000104643,2.409269862063191,26.18775136204204,3.097812431018809e-07,1.7314372510071455e-06,True,,
ENSG00000092529,3.611895626233604,26.16421937587438,3.13579434418898e-07,1.7415165815420478e-06,True,,
ENSG00000170075,3.230688665815851,26.16358293039593,3.136828059524532e-07,1.7415165815420478e-06,True,,
ENSG00000139567,1.481446711366459,26.00593999434204,3.403685120417776e-07,1.883372433297836e-06,True,,
ENSG00000114279,4.456939680133015,25.93774997014771,3.526058731662118e-07,1.9446038187904038e-06,True,,
ENSG00000135625,2.670554365370244,25.53917923948757,4.334903276337343e-07,2.3827614035496652e-06,True,,
ENSG00000139324,2.045997412184278,25.34128650851926,4.80317171147604e-07,2.622829935512497e-06,True,,
ENSG00000019485,1.978260125600099,25.34125313158438,4.80325482166144e-07,2.622829935512497e-06,True,,
ENSG00000136932,3.135535631937384,25.33479071081456,4.819373803366389e-07,2.6230034470781003e-06,True,,
ENSG00000198040,1.475008013746984,25.25943638782337,5.011378645392028e-07,2.718591029853192e-06,True,,
ENSG00000092345,16.70533201073021,25.21410746431138,5.130553121235337e-07,2.774175303338977e-06,True,,
ENSG00000139405,2.209693996470316,25.13079980991461,5.357037046183066e-07,2.887234252163601e-06,True,,
ENSG00000183166,6.80044265084955,25.06713466208566,5.536854684740078e-07,2.9744915134849608e-06,True,,
ENSG00000177613,9.715762356330327e-12,25.02086299486473,5.671331877454833e-07,3.0369067472822654e-06,True,,
ENSG00000205442,9.1674242413924,24.92016003194294,5.975427862514593e-07,3.1894566725962134e-06,True,,
ENSG00000119048,5.117861070865917,24.8380376969908,6.235479423910562e-07,3.317594821696004e-06,True,,
ENSG00000140265,1.924627022102418,24.7944531289977,6.378074615120966e-07,3.3826210418852405e-06,True,,
ENSG00000214160,2.135008376174423,24.78688144449916,6.403178084424255e-07,3.385119624249765e-06,True,,
ENSG00000162631,0.6081886741865633,24.62917425592605,6.949167982162052e-07,3.6621012223457165e-06,True,,
ENSG00000142655,1.862653126665194,24.48022971879982,7.507626026415082e-07,3.943879494888936e-06,True,,
ENSG00000157992,9.726184582048877,24.36084818394374,7.987566109646238e-07,4.1827633255560744e-06,True,,
ENSG00000117598,0.4820650480741204,24.17898994623465,8.778473462589531e-07,4.582473568521579e-06,True,,
ENSG00000110844,7.728253545588603,24.13062499780062,9.001728218382965e-07,4.684284903609944e-06,True,,
ENSG00000166272,1.93629064913342,24.11040255397529,9.096755744231189e-07,4.718942042319929e-06,True,,
ENSG00000066185,3.571456130366901,23.69931342894779,1.126227071157615e-06,5.8241026109708435e-06,True,,
ENSG00000065357,1.754410729955128,23.63455774687463,1.164768502870395e-06,6.0047071887107315e-06,True,,
ENSG00000187736,2.841365722673597,23.61620544207108,1.175930103958223e-06,6.043479791240403e-06,True,,
ENSG00000113240,1.713659311169436,23.39035084540228,1.322402034098502e-06,6.775269680875041e-06,True,,
ENSG00000170484,2.013729106029141,23.38419377473474,1.326641517529481e-06,6.77607667415058e-06,True,,
ENSG00000095015,6.420581498406182,23.36966995381226,1.33669605228981e-06,6.786853882946725e-06,True,,
ENSG00000079459,2.210317133858799,23.36933555766882,1.336928445616614e-06,6.786853882946725e-06,True,,
ENSG00000154814,2.989989741741595,23.18222499685362,1.473530625517583e-06,7.457502555973134e-06,True,,
ENSG00000168386,3.794446159355391,22.75283358783054,1.842322859602064e-06,9.295610780970901e-06,True,,
ENSG00000160050,2.066862625498501,22.69707278955138,1.896565653414228e-06,9.540299953538236e-06,True,,
ENSG00000145649,2.137709783044105,22.64917923471057,1.944432634015669e-06,9.751535264247765e-06,True,,
ENSG00000112053,2.360032278332592,22.55301489699195,2.044234638010067e-06,1.0221173190050333e-05,True,,
ENSG00000013583,2.988977317066071,22.52076074057459,2.078846975117621e-06,1.0363020957042795e-05,True,,
ENSG00000104043,5.717269358729646,22.45985769524123,2.145814020582115e-06,1.066482417415063e-05,True,,
ENSG00000066855,0.2772205005219525,22.30007032808498,2.331980672343192e-06,1.1555486316685668e-05,True,,
ENSG00000152669,24.00851698394832,22.25898002630674,2.382419778235167e-06,1.1770288190090408e-05,True,,
ENSG00000111732,2.017849437825774,22.08262466857013,2.611629850712838e-06,1.2864408166716057e-05,True,,
ENSG00000135838,3.003075244329215e-12,21.88616966715927,2.893115484736697e-06,1.4208792025629931e-05,True,,
ENSG00000151773,5.132501020079972,21.87969849968977,2.902888337930065e-06,1.4214733454170821e-05,True,,
ENSG00000150556,1.722273854739245,21.75666291479138,3.095130650332401e-06,1.511152023397584e-05,True,,
ENSG00000204084,0.7041885227654248,21.67089119932643,3.236656657468195e-06,1.5756158508496198e-05,True,,
ENSG00000136697,10.37648238666622,21.43503714399731,3.660211645550859e-06,1.776593956612405e-05,True,,
ENSG00000114388,4.598517947839007,21.39471008991677,3.738011032816679e-06,1.8090665639870806e-05,True,,
ENSG00000109072,0.5245691023718492,21.20967984333038,4.116800754405681e-06,1.986595712881811e-05,True,,
ENSG00000139351,6.925792571992567,21.16669966947393,4.21016563845189e-06,2.0210049386026052e-05,True,,
ENSG00000184945,2.722113906742161,21.16565733515017,4.212456076846394e-06,2.0210049386026052e-05,True,,
ENSG00000115053,1.529994028845488,21.15697062970139,4.231593051295945e-06,2.0243355807352358e-05,True,,
ENSG00000135535,5.051944422440093,21.05522117934379,4.46235238649173e-06,2.1285933797632965e-05,True,,
ENSG00000115318,0.01689939442071761,21.04222596790351,4.49271989244604e-06,2.136938401564592e-05,True,,
ENSG00000111684,9.536837308894077,21.03267641321145,4.515167631113925e-06,2.1414795050426043e-05,True,,
ENSG00000117500,4.292835449907876,21.02234946255703,4.539569457118198e-06,2.146918888551626e-05,True,,
ENSG00000188015,4.401831392358467,21.01499732491811,4.557022629469998e-06,2.1490504445796013e-05,True,,
ENSG00000096654,2.00370420428766,21.00656367086776,4.577126148985755e-06,2.152416262695851e-05,True,,
ENSG00000164220,2.609586285912888,20.96317427763188,4.681970128928015e-06,2.195500116954945e-05,True,,
ENSG00000166484,0.6092513488964502,20.92133403361368,4.785352998415426e-06,2.2376580217942557e-05,True,,
ENSG00000043462,50,20.84406603727984,4.982334514846976e-06,2.3232233973724666e-05,True,,
ENSG00000135083,2.225785038161128,20.82469104310076,5.032991043707469e-06,2.340270345253333e-05,True,,
ENSG00000159164,2.039745483394081,20.75772827768014,5.212081371275268e-06,2.4167751609823866e-05,True,,
ENSG00000106268,7.87148745236702,20.74914458474632,5.235496046362975e-06,2.420870038151125e-05,True,,
ENSG00000196584,5.079835804566304,20.6516253296777,5.509040068907289e-06,2.5371812862069384e-05,True,,
ENSG00000014164,3.131189450446855,20.64865092442778,5.517605086269306e-06,2.5371812862069384e-05,True,,
ENSG00000182359,2.174500625811535,20.53353527394211,5.859562383636607e-06,2.686981645535019e-05,True,,
ENSG00000165782,7.809009604284033,20.40646734884831,6.261782199312727e-06,2.8635147247545807e-05,True,,
ENSG00000142606,5.419033147610976,20.24413302334142,6.816217520633217e-06,3.108494803365698e-05,True,,
ENSG00000115761,1.215736217121194e-07,20.14900118732476,7.163764596196387e-06,3.25804088484548e-05,True,,
ENSG00000258223,2.936330285331616,20.09828280301554,7.356269469127596e-06,3.336450087090658e-05,True,,
ENSG00000164690,4.283022613426156,19.99621784311421,7.759549215058392e-06,3.5041615085929196e-05,True,,
ENSG00000182325,2.149374775398115,19.99407207553668,7.768261657603581e-06,3.5041615085929196e-05,True,,
ENSG00000086730,2.183840444536182,19.98478690911361,7.806075475458307e-06,3.511676230151975e-05,True,,
ENSG00000084073,1.605330685863914,19.94920805737274,7.952688833690047e-06,3.5679630983582375e-05,True,,
ENSG00000134874,1.950437557670125,19.89695818451582,8.173026214697288e-06,3.648144734102901e-05,True,,
ENSG00000119699,17.63876063054697,19.89641224770276,8.175360488471561e-06,3.648144734102901e-05,True,,
ENSG00000168907,1.994875098470203,19.83032270721014,8.462943226983377e-06,3.766350068845149e-05,True,,
ENSG00000012171,6.136761341533132,19.7990836421086,8.602390837775253e-06,3.818173473451048e-05,True,,
ENSG00000143627,22.65485840121389,19.76609264885337,8.752164319836275e-06,3.874291405580858e-05,True,,
ENSG00000196247,5.768638312196694,19.67688455478492,9.170396621849264e-06,4.048632551135579e-05,True,,
ENSG00000186468,9.828299090278056e-12,19.67148921883927,9.196325570393071e-06,4.0493104633561005e-05,True,,
ENSG00000137200,6.855638063516538,19.63011400050891,9.39762913698683e-06,4.127001155396332e-05,True,,
ENSG00000166224,0,19.61847971128009,9.455026459215254e-06,4.141251694537552e-05,True,,
ENSG00000186318,1.665636676303731,19.50147470083903,1.005220476046897e-05,4.3912262900996026e-05,True,,
ENSG00000213614,3.073385540154612,19.49020897854643,1.011166552411513e-05,4.405607551189269e-05,True,,
ENSG00000113141,5.860547200880499,19.47088837280535,1.021446353000055e-05,4.434127840062654e-05,True,,
ENSG00000010278,2.276151070581172,19.46788302112691,1.023054796833733e-05,4.434127840062654e-05,True,,
ENSG00000162836,1.939367386569396,19.35689673766319,1.084269377327196e-05,4.687206162404025e-05,True,,
ENSG00000139908,5.481770601693678,19.32350084798236,1.103399044632969e-05,4.757512763872023e-05,True,,
ENSG00000133056,1.499200521889243,19.09594771513366,1.243085470203908e-05,5.3459116076126613e-05,True,,
ENSG00000173641,1.919061329452811,19.0841931393079,1.250765410343302e-05,5.365040261420883e-05,True,,
ENSG00000142224,2.633277898253523,19.02154257947768,1.292509685413279e-05,5.529809478830008e-05,True,,
ENSG00000011007,0.2734791595062618,18.90321637083252,1.375206115095118e-05,5.868488820200247e-05,True,,
ENSG00000070756,0.4882671803274686,18.86110312545497,1.405903613871384e-05,5.984102561606403e-05,True,,
ENSG00000106546,4.481492346281884,18.81041926066246,1.443762478081645e-05,6.129528679323608e-05,True,,
ENSG00000158816,2.139740489328053,18.32514382356021,1.862329081059322e-05,7.872514420271385e-05,True,,
ENSG00000134516,4.945779775354129,18.32364575110842,1.863794076606418e-05,7.872514420271385e-05,True,,
ENSG00000138435,2.007428692457223,18.25646627581591,1.930694179763659e-05,8.13439679798902e-05,True,,
ENSG00000247596,3.813535781193524,18.24948563507496,1.93778269685918e-05,8.143593105787947e-05,True,,
ENSG00000109738,9.251568727778814e-12,18.15722584936157,2.033961947500718e-05,8.526204123361595e-05,True,,
ENSG00000137434,6.084751767251758,17.95491447351742,2.261996307972858e-05,9.458221338123286e-05,True,,
ENSG00000073734,43.94754392556811,17.94268059018941,2.276581952243006e-05,9.495291559606508e-05,True,,
ENSG00000166866,1.500102123368191,17.90968479717412,2.316393506718306e-05,9.637125867549845e-05,True,,
ENSG00000116685,1.969529956229054,17.88318109921602,2.348877979729824e-05,9.74784361587877e-05,True,,
ENSG00000163956,0,17.87381615806225,2.360465310136117e-05,9.771502281361482e-05,True,,
ENSG00000134255,6.075537584476292,17.63516718401297,2.675940874219407e-05,0.00011049905102498048,True,,
ENSG00000167968,3.676572835282799,17.56360204491648,2.77856064951898e-05,0.00011445187787100513,True,,
ENSG00000156150,2.797958517261097,17.43741241147472,2.969239506456223e-05,0.00012200340546330025,True,,
ENSG00000107882,0.589980632314415,17.3679035411551,3.079832579044872e-05,0.0001262351131164071,True,,
ENSG00000171714,6.426650173760508,17.35061390376359,3.107978583238857e-05,0.00012707498640828822,True,,
ENSG00000198570,2.843763393611733,17.19122962759047,3.379931768932032e-05,0.0001378547109687266,True,,
ENSG00000158122,2.895552614231887,17.17590408171236,3.407310065572933e-05,0.00013863075266791835,True,,
ENSG00000009780,4.895423637795218,16.95250019104424,3.832681123139281e-05,0.00015555625096359919,True,,
ENSG00000178175,6.477725521227288,16.82742310707181,4.093743810873463e-05,0.00016574670063536462,True,,
ENSG00000186106,2.898668920075965,16.54535141459928,4.750028609457058e-05,0.00019185030393427535,True,,
ENSG00000137628,10.83391474226328,16.53067776592798,4.786928354083564e-05,0.0001928713851402601,True,,
ENSG00000134371,4.38022944154218,16.5006518457667,4.863335140381508e-05,0.00019547545600564898,True,,
ENSG00000205838,8.59217419764605,16.43563308562443,5.033017384825644e-05,0.00020180697726595578,True,,
ENSG00000134193,2.148135432574466,16.41259190756318,5.094567064567457e-05,0.00020378268258269827,True,,
ENSG00000151366,4.949584922392594e-07,16.0419377017497,6.195486489712909e-05,0.00024722373973373626,True,,
ENSG00000165494,9.822793745998432e-12,16.03308212744014,6.224530574905351e-05,0.00024778706844946963,True,,
ENSG00000064763,6.316971669040323,16.01823816723481,6.273522570543477e-05,0.0002491398915574682,True,,
ENSG00000155380,1.400731614475799,16.00947805399483,6.302616815212492e-05,0.000249697945423693,True,,
ENSG00000075975,1.366421197499662,15.93096781644272,6.569500929698435e-05,0.00025965170341189054,True,,
ENSG00000139697,2.701152710557273,15.75814408598671,7.197740917552764e-05,0.0002838064114759522,True,,
ENSG00000156345,1.423307025659677,15.7251098052584,7.324536720232366e-05,0.00028812158662525425,True,,
ENSG00000178177,4.18287257138282,15.71705564347212,7.355790301155629e-05,0.00028866694798861337,True,,
ENSG00000043093,1.696869735991646,15.6655059738132,7.559026994741203e-05,0.0002959430380016603,True,,
ENSG00000021852,1.772485861442902,15.64069030614337,7.658868697402177e-05,0.0002991464008867674,True,,
ENSG00000182307,2.225873212776548,15.50794269686594,8.215930471122679e-05,0.0003201512812690997,True,,
ENSG00000064886,5.490312865210538,15.43836590630235,8.524006046761734e-05,0.00033137822102165054,True,,
ENSG00000156467,2.832935837150981,15.41240119973736,8.641929313990548e-05,0.00033517763227159606,True,,
ENSG00000198218,0.6552552986500709,15.35081827250542,8.92822512225111e-05,0.0003454744452899031,True,,
ENSG00000187398,2.104890273548523,15.25533298854134,9.391121370261324e-05,0.0003622070042774216,True,,
ENSG00000165632,1.520048671411313,15.25268632809457,9.404290291781248e-05,0.0003622070042774216,True,,
ENSG00000106399,4.799988980337718,15.20881249467857,9.625319548489664e-05,0.0003698618159836306,True,,
ENSG00000119715,4.466332860835402,15.18680817362474,9.738134705739032e-05,0.0003733326469174779,True,,
ENSG00000163705,11.12032153899263,15.14053363122912,9.979742986720996e-05,0.00038171367184232385,True,,
ENSG00000196329,1.85234733785447,15.02846044561011,0.0001059019925223614,0.00040413174157958605,True,,
ENSG00000056291,3.719256220892748,15.00377586036484,0.000107296277652047,0.00040851335069357346,True,,
ENSG00000188993,1.476679445223871,14.99726383061352,0.0001076671735323886,0.0004089874326401947,True,,
ENSG00000087116,1.582654359628854,14.92044221331889,0.0001121412286273493,0.0004250101358936069,True,,
ENSG00000182704,7.163424504724198,14.80707478564,0.0001190878982166854,0.000450309592345553,True,,
ENSG00000176393,3.587905459160276,14.75319174318429,0.0001225399152785522,0.00046230968036908333,True,,
ENSG00000134825,4.489175629800369,14.7452597711399,0.0001230565139404005,0.00046320592548994283,True,,
ENSG00000137494,1.57467799622048,14.73148629903153,0.0001239587759538363,0.00046554653412526757,True,,
ENSG00000144045,3.024449422050684e-11,14.59210556891048,0.0001334725268845594,0.0005001453603349178,True,,
ENSG00000187778,1.966061368601903,14.45531470585411,0.0001435242910596823,0.0005365998269348482,True,,
ENSG00000080802,0.4930346253611275,14.24231910180242,0.0001607153831583163,0.0005995225529051799,True,,
ENSG00000183908,2.756942739029923,14.23198339472037,0.0001616004603616217,0.0006014725654715068,True,,
ENSG00000111339,1.49101119296123,14.21200745597162,0.000163324995368086,0.0006065313027092232,True,,
ENSG00000163348,1.999280190786304,14.19107376566353,0.000165152106909483,0.0006119475389949594,True,,
ENSG00000024048,1.518402718211571,14.18049724151206,0.000166083049155441,0.000614026417812989,True,,
ENSG00000172432,3.744300978453502,13.97213492778974,0.0001855401797135059,0.0006844371073875996,True,,
ENSG00000146094,1.977754520221884,13.9410336413639,0.0001886352473723374,0.0006943115535212418,True,,
ENSG00000152402,1.24571201954771e-10,13.92800238922064,0.0001899474744269103,0.0006975947069660864,True,,
ENSG00000018510,1.77136167318961,13.91647505224682,0.0001911159226899439,0.0007003364937423993,True,,
ENSG00000143257,3.348846802989145,13.91130633508146,0.0001916421891654529,0.0007007181365961493,True,,
ENSG00000114030,8.232354396462621e-12,13.77290056457423,0.0002062905550497263,0.0007526204865550453,True,,
ENSG00000171495,1.362246186301627,13.76055549446755,0.0002076506901613762,0.000755921372078694,True,,
ENSG00000152932,3.990890070851242e-11,13.70865697810586,0.0002134682278460698,0.0007753988144955709,True,,
ENSG00000148123,5.46569152059849e-10,13.68748074732139,0.0002158888864983721,0.0007824793702779425,True,,
ENSG00000071246,2.160388463299227,13.63031906077958,0.0002225620535013517,0.0008049085159308144,True,,
ENSG00000115896,1.525958305724615,13.58236193268385,0.0002283207656396113,0.0008239401542646841,True,,
ENSG00000143125,8.87685504297126,13.56789168901832,0.0002300876728058565,0.000828515264333453,True,,
ENSG00000106384,2.90587588001575,13.54220119917591,0.0002332586599742559,0.0008377019661594425,True,,
ENSG00000076067,6.431034108090797e-13,13.53906955806451,0.0002336481989950734,0.0008377019661594425,True,,
ENSG00000112294,0.6444562684232358,13.52954407608195,0.0002348370901916752,0.0008401499347374587,True,,
ENSG00000148484,5.1284253004077,13.39918602725811,0.0002517335149849753,0.000898661580376471,True,,
ENSG00000151413,2.794343059751091,13.30064201676578,0.0002653152520569746,0.0009451144171986649,True,,
ENSG00000166794,4.195858052321409,13.15702541233804,0.0002864432433600239,0.0010162821489028775,True,,
ENSG00000118260,50,13.1565357997315,0.0002865180998111727,0.0010162821489028775,True,,
ENSG00000183323,1.567997574694505,13.0990742862341,0.0002954417368040696,0.0010456999639547027,True,,
ENSG00000172115,4.730245692035787,13.07267783186307,0.000299634458804432,0.0010582834076922492,True,,
ENSG00000197045,1.939529720125464,13.05235331349922,0.000302903571477553,0.001067558234931503,True,,
ENSG00000145526,1.428710666205927,12.9673422818305,0.0003169716566379099,0.001114773199192649,True,,
ENSG00000137947,1.179636545317607e-11,12.89388133159446,0.0003296580747339517,0.0011569395434637628,True,,
ENSG00000174348,0.3420345037279167,12.83026145669282,0.0003410580941748398,0.00119442286145619,True,,
ENSG00000108256,1.528350542946981,12.79196656743443,0.0003481109850714814,0.0012165562846708615,True,,
ENSG00000135604,10.95403612929135,12.7823704389084,0.0003499012654718525,0.0012202439089984772,True,,
ENSG00000175920,1.551868314887405e-08,12.70478971010743,0.0003647201988608018,0.001265581522874822,True,,
ENSG00000198353,1.742623511894656,12.70298193128656,0.0003650729539849129,0.001265581522874822,True,,
ENSG00000155875,1.604796822240596,12.70238819832957,0.0003651888852150842,0.001265581522874822,True,,
ENSG00000158402,2.165005553312363,12.63182842401147,0.0003792340677002404,0.0013115178174633313,True,,
ENSG00000162971,2.611694061301036,12.61238879346092,0.0003831984731965665,0.0013212617794798281,True,,
ENSG00000146830,7.518116591406623,12.61021935678582,0.0003836434805477573,0.0013212617794798281,True,,
ENSG00000196503,1.883209756051127,12.41005731139921,0.0004270277608904305,0.0014676316419836742,True,,
ENSG00000060339,2.027694543737915,12.34112240032118,0.0004430885371464743,0.0015196838257503043,True,,
ENSG00000115944,2.180711972459,12.32007773204623,0.0004481120397141769,0.001533744300877389,True,,
ENSG00000151116,3.512239915191425,12.30962734195782,0.000450627933444081,0.001539181830282252,True,,
ENSG00000175336,2.060232056207803,12.23913819898553,0.0004679743870847908,0.0015951488348270077,True,,
ENSG00000118194,5.124942150451594e-11,12.23477218492917,0.000469070707635022,0.001595609374332247,True,,
ENSG00000110079,2.762102114261998,12.17748152448621,0.0004836990718918299,0.0016420050293260485,True,,
ENSG00000104324,2.360893691549077,12.12222695379751,0.0004982436718519168,0.0016879275413758813,True,,
ENSG00000012822,4.65113098747584,12.08763688914769,0.0005075726507998146,0.0017160297359016135,True,,
ENSG00000143321,1.832242898579076e-11,12.05187500604006,0.000517403111272241,0.0017457096843738213,True,,
ENSG00000134256,3.023159750182743e-12,12.01611061992298,0.0005274264982542132,0.0017759188379350788,True,,
ENSG00000237651,2.54227462741872e-06,12.00425715743222,0.0005307916366278365,0.001783631815389086,True,,
ENSG00000116996,4.428655461589975e-12,11.79141938275643,0.0005950434945567462,0.00199549939588727,True,,
ENSG00000163584,1.181129792469839e-11,11.71604309222494,0.0006196356884258236,0.0020730605309929244,True,,
ENSG00000143156,1.821470292859836e-12,11.71294146016589,0.0006206693276527009,0.0020730605309929244,True,,
ENSG00000136352,2.548097920761669,11.70404109138326,0.0006236451119684405,0.0020788170398948016,True,,
ENSG00000177453,1.348282465424698,11.6107386062904,0.0006557210659442481,0.0021813566522393825,True,,
ENSG00000155087,7.838080821798513,11.57189646231473,0.0006695609480829035,0.0022229423476352395,True,,
ENSG00000154277,4.103787545179017,11.55986065341131,0.0006739090348391041,0.0022329121713231793,True,,
ENSG00000106536,1.378193262670145,11.4839044999826,0.0007020149359667771,0.0023214039715236056,True,,
ENSG00000203972,5.952113213761702,11.45494364819388,0.000713040513331431,0.0023531754515510447,True,,
ENSG00000186038,6.067405183538351,11.42751519663943,0.0007236439753106616,0.002383430553602576,True,,
ENSG00000069956,2.628688554575148e-13,11.34525336640218,0.0007564104925334991,0.002486418648723977,True,,
ENSG00000153485,5.499773474546647,11.32420330037121,0.000765033433065998,0.0025097934760663176,True,,
ENSG00000188175,2.27768080700714e-11,11.30851672913559,0.0007715238066483554,0.002526093725909803,True,,
ENSG00000165714,7.132969556856771e-13,11.24578067406401,0.0007980422040662072,0.002607775706200598,True,,
ENSG00000148218,1.531882911579249,11.2208223492853,0.0008088464570905618,0.002637888249057628,True,,
ENSG00000164548,3.737740529232648e-11,11.11207980337531,0.0008576725864930523,0.00279164018348719,True,,
ENSG00000132541,1.909913923250796,11.08855537183445,0.0008686212517761138,0.002821744183851955,True,,
ENSG00000151239,1.717492237980584,11.05311680919112,0.0008853823043847298,0.002870575439997366,True,,
ENSG00000115211,2.760465475536114e-11,11.04358909217262,0.0008899440522810442,0.0028797409878879793,True,,
ENSG00000166333,2.61036763439766,11.02280910638365,0.0008999758368406496,0.0029065367493297245,True,,
ENSG00000008952,0.3776679094968434,11.01354722001633,0.0009044838803453636,0.0029154237696569,True,,
ENSG00000089127,4.818650621797353,10.94127649973962,0.0009404535370387546,0.0030254900610161483,True,,
ENSG00000138395,1.645562819407368,10.84182791904459,0.0009923272508827186,0.003186195815213371,True,,
ENSG00000205937,5.067849253134915,10.78395153163001,0.001023838801071264,0.0032810278181048228,True,,
ENSG00000163131,6.024196644480999e-12,10.77501955609478,0.001028791289458986,0.0032905463208129414,True,,
ENSG00000153179,1.494761862549868,10.747054215346,0.001044454397328254,0.0033342198068555804,True,,
ENSG00000165046,5.225410842865905,10.67915543748677,0.001083495177297999,0.0034522111215252948,True,,
ENSG00000085365,8.287559050388356,10.65974530780659,0.001094924693215149,0.0034819444266995163,True,,
ENSG00000143384,0.5166826304768793,10.63550299915732,0.001109371062306241,0.0035211395094232505,True,,
ENSG00000196505,1.486650938794678,10.49802271865337,0.00119502356881751,0.003785761687475318,True,,
ENSG00000258227,14.40977994880957,10.49303507300465,0.00119825376193583,0.003788764275835196,True,,
ENSG00000178826,1.580579135534673,10.4725106134465,0.001211639453986946,0.003823805120947396,True,,
ENSG00000174606,1.717869890813458,10.43983742684941,0.001233261246918249,0.003881676280292681,True,,
ENSG00000145908,5.636136108467113,10.43775322932925,0.001234653660237672,0.003881676280292681,True,,
ENSG00000115137,1.790100822029207e-11,10.41789482838249,0.001248000746038036,0.0039130938253327755,True,,
ENSG00000236699,4.931753012604678,10.41588264542952,0.001249361281582151,0.0039130938253327755,True,,
ENSG00000116001,2.307270303475336,10.37764963147492,0.001275499648507261,0.003987437695898405,True,,
ENSG00000104660,3.374149969303949,10.36779161102095,0.001282328478689476,0.003993780348426279,True,,
ENSG00000132781,2.020357423390901,10.36777456798882,0.001282340316693498,0.003993780348426279,True,,
ENSG00000164187,1.831388458695371,10.31347286700111,0.001320625304752743,0.0041053146177707,True,,
ENSG00000091483,2.88114402189552,10.24580671999502,0.001369956595351662,0.004250706445390203,True,,
ENSG00000111266,2.351905878067073,10.23670063294412,0.00137673622204515,0.004263772627975651,True,,
ENSG00000226479,12.76321181181101,10.20195106408482,0.001402921466898022,0.004336777718902639,True,,
ENSG00000143318,11.11306701773916,10.19570880821448,0.001407678420238367,0.004343394382148121,True,,
ENSG00000185220,50,9.956005652484237,0.0016032552423344,0.004937669206447317,True,,
ENSG00000165630,3.055102566024661,9.944721016592666,0.00161311315376178,0.004955646003292298,True,,
ENSG00000167767,5.345391556927567,9.942497311370971,0.001615062944446466,0.004955646003292298,True,,
ENSG00000111424,1.267524123127691,9.937489130301401,0.001619462968804997,0.004959978834347408,True,,
ENSG00000184305,4.367885537126229e-07,9.887031654521707,0.001664476536157533,0.005088454972415294,True,,
ENSG00000159674,0.6182955084341349,9.83965735291713,0.001707893081596024,0.005211585506340809,True,,
ENSG00000134109,1.242383264807683e-11,9.833811192387657,0.001713329787191076,0.005218582471077406,True,,
ENSG00000138675,7.645792577426914,9.807869965758073,0.001737666480347344,0.0052830153065505335,True,,
ENSG00000167779,2.295048463178741,9.777155289846633,0.001766934753982596,0.0053621785952671095,True,,
ENSG00000178053,1.655562021084349,9.759367870319693,0.001784112457078435,0.0054042782995744046,True,,
ENSG00000117245,0.3108404108035429,9.756067208661989,0.001787318546064065,0.0054042782995744046,True,,
ENSG00000167653,3.273768858749913,9.740964185396933,0.001802063475507043,0.005431602116961433,True,,
ENSG00000113088,1.587165350492157,9.740111860733123,0.00180289925689503,0.005431602116961433,True,,
ENSG00000172766,0.2827616671957893,9.728474801260745,0.001814349822083838,0.005456196928730382,True,,
ENSG00000111206,1.37185172986127e-13,9.701149555570737,0.001841527757153294,0.005527913339736832,True,,
ENSG00000151461,0.6753511954738884,9.668119282796397,0.001874931495969068,0.005618025782145583,True,,
ENSG00000152137,2.053147099889291,9.660447068266876,0.001882777958098769,0.005631371910709831,True,,
ENSG00000119801,0,9.656884742387774,0.001886432496739587,0.0056321545765966085,True,,
ENSG00000175137,2.841599476843407,9.644663013041281,0.001899025333527926,0.005659572807282508,True,,
ENSG00000162664,1.415496542167965,9.596181935175991,0.001949823759038627,0.005800550967749321,True,,
ENSG00000113520,3.234098666838488e-07,9.519668754142913,0.002032812711813436,0.006036617355295713,True,,
ENSG00000106331,3.505495002809377e-11,9.51235054370045,0.00204093563944252,0.006049916359776041,True,,
ENSG00000057294,1.7525021325494,9.49190298117901,0.002063806523035394,0.006106807180461238,True,,
ENSG00000176463,0.5786517938181539,9.485578487721796,0.002070933049098223,0.006116990856766993,True,,
ENSG00000203666,7.333368232068413,9.467614138153294,0.002091311935417228,0.006166212811354526,True,,
ENSG00000104490,4.319530668819845,9.442061111541989,0.002120650384339173,0.006241630563835154,True,,
ENSG00000160808,8.065447944462278,9.438493845187622,0.002124779177123504,0.006242714042522154,True,,
ENSG00000143158,4.760012758663962,9.425932969167661,0.00213938227370003,0.00627451338222977,True,,
ENSG00000167967,1.638036622782386,9.410014531109482,0.002158035166451078,0.006318057101073703,True,,
ENSG00000164754,7.03054706807141,9.377205807330029,0.002197001781168662,0.006420815064683062,True,,
ENSG00000151611,0.5059574102431951,9.363348480816057,0.002213673660293347,0.006451391693237884,True,,
ENSG00000158985,13.06443135128865,9.362054574711692,0.002215236906714213,0.006451391693237884,True,,
ENSG00000163581,6.881078162211543,9.2689146799421,0.002330757742837974,0.006775933192838943,True,,
ENSG00000173212,5.768996470409432,9.251718917055769,0.002352744846393473,0.006827895882890149,True,,
ENSG00000168824,2.801127824405109,9.244239113031654,0.002362374353464647,0.006843876835517127,True,,
ENSG00000068912,0.6849267347960813,9.220495825851685,0.002393207258072461,0.006921122035540567,True,,
ENSG00000152795,4.985119048601867,9.09994138773618,0.002556176859550785,0.007376870177188096,True,,
ENSG00000135100,1.394898603322014,9.097432852860948,0.002559685073530327,0.007376870177188096,True,,
ENSG00000172262,2.365897983334142,9.058259577941499,0.002615107814519346,0.007523533747144045,True,,
ENSG00000143543,2.817489558566733,9.050338076834123,0.002626462483790171,0.00754312754860153,True,,
ENSG00000240771,1.320853824337593,9.046773719448538,0.002631587943171199,0.007544794448470104,True,,
ENSG00000115677,1.512320796581538,9.023858795495471,0.002664782417766354,0.007626791057745083,True,,
ENSG00000197885,2.418569426460894,8.931629436101503,0.002802741967168787,0.007993727815243948,True,,
ENSG00000136870,0.3302306216962286,8.92961892690073,0.002805828812333266,0.007993727815243948,True,,
ENSG00000005156,0.7061713094871387,8.928573204029817,0.002807435732703145,0.007993727815243948,True,,
ENSG00000100884,0.4917500172019003,8.890311892100726,0.002866877559667524,0.008149001282616593,True,,
ENSG00000170464,2.69809156654932e-11,8.861722935707803,0.002912125756249551,0.008263467957904709,True,,
ENSG00000117543,2.730590290085427,8.85766363042967,0.002918609033256025,0.00826773207372867,True,,
ENSG00000163463,3.65939766500653,8.840417205363337,0.002946317854545688,0.008332006198544876,True,,
ENSG00000187049,1.662275109960026,8.818909037646335,0.002981248537345049,0.008416449952368675,True,,
ENSG00000263528,1.091443316337976e-10,8.810488446557429,0.002995038459074451,0.008441025198749726,True,,
ENSG00000112706,1.37689457921138,8.574728809238877,0.003408607219215765,0.009590318616776559,True,,
ENSG00000113119,1.881691746302563,8.532608830948448,0.003488393208800011,0.009798194122856207,True,,
ENSG00000084444,1.487117863827025,8.496568200542242,0.00355816963272737,0.009977299983661207,True,,
ENSG00000113946,2.016789004016483,8.47762866903031,0.003595404665652668,0.010064707833024333,True,,
ENSG00000115317,4.724207128312003e-12,8.4259073894209,0.003699119984654331,0.010337608037922878,True,,
ENSG00000149573,3.255432931819951,8.422520632817395,0.003706016577592619,0.010339474821518903,True,,
ENSG00000134690,2.104079944110896,8.404315467927518,0.003743313229808587,0.010426006646782306,True,,
ENSG00000113594,2.09764665359571e-05,8.383310815203004,0.003786819826777754,0.0105295157662497,True,,
ENSG00000036565,1.921561766682467,8.34099589662219,0.003876034515981175,0.010759560696536372,True,,
ENSG00000112033,2.486854049124458e-10,8.31752203815995,0.003926444778612148,0.010881299386471062,True,,
ENSG00000146007,1.903339255314475,8.202139464283391,0.00418410223346688,0.011560245910402807,True,,
ENSG00000160767,3.51047220106281,8.199870043987175,0.004189339032926842,0.011560245910402807,True,,
ENSG00000150760,0,8.19857511104783,0.004192330143411138,0.011560245910402807,True,,
ENSG00000173626,0,8.17995180521666,0.004235588545843716,0.011660160839304426,True,,
ENSG00000175581,3.758015196543579,8.164495211982285,0.004271836152148434,0.01174047684199735,True,,
ENSG00000197958,1.48800221460324,8.103880300198398,0.00441705984634766,0.012119536107334074,True,,
ENSG00000182168,2.394029403881191,8.09775374448509,0.004432015045314097,0.012140503259441257,True,,
ENSG00000112584,0.6258718711184863,8.084794075839454,0.004463820286166875,0.012207482166453069,True,,
ENSG00000180881,4.606692698290164,8.061257051536813,0.004522179774136159,0.012346740830700698,True,,
ENSG00000147536,3.174950785604433,8.049570434313864,0.004551444528989479,0.012406236318756215,True,,
ENSG00000139266,2.823430277933996,8.029804877094648,0.004601379618907386,0.012521787159649607,True,,
ENSG00000066336,2.425512391704601,7.9940664137157,0.004693089258262284,0.012750455267946631,True,,
ENSG00000169429,5.387991449747721,7.987147596255454,0.004711057851146561,0.012773281245786564,True,,
ENSG00000092607,1.453105937472606,7.98491139924954,0.004716880363654918,0.012773281245786564,True,,
ENSG00000198252,10.01982731304761,7.965096259766142,0.004768795497350542,0.012892834732250651,True,,
ENSG00000176018,1.488239577892253,7.939967751653967,0.004835469631571776,0.013051836729120567,True,,
ENSG00000134851,2.428060666508386,7.843784572942241,0.005099573278748548,0.013742356562861349,True,,
ENSG00000152942,0.6579334973197556,7.815636663275654,0.005179609757977488,0.013915584414471546,True,,
ENSG00000166170,10.38679898149719,7.815283799025565,0.005180621185628564,0.013915584414471546,True,,
ENSG00000115866,4.029418039655287,7.79682512418367,0.005233811630177443,0.014010061325318835,True,,
ENSG00000070087,1.567285874944541,7.794369336235832,0.005240930053948212,0.014010061325318835,True,,
ENSG00000140575,0.660181727924578,7.794306161958957,0.005241113303025902,0.014010061325318835,True,,
ENSG00000034677,4.536905177786924,7.757564584120701,0.005348803610272568,0.01427494211101682,True,,
ENSG00000144048,1.630015264843649,7.74614505477075,0.005382731929127194,0.01434243178547535,True,,
ENSG00000168679,1.856163935194836,7.725666819067555,0.005444124930443217,0.014482768244448302,True,,
ENSG00000165410,1.421012286738637,7.616281948296091,0.005784362395433673,0.015363266522271834,True,,
ENSG00000150756,4.643440090850348,7.584172954859241,0.005888297240815854,0.015614334536348752,True,,
ENSG00000112116,1.648863340644857,7.542297526168113,0.006026714520274701,0.015955894902162683,True,,
ENSG00000169814,1.37558691150984,7.517977650772082,0.006108622248775619,0.016146995116190332,True,,
ENSG00000171503,4.446147700403946,7.514834218643955,0.006119291705062202,0.01614948208331201,True,,
ENSG00000164172,7.652632956248258,7.511051117962779,0.00613215754788532,0.01615774845950735,True,,
ENSG00000166881,1.736385462831923,7.458221656139358,0.006314735963455331,0.016612374385861477,True,,
ENSG00000241644,4.075718016351846e-20,7.455380378625705,0.006324711211966538,0.016612374385861477,True,,
ENSG00000173612,3.407914913298007e-10,7.436070443458448,0.006392932650812644,0.016765036651420203,True,,
ENSG00000084628,3.818532062866324,7.378873281328197,0.006599450251024153,0.017279317691955984,True,,
ENSG00000075673,4.626817866347738,7.346584930892277,0.006719026922460403,0.01756470030123507,True,,
ENSG00000145700,1.265367508753974,7.340938488021493,0.006740164164190432,0.01759225237823289,True,,
ENSG00000088726,2.717207198354835,7.329471048829873,0.006783301339522763,0.017677049016652725,True,,
ENSG00000112425,3.789348405748125,7.318603999956395,0.006824440230011386,0.0177563805357663,True,,
ENSG00000167580,1.311842475537228,7.313962136504415,0.006842090307804027,0.017774444305093402,True,,
ENSG00000162601,1.746657750598709e-09,7.27603211227688,0.006988072803757905,0.018125313834747067,True,,
ENSG00000149021,2.334124665569176,7.213868412518423,0.007234240783931978,0.018734539315642874,True,,
ENSG00000197635,3.704689921088746,7.199479404938756,0.007292473274692846,0.018855927781916082,True,,
ENSG00000163633,2.036334383785956,7.158731458381226,0.007459993686616762,0.01925908167929055,True,,
ENSG00000170458,3.277001126778365,7.122999859493575,0.007610126471983336,0.019616164508528475,True,,
ENSG00000110696,1.999835902638623,7.115750011883392,0.007640963016444235,0.019646535698111558,True,,
ENSG00000184574,3.639197188872874,7.114667212215863,0.007645579554807269,0.019646535698111558,True,,
ENSG00000175352,4.121399388976521,7.085867040172161,0.007769421971967616,0.019933911087273944,True,,
ENSG00000185591,3.145875116455765,7.040255408144731,0.007969766542575085,0.02041637725412753,True,,
ENSG00000174015,2.357326650324844,7.022513623338455,0.008049115845655264,0.020587877201521936,True,,
ENSG00000106367,2.976687986754136,6.965175735613229,0.008311126967373905,0.021225339639754898,True,,
ENSG00000082074,1.174731576276299,6.925910334539367,0.008495573676233659,0.02166306037257738,True,,
ENSG00000109180,1.204648802801841,6.91999182136351,0.00852373658716088,0.021695445064672463,True,,
ENSG00000177058,3.378504641642257,6.91775336732826,0.008534413028452481,0.021695445064672463,True,,
ENSG00000141068,1.431779670986518,6.902788624240202,0.008606140724399358,0.021817298173529644,True,,
ENSG00000137310,2.493232664990932,6.902271010920231,0.008608632713049347,0.021817298173529644,True,,
ENSG00000169019,6.368897415731541,6.894673083193084,0.008645297144178832,0.02187009871098452,True,,
ENSG00000026751,1.453520662546659e-11,6.892499323519587,0.008655816176576403,0.02187009871098452,True,,
ENSG00000184163,10.31705975019038,6.883045809005125,0.008701715226933193,0.021952655435728118,True,,
ENSG00000116353,0.130514346098785,6.868978171602066,0.008770478588410624,0.022092556080063178,True,,
ENSG00000007216,1.344891992801303,6.854250882730412,0.008843062501801113,0.022241642049984616,True,,
ENSG00000166349,2.012964730957987,6.844342978256464,0.008892239673832014,0.022331494491015343,True,,
ENSG00000086159,5.374703746370784,6.840774663647608,0.008910019243416167,0.022342344326390994,True,,
ENSG00000183283,1.40893301099778,6.741456905197992,0.00941976664319133,0.023584936090041638,True,,
ENSG00000111711,4.878774208877839,6.724915068467453,0.009507525795167338,0.023768814487918344,True,,
ENSG00000198092,2.087150075279348,6.690514243671714,0.00969272418546463,0.02419537165093426,True,,
ENSG00000064999,2.911580127265214e-12,6.619954713765765,0.01008423978930961,0.02513489196734828,True,,
ENSG00000138696,1.891345382166618e-10,6.616371730277024,0.01010454793785742,0.02514062337008534,True,,
ENSG00000188199,1.391456081792156,6.614208523380512,0.01011682916338374,0.02514062337008534,True,,
ENSG00000134548,1.554498995163771,6.586417737375086,0.01027597439608519,0.025497933479075356,True,,
ENSG00000046889,0.6525266687832219,6.554256978968624,0.01046335227216677,0.02592412652506991,True,,
ENSG00000232070,4.124031774803937e-08,6.496163943476859,0.01081074957944395,0.026723834700979037,True,,
ENSG00000156574,3.087173272518649e-11,6.49491884386407,0.01081832344521561,0.026723834700979037,True,,
ENSG00000116205,4.354707047640466e-12,6.487008767222505,0.01086656726344026,0.026803122819184,True,,
ENSG00000187109,3.996763064700247,6.465970381141233,0.01099595811554588,0.027079324968020003,True,,
ENSG00000173715,3.956688163695734,6.463513487142336,0.01101117129723705,0.027079324968020003,True,,
ENSG00000154146,4.364518192809715,6.436485939477507,0.01117995938221061,0.027434521360314316,True,,
ENSG00000133104,0.673026615519856,6.435104547956144,0.0111886572053812,0.027434521360314316,True,,
ENSG00000138081,1.885677503864119e-09,6.428908830617729,0.01122775354981231,0.02746238108940168,True,,
ENSG00000117069,0.5820982646131162,6.428062258644786,0.01123310648174924,0.02746238108940168,True,,
ENSG00000077150,1.511219028561785e-08,6.384210001837346,0.01151399966420164,0.028107705062609886,True,,
ENSG00000174799,2.156964002511913,6.377418398144073,0.01155814333487026,0.028174035148141895,True,,
ENSG00000180773,1.651050614421935,6.36458390201733,0.01164203923918261,0.028336928353435674,True,,
ENSG00000181135,2.135596383379118,6.323492922358128,0.01191487031625516,0.028958542789141384,True,,
ENSG00000177551,28.65973190921266,6.309250203742522,0.01201096242958033,0.029149411744303137,True,,
ENSG00000228570,1.412646882091873,6.288622848776868,0.01215154322165701,0.029447535398468082,True,,
ENSG00000105819,3.780545456765199,6.284961675220984,0.01217667112877441,0.029465414101699006,True,,
ENSG00000183607,3.219976464824206,6.228356940189769,0.01257203365858417,0.030377839699053454,True,,
ENSG00000185559,1.631659452907247,6.197442410244548,0.01279350501799725,0.030868049898074762,True,,
ENSG00000161850,1.694742145184669,6.156817996816244,0.01309064937071303,0.03151969990899685,True,,
ENSG00000182134,0.7474774805515384,6.155344165017596,0.01310156201036616,0.03151969990899685,True,,
ENSG00000157456,3.768240115449056,6.149119708828948,0.01314775277863067,0.03158505009048757,True,,
ENSG00000059377,1.450455109129288,6.121501263252867,0.01335473361192352,0.03203592167022116,True,,
ENSG00000166886,1.384707354116266,6.058554390609061,0.01383909231428937,0.03314991809772057,True,,
ENSG00000111011,2.324335727163339,6.021141047745914,0.01413550464561553,0.0338111494405213,True,,
ENSG00000197780,2.135868167517952,6.015807126745131,0.01417829231060874,0.033864698180734544,True,,
ENSG00000143179,0.5638046110134699,6.00705014264895,0.01424882835934194,0.0339842745352121,True,,
ENSG00000091140,2.506675597282174e-11,5.987900249951053,0.01440433872387326,0.03430588562644134,True,,
ENSG00000187260,1.617858906825774,5.935867565342051,0.01483576370728001,0.03526470844609349,True,,
ENSG00000162813,0.7017916280807135,5.934246496144624,0.01484941638784298,0.03526470844609349,True,,
ENSG00000134240,1.648160558037127,5.914783691441698,0.01501434629612919,0.03560544978796351,True,,
ENSG00000166343,1.023525264518746e-10,5.900827232097072,0.01513377530460891,0.03583747076412381,True,,
ENSG00000134259,7.337722683092305,5.894329075574205,0.01518971509431133,0.035918699510764686,True,,
ENSG00000075303,0,5.86990248139773,0.01540190505746841,0.036368652056042054,True,,
ENSG00000175224,0.0282709523750654,5.82807293451333,0.01577239177684664,0.03719058288290543,True,,
ENSG00000175946,1.462676963815617,5.816172590584756,0.01587946279256824,0.03738994075980607,True,,
ENSG00000112319,0.7099186551724341,5.789314326757449,0.01612387689629502,0.03791166522358319,True,,
ENSG00000171557,0.3339145374147132,5.779197383042629,0.01621694505397764,0.03807656122998993,True,,
ENSG00000061492,2.220231333503017,5.744822356053191,0.01653732789875972,0.03877396089257223,True,,
ENSG00000138741,1.412481765089317e-08,5.69907178072026,0.01697388729008487,0.03974140042530449,True,,
ENSG00000132704,0.4053392540458923,5.676266958151245,0.01719591709601587,0.040204538562515976,True,,
ENSG00000100628,2.803309961109505e-13,5.657510772733076,0.01738077382128811,0.04057958444913961,True,,
ENSG00000164402,2.273134707850781,5.638077149735182,0.01757447132105128,0.04090833844187227,True,,
ENSG00000169855,0.3530391246749245,5.63751069967293,0.01758015050194783,0.04090833844187227,True,,
ENSG00000149452,1.146991087257254e-10,5.635979242772009,0.01759551424548,0.04090833844187227,True,,
ENSG00000135002,5.001840568741279,5.602737254014755,0.01793243892001672,0.04163335469542344,True,,
ENSG00000156535,3.924875753863714e-10,5.545695212291321,0.01852619622902851,0.04295179572651861,True,,
ENSG00000139990,1.121755850554521e-10,5.51851092405559,0.01881626893228638,0.043563467820914074,True,,
ENSG00000170876,1.248756189808786,5.486842634178174,0.01916011434171816,0.04429775739171608,True,,
ENSG00000164746,3.839207919649387,5.466940261008858,0.01937952545591004,0.04474271523895781,True,,
ENSG00000167531,1.814679400421285,5.45242678771956,0.01954116360670877,0.045053238315467446,True,,
ENSG00000143641,3.456648058620547,5.442833874258213,0.01964876539594229,0.04523848898372289,True,,
ENSG00000135605,1.364632604171746,5.439849652349949,0.0196823635862915,0.045253079713634195,True,,
ENSG00000171202,3.711295346745063,5.411484425367235,0.02000469785855152,0.04593056493111414,True,,
ENSG00000167780,1.433142672123664,5.373513901948172,0.02044475077694796,0.04687608603554366,True,,
ENSG00000146857,9.856712533200575e-14,5.322307082555199,0.02105411834549364,0.04820667097037165,True,,
ENSG00000155363,1.15599069887812e-11,5.289827983491705,0.02145033872303492,0.04904622903614045,True,,
ENSG00000185467,2.480432173099122e-11,5.281165746288025,0.02155730987462801,0.04922301842074621,True,,
ENSG00000006377,3.94845522015794,5.270838657514105,0.02168556268427224,0.04944784897787352,True,,
ENSG00000110906,1.541238064588301,5.231544248865248,0.02218083102420321,0.0505077908095711,False,,
ENSG00000178057,1.992410614226612,5.215872423008477,0.02238161451882514,0.05089517822089005,False,,
ENSG00000164125,1.397348662720098,5.184846425931028,0.0227846858820131,0.051740873548757525,False,,
ENSG00000067082,3.310910236874581,5.178090125122253,0.02287345285093922,0.051871491437922274,False,,
ENSG00000113492,1.386422219894458,5.165292703997693,0.02304257434801149,0.052183729082809105,False,,
ENSG00000168118,0.4578290143048865,5.143323380969377,0.02333593445957283,0.052776091557072066,False,,
ENSG00000115998,2.260511414941069,5.137969147886906,0.02340801557864758,0.05286708280347616,False,,
ENSG00000096395,1.398660432129499,5.122365006436667,0.02361940547204222,0.05327202864618218,False,,
ENSG00000155256,1.594193176028535e-13,5.101859692396829,0.02390020609592924,0.053832214544426785,False,,
ENSG00000116514,6.072974057415639e-11,5.065588752106123,0.02440541405491103,0.05489564679017928,False,,
ENSG00000171843,0.5160384543104803,5.048746646811196,0.0246437583133734,0.0553567507445194,False,,
ENSG00000164591,1.964355421532437,5.025921282191121,0.02497063791239595,0.056015214776455775,False,,
ENSG00000070886,1.235152819539462,5.002236834778159,0.02531458224125227,0.05671013025705637,False,,
ENSG00000162069,2.495025062119825,4.973462046062195,0.02573907813781895,0.057583382356845625,False,,
ENSG00000100462,2.624708614193144,4.962967150611803,0.02589573689467717,0.057855885928888434,False,,
ENSG00000087206,0.5868140111304544,4.942795897753967,0.02619962396403308,0.058456150242331875,False,,
ENSG00000155761,1.562730297818165,4.912373193335952,0.02666498054143474,0.059414587515143176,False,,
ENSG00000163879,0.3865735631160066,4.896855473029063,0.02690564599468126,0.05987047232060441,False,,
ENSG00000133083,1.800641682396372,4.86037767745438,0.02748031983040755,0.06106737740090567,False,,
ENSG00000152380,7.496875202791042,4.825315454265365,0.02804473276830244,0.062238310689013435,False,,
ENSG00000145642,1.852244163433748,4.798787190956318,0.02847977859943429,0.06311940250341912,False,,
ENSG00000149136,1.450458098267782,4.787661313763238,0.02866432088657578,0.06344369689562106,False,,
ENSG00000290292,3.487372430549981,4.752618868304125,0.02925374074267773,0.06466206342589217,False,,
ENSG00000163818,1.423568366993031,4.748383944410307,0.02932582290445052,0.06473519417737748,False,,
ENSG00000185662,1.470423884100248,4.737283663071139,0.02951563884916597,0.06506767661303521,False,,
ENSG00000114779,4.916952949110566,4.729998131730099,0.02964091746765041,0.06525719230278472,False,,
ENSG00000116748,0.2348496266951762,4.719324387006054,0.02982545945161541,0.06557650687375044,False,,
ENSG00000117155,0.7095254888613215,4.686264011827006,0.03040468644062566,0.06676161308391348,False,,
ENSG00000164808,2.513660556122867,4.675173422350781,0.03060161293026054,0.06710525424601387,False,,
ENSG00000087884,0.5301826458621974,4.6544044979928,0.03097397469063801,0.06783218731722836,False,,
ENSG00000196182,1.097764138830599e-10,4.646274445898598,0.03112102066817457,0.06806441937967034,False,,
ENSG00000184923,1.312462188692382,4.630353021522751,0.03141109993892977,0.06860845512976767,False,,
ENSG00000198121,2.352932668356894,4.612071192095755,0.03174766628439107,0.06925246521956527,False,,
ENSG00000117479,0.6790385026702165,4.609174450757564,0.03180133930288154,0.06927850819262908,False,,
ENSG00000198732,2.898730221832005,4.595931967996876,0.03204791461564882,0.06972416548096598,False,,
ENSG00000160716,1.625278336615083e-09,4.575991965648427,0.03242296869898798,0.07044781157109954,False,,
ENSG00000110200,0.3011220534441834,4.552278586237662,0.03287496918762489,0.07133653444634944,False,,
ENSG00000196189,2.012566587280122e-10,4.537961689529766,0.03315104441984174,0.071748710702456,False,,
ENSG00000112964,1.120223870977057,4.537945286167087,0.03315136211372516,0.071748710702456,False,,
ENSG00000144152,0.6775467028764617,4.53509632213536,0.03320658799574383,0.07177465634496713,False,,
ENSG00000187118,1.466848135603027,4.527897551639398,0.03334656150903004,0.07191924330911335,False,,
ENSG00000165929,5.232747672389957e-12,4.527201361604966,0.03336013093254053,0.07191924330911335,False,,
ENSG00000187164,1.92986707397932,4.51599370893382,0.03357937469737804,0.07229800518501626,False,,
ENSG00000140254,1.748141054374375,4.478557465256017,0.03432267908282771,0.07380265191385234,False,,
ENSG00000007402,1.222647604395083,4.386062333374866,0.03623390530243598,0.0778114913351148,False,,
ENSG00000187801,1.57637952912172e-09,4.363868052983889,0.03670886396011419,0.07872960487569709,False,,
ENSG00000110768,1.600426971314695,4.354730492937961,0.03690629833461112,0.07900438523078496,False,,
ENSG00000114770,0.8458852535627284,4.352774231621879,0.03694871141211042,0.07900438523078496,False,,
ENSG00000083937,1.311815538838876,4.35134347766143,0.03697976344838549,0.07900438523078496,False,,
ENSG00000167965,1.243289226728219,4.296016748201509,0.03820174754821182,0.08151015543705863,False,,
ENSG00000108018,1.579168228133604e-11,4.289696497115074,0.03834400975092811,0.08170867289671459,False,,
ENSG00000175449,8.73738359930827e-12,4.28222764534803,0.03851284196543514,0.08196322777259274,False,,
ENSG00000182504,8.185153853686832e-09,4.278268031965126,0.03860266433293558,0.08204919691763517,False,,
ENSG00000089902,2.026416669883757,4.274324650854396,0.0386923367928409,0.08213462797457274,False,,
ENSG00000166313,1.274901346004214,4.271928890506388,0.0387469229980768,0.0821454561645051,False,,
ENSG00000137558,0.004619685776099188,4.253300078245957,0.03917413632769862,0.08294523763262718,False,,
ENSG00000049246,0.6713730678786779,4.245206818217412,0.03936127522440958,0.08323530811785974,False,,
ENSG00000188611,2.622546826865349,4.242311404523207,0.03942845287446461,0.08327128724123568,False,,
ENSG00000139880,8.883963774586345e-05,4.239917547165533,0.03948408454128649,0.08328282126878726,False,,
ENSG00000080293,0.5556649612800496,4.234993039386609,0.03959878595830324,0.08331436486324963,False,,
ENSG00000110921,1.411431787294212,4.234965945317526,0.03959941799825539,0.08331436486324963,False,,
ENSG00000011021,2.384890955002748,4.212207734803087,0.04013406985519874,0.08433234931598722,False,,
ENSG00000138758,1.452655314048536e-10,4.191890424568555,0.04061778025751517,0.08524085363776887,False,,
ENSG00000188191,0,4.177682974208437,0.0409596622056525,0.08584979704720096,False,,
ENSG00000100911,5.799057225301008e-11,4.165847624783055,0.04124676997081855,0.0863425449578295,False,,
ENSG00000165449,0.6222625647364791,4.159381595174636,0.04140451827082126,0.08653406393864584,False,,
ENSG00000180185,2.36698947948228,4.15782784808107,0.04144251857302617,0.08653406393864584,False,,
ENSG00000152359,1.214103872252847,4.152275667474896,0.04157860901897048,0.08670915951192337,False,,
ENSG00000169758,1.767136608007676,4.139933586098778,0.04188281258731963,0.08723396348174477,False,,
ENSG00000179021,7.013721323567256e-11,4.12754867604599,0.04219042365320114,0.08776454043147103,False,,
ENSG00000115507,1.965509853643953,4.124758002044473,0.04226006445067076,0.08779938296384664,False,,
ENSG00000174516,4.908815300575433e-10,4.08574114330986,0.0432464811919695,0.08973644847333671,False,,
ENSG00000169248,3.271902779101409,4.076353448021109,0.04348741388880828,0.09003402502201856,False,,
ENSG00000170044,1.923504528805139e-13,4.075927999321721,0.0434983663058186,0.09003402502201856,False,,
ENSG00000198865,1.332482259558893,4.069795127008547,0.04365656897167303,0.09024894706472882,False,,
ENSG00000185670,3.696628568456174,4.062824440308759,0.04383711910611987,0.0904904404116493,False,,
ENSG00000137261,0.1859069648384255,4.061080495637725,0.04388241236829982,0.0904904404116493,False,,
ENSG00000151689,0.2324434029501137,4.027038142692618,0.04477648613224661,0.09221956200934164,False,,
ENSG00000196372,2.283516926954097,4.018528550957853,0.04500296084362976,0.09257114622109715,False,,
ENSG00000136143,2.213926232910936,4.005540256715904,0.04535096060385557,0.09317152797326764,False,,
ENSG00000168092,1.939306955206047,3.989278280616418,0.04579067400574222,0.09395861415269727,False,,
ENSG00000145241,1.148271136131363,3.966453973975149,0.04641542062063586,0.09512296077809325,False,,
ENSG00000112245,2.444446788499114e-11,3.962281641555819,0.04653059359949907,0.0952414122998378,False,,
ENSG00000163121,3.682065295935812e-12,3.948533539962227,0.0469122326295669,0.09590431793729194,False,,
ENSG00000236980,6.445555519201952,3.939624265428392,0.04716131005542623,0.09629492582042748,False,,
ENSG00000151575,1.304620958715512e-06,3.933111371014093,0.04734427386000595,0.09648536464243995,False,,
ENSG00000119414,0.655698164572211,3.93216838873559,0.04737082661661962,0.09648536464243995,False,,
ENSG00000080298,0.8124990332506119,3.913473819964565,0.0479004890625554,0.09744462235764947,False,,
ENSG00000162775,1.796926652044637,3.910019914299482,0.04799902853172999,0.09752556592738285,False,,
ENSG00000138668,1.52401656050387,3.906379534848384,0.04810311964664116,0.0976175777670224,False,,
ENSG00000004700,5.548883734888062,3.903174585851957,0.04819495746977187,0.097684529181711,False,,
ENSG00000263639,2.66886736338215,3.890052817370815,0.0485728960073587,0.09832125058061851,False,,
ENSG00000174948,4.12077954463239,3.888163905585316,0.04862755826908904,0.09832125058061851,False,,
ENSG00000167962,0.7033272123147635,3.877155964997655,0.048947406175745,0.09884755991695462,False,,
ENSG00000175279,1.283981848148316,3.86844256697168,0.04920215843209619,0.09924129161273351,False,,
ENSG00000138709,2.300357089202512,3.857498088298598,0.04952412593684463,0.09976947700869185,False,,
ENSG00000104738,6.4981574941001e-07,3.84637903017574,0.04985350919636333,0.10031130335268258,False,,
ENSG00000091879,1.897056594483706,3.837616049666394,0.05011472822104801,0.1007148291125178,False,,
ENSG00000143194,2.556132148001694e-11,3.834830018691719,0.05019808077187304,0.1007603556001321,False,,
ENSG00000211456,0.280014053458979,3.828632022952661,0.05038403853455897,0.10098832797274103,False,,
ENSG00000172733,0.507795188081014,3.826993263623081,0.05043332764421826,0.10098832797274103,False,,
ENSG00000023041,1.993649545228938,3.797573838892276,0.0513269037913342,0.1026538075826684,False,,
ENSG00000009765,1.751109006853254,3.774242878331279,0.05204745086866047,0.10389725862295794,False,,
ENSG00000186197,0.5809022549331785,3.773395978196277,0.05207380673150663,0.10389725862295794,False,,
ENSG00000174080,3.501915566049053,3.762276525376365,0.05242116144789177,0.10446473950000042,False,,
ENSG00000112214,1.151157010838524e-11,3.755139849839907,0.05264539159538306,0.10478579142486316,False,,
ENSG00000112941,2.096545753378636,3.752792222512653,0.05271937438937813,0.10480737902559006,False,,
ENSG00000158467,0.4332943758537124,3.726580467744498,0.05355292397113598,0.10633714568431307,False,,
ENSG00000160404,2.141106100282542e-10,3.721260565642297,0.0537237974508219,0.10654898897056672,False,,
ENSG00000117569,0.722923567706072,3.715064783085836,0.05392353217704204,0.10681749810726704,False,,
ENSG00000165970,3.296993895141499,3.694071530400834,0.05460616592663603,0.10802991731083574,False,,
ENSG00000165669,1.302573210852827,3.692252601420478,0.05466574128982049,0.10802991731083574,False,,
ENSG00000135363,1.844950520504021,3.68887023453135,0.05477670715998684,0.1081204921350513,False,,
ENSG00000109511,4.961538055944779e-12,3.646738319488577,0.05617912946410775,0.11075695357531931,False,,
ENSG00000257987,1.506157763256233,3.633220597759646,0.05663711743652766,0.11146639855847938,False,,
ENSG00000250298,1.717382279470589,3.632158266887018,0.05667327733937144,0.11146639855847938,False,,
ENSG00000166961,7.463850882578956e-14,3.616952706763186,0.05719354250733544,0.11235654504399625,False,,
ENSG00000145826,3.89759533428411e-12,3.600809732061862,0.05775143541699324,0.11331841937613332,False,,
ENSG00000111405,1.282314556822895,3.597844137089851,0.05785455173858711,0.11338672477692398,False,,
ENSG00000154133,3.222481676240896e-09,3.557351131486939,0.0592822688995116,0.11604783770423262,False,,
ENSG00000168079,0,3.544691014427372,0.05973629209369813,0.11679887500063474,False,,
ENSG00000142867,1.257117371645486,3.533497826942039,0.06014078806753254,0.11745142140247533,False,,
ENSG00000109255,1.436250097901537,3.519924085248931,0.060635224729921,0.11827787667646164,False,,
ENSG00000095319,1.540641750578877,3.499412317003589,0.06139061053821593,0.1195920603039877,False,,
ENSG00000164010,1.683444680776474,3.497729447699385,0.06145302857789248,0.1195920603039877,False,,
ENSG00000155542,1.297936735630057,3.490665446355706,0.0617157722064815,0.11996274222805536,False,,
ENSG00000205352,1.25678618730184,3.475495545795638,0.06228406430881428,0.12092578567559265,False,,
ENSG00000145757,6.683480507492622,3.448061817793132,0.06332598767874797,0.12280506956392714,False,,
ENSG00000109182,1.621596409886753,3.443687087492435,0.06349384861980323,0.12298691798001558,False,,
ENSG00000155189,6.22495720416598,3.441148626850918,0.06359146826402318,0.123032444426898,False,,
ENSG00000107242,0.3735754740331765,3.426218064181739,0.06416888997228576,0.12400507258905047,False,,
ENSG00000074317,1.744736872760098,3.411444871417189,0.06474573291263985,0.1249743216685839,False,,
ENSG00000204219,1.774145385114545e-10,3.40581185451083,0.06496713785646335,0.1251464812061311,False,,
ENSG00000139910,3.658962997225629,3.405340451376105,0.0649857028913765,0.1251464812061311,False,,
ENSG00000187288,0.5665978927146657,3.402562107410631,0.06509523610892654,0.125212157521226,False,,
ENSG00000144535,0.7411218994988695,3.393751178758976,0.06544390272179879,0.12573712791456712,False,,
ENSG00000197822,1.218334045515629,3.388347981192055,0.06565870408238594,0.12590010425426165,False,,
ENSG00000134198,1.336167185491267,3.387802885739802,0.06568041583384976,0.12590010425426165,False,,
ENSG00000153936,3.856553001550036,3.354153134747321,0.06703568294899276,0.12834975051364242,False,,
ENSG00000163453,0.7937929054329842,3.346742603416715,0.06733814293898543,0.12878031944552515,False,,
ENSG00000151572,1.345993301285732,3.34380196184793,0.06745856882448342,0.12878812956204802,False,,
ENSG00000145708,1.560675997600945,3.34285511759299,0.06749739320420589,0.12878812956204802,False,,
ENSG00000145632,1.246640220645093,3.339492349943612,0.06763547322219055,0.12890342772541483,False,,
ENSG00000060982,1.180806389355894,3.317087901887135,0.06856317621843999,0.1305216428011587,False,,
ENSG00000174564,0.5800711775171462,3.286189689037201,0.06986497846194706,0.1328474962735763,False,,
ENSG00000135960,0.5640025446247623,3.257260978512932,0.0711078085394965,0.13505602079584003,False,,
ENSG00000152430,5.858227987138592,3.244366577830078,0.07166938819615132,0.13596706789212706,False,,
ENSG00000146282,2.01428544861777,3.210238036728697,0.07317883643843193,0.13867222430113813,False,,
ENSG00000090273,1.226788162527508,3.185685036321956,0.0742858545527112,0.14060948524230396,False,,
ENSG00000185024,4.154666376748853,3.18218134183553,0.07444528531477046,0.1407507672238257,False,,
ENSG00000177479,1.193733434959752,3.161821091234742,0.07537905294946867,0.1423540704165165,False,,
ENSG00000014641,1.554975340879635,3.158645721930952,0.0755258133374801,0.14246914788661016,False,,
ENSG00000050438,1.234039941611368,3.153639918615227,0.07575779734016919,0.1426243083282034,False,,
ENSG00000112293,2.191379941098318,3.153163765084173,0.07577990358161169,0.1426243083282034,False,,
ENSG00000165071,0.4410335166031318,3.14274173744343,0.07626550492726825,0.143375694427254,False,,
ENSG00000144791,9.770126655071678e-11,3.133326325951202,0.07670708136665316,0.14404270935366997,False,,
ENSG00000050426,1.168171044477825,3.130933589476626,0.07681973669061015,0.14409125752137045,False,,
ENSG00000162426,3.824320757237679e-10,3.125913004194445,0.07705669579143093,0.14437259030900151,False,,
ENSG00000023697,1.451937370497005e-11,3.119669969491952,0.07735244875795222,0.14476332011071105,False,,
ENSG00000170390,0.7815107532122139,3.117598508368246,0.07745085028743826,0.14478424715894989,False,,
ENSG00000159692,2.749462533505012,3.112118385135545,0.07771182509157626,0.1451086947716722,False,,
ENSG00000111012,0.8251066541051404,3.093211187795532,0.07861951573811754,0.1466386473317698,False,,
ENSG00000168291,0.7330979998402283,3.082814558198152,0.07912349256802098,0.14741301645669455,False,,
ENSG00000171551,1.527354103952457,3.077971944396268,0.07935942526520257,0.14768682280295545,False,,
ENSG00000143995,3.284694556248939,3.07450056487869,0.0795290175969382,0.14783669564492433,False,,
ENSG00000184677,1.274338529381512e-11,3.072159145682235,0.07964362682917825,0.147884139302501,False,,
ENSG00000109101,0.8005337626320209,3.065221953165747,0.07998423887875628,0.14835065535054237,False,,
ENSG00000187583,1.308313382307123e-10,3.051025774700975,0.08068616696656494,0.14948553254966274,False,,
ENSG00000144228,6.412097697954963,3.045838160713174,0.08094432230758519,0.14979662768181873,False,,
ENSG00000134115,9.835670954310355e-12,3.036122008605162,0.08143023472134936,0.15052805082120257,False,,
ENSG00000110975,0.7859679512435263,3.018725197369349,0.08230814303132883,0.15198166566407773,False,,
ENSG00000118292,2.46382419522554e-10,2.997026378235205,0.08341749299328172,0.15385893152094185,False,,
ENSG00000148482,1.532613754224011e-08,2.979230028591701,0.08433938587222634,0.15524273549318698,False,,
ENSG00000170381,2.22784757870316e-07,2.978934499595198,0.08435478759931003,0.15524273549318698,False,,
ENSG00000198515,5.39908940464284e-05,2.918372711123084,0.08757614162778993,0.16099268560590396,False,,
ENSG00000115665,1.107649037287638e-11,2.904396301793895,0.08833832344610915,0.16221417800944823,False,,
ENSG00000112186,9.381270319131346e-12,2.901365189405624,0.08850456708946552,0.16233986891548371,False,,
ENSG00000103313,0.7154128626986803,2.880356667214073,0.0896661590299409,0.16428898895110586,False,,
ENSG00000137251,4.088095804523537,2.870903242892382,0.09019423747332023,0.16507434862812742,False,,
ENSG00000137819,0.2474004851415788,2.864876841744262,0.0905326393662389,0.16551121293827817,False,,
ENSG00000237289,2.155295718895877e-08,2.842989278738969,0.09177333821206601,0.16759487506273882,False,,
ENSG00000134686,0.3350727941400971,2.83357927853649,0.09231241047267202,0.16839406745564348,False,,
ENSG00000187735,1.623131456285937,2.831682966767403,0.09242146075539481,0.1684079306849126,False,,
ENSG00000109920,0.6576153305995287,2.82707326651871,0.09268713276747864,0.16870684253729665,False,,
ENSG00000105875,1.81620817958171,2.824050695693586,0.09286178382934474,0.16883960696244496,False,,
ENSG00000106785,1.628724082788306,2.820641530546709,0.09305920258400802,0.16901343138889857,False,,
ENSG00000150938,1.94439648025547e-12,2.80785992910387,0.09380343521227952,0.17017890978402625,False,,
ENSG00000143674,0.4311523819392525,2.795100310591806,0.09455284929269525,0.17135123343436037,False,,
ENSG00000104714,0.7559913134051065,2.786414900278032,0.09506669738733886,0.17209456669899947,False,,
ENSG00000169139,1.701330074191967,2.764999832416834,0.09634669707265997,0.17422169623160735,False,,
ENSG00000144357,3.089357952545333,2.760902401656494,0.0965937375042667,0.17447835066059056,False,,
ENSG00000139163,0.8345147309136748,2.752739302486589,0.09708796336128322,0.17518045563014145,False,,
ENSG00000112118,1.746323396547558,2.74141051681363,0.09777842518651658,0.17623472943498103,False,,
ENSG00000107593,1.686479814240616e-11,2.726546628691722,0.09869247774422607,0.17768927663277145,False,,
ENSG00000149548,5.448448334664034e-08,2.720553419312637,0.0990636630815741,0.1781643344695699,False,,
ENSG00000165325,0.6283695669496798,2.681270305889484,0.1015347056278745,0.18229611263495932,False,,
ENSG00000135525,0.6241969582636874,2.680549598517246,0.1015806651730948,0.18229611263495932,False,,
ENSG00000172867,1.416482046445395,2.676276826361573,0.1018536076641252,0.1825885407369847,False,,
ENSG00000163946,1.72728814442534e-10,2.651633417612175,0.1034435554447414,0.18523872927537294,False,,
ENSG00000035499,0.8763361983740814,2.645595440531906,0.1038372443718282,0.1855859240686961,False,,
ENSG00000153015,2.408322338025472,2.6439546282636,0.1039445120837484,0.1855859240686961,False,,
ENSG00000102805,0.7594100914708714,2.643521668142057,0.1039728369782454,0.1855859240686961,False,,
ENSG00000160097,3.243274801130084,2.640721448939075,0.1041562357271987,0.18571358894430703,False,,
ENSG00000204536,2.016968959062203,2.631415711497539,0.1047682595782509,0.1865147052617565,False,,
ENSG00000171604,1.539628297969051,2.630476433150761,0.1048302530176017,0.1865147052617565,False,,
ENSG00000141161,0.6784590402511296,2.622696038510185,0.1053453162001403,0.18723043350346136,False,,
ENSG00000162520,1.262169893516541,2.613679301048251,0.1059456982298581,0.18809610594819726,False,,
ENSG00000012963,1.34383250160964e-08,2.565981031923002,0.1091848061067385,0.19363972023203624,False,,
ENSG00000178860,1.479919343519909,2.552024978239388,0.1101529921781805,0.1951483105824756,False,,
ENSG00000133773,5.28407328127144,2.542946849002874,0.1107878432126739,0.19606377370259986,False,,
ENSG00000181264,0.4347062887857755,2.523374034317385,0.1121703494908973,0.19814502197661465,False,,
ENSG00000139350,5.40415910887067e-10,2.522920583622181,0.1122026028060348,0.19814502197661465,False,,
ENSG00000113734,0.2241077595784472,2.51026579345853,0.1131068535642179,0.1995296247785353,False,,
ENSG00000109674,0.132764928710162,2.490082908865588,0.1145656893025244,0.2018885819980791,False,,
ENSG00000139865,0.162311116092866,2.477055423907586,0.1155183408642475,0.2033514802064166,False,,
ENSG00000079739,4.150136970540108e-11,2.463248743733857,0.1165375252438003,0.2049282753227844,False,,
ENSG00000104442,0.03814285984530837,2.450533536588409,0.1174849290088581,0.20637564249175075,False,,
ENSG00000164626,11.4326396099569,2.447224938742693,0.1177328441825771,0.20659251727598094,False,,
ENSG00000135775,4.877224001709895e-07,2.442859580856748,0.1180608282553699,0.20694928712134536,False,,
ENSG00000143119,1.242910928287939,2.438698023253892,0.1183744408994899,0.20728013912779877,False,,
ENSG00000172179,0.3147036877891689,2.435231984314669,0.1186363428643025,0.20751984104820037,False,,
ENSG00000161202,1.718225640197076,2.426785785519314,0.1192772453732939,0.20842129191543987,False,,
ENSG00000166710,1.458346598359324,2.417386777169668,0.1199949551742673,0.20945491649766954,False,,
ENSG00000095261,3.865234470098015e-11,2.403732294667861,0.1210461470755936,0.2110678614973586,False,,
ENSG00000006715,3.460684185735742,2.39558448662865,0.1216782643403082,0.21194744890337,False,,
ENSG00000100442,0.5741434247382801,2.377983174374094,0.1230563250808854,0.2140449676093799,False,,
ENSG00000113161,0.8712009727147929,2.376917325833347,0.1231403277511794,0.2140449676093799,False,,
ENSG00000180116,0.7669597392490903,2.370959893087274,0.12361102388832,0.21463838876005356,False,,
ENSG00000174243,0.747235402398199,2.365324474449153,0.1240581161604539,0.21518962677779882,False,,
ENSG00000070985,0.3250505152517847,2.35793091647065,0.124647417574955,0.21598613066223935,False,,
ENSG00000164116,0.5094061683238721,2.346290102148487,0.1255815570518708,0.21737787769145517,False,,
ENSG00000187098,2.526412760557156e-12,2.344460816893843,0.1257290575671192,0.2174064953764769,False,,
ENSG00000142698,8.957524647415869e-07,2.330400279206515,0.1268692501016216,0.2189258894637053,False,,
ENSG00000215906,1.41829540260933,2.330372557406008,0.1268715094361955,0.2189258894637053,False,,
ENSG00000106477,2.941453857171243,2.322090407338692,0.1275485157166784,0.2198655618792172,False,,
ENSG00000103769,5.992760916557398e-11,2.297769915983736,0.1295598975420132,0.223101068381475,False,,
ENSG00000057252,7.917296511957958e-07,2.293136584979948,0.1299470821318119,0.22353591330446398,False,,
ENSG00000257093,1.845675803081807e-08,2.287721927328676,0.1304011936925952,0.22408486700797933,False,,
ENSG00000148308,1.598295569223822,2.279930432261608,0.1310577522431683,0.22498021584659705,False,,
ENSG00000176697,0.7458098784091675,2.27725052851747,0.1312844287783218,0.2251365204256345,False,,
ENSG00000115661,1.584096920913642,2.270885542719043,0.131824559187982,0.2258294822002581,False,,
ENSG00000073060,2.863103439701677,2.253547155254637,0.1333085151820329,0.228136221857912,False,,
ENSG00000162650,0.7148519595005671,2.240969322847377,0.1343967064340297,0.22976161965034944,False,,
ENSG00000105835,5.837485787099594e-11,2.22298373603553,0.1359700587249083,0.23221224020920553,False,,
ENSG00000136267,0.7561839727820518,2.220213163353037,0.1362142515757021,0.2323901928218556,False,,
ENSG00000164053,0.6885939107956531,2.207253757835133,0.1373630088617436,0.23410944015451168,False,,
ENSG00000112182,1.193984286628013,2.204433140839683,0.1376144718733653,0.23429745980490915,False,,
ENSG00000136943,5.478041888644712e-12,2.199478845621343,0.1380574061014962,0.23460445970481789,False,,
ENSG00000205436,2.490466285163299e-07,2.199255139108573,0.138077444055185,0.23460445970481789,False,,
ENSG00000156587,0.7867686535562121,2.193554316321752,0.1385891831157019,0.23523317379556763,False,,
ENSG00000177042,1.307013231084353,2.189507941273405,0.1389536999817111,0.23561097238982676,False,,
ENSG00000182685,1.404648389675247,2.178891511341135,0.1399152032006963,0.23699922174811822,False,,
ENSG00000235173,3.173495014105129e-10,2.165639012309839,0.1411259464083907,0.23880639249534003,False,,
ENSG00000203760,0.4830182046134496,2.14971399345086,0.1425964507314932,0.24104899003490707,False,,
ENSG00000169410,1.857838812722949,2.13181936537876,0.1442694287942092,0.2436289438437307,False,,
ENSG00000108176,0.6297407229099292,2.129104154486413,0.1445252007679633,0.2438128386939218,False,,
ENSG00000163291,1.786005988898648,2.125639103054709,0.1448523495676405,0.24411665003277486,False,,
ENSG00000077097,1.123738039918309,2.092602545046248,0.1480137340016768,0.24919147915089604,False,,
ENSG00000119718,1.731004633020534e-11,2.083047900105157,0.1489425146433491,0.25050108845791236,False,,
ENSG00000145949,1.593933098355791e-10,2.05493349142489,0.1517138792597097,0.2546713497452216,False,,
ENSG00000117222,1.227484138708625,2.054782754239568,0.151728894516882,0.2546713497452216,False,,
ENSG00000106809,2.2492416728582e-12,2.043314859534803,0.1528761863885832,0.25633784788388697,False,,
ENSG00000157765,2.103981200135449,2.028119250899181,0.1544115878269049,0.258651095653544,False,,
ENSG00000041880,1.768940213858839,2.025502801123366,0.1546777212997521,0.25883570298144,False,,
ENSG00000164022,0.7046909560200493,2.022167521092342,0.1550177258397937,0.25914342889633185,False,,
ENSG00000151725,0.7762343352152774,2.010880121870287,0.1561746936136651,0.2607019309857571,False,,
ENSG00000172531,2.142881951924105e-09,2.007225418728922,0.1565514029637436,0.2607019309857571,False,,
ENSG00000175634,1.646469559555055,2.006969647536607,0.1565778052639204,0.2607019309857571,False,,
ENSG00000180638,2.673987939806285,2.006965746935748,0.1565782079474698,0.2607019309857571,False,,
ENSG00000136698,4.24571988791351,1.991129937137885,0.1582227846982328,0.2631761749489644,False,,
ENSG00000164430,1.851081140685874,1.989004952167306,0.1584449593112921,0.26328191437111603,False,,
ENSG00000178795,0.6982015032775397,1.985089508678357,0.15885526288451,0.2636997363882866,False,,
ENSG00000092020,0.03457963372687048,1.968567400828761,0.160600006485809,0.26624361675873487,False,,
ENSG00000164924,0.9071416409376701,1.967546799271076,0.1607084963808749,0.26624361675873487,False,,
ENSG00000166035,1.218487747075158,1.954591889218136,0.1620928891453864,0.26826938781788773,False,,
ENSG00000157014,0.3801993911676796,1.948804337658657,0.162715753077781,0.26903202202103227,False,,
ENSG00000145888,5.155044202557727,1.933703420447273,0.1643538410293509,0.27133682441233525,False,,
ENSG00000242028,1.964153101665783,1.932944570873588,0.164436653830608,0.27133682441233525,False,,
ENSG00000185100,0.06634832509438521,1.928926306900394,0.1648759602578185,0.27179155315588754,False,,
ENSG00000171931,1.221842971760571,1.926613365765661,0.1651294364784581,0.27193934975619094,False,,
ENSG00000213639,4.234029458834774,1.923706901572587,0.165448589169216,0.27219490388592527,False,,
ENSG00000133678,1.135790249852423,1.917596115770721,0.166121905498465,0.27302840092700437,False,,
ENSG00000138160,2.587113328837813e-10,1.915283431626449,0.1663775457644644,0.27302840092700437,False,,
ENSG00000138604,3.683663916582735e-05,1.914640994327783,0.1664486396012822,0.27302840092700437,False,,
ENSG00000135093,1.518765986386882,1.905887337798049,0.1674208164055171,0.27423267371469556,False,,
ENSG00000104432,1.170367778362738,1.905058425534662,0.1675132115341574,0.27423267371469556,False,,
ENSG00000155749,1.596414344608168,1.898971256759978,0.1681935134066015,0.27507510566990984,False,,
ENSG00000161638,0.8058629840259195,1.895127855954343,0.1686246823985472,0.2755088314779413,False,,
ENSG00000111196,0.7510173808068501,1.887672477398155,0.1694646769227502,0.2765237953483293,False,,
ENSG00000087301,0.4650178590696762,1.886660633834254,0.169579050400361,0.2765237953483293,False,,
ENSG00000107831,0.6195571817255447,1.881797287946029,0.1701300148502316,0.27714997512402795,False,,
ENSG00000173227,1.204850999277279e-06,1.865312930498476,0.1720128622478212,0.2799425013052776,False,,
ENSG00000151665,0.6110621834082193,1.860740645515762,0.1725393435578345,0.28052430000588174,False,,
ENSG00000154025,1.173460647350384,1.857807277337997,0.1728780854055918,0.280718290985926,False,,
ENSG00000138834,1.391850432323052,1.856780176662141,0.1729968745051821,0.280718290985926,False,,
ENSG00000175756,3.130942157356275,1.853229478072535,0.1734082537147595,0.28111103629541095,False,,
ENSG00000140015,1.334924230893757,1.839055475640635,0.1750616916956396,0.28351454459976755,False,,
ENSG00000030304,0.5243631851716595,1.834963867222541,0.1755423617335132,0.2840159068982767,False,,
ENSG00000104313,5.267103261525424e-08,1.819503850158071,0.1773723462408822,0.286697268510092,False,,
ENSG00000164076,4.610334005405887e-07,1.812322224730451,0.1782299081629345,0.2878031590957892,False,,
ENSG00000247077,1.891687466077705e-10,1.796450977959466,0.1801421472619402,0.2901262567589598,False,,
ENSG00000168395,0.8271868583229841,1.795942383016154,0.1802038161345705,0.2901262567589598,False,,
ENSG00000196353,0.3120276728096187,1.795309440254641,0.1802805967103235,0.2901262567589598,False,,
ENSG00000100577,1.268472545174192,1.793011135916458,0.1805597161593352,0.2901262567589598,False,,
ENSG00000151876,4.945820726680137,1.792344317327661,0.1806407920328487,0.2901262567589598,False,,
ENSG00000010803,0.8071809198448491,1.791716219813679,0.1807171984872075,0.2901262567589598,False,,
ENSG00000159176,5.412010742474632e-06,1.78744996871319,0.1812371678616744,0.29067990207766137,False,,
ENSG00000134900,1.220804569288853,1.757350453088293,0.1849553400503111,0.2963570120497263,False,,
ENSG00000134258,0.6643129609304788,1.749073170780321,0.1859932902044457,0.2975194380917626,False,,
ENSG00000213626,3.196630507904723,1.748707794960865,0.1860392630959335,0.2975194380917626,False,,
ENSG00000178460,5.18607221345721e-12,1.741866875250707,0.1869024551299645,0.29861219972641107,False,,
ENSG00000156508,2.262928969569407,1.739874904611497,0.1871546779997157,0.2987276591149308,False,,
ENSG00000161010,0.09630632412985579,1.737105866595812,0.1875059508265522,0.298832031811545,False,,
ENSG00000183742,1.281794493963435,1.736522076680558,0.1875801067154397,0.298832031811545,False,,
ENSG00000177000,1.026668605857284e-09,1.720170047934516,0.1896711575980862,0.3018735585933107,False,,
ENSG00000165526,1.768709776565765e-11,1.718035549663909,0.1899461094094996,0.3020215915898174,False,,
ENSG00000205981,0.4846578972323061,1.711918733480161,0.1907366138472295,0.3029716768097281,False,,
ENSG00000054116,2.937066630516628e-10,1.709434718459306,0.1910587293804173,0.3029716768097281,False,,
ENSG00000056736,0.681150918347219,1.709184805407858,0.1910911720601116,0.3029716768097281,False,,
ENSG00000213316,8.903696237679759,1.705942007147314,0.1915127220152486,0.30335030395545104,False,,
ENSG00000111602,1.267741425195708,1.682761905722145,0.1945578641684172,0.30787993757823884,False,,
ENSG00000170891,2.367679631213888e-11,1.662407354946481,0.1972786009296341,0.31188807385065964,False,,
ENSG00000136754,5.030026094318226e-11,1.655379448682652,0.1982283380166835,0.31309138069238307,False,,
ENSG00000132432,1.526818981989863,1.650865910791254,0.1988411170432871,0.3136506018903868,False,,
ENSG00000105926,0.83948452419076,1.648753477114951,0.1991286745215297,0.3136506018903868,False,,
ENSG00000174514,6.645653131971962e-11,1.648602555455,0.1991492375858239,0.3136506018903868,False,,
ENSG00000183049,1.80055881080571,1.645168328315776,0.199617825338907,0.3138681786915341,False,,
ENSG00000151500,0.6965728046246387,1.644819162764179,0.1996655401796747,0.3138681786915341,False,,
ENSG00000159527,0.435610304300917,1.640359654566055,0.2002761293044176,0.314530155766635,False,,
ENSG00000198380,3.003473047117653,1.638844942048308,0.2004840204250725,0.3145590490601326,False,,
ENSG00000152944,2.064357398127354,1.622954111024228,0.2026803705410646,0.3177048301210267,False,,
ENSG00000185043,0.8056789503819859,1.611558648091886,0.2042728426294762,0.3198989799669156,False,,
ENSG00000172456,0.8342038982935003,1.604357254516799,0.2052868157323212,0.32102342506223275,False,,
ENSG00000070047,0.1152906775898106,1.603714276032406,0.2053776369976453,0.32102342506223275,False,,
ENSG00000163875,0.6161923794506315,1.595610491771367,0.2065263790348362,0.32251532379852127,False,,
ENSG00000168306,7.976605474591645e-11,1.592090292317152,0.2070277434863662,0.32299441183023303,False,,
ENSG00000135365,0.4659028630539405,1.589334243341,0.2074212777217693,0.32315477689214156,False,,
ENSG00000151224,5.731141166810083e-11,1.588644703824684,0.2075198747994114,0.32315477689214156,False,,
ENSG00000196911,3.682080760268219e-10,1.582345081638778,0.2084232266210503,0.32417478856882415,False,,
ENSG00000005486,1.181712227255721e-10,1.581356100179619,0.2085654663804242,0.32417478856882415,False,,
ENSG00000113719,0.7922760431031077,1.577882658595627,0.2090659432814221,0.324648705189112,False,,
ENSG00000180628,2.4016055101625,1.574651400844232,0.2095328013832304,0.32506957971603967,False,,
ENSG00000143799,0.8038166801632828,1.5641548303538,0.2110579087590864,0.32712990526618435,False,,
ENSG00000137760,0.1401601764274044,1.540784512420942,0.2145010698962271,0.3318942202882894,False,,
ENSG00000169302,3.182078909062396,1.540579116212029,0.2145316255236955,0.3318942202882894,False,,
ENSG00000110881,1.136831352348356,1.53413374338561,0.215493102278934,0.3330712754031941,False,,
ENSG00000172671,1.844077627847013,1.520949731602741,0.2174758271697872,0.33582313776915973,False,,
ENSG00000135111,1.492041054108744,1.518457001013303,0.2178531444582257,0.33609314107867533,False,,
ENSG00000133895,0.3563464094638322,1.51343467431434,0.2186157327632994,0.3369564683259768,False,,
ENSG00000162976,0.7532418819734561,1.509251031133317,0.2192534080142444,0.3376258416545878,False,,
ENSG00000116337,0.8413190262810213,1.500551229546545,0.2205865657964258,0.3393639473791166,False,,
ENSG00000164675,2.363835481482589e-09,1.488789944101882,0.2224043018508216,0.34173176390938415,False,,
ENSG00000177034,4.932875922820348,1.487789757782593,0.2225597083572284,0.34173176390938415,False,,
ENSG00000110195,2.029998725963114,1.485933940415634,0.2228484052441073,0.34173176390938415,False,,
ENSG00000113525,1.787364224392678,1.485287347770281,0.2229490965746163,0.34173176390938415,False,,
ENSG00000081014,0.5478566681881536,1.47964786378725,0.223829625467817,0.3427649246093877,False,,
ENSG00000049167,4.491636890385304,1.473496440077724,0.2247948435316839,0.34392575139409703,False,,
ENSG00000145861,2.044998641665492,1.467697401132682,0.2257093436610768,0.34500691572503456,False,,
ENSG00000185499,0.5699584852358107,1.453067303533317,0.2280364147948826,0.348243282943427,False,,
ENSG00000150773,5.022502527070265e-10,1.448244663577498,0.2288098200964909,0.34910321816192547,False,,
ENSG00000164032,2.302868937446329,1.446283298294475,0.2291252663391367,0.34926349138931767,False,,
ENSG00000079277,1.248556392881039,1.435027026411262,0.2309457740558899,0.3517155825071351,False,,
ENSG00000166136,0.7873759205814461,1.429670404366334,0.2318182362517311,0.3527206894389309,False,,
ENSG00000144744,1.764029684841704,1.426422517433821,0.2323491740382045,0.35320478837309477,False,,
ENSG00000204370,1.226601739285083,1.422154648111245,0.2330490839866131,0.3539446289275185,False,,
ENSG00000169129,5.045462292624534e-10,1.416788332455326,0.233932751997735,0.35496194544446075,False,,
ENSG00000187796,1.250053851050702,1.411132783166977,0.2348684358668375,0.35605625893968057,False,,
ENSG00000215277,0.7493154403732949,1.40283783880659,0.2362490013420593,0.35782239254362996,False,,
ENSG00000111057,1.257364979269992,1.399744862275838,0.2367662937331467,0.3582789859590005,False,,
ENSG00000144847,0.7436462329628223,1.395387136057252,0.2374974439011909,0.3586086750088096,False,,
ENSG00000148832,7.436242219290802e-10,1.394587062532082,0.2376319795202601,0.3586086750088096,False,,
ENSG00000173153,1.238070522682615,1.394585427668062,0.23763225452391,0.3586086750088096,False,,
ENSG00000205143,0.4126604484731151,1.387047202071699,0.238904390128816,0.3602009878418116,False,,
ENSG00000083720,0.6810517035196191,1.385081804706715,0.2392374242270745,0.3603757933003119,False,,
ENSG00000158882,0.1680471456482755,1.371317287394049,0.2415856844769078,0.36358316974765814,False,,
ENSG00000155463,8.510226689380776e-12,1.353157873134478,0.244726811037424,0.3679769079004745,False,,
ENSG00000143278,1.559262607848799,1.349079878877092,0.2454390380958589,0.36871384908518173,False,,
ENSG00000189308,0.7976460081802174,1.34489708107867,0.2461722010143359,0.3694808803650973,False,,
ENSG00000144451,1.268789897578032,1.33844345601392,0.2473086545515402,0.37085127963464926,False,,
ENSG00000139610,1.35783931024216,1.327517033911136,0.2492474208555712,0.3734212261915597,False,,
ENSG00000136634,1.237459936012404,1.323686628711584,0.2499314864312453,0.3741084467771571,False,,
ENSG00000139160,1.670443117742424,1.315990230497846,0.2513129488446325,0.3758065512520007,False,,
ENSG00000063660,1.098721726520574,1.314848272097151,0.2515187219523932,0.3758065512520007,False,,
ENSG00000143761,6.180197390458102e-08,1.293298327749653,0.255440999549199,0.3813237942910705,False,,
ENSG00000114124,1.793782903812999,1.282407247193987,0.2574519278488056,0.3839804135031602,False,,
ENSG00000168594,5.007728439972301,1.279431315990223,0.2580047992932319,0.3844595752484425,False,,
ENSG00000185736,0.4594717812429456,1.273913772442029,0.259033740979437,0.385646645763108,False,,
ENSG00000069667,2.029505744286757,1.272582894154766,0.2592826894830781,0.3856713839981269,False,,
ENSG00000146842,4.033656833992121e-09,1.266892561645363,0.2603504437213162,0.3869129244202193,False,,
ENSG00000058729,0.05807588638614255,1.263597935696453,0.260971147696538,0.3874884661683838,False,,
ENSG00000243244,1.116739577042701,1.258539233072952,0.26192777509794,0.38856131069042044,False,,
ENSG00000003400,0.7042374610413651,1.25147804748849,0.2632703659534958,0.39020429239535986,False,,
ENSG00000136881,0.3467294402370966,1.244849317343323,0.2645385148097652,0.3917341075684302,False,,
ENSG00000089041,0.6250082751942133,1.217004755020753,0.2699492720348334,0.3993901885720351,False,,
ENSG00000185585,0.8277368898360754,1.206161188376427,0.2720937235718998,0.40220443555596946,False,,
ENSG00000138678,0.7901565018449264,1.200153294936172,0.273291041787923,0.4036148837793169,False,,
ENSG00000110693,2.473208758975504,1.193745436903555,0.2745753571884564,0.40515119371807784,False,,
ENSG00000106144,4.781469290140236,1.184311715773219,0.2764799608413596,0.407599231790992,False,,
ENSG00000155660,1.724509404874901,1.164048460763297,0.280627504984901,0.4133466355589491,False,,
ENSG00000143452,0.5784549378519394,1.150804563083511,0.2833807897871314,0.41703201333921813,False,,
ENSG00000272047,0.6150879150910555,1.147689044171329,0.2840334366471697,0.4176222363457056,False,,
ENSG00000065802,1.166300783804592,1.140610829737852,0.2855232931843744,0.4194412979522668,False,,
ENSG00000070269,2.068908441044546e-11,1.138344677230634,0.2860023774871845,0.4197736044462655,False,,
ENSG00000164587,0.7092273189108153,1.125684509093844,0.2886977164203501,0.4233553085316088,False,,
ENSG00000197930,3.71591775162616,1.112198941642419,0.2916044465548722,0.42724040713246947,False,,
ENSG00000177570,2.6789410847974,1.109719610250977,0.2921429072147591,0.42749374302601795,False,,
ENSG00000139597,0.8561836594195924,1.109032268796,0.2922924086352593,0.42749374302601795,False,,
ENSG00000145685,1.151715227593896,1.107402158953846,0.2926473595029833,0.42763610631597915,False,,
ENSG00000168621,5.299091832500919,1.103419950413809,0.2935167914226072,0.4285293524727599,False,,
ENSG00000111790,1.618997721178246,1.093269185465033,0.2957479966332776,0.43108951640871307,False,,
ENSG00000172171,2.156709729759196,1.093080236578317,0.2957897344515206,0.43108951640871307,False,,
ENSG00000163513,0.581152733910247,1.091065415930643,0.2962352677368223,0.43120176272024086,False,,
ENSG00000147475,2.24201080690271,1.090383416514669,0.2963862718456595,0.43120176272024086,False,,
ENSG00000188522,0.8574753424336878,1.084909424451325,0.2976018745875392,0.43259116621306043,False,,
ENSG00000137563,2.371210896222177,1.082872733411932,0.2980557937755779,0.43273167707148624,False,,
ENSG00000163606,0.7890070611505133,1.082137373057776,0.2982199027528797,0.43273167707148624,False,,
ENSG00000136122,5.421272041136648e-09,1.080634035068215,0.2985557613885408,0.43279262568451515,False,,
ENSG00000163738,0.4786376576631335,1.079616592312959,0.29878334279184,0.43279262568451515,False,,
ENSG00000179002,1.412545375479788,1.075256694213749,0.2997610945540267,0.4338303548035609,False,,
ENSG00000171097,0.5225217796307797,1.064298163029889,0.3022369168202516,0.43703247554147884,False,,
ENSG00000172602,0.7137486026497123,1.061374987150884,0.3029017917397444,0.4376126843237387,False,,
ENSG00000135222,1.959119977298691,1.057667317263622,0.3037478193970432,0.43798601885180083,False,,
ENSG00000142937,4.462958683929446,1.056771679006488,0.3039526466983479,0.43798601885180083,False,,
ENSG00000175575,0.6009150753885486,1.056269467131642,0.3040675777929676,0.43798601885180083,False,,
ENSG00000144891,1.198663287182019,1.055623062024097,0.3042155902024858,0.43798601885180083,False,,
ENSG00000064419,0.04243535438058087,1.05076121352613,0.3053318377440319,0.43921217561099907,False,,
ENSG00000168439,5.166394844119951e-12,1.049059026125178,0.3057239012006578,0.4393953904702094,False,,
ENSG00000112081,0.6415587086841428,1.043400228175415,0.3070319853648323,0.440893681406247,False,,
ENSG00000105983,3.540106424401984,1.042221194373269,0.3073054430588551,0.4409049571976659,False,,
ENSG00000009790,1.527206682349657,1.038189285929548,0.3082429703735987,0.44186816133002926,False,,
ENSG00000110429,9.048927646062918,1.036016601377924,0.3087497181924101,0.4422127111297677,False,,
ENSG00000166741,0.5288196910550828,1.029387973365374,0.3103024585271507,0.44405351823712946,False,,
ENSG00000231925,0.08546177435417326,1.02411295264028,0.3115453879862472,0.445448186095754,False,,
ENSG00000155324,2.222287290444603,1.020532505193842,0.31239273077762,0.44627532968231426,False,,
ENSG00000165283,3.71306088675494,1.019051186165598,0.312744176265809,0.44639323525472313,False,,
ENSG00000176055,1.105357290222787,1.012923029937156,0.3142035885463753,0.4480910283393325,False,,
ENSG00000136048,1.441041200300457,1.009542295074425,0.3150125159659447,0.4488590356252946,False,,
ENSG00000196345,0.888630930209795,1.003123221162241,0.316555958144514,0.4506714326928758,False,,
ENSG00000156136,0.5219372439538398,0.9887246673824848,0.3200542768572531,0.4548698232106389,False,,
ENSG00000183751,1.209592049505237,0.9877539067238104,0.3202919596639968,0.4548698232106389,False,,
ENSG00000140564,4.982160733553486e-12,0.9876108645039494,0.320327002007974,0.4548698232106389,False,,
ENSG00000115524,1.163960662189481,0.9812325467646588,0.3218946996162523,0.45670530031023826,False,,
ENSG00000133961,0.5644653105345578,0.9781179681012873,0.3226638916743726,0.45740568759987915,False,,
ENSG00000135824,3.38857909452148,0.9756915874422702,0.3232648036679892,0.45786653079254447,False,,
ENSG00000137309,1.236493268054535,0.9570471489550982,0.3279319695135622,0.46408104807545886,False,,
ENSG00000179526,4.824799155407602e-12,0.9469487797687179,0.3304971771624978,0.46731287401170907,False,,
ENSG00000091831,0.772542540920903,0.9449355078540975,0.3310117793233586,0.4676421733419365,False,,
ENSG00000151694,1.642147110975005,0.9420466691808542,0.3317520460209975,0.4682894527167142,False,,
ENSG00000146963,0.7000911811341815,0.9344079959555529,0.3337201235685103,0.4706672940728352,False,,
ENSG00000168412,0.4791439571837476,0.9332311033140286,0.3340247300463213,0.47069698801094517,False,,
ENSG00000064201,0.6195722372150727,0.9259589992507244,0.3359151828228095,0.47293960869975504,False,,
ENSG00000187054,0.8888976526309114,0.9249217666438199,0.3361859869070548,0.47293960869975504,False,,
ENSG00000185798,0.3891837178660881,0.9104151611900306,0.3400042882922031,0.47790611224814317,False,,
ENSG00000145901,0.8728972072708986,0.9008824808261124,0.342545195842438,0.4810702412000398,False,,
ENSG00000174705,1.186186700565066,0.8970912363365642,0.3435628568190578,0.48209158268777336,False,,
ENSG00000163814,1.517153344168722,0.8909755478161969,0.3452130806417756,0.4839947760632705,False,,
ENSG00000197142,1.606478987915788,0.8899077983078314,0.3455022949608286,0.4839947760632705,False,,
ENSG00000184220,1.265477520201987,0.8817462642109604,0.347723837525526,0.48669609636793687,False,,
ENSG00000107201,1.072063129837056e-09,0.8764660948290839,0.3491714178618069,0.48831049170227414,False,,
ENSG00000156234,1.231139556661943,0.8748894230761834,0.3496052565365154,0.4885056614904172,False,,
ENSG00000196151,1.671684251768605,0.871956165166921,0.3504143281917496,0.4892243774586244,False,,
ENSG00000137077,1.552529894941893,0.8704826596972453,0.3508217227519521,0.4893815628304542,False,,
ENSG00000116141,9.805824086737051e-07,0.8684165122976992,0.3513940583064528,0.48972512689847614,False,,
ENSG00000168077,1.289942072745228,0.8674650654502329,0.3516580429295082,0.48972512689847614,False,,
ENSG00000222009,0.435338717442779,0.8660820342356601,0.3520422557046664,0.48983294269567135,False,,
ENSG00000135519,1.16962634833576,0.8650633312936407,0.3523256226377299,0.48983294269567135,False,,
ENSG00000151090,0.4976657609817861,0.857662409733166,0.3543936774617772,0.49229581973769887,False,,
ENSG00000119630,0.8070755872087177,0.8509313605463831,0.3562889939217467,0.494514824339548,False,,
ENSG00000091732,0.856575647352237,0.8452701038913801,0.3578938553844148,0.4961166381632232,False,,
ENSG00000159374,0.1113416946864169,0.8447534793740488,0.3580408027226153,0.4961166381632232,False,,
ENSG00000117868,2.33627583034795,0.8367479055013973,0.3603285309737552,0.49882211766758244,False,,
ENSG00000153558,0.7578339611747955,0.8358224157127552,0.3605943019283729,0.49882211766758244,False,,
ENSG00000117528,0.8276048910406311,0.8301388052495895,0.3622323951463098,0.5006464644241136,False,,
ENSG00000137962,0.7312125107680518,0.8291573775350116,0.3625162953239666,0.5006464644241136,False,,
ENSG00000143774,0.8657936729177935,0.8188042585643416,0.3655300046560256,0.5043888676051559,False,,
ENSG00000183508,1.316039743463637,0.8003709749827976,0.3709824773002514,0.5114874687030044,False,,
ENSG00000176171,0.565076038359829,0.7963734843324346,0.3721798547590219,0.5127124970124285,False,,
ENSG00000090530,2.2295179323373,0.7926117155366228,0.3733115666799534,0.5138451083654417,False,,
ENSG00000172548,0.8002747509929602,0.79121686979488,0.3737324243296223,0.5139981975038715,False,,
ENSG00000146263,0.8993064979177776,0.7900813323358307,0.3740755335729313,0.5140441934859817,False,,
ENSG00000095585,0.8437221291749174,0.783071395024308,0.3762034410093339,0.5165407047770838,False,,
ENSG00000213995,1.865987674309155,0.7736195362485887,0.3790996437730486,0.5200644101271323,False,,
ENSG00000117448,3.808670450065897,0.7726568549041986,0.3793963859421429,0.5200644101271323,False,,
ENSG00000163719,0.08027544801163823,0.7602406764781335,0.3832532141103629,0.5249177685009921,False,,
ENSG00000142856,0.2347527317874012,0.758978547211882,0.3836483728663431,0.5250258029333302,False,,
ENSG00000010322,4.069211839132516e-09,0.7565315991232637,0.3844161341574194,0.525217015885819,False,,
ENSG00000218739,1.319601148045454,0.7565164692468898,0.3844208881332953,0.525217015885819,False,,
ENSG00000185246,1.223394189643944,0.7469157804807764,0.3874544732251124,0.5289263368040186,False,,
ENSG00000100811,1.934948753145498,0.7352916861746053,0.3911733060772782,0.5335642465803465,False,,
ENSG00000118246,0.2740721955804253,0.7336085593997268,0.391716008851746,0.5338658248718378,False,,
ENSG00000179455,0.7977795767887618,0.7246026538632577,0.3946382927655084,0.5373307441651619,False,,
ENSG00000180316,1.340256608665963,0.7237832620958216,0.3949057276394563,0.5373307441651619,False,,
ENSG00000152969,1.398277804318873e-09,0.722459392840392,0.3953383668238758,0.5373617955954113,False,,
ENSG00000158863,3.55646379611259,0.7210483361704974,0.3958002511110936,0.5373617955954113,False,,
ENSG00000072609,3.09988727899731,0.7207448780973209,0.395899684345294,0.5373617955954113,False,,
ENSG00000273173,0.8868066367347635,0.7178685141088863,0.3968439664319656,0.5382034185270121,False,,
ENSG00000241058,1.330804149820321,0.7095949463546276,0.399578312732753,0.541469387050098,False,,
ENSG00000114455,0.8304914660332132,0.6929875524656381,0.4051500586016672,0.5485718574867599,False,,
ENSG00000142945,1.924174333303313,0.6877826637646649,0.4069196045051996,0.5505187803411828,False,,
ENSG00000132591,1.119524262977394,0.6846415249528945,0.4079929991068455,0.5512216790812712,False,,
ENSG00000117643,0.3029077338528672,0.684319491541828,0.4081032792716158,0.5512216790812712,False,,
ENSG00000139154,0.8933755846067805,0.6675705496163573,0.4138999084296369,0.5585966243847132,False,,
ENSG00000138050,0.8219052553272994,0.666463859473879,0.4142871898864656,0.5586650976535605,False,,
ENSG00000135316,1.055637251552378,0.6559563841292402,0.4179911319326076,0.5625824483032802,False,,
ENSG00000182333,0.5147240661966357,0.6551888168978621,0.418263628064921,0.5625824483032802,False,,
ENSG00000070367,1.882398226009775e-11,0.6548193134512985,0.4183949007120735,0.5625824483032802,False,,
ENSG00000146013,1.726566877640605,0.6539606205151358,0.4187002034514236,0.5625824483032802,False,,
ENSG00000160349,2.140320338474257,0.6534365665165751,0.4188866904234062,0.5625824483032802,False,,
ENSG00000172367,0.5261801355400584,0.6507830921182176,0.4198328428299941,0.5633973476942524,False,,
ENSG00000100523,4.278503531634189,0.6496007394598564,0.4202554618175979,0.5635089391092185,False,,
ENSG00000172159,0.9120013719271612,0.6480532572386437,0.4208095519376368,0.5637964941214505,False,,
ENSG00000164197,1.065456721142803,0.642281908505538,0.4228856910850209,0.5661211670976892,False,,
ENSG00000081026,0.9330010274930909,0.638545455323765,0.4242380001775063,0.5674738761439648,False,,
ENSG00000198691,0.5953048463240193,0.6366076683916617,0.4249418858434101,0.5678237988667647,False,,
ENSG00000158856,0.5622012247115205,0.6359430032898672,0.4251837240911979,0.5678237988667647,False,,
ENSG00000113456,1.548383768294802,0.6328703082672291,0.4263044166754465,0.568862806817718,False,,
ENSG00000104760,1.35265475212676e-09,0.6290247724500659,0.4277132595707455,0.5700247620226137,False,,
ENSG00000106123,0.6340103565706031,0.6286199981041136,0.4278619599278172,0.5700247620226137,False,,
ENSG00000204614,0.8665674848068253,0.6213302145297348,0.4305533991510386,0.57303939252775,False,,
ENSG00000170581,0.8821332255189025,0.6206249169481453,0.4308151577558024,0.57303939252775,False,,
ENSG00000153495,1.804340693048555,0.6124982006476785,0.4338487410726073,0.5766124180788855,False,,
ENSG00000036549,1.129560302381097,0.6100360470081796,0.4347742381765138,0.5773801882984103,False,,
ENSG00000175467,1.714391948889626,0.6086686841445044,0.4352895148890376,0.577602393857556,False,,
ENSG00000030419,0.9103399793478452,0.6040408071639831,0.4370404152337033,0.5794625313801497,False,,
ENSG00000140497,1.459535702606697,0.6008603585105448,0.4382499485458914,0.5803137477557572,False,,
ENSG00000151881,5.25727831083239,0.6005150198452611,0.4383815901721202,0.5803137477557572,False,,
ENSG00000164463,1.313047144658439,0.591121403449506,0.4419858063520338,0.5837477761013756,False,,
ENSG00000153064,1.517564627546429,0.5907673315523425,0.4421225497266381,0.5837477761013756,False,,
ENSG00000049245,1.458377382085306,0.5905822273107333,0.4421940633570748,0.5837477761013756,False,,
ENSG00000135070,4.225505006777757,0.5900950889717933,0.4423823508045365,0.5837477761013756,False,,
ENSG00000088280,1.595338404252794,0.581501493070391,0.4457243847468797,0.5876906105479113,False,,
ENSG00000086300,1.14242949702828,0.5775186686514644,0.4472865705068304,0.5890160832903378,False,,
ENSG00000111906,0.6287865551650226,0.5771303743949829,0.4474393259211542,0.5890160832903378,False,,
ENSG00000003436,3.692454685987354e-12,0.5542670156537497,0.456579416419488,0.6005719740541601,False,,
ENSG00000003056,0.8727820664884636,0.5510363441317168,0.4578945534800967,0.6008250117868142,False,,
ENSG00000185633,2.175155444210325,0.5507645285233593,0.4580054764257465,0.6008250117868142,False,,
ENSG00000076513,1.177207637554895,0.5497485505729856,0.4584204544709891,0.6008250117868142,False,,
ENSG00000197756,1.780092845891689,0.5497044222938712,0.4584384922115626,0.6008250117868142,False,,
ENSG00000163071,1.100227089289975,0.5493546593133942,0.4585814999601769,0.6008250117868142,False,,
ENSG00000184371,1.081903101644601,0.5442050323472358,0.460695230463113,0.603118361647293,False,,
ENSG00000136270,1.218606581501041,0.5422944456659025,0.461483386328309,0.6032250962541803,False,,
ENSG00000143033,0.8687138392692805,0.5422456646992941,0.461503537495668,0.6032250962541803,False,,
ENSG00000178462,1.277022347606122,0.5391596790032054,0.4627811915218484,0.6044191801150812,False,,
ENSG00000135334,1.445168487241875,0.5381776506474125,0.4631889498959192,0.6044761453044228,False,,
ENSG00000010244,1.061787767919162,0.5365566349646542,0.4638632824333455,0.604880635380482,False,,
ENSG00000184661,0.4747415121381534,0.5293369123974117,0.4668857687694492,0.6083440943149809,False,,
ENSG00000166825,1.463288646697921,0.5241733573493548,0.4690668555559676,0.6103732536100747,False,,
ENSG00000137135,0.8098178503369514,0.5239101401712105,0.4691784768713586,0.6103732536100747,False,,
ENSG00000106436,0.4577039080598274,0.515629224380973,0.4727121091915434,0.6144887245559608,False,,
ENSG00000185532,0.3232954094857444,0.5115748636380886,0.4744579033058769,0.6162755238558338,False,,
ENSG00000137074,0.8972996963724271,0.5093652507348452,0.4754137633878045,0.616599866943568,False,,
ENSG00000159388,1.767317507646532,0.5092804730693388,0.4754504998119079,0.616599866943568,False,,
ENSG00000165097,9.966265585546089e-10,0.5033657548920019,0.4780249601974457,0.6194546712941139,False,,
ENSG00000163565,1.156045526084416,0.5002824140974553,0.4793760582115456,0.6202660337607895,False,,
ENSG00000171476,1.103117768654177,0.4997132043445163,0.4796261648550891,0.6202660337607895,False,,
ENSG00000156026,0.8416267680085002,0.4993814347617445,0.4797720405715986,0.6202660337607895,False,,
ENSG00000084652,2.321256895375976e-09,0.4950661359034711,0.4816760788216818,0.6220422247970269,False,,
ENSG00000165006,1.55854098385166,0.4945709515668568,0.4818953621017931,0.6220422247970269,False,,
ENSG00000138074,1.172678458926704,0.4871759751258651,0.4851897489880839,0.6256783056828462,False,,
ENSG00000134202,1.089562605379627,0.4865595024930371,0.4854660588671722,0.6256783056828462,False,,
ENSG00000160886,1.390126300886792,0.4851239683848689,0.4861104909383349,0.6260228199826501,False,,
ENSG00000170627,1.128929040758067,0.4817172064376791,0.4876455206270528,0.6275128404968277,False,,
ENSG00000166689,1.390474589523307,0.4705927352042636,0.4927146090094652,0.6335447335055865,False,,
ENSG00000163357,1.250666892519096,0.4668648724909872,0.4944330205389958,0.6352622400114033,False,,
ENSG00000187258,0.5384881556233361,0.4640315116121201,0.4957458435781252,0.6364563807731538,False,,
ENSG00000074276,1.52564026267546,0.4618753790273331,0.4967488141981148,0.6365452545830625,False,,
ENSG00000168685,1.140987918566869,0.4612635305966251,0.4970340518713221,0.6365452545830625,False,,
ENSG00000147439,1.416685458015991,0.4610015716316411,0.4971562590692979,0.6365452545830625,False,,
ENSG00000109911,0.7730656495738731,0.4604085432511056,0.4974331018817721,0.6365452545830625,False,,
ENSG00000064651,1.103246265518782,0.4597680960578145,0.4977323737643465,0.6365452545830625,False,,
ENSG00000170419,0.6669434416389812,0.4553625593071047,0.4997993002076989,0.6386965653154583,False,,
ENSG00000169550,1.144413570151208,0.4509049520747794,0.5019055201114028,0.6408947410653296,False,,
ENSG00000196581,0.7869779884803945,0.4500769463229517,0.5022984160870798,0.6409034363601479,False,,
ENSG00000181744,0.4515276242114308,0.4435521216073539,0.505412961551791,0.6443821168786276,False,,
ENSG00000057663,1.153665809114418,0.4411232234197087,0.5065808209601694,0.6453754127351352,False,,
ENSG00000106789,0.1180369037318915,0.4387630898490897,0.5077200641799282,0.6463307565480682,False,,
ENSG00000152034,1.97570203577058,0.4338818262331188,0.5100903167566497,0.6487407571434256,False,,
ENSG00000107819,1.545756821523592,0.4332103400447522,0.5104178732587497,0.6487407571434256,False,,
ENSG00000106635,3.246737031358282,0.4324573023659468,0.5107856443291912,0.6487407571434256,False,,
ENSG00000151364,7.975914221534061e-10,0.4302502929713228,0.5118661588983837,0.6496160732196613,False,,
ENSG00000089597,1.6932493433168,0.4259372469241498,0.5139892429146204,0.6518121797083805,False,,
ENSG00000109158,1.085071765095551,0.4216431002278114,0.516118305876531,0.6540125097366728,False,,
ENSG00000134294,1.119611536836049,0.4184719173863414,0.5177005142516956,0.6555170508450151,False,,
ENSG00000134057,0.6516629825372677,0.4170086604535754,0.5184334510829551,0.6558652136513584,False,,
ENSG00000065243,0.5738903613948949,0.4152083762455732,0.5193377069950549,0.6558652136513584,False,,
ENSG00000153140,0.616980630416174,0.4151406992241391,0.519371754237399,0.6558652136513584,False,,
ENSG00000173093,1.1337981684487,0.4141800826873805,0.519855449223205,0.6558652136513584,False,,
ENSG00000058262,1.282060847784995,0.4139905517076841,0.5199509766055347,0.6558652136513584,False,,
ENSG00000157077,0.9168688784795387,0.4115333724985248,0.5211922503893778,0.6569317658666417,False,,
ENSG00000139746,1.836161295548073,0.4002777989080641,0.5269458248677727,0.6636798704707912,False,,
ENSG00000182568,1.049326744671204,0.3965884084755089,0.528856425252874,0.6655812478542614,False,,
ENSG00000150764,0.696565226746335,0.3864799121074611,0.5341555373107423,0.6717410544968425,False,,
ENSG00000174358,1.273800650699298,0.384939884650521,0.5349712788537504,0.6722576252060755,False,,
ENSG00000148690,0.5158264105100953,0.3829008169086592,0.5360548424546623,0.6731097114029799,False,,
ENSG00000278570,0.7197327339342038,0.377936756638519,0.5387095229075592,0.6759318276844659,False,,
ENSG00000198746,1.268761588669281,0.3757964128308231,0.5398615556424887,0.6768656966514587,False,,
ENSG00000140545,1.086344613557384e-07,0.373801270245167,0.5409395062181417,0.6776730846195205,False,,
ENSG00000164136,1.598979242016339,0.3730950893459521,0.5413219940996893,0.6776730846195205,False,,
ENSG00000164163,1.127890199907381,0.3720978891433333,0.5418629537477172,0.6778391132036251,False,,
ENSG00000171530,2.168821242635484,0.3676982957185828,0.5442615750983081,0.6798856677315658,False,,
ENSG00000166086,2.656152453683206,0.367428639481659,0.5444092269786105,0.6798856677315658,False,,
ENSG00000119705,0.8287263239187221,0.366847521656382,0.5447276735439653,0.6798856677315658,False,,
ENSG00000136813,0.8521354245001495,0.3619111400039401,0.5474467484266096,0.6827660423652682,False,,
ENSG00000142920,0.8212185377763482,0.3596807365611312,0.5486835997442443,0.6837948765581423,False,,
ENSG00000178409,1.201983602115175,0.3509836149351031,0.5535568570148672,0.6893506246396696,False,,
ENSG00000182771,1.712087170955936,0.3479505221621366,0.5552755888606736,0.6909726218206284,False,,
ENSG00000150768,2.539625251733838,0.3425944872869877,0.5583354494501703,0.6942598098032081,False,,
ENSG00000117308,1.258251289797458e-13,0.3371261868451256,0.5614927571015214,0.6976631562788365,False,,
ENSG00000162365,1.358321574050673,0.3339548613366787,0.563339550133731,0.6994342956035853,False,,
ENSG00000197355,0.08845472236920052,0.3321997412203928,0.5643666627139837,0.7001858446227301,False,,
ENSG00000168056,1.117165123133394,0.3283462500112364,0.5666345024335682,0.7024744391633482,False,,
ENSG00000110675,1.383521813082919,0.326339438004652,0.5678225514935902,0.7034219667756416,False,,
ENSG00000111726,1.067548194825126,0.3080208063583996,0.5788972446637799,0.7162879334412829,False,,
ENSG00000146755,1.085628566565853,0.307738385945413,0.5790713293242179,0.7162879334412829,False,,
ENSG00000164258,5.604885756111798,0.3052498758206639,0.5806097855626163,0.7175391325883071,False,,
ENSG00000095321,0.6582068066914414,0.3047056232971954,0.5809473459028222,0.7175391325883071,False,,
ENSG00000151033,1.960258775640097,0.3007880494133133,0.5833888059137413,0.7200188980050637,False,,
ENSG00000014257,1.549102170959736,0.2985378535522614,0.5848005104780376,0.7209975930538872,False,,
ENSG00000164265,1.205080890521072,0.2981405934897339,0.5850504565322808,0.7209975930538872,False,,
ENSG00000087299,1.692112616650759,0.2949937226294423,0.5870380638814041,0.7219972235301564,False,,
ENSG00000115353,1.512201577088465,0.2949822430146014,0.5870453396586488,0.7219972235301564,False,,
ENSG00000081019,1.060410003583514,0.2947912518429803,0.587166416726332,0.7219972235301564,False,,
ENSG00000170743,1.146911456551676,0.2907888270128751,0.5897154743622692,0.7245948833762894,False,,
ENSG00000106460,2.40552956023382,0.2898658187914407,0.5903065296008326,0.7247846443323833,False,,
ENSG00000164823,1.89709171117239,0.2837593254444073,0.5942477416388678,0.7290844428089583,False,,
ENSG00000143473,0.4249087444113832,0.2830067372560734,0.5947372327569498,0.7291460903814894,False,,
ENSG00000135407,1.099959922748346,0.2776398318055726,0.5982523436507772,0.7329143103027972,False,,
ENSG00000173085,0.6329257823865467,0.2763798055348161,0.5990838977451709,0.7333917922249142,False,,
ENSG00000183621,3.028429470915523,0.2732906540477416,0.6011328669482021,0.7353578180795988,False,,
ENSG00000135677,1.049910465993685,0.2707845508193714,0.6028059739887137,0.7368614998683835,False,,
ENSG00000136950,1.119543799991194,0.2636670088750179,0.607611989373816,0.7421897736280608,False,,
ENSG00000118298,0.8146897901283646,0.2582310194266029,0.6113380810003979,0.746192069456368,False,,
ENSG00000109046,0.365889340850913,0.2561007495896774,0.6128117374721076,0.7473824462486265,False,,
ENSG00000173218,1.450140202380478,0.2555214792591869,0.6132137902353189,0.7473824462486265,False,,
ENSG00000086589,1.164014266552183,0.252376958309469,0.6154063388086484,0.7493104472834037,False,,
ENSG00000149575,1.312905882245292,0.2519598375820351,0.6156984639123871,0.7493104472834037,False,,
ENSG00000213625,1.440417680973174,0.2491512749384128,0.6176733258516875,0.7511631655046164,False,,
ENSG00000174206,0.9629467180599404,0.247360011395358,0.6189401396879404,0.7517825795078771,False,,
ENSG00000007341,0.4735286444701102,0.2471508637245279,0.6190884254140169,0.7517825795078771,False,,
ENSG00000106128,2.04438152922279,0.2453312715442735,0.620381829397236,0.7528025122802717,False,,
ENSG00000171564,0.3292327000020604,0.2430342210591334,0.6220231783784165,0.7542428605611186,False,,
ENSG00000082515,1.159057149792146,0.2422920877124852,0.6225555275815815,0.7543373545879016,False,,
ENSG00000003987,1.147748105297188,0.2402650650692522,0.624014736375939,0.755553947763719,False,,
ENSG00000118507,0.2958036512823782,0.2391544599304325,0.6248174763933257,0.7559744976770559,False,,
ENSG00000165983,0.7819567036204249,0.233633628966345,0.6288425390306867,0.7602903239555279,False,,
ENSG00000135338,0.7351236008110575,0.229650029916229,0.6317834475415041,0.7632900457925011,False,,
ENSG00000113595,4.745395555967403,0.2287700943124946,0.6324372883429232,0.7635242899267292,False,,
ENSG00000171757,1.191094914081426,0.2239501582371304,0.6360464396626684,0.7673234664535098,False,,
ENSG00000204334,0.7426907745446273,0.2216629049180483,0.6377757789821248,0.7688509753887633,False,,
ENSG00000088926,0.2229289777231662,0.2170777682113112,0.6412755903055372,0.7719653577638179,False,,
ENSG00000148541,0.7803231423281781,0.2170599293021951,0.6412892941905451,0.7719653577638179,False,,
ENSG00000213949,1.102455249904344,0.2146404714003438,0.6431543103931943,0.7735318815799092,False,,
ENSG00000163508,0.4626082359166704,0.212937557582336,0.6444746551493092,0.7735318815799092,False,,
ENSG00000146090,1.675790049550554,0.2127923364605522,0.6445875475604798,0.7735318815799092,False,,
ENSG00000182866,0.49922001242905,0.2121296850964427,0.6451032751567651,0.7735318815799092,False,,
ENSG00000137203,1.108084083329159,0.2120179340490722,0.6451903448292333,0.7735318815799092,False,,
ENSG00000178028,1.087234151670117,0.2117662551318062,0.6453865397519121,0.7735318815799092,False,,
ENSG00000170903,1.093805523426639,0.209603201943537,0.6470785881498804,0.7750003292415595,False,,
ENSG00000135480,1.326613311933878,0.2042701640093583,0.6512959479476974,0.7794890220570855,False,,
ENSG00000163825,0.7147814040624163,0.2015644206940124,0.6534610430277881,0.7815168093848185,False,,
ENSG00000133641,2.239947665335905,0.1976252744898375,0.6566445227837732,0.7847587529309312,False,,
ENSG00000032389,0.9572757955646582,0.1827787037618691,0.6689960618796884,0.7989449372088365,False,,
ENSG00000219626,0.9257937545692525,0.1815304970368743,0.6700612415393513,0.7996417404423602,False,,
ENSG00000145358,1.141627096261156,0.1779005807666181,0.6731836907651256,0.8027908955963423,False,,
ENSG00000156521,1.198158184142708,0.1745658635190921,0.6760854549324502,0.8056725450020584,False,,
ENSG00000076604,0.8882867831295019,0.1730604473486892,0.6774060918079372,0.8066672255388635,False,,
ENSG00000196655,1.653345427127551,0.1711886593475356,0.6790575620203619,0.8080541598235131,False,,
ENSG00000163440,1.056284890195306,0.1699361867886182,0.680168526744479,0.808796385670369,False,,
ENSG00000006042,0.5865489117185045,0.1685853931048769,0.6813720856810925,0.8096475749682274,False,,
ENSG00000109107,1.039993227205947,0.1628704053728143,0.6865274370589817,0.815189946722396,False,,
ENSG00000115252,0.9217475632259254,0.1619731731771026,0.6873463237049896,0.8153491574071376,False,,
ENSG00000144029,0.3941248397601408,0.1616478753639967,0.6876438676927666,0.8153491574071376,False,,
ENSG00000172663,1.368540665400394,0.1591854461166804,0.6899075664000234,0.8167629705883065,False,,
ENSG00000149571,0.9318251439652979,0.1588716577680316,0.6901974854646518,0.8167629705883065,False,,
ENSG00000132837,6.910813187384665,0.1587474702537293,0.6903123179128879,0.8167629705883065,False,,
ENSG00000139174,1.055945839334109,0.1563447260996327,0.6925443816050033,0.8188202802452318,False,,
ENSG00000090266,1.106452617116124,0.1542307482213801,0.6945246516380614,0.8205771684834036,False,,
ENSG00000162819,0.6475523913108759,0.1509859031939413,0.6975949688190537,0.8236185264862227,False,,
ENSG00000134461,0.6366339578881963,0.1470416114316322,0.7013786846643781,0.8274972399025357,False,,
ENSG00000139496,1.529330669379015,0.1456536155310459,0.7027240114681813,0.8284956385207252,False,,
ENSG00000110172,0.893245068841707,0.1446853801535326,0.7036668359170024,0.8290184156296835,False,,
ENSG00000104497,0.8564375403381492,0.1427114277394139,0.7056002277714978,0.8305606744207474,False,,
ENSG00000155903,0.9471069279995031,0.1420482149624149,0.7062532405312991,0.8305606744207474,False,,
ENSG00000114491,0.9150957804806014,0.1418214563309448,0.7064769110133104,0.8305606744207474,False,,
ENSG00000185640,5.940411679483548,0.1384762877059984,0.7098005117136361,0.833327067555091,False,,
ENSG00000115129,1.120445629369287,0.1384427933044208,0.7098340201945172,0.833327067555091,False,,
ENSG00000163938,0.5840006969242159,0.1368156593343883,0.7114674268461891,0.8342646673113477,False,,
ENSG00000133800,0.850560294187756,0.1363570807698125,0.7119297662931385,0.8342646673113477,False,,
ENSG00000187048,0.9331437095610524,0.1358799452864332,0.7124117536055375,0.8342646673113477,False,,
ENSG00000133704,0.9401765479980355,0.1356514125072863,0.7126429507515006,0.8342646673113477,False,,
ENSG00000165233,0.9066044281064691,0.134886601144899,0.7134182911810316,0.834350589459189,False,,
ENSG00000204104,1.233311639768007,0.1345880901208147,0.7137215885735232,0.834350589459189,False,,
ENSG00000151704,2.009399211930954,0.1333228218354634,0.7150113986133402,0.8352701771274769,False,,
ENSG00000132718,1.05807572853101,0.1283638495206105,0.7201345240045778,0.8406633683879037,False,,
ENSG00000153006,1.054401093167133,0.1271870537566429,0.7213666145318536,0.8415098946752474,False,,
ENSG00000138639,0.8364474078370762,0.1255207079811953,0.7231222974069589,0.8429655995053031,False,,
ENSG00000151882,1.738902569336646,0.1222640354671967,0.7265918157284458,0.8464157291994526,False,,
ENSG00000173083,0.6849623366723074,0.1203823345058481,0.7286201863939776,0.8481833866858365,False,,
ENSG00000135452,1.062633743324338,0.1198133314646839,0.7292370348545163,0.8483065717298507,False,,
ENSG00000116299,1.193313970622653,0.1148564777395222,0.7346814324937349,0.8540414411341736,False,,
ENSG00000139370,0.9239419354067254,0.1132132079110306,0.7365151855736946,0.8546599277768577,False,,
ENSG00000198771,0.8038230686138648,0.1128948967307224,0.736872104544865,0.8546599277768577,False,,
ENSG00000211460,0.9563896488208955,0.1125879763330886,0.7372167818212636,0.8546599277768577,False,,
ENSG00000100796,3.756690951972502,0.1125380481098546,0.7372729015520845,0.8546599277768577,False,,
ENSG00000095981,0.8651148001986362,0.1091428747749887,0.7411220785545745,0.8585224357296536,False,,
ENSG00000180644,0.9446239187954272,0.1085026280998136,0.7418553545902594,0.8587725862062976,False,,
ENSG00000100445,1.057755008204513,0.1078320489032194,0.7426259464059846,0.8590655547274804,False,,
ENSG00000157445,1.640511180414008e-05,0.1043672356317984,0.7466504215406469,0.8631195680762352,False,,
ENSG00000111245,1.36509576993028,0.1028912026504258,0.7483872829631091,0.8645253233951016,False,,
ENSG00000145879,1.227431571581001,0.1007059426183332,0.7509841144314643,0.8669218567150422,False,,
ENSG00000153560,1.441616577255772,0.1002547536627389,0.751524133658663,0.8669423640537739,False,,
ENSG00000165525,3.245880119034251,0.09960027458146214,0.7523098484570846,0.8672460753046947,False,,
ENSG00000182272,0.9143416015492162,0.09801341182173928,0.7542267686454491,0.8688524885159233,False,,
ENSG00000197279,0.8799164128966565,0.09371379719596007,0.7595078801603863,0.8743294598240231,False,,
ENSG00000081800,1.078627613892547,0.09130884809565032,0.7625197742459656,0.877188375085449,False,,
ENSG00000175513,0.8762416354558817,0.08853164981337613,0.7660522242802621,0.8806417536739856,False,,
ENSG00000170500,1.211834739128975,0.08287845113954972,0.7734338680627292,0.8885122636568376,False,,
ENSG00000175356,1.067814851832208,0.0777046699076891,0.7804324104776341,0.8959320894833144,False,,
ENSG00000145014,1.056145976178093,0.0767555206657562,0.7817433514678066,0.8968168372056385,False,,
ENSG00000164603,1.24160142035905,0.07494053299706138,0.7842746862737011,0.8981587189896464,False,,
ENSG00000108671,1.134654988890207,0.07491199194191722,0.7843147538457631,0.8981587189896464,False,,
ENSG00000169174,0.6234335068377705,0.07475433446234092,0.7845362304427634,0.8981587189896464,False,,
ENSG00000088035,0.6822549858352878,0.07382230379153043,0.7858507006477555,0.898834672140941,False,,
ENSG00000002822,0.8865965565835443,0.07356891241215635,0.7862096047883412,0.898834672140941,False,,
ENSG00000168993,2.319143400148207,0.07197691636429226,0.7884798436388103,0.9008097318929285,False,,
ENSG00000147955,2.427652218509075,0.06969597596253152,0.7917799538482192,0.9037082803791081,False,,
ENSG00000158864,1.055309655945868e-05,0.06947292490804102,0.7921057517780736,0.9037082803791081,False,,
ENSG00000110060,0.8432145520125803,0.06851288478719653,0.7935144513006211,0.9043863022211699,False,,
ENSG00000165501,1.045157141984465,0.0683261584763386,0.7937896640579786,0.9043863022211699,False,,
ENSG00000204710,0.9308420926677059,0.06750787210148701,0.7950004856573193,0.9051445858649863,False,,
ENSG00000174720,0.935843029971814,0.0642441296367906,0.7999094782266727,0.9101094817383665,False,,
ENSG00000115459,0.952873639323704,0.06104454064916354,0.8048525538054851,0.9151063282993872,False,,
ENSG00000164615,0.8926501924000764,0.06053633044211892,0.8056502478219124,0.9153863185382441,False,,
ENSG00000164294,1.030683179041495,0.05907986515376251,0.8079562059950189,0.9173784555073403,False,,
ENSG00000185104,1.052078723525168,0.05721505206747679,0.810953076390009,0.9196216592370459,False,,
ENSG00000078177,1.041742583039496,0.05716154351830482,0.8110398247729127,0.9196216592370459,False,,
ENSG00000099260,0.9574023506069367,0.0558599118667189,0.8131634068320421,0.9214001742943276,False,,
ENSG00000144619,0.7846043085954965,0.05366733360278886,0.8168004620121414,0.9243351341005,False,,
ENSG00000145198,1.343912311803374,0.05362750102358405,0.816867254051466,0.9243351341005,False,,
ENSG00000114251,0.9062002702287115,0.05328789334816975,0.8174377792304819,0.9243506222905995,False,,
ENSG00000138669,1.369760775268738,0.05148404854116961,0.8205007506088933,0.9271826045001789,False,,
ENSG00000146574,0.535176102743349,0.05064141578986892,0.821950897748252,0.92818944915789,False,,
ENSG00000145194,2.551965098901685,0.04905634574242868,0.8247135133690027,0.9306760246040411,False,,
ENSG00000163935,0.5749832618715661,0.04835559732600814,0.8259497671159736,0.9314379167204593,False,,
ENSG00000108691,1.061496763570766,0.04777251181985775,0.8269856178927635,0.9319729298723608,False,,
ENSG00000164117,1.073962479312425,0.04637151507995441,0.8295018845010276,0.9341744425181179,False,,
ENSG00000139323,1.131529122878076,0.04483884108049097,0.8323006437790506,0.936690894015745,False,,
ENSG00000168772,0.9429409787304036,0.04391442625910713,0.8340129033113444,0.937721738167701,False,,
ENSG00000116752,0.9100106496550288,0.04373555297024723,0.8343463899239123,0.937721738167701,False,,
ENSG00000109189,0.2342265550363153,0.04065972212993074,0.8401961702758958,0.9434613787039455,False,,
ENSG00000170289,1.016129792999698,0.04018455379264196,0.8411201709559857,0.9434613787039455,False,,
ENSG00000104626,0.9632437494098397,0.03997987516049761,0.8415199346404727,0.9434613787039455,False,,
ENSG00000064995,0.5637440559523386,0.03964318316866411,0.8421798594508959,0.9434613787039455,False,,
ENSG00000249481,1.117021520242617,0.03931636107881786,0.8428232314881448,0.9434613787039455,False,,
ENSG00000146453,0.6791672315729399,0.03908375444007106,0.8432828284235531,0.9434613787039455,False,,
ENSG00000152611,1.031322077554337,0.03900854333187453,0.843431738552202,0.9434613787039455,False,,
ENSG00000087494,0.9841461066117042,0.03787060900140204,0.845703188271401,0.9453651801552362,False,,
ENSG00000196781,0.9694532263611274,0.03659010888077319,0.8483019895419426,0.9476321013725603,False,,
ENSG00000115592,1.240509270283896,0.03598110021266621,0.8495545276750044,0.948393084021861,False,,
ENSG00000009844,0.9529242831270899,0.0348681999676046,0.8518721084104593,0.950341196210593,False,,
ENSG00000067221,0.8966128630396313,0.03434411446505692,0.8529767568363533,0.9509344636322006,False,,
ENSG00000162746,0.9097411153191509,0.0333450048128725,0.8551070610842473,0.952669611677752,False,,
ENSG00000005469,0.7260828513718847,0.03278369742474752,0.8563183702087458,0.9533792719963233,False,,
ENSG00000110218,0.9588876022581448,0.03125226189877139,0.8596787698838179,0.9564790603264998,False,,
ENSG00000178802,0.9120254405094241,0.03080246911849827,0.8606818035275672,0.9569536462530217,False,,
ENSG00000154269,1.021058557071709,0.03050422019441612,0.8613510637902451,0.9570567375447167,False,,
ENSG00000138722,0.85335322244621,0.02985436114977347,0.862821099185035,0.9580488459178315,False,,
ENSG00000186479,3.195756583366238,0.02887678402112215,0.8650638475517736,0.9598970500908717,False,,
ENSG00000140527,1.057799184258539,0.02840868733255775,0.86615158076845,0.9601745706706667,False,,
ENSG00000169375,1.020225995805825,0.02827206610527355,0.8664707872678666,0.9601745706706667,False,,
ENSG00000096060,0.1963672813632992,0.02709625366333057,0.8692514341976585,0.9623144318658533,False,,
ENSG00000177910,1.025537116418463,0.02696684138209093,0.8695612336137228,0.9623144318658533,False,,
ENSG00000163293,0.798202701815636,0.02568264855653979,0.8726777883007933,0.9644998841585068,False,,
ENSG00000090060,1.012900636199632,0.02567438932601362,0.8726980879554682,0.9644998841585068,False,,
ENSG00000198160,1.017332719854768,0.025320006054244,0.8735722724001658,0.9648236674546076,False,,
ENSG00000153294,0.9696672885104927,0.02482812014932279,0.874796106738294,0.9649221629469558,False,,
ENSG00000162704,1.187287048017628,0.02470009992248379,0.8751166600043816,0.9649221629469558,False,,
ENSG00000113600,1.030430438130057,0.02458512003067881,0.8754052875892261,0.9649221629469558,False,,
ENSG00000164932,1.035983796782979,0.0242494081685436,0.8762519859496357,0.9652145299777009,False,,
ENSG00000147655,0.9471603629667186,0.02396525275798922,0.8769733566702257,0.9653685491197445,False,,
ENSG00000174839,1.143987290148738,0.02360789483645931,0.8778868080946124,0.9657336656309189,False,,
ENSG00000137824,0.9789326911245223,0.02284234799299156,0.8798677628042382,0.9672718452020101,False,,
ENSG00000189298,1.078958483804386,0.02102069450484123,0.8847225943564838,0.9719652591871365,False,,
ENSG00000171723,0.8883026339632788,0.01920166137279011,0.889789904124231,0.9768857413004123,False,,
ENSG00000111229,1.013007374556935,0.01881098266676418,0.8909097529585903,0.9774687309393655,False,,
ENSG00000110448,1.050208508614237,0.01668044144025771,0.8972367566637115,0.9831164057610072,False,,
ENSG00000146373,1.356916170165759,0.01664903453274746,0.8973330103438794,0.9831164057610072,False,,
ENSG00000196465,1.634407777455261,0.0161531827361614,0.8988650726989709,0.9831164057610072,False,,
ENSG00000162714,0.8974315398753008,0.01614205498117371,0.8988997269862389,0.9831164057610072,False,,
ENSG00000165458,1.015261019739181,0.01610394679300953,0.8990184963525355,0.9831164057610072,False,,
ENSG00000182732,0.9793593837535483,0.01467542494356167,0.9035784296306649,0.9874523984113915,False,,
ENSG00000116489,1.017682320771811,0.01431020129166427,0.904780013925359,0.9875215963105528,False,,
ENSG00000092531,1.423427521535803,0.01412649522171705,0.9053902864398342,0.9875215963105528,False,,
ENSG00000072840,2.233445561860224,0.01411565369198797,0.9054264274606394,0.9875215963105528,False,,
ENSG00000119778,1.051974170958187,0.01370580184448045,0.9068031716528945,0.9883737786893007,False,,
ENSG00000163517,1.342217100699813,0.01285573707718868,0.9097268036072959,0.9907335091863908,False,,
ENSG00000113319,0.9519034562362656,0.0127316123835044,0.9101618081381,0.9907335091863908,False,,
ENSG00000106633,1.07669092437968,0.01202061528601917,0.9126960232995979,0.9922704340091381,False,,
ENSG00000110107,1.104513152085254,0.01200037858143332,0.9127692486337071,0.9922704340091381,False,,
ENSG00000135413,1.06167046600738,0.01140100967950275,0.9149670760445449,0.9934131287958213,False,,
ENSG00000135549,1.026771535074525,0.01133385417415411,0.915216933652023,0.9934131287958213,False,,
ENSG00000050130,1.358366409487814,0.01119503829613677,0.9157357938059463,0.9934131287958213,False,,
ENSG00000186231,1.027546648937151,0.01094665989512578,0.916672355314965,0.9934131287958213,False,,
ENSG00000115307,0.976962081841554,0.01090970957375248,0.9168125983826496,0.9934131287958213,False,,
ENSG00000151014,1.037135232963869,0.0094690353871556,0.9224810338272513,0.9989031416524704,False,,
ENSG00000115840,2.166705760306285,0.00930277648876654,0.923162466616831,0.9989893706544586,False,,
ENSG00000148153,1.086550827608738,0.008627331073512323,0.9259961719011014,1.0,False,,
ENSG00000173960,0.9498810604153928,0.008381651528907241,0.927054498126495,1.0,False,,
ENSG00000184500,1.100120058638856,0.008216983143938705,0.927772626862278,1.0,False,,
ENSG00000139644,0.8877124649892834,0.008163594618963543,0.9280070122101831,1.0,False,,
ENSG00000168792,0.9111754566072148,0.007477682634089433,0.9310899455645432,1.0,False,,
ENSG00000198728,1.089944126954736,0.007008675293036504,0.9332807795193288,1.0,False,,
ENSG00000067113,0.9740300673960922,0.006905461777932942,0.9337727349812813,1.0,False,,
ENSG00000163382,1.017135332434159,0.006482294375018682,0.9358294982939748,1.0,False,,
ENSG00000160679,1.003070408926968,0.00613481538312044,0.9375694818780969,1.0,False,,
ENSG00000145416,0.9892428551143553,0.006121161335613579,0.9376388535084711,1.0,False,,
ENSG00000165476,0.981396230891349,0.005588375308434479,0.9404092989629681,1.0,False,,
ENSG00000213593,1.476739881418826,0.005296781167999143,0.941981991355889,1.0,False,,
ENSG00000110660,1.00662350877228,0.005293401125527453,0.9420004732166577,1.0,False,,
ENSG00000244045,3.455686501060655,0.005285268529405585,0.9420449660649385,1.0,False,,
ENSG00000154328,0.9920319042553616,0.005017510666220915,0.943529562088718,1.0,False,,
ENSG00000170142,1.012474941623042,0.004897429920674767,0.9442082730602618,1.0,False,,
ENSG00000104765,1.008032096256642,0.004829135197724099,0.9445980167556115,1.0,False,,
ENSG00000144214,1.039325375704895,0.004817587646357424,0.9446641892893779,1.0,False,,
ENSG00000118193,1.026490321790322,0.004655854019802064,0.9455995062386687,1.0,False,,
ENSG00000146674,0.9302093367850944,0.004597620722051943,0.9459402606602975,1.0,False,,
ENSG00000152670,1.00527261087449,0.004547607633867301,0.9462346486964897,1.0,False,,
ENSG00000164035,1.017078189993561,0.004512157363933511,0.946444302780114,1.0,False,,
ENSG00000106089,0.4101190213067942,0.004494166838412639,0.9465510158203884,1.0,False,,
ENSG00000187024,0.95449348115573,0.004468184681172715,0.9467055116163354,1.0,False,,
ENSG00000136160,1.196279373256707,0.003807726716331672,0.95079634048758,1.0,False,,
ENSG00000139842,1.057962389346555,0.003147812945826445,0.9552578631804165,1.0,False,,
ENSG00000164466,1.008910625579774,0.003109624871285632,0.9555298057440799,1.0,False,,
ENSG00000117625,2.119879839727868,0.003073888859944418,0.9557858080791166,1.0,False,,
ENSG00000141127,2.222191606922403,0.002924864296801388,0.9568698215948443,1.0,False,,
ENSG00000139209,1.0103810853302,0.002913657921453705,0.9569524453730763,1.0,False,,
ENSG00000139190,0.9920319042553616,0.002837712323525921,0.957516637528887,1.0,False,,
ENSG00000221914,2.117674527022533,0.002757408372417558,0.9581215060312402,1.0,False,,
ENSG00000081791,0.950661507288553,0.002749356182903284,0.958182641468692,1.0,False,,
ENSG00000148341,0.9570047038518975,0.002734572924964596,0.9582951160246816,1.0,False,,
ENSG00000011376,0.8246723052343645,0.002587611394119449,0.9594302507365163,1.0,False,,
ENSG00000187186,0.984142982489057,0.002347801082578371,0.9613543338491336,1.0,False,,
ENSG00000082068,1.052899395995799,0.001929429818119388,0.9649639678961623,1.0,False,,
ENSG00000164038,0.9847956490197253,0.001690471588517539,0.9672039414672515,1.0,False,,
ENSG00000198837,1.003844461636634,0.00162265874678269,0.967868113830164,1.0,False,,
ENSG00000171566,1.079984853941844,0.001594490764546208,0.9681480764495636,1.0,False,,
ENSG00000151778,0.9778457646984411,0.001347267582787026,0.9707201072363121,1.0,False,,
ENSG00000169032,1.003115857901925,0.001230039219080936,0.9720223962457366,1.0,False,,
ENSG00000162441,1.006910903321409,0.0007238064772536745,0.9785365809028311,1.0,False,,
ENSG00000132570,2.615724954818531,0.0007220200368465157,0.978563078018949,1.0,False,,
ENSG00000086189,1.495402140658653,0.000545654766028747,0.9813637064113312,1.0,False,,
ENSG00000015592,1.008032096256642,0.0003613531298469752,0.9848336939085202,1.0,False,,
ENSG00000197894,0.9770853147324091,0.0003563676546036731,0.9849386671385203,1.0,False,,
ENSG00000087111,1.92120328922735,0.0003318035014672205,0.9854669580345592,1.0,False,,
ENSG00000149260,0.9920319042553616,0.0003000989818247035,0.9861786456667225,1.0,False,,
ENSG00000095596,1.002630602468622,0.0002624635744723491,0.9870742550079005,1.0,False,,
ENSG00000164509,1.000837145744139,0.0002608657814562321,0.9871136555067118,1.0,False,,
ENSG00000135457,5.854109273816781,0.0001804030252969824,0.9892836000982556,1.0,False,,
ENSG00000157703,1.002491689192917,9.821710409596562e-05,0.9920927309760637,1.0,False,,
ENSG00000164975,1.008666903056995,8.656556747155264e-05,0.9925765397764263,1.0,False,,
ENSG00000138161,1.000591571421013,5.585407780017704e-05,0.9940370185073614,1.0,False,,
ENSG00000114120,0.9998616736043786,3.461951928329654e-05,0.9953054056456268,1.0,False,,
ENSG00000139168,1.705124951403372,1.436979800928384e-05,0.9969754250352283,1.0,False,,
ENSG00000168268,1.001590050472301,5.446570867206901e-06,0.9981379075184161,1.0,False,,
ENSG00000092010,1.00008792594552,1.607626472832635e-06,0.9989883447965932,1.0,False,,
ENSG00000185305,1.767157549081373,4.001776687800884e-09,0.9999495261437946,1.0,False,,
ENSG00000070748,1,4.365574568510056e-11,0.9999947281776513,1.0,False,,
ENSG00000007171,1,2.91038304567337e-11,0.9999956955750771,1.0,False,,
ENSG00000188610,1,1.455191522836685e-11,0.9999969563119478,1.0,False,,
ENSG00000071462,1,1.091393642127514e-11,0.9999973640888257,1.0,False,,
ENSG00000148290,1,5.456968210637569e-12,0.999998136129334,1.0,False,,
ENSG00000050165,1,3.637978807091713e-12,0.999998478155974,1.0,False,,
ENSG00000136044,1,3.637978807091713e-12,0.999998478155974,1.0,False,,
ENSG00000196932,1,1.818989403545856e-12,0.9999989238937692,1.0,False,,
ENSG00000008516,2.249998875000301,-0.000113461723231012,1,1.0,False,,
ENSG00000016082,1,-0.0109246414504014,1,1.0,False,,
ENSG00000023318,1,0,1,1.0,False,,
ENSG00000035720,1,-0.001082810951629654,1,1.0,False,,
ENSG00000049192,2.249998875000301,-0.001151562326413114,1,1.0,False,,
ENSG00000062194,1.2330266499677,-0.0006312833211268298,1,1.0,False,,
ENSG00000071243,1,0,1,1.0,False,,
ENSG00000071537,1,0,1,1.0,False,,
ENSG00000074211,1.358321574050675,0,1,1.0,False,,
ENSG00000077232,1,-2.473825588822365e-10,1,1.0,False,,
ENSG00000088808,1,0,1,1.0,False,,
ENSG00000092820,1,-0.002533393533667549,1,1.0,False,,
ENSG00000092847,1.224038467091275,-0.0005712832935387269,1,1.0,False,,
ENSG00000103351,1,0,1,1.0,False,,
ENSG00000111110,1.343073281422076,-0.0005282001548039261,1,1.0,False,,
ENSG00000112761,1.008112903674674,-0.001199561451358022,1,1.0,False,,
ENSG00000113569,1,0,1,1.0,False,,
ENSG00000116667,1,-0.01745530132939166,1,1.0,False,,
ENSG00000132964,1.358321574050675,0,1,1.0,False,,
ENSG00000134809,1,0,1,1.0,False,,
ENSG00000135521,1,0,1,1.0,False,,
ENSG00000136235,1,0,1,1.0,False,,
ENSG00000138071,1,0,1,1.0,False,,
ENSG00000138400,1,0,1,1.0,False,,
ENSG00000138767,1,0,1,1.0,False,,
ENSG00000138814,1,0,1,1.0,False,,
ENSG00000139645,1.358321574050675,-9.458744898438454e-10,1,1.0,False,,
ENSG00000141314,1.849844704116779,-0.0007100894217728637,1,1.0,False,,
ENSG00000141316,2.42836283988542,-2.91850883513689e-05,1,1.0,False,,
ENSG00000142789,1,0,1,1.0,False,,
ENSG00000143889,1,0,1,1.0,False,,
ENSG00000150625,1,0,1,1.0,False,,
ENSG00000152413,1.014132396968635,-5.540496204048395e-07,1,1.0,False,,
ENSG00000152495,1,-0.000536994899448473,1,1.0,False,,
ENSG00000155158,1,0,1,1.0,False,,
ENSG00000157954,1,0,1,1.0,False,,
ENSG00000162148,1,-0.004097608147276333,1,1.0,False,,
ENSG00000163947,1.504125985875327,-0.0002099177945638075,1,1.0,False,,
ENSG00000164241,1,0,1,1.0,False,,
ENSG00000166796,1.027687967432166,-1.576651993673295e-05,1,1.0,False,,
ENSG00000167768,1,0,1,1.0,False,,
ENSG00000168894,1,0,1,1.0,False,,
ENSG00000169762,1,-0.0003506508292048238,1,1.0,False,,
ENSG00000170545,1,0,1,1.0,False,,
ENSG00000172007,1.358321574050675,-2.07027942451532e-05,1,1.0,False,,
ENSG00000176658,1,0,1,1.0,False,,
ENSG00000176978,1,0,1,1.0,False,,
ENSG00000182271,1,-0.005249204306892352,1,1.0,False,,
ENSG00000183648,1,-0.0001668458953645313,1,1.0,False,,
ENSG00000183960,1,0,1,1.0,False,,
ENSG00000185896,1,0,1,1.0,False,,
ENSG00000196420,1,-0.009701349296392436,1,1.0,False,,
ENSG00000196715,1,0,1,1.0,False,,
ENSG00000197299,1,0,1,1.0,False,,
ENSG00000198513,1,0,1,1.0,False,,
ENSG00000205707,0.9310257853755786,-6.27260214969283e-06,1,1.0,False,,
ENSG00000205835,1,0,1,1.0,False,,
ENSG00000206560,1,-3.492459654808044e-10,1,1.0,False,,
ENSG00000000460,,,,,False,,
ENSG00000000971,,,,,False,,
ENSG00000001036,,,,,False,,
ENSG00000001084,,,,,False,,
ENSG00000001167,,,,,False,,
ENSG00000001561,,,,,False,,
ENSG00000001626,,,,,False,,
ENSG00000001631,,,,,False,,
ENSG00000002745,,,,,False,,
ENSG00000003989,,,,,False,,
ENSG00000004059,,,,,False,,
ENSG00000035115,,,,,False,,
ENSG00000035681,,,,,False,,
ENSG00000048740,,,,,False,,
ENSG00000069869,,,,,False,,
ENSG00000110002,,,,,False,,
ENSG00000111181,,,,,False,,
ENSG00000111647,,,,,False,,
ENSG00000114416,,,,,False,,
ENSG00000114439,,,,,False,,
ENSG00000119681,,,,,False,,
ENSG00000138674,,,,,False,,
ENSG00000142208,,,,,False,,
ENSG00000143537,,,,,False,,
ENSG00000144445,,,,,False,,
ENSG00000145794,,,,,False,,
ENSG00000147789,,,,,False,,
ENSG00000149091,,,,,False,,
ENSG00000151062,,,,,False,,
ENSG00000151834,,,,,False,,
ENSG00000152990,,,,,False,,
ENSG00000154678,,,,,False,,
ENSG00000162599,,,,,False,,
ENSG00000167632,,,,,False,,
ENSG00000170873,,,,,False,,
ENSG00000173040,,,,,False,,
ENSG00000173210,,,,,False,,
ENSG00000181381,,,,,False,,
ENSG00000196504,,,,,False,,
ENSG00000198586,,,,,False,,
ENSG00000198589,,,,,False,,
