p_value,lrt,evidence_ratio,n_sites,n_sequences,gene_id,bh_fdr,fdr_significant,p_significant
0.5,-0.0009912359673762694,,7383,10,ENSG00000000460,0.5,False,False
0.5,0.0,,1233,10,ENSG00000000971,0.5,False,False
0.4947548645349308,0.0210913633563905,,3432,10,ENSG00000001084,0.5,False,False
0.5,0.0,,1499,10,ENSG00000001167,0.5,False,False
0.5,-0.001453042103094049,,584,10,ENSG00000001561,0.5,False,False
0.5,-0.001411340987033327,,1111,10,ENSG00000002745,0.5,False,False
2.541983650239388e-07,28.98400745910476,,5156,10,ENSG00000002822,1.0589469578132928e-06,True,True
4.965699518244548e-09,36.85512895496504,,1622,10,ENSG00000003056,2.299756927723313e-08,True,True
0.004070869650312392,9.621502897098253,,5320,10,ENSG00000003400,0.01267115496912005,True,True
3.006842717034885e-07,28.64811574691703,,2197,10,ENSG00000003436,1.2452985574131157e-06,True,True
0.0,91.24487068315648,,2663,10,ENSG00000003987,0.0,True,True
0.08443424931562504,3.557269962599094,,4756,10,ENSG00000003989,0.2268913863295078,False,False
0.5,0.0,,754,10,ENSG00000004059,0.5,False,False
0.5,0.0,,1239,9,ENSG00000004142,0.5,False,False
0.5,0.0,,2010,10,ENSG00000004455,0.5,False,False
0.0,120.5000386212632,,3630,10,ENSG00000004700,0.0,True,True
0.4981286149058203,0.007499583756725769,,1414,10,ENSG00000004799,0.5,False,False
0.5,0.0,,3227,10,ENSG00000004846,0.5,False,False
0.5,0.0,,8110,10,ENSG00000004866,0.5,False,False
5.076963849326432e-10,41.41598066042206,,2526,10,ENSG00000004948,2.548090534270111e-09,True,True
0.0,120.6541920354575,,1983,9,ENSG00000005001,0.0,True,True
0.01733016381061681,6.724319084722083,,5957,10,ENSG00000005108,0.05097589284092727,False,True
4.558578110297473e-05,18.60553505495773,,8802,9,ENSG00000005156,0.00016312494619150815,True,True
0.0,123.0010826875223,,4682,10,ENSG00000005238,0.0,True,True
0.2661225449776938,1.261302400554996,,1521,10,ENSG00000005249,0.5,False,False
0.5,0.0,,1163,10,ENSG00000005448,0.5,False,False
0.0001609895158603547,16.08204826694418,,2299,10,ENSG00000005469,0.0005576336015942927,True,True
4.136380127306438e-10,41.82576537939894,,941,10,ENSG00000005486,2.099423954410431e-09,True,True
0.3899200391142489,0.4973328164342092,,6684,10,ENSG00000005700,0.5,False,False
0.2563481468866049,1.336143258020456,,957,10,ENSG00000005812,0.5,False,False
0.06742145234731078,4.007289694225619,,1310,10,ENSG00000005981,0.18519017512082686,False,False
0.0,121.3923631843754,,1234,9,ENSG00000006042,0.0,True,True
0.1991199847325009,1.841401033918373,,1310,10,ENSG00000006128,0.481723153725418,False,False
0.09037071292348708,3.421375710728171,,4063,9,ENSG00000006194,0.2416687774631316,False,False
0.001552785708437088,11.54911509876183,,685,10,ENSG00000006377,0.005002303182490981,True,True
0.5,-0.0004345992492744699,,5774,10,ENSG00000006432,0.5,False,False
0.4556590952356183,0.1857263333222363,,1740,10,ENSG00000006453,0.5,False,False
0.0,105.4836735229401,,4333,10,ENSG00000006530,0.0,True,True
0.5,-0.008569735349738039,,1491,10,ENSG00000006555,0.5,False,False
4.706196689741038e-06,23.14696658500179,,5668,10,ENSG00000006715,1.7965174470277762e-05,True,True
0.5,0.0,,1162,10,ENSG00000006831,0.5,False,False
0.0,108.6150247233454,,6615,9,ENSG00000007171,0.0,True,True
0.0,85.24981594450946,,2352,9,ENSG00000007216,0.0,True,True
0.0,127.5424391897832,,5777,10,ENSG00000007341,0.0,True,True
9.338640971634504e-13,54.01256911098608,,7524,10,ENSG00000007402,5.748811905063122e-12,True,True
0.0,155.5238212532531,,2087,10,ENSG00000007866,0.0,True,True
0.5,0.0,,4743,10,ENSG00000007908,0.5,False,False
1.831867990631508e-15,66.50493929076765,,955,10,ENSG00000007944,1.3379899244348195e-14,True,True
0.5,-0.0008638926337880548,,788,10,ENSG00000007968,0.5,False,False
0.5,0.0,,273,10,ENSG00000008018,0.5,False,False
0.5,-0.0002517876273486763,,7648,10,ENSG00000008083,0.5,False,False
0.472685165401711,0.1123570876079611,,2218,10,ENSG00000008118,0.5,False,False
0.5,0.0,,706,10,ENSG00000008197,0.5,False,False
0.5,0.0,,1692,10,ENSG00000008256,0.5,False,False
0.5,-0.005852923561178613,,5400,10,ENSG00000008323,0.5,False,False
0.5,-0.0007025028298812686,,1347,10,ENSG00000008394,0.5,False,False
0.5,0.0,,1720,10,ENSG00000008405,0.5,False,False
8.127852713091244e-08,31.26447358716905,,1266,9,ENSG00000008516,3.4881742359720317e-07,True,True
9.614092855159129e-11,44.74411718134797,,1197,10,ENSG00000008952,5.141989017372205e-10,True,True
0.5,-0.001857034021668369,,1705,10,ENSG00000009709,0.5,False,False
1.292173795741647e-08,34.94241530231375,,6319,10,ENSG00000009724,5.8482915923739335e-08,True,True
1.230682222796986e-13,58.06535630378494,,2227,10,ENSG00000009765,8.03335088739135e-13,True,True
0.0,128.747803124661,,1929,10,ENSG00000009780,0.0,True,True
0.0,183.4640177974943,,4102,10,ENSG00000009790,0.0,True,True
1.609823385706477e-15,66.71404642995549,,1983,10,ENSG00000009844,1.184506142086393e-14,True,True
0.5,0.0,,4314,10,ENSG00000009954,0.5,False,False
0.5,0.0,,1220,10,ENSG00000010017,0.5,False,False
0.2848102172563766,1.125570088581298,,1717,10,ENSG00000010072,0.5,False,False
0.4987054395076377,0.005184957110031974,,2468,10,ENSG00000010165,0.5,False,False
0.0,136.0861920817115,,4628,9,ENSG00000010244,0.0,True,True
0.2804904812157499,1.156136618108576,,1764,10,ENSG00000010256,0.5,False,False
1.393329895904571e-14,62.42660481822531,,2659,6,ENSG00000010278,9.665861788325434e-14,True,True
0.5,-1.169300230685622e-05,,3836,10,ENSG00000010295,0.5,False,False
2.031028761839693e-08,34.03798224175989,,7504,10,ENSG00000010322,9.109411236601112e-08,True,True
0.0,112.3004212506239,,2320,9,ENSG00000010539,0.0,True,True
0.5,0.0,,3711,10,ENSG00000010704,0.5,False,False
1.08080211447259e-13,58.32581085592392,,7404,10,ENSG00000010803,7.064270325081029e-13,True,True
7.676345781248983e-09,35.98395006809733,,5390,10,ENSG00000011007,3.5093882275673204e-08,True,True
0.0,96.17831758075044,,5043,10,ENSG00000011021,0.0,True,True
0.04126189854368617,4.989337155486282,,3315,10,ENSG00000011083,0.11633956002914132,False,True
0.5,-0.007717974003753625,,7996,10,ENSG00000011114,0.5,False,False
0.0,75.66877037391532,,5589,10,ENSG00000011376,0.0,True,True
0.5,0.0,,8582,10,ENSG00000011405,0.5,False,False
0.2436055570054579,1.438115501565335,,3956,10,ENSG00000011465,0.5,False,False
0.0,102.2200062875854,,4462,10,ENSG00000012171,0.0,True,True
0.0,197.2966886341019,,7597,10,ENSG00000012232,0.0,True,True
0.4884117996709938,0.0468983932514675,,2384,10,ENSG00000012660,0.5,False,False
0.5,0.0,,2674,10,ENSG00000012779,0.5,False,False
0.0,378.5567771948699,,4542,10,ENSG00000012822,0.0,True,True
1.380762232661148e-06,25.5994553765413,,1729,10,ENSG00000012963,5.5252705915177396e-06,True,True
0.5,0.0,,2442,10,ENSG00000013016,0.5,False,False
0.5,0.0,,2049,10,ENSG00000013293,0.5,False,False
0.5,0.0,,516,10,ENSG00000013297,0.5,False,False
0.0,209.2928867438532,,3042,10,ENSG00000013374,0.0,True,True
0.5,0.0,,586,10,ENSG00000013392,0.5,False,False
0.5,0.0,,2316,10,ENSG00000013441,0.5,False,False
0.0244823031877871,6.03331512157456,,3541,10,ENSG00000013561,0.07078665783158851,False,True
1.317834730230061e-13,57.92875254234787,,591,10,ENSG00000013583,8.590969787895574e-13,True,True
0.5,-0.007567277585621923,,4240,10,ENSG00000013810,0.5,False,False
0.5,0.0,,2685,10,ENSG00000014123,0.5,False,False
0.0,228.1799132670931,,3742,10,ENSG00000014138,0.0,True,True
6.932288076910709e-12,50.00336857937509,,6120,10,ENSG00000014164,4.047089306872519e-11,True,True
1.656685232165334e-05,20.62991905309173,,1939,10,ENSG00000014257,6.122104268046337e-05,True,True
0.0,83.24037415565545,,3090,10,ENSG00000014641,0.0,True,True
0.5,0.0,,1855,10,ENSG00000014824,0.5,False,False
0.5,0.0,,2445,10,ENSG00000014914,0.5,False,False
0.5,0.0,,1066,10,ENSG00000014919,0.5,False,False
0.5,0.0,,9058,10,ENSG00000015520,0.5,False,False
1.862918708184225e-10,43.42111850401488,,1825,10,ENSG00000015592,9.733358880786066e-10,True,True
1.100020075028851e-11,49.0799183131021,,997,10,ENSG00000016082,6.32543335629307e-11,True,True
0.4973832471607733,0.01049449687707238,,1911,10,ENSG00000016391,0.5,False,False
0.5,-0.008315035513078328,,3432,10,ENSG00000016490,0.5,False,False
0.5,0.0,,2730,10,ENSG00000016602,0.5,False,False
0.5,0.0,,1870,10,ENSG00000016864,0.5,False,False
0.0,99.98702066845544,,949,10,ENSG00000017427,0.0,True,True
0.4841646428926427,0.06436615656639333,,2946,10,ENSG00000018280,0.5,False,False
0.002328234588058087,10.73899561123108,,2283,10,ENSG00000018408,0.0073903247230382415,True,True
1.78658498217743e-07,29.68928500819311,,7477,10,ENSG00000018510,7.505467653167683e-07,True,True
0.04375002904920772,4.872231643377745,,668,10,ENSG00000019102,0.12294499688743457,False,True
0.0,115.114816902591,,4224,10,ENSG00000019485,0.0,True,True
0.0,95.50225486958334,,959,10,ENSG00000019505,0.0,True,True
0.5,-0.002259661538118962,,1718,10,ENSG00000019582,0.5,False,False
0.1724893826013685,2.128544827766746,,2230,10,ENSG00000019995,0.42748489738874285,False,False
9.992007221626409e-16,67.71736345400132,,2422,10,ENSG00000020633,7.40689179141129e-15,True,True
0.5,0.0,,6207,10,ENSG00000020922,0.5,False,False
0.5,-0.0006554553146997932,,1522,10,ENSG00000021355,0.5,False,False
5.551115123125783e-17,74.04460013005155,,2670,10,ENSG00000021852,4.453426874585104e-16,True,True
0.3497757139186086,0.7146319334060536,,4548,10,ENSG00000022840,0.5,False,False
0.0001579032045688211,16.1207623229493,,5025,10,ENSG00000023041,0.0005477060945085887,True,True
0.0,84.37963890598621,,2660,10,ENSG00000023318,0.0,True,True
0.2773645849034778,1.178550533251837,,7330,10,ENSG00000023516,0.5,False,False
0.3512362698821089,0.7062979356396681,,558,10,ENSG00000023572,0.5,False,False
0.3474348211422316,0.7280620320907474,,742,10,ENSG00000023608,0.5,False,False
0.0,133.114300156667,,3065,10,ENSG00000023697,0.0,True,True
0.5,0.0,,2342,10,ENSG00000023902,0.5,False,False
0.5,-0.002325634301087121,,1408,10,ENSG00000023909,0.5,False,False
4.139105724831893e-11,46.4296181617683,,9796,10,ENSG00000024048,2.2749073895374404e-10,True,True
0.5,0.0,,658,10,ENSG00000024862,0.5,False,False
0.5,-0.006642530843237182,,1160,10,ENSG00000025039,0.5,False,False
0.2392093457456408,1.474538012418634,,1440,10,ENSG00000025156,0.5,False,False
0.01381795882559356,7.177277976355981,,2198,10,ENSG00000026751,0.04108220394411379,True,True
0.2575260806608812,1.326974198556854,,3389,10,ENSG00000027644,0.5,False,False
1.665334536937735e-16,71.04152172306203,,7408,10,ENSG00000027697,1.2963026583299364e-15,True,True
0.5,0.0,,1804,10,ENSG00000027869,0.5,False,False
0.5,0.0,,1651,10,ENSG00000028137,0.5,False,False
0.0,213.2297405699937,,3563,10,ENSG00000028310,0.0,True,True
0.1784904963711388,2.060145480289066,,771,10,ENSG00000028839,0.4403828020585538,False,False
0.0,92.3874041523959,,1600,10,ENSG00000029364,0.0,True,True
0.5,0.0,,628,10,ENSG00000029559,0.5,False,False
0.5,0.0,,668,10,ENSG00000029639,0.5,False,False
2.887912131654957e-12,51.75467921541713,,7392,10,ENSG00000030304,1.7327472789929743e-11,True,True
0.0,115.7289011617977,,4533,10,ENSG00000030419,0.0,True,True
0.1992968126313562,1.839625728141982,,540,10,ENSG00000031691,0.4819165513020738,False,False
0.0,215.5000112356065,,7191,10,ENSG00000032219,0.0,True,True
0.0,85.57116796377522,,3005,10,ENSG00000032389,0.0,True,True
0.2694446062067222,1.236490543975378,,6010,10,ENSG00000033100,0.5,False,False
0.0,77.7609351179126,,2599,10,ENSG00000034677,0.0,True,True
0.05267044799452691,4.501107118656364,,1956,10,ENSG00000034971,0.14660481719349572,False,False
0.0,384.7012306259348,,3897,10,ENSG00000035115,0.0,True,True
0.5,0.0,,4336,10,ENSG00000035403,0.5,False,False
5.551115123125783e-17,74.4365049597618,,1930,10,ENSG00000035499,4.453426874585104e-16,True,True
0.0,129.0063337859974,,4273,10,ENSG00000035681,0.0,True,True
0.5,-0.003358937337907264,,1340,10,ENSG00000035687,0.5,False,False
0.0004809352463198691,13.89326147889733,,1067,10,ENSG00000035720,0.001614151089875188,True,True
1.14477760604359e-09,39.78981658085831,,5407,10,ENSG00000036549,5.539030945973557e-09,True,True
3.542194838540569e-05,19.11006347711373,,4337,10,ENSG00000036565,0.00012804416516643016,True,True
0.5,0.0,,1644,10,ENSG00000037749,0.5,False,False
0.03962330111713303,5.070381482422817,,7355,10,ENSG00000038219,0.11185374560534603,False,True
7.255307465925398e-14,59.12259750274097,,4613,10,ENSG00000038274,4.773531658136631e-13,True,True
0.4998179796977474,0.0007282137667061761,,2683,10,ENSG00000039600,0.5,False,False
0.4992787808925612,0.002886959060560912,,2086,10,ENSG00000040487,0.5,False,False
0.344906648625777,0.7426686033504666,,1515,10,ENSG00000040731,0.5,False,False
0.5,0.0,,9126,10,ENSG00000041515,0.5,False,False
0.001071538765722635,12.29102476853586,,2671,10,ENSG00000041880,0.003501861905850451,True,True
0.5,0.0,,569,10,ENSG00000043039,0.5,False,False
0.0,94.87498120475357,,1336,10,ENSG00000043093,0.0,True,True
0.5,0.0,,8867,10,ENSG00000043143,0.5,False,False
0.1808315649589241,2.034084161321516,,1609,10,ENSG00000043355,0.44456825078234596,False,False
1.002088967361203e-10,44.66123338235047,,1826,10,ENSG00000043462,5.353802925515171e-10,True,True
0.5,0.0,,122,10,ENSG00000044012,0.5,False,False
0.0,156.1342202756059,,7443,10,ENSG00000044115,0.0,True,True
0.4999999547653736,1.809385139495134e-07,,10773,10,ENSG00000044459,0.5,False,False
0.4132242881446859,0.381235164582904,,3758,10,ENSG00000044524,0.5,False,False
0.0,146.0338388655182,,2300,10,ENSG00000044574,0.0,True,True
0.01530730026748428,6.972556484412053,,11009,10,ENSG00000046889,0.04529358211211589,True,True
0.5,0.0,,7207,10,ENSG00000047410,0.5,False,False
0.0,346.4301379063545,,3725,10,ENSG00000047579,0.0,True,True
0.3238176055074771,0.868855374159466,,2013,10,ENSG00000047621,0.5,False,False
0.5,0.0,,6472,10,ENSG00000047662,0.5,False,False
0.5,0.0,,5805,10,ENSG00000047936,0.5,False,False
0.5,0.0,,407,10,ENSG00000048544,0.5,False,False
0.02149610644818251,6.29347255034736,,636,10,ENSG00000048545,0.06252727103699404,False,True
0.0,190.9697679054079,,8325,10,ENSG00000048740,0.0,True,True
0.0,110.5208164764699,,3682,10,ENSG00000049167,0.0,True,True
1.82495518696868e-10,43.46229656974901,,3226,10,ENSG00000049192,9.545033753924515e-10,True,True
0.5,0.0,,3937,10,ENSG00000049239,0.5,False,False
2.568863048557635e-06,24.35779993996675,,339,10,ENSG00000049245,1.0061043152382423e-05,True,True
1.39478428806683e-11,48.6050962240115,,6973,10,ENSG00000049246,7.937822710348298e-11,True,True
7.078665287263419e-08,31.54089638484584,,1839,10,ENSG00000050130,3.0510642234703856e-07,True,True
0.0,87.916148569504,,2200,10,ENSG00000050165,0.0,True,True
0.4550643180356831,0.1883386622721446,,2307,10,ENSG00000050344,0.5,False,False
0.0,179.2031957027939,,4044,10,ENSG00000050426,0.0,True,True
0.0,115.7400713329116,,3975,10,ENSG00000050438,0.0,True,True
0.4615521419780913,0.16002613431192,,3733,10,ENSG00000050555,0.5,False,False
0.1660442735473175,2.204707274810062,,3595,10,ENSG00000050730,0.4139870760021841,False,False
0.5,0.0,,7338,10,ENSG00000051009,0.5,False,False
0.5,0.0,,2526,10,ENSG00000051180,0.5,False,False
0.5,0.0,,1327,10,ENSG00000051596,0.5,False,False
0.0,79.5042376641577,,512,10,ENSG00000052723,0.0,True,True
0.5,-0.001002006509224884,,7139,10,ENSG00000053108,0.5,False,False
0.5,-0.0004332240196163184,,641,10,ENSG00000053328,0.5,False,False
0.5,-0.0006084112665121211,,493,10,ENSG00000053372,0.5,False,False
0.5,0.0,,1739,10,ENSG00000053770,0.5,False,False
0.3050380747577407,0.9883429886031081,,3947,10,ENSG00000053918,0.5,False,False
1.7233482418888e-09,38.97169919409134,,1147,10,ENSG00000054116,8.226424333162083e-09,True,True
0.5,-0.0003300248499726877,,3388,10,ENSG00000054118,0.5,False,False
0.4130060049017528,0.3822919316844491,,1233,10,ENSG00000054179,0.5,False,False
0.5,0.0,,948,10,ENSG00000054965,0.5,False,False
0.02723630351051254,5.820114654379722,,1601,10,ENSG00000055044,0.07835359957275267,False,True
0.5,0.0,,6714,10,ENSG00000055118,0.5,False,False
0.4355034064593312,0.2762109604045691,,1442,10,ENSG00000055211,0.5,False,False
0.5,0.0,,2603,10,ENSG00000055813,0.5,False,False
0.5,0.0,,1359,10,ENSG00000056050,0.5,False,False
2.547961841514734e-14,61.21554846574145,,2467,10,ENSG00000056291,1.7266433514569872e-13,True,True
0.003708016720482932,9.808221882962243,,1863,10,ENSG00000056736,0.011599795702944721,True,True
4.513898661240301e-06,23.23040429839602,,2209,10,ENSG00000057252,1.725759565027614e-05,True,True
0.0,78.06586276691814,,4253,10,ENSG00000057294,0.0,True,True
0.5,-2.398101059952751e-05,,3219,10,ENSG00000057468,0.5,False,False
0.1987864211402782,1.84475422115429,,1417,10,ENSG00000057593,0.4813844492462238,False,False
0.0,97.03692637473068,,2251,10,ENSG00000057663,0.0,True,True
0.1783535541619777,2.061680517408604,,617,10,ENSG00000057757,0.44026331434326405,False,False
0.4726678211754055,0.1124304749100702,,8505,10,ENSG00000058056,0.5,False,False
0.5,-0.0001688215270405635,,5749,10,ENSG00000058063,0.5,False,False
0.5,0.0,,4896,10,ENSG00000058085,0.5,False,False
0.06269807464887905,4.152554717322346,,4536,10,ENSG00000058091,0.17315947990201247,False,False
5.551115123125783e-17,72.90248693366448,,4315,10,ENSG00000058262,4.453426874585104e-16,True,True
0.4986934859544338,0.005232896015513688,,9519,10,ENSG00000058668,0.5,False,False
0.009841528062377702,7.855994217148691,,2179,10,ENSG00000058729,0.029685725034728133,True,True
0.3613678649278079,0.6494232849872787,,3128,10,ENSG00000058804,0.5,False,False
0.5,0.0,,5053,10,ENSG00000058866,0.5,False,False
0.0,182.4836715739875,,3855,10,ENSG00000059377,0.0,True,True
0.5,0.0,,7946,10,ENSG00000059588,0.5,False,False
0.48628548852644,0.05562444407041767,,1249,10,ENSG00000059769,0.5,False,False
0.0,293.1087282403023,,8233,10,ENSG00000060339,0.0,True,True
0.0,125.9625123834412,,7371,10,ENSG00000060642,0.0,True,True
0.1512519412071025,2.391322334093275,,2411,10,ENSG00000060688,0.3824744054723578,False,False
0.0,131.8060653649736,,3442,10,ENSG00000060982,0.0,True,True
0.5,-0.008033357069507474,,1800,10,ENSG00000061337,0.5,False,False
0.007443153647119949,8.4146269242774,,1888,10,ENSG00000061492,0.022685199902435435,True,True
0.5,-3.076429129578173e-05,,6507,10,ENSG00000061676,0.5,False,False
1.636106966573792e-08,34.47042788677209,,2845,10,ENSG00000062194,7.371373235269964e-08,True,True
0.4999987800325801,4.879875632468611e-06,,3602,10,ENSG00000062524,0.5,False,False
0.0,204.3784740260417,,2531,10,ENSG00000063660,0.0,True,True
0.5,0.0,,666,10,ENSG00000064199,0.5,False,False
2.287656614141653e-08,33.80001116683707,,3069,10,ENSG00000064201,1.0232737408939372e-07,True,True
0.5,0.0,,2736,10,ENSG00000064218,0.5,False,False
0.5,0.0,,7222,10,ENSG00000064393,0.5,False,False
2.522205388988397e-09,38.20996997808106,,5402,10,ENSG00000064419,1.1959437182867766e-08,True,True
0.0009209894944886554,12.59382949580322,,6833,10,ENSG00000064651,0.003029763059250378,True,True
0.5,0.0,,6022,10,ENSG00000064703,0.5,False,False
0.0,238.4337717488743,,4534,10,ENSG00000064763,0.0,True,True
0.0,79.03907215088839,,3223,10,ENSG00000064886,0.0,True,True
1.48660372900622e-09,39.26724905732044,,858,10,ENSG00000064995,7.151225288275568e-09,True,True
0.0,97.73417998338118,,6742,10,ENSG00000064999,0.0,True,True
0.5,0.0,,5772,10,ENSG00000065060,0.5,False,False
0.5,-0.008530973671440734,,912,10,ENSG00000065135,0.5,False,False
0.5,0.0,,2199,10,ENSG00000065154,0.5,False,False
8.820207634152588e-06,21.89063593285391,,7941,10,ENSG00000065243,3.321098620157076e-05,True,True
0.5,-0.0003029888939636294,,1272,10,ENSG00000065308,0.5,False,False
0.0,322.3071157746308,,6460,10,ENSG00000065357,0.0,True,True
0.5,0.0,,1626,10,ENSG00000065491,0.5,False,False
0.5,0.0,,533,10,ENSG00000065518,0.5,False,False
0.2968967752113137,1.04244715641471,,1073,10,ENSG00000065548,0.5,False,False
0.4965173405264,0.01397938002992305,,1656,10,ENSG00000065600,0.5,False,False
0.5,0.0,,4558,10,ENSG00000065615,0.5,False,False
0.5,0.0,,768,10,ENSG00000065621,0.5,False,False
0.5,-0.0003815402742475271,,4480,10,ENSG00000065675,0.5,False,False
1.043251596222206e-10,44.58072314538003,,1765,10,ENSG00000065802,5.567739742070013e-10,True,True
0.5,-0.0003135200204269495,,1462,10,ENSG00000065833,0.5,False,False
0.5,0.0,,2541,10,ENSG00000065970,0.5,False,False
0.5,0.0,,3339,10,ENSG00000066027,0.5,False,False
0.5,0.0,,3656,10,ENSG00000066056,0.5,False,False
5.376810108259633e-13,55.11682769079562,,989,10,ENSG00000066185,3.3640570413186684e-12,True,True
0.5,-0.0003467928800091613,,1591,10,ENSG00000066294,0.5,False,False
2.182756522861595e-06,24.68354967874257,,1411,10,ENSG00000066336,8.56908519709043e-06,True,True
0.5,-0.006938568917576049,,560,10,ENSG00000066379,0.5,False,False
0.5,0.0,,690,10,ENSG00000066405,0.5,False,False
0.1201669343914052,2.851452404516749,,5435,10,ENSG00000066422,0.3137587042849604,False,False
2.775557561562891e-15,65.62975916491268,,2376,10,ENSG00000066855,2.0066312952345668e-14,True,True
0.001521991959934521,11.5891762432293,,1577,10,ENSG00000067082,0.004909460446637035,True,True
0.0,92.92914443874906,,3458,10,ENSG00000067113,0.0,True,True
1.665334536937735e-16,71.4117289425194,,2600,10,ENSG00000067221,1.2963026583299364e-15,True,True
0.5,0.0,,2142,10,ENSG00000067334,0.5,False,False
0.2497993553217369,1.387900162919323,,593,10,ENSG00000067533,0.5,False,False
0.5,0.0,,2018,10,ENSG00000067704,0.5,False,False
0.1706170616764542,2.150372916876222,,1760,10,ENSG00000068028,0.42326646622378217,False,False
0.5,0.0,,12057,10,ENSG00000068650,0.5,False,False
0.5,-0.008075212565017864,,8030,10,ENSG00000068654,0.5,False,False
0.5,0.0,,606,10,ENSG00000068697,0.5,False,False
0.0,453.7007583129598,,4856,10,ENSG00000068745,0.0,True,True
0.5,0.0,,2414,10,ENSG00000068784,0.5,False,False
0.1641388921360174,2.227790251286933,,4892,10,ENSG00000068831,0.4096471899069496,False,False
0.0,85.05158654932166,,9745,10,ENSG00000068912,0.0,True,True
0.5,0.0,,6447,10,ENSG00000068976,0.5,False,False
0.3406038697932379,0.7677759370781132,,3957,10,ENSG00000069206,0.5,False,False
0.5,0.0,,534,10,ENSG00000069275,0.5,False,False
0.3410877334118287,0.764936742946702,,373,10,ENSG00000069482,0.5,False,False
0.0,190.5511910203932,,3653,10,ENSG00000069667,0.0,True,True
2.197131365733185e-13,56.90641620068345,,12348,10,ENSG00000069869,1.4065033993766878e-12,True,True
7.793710121717368e-12,49.76911163594923,,4538,10,ENSG00000069956,4.52943792285971e-11,True,True
0.5,0.0,,2210,10,ENSG00000069966,0.5,False,False
0.3056874606401971,0.9840897776957718,,3649,10,ENSG00000070019,0.5,False,False
0.005838169395483317,8.900381620900589,,11215,10,ENSG00000070047,0.017936414189706002,True,True
1.521005543736464e-14,62.24797449381367,,1793,10,ENSG00000070087,1.0522227502844469e-13,True,True
0.4343898188386777,0.2813315347302705,,7454,10,ENSG00000070159,0.5,False,False
0.5,0.0,,1348,10,ENSG00000070190,0.5,False,False
0.0,104.5572818544092,,308,10,ENSG00000070193,0.0,True,True
4.041000655718996e-05,18.8465718722,,3346,10,ENSG00000070269,0.00014502119236324882,True,True
0.01625890398035135,6.851934805017663,,4547,10,ENSG00000070367,0.04793822667354334,True,True
0.5,-0.001208683868753724,,4226,10,ENSG00000070610,0.5,False,False
5.045963646921336e-14,59.84988812905794,,4056,10,ENSG00000070748,3.3420270545654757e-13,True,True
6.13722875852929e-08,31.82632053154521,,12700,10,ENSG00000070756,2.6591093941572027e-07,True,True
0.4827038936348634,0.07040937884084997,,2408,10,ENSG00000070759,0.5,False,False
0.0,97.86824998927477,,3732,10,ENSG00000070886,0.0,True,True
3.381441540273311e-06,23.80812253536715,,4809,10,ENSG00000070985,1.305845514077597e-05,True,True
0.4365759477534005,0.271291491415468,,2056,9,ENSG00000071073,0.5,False,False
0.1437061611917401,2.49367486150004,,11086,10,ENSG00000071189,0.366561254239854,False,False
2.549351840741565e-10,42.79372923914343,,1580,10,ENSG00000071243,1.3140389695179838e-09,True,True
0.0006683107711690783,13.23522017160576,,1481,10,ENSG00000071246,0.002219077286912547,True,True
1.261405424557438e-10,44.20095484359626,,985,10,ENSG00000071462,6.710407039303419e-10,True,True
1.656939639382848e-07,29.83995232068992,,3741,10,ENSG00000071537,6.978507846139108e-07,True,True
0.463270177693874,0.1525953547752579,,1911,10,ENSG00000071575,0.5,False,False
0.5,-0.001117305084108011,,87,10,ENSG00000071677,0.5,False,False
0.5,0.0,,1790,10,ENSG00000072042,0.5,False,False
0.4196273019181631,0.3504823149432923,,627,10,ENSG00000072080,0.5,False,False
0.0,546.3841927307512,,5597,9,ENSG00000072134,0.0,True,True
0.4228445241188333,0.3352070844121045,,3994,10,ENSG00000072182,0.5,False,False
0.5,-0.0002387914246355649,,744,10,ENSG00000072401,0.5,False,False
0.5,-8.029916352825239e-05,,4133,10,ENSG00000072415,0.5,False,False
0.4682350772593444,0.1312752535523032,,3687,10,ENSG00000072422,0.5,False,False
2.775557561562891e-16,70.18602742600342,,3185,10,ENSG00000072571,2.1370933918287645e-15,True,True
1.444538932915407e-11,48.53499824636674,,3909,10,ENSG00000072609,8.202210790321044e-11,True,True
0.2224465232701421,1.619842740983586,,5057,10,ENSG00000072832,0.5,False,False
2.304450297252458e-09,38.39055296762672,,4048,10,ENSG00000072840,1.0979248830013147e-08,True,True
0.489762387014233,0.04137549878214486,,4656,10,ENSG00000072858,0.5,False,False
1.742495037149183e-13,57.37025717194047,,5591,10,ENSG00000073060,1.1256065343870178e-12,True,True
0.3792602571498531,0.5527708693261957,,2122,10,ENSG00000073067,0.5,False,False
0.07634066038267223,3.758804800616417,,384,9,ENSG00000073598,0.2068183250236447,False,False
0.0,86.26150764957129,,3869,10,ENSG00000073734,0.0,True,True
0.5,0.0,,2760,10,ENSG00000073737,0.5,False,False
0.5,0.0,,769,10,ENSG00000073754,0.5,False,False
0.457918127739684,0.1758353813529538,,1522,10,ENSG00000073756,0.5,False,False
0.5,0.0,,4034,10,ENSG00000073792,0.5,False,False
0.0,88.77156877356447,,466,9,ENSG00000074071,0.0,True,True
0.0,76.81920208257361,,4428,10,ENSG00000074211,0.0,True,True
5.786982004707397e-12,50.36452458068379,,4840,10,ENSG00000074276,3.394392510780023e-11,True,True
6.405216301796912e-09,36.34601190503963,,661,10,ENSG00000074317,2.947229036552992e-08,True,True
0.5,0.0,,2327,10,ENSG00000074410,0.5,False,False
0.5,0.0,,3011,10,ENSG00000074416,0.5,False,False
0.4379229882207858,0.2651300589550374,,671,10,ENSG00000074771,0.5,False,False
0.4999928460522569,2.861599568859674e-05,,2135,10,ENSG00000074935,0.5,False,False
0.4866366766265576,0.05418059531075414,,1357,10,ENSG00000075073,0.5,False,False
0.4946982136098012,0.0213203825042001,,1663,10,ENSG00000075142,0.5,False,False
0.5,0.0,,1085,10,ENSG00000075188,0.5,False,False
0.3489544321670277,0.7193335031570314,,696,10,ENSG00000075290,0.5,False,False
0.0003289922133789536,14.65265858902421,,1414,10,ENSG00000075303,0.001117001549042263,True,True
0.448036696846951,0.2194659135020629,,2435,10,ENSG00000075407,0.5,False,False
0.5,-0.005775224344688468,,8606,10,ENSG00000075420,0.5,False,False
0.008932820555880738,8.049751803468098,,4202,10,ENSG00000075673,0.02705959162299074,True,True
0.5,0.0,,2483,10,ENSG00000075884,0.5,False,False
0.5,0.0,,1317,10,ENSG00000075914,0.5,False,False
0.5,0.0,,4872,10,ENSG00000075945,0.5,False,False
0.0,182.3306480850515,,3338,10,ENSG00000075975,0.0,True,True
0.5,0.0,,2616,10,ENSG00000076003,0.5,False,False
0.0,87.80580860493137,,1364,9,ENSG00000076053,0.0,True,True
4.50195436485501e-14,60.07824126190826,,2381,10,ENSG00000076067,3.00170522932826e-13,True,True
0.3417678496034371,0.7609527883105329,,3063,10,ENSG00000076248,0.5,False,False
0.5,0.0,,3056,10,ENSG00000076321,0.5,False,False
0.5,-0.003453774261288345,,13114,10,ENSG00000076356,0.5,False,False
0.007547691489165731,8.386732689985365,,3058,10,ENSG00000076513,0.022975653284645254,True,True
0.0,98.62028424492019,,3368,9,ENSG00000076604,0.0,True,True
0.3741987846704153,0.5796418647551036,,2784,10,ENSG00000076641,0.5,False,False
0.4581739623854192,0.1747183117695386,,4264,10,ENSG00000076706,0.5,False,False
0.5,-0.00972450109111378,,5744,10,ENSG00000077092,0.5,False,False
0.0,241.1666653693246,,13051,10,ENSG00000077097,0.0,True,True
5.667077362936368e-10,41.19606041384395,,4872,10,ENSG00000077150,2.8244531866979455e-09,True,True
0.5,-0.0002591808861325262,,1031,10,ENSG00000077152,0.5,False,False
0.0,88.00413677474717,,9909,10,ENSG00000077157,0.0,True,True
0.000413633652092682,14.1947653874231,,7415,10,ENSG00000077232,0.0013948568037349155,True,True
0.162229922148127,2.251186993555166,,3445,10,ENSG00000077327,0.4056971507113041,False,False
0.5,0.0,,3453,10,ENSG00000077420,0.5,False,False
0.3125998794973234,0.9393681317778828,,1038,10,ENSG00000077498,0.5,False,False
0.5,0.0,,4124,10,ENSG00000077943,0.5,False,False
0.184030392466486,1.999014355831605,,3301,10,ENSG00000078124,0.4511420266773294,False,False
0.0,138.9493447228888,,8079,10,ENSG00000078177,0.0,True,True
0.5,-3.637978807091713e-12,,2261,10,ENSG00000078237,0.5,False,False
0.5,0.0,,7385,10,ENSG00000078295,0.5,False,False
0.0,137.7575832519105,,818,10,ENSG00000078399,0.0,True,True
0.5,0.0,,508,10,ENSG00000078401,0.5,False,False
0.3461053619744013,0.7357297106391343,,2345,10,ENSG00000078725,0.5,False,False
0.0,129.8262629551027,,6417,10,ENSG00000078900,0.0,True,True
0.0,108.0424585543369,,4349,10,ENSG00000079277,0.0,True,True
0.0,132.0015085719206,,1896,10,ENSG00000079393,0.0,True,True
2.742250870824137e-14,61.06955074094003,,4570,10,ENSG00000079459,1.8507402756416904e-13,True,True
0.3087168689240385,0.9643670466684853,,1452,10,ENSG00000079557,0.5,False,False
0.5,0.0,,529,10,ENSG00000079689,0.5,False,False
0.0,97.83924972351815,,6613,10,ENSG00000079739,0.0,True,True
0.5,0.0,,1610,10,ENSG00000079931,0.5,False,False
0.5,-0.006734382463037036,,932,10,ENSG00000079950,0.5,False,False
0.5,0.0,,1354,10,ENSG00000080007,0.5,False,False
0.06879765825702755,3.966876781396422,,1460,10,ENSG00000080166,0.18833216960399288,False,False
0.0002162884464726456,15.49150092057971,,1617,10,ENSG00000080293,0.000741943953624096,True,True
0.0,239.0773335362319,,7911,10,ENSG00000080298,0.0,True,True
0.3627323115626909,0.6418859397745109,,933,10,ENSG00000080371,0.5,False,False
0.5,-0.0005644900738843717,,2512,10,ENSG00000080546,0.5,False,False
0.4402325736972907,0.2546098691309453,,2622,10,ENSG00000080608,0.5,False,False
0.0,121.9158213949268,,7140,10,ENSG00000080802,0.0,True,True
0.5,-0.008710937021533027,,18452,10,ENSG00000080815,0.5,False,False
0.3044736041489799,0.992047401756281,,3348,10,ENSG00000080819,0.5,False,False
2.29962321804944e-05,19.97406598637463,,3227,10,ENSG00000081014,8.416722506679849e-05,True,True
0.0,94.23493990448333,,3230,10,ENSG00000081019,0.0,True,True
0.0,234.5739534474851,,6550,10,ENSG00000081026,0.0,True,True
0.3462668090080488,0.7347969924085191,,1880,10,ENSG00000081051,0.5,False,False
0.5,0.0,,2562,10,ENSG00000081148,0.5,False,False
0.5,-0.001039382565068081,,4184,10,ENSG00000081177,0.5,False,False
0.5,-6.587008283531759e-05,,1154,10,ENSG00000081181,0.5,False,False
0.4234606642142629,0.3322949424909893,,2369,10,ENSG00000081277,0.5,False,False
0.4997143515209951,0.00114292042053421,,2588,10,ENSG00000081307,0.5,False,False
0.2163849669885641,1.67509804484871,,1035,10,ENSG00000081320,0.5,False,False
2.703393064962256e-14,61.09599753801376,,1599,10,ENSG00000081692,1.8294798782479266e-13,True,True
0.5,0.0,,2916,10,ENSG00000081760,0.5,False,False
0.001583835881962259,11.50951684064421,,2312,10,ENSG00000081791,0.005099028917074613,True,True
2.211176242106205e-10,43.07835833164427,,2354,10,ENSG00000081800,1.144241058106533e-09,True,True
5.062369246022769e-08,32.21139791890164,,4270,10,ENSG00000082068,2.2049233476109678e-07,True,True
0.0,311.1808779368876,,4682,10,ENSG00000082074,0.0,True,True
0.4183815903275619,0.3564283736050129,,1565,10,ENSG00000082293,0.5,False,False
0.2525646343989558,1.365881809189887,,1236,10,ENSG00000082497,0.5,False,False
0.5,0.0,,2747,10,ENSG00000082512,0.5,False,False
0.0004200342582864613,14.16405420431329,,958,10,ENSG00000082515,0.0014154813012986847,True,True
0.5,-0.0004170099273324013,,4519,10,ENSG00000082516,0.5,False,False
0.5,-0.002970442030346021,,1880,10,ENSG00000082556,0.5,False,False
0.5,-0.002560289485700196,,2844,10,ENSG00000082996,0.5,False,False
0.5,0.0,,2746,10,ENSG00000083123,0.5,False,False
0.5,-0.0008746275561861694,,12233,10,ENSG00000083168,0.5,False,False
0.5,0.0,,5732,10,ENSG00000083520,0.5,False,False
0.2268338486275861,1.580780586504261,,3326,10,ENSG00000083535,0.5,False,False
0.3127800872378889,0.9382155029434216,,1136,10,ENSG00000083635,0.5,False,False
2.381428387820961e-14,61.35056993661419,,3666,10,ENSG00000083720,1.6182001094291615e-13,True,True
0.4062665816613804,0.4151970984039508,,642,10,ENSG00000083782,0.5,False,False
3.386180225106727e-15,65.23624110797755,,1145,10,ENSG00000083937,2.4269251354007e-14,True,True
0.0,139.8779927394608,,1421,10,ENSG00000084073,0.0,True,True
0.5,0.0,,2940,10,ENSG00000084092,0.5,False,False
0.0,468.1632790940348,,7194,10,ENSG00000084093,0.0,True,True
0.1431760827433422,2.501065755328455,,3049,10,ENSG00000084110,0.36593473518148556,False,False
2.948647779887903e-06,24.08203338379826,,3234,10,ENSG00000084444,1.1485179371309654e-05,True,True
8.597567102697212e-13,54.17790533082007,,801,10,ENSG00000084628,5.305744264121083e-12,True,True
2.59141271191643e-06,24.34032040368402,,1136,10,ENSG00000084652,1.0133401595182643e-05,True,True
0.5,0.0,,6012,10,ENSG00000084710,0.5,False,False
0.0,116.9069247976367,,3609,10,ENSG00000084731,0.0,True,True
0.5,-0.0006750145485057146,,233,10,ENSG00000084733,0.5,False,False
0.5,0.0,,1283,10,ENSG00000084764,0.5,False,False
0.0,89.3087427118844,,1386,10,ENSG00000085365,0.0,True,True
0.5,-0.00881754768488463,,2239,10,ENSG00000085491,0.5,False,False
0.3462784335458061,0.7347298514505383,,5628,10,ENSG00000085552,0.5,False,False
0.5,-0.008007846379769035,,2717,10,ENSG00000085662,0.5,False,False
0.4956709710919523,0.01739151310903253,,4666,10,ENSG00000085733,0.5,False,False
0.4971338529113907,0.01149757366511039,,1903,10,ENSG00000085840,0.5,False,False
0.5,-0.0001280253563891165,,697,10,ENSG00000085871,0.5,False,False
0.0,180.0741955584817,,3503,10,ENSG00000085978,0.0,True,True
0.5,0.0,,1665,10,ENSG00000086062,0.5,False,False
0.5,0.0,,524,10,ENSG00000086065,0.5,False,False
0.5,0.0,,7260,10,ENSG00000086102,0.5,False,False
3.653056024344181e-09,37.46910914326145,,1563,10,ENSG00000086159,1.7093415489264305e-08,True,True
6.661338147750939e-16,68.51432018857304,,2738,10,ENSG00000086189,5.00505981071196e-15,True,True
0.4728808777411735,0.1115291714886553,,631,10,ENSG00000086289,0.5,False,False
0.0002719690418366283,15.03335026882996,,3521,10,ENSG00000086300,0.0009291030316589211,True,True
4.379607787541318e-12,50.92183711443431,,1767,10,ENSG00000086589,2.5995428562327586e-11,True,True
0.5,0.0,,2617,10,ENSG00000086619,0.5,False,False
0.0,89.86497537721152,,1574,10,ENSG00000086730,0.0,True,True
0.5,0.0,,2293,10,ENSG00000086827,0.5,False,False
0.5,0.0,,5512,10,ENSG00000087085,0.5,False,False
0.5,0.0,,2056,9,ENSG00000087095,0.5,False,False
0.0,111.8724897680659,,7246,9,ENSG00000087111,0.0,True,True
2.376248198210362e-09,38.32919158224104,,5736,10,ENSG00000087116,1.1310486639137167e-08,True,True
0.0,184.9615818885213,,3490,10,ENSG00000087206,0.0,True,True
4.440892098500626e-16,69.26624333750806,,2321,10,ENSG00000087299,3.372365999685819e-15,True,True
0.000514756937905092,13.757337106872,,3134,10,ENSG00000087301,0.001725337607237148,True,True
0.03030211268779626,5.606781325439442,,1284,10,ENSG00000087302,0.08672192664505098,False,True
0.5,0.0,,1249,10,ENSG00000087338,0.5,False,False
0.0,126.3531849465253,,1817,10,ENSG00000087494,0.0,True,True
0.0,85.07040780553871,,1253,10,ENSG00000087884,0.0,True,True
6.08634277421416e-08,31.84297238341242,,2223,10,ENSG00000088035,2.639360850823124e-07,True,True
1.831817924680124e-06,25.03410900445306,,5079,10,ENSG00000088280,7.248577849927555e-06,True,True
0.4590020162369297,0.1711069913872052,,1794,10,ENSG00000088386,0.5,False,False
0.5,0.0,,1760,10,ENSG00000088451,0.5,False,False
3.33066907387547e-16,69.84757753047597,,1302,10,ENSG00000088726,2.5565969094840415e-15,True,True
2.132183318792613e-13,56.96664856653661,,6777,10,ENSG00000088808,1.3666855448034092e-12,True,True
0.01566389803354645,6.926499044624506,,1599,10,ENSG00000088926,0.046293659428912684,True,True
0.5,-0.000294428344204789,,845,10,ENSG00000088992,0.5,False,False
1.171666109633929e-06,25.92787323251468,,2984,10,ENSG00000089041,4.722744918410991e-06,True,True
0.5,0.0,,459,10,ENSG00000089116,0.5,False,False
4.891087534986127e-13,55.30615405352728,,8633,10,ENSG00000089127,3.0717511867450753e-12,True,True
0.0,362.1599130042159,,6590,10,ENSG00000089169,0.0,True,True
0.5,0.0,,2473,10,ENSG00000089225,0.5,False,False
0.4977421117399868,0.009052006877027452,,2371,10,ENSG00000089234,0.5,False,False
0.2047028167355141,1.786097690928727,,7432,10,ENSG00000089250,0.49164259316390496,False,False
0.0,121.0462445689045,,6290,10,ENSG00000089597,0.0,True,True
0.5,0.0,,1021,10,ENSG00000089692,0.5,False,False
0.5,0.0,,812,10,ENSG00000089723,0.5,False,False
0.5,-0.002113482696586289,,5110,10,ENSG00000089737,0.5,False,False
0.5,-0.004951783226715634,,1054,10,ENSG00000089775,0.5,False,False
0.0,166.0811431981638,,2577,10,ENSG00000089818,0.0,True,True
3.075960657294985e-06,23.99749223222534,,1854,10,ENSG00000089902,1.195299086670723e-05,True,True
0.5,-0.001233309929375537,,3162,10,ENSG00000090054,0.5,False,False
1.665334536937735e-16,71.5125218067551,,10155,10,ENSG00000090060,1.2963026583299364e-15,True,True
0.5,-0.005456541335661313,,509,10,ENSG00000090104,0.5,False,False
0.0,91.49233606149028,,501,10,ENSG00000090263,0.0,True,True
4.841516076936614e-12,50.72129722105456,,877,10,ENSG00000090266,2.853282105057194e-11,True,True
0.0,112.945738716171,,1448,10,ENSG00000090273,0.0,True,True
0.01906259762963858,6.53375984512968,,5034,10,ENSG00000090402,0.05580774609171413,False,True
0.2399656076762141,1.468224973283213,,688,10,ENSG00000090432,0.5,False,False
0.5,0.0,,3086,10,ENSG00000090470,0.5,False,False
0.5,-0.003836703348497394,,940,10,ENSG00000090520,0.5,False,False
0.0001352953235215226,16.42980681329936,,3073,10,ENSG00000090530,0.0004719207147237401,True,True
0.4974084870718223,0.01039300865522819,,4315,10,ENSG00000090539,0.5,False,False
0.5,0.0,,1237,9,ENSG00000090581,0.5,False,False
0.5,-0.004983097140211612,,10847,10,ENSG00000090686,0.5,False,False
0.5,0.0,,7388,10,ENSG00000090975,0.5,False,False
0.1428637624040187,2.505433265221654,,10557,10,ENSG00000091128,0.3655372192374429,False,False
0.5,0.0,,3735,10,ENSG00000091138,0.5,False,False
9.17650955223337e-11,44.83728439050174,,2949,10,ENSG00000091140,4.918530012156118e-10,True,True
0.3697921933327293,0.603333780371031,,377,10,ENSG00000091317,0.5,False,False
8.164641185359756e-11,45.07095167229636,,1566,10,ENSG00000091483,4.395121780950154e-10,True,True
0.5,-0.001169954746728763,,15290,10,ENSG00000091656,0.5,False,False
0.5,-0.0008211203930841293,,1366,10,ENSG00000091664,0.5,False,False
7.387062628261276e-10,40.66594719708519,,2971,10,ENSG00000091732,3.6343471328359633e-09,True,True
0.0,192.2198371063787,,4156,10,ENSG00000091831,0.0,True,True
0.5,0.0,,420,10,ENSG00000091844,0.5,False,False
9.074835327638198e-11,44.85956716824876,,2346,10,ENSG00000091879,4.869280573858942e-10,True,True
0.4995889120218742,0.001645028256461956,,694,10,ENSG00000092009,0.5,False,False
0.001966847063489763,11.07635262647818,,1125,10,ENSG00000092010,0.006283299482208144,True,True
0.0,108.4070739649433,,2165,10,ENSG00000092020,0.0,True,True
0.5,0.0,,2482,10,ENSG00000092051,0.5,False,False
0.5,0.0,,392,10,ENSG00000092067,0.5,False,False
0.5,0.0,,3528,10,ENSG00000092068,0.5,False,False
0.3844793639502722,0.5254359614627901,,2331,10,ENSG00000092201,0.5,False,False
0.5,-0.002993975140270777,,2760,10,ENSG00000092203,0.5,False,False
3.735900477863652e-14,60.44881104964952,,957,10,ENSG00000092345,2.507742102144913e-13,True,True
0.0,410.9553011315875,,11095,10,ENSG00000092529,0.0,True,True
0.0004016344523089521,14.2536420502729,,1959,10,ENSG00000092531,0.0013553119170859754,True,True
0.0,198.6574707016953,,2586,10,ENSG00000092607,0.0,True,True
5.473625441787533e-10,41.26552517199525,,2497,10,ENSG00000092820,2.736262607784039e-09,True,True
4.34154046047297e-10,41.72894899754465,,4551,10,ENSG00000092847,2.1968283062454275e-09,True,True
0.5,-0.002482627984136343,,7446,10,ENSG00000092853,0.5,False,False
0.0,194.4064229721334,,4135,9,ENSG00000092871,0.0,True,True
0.5,0.0,,1790,10,ENSG00000092969,0.5,False,False
0.5,-0.001927163757500239,,3390,10,ENSG00000092978,0.5,False,False
0.0,277.1406091012759,,5595,10,ENSG00000095015,0.0,True,True
0.4946428767171566,0.02154411481751595,,2568,10,ENSG00000095139,0.5,False,False
0.5,0.0,,5673,10,ENSG00000095203,0.5,False,False
5.364848565392322e-10,41.30567115602389,,2046,10,ENSG00000095261,2.684583175479015e-09,True,True
2.039606372683522e-08,34.0295534596662,,6907,10,ENSG00000095319,9.13964152948454e-08,True,True
0.0005298181349975839,13.69965914262139,,5130,10,ENSG00000095321,0.0017722363170665652,True,True
1.496133994471904e-09,39.25446839020151,,1057,10,ENSG00000095380,7.190116414012802e-09,True,True
0.5,0.0,,3932,10,ENSG00000095383,0.5,False,False
0.5,0.0,,1760,10,ENSG00000095464,0.5,False,False
0.5,0.0,,7085,10,ENSG00000095564,0.5,False,False
0.5,-0.0009276955079258187,,1212,10,ENSG00000095574,0.5,False,False
0.006955638473884751,8.5501109532197,,4535,10,ENSG00000095585,0.021258405485800127,True,True
0.01596671293215057,6.888203970200266,,2678,10,ENSG00000095596,0.04713259948042548,True,True
0.3922588399602283,0.4853723410051316,,4780,10,ENSG00000095627,0.5,False,False
0.3596799292888256,0.6587870954626851,,741,10,ENSG00000095739,0.5,False,False
0.5,0.0,,1542,10,ENSG00000095970,0.5,False,False
6.527336227080127e-09,36.30823944335498,,1481,10,ENSG00000095981,2.997873535872258e-08,True,True
8.841867662479075e-07,26.49090068420628,,1699,10,ENSG00000096060,3.5755650205830016e-06,True,True
0.5,0.0,,7898,10,ENSG00000096070,0.5,False,False
0.3949975693360068,0.4714569742118329,,469,10,ENSG00000096092,0.5,False,False
1.795983517399735e-05,20.46845098403901,,540,10,ENSG00000096395,6.622106757261885e-05,True,True
0.1989957472249986,1.842649289152178,,2302,10,ENSG00000096401,0.48165685970663896,False,False
0.0,99.5242056110801,,3658,10,ENSG00000096654,0.0,True,True
0.0,145.6175664516923,,10946,10,ENSG00000096696,0.0,True,True
0.5,0.0,,3305,10,ENSG00000096717,0.5,False,False
0.5,-0.003051647610845976,,1375,10,ENSG00000096746,0.5,False,False
0.05947422994547497,4.258129979803925,,6187,10,ENSG00000097007,0.16471315130779093,False,False
0.5,0.0,,2167,10,ENSG00000097033,0.5,False,False
0.5,0.0,,6815,10,ENSG00000097096,0.5,False,False
0.1937124645538076,1.896466360420163,,1116,10,ENSG00000099194,0.4718539660580994,False,False
0.5,0.0,,16161,10,ENSG00000099219,0.5,False,False
0.3576829345142334,0.6699223244177119,,1032,9,ENSG00000099256,0.5,False,False
4.307665335545607e-13,55.56021675509692,,2510,10,ENSG00000099260,2.715630846515063e-12,True,True
4.440892098500626e-16,69.3369916129086,,700,10,ENSG00000099282,3.372365999685819e-15,True,True
0.2348482278160257,1.511337263887981,,3733,10,ENSG00000099284,0.5,False,False
0.5,0.0,,7976,10,ENSG00000099814,0.5,False,False
0.04128253386639213,4.988337193524785,,1470,10,ENSG00000100439,0.11633956002914132,False,True
2.171351987101389e-11,47.7198774454082,,553,10,ENSG00000100442,1.2217539348237907e-10,True,True
3.242828228167127e-11,46.91768504650463,,3091,10,ENSG00000100445,1.8002039739847423e-10,True,True
0.5,0.0,,310,10,ENSG00000100448,0.5,False,False
0.0,176.3065687106719,,2347,10,ENSG00000100453,0.0,True,True
1.665334536937735e-16,71.19334365037503,,3154,10,ENSG00000100461,1.2963026583299364e-15,True,True
3.140315785188363e-11,46.98193128955609,,6696,10,ENSG00000100462,1.7491523757588933e-10,True,True
0.3600644657794588,0.6566500227472716,,858,10,ENSG00000100483,0.5,False,False
0.5,0.0,,5478,10,ENSG00000100504,0.5,False,False
0.4733031294772254,0.1097440989833558,,5920,10,ENSG00000100505,0.5,False,False
3.268414667223496e-05,19.27094645671605,,7423,10,ENSG00000100523,0.00011857837020255046,True,True
0.5,-0.0002593879580672365,,1521,10,ENSG00000100526,0.5,False,False
0.5,-0.00056996485000127,,1343,10,ENSG00000100528,0.5,False,False
0.5,-5.615060945274308e-05,,1584,10,ENSG00000100554,0.5,False,False
0.0,120.4155993857457,,2350,10,ENSG00000100565,0.0,True,True
0.1665617285527429,2.198484231093971,,1000,10,ENSG00000100567,0.4148613108769871,False,False
1.186948998532777e-06,25.90195445892095,,2210,10,ENSG00000100577,4.772743992483455e-06,True,True
1.081067246833101e-08,35.29916963974028,,2083,10,ENSG00000100583,4.9107109458884416e-08,True,True
0.4998716509652422,0.0005134620441822335,,5681,10,ENSG00000100592,0.5,False,False
0.5,0.0,,1938,10,ENSG00000100603,0.5,False,False
0.5,0.0,,4148,10,ENSG00000100604,0.5,False,False
0.5,0.0,,2405,10,ENSG00000100626,0.5,False,False
2.837963197777071e-11,47.18440398777602,,3915,10,ENSG00000100628,1.5896428992953997e-10,True,True
0.5,0.0,,7354,10,ENSG00000100644,0.5,False,False
0.2352301954607667,1.508087017036814,,919,10,ENSG00000100647,0.5,False,False
0.163697782077146,2.233172325468331,,646,10,ENSG00000100652,0.4091621950008664,False,False
0.1489356124557059,2.42218803383912,,1289,10,ENSG00000100665,0.3774219609023056,False,False
0.05528020518817911,4.404386414447799,,8725,10,ENSG00000100678,0.15335401037702337,False,False
0.5,0.0,,676,10,ENSG00000100721,0.5,False,False
0.0,92.18829155293861,,729,10,ENSG00000100744,0.0,True,True
0.0,652.1912893476838,,6008,10,ENSG00000100796,0.0,True,True
0.4893508603006809,0.04305672100599622,,4058,10,ENSG00000100802,0.5,False,False
0.0,120.2246455597706,,1561,10,ENSG00000100811,0.0,True,True
0.5,0.0,,3802,10,ENSG00000100815,0.5,False,False
0.5,0.0,,3583,10,ENSG00000100842,0.5,False,False
0.00335367367861672,10.00910346600722,,3654,10,ENSG00000100884,0.010517763478839575,True,True
0.4960368552297681,0.01591573911719024,,4196,10,ENSG00000100889,0.5,False,False
0.0,132.3336544187696,,3602,10,ENSG00000100890,0.0,True,True
2.267019905133338e-12,52.2387971381504,,969,10,ENSG00000100908,1.3657873056890417e-11,True,True
1.28952488036016e-05,21.13100888745976,,1251,10,ENSG00000100911,4.7866393693368926e-05,True,True
0.1026407628399257,3.166745891503524,,5634,10,ENSG00000100938,0.27156125232222894,False,False
0.4376828849756462,0.2662269143256708,,1989,10,ENSG00000100941,0.5,False,False
0.5,-0.002018600689552841,,1300,10,ENSG00000102466,0.5,False,False
0.5,0.0,,970,10,ENSG00000102468,0.5,False,False
0.5,0.0,,3831,10,ENSG00000102471,0.5,False,False
0.5,0.0,,2548,10,ENSG00000102524,0.5,False,False
0.5,-0.003689363680678071,,766,10,ENSG00000102539,0.5,False,False
0.1613886650933563,2.261585147218284,,2487,10,ENSG00000102547,0.40410231949184955,False,False
0.36651716158772,0.6211255051166518,,2566,10,ENSG00000102580,0.5,False,False
0.5,-0.006512129577458836,,7149,10,ENSG00000102595,0.5,False,False
0.5,-0.0002347335503145587,,641,10,ENSG00000102678,0.5,False,False
0.5,0.0,,1357,10,ENSG00000102683,0.5,False,False
0.4980521634414717,0.007806562032783404,,2072,10,ENSG00000102738,0.5,False,False
0.3520784242806217,0.7015083027317814,,582,10,ENSG00000102760,0.5,False,False
0.4839236776522828,0.06536178987880703,,1582,10,ENSG00000102794,0.5,False,False
0.01371678090829509,7.191976262762182,,2748,10,ENSG00000102805,0.04080578243891135,True,True
0.5,0.0,,703,10,ENSG00000102837,0.5,False,False
0.0,90.79447275061648,,564,9,ENSG00000103024,0.0,True,True
0.0,114.5613583963423,,8225,9,ENSG00000103275,0.0,True,True
2.488121252364195e-07,29.02684112399584,,7366,8,ENSG00000103313,1.0373776286051555e-06,True,True
0.4821365794828785,0.07276132917104405,,1951,9,ENSG00000103343,0.5,False,False
0.0,87.61208962661476,,2453,9,ENSG00000103351,0.0,True,True
0.496077593687289,0.01575149009295274,,942,10,ENSG00000103591,0.5,False,False
0.5,-0.008559556525142398,,2214,10,ENSG00000103647,0.5,False,False
0.5,-0.001102777918276843,,1241,10,ENSG00000103707,0.5,False,False
0.5,0.0,,1013,10,ENSG00000103710,0.5,False,False
0.4995665884923779,0.001734397847030777,,2987,10,ENSG00000103742,0.5,False,False
2.109727840438058e-05,20.14643866173355,,933,10,ENSG00000103769,7.738780441252877e-05,True,True
0.0,92.15474846464349,,11381,10,ENSG00000104043,0.0,True,True
0.5,0.0,,4177,10,ENSG00000104055,0.5,False,False
0.5,0.0,,1427,10,ENSG00000104059,0.5,False,False
0.5,0.0,,1611,10,ENSG00000104129,0.5,False,False
0.5,0.0,,2157,10,ENSG00000104142,0.5,False,False
0.2723236236728768,1.215233892820834,,1526,10,ENSG00000104154,0.5,False,False
0.5,0.0,,1822,10,ENSG00000104221,0.5,False,False
0.5,0.0,,7638,10,ENSG00000104237,0.5,False,False
0.4491010536203652,0.21472034450926,,1315,10,ENSG00000104267,0.5,False,False
0.5,0.0,,2498,10,ENSG00000104312,0.5,False,False
0.0007872412489859926,12.90765726692916,,7605,10,ENSG00000104313,0.0026052814187999514,True,True
0.5,0.0,,3287,10,ENSG00000104321,0.5,False,False
0.0,128.6489725813226,,2695,10,ENSG00000104324,0.0,True,True
0.5,-0.000386906403946341,,856,10,ENSG00000104327,0.5,False,False
0.1849445921066591,1.989103640482426,,1609,10,ENSG00000104332,0.4529366819982877,False,False
0.4163148465004515,0.366332563724427,,1208,10,ENSG00000104361,0.5,False,False
0.3772254642504924,0.5635300826143066,,2106,10,ENSG00000104369,0.5,False,False
0.5,-0.002103537735820282,,681,10,ENSG00000104371,0.5,False,False
8.271161533457416e-15,63.46090544969775,,7987,10,ENSG00000104381,5.810841450200168e-14,True,True
0.5,0.0,,1748,10,ENSG00000104415,0.5,False,False
0.5,-0.001603303666342981,,1703,10,ENSG00000104427,0.5,False,False
0.0,147.7213358461504,,1334,10,ENSG00000104432,0.0,True,True
0.5,-0.009578938535923953,,885,10,ENSG00000104435,0.5,False,False
3.159361661175808e-12,51.57501739840518,,930,10,ENSG00000104442,1.888781839265441e-11,True,True
0.0179229584731056,6.657051222377049,,2847,10,ENSG00000104450,0.052626207464715025,False,True
0.00135537124341828,11.82106540257155,,2708,10,ENSG00000104490,0.004394795674551841,True,True
6.658816424920388e-07,27.0580134312986,,1949,10,ENSG00000104497,2.717059302506482e-06,True,True
0.5,0.0,,2842,10,ENSG00000104518,0.5,False,False
0.4828858693966226,0.06965553586996975,,1374,10,ENSG00000104537,0.5,False,False
0.5,0.0,,2166,10,ENSG00000104611,0.5,False,False
2.562893680613243e-08,33.57279319948429,,1752,10,ENSG00000104626,1.1402355248095054e-07,True,True
2.121749997918698e-10,43.1609248446257,,2195,10,ENSG00000104643,1.1016267734496454e-09,True,True
0.0,95.74177610920742,,1473,10,ENSG00000104660,0.0,True,True
0.0,79.84386160075155,,877,10,ENSG00000104671,0.0,True,True
0.01820461703285509,6.625865706879267,,2115,10,ENSG00000104689,0.05339019169895119,False,True
7.592540227141509e-06,22.19039432251884,,1914,10,ENSG00000104714,2.8697032743010536e-05,True,True
0.5,-0.00563361871172674,,5026,10,ENSG00000104723,0.5,False,False
1.608129117092183e-07,29.89975401213451,,7390,10,ENSG00000104738,6.778673074929253e-07,True,True
0.3542207145710172,0.6893757841316983,,6904,10,ENSG00000104755,0.5,False,False
1.78542266265902e-05,20.48024622291268,,2422,10,ENSG00000104760,6.588050685508877e-05,True,True
0.0,151.052634796637,,9958,10,ENSG00000104763,0.0,True,True
0.002084000410936038,10.96063755479372,,1149,10,ENSG00000104765,0.006644755156407598,True,True
0.4827220634590327,0.07033409673749702,,2519,10,ENSG00000105784,0.5,False,False
0.5,0.0,,1593,10,ENSG00000105810,0.5,False,False
3.019084982014419e-12,51.66584884733311,,7043,10,ENSG00000105819,1.8070912997039374e-11,True,True
0.0,82.0373433278728,,8869,10,ENSG00000105835,0.0,True,True
0.5,-0.003904051704921585,,568,10,ENSG00000105849,0.5,False,False
0.4286030910947461,0.3081536066529225,,3280,10,ENSG00000105855,0.5,False,False
0.3849365357976054,0.5230592395819258,,2446,10,ENSG00000105865,0.5,False,False
0.5,-0.007124006326193921,,2420,10,ENSG00000105866,0.5,False,False
2.775557561562891e-16,70.34264306660043,,6614,10,ENSG00000105875,2.1370933918287645e-15,True,True
0.5,-0.00703155824157875,,535,10,ENSG00000105880,0.5,False,False
0.5,-3.552370435500052e-05,,301,10,ENSG00000105887,0.5,False,False
0.5,0.0,,775,10,ENSG00000105894,0.5,False,False
8.326672684688674e-16,68.0189647063089,,4008,10,ENSG00000105926,6.190862471396333e-15,True,True
0.5,-4.16768598370254e-05,,3785,10,ENSG00000105948,0.5,False,False
0.5,-0.006769287702809379,,422,10,ENSG00000105954,0.5,False,False
0.5,0.0,,2550,10,ENSG00000105967,0.5,False,False
0.5,0.0,,1542,10,ENSG00000105968,0.5,False,False
0.5,-0.0003424937276577111,,383,10,ENSG00000105971,0.5,False,False
0.5,0.0,,1120,10,ENSG00000105974,0.5,False,False
0.5,0.0,,7858,10,ENSG00000105976,0.5,False,False
0.0,108.4450090096871,,2523,10,ENSG00000105983,0.0,True,True
0.3401745585372776,0.7702984101470065,,600,10,ENSG00000105991,0.5,False,False
0.07507009248564744,3.792371709103463,,2707,10,ENSG00000105993,0.20415453254434685,False,False
0.5,-0.005591117164840398,,664,10,ENSG00000105996,0.5,False,False
0.437705483187933,0.2661236540443497,,2286,10,ENSG00000106003,0.5,False,False
0.5,-0.006995896360422194,,326,10,ENSG00000106006,0.5,False,False
0.5,0.0,,2718,10,ENSG00000106009,0.5,False,False
0.0,86.99129033077588,,719,10,ENSG00000106013,0.0,True,True
0.5,-5.863742990186438e-05,,1838,10,ENSG00000106018,0.5,False,False
0.5,0.0,,1475,10,ENSG00000106025,0.5,False,False
0.5,0.0,,682,10,ENSG00000106031,0.5,False,False
0.5,0.0,,940,10,ENSG00000106038,0.5,False,False
0.5,-0.001633670177398017,,1042,10,ENSG00000106049,0.5,False,False
0.5,0.0,,5908,10,ENSG00000106066,0.5,False,False
1.831867990631508e-15,66.47388745807984,,1562,10,ENSG00000106077,1.3379899244348195e-14,True,True
0.0,179.6520458413761,,1487,10,ENSG00000106089,0.0,True,True
1.110223024625157e-16,71.6706868297988,,4852,10,ENSG00000106123,8.751583715507972e-16,True,True
0.4524033011045902,0.2000681146600982,,2877,10,ENSG00000106125,0.5,False,False
0.0,98.05727646885498,,2375,10,ENSG00000106128,0.0,True,True
1.256753590084259e-10,44.20834340266083,,1847,10,ENSG00000106144,6.692818369463709e-10,True,True
0.5,0.0,,329,10,ENSG00000106153,0.5,False,False
0.5,0.0,,620,10,ENSG00000106236,0.5,False,False
0.5,-0.002344826139960787,,542,10,ENSG00000106245,0.5,False,False
0.0,81.74948874125585,,1089,10,ENSG00000106268,0.0,True,True
0.5,0.0,,29078,10,ENSG00000106290,0.5,False,False
0.5,0.0,,1184,10,ENSG00000106299,0.5,False,False
0.481064233445926,0.07721459152526222,,2251,10,ENSG00000106305,0.5,False,False
9.480385022575533e-06,21.74627689563204,,1456,10,ENSG00000106331,3.5615887539494485e-05,True,True
0.5,0.0,,1136,10,ENSG00000106333,0.5,False,False
0.5,0.0,,2891,10,ENSG00000106336,0.5,False,False
0.5,-0.000684475458911038,,687,10,ENSG00000106341,0.5,False,False
0.3469194861851673,0.7310307473198918,,1363,10,ENSG00000106366,0.5,False,False
0.0,177.8638607758658,,699,10,ENSG00000106367,0.0,True,True
0.0,145.4075436017374,,1159,10,ENSG00000106384,0.0,True,True
0.5,0.0,,2537,10,ENSG00000106397,0.5,False,False
4.310612977675987e-11,46.3484179481693,,397,10,ENSG00000106399,2.3639458600838326e-10,True,True
0.5,0.0,,728,10,ENSG00000106400,0.5,False,False
0.5,-0.003175808878950193,,1293,10,ENSG00000106404,0.5,False,False
4.615165810628596e-08,32.39637153547301,,599,10,ENSG00000106436,2.0154376419724879e-07,True,True
3.24511417737483e-10,42.3111065881385,,2904,10,ENSG00000106460,1.657207178466366e-09,True,True
0.5,-0.005019089236157015,,6750,10,ENSG00000106462,0.5,False,False
0.0,89.49022564801271,,7083,10,ENSG00000106477,0.0,True,True
0.2899202045400482,1.090004740050063,,5799,10,ENSG00000106479,0.5,False,False
0.5,0.0,,974,10,ENSG00000106483,0.5,False,False
0.2204636845866315,1.637750225570926,,422,10,ENSG00000106511,0.5,False,False
0.0,167.0254547150398,,5350,10,ENSG00000106536,0.0,True,True
1.878720801923306e-05,20.37837432744709,,2840,10,ENSG00000106546,6.90669421194865e-05,True,True
0.4295838720232326,0.3035821955381834,,2502,10,ENSG00000106565,0.5,False,False
0.0,1034.934095699922,,11713,10,ENSG00000106571,0.0,True,True
0.0,203.7946209313523,,973,10,ENSG00000106609,0.0,True,True
0.4168253077899358,0.3638817811006447,,6987,10,ENSG00000106617,0.5,False,False
0.0,118.5097149693174,,11361,10,ENSG00000106628,0.0,True,True
0.0,175.1232018025912,,3044,10,ENSG00000106633,0.0,True,True
0.0,162.0722755825154,,947,10,ENSG00000106635,0.0,True,True
0.5,0.0,,3502,10,ENSG00000106686,0.5,False,False
0.4337641063214758,0.2842144918067788,,1590,10,ENSG00000106688,0.5,False,False
0.5,0.0,,3565,10,ENSG00000106701,0.5,False,False
0.3828502110450466,0.5339285591999214,,859,10,ENSG00000106723,0.5,False,False
0.5,-0.005836358370288508,,2038,10,ENSG00000106733,0.5,False,False
0.5,0.0,,3720,10,ENSG00000106771,0.5,False,False
0.5,0.0,,1337,10,ENSG00000106780,0.5,False,False
0.005762808141750397,8.926366435916862,,1673,10,ENSG00000106785,0.017715826759620815,True,True
3.572693396680648e-08,32.90842759700899,,2266,10,ENSG00000106789,1.575405758429924e-07,True,True
0.5,-0.00396007382641983,,267,10,ENSG00000106803,0.5,False,False
9.498266430318925e-06,21.74250815303822,,860,10,ENSG00000106809,3.565613375426893e-05,True,True
0.5,0.0,,3158,10,ENSG00000106823,0.5,False,False
0.0319863317512073,5.498598839392798,,1498,10,ENSG00000106927,0.09133181063748858,False,True
0.5,0.0,,11684,10,ENSG00000106948,0.5,False,False
0.5,0.0,,2437,10,ENSG00000106991,0.5,False,False
7.285086978114919e-10,40.69374872020853,,1380,10,ENSG00000106992,3.5877250127864955e-09,True,True
0.5,0.0,,891,10,ENSG00000106993,0.5,False,False
0.5,-0.002869338955861167,,749,10,ENSG00000107020,0.5,False,False
0.4456642704124178,0.2300843735647504,,1992,10,ENSG00000107021,0.5,False,False
0.5,0.0,,1663,10,ENSG00000107140,0.5,False,False
0.1095629144221079,3.036218306089722,,1297,10,ENSG00000107159,0.28864721204214233,False,False
0.4905569204013223,0.03813356095633935,,3692,10,ENSG00000107164,0.5,False,False
0.5,0.0,,1410,10,ENSG00000107185,0.5,False,False
0.5,-0.003210587234207196,,1648,10,ENSG00000107187,0.5,False,False
0.0,150.560851950795,,3687,10,ENSG00000107201,0.0,True,True
0.4753131167971539,0.1012686366002526,,466,10,ENSG00000107223,0.5,False,False
0.0003349419166033263,14.61681248787499,,3227,10,ENSG00000107242,0.0011356517335957361,True,True
0.3899595866265833,0.4971299773751525,,2972,10,ENSG00000107295,0.5,False,False
0.5,0.0,,934,10,ENSG00000107338,0.5,False,False
0.5,-1.818989403545856e-12,,707,10,ENSG00000107362,0.5,False,False
0.0,164.5052784897198,,879,10,ENSG00000107371,0.0,True,True
0.4953457957088886,0.0187040051096119,,3495,10,ENSG00000107404,0.5,False,False
0.5,0.0,,925,10,ENSG00000107438,0.5,False,False
0.5,0.0,,1397,10,ENSG00000107443,0.5,False,False
0.0,83.2661389787645,,1291,10,ENSG00000107447,0.0,True,True
0.5,0.0,,10327,10,ENSG00000107554,0.5,False,False
0.5,0.0,,679,10,ENSG00000107562,0.5,False,False
0.3065551978763395,0.9784205365540402,,1482,10,ENSG00000107566,0.5,False,False
0.5,-0.001942707924172282,,4250,10,ENSG00000107581,0.5,False,False
6.635803018184561e-12,50.09078664873232,,1048,10,ENSG00000107593,3.8785527864218573e-11,True,True
0.02005353280417149,6.432405521067267,,2397,10,ENSG00000107679,0.05853654469950058,False,True
0.5,0.0,,1593,10,ENSG00000107742,0.5,False,False
0.04602789079813696,4.770721128050354,,7571,10,ENSG00000107771,0.12898181905911732,False,True
0.5,0.0,,2956,10,ENSG00000107779,0.5,False,False
0.3415108440857639,0.7624573312277789,,1465,10,ENSG00000107796,0.5,False,False
0.5,0.0,,1819,10,ENSG00000107798,0.5,False,False
0.0,80.12851437442077,,1816,10,ENSG00000107819,0.0,True,True
0.2599474349181888,1.308257322380086,,666,10,ENSG00000107821,0.5,False,False
0.4970276204158964,0.01192499918397516,,1964,10,ENSG00000107829,0.5,False,False
2.568326682439448e-07,28.96338775992808,,1164,10,ENSG00000107831,1.068131849369048e-06,True,True
0.5,-1.912561765493592e-05,,373,10,ENSG00000107833,0.5,False,False
0.4251451126514994,0.3243550924671581,,5960,10,ENSG00000107854,0.5,False,False
0.5,0.0,,407,10,ENSG00000107859,0.5,False,False
0.5,0.0,,5049,10,ENSG00000107864,0.5,False,False
0.5,0.0,,1063,10,ENSG00000107874,0.5,False,False
0.0,124.575795397388,,3061,10,ENSG00000107882,0.0,True,True
0.02685735285781743,5.848136931112094,,2756,10,ENSG00000107902,0.07735290857833461,False,True
0.5,0.0,,2035,10,ENSG00000107937,0.5,False,False
0.5,0.0,,1408,10,ENSG00000107951,0.5,False,False
0.5,0.0,,2196,10,ENSG00000107968,0.5,False,False
0.5,-0.003239082977415819,,534,10,ENSG00000107984,0.5,False,False
0.5,0.0,,3128,10,ENSG00000108001,0.5,False,False
0.3517230954462355,0.7035277860923088,,1171,10,ENSG00000108010,0.5,False,False
8.642253579438375e-12,49.56242069859582,,6059,10,ENSG00000108018,5.0100896624856035e-11,True,True
0.5,0.0,,7912,10,ENSG00000108055,0.5,False,False
0.5,0.0,,6183,10,ENSG00000108061,0.5,False,False
0.5,0.0,,1741,10,ENSG00000108091,0.5,False,False
0.0003771760943986346,14.37930241033428,,818,10,ENSG00000108176,0.0012753731431263144,True,True
0.5,0.0,,3312,10,ENSG00000108219,0.5,False,False
0.5,0.0,,5183,10,ENSG00000108231,0.5,False,False
0.5,-0.002067959641863126,,2477,10,ENSG00000108239,0.5,False,False
0.0,140.1262053014289,,2420,9,ENSG00000108256,0.0,True,True
0.0,137.2519076021417,,1616,9,ENSG00000108671,0.0,True,True
0.409540467501013,0.3991447565276758,,1414,9,ENSG00000108684,0.5,False,False
0.0,77.38189720250557,,330,9,ENSG00000108691,0.0,True,True
0.5,0.0,,235,9,ENSG00000108700,0.5,False,False
0.0,379.5101016372064,,3255,9,ENSG00000109046,0.0,True,True
1.600697852044419e-09,39.11935793102748,,1059,9,ENSG00000109072,7.663013586206872e-09,True,True
7.863154571907671e-13,54.35654804860314,,2088,9,ENSG00000109101,4.8706514122875164e-12,True,True
4.257206753788267e-09,37.16301080377525,,2370,9,ENSG00000109107,1.980855602744887e-08,True,True
0.5,-0.006052911216102075,,483,10,ENSG00000109132,0.5,False,False
0.5,0.0,,1118,10,ENSG00000109133,0.5,False,False
1.043609643147647e-14,63.00480083882576,,1845,10,ENSG00000109158,7.31114699298084e-14,True,True
0.0,286.0202706551136,,565,10,ENSG00000109163,0.0,True,True
0.0,328.493654120648,,4268,10,ENSG00000109180,0.0,True,True
4.003672410268777e-08,32.6806430422148,,2001,10,ENSG00000109182,1.7576581260968134e-07,True,True
1.169867425154791e-09,39.74645649100421,,2352,10,ENSG00000109189,5.649437449242651e-09,True,True
0.5,-0.004239153151502251,,923,10,ENSG00000109193,0.5,False,False
4.955684747010025e-07,27.64882623814628,,1938,10,ENSG00000109255,2.0321167297302445e-06,True,True
0.0,423.8395986831601,,7545,10,ENSG00000109265,0.0,True,True
0.5,0.0,,264,10,ENSG00000109270,0.5,False,False
0.5,0.0,,886,10,ENSG00000109321,0.5,False,False
0.5,0.0,,337,10,ENSG00000109424,0.5,False,False
0.5,0.0,,1256,10,ENSG00000109445,0.5,False,False
0.5,0.0,,5392,10,ENSG00000109458,0.5,False,False
0.5,0.0,,404,10,ENSG00000109471,0.5,False,False
0.0005724200232449239,13.54498069835063,,991,10,ENSG00000109511,0.001910884023906209,True,True
0.5,-0.0004058950917169568,,448,10,ENSG00000109519,0.5,False,False
0.5,0.0,,650,10,ENSG00000109534,0.5,False,False
0.5,-0.003666683176561492,,2438,10,ENSG00000109576,0.5,False,False
0.13805134433457,2.573964843861177,,2268,10,ENSG00000109606,0.3550503550776376,False,False
0.04317386286419739,4.898745625236188,,2411,10,ENSG00000109625,0.12139445669107846,False,True
0.003308142387658974,10.03644255762265,,1598,10,ENSG00000109674,0.010388068330944277,True,True
0.5,0.0,,1735,10,ENSG00000109684,0.5,False,False
0.5,0.0,,741,10,ENSG00000109705,0.5,False,False
3.63967365302198e-06,23.66093871117118,,2251,10,ENSG00000109738,1.4023033888560287e-05,True,True
0.5,-0.001811709706089459,,698,10,ENSG00000109787,0.5,False,False
0.02369101309422417,6.099024633163936,,3682,10,ENSG00000109805,0.06863080904523648,False,True
0.4306320254520249,0.2987082844629185,,2252,10,ENSG00000109832,0.5,False,False
0.5,-0.004075821230799193,,759,10,ENSG00000109851,0.5,False,False
0.4610309158735926,0.1622859900744515,,5763,10,ENSG00000109861,0.5,False,False
0.3406105574155077,0.7677366682546563,,758,10,ENSG00000109881,0.5,False,False
0.0,108.3780843736749,,7437,10,ENSG00000109906,0.0,True,True
2.123628371764053e-06,24.73847451120673,,7315,9,ENSG00000109911,8.356746456609493e-06,True,True
0.000125446142486052,16.58097370906034,,3593,10,ENSG00000109920,0.00043941486811663566,True,True
0.4719373529333999,0.1155236969570979,,965,10,ENSG00000109943,0.5,False,False
0.4120516475369045,0.386918797637918,,3677,10,ENSG00000109944,0.5,False,False
0.4592187277669698,0.1701629415583739,,1412,10,ENSG00000109991,0.5,False,False
0.001356638786773001,11.81919587637822,,3923,10,ENSG00000110002,0.004396039951406454,True,True
0.2881458004958187,1.102282989257219,,1715,10,ENSG00000110013,0.5,False,False
0.2203362101174885,1.638906981497712,,1313,10,ENSG00000110031,0.5,False,False
0.5,0.0,,2268,10,ENSG00000110042,0.5,False,False
0.3421031442931152,0.7589916306096711,,1720,10,ENSG00000110057,0.5,False,False
9.595736982781489e-10,40.14276964221426,,2318,10,ENSG00000110060,4.670175709623789e-09,True,True
0.5,0.0,,833,10,ENSG00000110063,0.5,False,False
0.5,0.0,,4068,10,ENSG00000110074,0.5,False,False
0.0,77.86591898207189,,2775,10,ENSG00000110079,0.0,True,True
0.3590104415865981,0.6625132502740598,,1068,10,ENSG00000110092,0.5,False,False
9.392486788328824e-14,58.60665852306556,,1400,10,ENSG00000110107,6.155234424920629e-13,True,True
0.5,0.0,,497,10,ENSG00000110108,0.5,False,False
2.598096824013574e-06,24.33516838244395,,1906,10,ENSG00000110172,1.0151558211031828e-05,True,True
2.107908647686063e-06,24.75333416743524,,1295,10,ENSG00000110195,8.301454959295707e-06,True,True
0.01127196158036498,7.584579464593844,,2019,10,ENSG00000110200,0.03381588474109494,True,True
0.0,78.82550921188158,,942,10,ENSG00000110218,0.0,True,True
0.5,0.0,,7986,10,ENSG00000110237,0.5,False,False
0.5,0.0,,1290,10,ENSG00000110244,0.5,False,False
0.5,0.0,,7321,10,ENSG00000110318,0.5,False,False
0.5,0.0,,1353,10,ENSG00000110324,0.5,False,False
0.5,0.0,,4945,10,ENSG00000110328,0.5,False,False
0.5,0.0,,7221,10,ENSG00000110344,0.5,False,False
0.5,0.0,,1565,10,ENSG00000110367,0.5,False,False
0.5,-0.004565171169815585,,4270,10,ENSG00000110395,0.5,False,False
0.5,0.0,,2847,10,ENSG00000110400,0.5,False,False
1.467626020712487e-11,48.50328832216474,,2853,10,ENSG00000110429,8.323799118613352e-11,True,True
0.0,143.5225175377127,,2052,10,ENSG00000110435,0.0,True,True
0.2710792987366772,1.224393410075209,,1037,10,ENSG00000110442,0.5,False,False
4.206261450256932e-10,41.79225905862222,,870,10,ENSG00000110448,2.132716050313759e-09,True,True
0.3572635449991316,0.6722687353740184,,879,10,ENSG00000110583,0.5,False,False
1.046274178406748e-12,53.78528456894128,,1537,10,ENSG00000110660,6.4248984733273626e-12,True,True
1.002391813109682e-06,26.23994884033164,,2092,10,ENSG00000110675,4.050281785871291e-06,True,True
5.551115123125783e-17,73.73072076417156,,6752,10,ENSG00000110693,4.453426874585104e-16,True,True
1.835602459476782e-07,29.63515145398651,,676,10,ENSG00000110696,7.698386706102456e-07,True,True
0.4999829406587991,6.823852891102433e-05,,7617,10,ENSG00000110697,0.5,False,False
0.5,0.0,,2967,10,ENSG00000110711,0.5,False,False
0.009500281267293076,7.926573386444943,,2695,10,ENSG00000110768,0.028691195521260326,True,True
0.2670604975367095,1.254265766216122,,937,10,ENSG00000110777,0.5,False,False
0.5,0.0,,5906,10,ENSG00000110786,0.5,False,False
0.5,0.0,,1534,10,ENSG00000110811,0.5,False,False
0.0,263.495888469246,,3243,10,ENSG00000110844,0.0,True,True
0.2655709899254481,1.26545182283553,,577,10,ENSG00000110848,0.5,False,False
0.3916713138301996,0.4883701909393494,,385,10,ENSG00000110852,0.5,False,False
0.0,83.44004189193947,,4281,10,ENSG00000110880,0.0,True,True
0.0,135.5766566079183,,2637,10,ENSG00000110881,0.0,True,True
0.0244921266843916,6.032512784782739,,1622,10,ENSG00000110900,0.07078665783158851,False,True
1.422084845270621e-06,25.5404787633961,,1860,10,ENSG00000110906,5.681485960141421e-06,True,True
1.720845688168993e-15,66.61385006619821,,2693,10,ENSG00000110921,1.2624611287540665e-14,True,True
0.5,0.0,,467,10,ENSG00000110944,0.5,False,False
5.2332582711756e-12,50.56568150447856,,1132,10,ENSG00000110975,3.076858940996151e-11,True,True
0.5,0.0,,497,10,ENSG00000110987,0.5,False,False
8.415239287629106e-07,26.58980841475568,,1508,10,ENSG00000111011,3.4085830795331573e-06,True,True
2.581112183430712e-07,28.95345617091516,,1650,10,ENSG00000111012,1.0725523809844913e-06,True,True
0.5,-4.825960786547512e-08,,302,10,ENSG00000111046,0.5,False,False
0.5,0.0,,342,10,ENSG00000111049,0.5,False,False
3.836633932774447e-08,32.76587632274095,,1266,10,ENSG00000111057,1.6866046910857365e-07,True,True
0.2506465313676304,1.381128786611953,,5380,10,ENSG00000111087,0.5,False,False
1.952781825131922e-10,43.32689786065384,,2236,10,ENSG00000111110,1.0170823872467205e-09,True,True
0.476595888531686,0.09587832091347082,,2456,10,ENSG00000111144,0.5,False,False
0.0005327225394632928,13.68872530537919,,4579,10,ENSG00000111181,0.0017807539726414103,True,True
0.0,147.10901473185,,2439,10,ENSG00000111186,0.0,True,True
0.007882811697346892,8.299846887726744,,700,10,ENSG00000111196,0.02396644583288719,True,True
0.5,0.0,,7737,10,ENSG00000111199,0.5,False,False
6.539574817110427e-06,22.48898245355667,,3669,10,ENSG00000111206,2.473600390897891e-05,True,True
0.5,0.0,,1985,10,ENSG00000111218,0.5,False,False
4.174321166505734e-09,37.2023338227682,,588,10,ENSG00000111229,1.944108003951266e-08,True,True
0.0,129.8195096239051,,1036,10,ENSG00000111237,0.0,True,True
0.5,0.0,,320,10,ENSG00000111241,0.5,False,False
2.420831131666468e-07,29.08167509286613,,642,10,ENSG00000111245,1.0101689638346487e-06,True,True
0.5,0.0,,1154,10,ENSG00000111252,0.5,False,False
0.0003562795295322663,14.49329551878691,,2679,10,ENSG00000111266,0.0012055335917642808,True,True
0.5,-0.003126626288576517,,510,10,ENSG00000111269,0.5,False,False
0.5,0.0,,6331,10,ENSG00000111271,0.5,False,False
0.5,-0.002111724995302211,,698,10,ENSG00000111276,0.5,False,False
0.5,0.0,,729,10,ENSG00000111291,0.5,False,False
0.4414747282706535,0.2489746412393288,,5410,10,ENSG00000111335,0.5,False,False
0.0,123.4504823075858,,694,10,ENSG00000111339,0.0,True,True
0.5,0.0,,3845,10,ENSG00000111344,0.5,False,False
0.3046148830425544,0.9911195963613864,,2431,10,ENSG00000111364,0.5,False,False
0.2364116720548405,1.498066879753424,,602,10,ENSG00000111404,0.5,False,False
2.708944180085382e-14,61.0924797119078,,1729,10,ENSG00000111405,1.830745699965311e-13,True,True
0.0,291.7115098900686,,2514,10,ENSG00000111424,0.0,True,True
0.5,-0.001513378672825638,,1381,10,ENSG00000111445,0.5,False,False
0.5,0.0,,311,10,ENSG00000111536,0.5,False,False
0.5,-0.0003681079351736116,,187,10,ENSG00000111537,0.5,False,False
0.0,89.19304076154367,,2498,10,ENSG00000111602,0.0,True,True
0.04180865428575298,4.963009480088658,,2918,10,ENSG00000111605,0.11762231132202224,False,True
0.5,0.0,,1616,10,ENSG00000111615,0.5,False,False
0.5,0.0,,1886,10,ENSG00000111640,0.5,False,False
0.0,115.6824376438017,,9689,10,ENSG00000111647,0.0,True,True
0.5,0.0,,1188,10,ENSG00000111665,0.5,False,False
0.5,0.0,,1943,10,ENSG00000111667,0.5,False,False
1.120306680757466e-09,39.83303242223701,,1589,10,ENSG00000111684,5.425905968926617e-09,True,True
0.3625000837667299,0.6431667860542802,,1369,10,ENSG00000111707,0.5,False,False
0.0,97.48827820727092,,690,10,ENSG00000111711,0.0,True,True
0.0,116.3507221811633,,1111,10,ENSG00000111726,0.0,True,True
0.5,0.0,,1216,10,ENSG00000111729,0.5,False,False
0.0,91.93664346344667,,1184,10,ENSG00000111732,0.0,True,True
0.5,-3.442419256316498e-07,,120,10,ENSG00000111775,0.5,False,False
0.3910339900354725,0.4916272223272244,,5459,10,ENSG00000111785,0.5,False,False
0.0,76.74682361110536,,817,10,ENSG00000111790,0.0,True,True
0.2634958181756176,1.28114120164264,,437,10,ENSG00000111796,0.5,False,False
0.5,0.0,,1268,10,ENSG00000111802,0.5,False,False
0.3641563310350349,0.6340496842021821,,3349,10,ENSG00000111816,0.5,False,False
0.338127480848579,0.7823702234964003,,2315,10,ENSG00000111834,0.5,False,False
0.2032004980002796,1.800829863712352,,1238,10,ENSG00000111845,0.48876695543339715,False,False
0.2443737034779753,1.431818946206477,,3167,10,ENSG00000111846,0.5,False,False
0.5,0.0,,400,10,ENSG00000111875,0.5,False,False
0.5,0.0,,3958,10,ENSG00000111880,0.5,False,False
0.297321464586399,1.039588345163793,,2239,10,ENSG00000111885,0.5,False,False
0.1165586692300645,2.912426706934639,,3517,10,ENSG00000111886,0.3051383267107057,False,False
0.3416638807610964,0.7615612987938221,,1058,10,ENSG00000111897,0.5,False,False
0.000101561329723221,17.00340105544819,,1029,10,ENSG00000111906,0.0003562525063775044,True,True
0.130949272556074,2.679596164929535,,2193,10,ENSG00000111907,0.3390638634533639,False,False
0.4355943735712597,0.2757932478843941,,451,10,ENSG00000111911,0.5,False,False
0.5,0.0,,1345,10,ENSG00000111962,0.5,False,False
0.461394091393959,0.1607111171633733,,892,10,ENSG00000112029,0.5,False,False
0.0,175.4404624789968,,2658,10,ENSG00000112033,0.0,True,True
0.3283309279222242,0.8411721440861584,,2782,10,ENSG00000112039,0.5,False,False
0.0,130.8812616664654,,4055,10,ENSG00000112053,0.0,True,True
0.0,149.2019595102902,,1957,10,ENSG00000112062,0.0,True,True
0.5,0.0,,2038,10,ENSG00000112077,0.5,False,False
0.5,-0.0002073649884550832,,3715,10,ENSG00000112079,0.5,False,False
6.985424622629743e-07,26.9622453779657,,540,10,ENSG00000112081,2.8433307752013375e-06,True,True
0.5,-0.001314457838816452,,368,10,ENSG00000112110,0.5,False,False
0.3744115804826775,0.5785048470065703,,230,10,ENSG00000112115,0.5,False,False
6.808378538064597e-05,17.80324858557651,,483,10,ENSG00000112116,0.00024017641736406598,True,True
0.0,103.1426777217857,,5120,10,ENSG00000112118,0.0,True,True
0.5,0.0,,3005,10,ENSG00000112144,0.5,False,False
0.5,-0.0006735452061548131,,529,10,ENSG00000112149,0.5,False,False
0.4932919312925466,0.02701389381763875,,1409,10,ENSG00000112164,0.5,False,False
0.03672235573535299,5.222444761533552,,715,10,ENSG00000112167,0.10413739876148563,False,True
0.0,107.8956752349477,,4666,10,ENSG00000112182,0.0,True,True
1.31493982219455e-06,25.69714495095832,,2603,10,ENSG00000112186,5.274605383544912e-06,True,True
0.1025108777692075,3.169278361390752,,852,10,ENSG00000112195,0.2713619510505791,False,False
0.4999997830887439,8.676452125655487e-07,,705,10,ENSG00000112210,0.5,False,False
0.5,0.0,,714,10,ENSG00000112212,0.5,False,False
0.00554028285317909,9.005125084975589,,840,10,ENSG00000112214,0.017063385084651887,True,True
0.5,0.0,,786,10,ENSG00000112232,0.5,False,False
0.5,0.0,,5208,10,ENSG00000112234,0.5,False,False
0.5,-0.001130673967054463,,1108,10,ENSG00000112238,0.5,False,False
0.5,-0.002309259201865643,,1721,10,ENSG00000112242,0.5,False,False
3.888343637570291e-06,23.52876022123019,,877,10,ENSG00000112245,1.4946384276100948e-05,True,True
0.5,-0.00378500233637169,,2511,10,ENSG00000112246,0.5,False,False
0.5,0.0,,1195,10,ENSG00000112276,0.5,False,False
0.5,-0.005929710576310754,,3843,10,ENSG00000112290,0.5,False,False
0.0003248218507783118,14.67817299373564,,2762,10,ENSG00000112293,0.0011051052570255288,True,True
5.551115123125783e-17,72.82543586421525,,3788,10,ENSG00000112294,4.453426874585104e-16,True,True
0.4893472765649753,0.04307136795614497,,1119,10,ENSG00000112299,0.5,False,False
0.5,-0.005054027842561482,,343,10,ENSG00000112304,0.5,False,False
0.3644145662411663,0.632631921193024,,799,10,ENSG00000112308,0.5,False,False
0.000425079967532549,14.14017213466286,,6724,10,ENSG00000112319,0.001431515070079146,True,True
0.5,0.0,,2651,10,ENSG00000112320,0.5,False,False
0.2944534676355225,1.058974224823032,,881,10,ENSG00000112335,0.5,False,False
0.5,-0.006873738278954988,,1802,10,ENSG00000112337,0.5,False,False
0.447679784002179,0.2210597788434825,,1363,10,ENSG00000112343,0.5,False,False
0.5,-0.008813035005005077,,4117,10,ENSG00000112365,0.5,False,False
0.5,0.0,,340,10,ENSG00000112378,0.5,False,False
0.5,0.0,,1499,10,ENSG00000112406,0.5,False,False
0.01012975636467123,7.7982616627487,,2978,10,ENSG00000112425,0.030518115177392304,True,True
0.2556664552680626,1.341468825052289,,1470,10,ENSG00000112499,0.5,False,False
0.0,228.4986973079285,,3766,10,ENSG00000112531,0.0,True,True
0.4091082587072336,0.4012565723533044,,1200,10,ENSG00000112539,0.5,False,False
0.5,0.0,,1666,10,ENSG00000112559,0.5,False,False
0.0,389.8046203543054,,8059,10,ENSG00000112561,0.0,True,True
0.0966481162713142,3.287062765899464,,2417,10,ENSG00000112562,0.25679900124653676,False,False
1.307875086009602e-09,39.52342980507819,,10046,10,ENSG00000112584,6.309767873726247e-09,True,True
0.5,0.0,,238,10,ENSG00000112599,0.5,False,False
0.04165188905800349,4.970522750711098,,494,10,ENSG00000112619,0.1172475926284716,False,True
0.5,0.0,,4796,10,ENSG00000112624,0.5,False,False
0.3513676881727821,0.7055497571491287,,1059,10,ENSG00000112658,0.5,False,False
0.5,0.0,,8696,10,ENSG00000112659,0.5,False,False
0.2490457990110275,1.393942574094581,,652,10,ENSG00000112667,0.5,False,False
0.5,0.0,,2005,10,ENSG00000112699,0.5,False,False
0.0,105.7936975916309,,3588,10,ENSG00000112706,0.0,True,True
0.192818073098595,1.905721960836672,,10054,10,ENSG00000112739,0.4699054853466004,False,False
0.0,231.7091040721461,,1854,10,ENSG00000112761,0.0,True,True
0.02170526094270225,6.274106855111313,,2473,10,ENSG00000112773,0.0630618971547903,False,True
0.4694756432992399,0.1259833581461862,,1767,10,ENSG00000112782,0.5,False,False
0.5,0.0,,737,10,ENSG00000112799,0.5,False,False
0.4912634391161617,0.03525515726505546,,1872,10,ENSG00000112812,0.5,False,False
0.5,0.0,,1905,10,ENSG00000112837,0.5,False,False
0.5,0.0,,1350,10,ENSG00000112874,0.5,False,False
0.3778092727020255,0.5604371993904351,,2976,10,ENSG00000112893,0.5,False,False
4.059994500654751e-05,18.83719333073532,,2069,10,ENSG00000112941,0.00014559778403934196,True,True
0.0,569.0908492511371,,7551,10,ENSG00000112964,0.0,True,True
0.4977382727881201,0.009067432401934639,,457,10,ENSG00000112981,0.5,False,False
0.2847052173439313,1.126307557013206,,1528,10,ENSG00000112996,0.5,False,False
0.5,0.0,,516,10,ENSG00000113068,0.5,False,False
0.5,-0.0007532919516961556,,423,10,ENSG00000113070,0.5,False,False
0.4267506545171361,0.3168164060298295,,1053,10,ENSG00000113083,0.5,False,False
0.0,80.32826863014998,,335,10,ENSG00000113088,0.0,True,True
8.985645560954936e-12,49.48449005374277,,1751,10,ENSG00000113119,5.197046630254634e-11,True,True
3.858025010572419e-14,60.38594931083935,,2083,10,ENSG00000113141,2.582747833457229e-13,True,True
0.0,195.301519008266,,7003,10,ENSG00000113161,0.0,True,True
0.5,0.0,,288,10,ENSG00000113196,0.5,False,False
7.16093850883226e-15,63.76014663076057,,2854,10,ENSG00000113240,5.0451144678373455e-14,True,True
0.5,0.0,,2752,10,ENSG00000113262,0.5,False,False
0.5,0.0,,2482,10,ENSG00000113269,0.5,False,False
0.0,175.5916093006381,,628,10,ENSG00000113302,0.0,True,True
1.72068687076532e-09,38.97479021677282,,6444,10,ENSG00000113319,8.221610466077524e-09,True,True
0.03560537301407796,5.284223089285661,,8305,10,ENSG00000113327,0.10114284715706667,False,True
0.0,194.5420009730005,,1773,10,ENSG00000113361,0.0,True,True
0.4997362688113509,0.001055203068972332,,1978,10,ENSG00000113368,0.5,False,False
0.5,0.0,,1010,10,ENSG00000113369,0.5,False,False
0.5,0.0,,710,10,ENSG00000113384,0.5,False,False
0.4858629936682975,0.05736284059094032,,1998,10,ENSG00000113396,0.5,False,False
0.5,-0.002599226201709826,,3321,10,ENSG00000113430,0.5,False,False
0.3473894120640975,0.7283234454152989,,3489,10,ENSG00000113441,0.5,False,False
0.0,112.0657165520279,,768,10,ENSG00000113456,0.0,True,True
0.4682809498338074,0.131079324926759,,840,10,ENSG00000113460,0.5,False,False
0.0,86.8085478257999,,2145,10,ENSG00000113492,0.0,True,True
3.608442156188829e-09,37.49368502469042,,575,10,ENSG00000113520,1.6900556765426777e-08,True,True
0.0001351706637832129,16.43165044248781,,340,10,ENSG00000113525,0.00047181675905803573,True,True
0.3803841426816185,0.5468529090176162,,939,10,ENSG00000113532,0.5,False,False
1.947894806564321e-08,34.12156872093328,,5184,10,ENSG00000113569,8.752329510253778e-08,True,True
0.5,0.0,,514,10,ENSG00000113583,0.5,False,False
5.551115123125783e-17,74.62958384930971,,4879,10,ENSG00000113594,4.453426874585104e-16,True,True
0.0,88.87289619960211,,2222,10,ENSG00000113595,0.0,True,True
6.627127180358627e-10,40.88306476640719,,2269,10,ENSG00000113600,3.2766730213820888e-09,True,True
0.5,-0.00543172875768505,,2874,10,ENSG00000113643,0.5,False,False
0.0,205.3948740586929,,2292,10,ENSG00000113658,0.0,True,True
3.333666676041958e-11,46.86243158628349,,4144,10,ENSG00000113719,1.8406986996405286e-10,True,True
0.5,0.0,,5142,10,ENSG00000113721,0.5,False,False
0.0,109.7826977347613,,1371,10,ENSG00000113734,0.0,True,True
0.3049849985115135,0.9886910163986613,,2357,10,ENSG00000113749,0.5,False,False
0.5,0.0,,1481,10,ENSG00000113790,0.5,False,False
0.5,0.0,,3405,10,ENSG00000113805,0.5,False,False
0.5,0.0,,3014,10,ENSG00000113838,0.5,False,False
0.5,0.0,,1062,10,ENSG00000113845,0.5,False,False
0.5,0.0,,2642,10,ENSG00000113889,0.5,False,False
0.5,0.0,,1257,10,ENSG00000113905,0.5,False,False
1.09005823772379e-05,21.46709432109128,,1058,10,ENSG00000113946,4.0674791256100006e-05,True,True
0.5,-0.001067112913005985,,2408,10,ENSG00000114013,0.5,False,False
2.836619827917275e-14,61.00216857566193,,1144,10,ENSG00000114021,1.9118356401166024e-13,True,True
1.665334536937735e-16,70.98797673842637,,2635,10,ENSG00000114030,1.2963026583299364e-15,True,True
0.1302106285081817,2.690909479329093,,422,10,ENSG00000114113,0.3373269094790083,False,False
1.037503416512209e-12,53.80214212023202,,2243,10,ENSG00000114120,6.378914701769749e-12,True,True
3.058909959108291e-06,24.00860949493654,,1201,10,ENSG00000114124,1.1896026690073995e-05,True,True
0.5,-0.007469088207471941,,482,10,ENSG00000114125,0.5,False,False
0.5,0.0,,3011,10,ENSG00000114166,0.5,False,False
0.5,-0.007420034919050522,,2484,10,ENSG00000114200,0.5,False,False
0.5,0.0,,2173,10,ENSG00000114248,0.5,False,False
5.609522846228288e-10,41.21647622788805,,2567,10,ENSG00000114251,2.79857238085652e-09,True,True
4.940492459581947e-15,64.50290154029426,,1774,10,ENSG00000114279,3.505564835087105e-14,True,True
5.390132784555135e-14,59.71610696662538,,2551,10,ENSG00000114353,3.5652287859544203e-13,True,True
0.2340895518525467,1.517808711983889,,297,10,ENSG00000114383,0.5,False,False
7.590946926594455e-09,36.0063246261343,,1357,10,ENSG00000114388,3.473539099621051e-08,True,True
0.5,-0.002069534722977551,,900,10,ENSG00000114395,0.5,False,False
1.311206698773049e-10,44.1235118398472,,6540,10,ENSG00000114416,6.960450501277636e-10,True,True
0.0,330.4091544595722,,10606,10,ENSG00000114439,0.0,True,True
9.163037340703672e-05,17.20920114665205,,2813,10,ENSG00000114455,0.0003220985705488344,True,True
0.4763400189805344,0.09695234721584711,,2747,10,ENSG00000114480,0.5,False,False
2.766120665853578e-13,56.44605511632835,,1644,10,ENSG00000114491,1.7571755034426177e-12,True,True
3.334277298705501e-11,46.86206467096599,,936,10,ENSG00000114547,1.8406986996405286e-10,True,True
0.254110626593953,1.353676776801876,,4022,10,ENSG00000114573,0.5,False,False
0.4731422131595949,0.110424186092132,,2290,10,ENSG00000114631,0.5,False,False
0.3794137142251465,0.5519617888348876,,5605,10,ENSG00000114650,0.5,False,False
0.5,0.0,,2306,10,ENSG00000114686,0.5,False,False
0.5,0.0,,1515,10,ENSG00000114735,0.5,False,False
0.5,-9.754054917721078e-05,,868,10,ENSG00000114737,0.5,False,False
0.5,0.0,,2122,10,ENSG00000114739,0.5,False,False
0.2453108590324319,1.424163759416842,,1008,10,ENSG00000114744,0.5,False,False
0.0,141.9402100615844,,8051,10,ENSG00000114757,0.0,True,True
0.1556020930208777,2.334612070724688,,1075,10,ENSG00000114767,0.39188091680295983,False,False
0.0,82.32278122020944,,9917,10,ENSG00000114770,0.0,True,True
0.5,0.0,,978,10,ENSG00000114771,0.5,False,False
0.01371478397903064,7.192267449834617,,1480,10,ENSG00000114779,0.04080578243891135,True,True
0.5,-0.0007147736328079191,,247,10,ENSG00000114784,0.5,False,False
0.2202130016893401,1.640025661799882,,4610,10,ENSG00000114790,0.5,False,False
0.5,-0.005380235990742221,,13067,10,ENSG00000114805,0.5,False,False
0.5,0.0,,834,10,ENSG00000114850,0.5,False,False
0.2639874267465093,1.277413244647505,,441,10,ENSG00000114902,0.5,False,False
0.4991476838015186,0.003412173871765845,,2640,10,ENSG00000114933,0.5,False,False
0.5,-0.000383939182938775,,992,10,ENSG00000114956,0.5,False,False
0.5,0.0,,1831,10,ENSG00000114988,0.5,False,False
0.2847012299029225,1.126335568224022,,3561,10,ENSG00000114993,0.5,False,False
0.5,0.0,,542,10,ENSG00000115008,0.5,False,False
0.0,176.818472571762,,1131,10,ENSG00000115041,0.0,True,True
0.0,181.0204295634612,,9346,10,ENSG00000115053,0.0,True,True
0.5,0.0,,1721,10,ENSG00000115073,0.5,False,False
0.5,0.0,,5739,10,ENSG00000115085,0.5,False,False
0.5,0.0,,2496,10,ENSG00000115107,0.5,False,False
0.5,0.0,,3673,10,ENSG00000115109,0.5,False,False
0.5,0.0,,1767,10,ENSG00000115112,0.5,False,False
0.5,-0.004398081704493961,,366,10,ENSG00000115128,0.5,False,False
2.220446049250313e-16,70.49565529760366,,1778,10,ENSG00000115129,1.7176514228570851e-15,True,True
9.104482723287788e-10,40.24787370134436,,538,10,ENSG00000115137,4.435425765488096e-09,True,True
0.4903945910943666,0.03879548687837087,,1800,10,ENSG00000115145,0.5,False,False
0.3921181477170596,0.4860898135821117,,539,10,ENSG00000115163,0.5,False,False
0.0,111.5001127887444,,1683,10,ENSG00000115194,0.0,True,True
9.140466161738914e-12,49.45033065332245,,2902,10,ENSG00000115211,5.280450486467986e-11,True,True
0.5,-0.002968634214994381,,1281,10,ENSG00000115226,0.5,False,False
0.03317507319295232,5.425618623979972,,2465,10,ENSG00000115234,0.09467172350071419,False,True
0.5,-0.00170935347705381,,2392,10,ENSG00000115241,0.5,False,False
0.0,161.1904789701948,,5277,10,ENSG00000115252,0.0,True,True
0.5,-0.005469826181069948,,476,10,ENSG00000115263,0.5,False,False
0.5,0.0,,958,10,ENSG00000115289,0.5,False,False
0.5,0.0,,2107,10,ENSG00000115290,0.5,False,False
1.149080830487037e-14,62.80893074769119,,1077,10,ENSG00000115307,8.038717371086529e-14,True,True
0.0001856938820135046,15.79652771035762,,3092,10,ENSG00000115317,0.0006409724976649354,True,True
4.496403249731884e-15,64.68784170562867,,4177,10,ENSG00000115318,3.19958651847874e-14,True,True
0.5,-0.004212598636513576,,323,10,ENSG00000115350,0.5,False,False
1.115330050538432e-12,53.65743453852519,,1126,10,ENSG00000115353,6.8320833391356665e-12,True,True
0.3119565492662887,0.9434883709036512,,2635,10,ENSG00000115365,0.5,False,False
0.4041213793030505,0.4257856435069698,,1905,10,ENSG00000115368,0.5,False,False
0.4997947300811644,0.0008212482644012198,,2546,10,ENSG00000115380,0.5,False,False
0.5,0.0,,345,10,ENSG00000115386,0.5,False,False
0.5,-0.003588722185668303,,2742,10,ENSG00000115419,0.5,False,False
0.5,0.0,,3037,10,ENSG00000115421,0.5,False,False
0.5,0.0,,5422,10,ENSG00000115423,0.5,False,False
0.4990339684408482,0.003867863919367664,,1034,10,ENSG00000115457,0.5,False,False
4.70935486288071e-05,18.54045471520658,,4532,10,ENSG00000115459,0.00016827824057448745,True,True
0.5,0.0,,818,10,ENSG00000115461,0.5,False,False
0.5,0.0,,381,10,ENSG00000115488,0.5,False,False
0.0,77.32347124507214,,861,10,ENSG00000115507,0.0,True,True
0.2049239708052375,1.783938124241104,,824,10,ENSG00000115520,0.4919362117689437,False,False
3.604894160957883e-13,55.91630812645599,,11946,10,ENSG00000115524,2.284171153707581e-12,True,True
0.5,0.0,,3188,10,ENSG00000115526,0.5,False,False
0.5,-0.007317102606975823,,1154,10,ENSG00000115540,0.5,False,False
3.275157922644212e-15,65.31588361425747,,1641,10,ENSG00000115592,2.350741054434677e-14,True,True
0.437708644881214,0.2661092074267799,,1683,10,ENSG00000115593,0.5,False,False
0.5,0.0,,789,10,ENSG00000115596,0.5,False,False
0.497693363083317,0.009247895643056836,,1988,10,ENSG00000115598,0.5,False,False
0.4750052555061411,0.1025644604451372,,1856,10,ENSG00000115604,0.5,False,False
0.5,0.0,,2635,10,ENSG00000115616,0.5,False,False
0.001161792276442919,12.12928843968621,,1473,10,ENSG00000115661,0.003791833847130629,True,True
4.122191477051729e-11,46.43780906277607,,1210,10,ENSG00000115665,2.2681173016432852e-10,True,True
7.467776241831814e-08,31.43387260123563,,10745,10,ENSG00000115677,3.215992989339519e-07,True,True
0.5,0.0,,2338,10,ENSG00000115758,0.5,False,False
4.037355296637735e-06,23.45354705878708,,6787,10,ENSG00000115761,1.5507185517742155e-05,True,True
0.0,147.8374290424399,,1550,10,ENSG00000115806,0.0,True,True
0.4878664924443608,0.04913262210902758,,3092,10,ENSG00000115808,0.5,False,False
0.5,0.0,,2336,10,ENSG00000115816,0.5,False,False
0.5,0.0,,1151,10,ENSG00000115828,0.5,False,False
0.0,228.8199904911016,,5724,10,ENSG00000115839,0.0,True,True
2.623444239624462e-09,38.13126121332607,,4465,10,ENSG00000115840,1.241580556412186e-08,True,True
0.0181474953450228,6.632151089610488,,900,10,ENSG00000115844,0.05325406598592532,False,True
0.4999749094606186,0.000100364675745368,,9627,10,ENSG00000115850,0.5,False,False
6.994405055138486e-15,63.79627190004612,,1602,10,ENSG00000115866,4.934775992093451e-14,True,True
0.0,110.3504764122481,,10674,10,ENSG00000115896,0.0,True,True
0.5,0.0,,1841,10,ENSG00000115902,0.5,False,False
4.40664171819094e-12,50.9095297977683,,439,10,ENSG00000115944,2.6124715025365597e-11,True,True
0.5,-0.0007338059804169461,,1024,10,ENSG00000115946,0.5,False,False
0.03532949012391545,5.299780138047936,,1892,10,ENSG00000115956,0.10047391874005458,False,True
0.5,-0.009372889147925889,,802,10,ENSG00000115963,0.5,False,False
2.128902565545765e-05,20.1283433299177,,3025,10,ENSG00000115998,7.797615140666153e-05,True,True
0.0,168.3497145263318,,2599,10,ENSG00000116001,0.0,True,True
0.5,0.0,,742,10,ENSG00000116030,0.5,False,False
0.343176591764547,0.7527258778500254,,1018,10,ENSG00000116031,0.5,False,False
0.5,0.0,,12733,10,ENSG00000116062,0.5,False,False
0.5,0.0,,909,10,ENSG00000116095,0.5,False,False
0.08991107171491847,3.431574016792183,,403,10,ENSG00000116096,0.24056894605164306,False,False
0.4995417387202321,0.001833885646192357,,8625,10,ENSG00000116117,0.5,False,False
0.5,0.0,,2315,10,ENSG00000116120,0.5,False,False
0.0,193.875473376771,,5420,10,ENSG00000116128,0.0,True,True
0.5,-0.007108796988177346,,1019,10,ENSG00000116132,0.5,False,False
1.698685225259844e-07,29.79018783099309,,5849,10,ENSG00000116141,7.148274374316805e-07,True,True
0.4646019894048687,0.1468539922352647,,4905,10,ENSG00000116147,0.5,False,False
0.4770525726606107,0.09396279676639097,,493,10,ENSG00000116157,0.5,False,False
0.5,-1.455191522836685e-11,,5067,10,ENSG00000116171,0.5,False,False
0.5,0.0,,925,9,ENSG00000116176,0.5,False,False
6.350031824253755e-07,27.15297729169833,,799,10,ENSG00000116205,2.5953211416465223e-06,True,True
0.5,0.0,,1904,10,ENSG00000116209,0.5,False,False
0.3920461638466732,0.4864570012723561,,1266,10,ENSG00000116218,0.5,False,False
0.5,-0.00182564353235648,,969,10,ENSG00000116237,0.5,False,False
0.5,0.0,,1939,10,ENSG00000116254,0.5,False,False
0.1925593593590226,1.908407263676054,,2480,10,ENSG00000116266,0.46973528859822383,False,False
0.2495752392561194,1.389695336987643,,1268,10,ENSG00000116273,0.5,False,False
0.2447956204130222,1.428368876719105,,1133,10,ENSG00000116285,0.5,False,False
2.845418345387429e-11,47.17915629634808,,4370,10,ENSG00000116299,1.5902371741524798e-10,True,True
0.0,370.0811636902508,,10842,10,ENSG00000116337,0.0,True,True
0.2452701228670172,1.424495905725053,,2718,10,ENSG00000116350,0.5,False,False
3.790049045715449e-07,28.18513902116683,,1092,10,ENSG00000116353,1.5644567596173148e-06,True,True
0.5,0.0,,1059,10,ENSG00000116459,0.5,False,False
4.86426393608852e-09,36.89640650958791,,858,10,ENSG00000116489,2.254878734212889e-08,True,True
4.163336342344337e-15,64.83895160417887,,2603,10,ENSG00000116514,2.9710810569326734e-14,True,True
0.5,0.0,,1122,10,ENSG00000116521,0.5,False,False
0.5,0.0,,1954,10,ENSG00000116525,0.5,False,False
0.0980604443268942,3.258048061645241,,3209,10,ENSG00000116544,0.2602735592753318,False,False
0.5,-0.006537575057336653,,523,10,ENSG00000116574,0.5,False,False
0.5,-0.009874036644760054,,406,10,ENSG00000116586,0.5,False,False
0.0207292618385726,6.366123562052962,,1418,10,ENSG00000116649,0.06043807056568588,False,True
1.042950794988284e-05,21.55544857196401,,348,10,ENSG00000116667,3.8975486508427686e-05,True,True
0.3001917088802597,1.020373596446007,,2111,10,ENSG00000116679,0.5,False,False
0.0,121.8129815977554,,1989,10,ENSG00000116685,0.0,True,True
0.4712684109093996,0.1183605843543774,,2474,10,ENSG00000116691,0.5,False,False
0.3980753971961691,0.4559333417491871,,3494,10,ENSG00000116701,0.5,False,False
0.5,-0.000343270326993661,,482,10,ENSG00000116703,0.5,False,False
0.4415980974984091,0.2484158233255584,,874,10,ENSG00000116704,0.5,False,False
0.4965172801492691,0.01397962323244428,,2049,10,ENSG00000116711,0.5,False,False
0.5,-0.007620062404384953,,608,10,ENSG00000116717,0.5,False,False
0.5,0.0,,354,10,ENSG00000116741,0.5,False,False
0.5,0.0,,1994,10,ENSG00000116745,0.5,False,False
0.0,161.3574906922804,,1948,10,ENSG00000116748,0.0,True,True
0.0001462418630096551,16.27420306086606,,513,10,ENSG00000116752,0.0005086762423846326,True,True
0.5,-0.006403515610145405,,1885,10,ENSG00000116761,0.5,False,False
0.4944104511805206,0.02248410676475032,,850,10,ENSG00000116771,0.5,False,False
0.0,204.2562238160754,,12285,10,ENSG00000116783,0.0,True,True
0.4351004719260629,0.2780622481004684,,3254,10,ENSG00000116786,0.5,False,False
0.5,0.0,,985,10,ENSG00000116819,0.5,False,False
0.0,153.2149614289774,,909,10,ENSG00000116824,0.0,True,True
0.2770828593375573,1.180583011482668,,1567,10,ENSG00000116857,0.5,False,False
0.5,0.0,,1479,10,ENSG00000116863,0.5,False,False
0.2322388468938092,1.533683487614326,,2685,10,ENSG00000116874,0.5,False,False
0.5,0.0,,359,10,ENSG00000116898,0.5,False,False
0.5,0.0,,725,10,ENSG00000116903,0.5,False,False
0.5,0.0,,681,10,ENSG00000116954,0.5,False,False
0.5,0.0,,5112,10,ENSG00000116962,0.5,False,False
0.4952982624670813,0.01889593375017284,,851,10,ENSG00000116981,0.5,False,False
0.0,148.653083096382,,688,10,ENSG00000116983,0.0,True,True
3.508487594294785e-05,19.12918644931779,,1461,10,ENSG00000116996,0.00012691794395652554,True,True
0.5,0.0,,2262,10,ENSG00000117000,0.5,False,False
0.5,0.0,,1212,10,ENSG00000117010,0.5,False,False
0.5,0.0,,1326,10,ENSG00000117016,0.5,False,False
0.4319091538864875,0.2927856484275253,,1057,10,ENSG00000117036,0.5,False,False
0.273672573166829,1.205351390002761,,7213,10,ENSG00000117054,0.5,False,False
2.660915932040098e-10,42.70806666235148,,1672,10,ENSG00000117069,1.3644737985533452e-09,True,True
0.5,0.0,,1309,10,ENSG00000117090,0.5,False,False
0.5,-0.001828106382163242,,1504,10,ENSG00000117091,0.5,False,False
0.5,0.0,,2967,10,ENSG00000117115,0.5,False,False
0.0,111.826028171794,,892,10,ENSG00000117118,0.0,True,True
0.5,-0.008694970385477063,,371,10,ENSG00000117122,0.5,False,False
0.4910236172934801,0.03623174277890939,,4672,10,ENSG00000117143,0.5,False,False
0.0,97.43915881294743,,745,10,ENSG00000117148,0.0,True,True
0.3676137829327155,0.6151504284971452,,1215,10,ENSG00000117151,0.5,False,False
0.5,0.0,,1651,10,ENSG00000117154,0.5,False,False
4.03906352808292e-11,46.47855126926879,,3087,10,ENSG00000117155,2.2248396443725853e-10,True,True
0.5,0.0,,2933,10,ENSG00000117174,0.5,False,False
0.5,-0.005448359286674531,,354,10,ENSG00000117215,0.5,False,False
1.587874276509638e-09,39.13544493465452,,2581,10,ENSG00000117222,7.608946677609768e-09,True,True
1.731947918415244e-13,57.38231460905081,,4559,10,ENSG00000117245,1.1202482374769082e-12,True,True
0.0009321642276368114,12.56970873676619,,2683,10,ENSG00000117308,0.003064497599646728,True,True
0.3689488959364308,0.6078999147030117,,508,10,ENSG00000117318,0.5,False,False
0.5,-0.006943166172277415,,1144,10,ENSG00000117362,0.5,False,False
0.5,0.0,,4031,10,ENSG00000117385,0.5,False,False
0.4993775725326045,0.00249126082053408,,970,10,ENSG00000117395,0.5,False,False
0.5,0.0,,1305,10,ENSG00000117399,0.5,False,False
0.5,0.0,,5021,10,ENSG00000117408,0.5,False,False
1.354472090042691e-14,62.4792644942936,,1479,10,ENSG00000117448,9.422579266954329e-14,True,True
0.5,0.0,,1084,10,ENSG00000117450,0.5,False,False
0.5,0.0,,924,10,ENSG00000117472,0.5,False,False
0.5,-0.001336519555479754,,2339,10,ENSG00000117477,0.5,False,False
1.323990916901607e-11,48.70927569620471,,1968,10,ENSG00000117479,7.552214243886001e-11,True,True
0.0,76.97506844618329,,1009,10,ENSG00000117500,0.0,True,True
0.5,0.0,,1095,10,ENSG00000117525,0.5,False,False
2.385884168010222e-08,33.71592757472536,,4783,10,ENSG00000117528,1.0652951392893037e-07,True,True
0.5,-0.0005947828212811146,,414,10,ENSG00000117533,0.5,False,False
2.967686002497416e-08,33.27950207544018,,1376,10,ENSG00000117543,1.314449704044715e-07,True,True
0.4488540374425513,0.2158206943440746,,691,10,ENSG00000117560,0.5,False,False
7.710498906021712e-13,54.39577658634516,,6441,10,ENSG00000117569,4.7820475758793015e-12,True,True
0.5,0.0,,527,10,ENSG00000117586,0.5,False,False
0.5,-0.0001111930459956056,,440,10,ENSG00000117592,0.5,False,False
0.5,0.0,,1082,10,ENSG00000117594,0.5,False,False
5.551115123125783e-17,73.21618384595422,,1684,10,ENSG00000117598,4.453426874585104e-16,True,True
0.4774775747147009,0.09218180710013257,,2541,10,ENSG00000117600,0.5,False,False
0.1959605363795008,1.873389608772413,,761,10,ENSG00000117614,0.47586782748742723,False,False
9.037887105378672e-11,44.8677269030959,,3605,10,ENSG00000117625,4.854692274530617e-10,True,True
0.5,0.0,,3307,10,ENSG00000117640,0.5,False,False
1.852369503341222e-06,25.01179549057997,,2628,10,ENSG00000117643,7.318257275313136e-06,True,True
0.5,0.0,,1485,10,ENSG00000117650,0.5,False,False
0.5,-0.007386554923868971,,1575,10,ENSG00000117697,0.5,False,False
0.0,192.9445446032405,,4019,10,ENSG00000117707,0.0,True,True
0.5,0.0,,1244,10,ENSG00000117748,0.5,False,False
0.5,0.0,,568,10,ENSG00000117862,0.5,False,False
1.173039443358448e-11,48.95138226816198,,9445,10,ENSG00000117868,6.729755699267497e-11,True,True
0.3289065077440932,0.8376691180092166,,2887,10,ENSG00000118094,0.5,False,False
0.0,174.6249421556622,,1311,10,ENSG00000118137,0.0,True,True
0.0,93.69513003472821,,4432,10,ENSG00000118193,0.0,True,True
0.0,117.7340841290643,,4534,10,ENSG00000118194,0.0,True,True
0.3446165523251471,0.7443514840269927,,4782,10,ENSG00000118197,0.5,False,False
5.777261100070596e-07,27.34203751640598,,2280,10,ENSG00000118246,2.3651108404733453e-06,True,True
5.67323965583455e-14,59.61478212847942,,2308,10,ENSG00000118260,3.74750252963095e-13,True,True
0.003229971708158863,10.0842694407238,,494,10,ENSG00000118292,0.010161846474625038,True,True
2.68929384317218e-08,33.47650983140556,,1741,10,ENSG00000118298,1.195401928144631e-07,True,True
0.2559590444691258,1.339181298468247,,1231,10,ENSG00000118402,0.5,False,False
0.5,0.0,,4660,10,ENSG00000118407,0.5,False,False
0.1849306178558333,1.989254764434008,,488,10,ENSG00000118434,0.4529366819982877,False,False
0.1088945712466695,3.048455840700626,,1609,10,ENSG00000118454,0.28703847237993324,False,False
0.5,0.0,,687,10,ENSG00000118491,0.5,False,False
0.5,0.0,,2684,10,ENSG00000118496,0.5,False,False
0.0007070560261790981,13.12250693950045,,3689,10,ENSG00000118507,0.0023445977828098893,True,True
0.5,0.0,,1886,10,ENSG00000118922,0.5,False,False
0.3398144895173693,0.7724164975165877,,350,10,ENSG00000118972,0.5,False,False
0.5,-0.003493086795970157,,656,10,ENSG00000119013,0.5,False,False
0.0,124.4705808958934,,802,10,ENSG00000119048,0.0,True,True
0.0,104.5497172384348,,3567,10,ENSG00000119125,0.0,True,True
0.3447644085498352,0.7434935768010291,,310,10,ENSG00000119138,0.5,False,False
0.5,0.0,,2844,10,ENSG00000119203,0.5,False,False
0.5,0.0,,9388,10,ENSG00000119285,0.5,False,False
0.4252993956760243,0.3236294341804751,,1566,10,ENSG00000119333,0.5,False,False
0.5,-0.005918194525293075,,3514,10,ENSG00000119402,0.5,False,False
0.5,0.0,,3781,10,ENSG00000119403,0.5,False,False
0.5,0.0,,914,10,ENSG00000119411,0.5,False,False
2.358697283599831e-07,29.13367800449851,,1285,10,ENSG00000119414,9.850680343094508e-07,True,True
0.5,-0.0001536170275358018,,1347,10,ENSG00000119421,0.5,False,False
0.5,0.0,,252,10,ENSG00000119446,0.5,False,False
0.5,-0.005942288280493813,,1604,10,ENSG00000119457,0.5,False,False
0.5,-0.00109691026591463,,4053,10,ENSG00000119471,0.5,False,False
0.02974797932478623,5.643693781290494,,3000,10,ENSG00000119508,0.08518505996631359,False,True
0.4277010792930553,0.3123671194043709,,4122,10,ENSG00000119509,0.5,False,False
0.5,0.0,,1154,10,ENSG00000119523,0.5,False,False
0.4998817686410889,0.0004729813590529375,,3130,10,ENSG00000119599,0.5,False,False
0.5,0.0,,1054,10,ENSG00000119608,0.5,False,False
0.2166508877718598,1.6726417049058,,613,10,ENSG00000119614,0.5,False,False
5.551115123125783e-17,73.12549158141337,,862,10,ENSG00000119630,4.453426874585104e-16,True,True
0.456941584804994,0.1801050777539785,,1944,10,ENSG00000119636,0.5,False,False
0.5,0.0,,1188,10,ENSG00000119650,0.5,False,False
0.0008065489319346586,12.85919761954574,,10385,10,ENSG00000119681,0.0026656308222212572,True,True
0.5,0.0,,4254,10,ENSG00000119686,0.5,False,False
7.094630438686522e-11,45.35190089737625,,1291,10,ENSG00000119699,3.8357273697855175e-10,True,True
1.810140926039594e-11,48.08376877936826,,904,10,ENSG00000119705,1.0219796783338185e-10,True,True
0.269531992181759,1.235842011359637,,2961,10,ENSG00000119707,0.5,False,False
0.5,0.0,,1944,10,ENSG00000119711,0.5,False,False
1.359207972617682e-06,25.63092244087602,,3059,8,ENSG00000119715,5.443398112560668e-06,True,True
0.0003230564716532602,14.68907246935123,,1271,10,ENSG00000119718,0.0011003242601680752,True,True
0.5,0.0,,2000,10,ENSG00000119760,0.5,False,False
1.681987882307112e-14,62.04937137561501,,7573,10,ENSG00000119772,1.1571518294046438e-13,True,True
1.551141321498584e-07,29.9719149479497,,6830,10,ENSG00000119778,6.560694671032275e-07,True,True
0.00162344679256482,11.4601131194795,,7291,10,ENSG00000119787,0.005223172280865081,True,True
0.0001448758640338887,16.29297222363675,,701,10,ENSG00000119801,0.0005046306356474527,True,True
0.5,0.0,,1030,10,ENSG00000119862,0.5,False,False
0.5,0.0,,684,10,ENSG00000119865,0.5,False,False
0.4656983325200634,0.1421400580493355,,930,10,ENSG00000132423,0.5,False,False
0.2929677823101909,1.069090906799829,,5322,10,ENSG00000132424,0.5,False,False
0.0,110.2705730787802,,506,10,ENSG00000132429,0.0,True,True
1.031738773332735e-05,21.57706555211871,,262,10,ENSG00000132432,3.858547863576709e-05,True,True
0.5,-0.009499650725047104,,7143,10,ENSG00000132464,0.5,False,False
0.5,0.0,,1467,10,ENSG00000132485,0.5,False,False
0.0003258404516202629,14.67191105619713,,443,10,ENSG00000132541,0.0011078129913596635,True,True
0.0,125.8582670118412,,621,10,ENSG00000132570,0.0,True,True
0.0,102.992224502188,,1940,9,ENSG00000132591,0.0,True,True
0.0,196.0298368449148,,5686,10,ENSG00000132676,0.0,True,True
0.1953929632430879,1.879190742885839,,3425,10,ENSG00000132680,0.47501691064082074,False,False
0.2834893793234385,1.134866877240711,,3719,10,ENSG00000132688,0.5,False,False
0.5,0.0,,564,10,ENSG00000132698,0.5,False,False
0.5,0.0,,247,10,ENSG00000132703,0.5,False,False
0.006781263272208071,8.600889381086745,,4392,10,ENSG00000132704,0.020756925240592583,True,True
1.556062501073541e-10,43.78109057677648,,1024,10,ENSG00000132718,8.198998813919272e-10,True,True
0.3479310260928025,0.7252076783042867,,5973,10,ENSG00000132740,0.5,False,False
0.5,0.0,,617,10,ENSG00000132744,0.5,False,False
0.5,0.0,,515,10,ENSG00000132763,0.5,False,False
0.0,116.7038348113128,,1936,10,ENSG00000132768,0.0,True,True
0.5,0.0,,1742,10,ENSG00000132773,0.5,False,False
0.0,317.5149156967964,,11090,10,ENSG00000132781,0.0,True,True
0.0,193.3829133337349,,4631,10,ENSG00000132837,0.0,True,True
0.5,0.0,,1802,10,ENSG00000132849,0.5,False,False
0.5,0.0,,4459,10,ENSG00000132854,0.5,False,False
0.5,-0.001000399879558245,,1070,10,ENSG00000132855,0.5,False,False
0.3511027832133899,0.7070581762654911,,715,10,ENSG00000132881,0.5,False,False
0.1640417759881202,2.228973942590528,,776,10,ENSG00000132911,0.4096103382353965,False,False
0.06872618371352879,3.968955680556974,,2407,10,ENSG00000132912,0.18824010891579968,False,False
0.5,0.0,,4359,10,ENSG00000132915,0.5,False,False
0.5,0.0,,10339,10,ENSG00000132932,0.5,False,False
0.5,-0.005030582171457354,,5864,10,ENSG00000132938,0.5,False,False
0.5,0.0,,1745,10,ENSG00000132950,0.5,False,False
0.3500210007735328,0.7132298870128579,,3604,10,ENSG00000132952,0.5,False,False
8.471001677889944e-14,58.8128082946987,,1013,10,ENSG00000132963,5.566018803939839e-13,True,True
3.189232211653348e-11,46.95101565469304,,1233,10,ENSG00000132964,1.7724291643311454e-10,True,True
0.5,0.0,,558,10,ENSG00000132965,0.5,False,False
0.5,0.0,,668,10,ENSG00000132975,0.5,False,False
0.5,0.0,,1008,10,ENSG00000133055,0.5,False,False
0.0,140.5843381228333,,7838,10,ENSG00000133056,0.0,True,True
0.3723811311536201,0.5893804450170137,,2089,10,ENSG00000133065,0.5,False,False
0.5,0.0,,5118,10,ENSG00000133069,0.5,False,False
2.068261084064993e-06,24.7913103584433,,5574,10,ENSG00000133083,8.151767537352833e-06,True,True
0.0,131.7142419488264,,1977,10,ENSG00000133101,0.0,True,True
7.252107303568067e-09,36.09765313409298,,5527,10,ENSG00000133104,3.3215452788165344e-08,True,True
0.5,0.0,,2946,10,ENSG00000133105,0.5,False,False
0.5,0.0,,602,10,ENSG00000133111,0.5,False,False
0.1053521742116565,3.114598640411714,,1405,10,ENSG00000133116,0.2781431605779084,False,False
0.5,0.0,,825,10,ENSG00000133119,0.5,False,False
0.5,0.0,,8604,10,ENSG00000133121,0.5,False,False
0.5,-0.005294643808156252,,3449,10,ENSG00000133302,0.5,False,False
0.0,119.7756286738004,,1787,10,ENSG00000133317,0.0,True,True
0.5,0.0,,5717,10,ENSG00000133318,0.5,False,False
0.2463186204463426,1.415964390848785,,509,10,ENSG00000133321,0.5,False,False
0.5,-3.806115273619071e-05,,1205,10,ENSG00000133328,0.5,False,False
0.3381668010243934,0.7821376609749677,,299,10,ENSG00000133398,0.5,False,False
0.5,0.0,,946,10,ENSG00000133574,0.5,False,False
0.0,141.6603731286668,,2825,10,ENSG00000133606,0.0,True,True
0.2893902223088244,1.093664141672889,,425,10,ENSG00000133636,0.5,False,False
0.5,-4.60455339634791e-06,,441,10,ENSG00000133639,0.5,False,False
0.0,129.2598810085619,,1054,10,ENSG00000133641,0.0,True,True
0.0,130.652504038937,,850,10,ENSG00000133678,0.0,True,True
0.0,152.3520017103583,,4576,10,ENSG00000133704,0.0,True,True
0.5,0.0,,2211,10,ENSG00000133731,0.5,False,False
0.5,-0.009647931387007702,,3575,10,ENSG00000133739,0.5,False,False
0.0008083334933814412,12.8547773295104,,494,10,ENSG00000133773,0.0026697548446741625,True,True
3.275157922644212e-15,65.33365926265105,,884,10,ENSG00000133800,2.350741054434677e-14,True,True
0.04801653309895937,4.686125414620619,,5895,10,ENSG00000133805,0.13425195932221692,False,True
0.4958409099729027,0.01670593833841849,,9019,10,ENSG00000133858,0.5,False,False
0.5,-0.0002553752647145302,,303,10,ENSG00000133874,0.5,False,False
0.0,94.40730789737427,,10386,10,ENSG00000133895,0.0,True,True
0.3439673836863856,0.7481225207711759,,224,10,ENSG00000133935,0.5,False,False
0.4984153550420952,0.006348645502839645,,536,10,ENSG00000133937,0.5,False,False
2.775557561562891e-16,70.11952000152087,,9135,10,ENSG00000133961,2.1370933918287645e-15,True,True
0.5,0.0,,295,10,ENSG00000133985,0.5,False,False
0.5,-0.0002103643273585476,,2030,10,ENSG00000134007,0.5,False,False
0.3665220038352294,0.6210990822582971,,4148,10,ENSG00000134013,0.5,False,False
0.1400539681885506,2.545160525798565,,956,10,ENSG00000134028,0.3598287385174848,False,False
1.980637875931279e-13,57.11400413434603,,2183,10,ENSG00000134057,1.272828526470566e-12,True,True
0.5,0.0,,2041,10,ENSG00000134061,0.5,False,False
0.4511077246081825,0.2058038604227477,,1403,10,ENSG00000134070,0.5,False,False
1.813566519182075e-10,43.47481674586561,,1076,10,ENSG00000134086,9.495452490959621e-10,True,True
0.5,0.0,,1407,10,ENSG00000134107,0.5,False,False
6.268321972591195e-10,40.99439014199015,,2443,10,ENSG00000134109,3.111640069028803e-09,True,True
6.315281630975278e-11,45.58463286158803,,3571,10,ENSG00000134115,3.42180945887484e-10,True,True
0.0,80.81152031946294,,776,10,ENSG00000134193,0.0,True,True
5.551115123125783e-17,73.32086394699945,,998,10,ENSG00000134198,4.453426874585104e-16,True,True
0.0,100.9838073377487,,915,10,ENSG00000134202,0.0,True,True
0.2358982055946984,1.502415437229502,,2739,10,ENSG00000134222,0.5,False,False
0.0,103.5388456439323,,2640,10,ENSG00000134240,0.0,True,True
0.5,0.0,,1691,10,ENSG00000134245,0.5,False,False
0.5,0.0,,665,10,ENSG00000134248,0.5,False,False
0.03530631407366897,5.301092563175189,,2544,10,ENSG00000134253,0.1004654497725569,False,True
0.0,275.0692631632592,,2661,10,ENSG00000134255,0.0,True,True
3.194277601958895e-05,19.31683464974049,,3542,10,ENSG00000134256,0.00011605797510696524,True,True
1.295230589448693e-11,48.75320161835407,,2161,10,ENSG00000134258,7.396644032052581e-11,True,True
0.006242485741892845,8.766459278685943,,1767,10,ENSG00000134259,0.019154919235148064,True,True
0.0,689.6751090564358,,6514,10,ENSG00000134262,0.0,True,True
3.340051537570332e-07,28.43792446627049,,1634,10,ENSG00000134294,1.3821477826850942e-06,True,True
2.100208895683409e-12,52.3916800470106,,1720,10,ENSG00000134321,1.2693121563948088e-11,True,True
0.5,-0.009174314280244289,,1497,10,ENSG00000134323,0.5,False,False
0.08046721036416682,3.65351664274931,,6401,10,ENSG00000134343,0.21728767880095862,False,False
2.021897649306936e-10,43.2573344241755,,2391,10,ENSG00000134371,1.0519789652356379e-09,True,True
0.5,-1.091393642127514e-11,,350,10,ENSG00000134375,0.5,False,False
0.3194953404340997,0.8957308172248304,,12243,10,ENSG00000134376,0.5,False,False
0.5,0.0,,10927,10,ENSG00000134452,0.5,False,False
0.4581532768955364,0.1748086091611185,,1491,10,ENSG00000134460,0.5,False,False
3.744054661614094e-05,18.99921825232741,,1651,10,ENSG00000134461,0.00013494875280339495,True,True
2.664535259100376e-15,65.71463562536519,,12479,9,ENSG00000134516,1.929170069689268e-14,True,True
0.5,0.0,,964,10,ENSG00000134533,0.5,False,False
5.551115123125783e-17,73.12449634003588,,312,10,ENSG00000134548,4.453426874585104e-16,True,True
0.3485990367909221,0.7213714567915304,,3819,10,ENSG00000134571,0.5,False,False
5.015959292364869e-08,32.22981775039807,,6271,10,ENSG00000134686,2.1866241472587954e-07,True,True
0.0004647910202895122,13.96155098324016,,1410,10,ENSG00000134690,0.001561019942552352,True,True
0.5,0.0,,2395,10,ENSG00000134716,0.5,False,False
0.5,0.0,,605,10,ENSG00000134717,0.5,False,False
0.3157465529811775,0.9193365082901437,,5642,10,ENSG00000134780,0.5,False,False
0.4735135038803976,0.1088553338340716,,4812,10,ENSG00000134802,0.5,False,False
5.46067464017308e-05,18.24441188373339,,263,10,ENSG00000134809,0.0001942875226052997,True,True
3.983378253985537e-05,18.87529603533176,,374,10,ENSG00000134825,0.00014305648689764665,True,True
0.2364240419417999,1.49796223548401,,1346,10,ENSG00000134827,0.5,False,False
1.32605593172741e-11,48.7061632495388,,995,10,ENSG00000134851,7.555328985580912e-11,True,True
3.586231186680777e-06,23.69052307023958,,6384,10,ENSG00000134874,1.3827840250038901e-05,True,True
0.5,0.0,,1600,10,ENSG00000134882,0.5,False,False
0.3445057133327887,0.7449948473245058,,455,10,ENSG00000134884,0.5,False,False
0.0,292.7205950880161,,6634,10,ENSG00000134897,0.0,True,True
0.0,261.630270071415,,5459,10,ENSG00000134899,0.0,True,True
3.281458668513704e-06,23.86815067582938,,9241,10,ENSG00000134900,1.2721726747612757e-05,True,True
0.5,0.0,,2243,10,ENSG00000134901,0.5,False,False
0.0,104.7995376213839,,1972,10,ENSG00000134905,0.0,True,True
0.5,0.0,,2296,10,ENSG00000134917,0.5,False,False
0.3844823222848909,0.5254205727396766,,924,10,ENSG00000134940,0.5,False,False
0.5,0.0,,2285,10,ENSG00000134955,0.5,False,False
0.5,0.0,,1465,10,ENSG00000134962,0.5,False,False
0.5,-0.003821512080321554,,1407,10,ENSG00000134986,0.5,False,False
0.5,-0.003672202430607285,,2670,10,ENSG00000134987,0.5,False,False
0.4999999999995453,1.818989403545856e-12,,689,10,ENSG00000134996,0.5,False,False
0.001409857241659984,11.74223929251912,,286,10,ENSG00000135002,0.004562543864682343,True,True
0.3702016395736004,0.6011205387767404,,4913,10,ENSG00000135040,0.5,False,False
0.2902953180916016,1.087418710623751,,6714,10,ENSG00000135047,0.5,False,False
0.5,0.0,,2342,10,ENSG00000135063,0.5,False,False
0.0001298814893000988,16.51148192709661,,561,10,ENSG00000135070,0.00045399193800329683,True,True
1.809978951161639e-07,29.66326650886549,,3249,10,ENSG00000135083,7.59732936968607e-07,True,True
0.01307878726253542,7.287232947350276,,1976,10,ENSG00000135093,0.03900113180087002,True,True
0.0,113.3219100474453,,5261,10,ENSG00000135100,0.0,True,True
0.01315063396407679,7.276276261633029,,1913,10,ENSG00000135111,0.039191883365678824,True,True
0.4956772222448466,0.0173662902743672,,2846,10,ENSG00000135114,0.5,False,False
0.0,229.85573093118,,2673,10,ENSG00000135119,0.0,True,True
0.2250862358419031,1.596248998350347,,1655,10,ENSG00000135144,0.5,False,False
0.5,0.0,,2784,10,ENSG00000135148,0.5,False,False
0.5,0.0,,439,10,ENSG00000135185,0.5,False,False
0.5,0.0,,133,10,ENSG00000135211,0.5,False,False
0.003968482070649038,9.672448853703827,,282,10,ENSG00000135222,0.012367938483338541,True,True
0.5,0.0,,391,10,ENSG00000135312,0.5,False,False
0.0,388.5146365837863,,11011,10,ENSG00000135316,0.0,True,True
0.5,0.0,,6931,10,ENSG00000135333,0.5,False,False
3.388088003025702e-05,19.19902506618018,,661,10,ENSG00000135334,0.00012283053736916795,True,True
8.657590200300547e-10,40.34853472585019,,2336,10,ENSG00000135338,4.2321398641633605e-09,True,True
0.5,-0.0003993724822066724,,6098,10,ENSG00000135341,0.5,False,False
0.5,0.0,,1088,10,ENSG00000135355,0.5,False,False
0.0,128.0638395109982,,1124,10,ENSG00000135363,0.0,True,True
0.0,174.2515594449651,,6451,10,ENSG00000135365,0.0,True,True
0.4472700027897313,0.2228913061408093,,1439,10,ENSG00000135374,0.5,False,False
7.015008185451421e-09,36.16413354942779,,1800,10,ENSG00000135407,3.215912508242891e-08,True,True
1.388716020789271e-06,25.58796756653192,,409,10,ENSG00000135413,5.55263142074424e-06,True,True
5.158719007525292e-10,41.3840310035157,,1086,10,ENSG00000135452,2.584035079902397e-09,True,True
1.905635649279702e-10,43.37577619971853,,3675,10,ENSG00000135457,9.946098341571078e-10,True,True
3.87758603004329e-10,41.95498177365516,,1333,10,ENSG00000135480,1.9761386181798493e-09,True,True
0.5,0.0,,406,10,ENSG00000135517,0.5,False,False
2.577382751667301e-13,56.587548876254,,2878,10,ENSG00000135519,1.6393736325822448e-12,True,True
0.003889244826039084,9.712786183627031,,1789,10,ENSG00000135521,0.012151447088390957,True,True
2.681050642111549e-05,19.66713907224766,,7634,10,ENSG00000135525,9.769630691474612e-05,True,True
7.216449660063518e-16,68.29477730003418,,1295,10,ENSG00000135535,5.405816356800593e-15,True,True
0.5,-4.172461012785789e-05,,787,10,ENSG00000135547,0.5,False,False
1.777509479050643e-06,25.09430032393539,,786,10,ENSG00000135549,7.044886174340955e-06,True,True
0.3868138605544182,0.5133290031299111,,525,10,ENSG00000135569,0.5,False,False
0.5,0.0,,836,10,ENSG00000135577,0.5,False,False
0.0005964795595488903,13.46263680763332,,1223,10,ENSG00000135604,0.0019885317219813545,True,True
0.0,102.4255886207393,,5225,10,ENSG00000135605,0.0,True,True
0.3460012559328771,0.7363313869682315,,591,10,ENSG00000135617,0.5,False,False
0.5,-0.003790265327552333,,4506,10,ENSG00000135624,0.5,False,False
1.149343633599642e-07,30.5715148886793,,1107,10,ENSG00000135625,4.886183960277452e-07,True,True
0.5,0.0,,7173,10,ENSG00000135631,0.5,False,False
0.0,116.8985811339226,,3247,10,ENSG00000135677,0.0,True,True
0.3192108463951972,0.8975125069191563,,2103,10,ENSG00000135678,0.5,False,False
0.0,82.54372406738548,,4273,10,ENSG00000135744,0.0,True,True
0.5,0.0,,749,10,ENSG00000135750,0.5,False,False
0.3371628826805003,0.7880839068311616,,4184,10,ENSG00000135773,0.5,False,False
1.054561993285574e-11,49.16432168203755,,3413,10,ENSG00000135775,6.071054808567646e-11,True,True
0.5,0.0,,2677,10,ENSG00000135776,0.5,False,False
0.5,-0.005016914126827032,,647,10,ENSG00000135778,0.5,False,False
0.1106911132408244,3.015729079215816,,2574,10,ENSG00000135801,0.2913108980210902,False,False
0.5,0.0,,1043,10,ENSG00000135823,0.5,False,False
6.661338147750939e-16,68.54976109374547,,1362,10,ENSG00000135824,5.00505981071196e-15,True,True
0.5,0.0,,2173,10,ENSG00000135828,0.5,False,False
0.5,-0.001928542304085568,,3603,10,ENSG00000135829,0.5,False,False
3.33066907387547e-16,69.79055029201118,,2356,10,ENSG00000135838,2.5565969094840415e-15,True,True
0.5,0.0,,594,10,ENSG00000135845,0.5,False,False
0.5,-0.004151394910877571,,4569,10,ENSG00000135870,0.5,False,False
0.497239588073458,0.01107223984945449,,673,10,ENSG00000135900,0.5,False,False
0.5,0.0,,1711,10,ENSG00000135902,0.5,False,False
0.01934791615403364,6.504046754191222,,3562,10,ENSG00000135903,0.05657644617881441,False,True
0.5,0.0,,7294,10,ENSG00000135913,0.5,False,False
0.5,0.0,,1147,10,ENSG00000135914,0.5,False,False
0.5,0.0,,2311,10,ENSG00000135916,0.5,False,False
0.5,-0.001313139426201815,,668,10,ENSG00000135925,0.5,False,False
0.4526111369877432,0.1991495176607714,,991,10,ENSG00000135932,0.5,False,False
0.2410803197713283,1.458955886681451,,182,10,ENSG00000135940,0.5,False,False
0.06536225760831621,4.069326214776083,,2171,10,ENSG00000135953,0.17993050095298585,False,False
0.5,0.0,,622,10,ENSG00000135956,0.5,False,False
0.005313831070115016,9.088590082465089,,2625,10,ENSG00000135960,0.016376081625001294,True,True
0.487647924949077,0.05002883643464884,,3357,10,ENSG00000135966,0.5,False,False
0.4888482148430124,0.04511211244789592,,894,10,ENSG00000135974,0.5,False,False
0.5,0.0,,12316,10,ENSG00000136011,0.5,False,False
0.0,131.5461677683343,,3021,10,ENSG00000136044,0.0,True,True
0.0006315933467144208,13.34823525829597,,751,10,ENSG00000136048,0.002101368098031792,True,True
0.5,0.0,,3417,10,ENSG00000136099,0.5,False,False
0.0001657034602353669,16.02432714142196,,3526,10,ENSG00000136122,0.0005735622903345267,True,True
6.41966048098297e-08,31.73633666389651,,3693,10,ENSG00000136143,2.7766427158616776e-07,True,True
0.5,0.0,,1080,10,ENSG00000136144,0.5,False,False
0.5,0.0,,2255,10,ENSG00000136147,0.5,False,False
0.1691188932458387,2.16801224082883,,6941,10,ENSG00000136155,0.4199687344007997,False,False
0.5,0.0,,1575,10,ENSG00000136158,0.5,False,False
0.5,-0.0007575783047286677,,171,10,ENSG00000136159,0.5,False,False
0.00431883613058115,9.503244293468015,,3468,10,ENSG00000136160,0.013401054843113313,True,True
0.4645364372400063,0.1471361984731629,,4916,10,ENSG00000136161,0.5,False,False
0.5,0.0,,4504,10,ENSG00000136169,0.5,False,False
0.5,0.0,,3304,10,ENSG00000136193,0.5,False,False
0.0,94.15036695293384,,1787,10,ENSG00000136197,0.0,True,True
0.5,-2.817617496475577e-05,,2364,10,ENSG00000136231,0.5,False,False
0.0,81.45807125325518,,2758,10,ENSG00000136235,0.0,True,True
0.5,0.0,,811,10,ENSG00000136240,0.5,False,False
4.305391509973333e-08,32.5353309733764,,4880,10,ENSG00000136267,1.88512476853938e-07,True,True
3.320064464296113e-06,23.84475835550984,,5400,10,ENSG00000136270,1.2851362369967989e-05,True,True
0.5,0.0,,7135,10,ENSG00000136274,0.5,False,False
0.3518793150116903,0.7026396733417641,,4159,10,ENSG00000136286,0.5,False,False
0.1038229988791267,3.143841165743652,,1422,10,ENSG00000136297,0.2745431134634643,False,False
0.3217729383768957,0.8815239238233517,,304,10,ENSG00000136327,0.5,False,False
0.0,163.4510165812026,,1730,10,ENSG00000136352,0.0,True,True
0.5,0.0,,297,10,ENSG00000136514,0.5,False,False
0.5,0.0,,1420,10,ENSG00000136518,0.5,False,False
0.3634131804552147,0.6381353465421853,,751,10,ENSG00000136522,0.5,False,False
0.5,0.0,,2881,10,ENSG00000136542,0.5,False,False
0.4498344239284442,0.2114570603735046,,2785,10,ENSG00000136573,0.5,False,False
4.840572387365683e-14,59.93261709564285,,664,10,ENSG00000136634,3.214553678872752e-13,True,True
0.5,0.0,,1629,10,ENSG00000136689,0.5,False,False
1.679314399632981e-05,20.60278533959308,,320,10,ENSG00000136697,6.2011208788229e-05,True,True
7.771561172376096e-16,68.1968472697663,,1074,10,ENSG00000136698,5.795464058680465e-15,True,True
0.5,0.0,,1280,10,ENSG00000136720,0.5,False,False
0.456115662848759,0.1837233489350183,,2651,10,ENSG00000136750,0.5,False,False
0.01524307503782585,6.980965588867548,,6101,10,ENSG00000136754,0.04513039002270582,True,True
0.3766080560307478,0.566806181865104,,1532,10,ENSG00000136770,0.5,False,False
0.5,0.0,,2612,10,ENSG00000136802,0.5,False,False
0.0,114.1020838345867,,11727,10,ENSG00000136813,0.0,True,True
0.5,0.0,,1644,10,ENSG00000136827,0.5,False,False
0.2372491757975875,1.490994269726798,,3073,10,ENSG00000136830,0.5,False,False
7.216449660063518e-16,68.29758014414256,,3170,10,ENSG00000136856,5.405816356800593e-15,True,True
0.5,-0.003305584048575838,,880,10,ENSG00000136859,0.5,False,False
6.661338147750939e-16,68.43649408059355,,2394,10,ENSG00000136866,5.00505981071196e-15,True,True
0.5,0.0,,3051,10,ENSG00000136869,0.5,False,False
0.0004372911279107439,14.08352841515807,,1846,10,ENSG00000136870,0.0014706464301744693,True,True
0.2569027301730921,1.331821133873746,,2398,10,ENSG00000136872,0.5,False,False
0.49017990490849,0.03967124365226482,,1360,10,ENSG00000136875,0.5,False,False
0.0,74.87058981326481,,1863,10,ENSG00000136881,0.0,True,True
0.5,0.0,,350,10,ENSG00000136897,0.5,False,False
0.2423768357627654,1.448228821545854,,380,10,ENSG00000136908,0.5,False,False
0.1945120170094011,1.888228306161182,,1263,10,ENSG00000136918,0.47310649027127677,False,False
0.5,0.0,,973,10,ENSG00000136929,0.5,False,False
1.110223024625157e-16,72.2624593226501,,2447,10,ENSG00000136932,8.751583715507972e-16,True,True
0.4772652896433168,0.09307119871664327,,3314,10,ENSG00000136935,0.5,False,False
0.5,0.0,,855,10,ENSG00000136936,0.5,False,False
0.38134821064208,0.5417904039477435,,715,10,ENSG00000136938,0.5,False,False
0.0,193.6495691783584,,575,10,ENSG00000136942,0.0,True,True
3.894281017657875e-07,28.13087879864179,,2541,10,ENSG00000136943,1.6061487381285465e-06,True,True
0.5,0.0,,1381,10,ENSG00000136944,0.5,False,False
0.0,78.73662828815122,,314,10,ENSG00000136950,0.0,True,True
0.5,0.0,,1016,10,ENSG00000136982,0.5,False,False
0.2453758849494167,1.423633678519764,,1462,10,ENSG00000136986,0.5,False,False
0.2979635811433674,1.035273660556413,,4657,10,ENSG00000136997,0.5,False,False
0.2458948009544572,1.41940858459202,,1179,10,ENSG00000136999,0.5,False,False
0.5,0.0,,1772,10,ENSG00000137033,0.5,False,False
0.3018295332530908,1.00949139961449,,2744,10,ENSG00000137055,0.5,False,False
0.0,336.2796509889304,,5916,9,ENSG00000137070,0.0,True,True
0.0,117.227715576897,,5890,10,ENSG00000137074,0.0,True,True
0.0,277.660449151721,,4433,10,ENSG00000137075,0.0,True,True
0.5,0.0,,12457,10,ENSG00000137076,0.5,False,False
0.01547154839112025,6.951210697948227,,259,10,ENSG00000137077,0.045752367239852626,True,True
0.5,0.0,,345,10,ENSG00000137078,0.5,False,False
0.1147986798733576,2.942856227578886,,4240,10,ENSG00000137103,0.30095264074060113,False,False
0.4067382747429126,0.4128763588378206,,1232,10,ENSG00000137106,0.5,False,False
0.5,0.0,,2017,10,ENSG00000137124,0.5,False,False
0.5,-0.0001522388201919966,,223,10,ENSG00000137133,0.5,False,False
0.005182361280369863,9.13869460087517,,955,10,ENSG00000137135,0.01598082145601965,True,True
0.5,0.0,,1477,10,ENSG00000137161,0.5,False,False
0.5,0.0,,4400,10,ENSG00000137166,0.5,False,False
0.5,-4.544588136923267e-05,,419,10,ENSG00000137168,0.5,False,False
0.5,0.0,,1536,10,ENSG00000137193,0.5,False,False
0.5,0.0,,707,10,ENSG00000137198,0.5,False,False
5.391964652545767e-12,50.50593488194863,,7217,10,ENSG00000137200,3.1664264677405723e-11,True,True
1.004199051762855e-05,21.63117604823492,,4664,10,ENSG00000137203,3.764043770511259e-05,True,True
0.0,102.986444548962,,1548,10,ENSG00000137207,0.0,True,True
0.5,-0.004020546737592667,,7466,10,ENSG00000137216,0.5,False,False
2.224442852138964e-12,52.27671378097875,,2439,10,ENSG00000137251,1.3427644109877678e-11,True,True
0.4435404623056713,0.2396381335347542,,1562,10,ENSG00000137252,0.5,False,False
0.0,93.95753717394837,,5428,10,ENSG00000137261,0.0,True,True
0.5,0.0,,1964,10,ENSG00000137269,0.5,False,False
0.2522556671552116,1.36832994593351,,880,10,ENSG00000137270,0.5,False,False
0.5,-0.002436539553855255,,506,10,ENSG00000137273,0.5,False,False
0.09703753376267488,3.279020497080637,,5055,10,ENSG00000137275,0.25769604534732776,False,False
7.483458297485868e-12,49.85036098783894,,986,10,ENSG00000137309,4.3586325025403634e-11,True,True
0.000498406458201317,13.8218949043985,,3468,10,ENSG00000137310,0.0016716613102450107,True,True
0.5,0.0,,3294,10,ENSG00000137338,0.5,False,False
0.5,0.0,,499,10,ENSG00000137364,0.5,False,False
0.5,0.0,,288,10,ENSG00000137392,0.5,False,False
0.2631780776269381,1.283554388168341,,1005,10,ENSG00000137393,0.5,False,False
0.0,88.4999858023948,,5613,10,ENSG00000137411,0.0,True,True
0.3772187974346337,0.5635654295110726,,2042,10,ENSG00000137414,0.5,False,False
7.721455697051738e-10,40.5774017480453,,665,10,ENSG00000137434,3.787625309382184e-09,True,True
0.498992390429402,0.004034504854644183,,2685,10,ENSG00000137460,0.5,False,False
0.5,0.0,,2761,10,ENSG00000137473,0.5,False,False
0.0,93.48000772629894,,3577,10,ENSG00000137494,0.0,True,True
0.3033482089984416,0.9994534961879253,,2627,10,ENSG00000137496,0.5,False,False
0.5,-0.00945766892255051,,2806,10,ENSG00000137507,0.5,False,False
0.5,-0.001254452752618818,,2351,10,ENSG00000137547,0.5,False,False
6.913447528900107e-07,26.9829600766443,,778,10,ENSG00000137558,2.8186465580941915e-06,True,True
0.5,-0.0001945173999047256,,315,10,ENSG00000137561,0.5,False,False
0.00947524278434414,7.931851448312955,,1263,10,ENSG00000137563,0.028650369367372492,True,True
0.4458003985601365,0.2294735668619978,,3678,10,ENSG00000137571,0.5,False,False
0.3750878315302376,0.5748957648902433,,1711,10,ENSG00000137574,0.5,False,False
4.519884466702706e-12,50.85878423316171,,9367,10,ENSG00000137628,2.6764173020689595e-11,True,True
0.5,0.0,,6289,10,ENSG00000137672,0.5,False,False
0.5,0.0,,387,10,ENSG00000137673,0.5,False,False
0.5,0.0,,776,10,ENSG00000137674,0.5,False,False
0.06804840041488275,3.988777750595546,,842,10,ENSG00000137675,0.18679511239714502,False,False
0.0,206.0063313739447,,1886,10,ENSG00000137700,0.0,True,True
0.5,0.0,,794,10,ENSG00000137720,0.5,False,False
0.5,0.0,,956,10,ENSG00000137726,0.5,False,False
0.0,281.0756921468565,,9350,10,ENSG00000137727,0.0,True,True
0.4974241609156185,0.0103299876282108,,1721,10,ENSG00000137745,0.5,False,False
1.087045435943512e-06,26.07779994158773,,3012,10,ENSG00000137760,4.388769479207004e-06,True,True
0.5,-0.00734472096155514,,1760,10,ENSG00000137767,0.5,False,False
0.5,-0.0004925428074784577,,5272,10,ENSG00000137801,0.5,False,False
0.5,-0.005718910731957294,,7957,10,ENSG00000137807,0.5,False,False
0.4999975842769493,9.662915545050055e-06,,1469,10,ENSG00000137814,0.5,False,False
0.5,0.0,,262,10,ENSG00000137818,0.5,False,False
5.076795877467788e-06,22.99536609528514,,1712,10,ENSG00000137819,1.936501740377667e-05,True,True
1.332267629550188e-15,67.08927044018492,,4340,10,ENSG00000137824,9.831897907095898e-15,True,True
0.5,-0.003917822734365473,,908,10,ENSG00000137825,0.5,False,False
0.1263137450291087,2.75167849283207,,1142,10,ENSG00000137834,0.3281325457466225,False,False
0.2123339493680333,1.712895660379218,,346,10,ENSG00000137880,0.5,False,False
0.5,0.0,,3478,10,ENSG00000137941,0.5,False,False
1.29915673313663e-06,25.72129598055835,,1670,10,ENSG00000137947,5.2155008802434204e-06,True,True
0.5,-0.002623761061840924,,1151,10,ENSG00000137960,0.5,False,False
3.313660457138212e-11,46.87447113553935,,4271,10,ENSG00000137962,1.8333867757291955e-10,True,True
0.5,0.0,,2784,10,ENSG00000137968,0.5,False,False
0.5,0.0,,892,10,ENSG00000137976,0.5,False,False
0.5,0.0,,2805,10,ENSG00000137992,0.5,False,False
0.3666730290596913,0.6202751529090165,,1249,10,ENSG00000137996,0.5,False,False
0.5,-0.003360355920449365,,3931,10,ENSG00000138032,0.5,False,False
0.5,-0.0005650103412335739,,2789,10,ENSG00000138039,0.5,False,False
2.761396983297359e-08,33.42359371617931,,1941,10,ENSG00000138050,1.2252621404925124e-07,True,True
0.4759666090459557,0.09852079142365255,,2203,10,ENSG00000138061,0.5,False,False
0.0,103.4736966578566,,2501,10,ENSG00000138071,0.0,True,True
1.543210004228968e-14,62.21481680187571,,3783,10,ENSG00000138074,1.0661009112548452e-13,True,True
0.3367579833579349,0.7904871526225179,,1482,10,ENSG00000138075,0.5,False,False
0.03513894370888609,5.310596151350182,,4562,10,ENSG00000138079,0.10004642587750395,False,True
0.001196427129538824,12.07053674996132,,4133,10,ENSG00000138081,0.0038972027127217486,True,True
0.06895002644458692,3.962452220650448,,1347,10,ENSG00000138092,0.1886454518896454,False,False
0.5,0.0,,1852,10,ENSG00000138100,0.5,False,False
0.5,0.0,,1875,10,ENSG00000138107,0.5,False,False
0.1471791070070283,2.445915676340519,,3437,10,ENSG00000138115,0.37406357200386353,False,False
0.3182842222646695,0.9033266681799432,,3350,10,ENSG00000138131,0.5,False,False
0.5,0.0,,6684,10,ENSG00000138134,0.5,False,False
0.3913000663456203,0.4902667992791976,,1939,10,ENSG00000138152,0.5,False,False
5.903944000351657e-12,50.32451538034366,,4269,10,ENSG00000138160,3.458918428474575e-11,True,True
5.551115123125783e-17,73.51788354560267,,2058,10,ENSG00000138161,4.453426874585104e-16,True,True
0.5,0.0,,834,10,ENSG00000138166,0.5,False,False
0.3076049191952266,0.9715837374078546,,976,10,ENSG00000138172,0.5,False,False
0.5,-0.0007189567677414743,,906,10,ENSG00000138175,0.5,False,False
0.199751323811265,1.835069772758288,,7900,10,ENSG00000138190,0.4825464228446975,False,False
0.5,0.0,,1597,10,ENSG00000138207,0.5,False,False
0.5,0.0,,1330,10,ENSG00000138271,0.5,False,False
0.5,-0.0001622878371563274,,409,10,ENSG00000138308,0.5,False,False
0.5,-0.004825308706131182,,1497,10,ENSG00000138311,0.5,False,False
0.5,0.0,,1835,10,ENSG00000138315,0.5,False,False
0.5,0.0,,4591,10,ENSG00000138316,0.5,False,False
0.5,-0.00513629314082209,,6543,10,ENSG00000138336,0.5,False,False
0.5,-0.004070571449119598,,6287,10,ENSG00000138376,0.5,False,False
0.5,0.0,,590,10,ENSG00000138379,0.5,False,False
0.5,0.0,,5193,10,ENSG00000138380,0.5,False,False
7.905580634570697e-10,40.53026969545317,,2251,10,ENSG00000138395,3.8741239484093245e-09,True,True
0.5,0.0,,6962,10,ENSG00000138399,0.5,False,False
0.0,112.0842035059613,,3601,10,ENSG00000138400,0.0,True,True
0.0,114.8237805536482,,3195,10,ENSG00000138435,0.0,True,True
0.5,0.0,,1119,10,ENSG00000138439,0.5,False,False
0.5,-0.006067610229365528,,923,10,ENSG00000138442,0.5,False,False
0.4707608008692497,0.1205159743694821,,1508,10,ENSG00000138463,0.5,False,False
3.299099882170253e-11,46.8832782682548,,619,10,ENSG00000138472,1.827363342306775e-10,True,True
0.5,0.0,,1615,10,ENSG00000138587,0.5,False,False
2.799329990033073e-09,38.00147711873797,,1890,10,ENSG00000138604,1.322304593582574e-08,True,True
0.4892168078562563,0.04360467471269658,,3153,10,ENSG00000138606,0.5,False,False
0.5,0.0,,3415,10,ENSG00000138615,0.5,False,False
0.44936795296341,0.2135321038513212,,1907,10,ENSG00000138622,0.5,False,False
0.4860070489195515,0.05676994135137647,,2260,10,ENSG00000138623,0.5,False,False
1.560367952624375e-07,29.96005361959396,,3731,10,ENSG00000138639,6.594112316358233e-07,True,True
0.4926654082018584,0.02955567995741148,,2505,10,ENSG00000138646,0.5,False,False
0.5,0.0,,4351,10,ENSG00000138650,0.5,False,False
0.5,0.0,,2124,10,ENSG00000138653,0.5,False,False
0.0,202.3174361217971,,3990,10,ENSG00000138668,0.0,True,True
0.001341590301982831,11.84150479133677,,3230,10,ENSG00000138669,0.004355789923017364,True,True
0.001030788077404921,12.36856893019285,,1219,10,ENSG00000138674,0.0033731183532974187,True,True
5.131717313255901e-06,22.97384603074079,,715,10,ENSG00000138675,1.954453439214001e-05,True,True
1.452219899888973e-09,39.31405057903612,,2054,10,ENSG00000138678,6.999362191906737e-09,True,True
0.5,0.0,,344,10,ENSG00000138684,0.5,False,False
0.5,0.0,,1047,10,ENSG00000138685,0.5,False,False
0.5,0.0,,4244,10,ENSG00000138686,0.5,False,False
6.506736982547778e-09,36.31456111535226,,4442,10,ENSG00000138696,2.9911746535298196e-08,True,True
0.03085179312083319,5.570826451919856,,6233,10,ENSG00000138698,0.08819357412817487,False,True
0.000176957297083058,15.8929098668159,,10517,10,ENSG00000138709,0.0006116647642050941,True,True
0.004378810572716441,9.475661939410202,,5328,10,ENSG00000138722,0.013578680666266569,True,True
3.966385595088884e-05,18.88384606780892,,5038,10,ENSG00000138741,0.00014254914703737073,True,True
0.5,-4.148591233388288e-05,,210,10,ENSG00000138755,0.5,False,False
0.5,0.0,,3855,10,ENSG00000138756,0.5,False,False
6.280168607375458e-10,40.99061385350069,,4063,10,ENSG00000138758,3.114412627426274e-09,True,True
0.0003019739823804102,14.82404502970167,,4845,10,ENSG00000138767,0.0010301910756928398,True,True
0.5,0.0,,2313,10,ENSG00000138769,0.5,False,False
0.5,0.0,,4114,10,ENSG00000138792,0.5,False,False
0.5,0.0,,12569,10,ENSG00000138798,0.5,False,False
0.2713118451906658,1.222678437618015,,2141,10,ENSG00000138801,0.5,False,False
0.5,0.0,,892,10,ENSG00000138813,0.5,False,False
0.0,205.2971008233726,,4569,10,ENSG00000138814,0.0,True,True
0.0,201.6173951872188,,5155,10,ENSG00000138821,0.0,True,True
0.0,95.14270882531127,,8159,9,ENSG00000138834,0.0,True,True
0.1622174949606578,2.251340204051758,,167,10,ENSG00000139053,0.4056971507113041,False,False
0.5,0.0,,997,10,ENSG00000139055,0.5,False,False
0.0,260.4002778272588,,830,10,ENSG00000139131,0.0,True,True
0.5,0.0,,958,10,ENSG00000139133,0.5,False,False
0.0,171.5427050290164,,4011,10,ENSG00000139151,0.0,True,True
0.0,82.16267515809159,,7332,10,ENSG00000139154,0.0,True,True
0.0,215.9498780786671,,3414,10,ENSG00000139155,0.0,True,True
0.0,146.9756375241523,,1312,10,ENSG00000139160,0.0,True,True
5.551115123125783e-17,73.46619690753869,,1847,10,ENSG00000139163,4.453426874585104e-16,True,True
5.656218272864777e-06,22.77921571645129,,1388,10,ENSG00000139168,2.1443620189961433e-05,True,True
5.551115123125783e-17,73.09519552333222,,8766,10,ENSG00000139174,4.453426874585104e-16,True,True
0.0,105.2730056923647,,683,10,ENSG00000139190,0.0,True,True
0.5,0.0,,3214,10,ENSG00000139192,0.5,False,False
0.5,0.0,,6651,10,ENSG00000139197,0.5,False,False
0.5,-0.009974222633900354,,1326,10,ENSG00000139200,0.5,False,False
5.407585979949614e-05,18.26395101122762,,1757,10,ENSG00000139209,0.00019293769783146892,True,True
0.5,0.0,,1539,10,ENSG00000139211,0.5,False,False
0.0,84.37078828933682,,242,10,ENSG00000139233,0.0,True,True
4.440892098500626e-16,69.27873380617166,,856,10,ENSG00000139266,3.372365999685819e-15,True,True
0.2717270038415183,1.219620396872415,,791,10,ENSG00000139269,0.5,False,False
0.484524507234999,0.06288017168117221,,4680,10,ENSG00000139292,0.5,False,False
0.0,94.53601452423027,,1204,10,ENSG00000139318,0.0,True,True
2.98754391471201e-05,19.45065333565435,,3726,10,ENSG00000139323,0.00010870551157115977,True,True
0.0,93.53927550857043,,3498,10,ENSG00000139324,0.0,True,True
0.5,-0.007553725617071905,,367,10,ENSG00000139329,0.5,False,False
0.5,0.0,,1022,10,ENSG00000139330,0.5,False,False
1.837171628915613e-05,20.42310210735741,,3705,10,ENSG00000139350,6.758943551942499e-05,True,True
4.93683532942768e-07,27.6564479322542,,697,10,ENSG00000139351,2.026057667374033e-06,True,True
0.5,0.0,,240,10,ENSG00000139352,0.5,False,False
0.4171888922416658,0.3621380003605736,,7175,10,ENSG00000139364,0.5,False,False
6.537904967862662e-05,17.88432302323781,,1414,10,ENSG00000139370,0.00023129117574785833,True,True
2.942091015256665e-15,65.51431603585843,,872,10,ENSG00000139405,2.1239420478790496e-14,True,True
0.4038478293787331,0.4271399027129519,,1180,10,ENSG00000139410,0.5,False,False
1.665334536937735e-16,71.28727137362148,,1599,10,ENSG00000139428,1.2963026583299364e-15,True,True
0.5,-0.0005182549721212126,,1810,10,ENSG00000139437,0.5,False,False
0.0,78.71719212236349,,6196,10,ENSG00000139496,0.0,True,True
0.5,-0.006159611948532984,,5093,10,ENSG00000139505,0.5,False,False
0.5,0.0,,1315,10,ENSG00000139508,0.5,False,False
0.5,-0.007400659686936706,,493,10,ENSG00000139515,0.5,False,False
0.5,0.0,,3434,10,ENSG00000139517,0.5,False,False
0.08907649830037867,3.450225132341984,,575,10,ENSG00000139549,0.23846421019703093,False,False
0.0,387.5580439093537,,2871,10,ENSG00000139567,0.0,True,True
0.0,230.7045983116877,,1353,10,ENSG00000139579,0.0,True,True
1.837080128963553e-06,25.02837190542414,,1647,10,ENSG00000139597,7.263622067936973e-06,True,True
2.741978121190147e-05,19.62219736499537,,308,10,ENSG00000139610,9.984333217276567e-05,True,True
0.0,223.268086541917,,2535,10,ENSG00000139636,0.0,True,True
0.0,160.0719099023408,,3085,10,ENSG00000139644,0.0,True,True
7.793715111559241e-05,17.53292126097949,,5418,10,ENSG00000139645,0.00027474088564773683,True,True
0.02031158531940869,6.40683333965444,,601,10,ENSG00000139651,0.0592550295476474,False,True
0.4933363800412984,0.02683368918224005,,2786,10,ENSG00000139668,0.5,False,False
0.0,147.1220529771963,,5240,10,ENSG00000139697,0.0,True,True
0.4844413045692567,0.06322364165680483,,7938,10,ENSG00000139718,0.5,False,False
0.5,-0.002966219883091981,,576,10,ENSG00000139726,0.5,False,False
4.092636229913182e-10,41.8470288051758,,8357,10,ENSG00000139746,2.0793434737066562e-09,True,True
0.5,0.0,,548,10,ENSG00000139780,0.5,False,False
0.5,-0.00487260780937504,,350,10,ENSG00000139797,0.5,False,False
0.1668836271730892,2.194622744169465,,1877,10,ENSG00000139835,0.4152472043816637,False,False
0.0,102.8943639078498,,3575,10,ENSG00000139842,0.0,True,True
0.001025365804130263,12.37911733494548,,7248,10,ENSG00000139865,0.0033575836140513015,True,True
2.302880108828731e-12,52.20743262064934,,5681,10,ENSG00000139880,1.3850696083813914e-11,True,True
0.5,0.0,,859,10,ENSG00000139890,0.5,False,False
1.125100013155134e-12,53.639956709736,,1365,10,ENSG00000139908,6.8834532170155426e-12,True,True
0.0,183.3096706060533,,4053,10,ENSG00000139910,0.0,True,True
0.0,95.93316205668543,,389,10,ENSG00000139914,0.0,True,True
0.3871686766376995,0.5114952867807006,,3289,10,ENSG00000139970,0.5,False,False
2.498001805406602e-15,65.8536769840066,,3666,10,ENSG00000139973,1.8138775153419618e-14,True,True
0.5,-0.0006783234039176023,,646,10,ENSG00000139988,0.5,False,False
7.569500581894317e-13,54.43271493465727,,4842,10,ENSG00000139990,4.706336986792792e-12,True,True
0.07530772130360669,3.786050856055226,,5343,10,ENSG00000140009,0.2042623418833436,False,False
0.01587321676343878,6.899949779734015,,3677,10,ENSG00000140015,0.046884430036427845,True,True
0.5,0.0,,1259,10,ENSG00000140025,0.5,False,False
0.3539943407607439,0.6906543438926747,,1980,10,ENSG00000140043,0.5,False,False
0.5,0.0,,1941,10,ENSG00000140093,0.5,False,False
0.5,0.0,,649,10,ENSG00000140107,0.5,False,False
1.110223024625157e-16,71.71860126123647,,3951,9,ENSG00000140254,8.751583715507972e-16,True,True
0.5,-0.003729127827682532,,1053,10,ENSG00000140259,0.5,False,False
5.551115123125783e-17,74.00059347595379,,4298,10,ENSG00000140265,4.453426874585104e-16,True,True
0.3642619355157971,0.633469772981698,,701,10,ENSG00000140274,0.5,False,False
0.5,0.0,,852,10,ENSG00000140280,0.5,False,False
0.4450537565037747,0.2328260448266519,,2572,10,ENSG00000140284,0.5,False,False
0.5,0.0,,3454,10,ENSG00000140320,0.5,False,False
0.3525920058894211,0.6985930011796881,,3386,10,ENSG00000140323,0.5,False,False
0.5,0.0,,3292,10,ENSG00000140326,0.5,False,False
0.5,-8.468319720122963e-06,,2456,10,ENSG00000140451,0.5,False,False
0.5,-0.006272743798035663,,3173,10,ENSG00000140465,0.5,False,False
0.4931080455601342,0.02775957807898521,,2719,10,ENSG00000140474,0.5,False,False
0.5,0.0,,2130,10,ENSG00000140488,0.5,False,False
0.008080450941866824,8.25032083572296,,1738,10,ENSG00000140497,0.024552329251585573,True,True
0.3331031045122064,0.8123120663585723,,1793,10,ENSG00000140506,0.5,False,False
0.004195996954012071,9.560954267733905,,1565,9,ENSG00000140527,0.013044305530785026,True,True
7.871892491184695e-07,26.7232999358821,,3586,9,ENSG00000140545,3.1989210172510355e-06,True,True
0.0005730239654115898,13.54287167432631,,4699,9,ENSG00000140564,0.0019116171723388652,True,True
0.0008467356881352028,12.76194957603002,,10496,9,ENSG00000140575,0.002794733452411744,True,True
0.5,0.0,,1281,9,ENSG00000140986,0.5,False,False
0.1973394881767921,1.859365125055774,,3642,9,ENSG00000140987,0.47834630321216565,False,False
0.4928598440112809,0.02876651372753258,,1110,9,ENSG00000140993,0.5,False,False
0.0,148.9087919270969,,4942,9,ENSG00000141068,0.0,True,True
9.616781924182138e-06,21.71770737611223,,4595,9,ENSG00000141127,3.607381092826694e-05,True,True
0.006947122814455919,8.552561016287655,,4283,9,ENSG00000141161,0.021251530675955563,True,True
0.0,108.4768309014107,,2320,9,ENSG00000141314,0.0,True,True
1.004750704858282e-08,35.44558821485043,,790,9,ENSG00000141316,4.576584254546791e-08,True,True
0.01176411723153598,7.499108225107193,,6472,10,ENSG00000142208,0.035186241196428124,True,True
0.0,87.80896331810254,,766,10,ENSG00000142224,0.0,True,True
0.5,0.0,,2276,10,ENSG00000142319,0.5,False,False
1.959543638463401e-13,57.13566801077104,,6188,10,ENSG00000142606,1.260901689225997e-12,True,True
0.2025844706016515,1.806902320007794,,6239,10,ENSG00000142611,0.48796859892136296,False,False
0.5,0.0,,842,10,ENSG00000142619,0.5,False,False
0.5,0.0,,733,10,ENSG00000142623,0.5,False,False
0.5,0.0,,3576,10,ENSG00000142627,0.5,False,False
0.0,92.63520765910289,,1055,10,ENSG00000142655,0.0,True,True
0.5,-0.007118178171367617,,1301,10,ENSG00000142677,0.5,False,False
0.5,0.0,,331,10,ENSG00000142694,0.5,False,False
0.004193390508591077,9.562197002327594,,1129,10,ENSG00000142698,0.013044305530785026,True,True
0.1125174582053748,2.982999409181502,,1618,10,ENSG00000142700,0.29533606180133737,False,False
0.5,0.0,,1401,10,ENSG00000142748,0.5,False,False
0.5,0.0,,860,10,ENSG00000142751,0.5,False,False
0.0,90.35118476349453,,3962,10,ENSG00000142784,0.0,True,True
0.00234559734883788,10.72413599206993,,450,10,ENSG00000142789,0.007440689549183428,True,True
3.436903794601376e-05,19.17041455616709,,1617,10,ENSG00000142856,0.0001245095373222669,True,True
0.5,-0.001415155886206776,,1804,10,ENSG00000142864,0.5,False,False
3.524421310352466e-09,37.54080479692129,,1995,10,ENSG00000142867,1.6538180752540724e-08,True,True
0.5,-1.818989403545856e-12,,856,10,ENSG00000142871,0.5,False,False
0.5,-8.158987475326285e-05,,3273,10,ENSG00000142910,0.5,False,False
0.00316692948560654,10.12369119305004,,1760,10,ENSG00000142920,0.009976128727933457,True,True
2.3976133856074e-09,38.31128965542666,,657,10,ENSG00000142937,1.1401270535383563e-08,True,True
1.326368391785238e-07,30.28500759086455,,2540,10,ENSG00000142945,5.61955398700151e-07,True,True
0.268578754899564,1.242927826198866,,1021,10,ENSG00000142959,0.5,False,False
0.5,0.0,,748,10,ENSG00000142961,0.5,False,False
0.5,0.0,,498,10,ENSG00000143001,0.5,False,False
0.1236066369374114,2.795007715554675,,1166,10,ENSG00000143006,0.32189498017103896,False,False
0.5,0.0,,975,10,ENSG00000143013,0.5,False,False
0.3624559670671507,0.6434102032908413,,574,10,ENSG00000143028,0.5,False,False
0.4350792110507163,0.2781599790669134,,951,10,ENSG00000143032,0.5,False,False
0.0,100.0533759710161,,3185,10,ENSG00000143033,0.0,True,True
0.02397312766350784,6.075349152248236,,3874,10,ENSG00000143093,0.06940764668119208,False,True
0.5,0.0,,531,10,ENSG00000143106,0.5,False,False
0.0,80.72091740803899,,343,10,ENSG00000143110,0.0,True,True
7.012619612778437e-08,31.5596444720104,,1342,10,ENSG00000143119,3.0252185562844703e-07,True,True
0.004905116251207486,9.248658610371422,,334,10,ENSG00000143125,0.015163485539780011,True,True
0.1363994408184742,2.598040904907975,,5666,10,ENSG00000143147,0.35171115532975145,False,False
0.4968831757205557,0.01250631773655186,,1548,10,ENSG00000143149,0.5,False,False
0.003020892134207309,10.21811180406803,,3560,10,ENSG00000143153,0.00952816580567353,True,True
0.5,0.0,,1110,10,ENSG00000143155,0.5,False,False
1.896844031845646e-07,29.56951400260004,,1957,10,ENSG00000143156,7.948527560573078e-07,True,True
1.636579205488431e-10,43.68019094515603,,407,10,ENSG00000143158,8.60501582251528e-10,True,True
1.163855012364934e-09,39.75676175785884,,810,10,ENSG00000143162,5.625864753647407e-09,True,True
0.4457211906862684,0.2298289497266524,,2536,10,ENSG00000143171,0.5,False,False
4.79943862430332e-12,50.73875715914255,,1400,10,ENSG00000143179,2.831839586866514e-11,True,True
0.2909479035954085,1.082927745371308,,548,10,ENSG00000143185,0.5,False,False
8.085754288345015e-13,54.30072173313965,,1935,10,ENSG00000143194,5.0023061977895655e-12,True,True
0.342346204795024,0.7575711572762884,,290,10,ENSG00000143196,0.5,False,False
0.3634014535526941,0.638199885157519,,1067,10,ENSG00000143198,0.5,False,False
0.5,0.0,,2997,10,ENSG00000143217,0.5,False,False
0.5,0.0,,536,10,ENSG00000143222,0.5,False,False
0.5,-4.642166095436551e-05,,351,10,ENSG00000143256,0.5,False,False
8.231569592620502e-09,35.84428388540982,,7820,10,ENSG00000143257,3.759763742304351e-08,True,True
1.550976569397733e-10,43.78763760174115,,1065,10,ENSG00000143278,8.180866867639791e-10,True,True
0.4918341005129901,0.03293326574203093,,8992,10,ENSG00000143297,0.5,False,False
0.0002155681243656282,15.49817279104445,,805,10,ENSG00000143318,0.0007399833337437091,True,True
0.5,0.0,,1256,10,ENSG00000143319,0.5,False,False
5.800460611826708e-09,36.54436264417018,,1554,10,ENSG00000143321,2.6740467999602176e-08,True,True
0.5,-0.0003415560349822044,,2368,10,ENSG00000143324,0.5,False,False
0.3860099968056072,0.5174896616344995,,198,10,ENSG00000143340,0.5,False,False
0.1264949902608832,2.748810787132243,,4138,10,ENSG00000143344,0.3283852200196415,False,False
0.3256694002271027,0.8574506826353172,,845,10,ENSG00000143353,0.5,False,False
0.5,0.0,,1660,10,ENSG00000143367,0.5,False,False
0.5,-0.00363667742931284,,3505,10,ENSG00000143374,0.5,False,False
0.0,82.70995435158693,,2563,10,ENSG00000143376,0.0,True,True
0.003224533054439704,10.08763989606086,,1975,10,ENSG00000143384,0.010151156590369043,True,True
0.5,-0.002802223199978471,,769,10,ENSG00000143412,0.5,False,False
0.5,0.0,,1872,10,ENSG00000143420,0.5,False,False
0.04636055695766134,4.756318132640445,,5713,10,ENSG00000143437,0.12984088418209883,False,True
0.3753039831972856,0.5737435579030716,,684,10,ENSG00000143443,0.5,False,False
1.47704215525124e-09,39.28015422682802,,1867,10,ENSG00000143452,7.112108112506939e-09,True,True
0.5,0.0,,2477,10,ENSG00000143458,0.5,False,False
4.488794891344128e-10,41.66223907070525,,10718,10,ENSG00000143473,2.2644285790614293e-09,True,True
0.2148876269590983,1.688985744338424,,2560,10,ENSG00000143476,0.5,False,False
0.5,0.0,,2118,10,ENSG00000143494,0.5,False,False
0.5,0.0,,1300,10,ENSG00000143507,0.5,False,False
0.4832404447249757,0.06818750694219489,,5850,10,ENSG00000143515,0.5,False,False
0.0,80.72021738105104,,10695,10,ENSG00000143537,0.0,True,True
1.914057801144509e-11,47.97212439167197,,494,10,ENSG00000143543,1.0794244334345564e-10,True,True
0.5,0.0,,670,10,ENSG00000143545,0.5,False,False
0.5,0.0,,187,10,ENSG00000143546,0.5,False,False
0.5,-0.001617309901121189,,333,10,ENSG00000143553,0.5,False,False
0.3484023559092932,0.722500182724616,,1388,10,ENSG00000143590,0.5,False,False
0.4947757157986529,0.02100707586032513,,825,10,ENSG00000143595,0.5,False,False
0.01913939335159287,6.525718816541485,,3665,10,ENSG00000143603,0.05599961325342526,False,True
0.5,0.0,,1976,10,ENSG00000143612,0.5,False,False
0.0,122.2612984070147,,2137,10,ENSG00000143627,0.0,True,True
0.3734509961990256,0.5836426080968522,,1818,10,ENSG00000143630,0.5,False,False
0.5,0.0,,1196,10,ENSG00000143633,0.5,False,False
8.652905020278823e-08,31.13927691736899,,4809,10,ENSG00000143641,3.7007351307710114e-07,True,True
0.5,0.0,,1994,10,ENSG00000143653,0.5,False,False
2.569607304714339e-10,42.77790123607701,,2402,10,ENSG00000143674,1.3217400965510984e-09,True,True
0.01972682286898797,6.46525764373655,,6754,10,ENSG00000143748,0.05761668640654502,False,True
0.262088437713473,1.291852206091789,,1007,10,ENSG00000143751,0.5,False,False
0.5,0.0,,1146,10,ENSG00000143756,0.5,False,False
3.292621730821566e-11,46.88721028520013,,1537,10,ENSG00000143761,1.8258083042482128e-10,True,True
0.1180604365335602,2.886822861783003,,533,10,ENSG00000143771,0.3089072126869692,False,False
0.3946592631179331,0.4731706616003066,,4447,10,ENSG00000143772,0.5,False,False
3.468082691476804e-05,19.15235276337626,,3012,5,ENSG00000143774,0.00012554762232464063,True,True
0.180536800251899,2.037346923651967,,530,10,ENSG00000143786,0.44410981426950824,False,False
0.0001952233815030735,15.69643785672088,,4189,10,ENSG00000143799,0.0006733776770299303,True,True
0.5,-0.003807370601862203,,3611,10,ENSG00000143815,0.5,False,False
0.5,0.0,,1325,10,ENSG00000143816,0.5,False,False
0.3504404790435504,0.7108344472508179,,2894,10,ENSG00000143819,0.5,False,False
0.5,0.0,,1374,10,ENSG00000143839,0.5,False,False
0.3488435514928249,0.7199691064561193,,2126,10,ENSG00000143858,0.5,False,False
0.5,-0.008168293190465192,,622,10,ENSG00000143862,0.5,False,False
0.3521988423915753,0.7008243782729551,,674,10,ENSG00000143867,0.5,False,False
0.5,0.0,,1081,10,ENSG00000143869,0.5,False,False
0.5,0.0,,2841,10,ENSG00000143882,0.5,False,False
2.042810365310288e-14,61.65508006149321,,4818,10,ENSG00000143889,1.3938187595409291e-13,True,True
0.5,-0.008789079838606995,,1471,10,ENSG00000143891,0.5,False,False
0.5,0.0,,6109,10,ENSG00000143924,0.5,False,False
0.5,0.0,,356,10,ENSG00000143942,0.5,False,False
0.1679872909669761,2.18143954156767,,2654,10,ENSG00000143971,0.4175756048324533,False,False
0.4768294926811292,0.09489825825221487,,1541,10,ENSG00000143994,0.5,False,False
2.815052135840546e-09,37.99027573667263,,2565,10,ENSG00000143995,1.328469575300842e-08,True,True
0.5,-1.091393642127514e-11,,1363,10,ENSG00000144021,0.5,False,False
0.001002748281915156,12.4237271723614,,4089,10,ENSG00000144029,0.003287850991592608,True,True
0.5,0.0,,2541,10,ENSG00000144031,0.5,False,False
0.1864098329968702,1.973320890690957,,747,10,ENSG00000144034,0.45586948605262817,False,False
0.5,0.0,,4488,10,ENSG00000144036,0.5,False,False
0.3553416252437126,0.683056894065885,,759,10,ENSG00000144043,0.5,False,False
6.543532993230627e-09,36.30328285160795,,2951,10,ENSG00000144045,3.002539954642909e-08,True,True
0.0,153.0251229946953,,2595,10,ENSG00000144048,0.0,True,True
3.671507542435393e-13,55.87982408716925,,1959,10,ENSG00000144057,2.3234196585335426e-12,True,True
0.5,0.0,,338,10,ENSG00000144063,0.5,False,False
0.2162128354327036,1.676689653164431,,1207,10,ENSG00000144120,0.5,False,False
2.426833485236202e-05,19.86638193873659,,4112,10,ENSG00000144152,8.869265066542887e-05,True,True
0.5,0.0,,816,10,ENSG00000144161,0.5,False,False
0.5,0.0,,3250,10,ENSG00000144191,0.5,False,False
4.502817439810958e-05,18.63014997173468,,380,10,ENSG00000144214,0.00016124560076040103,True,True
0.5,0.0,,746,10,ENSG00000144227,0.5,False,False
1.343734229442006e-08,34.86416217416991,,1233,10,ENSG00000144228,6.076121870222308e-08,True,True
0.5,0.0,,4195,10,ENSG00000144229,0.5,False,False
0.5,-0.002050750335911289,,3626,10,ENSG00000144233,0.5,False,False
0.5,0.0,,6613,10,ENSG00000144278,0.5,False,False
0.5,0.0,,1986,10,ENSG00000144320,0.5,False,False
0.292491797298412,1.072342951061728,,2859,10,ENSG00000144331,0.5,False,False
0.5,-5.668414814863354e-06,,1398,10,ENSG00000144339,0.5,False,False
0.5,0.0,,3303,10,ENSG00000144354,0.5,False,False
1.515373826421751e-09,39.22891298840113,,6523,10,ENSG00000144357,7.2755496260828084e-09,True,True
0.3000514237666116,1.021308451730874,,5253,10,ENSG00000144369,0.5,False,False
0.0,227.0351605810247,,1893,9,ENSG00000144401,0.0,True,True
0.5,0.0,,653,10,ENSG00000144410,0.5,False,False
1.023625628704394e-13,58.4341898853454,,9293,10,ENSG00000144445,6.699360364704809e-13,True,True
0.001545581193520551,11.55841616365069,,2777,10,ENSG00000144451,0.004982320710674803,True,True
0.4559617723820454,0.1843982498248806,,6909,10,ENSG00000144452,0.5,False,False
0.5,0.0,,4251,10,ENSG00000144455,0.5,False,False
0.0,150.295615996205,,5288,10,ENSG00000144481,0.0,True,True
0.006675824093969329,8.632230884075398,,3997,10,ENSG00000144535,0.020446766652342022,True,True
0.0,106.7924262938541,,2263,10,ENSG00000144550,0.0,True,True
0.0001010861488210946,17.01278053110582,,4902,10,ENSG00000144560,0.00035483592394927626,True,True
0.5,0.0,,643,10,ENSG00000144583,0.5,False,False
0.5,0.0,,537,10,ENSG00000144597,0.5,False,False
4.00097621700013e-10,41.8923307719524,,6789,10,ENSG00000144619,2.034852321406815e-09,True,True
0.5,0.0,,3926,10,ENSG00000144642,0.5,False,False
0.3017803951644262,1.009817027716053,,1978,10,ENSG00000144644,0.5,False,False
0.5,0.0,,4060,10,ENSG00000144647,0.5,False,False
0.0,76.36627373929514,,2605,10,ENSG00000144655,0.0,True,True
0.5,-2.91038304567337e-11,,1712,10,ENSG00000144677,0.5,False,False
0.5,0.0,,1459,10,ENSG00000144681,0.5,False,False
0.5,0.0,,5722,10,ENSG00000144712,0.5,False,False
0.2705105420524262,1.228594056767179,,6411,10,ENSG00000144724,0.5,False,False
0.0,99.34393088975776,,3136,10,ENSG00000144744,0.0,True,True
0.5,-0.001646736453949416,,465,10,ENSG00000144746,0.5,False,False
0.4687754764812071,0.1289683455688646,,7523,10,ENSG00000144747,0.5,False,False
0.4908780743157581,0.03682464522535156,,828,10,ENSG00000144771,0.5,False,False
3.214813082408341e-09,37.724698870672,,1362,10,ENSG00000144791,1.512817433481465e-08,True,True
0.0,88.22074630927091,,4131,10,ENSG00000144810,0.0,True,True
0.5,-0.002879891741031315,,3472,10,ENSG00000144820,0.5,False,False
0.5,0.0,,6767,10,ENSG00000144821,0.5,False,False
0.5,0.0,,1009,10,ENSG00000144827,0.5,False,False
0.4071625589487476,0.4107911699466058,,2605,10,ENSG00000144837,0.5,False,False
4.483485638306917e-09,37.05943574055709,,2990,10,ENSG00000144847,2.0822462712360973e-08,True,True
0.5,0.0,,1046,10,ENSG00000144848,0.5,False,False
0.0,76.31002157494731,,2846,10,ENSG00000144891,0.0,True,True
8.168582267820135e-07,26.64930621137682,,2800,10,ENSG00000145014,3.3113714914537367e-06,True,True
0.5,0.0,,992,10,ENSG00000145029,0.5,False,False
0.5,0.0,,8194,10,ENSG00000145041,0.5,False,False
0.4989582258351958,0.004171443872110103,,873,10,ENSG00000145192,0.5,False,False
2.132866873671979e-07,29.33496289107279,,3592,10,ENSG00000145194,8.915025066928086e-07,True,True
0.001711039368176515,11.35501418991771,,4879,10,ENSG00000145198,0.005494325253266614,True,True
0.5,0.0,,953,10,ENSG00000145220,0.5,False,False
0.0,208.625256400861,,7154,10,ENSG00000145241,0.0,True,True
0.3372984330663106,0.7872800037193883,,674,10,ENSG00000145248,0.5,False,False
0.5,0.0,,860,10,ENSG00000145283,0.5,False,False
0.5,0.0,,963,10,ENSG00000145284,0.5,False,False
0.5,0.0,,525,10,ENSG00000145287,0.5,False,False
0.5,0.0,,605,10,ENSG00000145293,0.5,False,False
0.271288015253326,1.222854109888431,,4771,10,ENSG00000145332,0.5,False,False
0.5,-0.000638929344859207,,653,10,ENSG00000145354,0.5,False,False
2.956468403425561e-12,51.7077706119635,,537,10,ENSG00000145358,1.771743835980571e-11,True,True
0.5,0.0,,253,10,ENSG00000145384,0.5,False,False
0.4293229542043769,0.3047973113989428,,454,10,ENSG00000145386,0.5,False,False
0.5,0.0,,5317,10,ENSG00000145390,0.5,False,False
0.5,0.0,,1859,10,ENSG00000145391,0.5,False,False
0.5,0.0,,1553,10,ENSG00000145414,0.5,False,False
4.257495848369874e-06,23.34736443807196,,3299,10,ENSG00000145416,1.632751299135833e-05,True,True
0.1477291547763971,2.438455072778197,,535,10,ENSG00000145423,0.3750917896160281,False,False
0.0,121.924974366626,,835,10,ENSG00000145428,0.0,True,True
0.5,-0.0009702588286017999,,822,10,ENSG00000145439,0.5,False,False
0.5,0.0,,2235,10,ENSG00000145451,0.5,False,False
0.09332959182104561,3.35694174425953,,1872,10,ENSG00000145476,0.24904580993448544,False,False
0.5,0.0,,679,10,ENSG00000145494,0.5,False,False
0.3196385020454292,0.8948348445555894,,2989,10,ENSG00000145506,0.5,False,False
0.0,271.176318501748,,6623,10,ENSG00000145526,0.0,True,True
0.5,-0.0005852211616002023,,8179,10,ENSG00000145536,0.5,False,False
0.0,159.6391769149559,,1050,10,ENSG00000145545,0.0,True,True
0.1792773458277809,2.051348147131648,,722,10,ENSG00000145569,0.4415263309545735,False,False
0.0,563.6587518790984,,6190,10,ENSG00000145604,0.0,True,True
0.0,90.37342564656137,,2162,10,ENSG00000145632,0.0,True,True
1.221245327087672e-15,67.30704020301528,,321,9,ENSG00000145642,9.039396215675715e-15,True,True
0.0,141.0172059183096,,326,10,ENSG00000145649,0.0,True,True
0.0,154.7028439657624,,453,10,ENSG00000145685,0.0,True,True
0.119796471955214,2.857627724930353,,3514,10,ENSG00000145692,0.31312015318194136,False,False
0.0,340.6196091083111,,7509,10,ENSG00000145700,0.0,True,True
3.549716076634013e-11,46.73684374563527,,926,10,ENSG00000145708,1.9574598409287783e-10,True,True
0.5,0.0,,1767,10,ENSG00000145723,0.5,False,False
0.2603257338107561,1.305348858273646,,1814,10,ENSG00000145736,0.5,False,False
0.0,120.9261865660901,,992,10,ENSG00000145757,0.0,True,True
0.2572945897630434,1.328772812534226,,1457,10,ENSG00000145780,0.5,False,False
0.5,0.0,,1040,10,ENSG00000145781,0.5,False,False
0.01156854979647326,7.532635813658999,,4545,10,ENSG00000145794,0.034622121954066186,True,True
0.5,0.0,,329,10,ENSG00000145824,0.5,False,False
7.479957209177712e-10,40.64095331439148,,478,10,ENSG00000145826,3.6764137508349744e-09,True,True
0.4881204688592716,0.04809172123350436,,3179,10,ENSG00000145832,0.5,False,False
0.5,0.0,,185,10,ENSG00000145839,0.5,False,False
0.5,0.0,,1265,10,ENSG00000145850,0.5,False,False
0.5,0.0,,4934,10,ENSG00000145860,0.5,False,False
0.0162796561676114,6.849383716096781,,875,10,ENSG00000145861,0.04797097735645681,True,True
0.09461636749505609,3.329555238378816,,1929,10,ENSG00000145863,0.2522089024225128,False,False
0.224535901127099,1.601144976055366,,7696,10,ENSG00000145868,0.5,False,False
0.0001491892697909059,16.23429522112883,,144,10,ENSG00000145879,0.0005182035111312611,True,True
0.4620390942026705,0.1579171828598191,,2049,10,ENSG00000145882,0.5,False,False
0.00119121048895704,12.07927618151007,,1360,10,ENSG00000145888,0.0038827529305847427,True,True
6.629696791549122e-13,54.69773715332849,,9194,10,ENSG00000145901,4.132344842251295e-12,True,True
3.910678447738292e-10,41.93798579418581,,2018,10,ENSG00000145908,1.990963623239536e-09,True,True
0.499613208297342,0.001547765550640179,,703,10,ENSG00000145911,0.5,False,False
0.5,0.0,,560,10,ENSG00000145936,0.5,False,False
6.598610546859618e-13,54.70727739611175,,3340,10,ENSG00000145949,4.1181290916034805e-12,True,True
0.5,0.0,,1108,10,ENSG00000145990,0.5,False,False
0.5,-0.0008512828717357479,,1836,10,ENSG00000145996,0.5,False,False
2.626535100525018e-10,42.73407634153864,,578,10,ENSG00000146007,1.349626610538372e-09,True,True
0.0002314949079469386,15.35561100016275,,2032,10,ENSG00000146013,0.0007930135482975707,True,True
0.5,-0.005735457449191017,,1365,10,ENSG00000146039,0.5,False,False
0.5,0.0,,127,10,ENSG00000146047,0.5,False,False
0.142834862848802,2.505837881173647,,1962,10,ENSG00000146054,0.3655372192374429,False,False
0.5,0.0,,169,10,ENSG00000146066,0.5,False,False
0.1927845689970506,1.9060695113767,,1598,10,ENSG00000146070,0.4699054853466004,False,False
0.1861436808141772,1.976178490665916,,3483,10,ENSG00000146072,0.4556489509693491,False,False
0.5,0.0,,2527,10,ENSG00000146085,0.5,False,False
2.796365916601928e-10,42.60876618022667,,2428,10,ENSG00000146090,1.4324535601625117e-09,True,True
0.0,105.3514704923,,2959,10,ENSG00000146094,0.0,True,True
0.5,0.0,,418,10,ENSG00000146109,0.5,False,False
0.5,-0.002388520817476092,,2514,10,ENSG00000146112,0.5,False,False
0.5,0.0,,8087,10,ENSG00000146122,0.5,False,False
0.3144590035086616,0.9275087705027545,,2043,10,ENSG00000146151,0.5,False,False
0.5,0.0,,1602,10,ENSG00000146192,0.5,False,False
0.5,0.0,,4164,10,ENSG00000146197,0.5,False,False
0.3638584058493182,0.635686602727219,,3609,10,ENSG00000146205,0.5,False,False
0.2348421522491723,1.511389004925149,,6384,10,ENSG00000146216,0.5,False,False
0.5,-0.007949636717967223,,1296,10,ENSG00000146221,0.5,False,False
0.4670487932007777,0.1363487279577384,,1202,10,ENSG00000146232,0.5,False,False
0.5,0.0,,2278,10,ENSG00000146233,0.5,False,False
0.0009188555400670984,12.59846891996858,,5277,10,ENSG00000146263,0.003024743518394273,True,True
0.2571698829035531,1.32974241777265,,1155,10,ENSG00000146267,0.5,False,False
0.0,84.08324780518888,,9921,10,ENSG00000146282,0.0,True,True
0.3288219903959458,0.8381831133665401,,679,10,ENSG00000146352,0.5,False,False
4.829259214744752e-11,46.1211914069354,,2518,10,ENSG00000146373,2.6367437249330844e-10,True,True
0.5,0.0,,1007,10,ENSG00000146374,0.5,False,False
0.4708846090709229,0.1199900515493937,,3371,10,ENSG00000146376,0.5,False,False
0.5,0.0,,521,10,ENSG00000146386,0.5,False,False
0.143376973340098,2.498261518900108,,2772,10,ENSG00000146411,0.36609705615690324,False,False
0.5,0.0,,1494,10,ENSG00000146433,0.5,False,False
5.411099486829496e-05,18.26265195987435,,1995,10,ENSG00000146453,0.00019293769783146892,True,True
0.5,-0.006011806875903858,,1759,10,ENSG00000146457,0.5,False,False
0.5,0.0,,1659,10,ENSG00000146476,0.5,False,False
0.5,0.0,,1568,10,ENSG00000146477,0.5,False,False
0.2908669867962327,1.08348405151628,,2098,10,ENSG00000146535,0.5,False,False
1.141170723850671e-05,21.37544719652942,,1109,10,ENSG00000146574,4.251822607066095e-05,True,True
0.24257738878211,1.446574619803869,,3558,10,ENSG00000146587,0.5,False,False
0.0006087070441027631,13.42205253930297,,1344,10,ENSG00000146674,0.00202793626079514,True,True
0.5,0.0,,805,10,ENSG00000146700,0.5,False,False
0.5,0.0,,1195,10,ENSG00000146701,0.5,False,False
0.5,0.0,,2205,10,ENSG00000146731,0.5,False,False
0.0,135.8490321453719,,1741,10,ENSG00000146755,0.0,True,True
0.5,0.0,,4383,10,ENSG00000146828,0.5,False,False
0.0,97.58306388693018,,3419,10,ENSG00000146830,0.0,True,True
0.5,0.0,,2861,10,ENSG00000146834,0.5,False,False
0.0003996771484094941,14.26341257045715,,3137,10,ENSG00000146842,0.0013505394946934943,True,True
6.295605675665783e-08,31.77536336969206,,1193,10,ENSG00000146857,2.725356190666806e-07,True,True
0.2273466368895666,1.576264421709311,,514,10,ENSG00000146858,0.5,False,False
0.5,0.0,,2549,10,ENSG00000146904,0.5,False,False
0.5,0.0,,1312,10,ENSG00000146910,0.5,False,False
0.4038564604985074,0.4270971587538952,,3535,10,ENSG00000146926,0.5,False,False
0.0,135.6817577789698,,597,10,ENSG00000146955,0.0,True,True
0.0,167.8855512032605,,2946,10,ENSG00000146963,0.0,True,True
0.5,0.0,,5176,10,ENSG00000147324,0.5,False,False
0.0,113.6364311740581,,2371,10,ENSG00000147416,0.0,True,True
0.5,-0.007277379039805965,,853,10,ENSG00000147419,0.5,False,False
0.5,-7.275957614183426e-12,,1627,10,ENSG00000147434,0.5,False,False
0.004475989314806583,9.431761390493193,,1449,10,ENSG00000147439,0.01385412000737271,True,True
0.5,0.0,,1173,10,ENSG00000147443,0.5,False,False
0.4105282713596052,0.3943266026853962,,972,10,ENSG00000147454,0.5,False,False
5.823119764158946e-14,59.5618361142042,,3288,10,ENSG00000147475,3.841405531422626e-13,True,True
0.5,-0.001481170857005054,,1476,10,ENSG00000147509,0.5,False,False
2.147118038919871e-10,43.13715466933354,,2863,10,ENSG00000147533,1.1124755339153583e-09,True,True
2.653687941056582e-07,28.89799624418083,,888,10,ENSG00000147536,1.1017899681815893e-06,True,True
0.5,0.0,,198,10,ENSG00000147571,0.5,False,False
0.5,0.0,,3929,10,ENSG00000147573,0.5,False,False
0.5,0.0,,2412,10,ENSG00000147576,0.5,False,False
0.3681063116886046,0.6124726229945736,,382,10,ENSG00000147588,0.5,False,False
0.5,-5.118135231896304e-05,,1357,10,ENSG00000147592,0.5,False,False
0.295776837997346,1.050005708183562,,423,10,ENSG00000147613,0.5,False,False
0.496479692423316,0.01413103447339381,,1687,10,ENSG00000147647,0.5,False,False
4.557888816369982e-08,32.4213480509643,,1097,10,ENSG00000147655,1.992173899176124e-07,True,True
0.3167187027137017,0.9131881832126965,,843,10,ENSG00000147676,0.5,False,False
0.5,-0.00182669905552757,,1312,10,ENSG00000147684,0.5,False,False
0.0,81.45776378786104,,2095,10,ENSG00000147689,0.0,True,True
0.0,133.4303435048059,,5148,10,ENSG00000147789,0.0,True,True
0.5,0.0,,5429,10,ENSG00000147799,0.5,False,False
0.5,-0.006065877281798748,,1038,10,ENSG00000147853,0.5,False,False
0.4976494230578098,0.009424478127584734,,367,10,ENSG00000147869,0.5,False,False
0.5,-0.009294346607930493,,2959,10,ENSG00000147894,0.5,False,False
0.2039458103051836,1.793507551097719,,2233,10,ENSG00000147905,0.4900610920086876,False,False
0.5,-7.275957614183426e-12,,3653,10,ENSG00000147912,0.5,False,False
7.69878104045496e-08,31.37294310726429,,1567,10,ENSG00000147955,3.3126069978566584e-07,True,True
0.2469247139257171,1.411049220245332,,11355,10,ENSG00000148019,0.5,False,False
0.5,0.0,,1695,10,ENSG00000148082,0.5,False,False
0.5,0.0,,1611,10,ENSG00000148090,0.5,False,False
0.5,0.0,,1681,10,ENSG00000148110,0.5,False,False
0.0001046109547540031,16.9442302026946,,1273,10,ENSG00000148123,0.00036669125366202356,True,True
3.387710922897469e-08,33.01475822966586,,458,10,ENSG00000148153,1.4951618571865138e-07,True,True
0.5,0.0,,887,10,ENSG00000148154,0.5,False,False
0.5,-0.002385882015005336,,917,10,ENSG00000148175,0.5,False,False
1.253103176779291e-11,48.81933503421897,,1883,10,ENSG00000148187,7.16429333482781e-11,True,True
0.5,-0.009590725851012394,,7062,10,ENSG00000148204,0.5,False,False
0.0,108.8007285192107,,1724,10,ENSG00000148218,0.0,True,True
0.5,-0.009431694790691836,,924,10,ENSG00000148225,0.5,False,False
0.5,-0.009203786704347294,,447,10,ENSG00000148229,0.5,False,False
0.5,0.0,,1861,10,ENSG00000148248,0.5,False,False
3.737403492243274e-07,28.21311470715409,,866,10,ENSG00000148290,1.5440070573436915e-06,True,True
0.5,-0.001612763393495698,,1366,10,ENSG00000148291,0.5,False,False
0.5,0.0,,2377,10,ENSG00000148296,0.5,False,False
0.01072693038473971,7.683701321206172,,3058,10,ENSG00000148308,0.03221965684401891,True,True
0.5,-0.0009347096420242451,,1595,10,ENSG00000148331,0.5,False,False
1.528355220159483e-11,48.4221902232166,,2703,10,ENSG00000148341,8.65835861625657e-11,True,True
0.4921264814068535,0.03174467787448521,,360,10,ENSG00000148344,0.5,False,False
1.110223024625157e-16,71.82816792231097,,846,10,ENSG00000148346,8.751583715507972e-16,True,True
0.5,0.0,,2175,10,ENSG00000148384,0.5,False,False
0.3173910444167187,0.9089470122926286,,2127,10,ENSG00000148411,0.5,False,False
0.4645915371036281,0.1468989873883402,,963,10,ENSG00000148426,0.5,False,False
0.5,-0.004901859938399866,,7617,10,ENSG00000148429,0.5,False,False
1.809835650512515e-06,25.05825467426621,,6712,10,ENSG00000148482,7.16729500449781e-06,True,True
4.409927030490923e-06,23.27701046901166,,800,10,ENSG00000148484,1.68860485370761e-05,True,True
0.0,86.07908674149076,,5400,10,ENSG00000148541,0.0,True,True
0.5,0.0,,4664,10,ENSG00000148584,0.5,False,False
0.5,0.0,,1859,10,ENSG00000148602,0.5,False,False
0.5,0.0,,743,10,ENSG00000148655,0.5,False,False
0.2588153151970277,1.316986719531997,,1006,10,ENSG00000148677,0.5,False,False
0.5,0.0,,1618,10,ENSG00000148680,0.5,False,False
2.433258539219496e-05,19.86109392551225,,1124,10,ENSG00000148690,8.886217308427146e-05,True,True
0.3670006089065193,0.6184891824086662,,6400,10,ENSG00000148700,0.5,False,False
0.5,0.0,,3199,10,ENSG00000148702,0.5,False,False
0.5,0.0,,756,10,ENSG00000148704,0.5,False,False
0.5,0.0,,159,10,ENSG00000148730,0.5,False,False
0.3677854654179585,0.6142166092758998,,1357,10,ENSG00000148734,0.5,False,False
0.3688876253359286,0.6082320782588795,,2570,10,ENSG00000148795,0.5,False,False
0.5,0.0,,997,10,ENSG00000148798,0.5,False,False
0.07119833746216908,3.898277260428586,,552,10,ENSG00000148803,0.19436911665029036,False,False
3.594383679583757e-09,37.50149223468179,,3042,10,ENSG00000148832,1.6850579097313486e-08,True,True
0.4987075896152873,0.005176334372663405,,2562,10,ENSG00000148835,0.5,False,False
0.5,-0.0004836769512621686,,4559,10,ENSG00000148842,0.5,False,False
0.5,0.0,,4609,10,ENSG00000148848,0.5,False,False
0.1782292306277242,2.063075128080527,,1062,10,ENSG00000148908,0.44017487246390274,False,False
0.5,0.0,,1303,10,ENSG00000148926,0.5,False,False
0.2449426499638126,1.427167994010233,,742,10,ENSG00000148943,0.5,False,False
0.5,0.0,,421,10,ENSG00000148965,0.5,False,False
0.01777287472385453,6.673869390797336,,4539,10,ENSG00000148985,0.052216349011489915,False,True
3.185200726785187e-06,23.92769613577593,,147,10,ENSG00000149021,1.2358181290974667e-05,True,True
0.5,0.0,,1906,10,ENSG00000149050,0.5,False,False
0.5,-0.009703727107989835,,1000,10,ENSG00000149089,0.5,False,False
0.0,421.9433573048445,,10201,10,ENSG00000149091,0.0,True,True
0.0,100.9226264394965,,3776,10,ENSG00000149136,0.0,True,True
0.5,0.0,,1044,10,ENSG00000149196,0.5,False,False
0.5,0.0,,980,10,ENSG00000149218,0.5,False,False
0.5,0.0,,1541,10,ENSG00000149243,0.5,False,False
5.265765601336625e-11,45.94812561490107,,4332,10,ENSG00000149260,2.871920844413199e-10,True,True
0.5,0.0,,6122,10,ENSG00000149289,0.5,False,False
0.3619359210538888,0.6462818318173049,,277,10,ENSG00000149300,0.5,False,False
0.4998731445636249,0.0005074861255707219,,1673,10,ENSG00000149313,0.5,False,False
0.5,-0.001935509910254041,,1833,10,ENSG00000149380,0.5,False,False
0.5,0.0,,9331,10,ENSG00000149403,0.5,False,False
0.5,0.0,,2694,10,ENSG00000149418,0.5,False,False
0.003012762082560794,10.2235016101622,,2818,10,ENSG00000149452,0.009508552410315603,True,True
2.042810365310288e-14,61.65483738855255,,3316,10,ENSG00000149476,1.3938187595409291e-13,True,True
0.5,0.0,,1882,10,ENSG00000149483,0.5,False,False
0.5,-0.001340639195404947,,3742,10,ENSG00000149485,0.5,False,False
0.5,0.0,,4042,10,ENSG00000149503,0.5,False,False
0.2267830321707719,1.581228686733084,,731,10,ENSG00000149516,0.5,False,False
6.601180559173692e-05,17.86505955764733,,2694,10,ENSG00000149548,0.00023319795526512743,True,True
0.0,135.4060766766925,,6431,10,ENSG00000149571,0.0,True,True
5.194368130123639e-06,22.9495767813878,,599,10,ENSG00000149573,1.9768008476843902e-05,True,True
1.661016502119139e-08,34.44020759704472,,604,10,ENSG00000149575,7.476829033068414e-08,True,True
0.5,0.0,,409,10,ENSG00000149735,0.5,False,False
0.3379454195369545,0.7834473932271067,,1586,10,ENSG00000149761,0.5,False,False
0.2731356257146261,1.209279258135211,,1016,10,ENSG00000150045,0.5,False,False
0.363073697929525,0.6400045202904039,,175,10,ENSG00000150201,0.5,False,False
0.5,0.0,,498,10,ENSG00000150316,0.5,False,False
0.5,0.0,,10284,10,ENSG00000150347,0.5,False,False
0.5,-0.002503320887626614,,2230,10,ENSG00000150361,0.5,False,False
0.2857891331083305,1.118707712648757,,2080,10,ENSG00000150455,0.5,False,False
0.3426797586362763,0.7556234712883452,,682,10,ENSG00000150456,0.5,False,False
0.1444632638673328,2.4831657047107,,3597,10,ENSG00000150510,0.3683035748211755,False,False
0.493276219822076,0.027077595328592,,1327,10,ENSG00000150540,0.5,False,False
0.09436708881438982,3.334831442551149,,556,10,ENSG00000150551,0.2516793028218633,False,False
0.0,159.0176081154787,,1907,10,ENSG00000150556,0.0,True,True
0.4283115481984808,0.3095145025654347,,3350,10,ENSG00000150593,0.5,False,False
5.551115123125783e-17,74.72337885647721,,2715,10,ENSG00000150625,4.453426874585104e-16,True,True
0.235834534510599,1.502955328393,,663,10,ENSG00000150628,0.5,False,False
0.2985689447897993,1.03121444280805,,914,10,ENSG00000150630,0.5,False,False
0.5,0.0,,498,10,ENSG00000150681,0.5,False,False
0.3560706663310568,0.6789577726358402,,527,10,ENSG00000150722,0.5,False,False
0.5,0.0,,814,10,ENSG00000150750,0.5,False,False
0.0,166.7288046741778,,1187,10,ENSG00000150756,0.0,True,True
0.006510094177005876,8.682508351688739,,10881,10,ENSG00000150760,0.019951453133966252,True,True
1.051779774385864e-10,44.56443973527348,,3840,10,ENSG00000150764,5.607237511034607e-10,True,True
4.899469718822047e-12,50.69749411038356,,7412,10,ENSG00000150768,2.8840192167361965e-11,True,True
1.403226934648671e-08,34.77751805196385,,2337,10,ENSG00000150773,6.33362139105489e-08,True,True
1.562489027051583e-11,48.37801509985457,,324,10,ENSG00000150779,8.841661456831143e-11,True,True
0.5,-5.456968210637569e-12,,705,10,ENSG00000150782,0.5,False,False
0.5,0.0,,650,10,ENSG00000150787,0.5,False,False
7.215276709438001e-10,40.71300634712952,,401,10,ENSG00000150873,3.556866833770527e-09,True,True
0.0,143.3740996746346,,7645,10,ENSG00000150938,0.0,True,True
0.1816500831011524,2.025051764368982,,1685,10,ENSG00000151012,0.4461864263432751,False,False
0.001715968865780682,11.34926048211491,,2236,10,ENSG00000151014,0.005506599444124588,True,True
8.391254746609178e-08,31.2006870034129,,463,10,ENSG00000151033,3.595013015472356e-07,True,True
0.0,109.9439470478974,,8205,10,ENSG00000151062,0.0,True,True
0.5,-0.006414832212612964,,4030,10,ENSG00000151065,0.5,False,False
0.5,0.0,,530,10,ENSG00000151079,0.5,False,False
4.996003610813204e-16,68.9801706315775,,6747,10,ENSG00000151090,3.782362551017485e-15,True,True
2.938627119419834e-11,47.11469186330942,,2681,10,ENSG00000151116,1.640486115824271e-10,True,True
0.03508415225980688,5.313717145059854,,511,10,ENSG00000151117,0.09994763650646014,False,True
0.5,-7.186787479440682e-05,,852,10,ENSG00000151135,0.5,False,False
0.3589865829137101,0.6626461682226363,,655,10,ENSG00000151151,0.5,False,False
0.5,0.0,,1939,10,ENSG00000151164,0.5,False,False
0.3598804288950058,0.6576725281629479,,2634,10,ENSG00000151176,0.5,False,False
3.358824810617556e-06,23.82154444681873,,2426,10,ENSG00000151224,1.2981192391617503e-05,True,True
0.5,-0.0009998766545322724,,2934,10,ENSG00000151229,0.5,False,False
0.5,0.0,,2281,10,ENSG00000151233,0.5,False,False
2.213027538999768e-10,43.07668439883128,,1956,10,ENSG00000151239,1.144241058106533e-09,True,True
0.3680884497666345,0.6125696729759511,,1006,10,ENSG00000151287,0.5,False,False
0.5,-0.007393051007966278,,1593,10,ENSG00000151304,0.5,False,False
0.02353472047085792,6.112262601718612,,832,10,ENSG00000151353,0.06821777367252174,False,True
3.453924804830422e-06,23.76570433686811,,480,10,ENSG00000151364,1.3328023257739737e-05,True,True
0.3677131341165764,0.6146099821614825,,150,10,ENSG00000151365,0.5,False,False
0.0,75.77905135092806,,607,10,ENSG00000151366,0.0,True,True
4.301699607633935e-09,37.14221691139392,,4673,10,ENSG00000151376,1.9996872755487098e-08,True,True
0.5,0.0,,193,10,ENSG00000151379,0.5,False,False
3.001900300780846e-06,24.04623571147386,,1228,10,ENSG00000151413,1.1683452344353621e-05,True,True
0.5,-0.0008364774403162301,,4743,10,ENSG00000151422,0.5,False,False
0.0,227.1121557729784,,3600,10,ENSG00000151458,0.0,True,True
0.0,207.7380340333475,,9710,10,ENSG00000151461,0.0,True,True
0.4298249887984358,0.3024599507371022,,575,10,ENSG00000151468,0.5,False,False
0.1208453951666109,2.840192191091774,,1482,10,ENSG00000151498,0.31519926353367733,False,False
1.305777772309114e-05,21.1059588542339,,1463,10,ENSG00000151500,4.839745632984749e-05,True,True
0.5,-0.004192998989310581,,1160,10,ENSG00000151532,0.5,False,False
0.0,85.76593629925628,,7287,10,ENSG00000151572,0.0,True,True
5.873118231503049e-05,18.09878515352102,,2027,10,ENSG00000151575,0.00020836583511766164,True,True
0.5,0.0,,1982,10,ENSG00000151576,0.5,False,False
0.5,0.0,,1996,10,ENSG00000151577,0.5,False,False
0.001520942928203872,11.59055521689879,,3234,10,ENSG00000151611,0.00490926030167817,True,True
0.5,0.0,,506,10,ENSG00000151615,0.5,False,False
0.5,-4.284593160264194e-07,,2471,10,ENSG00000151617,0.5,False,False
0.4964822381674537,0.01412077932036482,,2641,10,ENSG00000151640,0.5,False,False
0.5,0.0,,2904,10,ENSG00000151657,0.5,False,False
0.007004955447872163,8.535980557504445,,968,10,ENSG00000151665,0.021388979986320528,True,True
0.5,0.0,,6342,10,ENSG00000151687,0.5,False,False
0.002111271753574673,10.93463521148078,,2644,10,ENSG00000151689,0.006727396349955429,True,True
0.0001497752606746117,16.2264549380925,,5777,10,ENSG00000151694,0.0005198758873660283,True,True
0.425308774939538,0.3235853280275478,,3289,10,ENSG00000151702,0.5,False,False
0.002294365884800809,10.76830319211876,,2401,10,ENSG00000151704,0.007292125182747108,True,True
0.5,0.0,,855,10,ENSG00000151715,0.5,False,False
0.5,0.0,,6681,10,ENSG00000151718,0.5,False,False
1.333433363726044e-12,53.30026296666256,,1119,10,ENSG00000151725,8.128060724477136e-12,True,True
0.08539481539846822,3.534645417676074,,10887,10,ENSG00000151726,0.22922493890554826,False,False
0.5,-0.003697768937854562,,1763,10,ENSG00000151729,0.5,False,False
0.0,257.9889089839708,,5148,10,ENSG00000151746,0.0,True,True
0.0,91.31379813231615,,714,10,ENSG00000151773,0.0,True,True
2.372768698510885e-05,19.91144156788141,,303,10,ENSG00000151778,8.678052578230252e-05,True,True
0.1237607322201625,2.792515951128735,,4390,10,ENSG00000151806,0.3221276201272047,False,False
2.355804440412612e-10,42.95164276372088,,4625,10,ENSG00000151834,1.2155364405199514e-09,True,True
0.4054709336480541,0.4191178153996589,,2091,10,ENSG00000151838,0.5,False,False
3.125851244512035e-09,37.78082404018642,,2352,10,ENSG00000151876,1.4723469782389075e-08,True,True
2.55351295663786e-15,65.82821511591283,,1007,10,ENSG00000151881,1.8514830096671597e-14,True,True
1.821987005712344e-12,52.67588577269271,,352,10,ENSG00000151882,1.103844502608185e-11,True,True
0.4964840230043038,0.01411358940094942,,1335,10,ENSG00000151893,0.5,False,False
0.5,-0.003791202812863048,,1639,10,ENSG00000151917,0.5,False,False
0.5,0.0,,4585,10,ENSG00000151948,0.5,False,False
0.0,291.1039066562735,,3653,10,ENSG00000151962,0.0,True,True
0.0961627160201961,3.297132766027062,,4780,10,ENSG00000151967,0.25582788578625715,False,False
7.943299358881273e-06,22.10006930425334,,1040,10,ENSG00000152034,2.9999977988667767e-05,True,True
0.5,0.0,,264,10,ENSG00000152049,0.5,False,False
0.5,0.0,,1075,10,ENSG00000152093,0.5,False,False
0.5,0.0,,410,10,ENSG00000152102,0.5,False,False
0.5,0.0,,6826,10,ENSG00000152104,0.5,False,False
0.3650964904502749,0.628892844717484,,3243,10,ENSG00000152127,0.5,False,False
0.5,0.0,,924,10,ENSG00000152133,0.5,False,False
0.0,77.66884436845703,,761,10,ENSG00000152137,0.0,True,True
0.5,0.0,,549,10,ENSG00000152147,0.5,False,False
0.5,-5.456968210637569e-12,,958,10,ENSG00000152154,0.5,False,False
0.5,-0.00965475625525869,,1010,10,ENSG00000152193,0.5,False,False
0.5,0.0,,608,10,ENSG00000152219,0.5,False,False
0.5,-0.007299475550098578,,219,10,ENSG00000152266,0.5,False,False
0.03773052188523796,5.168277464981657,,6935,10,ENSG00000152270,0.10663159991884866,False,True
0.3268591152405651,0.8501577211573021,,772,10,ENSG00000152315,0.5,False,False
0.5,0.0,,1810,10,ENSG00000152332,0.5,False,False
0.0,164.7226664956543,,2871,10,ENSG00000152359,0.0,True,True
0.5,0.0,,2398,10,ENSG00000152377,0.5,False,False
8.943623619472874e-12,49.49386661610333,,845,10,ENSG00000152380,5.178764130763454e-11,True,True
0.5,0.0,,1449,10,ENSG00000152382,0.5,False,False
0.0001998108280876765,15.64998463615484,,7421,10,ENSG00000152402,0.0006882680463352513,True,True
0.5,-0.009146006021182984,,6315,10,ENSG00000152404,0.5,False,False
0.5,0.0,,2934,10,ENSG00000152409,0.5,False,False
1.074316400284658e-07,30.70652783611149,,2368,10,ENSG00000152413,4.5711289777723597e-07,True,True
0.4550293931056978,0.188492162640614,,1397,10,ENSG00000152422,0.5,False,False
2.64356785006914e-06,24.30046782868521,,1780,10,ENSG00000152430,1.0321119690929278e-05,True,True
0.5,-0.002669865323696285,,7626,10,ENSG00000152457,0.5,False,False
0.1809019178897202,2.033306208104477,,2218,10,ENSG00000152465,0.44456825078234596,False,False
0.4762302606397875,0.09741324062633794,,3049,10,ENSG00000152492,0.5,False,False
0.0002319534057848571,15.3516537261894,,2934,10,ENSG00000152495,0.000794037329920082,True,True
0.5,0.0,,1319,10,ENSG00000152518,0.5,False,False
0.5,0.0,,6055,10,ENSG00000152527,0.5,False,False
0.3038892307211709,0.9958896720199846,,6755,10,ENSG00000152580,0.5,False,False
0.1419330019664376,2.518505938336602,,2329,10,ENSG00000152592,0.3637170282231121,False,False
0.09548898625705077,3.311194369034638,,2462,10,ENSG00000152595,0.25439861684122683,False,False
0.0,162.7718885227951,,973,10,ENSG00000152611,0.0,True,True
0.5,0.0,,2017,10,ENSG00000152661,0.5,False,False
5.23351639147851e-06,22.9345599502285,,972,10,ENSG00000152669,1.9901766461172865e-05,True,True
1.007222083515558e-11,49.25618547707563,,5754,10,ENSG00000152670,5.811975224369356e-11,True,True
0.4290206784932599,0.3062059580624918,,750,10,ENSG00000152684,0.5,False,False
0.49915880091122,0.003367629997228505,,1238,10,ENSG00000152705,0.5,False,False
0.5,0.0,,903,10,ENSG00000152749,0.5,False,False
0.09617976405715739,3.296778230991549,,457,10,ENSG00000152760,0.25582788578625715,False,False
0.5,0.0,,795,10,ENSG00000152766,0.5,False,False
0.5,0.0,,6786,10,ENSG00000152767,0.5,False,False
0.1455557278366194,2.468098151653976,,2063,10,ENSG00000152778,0.37051903288605165,False,False
0.5,-0.007207781651231926,,2852,10,ENSG00000152782,0.5,False,False
0.5,0.0,,504,10,ENSG00000152785,0.5,False,False
0.0,376.2312198078362,,3511,10,ENSG00000152795,0.0,True,True
0.5,-0.008382594434806379,,1482,10,ENSG00000152804,0.5,False,False
0.5,0.0,,9598,10,ENSG00000152822,0.5,False,False
0.01518091164778151,6.989138544922753,,1228,10,ENSG00000152932,0.044973111695095436,True,True
0.0,355.5063025787531,,3776,10,ENSG00000152939,0.0,True,True
0.0,139.0251708620199,,7725,10,ENSG00000152942,0.0,True,True
0.0,82.16101138155136,,894,10,ENSG00000152944,0.0,True,True
0.1552144254912032,2.339601094248792,,1726,10,ENSG00000152953,0.3911026101282901,False,False
0.0003268751351691579,14.66557025823568,,9191,10,ENSG00000152969,0.001110571668259147,True,True
0.0,75.7586729926843,,10287,10,ENSG00000152990,0.0,True,True
0.2283068807489618,1.567834812423825,,1300,10,ENSG00000153002,0.5,False,False
1.110223024625157e-16,72.59653967063332,,427,10,ENSG00000153006,8.751583715507972e-16,True,True
0.0,321.686940316431,,6326,10,ENSG00000153015,0.0,True,True
3.543204125655564e-07,28.31983406493964,,4552,10,ENSG00000153064,1.4649956210316522e-06,True,True
0.5,0.0,,1627,10,ENSG00000153086,0.5,False,False
5.923818302555617e-08,31.89710467760415,,1002,10,ENSG00000153140,2.571123231842202e-07,True,True
0.5,0.0,,1737,10,ENSG00000153157,0.5,False,False
0.5,-0.008025674811506178,,1529,10,ENSG00000153162,0.5,False,False
0.0,232.9108812671038,,917,10,ENSG00000153179,0.0,True,True
0.5,0.0,,3095,10,ENSG00000153208,0.5,False,False
0.2126958286047879,1.709489975950419,,2253,10,ENSG00000153266,0.5,False,False
1.707667007799785e-09,38.9899811110372,,7188,10,ENSG00000153294,8.167245862303972e-09,True,True
0.5,0.0,,3276,10,ENSG00000153395,0.5,False,False
0.0007687207918569694,12.95527110677949,,306,10,ENSG00000153485,0.0025456839005969147,True,True
0.5,0.0,,1243,10,ENSG00000153487,0.5,False,False
0.003936350405376876,9.68870819498079,,352,10,ENSG00000153495,0.012283191290053062,True,True
0.5,0.0,,593,10,ENSG00000153498,0.5,False,False
0.5,0.0,,5917,10,ENSG00000153531,0.5,False,False
3.758104938356155e-14,60.43950448124815,,3245,10,ENSG00000153558,2.5192471648764845e-13,True,True
0.0009071566425428168,12.62409647647291,,3123,10,ENSG00000153560,0.0029882100264953452,True,True
0.2729985178259012,1.210283464835811,,1147,10,ENSG00000153561,0.5,False,False
0.5,0.0,,1473,10,ENSG00000153563,0.5,False,False
0.5,0.0,,955,10,ENSG00000153574,0.5,False,False
0.5,0.0,,360,10,ENSG00000153714,0.5,False,False
0.5,0.0,,8353,10,ENSG00000153820,0.5,False,False
0.06668335099331063,4.029305574011232,,1389,10,ENSG00000153823,0.18335156873450917,False,False
0.0,86.74382822257394,,656,10,ENSG00000153832,0.0,True,True
0.3638786823956546,0.6355751528826659,,3590,10,ENSG00000153898,0.5,False,False
2.842770463473698e-11,47.18102008583446,,1681,10,ENSG00000153936,1.5902371741524798e-10,True,True
0.2583812180716295,1.32034402917634,,2971,10,ENSG00000153975,0.5,False,False
0.3655088598461891,0.6266351583235519,,628,10,ENSG00000153989,0.5,False,False
0.5,-0.003968247016018722,,2572,10,ENSG00000153993,0.5,False,False
0.3805509668823844,0.5459759658915573,,1982,10,ENSG00000154001,0.5,False,False
0.3584705636267645,0.6655231031218136,,616,10,ENSG00000154007,0.5,False,False
0.0,125.8160863640951,,3341,9,ENSG00000154025,0.0,True,True
2.034056256761119e-10,43.24534381413832,,1372,10,ENSG00000154124,1.0571991453636162e-09,True,True
0.08688803588574417,3.499975504371832,,1650,10,ENSG00000154127,0.2328561909998338,False,False
1.407596261771005e-12,53.19195725277677,,2041,10,ENSG00000154133,8.569625221602176e-12,True,True
0.4826328297478418,0.07070384142753028,,761,10,ENSG00000154143,0.5,False,False
0.01060081373604743,7.707354665501953,,172,10,ENSG00000154146,0.031860089137824725,True,True
0.1983394606450348,1.849256175868504,,1534,10,ENSG00000154174,0.48053603373034737,False,False
0.5,0.0,,1280,10,ENSG00000154252,0.5,False,False
3.885780586188048e-16,69.55754009232624,,4767,10,ENSG00000154269,2.9643976435121703e-15,True,True
0.3314768430029018,0.8221002928094094,,1037,10,ENSG00000154274,0.5,False,False
2.220446049250313e-16,70.66709617826928,,1453,10,ENSG00000154277,1.7176514228570851e-15,True,True
0.0,490.4426476210647,,9679,10,ENSG00000154305,0.0,True,True
0.0,143.8639789133958,,2311,10,ENSG00000154328,0.0,True,True
0.5,-0.005935374570981367,,972,10,ENSG00000154342,0.5,False,False
0.5,0.0,,2508,10,ENSG00000154359,0.5,False,False
0.5,0.0,,1716,10,ENSG00000154415,0.5,False,False
0.199898703453225,1.833594685671414,,447,10,ENSG00000154478,0.4826680344545345,False,False
0.5,0.0,,3466,10,ENSG00000154511,0.5,False,False
0.5,-0.0004278305259504123,,426,10,ENSG00000154518,0.5,False,False
0.5,0.0,,705,10,ENSG00000154548,0.5,False,False
0.5,-0.005037296468799468,,2272,10,ENSG00000154553,0.5,False,False
0.3596827011901019,0.6587716823669325,,759,10,ENSG00000154589,0.5,False,False
2.926535835889865e-07,28.70225811081764,,8591,10,ENSG00000154678,1.213049103976349e-06,True,True
0.5,0.0,,716,10,ENSG00000154764,0.5,False,False
0.5,0.0,,2007,10,ENSG00000154781,0.5,False,False
0.5,-0.002869426367396954,,178,10,ENSG00000154813,0.5,False,False
0.0,83.90660168304021,,2161,10,ENSG00000154814,0.0,True,True
0.5,0.0,,1154,10,ENSG00000154917,0.5,False,False
0.5,-0.00671901497116778,,6406,10,ENSG00000154928,0.5,False,False
0.4499630364783841,0.2108853203699255,,852,10,ENSG00000154997,0.5,False,False
0.5,0.0,,825,10,ENSG00000155011,0.5,False,False
0.3738215498374927,0.5816591086586413,,2161,10,ENSG00000155016,0.5,False,False
0.5,0.0,,6232,10,ENSG00000155052,0.5,False,False
3.724707281799189e-05,19.00958003557025,,358,10,ENSG00000155087,0.00013434876011362702,True,True
0.1600096405982343,2.278748062308296,,2137,10,ENSG00000155090,0.40115320178206526,False,False
0.2519004105577897,1.371148570338846,,4634,10,ENSG00000155096,0.5,False,False
0.5,0.0,,1525,10,ENSG00000155097,0.5,False,False
1.191929888122445e-11,48.91942819858377,,3857,10,ENSG00000155158,6.822392708309599e-11,True,True
0.0,77.55019957767581,,1267,10,ENSG00000155189,0.0,True,True
0.5,0.0,,1676,10,ENSG00000155252,0.5,False,False
0.0,168.5299613699754,,3593,10,ENSG00000155256,0.0,True,True
0.0,81.08078509853658,,624,10,ENSG00000155269,0.0,True,True
0.5,0.0,,3206,10,ENSG00000155275,0.5,False,False
1.209864875506561e-07,30.4688795799957,,4279,10,ENSG00000155324,5.139084449845973e-07,True,True
0.5,0.0,,1516,10,ENSG00000155329,0.5,False,False
0.004412542344507941,9.460314159543486,,7016,10,ENSG00000155363,0.013666242603725091,True,True
0.0,191.8087549785487,,3069,10,ENSG00000155380,0.0,True,True
0.0,101.9070458587084,,2940,10,ENSG00000155463,0.0,True,True
0.5,0.0,,8511,10,ENSG00000155511,0.5,False,False
0.5,-0.009423530143976677,,4714,10,ENSG00000155530,0.5,False,False
1.637578961322106e-14,62.10300971369725,,1634,10,ENSG00000155542,1.1297250698496747e-13,True,True
0.0,346.1701019745597,,2958,10,ENSG00000155545,0.0,True,True
0.5,0.0,,5370,10,ENSG00000155629,0.5,False,False
0.4565908891015044,0.1816406366124284,,1575,10,ENSG00000155636,0.5,False,False
1.921516834535453e-10,43.35917752124078,,2199,10,ENSG00000155660,1.0018474564967866e-09,True,True
0.5,-0.007497447411878966,,1634,10,ENSG00000155729,0.5,False,False
2.646188268506933e-10,42.71916689495993,,1993,10,ENSG00000155749,1.3583220276112987e-09,True,True
0.03757778695654745,5.176389990170719,,3812,10,ENSG00000155754,0.10626032536774702,False,True
0.08672352235207598,3.503765887558984,,2228,10,ENSG00000155755,0.2325405930885315,False,False
0.5,0.0,,1176,10,ENSG00000155760,0.5,False,False
0.0,112.1416333848174,,3998,10,ENSG00000155761,0.0,True,True
0.5,0.0,,2198,10,ENSG00000155792,0.5,False,False
6.729214940826012e-08,31.64215015443733,,1039,10,ENSG00000155833,2.908003050883456e-07,True,True
0.5,0.0,,544,10,ENSG00000155858,0.5,False,False
0.0,123.9078394302633,,1420,10,ENSG00000155875,0.0,True,True
0.5,0.0,,5546,10,ENSG00000155886,0.5,False,False
0.4213145510462808,0.3424567831607419,,2246,10,ENSG00000155890,0.5,False,False
0.460869856100468,0.1629848061711527,,6104,10,ENSG00000155897,0.5,False,False
0.001206568410881959,12.05365558413177,,4515,10,ENSG00000155903,0.003925095667578067,True,True
0.3032189491119348,1.000305899004161,,4387,10,ENSG00000155906,0.5,False,False
0.05399914436207481,4.451279794364382,,1515,10,ENSG00000155957,0.15005125366310618,False,False
0.5,0.0,,2107,10,ENSG00000155975,0.5,False,False
1.643130076445232e-14,62.09276899519318,,2240,10,ENSG00000156026,1.131984626071826e-13,True,True
0.487449739590103,0.0508418231493124,,875,10,ENSG00000156049,0.5,False,False
0.5,0.0,,358,10,ENSG00000156127,0.5,False,False
0.0001365179539531969,16.4118144813765,,2250,10,ENSG00000156136,0.0004758516488880178,True,True
0.5,0.0,,4030,10,ENSG00000156140,0.5,False,False
0.0,77.66417134545372,,639,10,ENSG00000156150,0.0,True,True
0.5,0.0,,717,10,ENSG00000156172,0.5,False,False
0.3543127957832504,0.6888559430153691,,1661,10,ENSG00000156194,0.5,False,False
1.716954356467681e-11,48.18947538416978,,218,10,ENSG00000156234,9.704694283034371e-11,True,True
0.0,190.4608779721457,,2279,10,ENSG00000156345,0.0,True,True
0.5,0.0,,2401,10,ENSG00000156374,0.5,False,False
0.1425478370628344,2.50986091246159,,596,10,ENSG00000156384,0.3651045013133565,False,False
0.5,0.0,,475,10,ENSG00000156427,0.5,False,False
0.4992121575341077,0.003153855257551186,,3023,10,ENSG00000156463,0.5,False,False
0.2462310290786905,1.416675721116917,,1664,10,ENSG00000156466,0.5,False,False
0.0,80.73447646231398,,809,10,ENSG00000156467,0.0,True,True
0.4980581478974999,0.007782530734402826,,2113,10,ENSG00000156471,0.5,False,False
1.665334536937735e-16,70.9875704641745,,6726,10,ENSG00000156508,1.2963026583299364e-15,True,True
0.4990230130195669,0.003911770916602109,,1891,10,ENSG00000156510,0.5,False,False
0.01135272077139504,7.570301335465047,,2762,10,ENSG00000156521,0.034017128383686104,True,True
0.0009389146328784848,12.55527763036662,,6516,10,ENSG00000156535,0.003084650848043318,True,True
0.0007312141094826807,13.05531412232813,,635,10,ENSG00000156574,0.0024230905933156923,True,True
0.5,-0.006119743178714998,,509,10,ENSG00000156575,0.5,False,False
0.0,94.38342132293837,,465,10,ENSG00000156587,0.0,True,True
0.5,0.0,,702,10,ENSG00000156603,0.5,False,False
0.5,0.0,,1695,10,ENSG00000156711,0.5,False,False
0.5,-0.001328732134425081,,1265,10,ENSG00000156735,0.5,False,False
0.5,-0.0008714923169463873,,1957,10,ENSG00000156804,0.5,False,False
0.3926626525902771,0.4833144910444389,,1570,10,ENSG00000156831,0.5,False,False
0.363219716817045,0.6392003335167828,,1368,10,ENSG00000156869,0.5,False,False
0.3612640932033257,0.649997694818012,,4407,10,ENSG00000156876,0.5,False,False
0.5,0.0,,359,10,ENSG00000156928,0.5,False,False
0.0,123.9597848217527,,4356,10,ENSG00000156958,0.0,True,True
0.4138199211987316,0.3783543843283041,,548,10,ENSG00000156959,0.5,False,False
0.2974181145964332,1.038938312683968,,873,10,ENSG00000156966,0.5,False,False
0.353623196979893,0.692752334940451,,162,10,ENSG00000157005,0.5,False,False
0.01136169255909936,7.568721406802069,,2300,10,ENSG00000157014,0.03402351522514161,True,True
0.3319971936859799,0.8189631645363988,,1816,10,ENSG00000157020,0.5,False,False
0.5,-0.003816949261818081,,2197,10,ENSG00000157036,0.5,False,False
0.4948390964193279,0.02075089286881848,,1255,10,ENSG00000157060,0.5,False,False
0.5,0.0,,1535,10,ENSG00000157064,0.5,False,False
1.972319124687871e-08,34.09664698440611,,5310,10,ENSG00000157077,8.854075204149342e-08,True,True
0.5,0.0,,367,10,ENSG00000157093,0.5,False,False
0.3300666538140073,0.8306269661516126,,1747,10,ENSG00000157110,0.5,False,False
0.0,165.6245786845557,,643,10,ENSG00000157111,0.0,True,True
0.5,0.0,,1498,10,ENSG00000157119,0.5,False,False
0.353215501356737,0.6950594846157401,,438,10,ENSG00000157150,0.5,False,False
0.1741769200697728,2.109073067345889,,3744,10,ENSG00000157184,0.43123743177055746,False,False
0.4270526159619832,0.3154017407650826,,1050,10,ENSG00000157211,0.5,False,False
0.5,-0.004916405465337448,,2184,10,ENSG00000157303,0.5,False,False
0.5,0.0,,646,10,ENSG00000157330,0.5,False,False
0.1323089023911623,2.658937479987799,,1229,10,ENSG00000157343,0.34240607725995903,False,False
0.5,0.0,,802,10,ENSG00000157379,0.5,False,False
5.551115123125783e-17,73.69598441279959,,6365,10,ENSG00000157445,4.453426874585104e-16,True,True
5.30433280318543e-05,18.30250857569627,,1694,10,ENSG00000157456,0.00018940237877275182,True,True
0.5,-0.003993477985204663,,5197,10,ENSG00000157510,0.5,False,False
0.5,0.0,,1630,10,ENSG00000157593,0.5,False,False
0.05065019359244582,4.579330091251904,,927,10,ENSG00000157653,0.14121864513947616,False,False
0.5,-0.009089838160434738,,1032,10,ENSG00000157693,0.5,False,False
1.965094753586527e-14,61.73412639019807,,2523,10,ENSG00000157703,1.3463335129944058e-13,True,True
0.3004657749877515,1.018548488900706,,472,10,ENSG00000157734,0.5,False,False
0.0,81.34534230744612,,3327,10,ENSG00000157765,0.0,True,True
0.5,0.0,,388,10,ENSG00000157778,0.5,False,False
0.2062266039276356,1.771265030140057,,3580,10,ENSG00000157782,0.4948244707843992,False,False
0.5,0.0,,3384,10,ENSG00000157833,0.5,False,False
0.1450156404195606,2.475532993457819,,693,10,ENSG00000157884,0.3693332285954401,False,False
0.0,114.8105721425745,,2283,10,ENSG00000157927,0.0,True,True
0.0,113.7044218539595,,2689,10,ENSG00000157954,0.0,True,True
0.1775336924749381,2.070895381330047,,1393,10,ENSG00000157978,0.43889293557174064,False,False
0.0,85.18996399747266,,905,10,ENSG00000157992,0.0,True,True
0.5,0.0,,519,10,ENSG00000157999,0.5,False,False
0.4829806484950135,0.06926302159627085,,2321,10,ENSG00000158006,0.5,False,False
0.4060433600392555,0.4162962927694025,,2820,10,ENSG00000158008,0.5,False,False
0.4342211415443458,0.2821083027156419,,1142,10,ENSG00000158014,0.5,False,False
0.5,0.0,,1744,10,ENSG00000158022,0.5,False,False
0.0,145.6148421988473,,5976,10,ENSG00000158055,0.0,True,True
0.3250047896848173,0.8615363573626382,,4788,10,ENSG00000158077,0.5,False,False
0.5,-0.009375291694595944,,4921,10,ENSG00000158079,0.5,False,False
0.5,0.0,,3097,10,ENSG00000158089,0.5,False,False
0.5,0.0,,1259,10,ENSG00000158104,0.5,False,False
0.2006927011045939,1.825666420791094,,2032,10,ENSG00000158106,0.4843500704969675,False,False
0.2318032885363915,1.537437961202158,,1143,10,ENSG00000158109,0.5,False,False
0.5,0.0,,982,10,ENSG00000158113,0.5,False,False
5.551115123125783e-17,72.87565387287032,,1480,10,ENSG00000158122,4.453426874585104e-16,True,True
0.5,-0.0005064740180387162,,1435,10,ENSG00000158156,0.5,False,False
0.5,0.0,,3977,10,ENSG00000158161,0.5,False,False
0.5,-0.004695167372119613,,3750,10,ENSG00000158195,0.5,False,False
0.5,0.0,,3689,10,ENSG00000158220,0.5,False,False
0.5,-0.006761367061699275,,513,10,ENSG00000158246,0.5,False,False
0.5,0.0,,3852,10,ENSG00000158258,0.5,False,False
0.5,0.0,,1478,10,ENSG00000158292,0.5,False,False
0.1249903003045602,2.772743923076632,,1042,10,ENSG00000158315,0.32515782098058704,False,False
0.0,160.0888888947666,,2874,10,ENSG00000158402,0.0,True,True
0.5,-0.00424605785519816,,6070,10,ENSG00000158417,0.5,False,False
0.5,0.0,,690,10,ENSG00000158428,0.5,False,False
0.5,-0.000476476232506684,,864,10,ENSG00000158457,0.5,False,False
0.5,-0.001249565451871604,,8073,10,ENSG00000158458,0.5,False,False
6.20185497703929e-05,17.98985969462956,,4259,10,ENSG00000158467,0.00021971528957117825,True,True
0.5,-0.004043182201712625,,1849,10,ENSG00000158516,0.5,False,False
0.0,78.59587578994433,,859,10,ENSG00000158604,0.0,True,True
0.4868873856577145,0.05315048605552875,,4894,10,ENSG00000158623,0.5,False,False
0.4818483882877752,0.07395716194150737,,2335,10,ENSG00000158715,0.5,False,False
0.2472611451839479,1.408326104608022,,452,10,ENSG00000158716,0.5,False,False
0.5,0.0,,643,10,ENSG00000158748,0.5,False,False
0.5,-2.91038304567337e-11,,1887,10,ENSG00000158769,0.5,False,False
0.03730891096377448,5.190751801046645,,887,10,ENSG00000158786,0.10568025235410834,False,True
0.5,0.0,,1804,10,ENSG00000158793,0.5,False,False
1.334805599384481e-10,44.08783612620027,,4277,10,ENSG00000158816,7.078169564326661e-10,True,True
0.5,-0.002392671962297754,,1701,10,ENSG00000158828,0.5,False,False
0.0,90.40187072280241,,1953,10,ENSG00000158850,0.0,True,True
1.804112415015879e-14,61.90750161545293,,5851,10,ENSG00000158856,1.2394551315316275e-13,True,True
0.410373531758533,0.3950806007997016,,2210,10,ENSG00000158859,0.5,False,False
0.0001308433460927017,16.49672520237073,,2957,10,ENSG00000158863,0.00045703286760189485,True,True
0.0001484577915107921,16.24412538373144,,11346,10,ENSG00000158864,0.0005160230992136128,True,True
0.5,0.0,,267,10,ENSG00000158869,0.5,False,False
1.082189893253371e-12,53.71776560943181,,966,10,ENSG00000158882,6.637253426685903e-12,True,True
0.3213332745253628,0.8842585509264609,,5881,10,ENSG00000158966,0.5,False,False
0.01305397872802788,7.291030255598344,,459,10,ENSG00000158985,0.03895050401512338,True,True
5.551115123125783e-17,74.38808627647086,,2954,10,ENSG00000159164,4.453426874585104e-16,True,True
0.5,0.0,,610,10,ENSG00000159167,0.5,False,False
0.05321884697067569,4.480390996995993,,1160,10,ENSG00000159173,0.14804840314996695,False,False
1.342159716699598e-10,44.07684716777658,,1342,10,ENSG00000159176,7.109587253316081e-10,True,True
0.5,0.0,,1600,10,ENSG00000159189,0.5,False,False
0.5,0.0,,344,10,ENSG00000159248,0.5,False,False
0.5,0.0,,1773,10,ENSG00000159251,0.5,False,False
0.3796074603905876,0.5509407571371412,,2029,10,ENSG00000159339,0.5,False,False
0.2569178009792743,1.331703810370527,,1513,10,ENSG00000159346,0.5,False,False
8.604833124370437e-07,26.5452488676674,,2336,10,ENSG00000159374,3.4825419007826322e-06,True,True
0.5,-0.004894371939371922,,368,10,ENSG00000159377,0.5,False,False
1.019063030466283e-05,21.60178935382964,,314,10,ENSG00000159388,3.8140101682011224e-05,True,True
0.5,-0.004733733600005507,,3441,10,ENSG00000159399,0.5,False,False
0.3827690629261446,0.5343525198913994,,3643,10,ENSG00000159403,0.5,False,False
0.5,-0.002244604380393866,,3123,10,ENSG00000159479,0.5,False,False
0.4925201031980829,0.03014563993201591,,2000,10,ENSG00000159495,0.5,False,False
2.417577430413598e-06,24.47919480098426,,822,10,ENSG00000159527,9.475989077129423e-06,True,True
0.111801536245424,2.995765593201213,,440,10,ENSG00000159596,0.29392222055218764,False,False
0.291620337771098,1.078310710479855,,1904,10,ENSG00000159650,0.5,False,False
1.179872866075016e-11,48.93976217103773,,1381,10,ENSG00000159674,6.761160870803145e-11,True,True
0.0,87.13567077542393,,4775,10,ENSG00000159692,0.0,True,True
0.4648193148467796,0.1459186771317036,,1432,10,ENSG00000159884,0.5,False,False
0.5,-0.0004067839763592929,,7239,10,ENSG00000159921,0.5,False,False
0.5,0.0,,1302,10,ENSG00000160049,0.5,False,False
0.0,131.1151777255745,,931,10,ENSG00000160050,0.0,True,True
0.2919791520037709,1.075851391826291,,1555,10,ENSG00000160062,0.5,False,False
0.0,127.9400163988994,,908,10,ENSG00000160097,0.0,True,True
0.5,0.0,,7771,10,ENSG00000160293,0.5,False,False
2.042810365310288e-14,61.65981240171823,,7658,10,ENSG00000160323,1.3938187595409291e-13,True,True
2.410499910787678e-09,38.3005689910633,,370,10,ENSG00000160349,1.1451601295375272e-08,True,True
0.3198418744350838,0.893562734236184,,3935,10,ENSG00000160360,0.5,False,False
0.002079132984048104,10.96531425250578,,1369,10,ENSG00000160404,0.006633487788746163,True,True
0.5,0.0,,990,10,ENSG00000160539,0.5,False,False
0.0,125.4689052422691,,2388,10,ENSG00000160563,0.0,True,True
0.0,159.1482240967325,,760,9,ENSG00000160606,0.0,True,True
0.5,0.0,,585,10,ENSG00000160654,0.5,False,False
0.0,218.8754778090188,,1589,10,ENSG00000160679,0.0,True,True
0.5,0.0,,1078,10,ENSG00000160683,0.5,False,False
0.5,-0.009092827407584991,,5472,10,ENSG00000160685,0.5,False,False
0.2628221195867794,1.286261292814743,,3038,10,ENSG00000160688,0.5,False,False
0.5,0.0,,1715,10,ENSG00000160714,0.5,False,False
6.919972928010054e-10,40.79658371818368,,1627,10,ENSG00000160716,3.418068057986297e-09,True,True
0.5,0.0,,3547,10,ENSG00000160741,0.5,False,False
0.0,95.75698653022846,,3154,10,ENSG00000160767,0.0,True,True
0.02747566057776379,5.802615111213527,,4966,10,ENSG00000160781,0.07899649463225265,False,True
0.5,-0.001501653172454098,,1619,10,ENSG00000160785,0.5,False,False
0.4983935343218921,0.006436207804654259,,3907,10,ENSG00000160801,0.5,False,False
3.767541834065469e-13,55.82813186032581,,1432,10,ENSG00000160808,2.381163034643157e-12,True,True
0.5,0.0,,506,10,ENSG00000160813,0.5,False,False
2.520761377411418e-13,56.63189763205446,,3280,10,ENSG00000160818,1.6074701399031272e-12,True,True
0.5,-0.005825181528052781,,2541,10,ENSG00000160838,0.5,False,False
0.01900170610407931,6.54015865677502,,5879,10,ENSG00000160867,0.0556622415557659,False,True
0.5,0.0,,3964,10,ENSG00000160870,0.5,False,False
0.01303125351614698,7.294515019301798,,589,10,ENSG00000160886,0.03890603540775215,True,True
0.5,0.0,,1722,10,ENSG00000160908,0.5,False,False
0.5,-0.004211524543279666,,835,10,ENSG00000160973,0.5,False,False
0.5,-0.0001240520723513328,,602,10,ENSG00000160993,0.5,False,False
0.004408845829024677,9.461990320087352,,2402,10,ENSG00000161010,0.013663301653313857,True,True
0.5,0.0,,1313,10,ENSG00000161021,0.5,False,False
0.0,260.0663113940391,,4774,10,ENSG00000161040,0.0,True,True
0.5,0.0,,345,10,ENSG00000161055,0.5,False,False
0.0002032789840250571,15.61556807273155,,1828,10,ENSG00000161202,0.0006987627273950477,True,True
0.5,0.0,,5222,10,ENSG00000161203,0.5,False,False
0.5,0.0,,2408,10,ENSG00000161204,0.5,False,False
0.5,0.0,,1817,10,ENSG00000161328,0.5,False,False
4.236487069236849e-05,18.75208776007639,,4764,10,ENSG00000161638,0.00015181762739469804,True,True
7.489009412608993e-13,54.45400067891387,,1995,10,ENSG00000161850,4.662119251353834e-12,True,True
0.5,0.0,,1029,10,ENSG00000161911,0.5,False,False
0.3625748062155878,0.642754566846861,,186,9,ENSG00000161980,0.5,False,False
0.0,291.795562205567,,3884,8,ENSG00000162065,0.0,True,True
0.1545633048204733,2.348008691900759,,839,9,ENSG00000162068,0.3896593401809601,False,False
0.005103563773783959,9.16933804720611,,2041,9,ENSG00000162069,0.015747596904963655,True,True
0.5,0.0,,1173,9,ENSG00000162073,0.5,False,False
0.5,0.0,,1675,9,ENSG00000162086,0.5,False,False
0.2102240083181278,1.732868859766313,,2441,10,ENSG00000162139,0.5,False,False
3.510817303542524e-09,37.54853958840249,,1721,10,ENSG00000162148,1.6489901102757804e-08,True,True
0.5,-0.0002852710304068751,,295,10,ENSG00000162188,0.5,False,False
0.025348674669331,5.963763302184816,,3024,10,ENSG00000162231,0.07313474930699095,False,True
0.0,156.027220551081,,1977,10,ENSG00000162236,0.0,True,True
0.0,119.5819643544055,,1983,10,ENSG00000162241,0.0,True,True
0.2313066219529453,1.541727800504304,,3749,10,ENSG00000162267,0.5,False,False
0.06541725070500948,4.067644205089891,,4471,10,ENSG00000162341,0.1799698036541577,False,False
0.3639425603500368,0.6352240889082168,,328,10,ENSG00000162344,0.5,False,False
5.866623853378883e-11,45.73201894338126,,2120,10,ENSG00000162365,3.189135196361373e-10,True,True
0.2371681036711026,1.49167782094446,,1334,10,ENSG00000162368,0.5,False,False
0.5,0.0,,360,10,ENSG00000162377,0.5,False,False
0.5,0.0,,3095,10,ENSG00000162383,0.5,False,False
0.355280593705449,0.6834004326537979,,624,10,ENSG00000162384,0.5,False,False
0.06837340749832632,3.979248256648134,,2351,10,ENSG00000162391,0.1875837445651821,False,False
0.5,0.0,,1067,10,ENSG00000162398,0.5,False,False
0.5,0.0,,495,10,ENSG00000162399,0.5,False,False
0.5,0.0,,1642,10,ENSG00000162407,0.5,False,False
0.5,0.0,,2126,10,ENSG00000162409,0.5,False,False
0.5,0.0,,2896,10,ENSG00000162415,0.5,False,False
0.5,-0.008588265973230591,,2011,10,ENSG00000162419,0.5,False,False
7.990601061941272e-05,17.48302460147534,,2102,10,ENSG00000162426,0.00028148193825846944,True,True
0.5,0.0,,2186,10,ENSG00000162437,0.5,False,False
0.01441779226062384,7.092290161861456,,934,10,ENSG00000162441,0.04281438728617492,True,True
0.4275939982207572,0.3128679106548589,,385,10,ENSG00000162456,0.5,False,False
0.4965928247232949,0.01367534851488017,,1187,10,ENSG00000162460,0.5,False,False
0.5,0.0,,496,10,ENSG00000162461,0.5,False,False
0.1589714354732712,2.291767126682316,,534,10,ENSG00000162490,0.3993555151737631,False,False
0.5,0.0,,379,10,ENSG00000162494,0.5,False,False
0.5,0.0,,666,10,ENSG00000162510,0.5,False,False
0.5,0.0,,1532,10,ENSG00000162511,0.5,False,False
0.5,0.0,,2416,10,ENSG00000162512,0.5,False,False
0.3684435162641395,0.610641357348868,,974,10,ENSG00000162517,0.5,False,False
0.0,78.77263861631218,,2408,10,ENSG00000162520,0.0,True,True
0.5,0.0,,6832,10,ENSG00000162522,0.5,False,False
0.0,78.25407233236774,,319,10,ENSG00000162526,0.0,True,True
0.5,0.0,,1460,10,ENSG00000162542,0.5,False,False
0.5,-0.0004457165435951538,,95,10,ENSG00000162545,0.5,False,False
0.5,0.0,,2282,10,ENSG00000162592,0.5,False,False
0.5,-0.002215038359281607,,8823,10,ENSG00000162594,0.5,False,False
0.139265700269235,2.55644895408841,,1516,10,ENSG00000162598,0.35798842022696375,False,False
0.0,247.3867326755571,,10807,10,ENSG00000162599,0.0,True,True
2.268074617006732e-12,52.23790327750612,,6784,10,ENSG00000162601,1.3657873056890417e-11,True,True
0.5,0.0,,1464,10,ENSG00000162616,0.5,False,False
0.04546850644846412,4.795176356285083,,2193,10,ENSG00000162621,0.1274861054535854,False,True
0.4602723183875766,0.1655795752012637,,2022,10,ENSG00000162624,0.5,False,False
0.5,-0.0002538914495744393,,416,10,ENSG00000162630,0.5,False,False
0.0,117.0114226828446,,6287,10,ENSG00000162631,0.0,True,True
0.2511313615497279,1.377263886704895,,1544,10,ENSG00000162636,0.5,False,False
0.5,0.0,,3044,10,ENSG00000162639,0.5,False,False
0.5,0.0,,593,10,ENSG00000162642,0.5,False,False
0.002188704261133045,10.86259678265924,,4810,10,ENSG00000162650,0.006960751275496013,True,True
0.0,113.7688775009301,,2234,10,ENSG00000162664,0.0,True,True
0.4456388571735729,0.2301984233781695,,3816,10,ENSG00000162670,0.5,False,False
0.4911357704032961,0.03577498143567936,,1947,10,ENSG00000162676,0.5,False,False
0.07531506534259191,3.785855824768078,,5173,10,ENSG00000162692,0.2042623418833436,False,False
0.0005292522713644665,13.70179635156819,,576,10,ENSG00000162704,0.0017722363170665652,True,True
1.201319211185936e-05,21.27271597769868,,9282,10,ENSG00000162711,4.465890699879556e-05,True,True
4.104216966283047e-12,51.05172140328796,,2219,10,ENSG00000162714,2.44191090792965e-11,True,True
0.1734153385517707,2.117837160534691,,876,10,ENSG00000162722,0.42956568424128855,False,False
0.5,-0.003200888053470408,,644,10,ENSG00000162723,0.5,False,False
0.5,-0.001873249617347028,,2815,10,ENSG00000162728,0.5,False,False
0.5,-0.003701532587001566,,775,10,ENSG00000162734,0.5,False,False
0.5,0.0,,1427,10,ENSG00000162738,0.5,False,False
0.4847787166649142,0.06183113179577049,,1259,10,ENSG00000162739,0.5,False,False
0.4375569192694203,0.2668025997845689,,2361,10,ENSG00000162745,0.5,False,False
2.111600837784167e-05,20.14466386748609,,1931,10,ENSG00000162746,7.739942938200771e-05,True,True
0.5,0.0,,846,10,ENSG00000162755,0.5,False,False
0.5,0.0,,1147,10,ENSG00000162761,0.5,False,False
0.5,-0.002833820107298379,,452,10,ENSG00000162763,0.5,False,False
3.090438571717868e-08,33.19844110142731,,8264,10,ENSG00000162775,1.367601553000416e-07,True,True
0.5,-0.003867955107125454,,1027,10,ENSG00000162777,0.5,False,False
0.0,109.828590326586,,2631,10,ENSG00000162813,0.0,True,True
0.1914529180974136,1.919932356890058,,1407,10,ENSG00000162814,0.4674947543527419,False,False
4.985945822877369e-08,32.24182088849921,,2104,10,ENSG00000162819,2.1754468879817573e-07,True,True
0.0,87.05042255771696,,2152,10,ENSG00000162836,0.0,True,True
0.5,0.0,,4333,10,ENSG00000162843,0.5,False,False
0.5,-0.000412076138673001,,916,10,ENSG00000162851,0.5,False,False
0.0,146.4181118411288,,1893,10,ENSG00000162873,0.0,True,True
0.2349157771040413,1.510762087520561,,1519,10,ENSG00000162878,0.5,False,False
0.3988977625595072,0.4518058970788843,,2568,10,ENSG00000162885,0.5,False,False
0.5,0.0,,1992,10,ENSG00000162889,0.5,False,False
0.2778087168653223,1.175350580695522,,552,10,ENSG00000162891,0.5,False,False
0.0195618715276169,6.482051514147315,,2445,10,ENSG00000162894,0.05716847766061484,False,True
0.5,0.0,,1684,10,ENSG00000162896,0.5,False,False
0.3108609832568595,0.9505245706386631,,2289,10,ENSG00000162897,0.5,False,False
0.5,0.0,,4951,10,ENSG00000162909,0.5,False,False
0.0,147.5495379990971,,3911,10,ENSG00000162924,0.0,True,True
0.5,0.0,,1278,10,ENSG00000162928,0.5,False,False
0.06246909436103587,4.159872308511694,,4823,10,ENSG00000162929,0.17271888568748883,False,False
0.0,79.23092953995001,,2741,10,ENSG00000162931,0.0,True,True
0.5,-0.0008228028541452659,,276,10,ENSG00000162961,0.5,False,False
8.306355603338034e-10,40.43136560933635,,1170,10,ENSG00000162971,4.066517005020018e-09,True,True
0.0089639188130336,8.042801199157111,,1369,10,ENSG00000162976,0.02713726851858133,True,True
0.5,0.0,,594,10,ENSG00000162981,0.5,False,False
0.5,0.0,,1791,10,ENSG00000162989,0.5,False,False
0.5,-0.006015863667926169,,1311,10,ENSG00000162998,0.5,False,False
0.5,-0.001097172181289352,,632,10,ENSG00000162999,0.5,False,False
5.777084366442864e-11,45.76277908164047,,3344,10,ENSG00000163013,3.1438968970116855e-10,True,True
0.0,132.8899394662221,,1847,10,ENSG00000163026,0.0,True,True
0.4943604459193982,0.02268639937392436,,4561,10,ENSG00000163050,0.5,False,False
0.4848456875755195,0.06155485611452605,,1887,10,ENSG00000163053,0.5,False,False
1.934008508897023e-13,57.16188329148281,,2412,10,ENSG00000163071,1.2460826843592996e-12,True,True
0.5,0.0,,887,10,ENSG00000163082,0.5,False,False
0.5,0.0,,6535,10,ENSG00000163104,0.5,False,False
0.5,-0.003526422512550198,,671,10,ENSG00000163106,0.5,False,False
0.002675173524025465,10.46118770287103,,993,10,ENSG00000163121,0.008480760426069255,True,True
0.5,0.0,,5606,10,ENSG00000163125,0.5,False,False
0.3158143087475622,0.9189073761463078,,1252,10,ENSG00000163126,0.5,False,False
6.296635083891111e-07,27.16986618682859,,4302,10,ENSG00000163131,2.57561372592717e-06,True,True
0.5,-1.373590930597857e-05,,459,10,ENSG00000163132,0.5,False,False
0.3678103848955629,0.614081102923592,,586,10,ENSG00000163155,0.5,False,False
0.1667379584032987,2.196369259207131,,1971,10,ENSG00000163162,0.4150923949439478,False,False
0.5,-0.006845453643109067,,293,10,ENSG00000163170,0.5,False,False
0.5,0.0,,535,10,ENSG00000163217,0.5,False,False
0.3581696949027642,0.6672024323979713,,886,10,ENSG00000163218,0.5,False,False
0.5,0.0,,179,10,ENSG00000163220,0.5,False,False
0.5,0.0,,154,10,ENSG00000163221,0.5,False,False
0.4905442809122909,0.03818509280245053,,1200,10,ENSG00000163239,0.5,False,False
0.4044275095888016,0.4242711757756297,,266,10,ENSG00000163273,0.5,False,False
0.00395492923956392,9.679290777603455,,1560,10,ENSG00000163291,0.012333428236734131,True,True
1.00650132284219e-07,30.83693638038858,,1129,10,ENSG00000163293,4.2972854762378137e-07,True,True
0.1483167125746893,2.430516322274343,,582,10,ENSG00000163295,0.3761995555056118,False,False
0.5,0.0,,4039,10,ENSG00000163328,0.5,False,False
0.1940669411688818,1.892809882448091,,407,10,ENSG00000163344,0.4722548754276018,False,False
0.5,-0.001868904154889606,,334,10,ENSG00000163347,0.5,False,False
5.551115123125783e-17,73.19783380780427,,824,10,ENSG00000163348,4.453426874585104e-16,True,True
8.513677896282434e-06,21.96137868602091,,2796,9,ENSG00000163357,3.212976772087165e-05,True,True
0.5,0.0,,1964,10,ENSG00000163380,0.5,False,False
2.483281191789644e-09,38.24107581895078,,3201,10,ENSG00000163382,1.1786107488513062e-08,True,True
0.5,-0.0005892762565053999,,1705,10,ENSG00000163389,0.5,False,False
0.03700109861650813,5.207320987865387,,3633,10,ENSG00000163393,0.10486807095071878,False,True
0.5,0.0,,677,10,ENSG00000163394,0.5,False,False
0.5,0.0,,1387,10,ENSG00000163428,0.5,False,False
0.3879732192758311,0.5073435673020867,,1181,10,ENSG00000163431,0.5,False,False
0.0,80.3578215294865,,518,10,ENSG00000163440,0.0,True,True
0.5,-0.001329997860011645,,1214,10,ENSG00000163444,0.5,False,False
0.0,142.0949044576537,,624,10,ENSG00000163453,0.0,True,True
0.0,87.2963883967659,,540,10,ENSG00000163463,0.0,True,True
0.2864936763973856,1.113783268767293,,1078,10,ENSG00000163472,0.5,False,False
0.0749389385936517,3.795868936555053,,1002,10,ENSG00000163481,0.20390934385384218,False,False
0.5,0.0,,1368,10,ENSG00000163485,0.5,False,False
0.5,0.0,,3673,10,ENSG00000163492,0.5,False,False
0.5,0.0,,346,10,ENSG00000163497,0.5,False,False
0.5,0.0,,620,10,ENSG00000163501,0.5,False,False
0.1824130327418325,2.016669143617037,,1884,10,ENSG00000163507,0.44761836450807835,False,False
8.326672684688674e-16,68.04845643854424,,1830,10,ENSG00000163508,6.190862471396333e-15,True,True
0.5,0.0,,2729,10,ENSG00000163510,0.5,False,False
0.01030174282392227,7.764590022692573,,4414,10,ENSG00000163513,0.03101747506427928,True,True
0.0,315.0643472904776,,4225,10,ENSG00000163517,0.0,True,True
0.2571296007236503,1.330055715228809,,1081,10,ENSG00000163518,0.5,False,False
0.5,0.0,,3635,10,ENSG00000163527,0.5,False,False
0.5,0.0,,334,10,ENSG00000163528,0.5,False,False
0.5,0.0,,412,10,ENSG00000163530,0.5,False,False
0.1786789699773346,2.058034732966917,,1935,10,ENSG00000163536,0.4406292497110869,False,False
0.5,0.0,,988,10,ENSG00000163545,0.5,False,False
0.5,0.0,,3991,10,ENSG00000163558,0.5,False,False
0.0,96.8270280129509,,5633,10,ENSG00000163565,0.0,True,True
0.5,0.0,,1642,10,ENSG00000163568,0.5,False,False
0.5,-0.00109657382563455,,520,10,ENSG00000163577,0.5,False,False
0.004272861176524256,9.524648861734022,,1608,10,ENSG00000163581,0.013274960332312086,True,True
5.303099115672172e-06,22.90814397797476,,524,10,ENSG00000163584,2.015096638758853e-05,True,True
0.3775755792621119,0.5616746795794825,,331,10,ENSG00000163586,0.5,False,False
0.5,0.0,,1467,10,ENSG00000163590,0.5,False,False
0.5,0.0,,938,10,ENSG00000163599,0.5,False,False
0.3387436777934266,0.7787287794362783,,792,10,ENSG00000163600,0.5,False,False
3.05311331771918e-15,65.45924947439198,,1806,10,ENSG00000163606,2.2008964699036522e-14,True,True
0.5,0.0,,2091,10,ENSG00000163607,0.5,False,False
0.5,0.0,,688,10,ENSG00000163623,0.5,False,False
0.0,183.689686330421,,922,10,ENSG00000163626,0.0,True,True
2.048361480433414e-14,61.65445389428351,,2680,10,ENSG00000163630,1.3956917813254523e-13,True,True
6.965738541531152e-10,40.78340022758221,,379,10,ENSG00000163633,3.4372602684103127e-09,True,True
0.5,0.0,,2106,10,ENSG00000163644,0.5,False,False
0.1121794721286509,2.989016159495804,,3972,10,ENSG00000163659,0.2947122555529423,False,False
0.5,0.0,,904,10,ENSG00000163661,0.5,False,False
0.4995476432996617,0.00181024580160738,,624,10,ENSG00000163666,0.5,False,False
0.5,-0.005488784852786921,,5072,10,ENSG00000163673,0.5,False,False
0.5,0.0,,1607,10,ENSG00000163687,0.5,False,False
0.4949522434645816,0.02029363671317697,,3614,10,ENSG00000163704,0.5,False,False
0.000214985254357869,15.50358787212554,,451,10,ENSG00000163705,0.0007384921651768235,True,True
0.0,110.333969903033,,4269,10,ENSG00000163719,0.0,True,True
0.5,0.0,,407,10,ENSG00000163736,0.5,False,False
2.548067312702074e-11,47.39990877890159,,1655,10,ENSG00000163738,1.4288711176302273e-10,True,True
0.5,0.0,,1713,10,ENSG00000163743,0.5,False,False
0.08298989266959278,3.591778545689522,,827,10,ENSG00000163751,0.22349308399488604,False,False
0.3268962267746625,0.8499306543526473,,6672,10,ENSG00000163781,0.5,False,False
0.5,0.0,,4185,10,ENSG00000163788,0.5,False,False
0.5,-0.001122487409702444,,230,10,ENSG00000163792,0.5,False,False
0.0,115.5913370698545,,5276,10,ENSG00000163798,0.0,True,True
0.5,-0.0004679282046708977,,238,10,ENSG00000163807,0.5,False,False
0.1614296961862294,2.261076736322138,,2797,10,ENSG00000163812,0.40410231949184955,False,False
1.887379141862766e-14,61.81751814267045,,2251,10,ENSG00000163814,1.2948722553966068e-13,True,True
0.5,0.0,,423,10,ENSG00000163815,0.5,False,False
0.5,0.0,,2611,10,ENSG00000163817,0.5,False,False
0.001167390795816514,12.11967385812386,,1857,10,ENSG00000163818,0.0038076077497648133,True,True
0.5,0.0,,381,10,ENSG00000163823,0.5,False,False
2.550961289427001e-07,28.97695641194969,,459,10,ENSG00000163825,1.061797611180745e-06,True,True
0.5,0.0,,1096,10,ENSG00000163827,0.5,False,False
0.5,-0.00841592530196067,,1554,10,ENSG00000163832,0.5,False,False
0.5,0.0,,1143,10,ENSG00000163840,0.5,False,False
5.736260264510573e-06,22.75111180264503,,2059,10,ENSG00000163875,2.173050918177882e-05,True,True
0.255548151849709,1.342394490467996,,499,10,ENSG00000163877,0.5,False,False
0.01616887117499372,6.863040474310765,,579,10,ENSG00000163879,0.04770104698957221,True,True
0.5,0.0,,1078,10,ENSG00000163884,0.5,False,False
0.5,0.0,,1697,10,ENSG00000163885,0.5,False,False
4.279550602781512e-10,41.75771141162113,,2625,10,ENSG00000163898,2.1676664662154014e-09,True,True
0.4990212606157756,0.003918794267519843,,2229,10,ENSG00000163902,0.5,False,False
0.4881809558196115,0.04784390039094433,,1096,10,ENSG00000163909,0.5,False,False
0.114838784102465,2.94215766160778,,1740,10,ENSG00000163914,0.30095264074060113,False,False
0.5,0.0,,3535,10,ENSG00000163931,0.5,False,False
3.885780586188048e-16,69.52260433942138,,3922,10,ENSG00000163935,2.9643976435121703e-15,True,True
3.801719811180604e-08,32.78416003363236,,1520,10,ENSG00000163938,1.6734295876825065e-07,True,True
1.293599366353204e-05,21.12469949002843,,9294,10,ENSG00000163946,4.79818288459421e-05,True,True
0.0,144.3887233831047,,5458,10,ENSG00000163947,0.0,True,True
2.267591751592413e-06,24.6072900230065,,2656,10,ENSG00000163956,8.895111492445317e-06,True,True
0.106264103946515,3.097361112417275,,1256,10,ENSG00000163958,0.28025326247612176,False,False
0.4934011132992886,0.02657127589191077,,1981,10,ENSG00000163961,0.5,False,False
0.3934650299307735,0.4792318075978983,,1249,10,ENSG00000163964,0.5,False,False
0.4996920346442764,0.00123224094932084,,1336,10,ENSG00000163982,0.5,False,False
0.5,0.0,,141,10,ENSG00000163993,0.5,False,False
0.1585018950965563,2.297683097238405,,1098,10,ENSG00000164007,0.39857857745716435,False,False
0.4012163743169557,0.440214459604249,,689,10,ENSG00000164008,0.5,False,False
4.639021104813068e-06,23.17572000453583,,1877,10,ENSG00000164010,1.772234329903241e-05,True,True
0.0002027181260902955,15.62109380951733,,4356,10,ENSG00000164022,0.0006973167075886098,True,True
2.586743083843324e-06,24.3439275792698,,506,10,ENSG00000164032,1.0123099999242088e-05,True,True
0.001756019992319557,11.3031164363565,,2503,10,ENSG00000164035,0.00562786304239528,True,True
3.258168499303826e-05,19.27722611397621,,2946,10,ENSG00000164038,0.00011829292055136666,True,True
0.5,-0.00622890016893507,,712,10,ENSG00000164039,0.5,False,False
0.08350923186571918,3.579301822303023,,1038,10,ENSG00000164040,0.22452698340545255,False,False
7.630296394722791e-11,45.20632467052019,,386,10,ENSG00000164047,4.120857140863318e-10,True,True
0.5,0.0,,1856,10,ENSG00000164049,0.5,False,False
0.0,84.94646701106103,,7972,10,ENSG00000164050,0.0,True,True
5.081837173293025e-10,41.41406185459346,,5449,10,ENSG00000164053,2.548090534270111e-09,True,True
0.5,0.0,,10504,10,ENSG00000164061,0.5,False,False
0.0,323.1470666076057,,4035,10,ENSG00000164070,0.0,True,True
1.799638441363216e-05,20.4643850112916,,4075,10,ENSG00000164076,6.63066785728936e-05,True,True
0.0,381.9243660969951,,3118,10,ENSG00000164077,0.0,True,True
0.4592463151052212,0.1700427961550304,,3859,10,ENSG00000164082,0.5,False,False
0.3111553633458695,0.9486315007052326,,1614,10,ENSG00000164086,0.5,False,False
0.5,0.0,,1654,10,ENSG00000164087,0.5,False,False
0.4605445461243197,0.1643970262921357,,1832,10,ENSG00000164088,0.5,False,False
0.5,0.0,,2040,10,ENSG00000164099,0.5,False,False
0.2501097997272146,1.385416156037536,,3801,10,ENSG00000164100,0.5,False,False
0.5,-0.009106720115596545,,708,10,ENSG00000164105,0.5,False,False
0.5,0.0,,272,10,ENSG00000164106,0.5,False,False
0.5,0.0,,595,10,ENSG00000164109,0.5,False,False
3.587019570261418e-12,51.32110798899521,,5041,10,ENSG00000164116,2.13674674760243e-11,True,True
1.154631945610163e-14,62.80170516848375,,1353,10,ENSG00000164117,8.066206878462009e-14,True,True
0.4555722075544668,0.1861077411213046,,370,10,ENSG00000164123,0.5,False,False
6.050715484207103e-15,64.08889339092275,,3175,10,ENSG00000164125,4.2811178973607584e-14,True,True
4.215306848021072e-08,32.57762235168229,,901,10,ENSG00000164136,1.8489361783118883e-07,True,True
0.5,-0.001187896079500206,,2100,10,ENSG00000164144,0.5,False,False
0.0,109.6688185220191,,1847,10,ENSG00000164161,0.0,True,True
0.009059299217076322,8.021632661038893,,2734,10,ENSG00000164163,0.027409339602030184,True,True
0.5,-0.00716216109412926,,392,10,ENSG00000164167,0.5,False,False
0.407515796556854,0.4090568038482161,,1460,10,ENSG00000164168,0.5,False,False
0.4996857016568082,0.001257588672160637,,2479,10,ENSG00000164169,0.5,False,False
0.0,86.26868206641302,,1324,10,ENSG00000164172,0.0,True,True
0.2897009218605411,1.091518022985838,,1906,10,ENSG00000164175,0.5,False,False
0.5,0.0,,2854,10,ENSG00000164176,0.5,False,False
0.0,173.9467851171612,,972,10,ENSG00000164187,0.0,True,True
0.0,227.0780106364036,,3803,10,ENSG00000164197,0.0,True,True
0.5,0.0,,1491,10,ENSG00000164209,0.5,False,False
0.5,0.0,,978,10,ENSG00000164211,0.5,False,False
0.5,-0.001278116043977207,,1274,10,ENSG00000164219,0.5,False,False
5.416778137146139e-13,55.10192148504757,,699,10,ENSG00000164220,3.3848058359503636e-12,True,True
0.4473742209717738,0.2224253413260158,,2588,10,ENSG00000164221,0.5,False,False
0.3952196789128271,0.4703326779090276,,1888,10,ENSG00000164236,0.5,False,False
0.2302130154259997,1.551206128056037,,402,10,ENSG00000164237,0.5,False,False
2.01826825180218e-06,24.84024706962737,,724,10,ENSG00000164241,7.961035911549598e-06,True,True
0.1938425139617976,1.895124105307332,,1819,10,ENSG00000164244,0.4719396301742444,False,False
2.248760067047328e-10,43.04464934267708,,671,10,ENSG00000164258,1.161509093820707e-09,True,True
0.0001286389083496875,16.53070811629823,,432,10,ENSG00000164265,0.00044996478912190266,True,True
0.03745163303957311,5.183115567197092,,4967,10,ENSG00000164270,0.1059638354600891,False,True
1.662558979376172e-13,57.46441235595194,,1396,10,ENSG00000164291,1.0781705819318226e-12,True,True
0.0,142.6074371341929,,461,10,ENSG00000164294,0.0,True,True
0.5,0.0,,5438,10,ENSG00000164304,0.5,False,False
0.5,0.0,,266,10,ENSG00000164325,0.5,False,False
0.5,0.0,,249,10,ENSG00000164326,0.5,False,False
0.5,0.0,,2818,10,ENSG00000164330,0.5,False,False
0.3604100392444252,0.6547314344334154,,640,10,ENSG00000164332,0.5,False,False
0.4935542465124829,0.02595064715569606,,2000,10,ENSG00000164344,0.5,False,False
0.06444125191476785,4.097708225501265,,2063,10,ENSG00000164363,0.177776365515283,False,False
0.5,0.0,,309,10,ENSG00000164399,0.5,False,False
0.5,-1.155623749582446e-05,,235,10,ENSG00000164400,0.5,False,False
0.0,83.92305498736096,,5071,10,ENSG00000164402,0.0,True,True
0.5,0.0,,3058,10,ENSG00000164404,0.5,False,False
0.07155177439929122,3.88837358596993,,240,10,ENSG00000164405,0.19522683810316763,False,False
0.3633992267042402,0.6382121407787054,,84,10,ENSG00000164406,0.5,False,False
0.0003231953647176433,14.6882127855024,,1783,10,ENSG00000164430,0.0011003242601680752,True,True
0.5,0.0,,464,10,ENSG00000164434,0.5,False,False
0.3456541610958915,0.7383387152276555,,439,10,ENSG00000164438,0.5,False,False
0.5,0.0,,801,10,ENSG00000164442,0.5,False,False
0.5,0.0,,1665,10,ENSG00000164458,0.5,False,False
0.008110259467591419,8.242956474641687,,3422,10,ENSG00000164463,0.02462785750415123,True,True
3.250098190576978e-09,37.70286688962005,,1728,10,ENSG00000164466,1.527976219275037e-08,True,True
0.1468852932558769,2.44991226822458,,3433,10,ENSG00000164483,0.37352119051877897,False,False
0.5,0.0,,1964,10,ENSG00000164484,0.5,False,False
0.5,0.0,,703,10,ENSG00000164485,0.5,False,False
0.5,0.0,,2721,10,ENSG00000164488,0.5,False,False
0.5,-0.005635174044982705,,662,10,ENSG00000164500,0.5,False,False
0.0,139.5560267440451,,5332,10,ENSG00000164509,0.0,True,True
0.0,304.2183897576397,,2758,10,ENSG00000164512,0.0,True,True
0.1646576414166652,2.221479361018282,,1880,10,ENSG00000164530,0.41073576148770946,False,False
0.5,0.0,,786,10,ENSG00000164532,0.5,False,False
0.5,0.0,,1660,10,ENSG00000164543,0.5,False,False
0.003347572682001754,10.01274517560705,,992,10,ENSG00000164548,0.010505253325095727,True,True
0.5,-0.008644868603369105,,563,10,ENSG00000164576,0.5,False,False
0.0004336531130239019,14.10023688339243,,876,10,ENSG00000164587,0.0014593982301629824,True,True
0.1970452528502201,1.862349372167955,,5271,10,ENSG00000164588,0.47786596181228413,False,False
2.68416843068886e-06,24.2699848134198,,865,10,ENSG00000164591,1.0471414724899129e-05,True,True
9.200401551723303e-11,44.8320835330087,,929,10,ENSG00000164603,4.926027698414608e-10,True,True
1.612310561893704e-06,25.28939019133031,,1374,10,ENSG00000164615,6.410577725706861e-06,True,True
0.08260847149641054,3.600991724804771,,1313,10,ENSG00000164620,0.2226118725977128,False,False
0.001722567190617974,11.3415847354272,,712,10,ENSG00000164626,0.005524209675134625,True,True
0.04493947296677347,4.818583118543756,,1826,10,ENSG00000164674,0.1260738514025557,False,True
0.01502392555770443,7.009928261824825,,3058,10,ENSG00000164675,0.04456112446274409,True,True
0.0,243.6091666757784,,1781,10,ENSG00000164683,0.0,True,True
0.5,0.0,,1135,10,ENSG00000164684,0.5,False,False
2.02832195483893e-12,52.46135700474588,,1381,10,ENSG00000164690,1.2273568617237029e-11,True,True
0.0305219959856487,5.592320989857399,,1859,10,ENSG00000164691,0.087300982192419,False,True
0.5,-0.005088288919068873,,4864,10,ENSG00000164692,0.5,False,False
0.3570143627614777,0.6736641712122946,,463,10,ENSG00000164695,0.5,False,False
0.5,-1.434868181604543e-05,,364,10,ENSG00000164708,0.5,False,False
0.3718431833544634,0.5922717662615469,,6000,10,ENSG00000164715,0.5,False,False
0.5,0.0,,6106,10,ENSG00000164742,0.5,False,False
3.838432871550168e-08,32.76493877382381,,1403,10,ENSG00000164746,1.6866046910857365e-07,True,True
0.5,0.0,,1967,10,ENSG00000164749,0.5,False,False
9.723186145116358e-10,40.11638073666836,,5323,10,ENSG00000164754,4.727578483461267e-09,True,True
0.5,-0.003299018564575817,,1504,10,ENSG00000164756,0.5,False,False
0.5,-0.0003041542468054104,,524,10,ENSG00000164758,0.5,False,False
0.5,-0.003496668334264541,,1749,10,ENSG00000164764,0.5,False,False
0.5,0.0,,1682,10,ENSG00000164776,0.5,False,False
0.1613113041362648,2.262544068395073,,1480,10,ENSG00000164794,0.40410231949184955,False,False
0.0002829915088994883,14.95389296830399,,5261,10,ENSG00000164808,0.0009660945540604357,True,True
0.5,-0.005044936384365428,,2022,10,ENSG00000164815,0.5,False,False
0.5,0.0,,129,10,ENSG00000164816,0.5,False,False
0.004684237006989667,9.34081010949376,,2912,10,ENSG00000164823,0.014489673428337438,True,True
0.4050440225391396,0.4212246791662437,,88,10,ENSG00000164825,0.5,False,False
0.5,0.0,,8451,10,ENSG00000164889,0.5,False,False
0.0,148.6748377648037,,2143,10,ENSG00000164896,0.0,True,True
0.5,-0.005766596283137915,,805,10,ENSG00000164900,0.5,False,False
0.5,-0.004114056748221628,,755,10,ENSG00000164902,0.5,False,False
0.5,0.0,,748,10,ENSG00000164919,0.5,False,False
0.0,342.6543580415528,,3358,10,ENSG00000164924,0.0,True,True
0.4998889947622597,0.0004440702468855307,,2823,10,ENSG00000164930,0.5,False,False
3.952393967665557e-14,60.33854253846948,,872,10,ENSG00000164932,2.638819811432011e-13,True,True
0.1490901734040179,2.420113569554815,,1778,10,ENSG00000164933,0.3775162792345467,False,False
0.5,0.0,,1077,10,ENSG00000164935,0.5,False,False
0.5,0.0,,785,10,ENSG00000164938,0.5,False,False
0.4476462691356366,0.2212095114082331,,6119,10,ENSG00000164946,0.5,False,False
0.5,0.0,,658,10,ENSG00000164967,0.5,False,False
0.3968046729091861,0.4623278931649111,,1164,10,ENSG00000164972,0.5,False,False
0.0009651134733120736,12.50023538821188,,2067,10,ENSG00000164975,0.0031686299777255807,True,True
0.4987586685555564,0.004971499613020569,,874,10,ENSG00000164976,0.5,False,False
0.01737197850391886,6.719499242401071,,584,10,ENSG00000164978,0.05106868858066928,False,True
0.4998564622198228,0.000574233548832126,,2393,10,ENSG00000164985,0.5,False,False
0.0001264840529089373,16.56449428239284,,3396,10,ENSG00000165006,0.0004427386904778706,True,True
0.3375195436351323,0.785969365388155,,5162,10,ENSG00000165025,0.5,False,False
0.5,0.0,,1386,10,ENSG00000165030,0.5,False,False
0.0,82.10239871037629,,3199,10,ENSG00000165046,0.0,True,True
0.2872645915709578,1.10840877096598,,743,10,ENSG00000165066,0.5,False,False
1.0825575118667e-05,21.48090395246982,,2094,10,ENSG00000165071,4.0425233213400645e-05,True,True
0.5,0.0,,1691,10,ENSG00000165072,0.5,False,False
0.5,0.0,,806,10,ENSG00000165076,0.5,False,False
0.3767569071414342,0.5660158551581844,,1278,10,ENSG00000165078,0.5,False,False
0.4993363845294853,0.002656224984093569,,2906,10,ENSG00000165084,0.5,False,False
6.380285189067081e-12,50.16933030709333,,4193,10,ENSG00000165097,3.733592768284666e-11,True,True
0.4518851278560255,0.2023601855908055,,1776,10,ENSG00000165105,0.5,False,False
0.001478930395712452,11.64657795515086,,8976,10,ENSG00000165115,0.00477675310926866,True,True
0.5,-0.0004779406262969133,,984,10,ENSG00000165118,0.5,False,False
8.467474571505207e-08,31.18260252200253,,424,10,ENSG00000165120,3.6245454835341566e-07,True,True
0.5,0.0,,2015,10,ENSG00000165152,0.5,False,False
0.5,0.0,,5275,10,ENSG00000165185,0.5,False,False
1.100167346113068e-09,39.86931273610207,,669,10,ENSG00000165233,5.3387632971379515e-09,True,True
0.5,0.0,,986,10,ENSG00000165244,0.5,False,False
0.02277810044516465,6.177617061774072,,835,10,ENSG00000165272,0.06610167538754316,False,True
0.5,-0.000135536214656895,,1661,10,ENSG00000165275,0.5,False,False
0.0001595333772272944,16.10022043102072,,2033,10,ENSG00000165283,0.0005529749256645034,True,True
1.996490497091497e-06,24.86194497944962,,4072,10,ENSG00000165325,7.881383914708814e-06,True,True
0.4439171931104793,0.2379401107609738,,6975,10,ENSG00000165379,0.5,False,False
0.4990264685080941,0.003897921949828742,,500,10,ENSG00000165383,0.5,False,False
0.4178743161220128,0.3588547804683913,,9522,10,ENSG00000165392,0.5,False,False
0.0,143.9909341865641,,1133,10,ENSG00000165410,0.0,True,True
0.5,-0.002665195497684181,,2558,10,ENSG00000165416,0.5,False,False
0.5,0.0,,1561,10,ENSG00000165417,0.5,False,False
0.5,0.0,,3468,10,ENSG00000165434,0.5,False,False
0.5,0.0,,1626,10,ENSG00000165443,0.5,False,False
1.501181875862567e-06,25.43222132473602,,1567,10,ENSG00000165449,5.983075841779173e-06,True,True
0.4998865014849347,0.0004540455956885125,,2447,10,ENSG00000165457,0.5,False,False
0.0,75.31456219898246,,7481,10,ENSG00000165458,0.0,True,True
5.551115123125783e-17,74.50515477005501,,999,10,ENSG00000165471,4.453426874585104e-16,True,True
0.5,0.0,,452,10,ENSG00000165474,0.5,False,False
4.651778962028175e-12,50.80124077675646,,1358,10,ENSG00000165476,2.7479748880199693e-11,True,True
0.5,-0.0002338784834137186,,1958,10,ENSG00000165478,0.5,False,False
0.09199597960205513,3.38572644415035,,967,10,ENSG00000165480,0.24575080694985083,False,False
4.32640590020128e-11,46.3411025814421,,6688,10,ENSG00000165494,2.369993716696164e-10,True,True
0.5,0.0,,2095,10,ENSG00000165495,0.5,False,False
0.0,112.7395728845804,,1016,10,ENSG00000165501,0.0,True,True
0.5,0.0,,448,10,ENSG00000165512,0.5,False,False
0.4120378809802307,0.3869856183227967,,2033,10,ENSG00000165516,0.5,False,False
1.006656868973721e-08,35.44179750364856,,5177,10,ENSG00000165525,4.5810716068392386e-08,True,True
3.353497675717687e-06,23.8247189879803,,952,10,ENSG00000165526,1.2970682300948504e-05,True,True
0.0,171.8758396445855,,661,10,ENSG00000165527,0.0,True,True
0.5,-0.000356783291863394,,439,10,ENSG00000165556,0.5,False,False
0.5,-0.002581885855761357,,1854,10,ENSG00000165566,0.5,False,False
0.5,-0.006980550369917182,,3051,10,ENSG00000165588,0.5,False,False
0.5,-0.007838842876481067,,646,10,ENSG00000165606,0.5,False,False
0.02081558015107998,6.357812692873267,,1324,10,ENSG00000165609,0.060654186099280506,False,True
0.5,0.0,,486,10,ENSG00000165623,0.5,False,False
0.4994140731639541,0.002345081658859272,,1277,10,ENSG00000165629,0.5,False,False
0.0,85.39547142586889,,1387,10,ENSG00000165630,0.0,True,True
0.0,100.5029034595209,,4886,10,ENSG00000165632,0.0,True,True
0.5,0.0,,2471,10,ENSG00000165633,0.5,False,False
0.5,0.0,,2448,10,ENSG00000165637,0.5,False,False
0.4998429253317417,0.0006283973834797507,,1287,10,ENSG00000165646,0.5,False,False
0.5,0.0,,3985,10,ENSG00000165650,0.5,False,False
0.5,-0.006871291539937374,,943,10,ENSG00000165660,0.5,False,False
1.498801083243961e-15,66.91415708838758,,1452,10,ENSG00000165669,1.1044498648971055e-14,True,True
0.3502821266667019,0.7117383848617465,,867,10,ENSG00000165672,0.5,False,False
0.1540307619511032,2.35491152582108,,3662,10,ENSG00000165678,0.3885136967265656,False,False
0.2822552947177971,1.143592273127069,,782,10,ENSG00000165682,0.5,False,False
0.3637700606411444,0.6361722638175706,,606,10,ENSG00000165685,0.5,False,False
0.2138914720191798,1.698278704134282,,5335,10,ENSG00000165688,0.5,False,False
0.5,0.0,,1028,10,ENSG00000165695,0.5,False,False
0.0,122.5836804008504,,841,10,ENSG00000165698,0.0,True,True
0.3747574722032926,0.5766580449053436,,1943,10,ENSG00000165702,0.5,False,False
0.01403710976004979,7.145807157228774,,736,10,ENSG00000165714,0.041708831509251885,True,True
0.5,-0.00898835550469812,,1628,10,ENSG00000165716,0.5,False,False
0.2187607245696874,1.653259095430258,,3583,10,ENSG00000165730,0.5,False,False
0.4863850434869375,0.05521503530326299,,7389,10,ENSG00000165757,0.5,False,False
4.757305660518796e-14,59.96675179148224,,771,10,ENSG00000165782,3.163481063558889e-13,True,True
0.5,-0.002511768201657105,,2955,10,ENSG00000165792,0.5,False,False
0.2349639031170927,1.510352399549447,,487,10,ENSG00000165794,0.5,False,False
0.4486414931607803,0.2167679716440034,,2331,10,ENSG00000165816,0.5,False,False
0.1097885184115342,3.032104285661262,,722,10,ENSG00000165828,0.28908845451507204,False,False
0.5,-0.007364889956079423,,1244,10,ENSG00000165832,0.5,False,False
0.5,-0.0005009294764022343,,3828,10,ENSG00000165861,0.5,False,False
0.3338609377628663,0.8077670922448306,,674,10,ENSG00000165886,0.5,False,False
0.3897728507735858,0.4980879257564084,,1524,10,ENSG00000165887,0.5,False,False
0.5,0.0,,3639,10,ENSG00000165891,0.5,False,False
8.714796106978895e-10,40.33536289740005,,2967,10,ENSG00000165929,4.25391519490805e-09,True,True
0.5,0.0,,1780,10,ENSG00000165953,0.5,False,False
0.2420797876634055,1.450681450922275,,5017,10,ENSG00000165966,0.5,False,False
5.51979173823991e-05,18.22287630692881,,3102,10,ENSG00000165970,0.00019625049396715733,True,True
0.4174634499431509,0.3608222059992841,,5042,10,ENSG00000165973,0.5,False,False
1.184320907732239e-06,25.9063876815344,,3202,10,ENSG00000165983,4.769888417052759e-06,True,True
0.5,-0.005026535363867879,,555,10,ENSG00000165997,0.5,False,False
0.5,-2.256015250168275e-07,,335,10,ENSG00000166002,0.5,False,False
0.5,0.0,,6001,10,ENSG00000166006,0.5,False,False
0.5,-0.009256752633518772,,1269,10,ENSG00000166012,0.5,False,False
0.5,0.0,,2683,10,ENSG00000166016,0.5,False,False
0.201199982850603,1.820617490709992,,3995,10,ENSG00000166024,0.48530296519527005,False,False
0.0,156.8661858177511,,1659,10,ENSG00000166033,0.0,True,True
1.115446573995982e-08,35.23655745058932,,2085,10,ENSG00000166035,5.062254798408772e-08,True,True
0.5,0.0,,1438,10,ENSG00000166069,0.5,False,False
0.5,0.0,,2926,10,ENSG00000166073,0.5,False,False
0.0,75.831220537857,,1749,10,ENSG00000166086,0.0,True,True
0.2302082330581405,1.55124767581583,,661,10,ENSG00000166090,0.5,False,False
1.873501354054952e-13,57.22544890025165,,1488,10,ENSG00000166091,1.2086635194642452e-12,True,True
0.5,0.0,,1575,10,ENSG00000166106,0.5,False,False
0.5,0.0,,334,10,ENSG00000166118,0.5,False,False
0.5,0.0,,1235,10,ENSG00000166130,0.5,False,False
0.4446134643794356,0.2348056261798774,,1229,10,ENSG00000166133,0.5,False,False
0.5,0.0,,802,10,ENSG00000166135,0.5,False,False
1.912521721142424e-05,20.34271128069486,,707,10,ENSG00000166136,7.020577890009164e-05,True,True
0.293327143357368,1.066639163989748,,863,10,ENSG00000166148,0.5,False,False
5.551115123125783e-17,73.4535998610445,,1341,10,ENSG00000166170,4.453426874585104e-16,True,True
0.5,0.0,,735,10,ENSG00000166171,0.5,False,False
0.3901488241102735,0.4961596635839669,,1446,10,ENSG00000166199,0.5,False,False
0.001987963702500706,11.05499449741183,,4927,10,ENSG00000166224,0.006346682577816761,True,True
0.5,-9.124621283262968e-05,,3118,10,ENSG00000166226,0.5,False,False
0.337038558520403,0.7888215152306657,,401,10,ENSG00000166228,0.5,False,False
0.0,172.561981562234,,3862,10,ENSG00000166272,0.0,True,True
0.5,-0.0003923463091268786,,245,10,ENSG00000166275,0.5,False,False
0.5,-0.00834887547262042,,329,10,ENSG00000166295,0.5,False,False
1.105565639036854e-11,49.06986628491723,,7954,10,ENSG00000166313,6.349980933682809e-11,True,True
0.02455396051298875,6.027469865774037,,2357,10,ENSG00000166317,0.0709241577187027,False,True
0.5,0.0,,1871,10,ENSG00000166321,0.5,False,False
0.5,0.0,,2074,10,ENSG00000166326,0.5,False,False
0.0,152.0491053964724,,3478,10,ENSG00000166333,0.0,True,True
2.189998182799968e-11,47.70277710580922,,1116,10,ENSG00000166343,1.2308532159601175e-10,True,True
0.004964596758591178,9.224552042149298,,5037,10,ENSG00000166349,0.015337828743622682,True,True
0.5,0.0,,1008,10,ENSG00000166391,0.5,False,False
0.4447779581595434,0.2340658224093204,,1490,10,ENSG00000166394,0.5,False,False
0.5,0.0,,4319,10,ENSG00000166402,0.5,False,False
0.5,-0.00217653378877003,,522,10,ENSG00000166407,0.5,False,False
0.0,159.0323556967924,,5492,10,ENSG00000166415,0.0,True,True
0.5,-0.002676144576980732,,4887,10,ENSG00000166435,0.5,False,False
0.3455461942734069,0.7389635229119449,,1617,10,ENSG00000166471,0.5,False,False
0.5,-0.004318014383898117,,2986,10,ENSG00000166477,0.5,False,False
0.5,0.0,,1048,9,ENSG00000166482,0.5,False,False
0.5,0.0,,2547,10,ENSG00000166483,0.5,False,False
0.0,120.5896504285192,,3966,9,ENSG00000166484,0.0,True,True
0.0,124.7143596803289,,2667,10,ENSG00000166507,0.0,True,True
0.5,0.0,,3875,10,ENSG00000166508,0.5,False,False
0.3883336276345274,0.5054865264373802,,478,10,ENSG00000166527,0.5,False,False
0.5,0.0,,2020,10,ENSG00000166578,0.5,False,False
3.885780586188048e-16,69.60637729738664,,8493,10,ENSG00000166689,2.9643976435121703e-15,True,True
8.641548587817738e-11,44.957413755782,,536,10,ENSG00000166710,4.6468175865735597e-10,True,True
0.4879807587336185,0.04866424433930661,,2300,10,ENSG00000166734,0.5,False,False
0.5,0.0,,3265,10,ENSG00000166736,0.5,False,False
5.785080858800029e-09,36.54967263410799,,784,10,ENSG00000166741,2.671772719746643e-08,True,True
0.0797985536048691,3.670205438218545,,7822,9,ENSG00000166750,0.21571630740794506,False,False
0.5,0.0,,782,10,ENSG00000166793,0.5,False,False
0.0,121.3116498802665,,730,10,ENSG00000166794,0.0,True,True
3.108624468950438e-15,65.42318735589652,,3203,10,ENSG00000166796,2.2376697696902282e-14,True,True
0.5,0.0,,570,10,ENSG00000166797,0.5,False,False
0.5,-1.818989403545856e-12,,662,10,ENSG00000166800,0.5,False,False
0.5,0.0,,1731,9,ENSG00000166819,0.5,False,False
0.4331459044101221,0.2870669309686491,,635,9,ENSG00000166821,0.5,False,False
0.01511719168922798,6.997550959626096,,4281,9,ENSG00000166825,0.04481103186067937,True,True
0.5,0.0,,468,10,ENSG00000166831,0.5,False,False
0.4413930736622134,0.2493445929285372,,3876,10,ENSG00000166839,0.5,False,False
0.5,0.0,,714,10,ENSG00000166860,0.5,False,False
0.0,263.0579991711056,,2981,10,ENSG00000166866,0.0,True,True
0.0,100.3677496909222,,1136,10,ENSG00000166881,0.0,True,True
0.0,122.7769536310734,,1866,10,ENSG00000166886,0.0,True,True
0.5,0.0,,3580,10,ENSG00000166887,0.5,False,False
0.0782751606314735,3.708755557578115,,2754,10,ENSG00000166900,0.21194373923840454,False,False
0.5,0.0,,467,10,ENSG00000166920,0.5,False,False
0.497108863400882,0.0115981105263927,,2837,10,ENSG00000166924,0.5,False,False
0.5,-0.001320254712481983,,1768,10,ENSG00000166946,0.5,False,False
2.907812751695715e-08,33.32026479297019,,821,10,ENSG00000166961,1.289078487249063e-07,True,True
0.5,0.0,,9663,10,ENSG00000166963,0.5,False,False
0.5,-0.005849557425790408,,421,10,ENSG00000167034,0.5,False,False
0.5,0.0,,1535,10,ENSG00000167094,0.5,False,False
0.5,0.0,,1719,10,ENSG00000167103,0.5,False,False
0.4982914509243953,0.006845899530162569,,1225,10,ENSG00000167106,0.5,False,False
0.4917837314843894,0.03313809744395257,,967,10,ENSG00000167112,0.5,False,False
0.4761643576276027,0.09769002930624993,,753,10,ENSG00000167113,0.5,False,False
0.5,0.0,,2410,10,ENSG00000167114,0.5,False,False
0.5,0.0,,1047,10,ENSG00000167139,0.5,False,False
0.5,-0.005016119674110087,,413,10,ENSG00000167157,0.5,False,False
0.5,-0.0008020695822779089,,1913,10,ENSG00000167244,0.5,False,False
0.5,-0.000803111008281121,,676,10,ENSG00000167272,0.5,False,False
0.06871266247049734,3.969349200830038,,806,10,ENSG00000167286,0.18824010891579968,False,False
0.1046079545646091,3.128777004047151,,1616,9,ENSG00000167525,0.2763249952227115,False,False
4.966586586441224e-10,41.45994184002075,,264,10,ENSG00000167531,2.4953335031271362e-09,True,True
0.0,189.4450896402668,,822,10,ENSG00000167580,0.0,True,True
0.0,168.9843557988497,,1266,10,ENSG00000167588,0.0,True,True
0.0,243.5868580538572,,1229,10,ENSG00000167612,0.0,True,True
0.0,105.2376550494228,,10105,10,ENSG00000167632,0.0,True,True
1.722643036383698e-06,25.1570072340146,,299,10,ENSG00000167653,6.838329180345182e-06,True,True
0.3636484331017363,0.6368410812401635,,332,10,ENSG00000167656,0.5,False,False
0.02168133737142275,6.276312473863072,,2851,10,ENSG00000167702,0.06302920636204369,False,True
0.0,162.2765428519342,,1854,10,ENSG00000167767,0.0,True,True
1.235693289913797e-07,30.42663257943423,,1417,10,ENSG00000167768,5.244316061460091e-07,True,True
0.3924154994888703,0.484573744579393,,1912,10,ENSG00000167771,0.5,False,False
2.547961841514734e-14,61.21650553787913,,801,10,ENSG00000167779,1.7266433514569872e-13,True,True
0.0,125.4301646176536,,1243,10,ENSG00000167780,0.0,True,True
0.4886131228511786,0.04607416378348717,,932,10,ENSG00000167791,0.5,False,False
0.5,0.0,,331,10,ENSG00000167797,0.5,False,False
0.5,0.0,,1052,10,ENSG00000167800,0.5,False,False
0.5,0.0,,614,10,ENSG00000167910,0.5,False,False
3.335817966299004e-08,33.04563129241797,,1626,9,ENSG00000167962,1.4735664799619222e-07,True,True
0.0,262.3011998341171,,3501,9,ENSG00000167965,0.0,True,True
0.0,86.72054808890971,,2672,9,ENSG00000167967,0.0,True,True
3.093081346605686e-13,56.22271945052489,,1842,9,ENSG00000167968,1.9623707420939647e-12,True,True
0.4251352612796701,0.3244014365773182,,8771,9,ENSG00000167972,0.5,False,False
0.5,0.0,,1395,9,ENSG00000167977,0.5,False,False
0.1517795053095529,2.384358507184515,,805,9,ENSG00000167981,0.3836134448220102,False,False
0.3018632970725104,1.00926768438876,,1061,10,ENSG00000167985,0.5,False,False
0.5,0.0,,1483,10,ENSG00000167987,0.5,False,False
0.2195599120717083,1.645965910298401,,2998,10,ENSG00000167992,0.5,False,False
0.5,0.0,,2826,10,ENSG00000167994,0.5,False,False
0.2978617821958679,1.035957075226179,,3862,10,ENSG00000167995,0.5,False,False
0.01180779891296718,7.491695720978896,,8254,10,ENSG00000168056,0.03529566814489108,True,True
0.04958026741971677,4.622030356360483,,907,10,ENSG00000168062,0.13839071276412526,False,True
0.5,0.0,,4834,10,ENSG00000168071,0.5,False,False
0.007185156118291569,8.485181701631518,,4243,10,ENSG00000168077,0.02191230320808232,True,True
6.323909748084944e-06,22.55605145909431,,2569,10,ENSG00000168079,2.3938452882020175e-05,True,True
2.220446049250313e-16,70.69618027599063,,1355,9,ENSG00000168092,1.7176514228570851e-15,True,True
1.142654403119003e-05,21.37284860968794,,968,10,ENSG00000168118,4.254163922989462e-05,True,True
0.2962386694163686,1.046885306728655,,4057,10,ENSG00000168143,0.5,False,False
0.5,-0.002902568754507229,,2099,9,ENSG00000168152,0.5,False,False
0.02526680970194317,5.970232866966398,,5149,10,ENSG00000168172,0.07294086561663687,False,True
0.5,0.0,,737,10,ENSG00000168175,0.5,False,False
0.5,-0.001920142893141019,,662,10,ENSG00000168209,0.5,False,False
0.5,0.0,,2681,10,ENSG00000168237,0.5,False,False
0.1252536010611355,2.768535215455813,,392,10,ENSG00000168243,0.32567245775122217,False,False
0.5,-0.006167196814203635,,957,10,ENSG00000168246,0.5,False,False
0.5,0.0,,661,10,ENSG00000168263,0.5,False,False
0.0,84.23018337172834,,3130,10,ENSG00000168268,0.0,True,True
0.0,135.6190285638349,,685,10,ENSG00000168269,0.0,True,True
0.5,-0.00103531923105038,,213,10,ENSG00000168273,0.5,False,False
0.1778622623189616,2.067197309552284,,426,10,ENSG00000168275,0.43948678230229254,False,False
0.4989486233877206,0.004209934228128986,,1309,10,ENSG00000168288,0.5,False,False
5.154765503334602e-13,55.200990770114,,2392,10,ENSG00000168291,3.2291944097715755e-12,True,True
0.5,-0.0008733553222555202,,222,10,ENSG00000168298,0.5,False,False
0.5,0.0,,987,10,ENSG00000168301,0.5,False,False
0.5,-0.0005375708260544343,,245,10,ENSG00000168303,0.5,False,False
6.589173651150304e-14,59.3159632025563,,2693,10,ENSG00000168306,4.340999965671737e-13,True,True
0.5,-0.004182694880000781,,380,10,ENSG00000168333,0.5,False,False
0.1478585768010474,2.436703687059889,,643,10,ENSG00000168348,0.37522885765735187,False,False
0.3801275653446377,0.5482024074881338,,744,10,ENSG00000168350,0.5,False,False
2.567372425765768e-10,42.77964172927022,,7210,10,ENSG00000168386,1.3217400965510984e-09,True,True
0.0,160.7856404395861,,4764,10,ENSG00000168394,0.0,True,True
0.0,84.10716148864958,,1025,10,ENSG00000168395,0.0,True,True
5.551115123125783e-17,74.14717926346566,,1696,10,ENSG00000168398,4.453426874585104e-16,True,True
1.491972101419492e-10,43.86520956846107,,692,10,ENSG00000168412,7.886364752880502e-10,True,True
0.5,0.0,,1499,10,ENSG00000168427,0.5,False,False
0.5,-3.637978807091713e-11,,5677,10,ENSG00000168438,0.5,False,False
1.916738989748978e-11,47.96932579874556,,2797,10,ENSG00000168439,1.0797123142708287e-10,True,True
0.4996231377815761,0.001508017259766348,,2193,10,ENSG00000168490,0.5,False,False
0.5,0.0,,586,10,ENSG00000168497,0.5,False,False
0.5,-0.001727334234601585,,1241,10,ENSG00000168530,0.5,False,False
0.03123671001784628,5.546028184355237,,6088,10,ENSG00000168538,0.08924261667361712,False,True
0.137947417714351,2.575471033589565,,6237,10,ENSG00000168542,0.3550503550776376,False,False
0.5,0.0,,523,10,ENSG00000168556,0.5,False,False
0.5,-0.0001275998620258179,,1818,10,ENSG00000168564,0.5,False,False
0.5,0.0,,1136,10,ENSG00000168566,0.5,False,False
3.68100755498979e-05,19.03318355527881,,4856,10,ENSG00000168594,0.00013286887937967502,True,True
0.5,0.0,,12503,10,ENSG00000168615,0.5,False,False
1.068283901339839e-07,30.71778987995822,,1403,10,ENSG00000168621,4.5493528469729104e-07,True,True
0.5,-1.04382706922479e-08,,620,10,ENSG00000168672,0.5,False,False
0.0,175.2277689175971,,3675,10,ENSG00000168679,0.0,True,True
1.984523656517467e-13,57.11037763294371,,1422,10,ENSG00000168685,1.2736800861313393e-12,True,True
0.2238805136444775,1.606991220105556,,6778,10,ENSG00000168702,0.5,False,False
0.5,0.0,,3762,10,ENSG00000168710,0.5,False,False
0.1432398330113294,2.500175437919097,,1649,10,ENSG00000168754,0.36593473518148556,False,False
0.1132008910636266,2.97088812183938,,3583,10,ENSG00000168758,0.2969732237080584,False,False
9.918990722213028e-05,17.0506542201083,,789,10,ENSG00000168772,0.00034842556392858474,True,True
0.5,0.0,,3600,10,ENSG00000168778,0.5,False,False
0.01128852090983867,7.581643475533383,,630,9,ENSG00000168792,0.03384514949098104,True,True
0.5,-0.003801375030889176,,677,10,ENSG00000168795,0.5,False,False
0.0,107.4576709488574,,1397,10,ENSG00000168811,0.0,True,True
8.057593281485254e-08,31.28183730334786,,1816,10,ENSG00000168824,3.4610076841198316e-07,True,True
0.5,0.0,,5368,10,ENSG00000168826,0.5,False,False
0.1271220277436272,2.738921249510895,,5603,10,ENSG00000168843,0.3298408794975491,False,False
4.314881785205671e-13,55.55674479947811,,1277,10,ENSG00000168890,2.71673696197633e-12,True,True
0.0,99.73827630165215,,633,10,ENSG00000168894,0.0,True,True
0.5,0.0,,275,10,ENSG00000168899,0.5,False,False
0.5,0.0,,1452,10,ENSG00000168906,0.5,False,False
4.361402350383514e-10,41.7198201955398,,2454,10,ENSG00000168907,2.204635700285325e-09,True,True
0.5,-0.0003091788275924046,,1215,10,ENSG00000168917,0.5,False,False
0.4541444183970775,0.1923856975263334,,1950,10,ENSG00000168924,0.5,False,False
0.1280522236649908,2.724339840354332,,469,10,ENSG00000168938,0.3320812098590533,False,False
0.5,0.0,,1549,10,ENSG00000168952,0.5,False,False
0.0,208.1425835378977,,2982,9,ENSG00000168961,0.0,True,True
0.0006288864206361322,13.35682541677306,,772,10,ENSG00000168993,0.00209376242051146,True,True
0.4457770691222602,0.2295782327546476,,755,10,ENSG00000169006,0.5,False,False
0.2839857759985174,1.13136789197597,,1362,10,ENSG00000169016,0.5,False,False
0.0005296296458141003,13.70037079330905,,426,10,ENSG00000169019,0.0017722363170665652,True,True
0.3467459743776271,0.7320312977062713,,298,10,ENSG00000169020,0.5,False,False
0.07308817296857834,3.845883073896402,,3006,10,ENSG00000169026,0.19920031361408694,False,False
0.5,0.0,,6902,10,ENSG00000169031,0.5,False,False
0.0,106.8197986558807,,4268,10,ENSG00000169032,0.0,True,True
0.5,0.0,,1398,10,ENSG00000169062,0.5,False,False
0.4966654283083478,0.01338296298490604,,1630,10,ENSG00000169087,0.5,False,False
0.5,0.0,,804,10,ENSG00000169116,0.5,False,False
7.763464593413261e-08,31.35620972100878,,4979,10,ENSG00000169129,3.337551675681725e-07,True,True
0.006269675092291538,8.757767129166496,,557,10,ENSG00000169139,0.019226488229998832,True,True
3.646898065035042e-06,23.65697283275949,,3149,10,ENSG00000169174,1.4029134551805335e-05,True,True
0.5,-0.0002930530754383653,,315,10,ENSG00000169194,0.5,False,False
0.1897276772691773,1.938036663664207,,519,10,ENSG00000169213,0.46350956126566206,False,False
0.1449032551106152,2.47708356937801,,6138,10,ENSG00000169231,0.3692360609222336,False,False
0.4999425585939478,0.0002297788232681341,,1456,10,ENSG00000169241,0.5,False,False
0.5,0.0,,589,10,ENSG00000169242,0.5,False,False
0.3528229120383923,0.6972836659142558,,179,10,ENSG00000169245,0.5,False,False
0.0674264992247321,4.007139988505514,,6286,10,ENSG00000169247,0.18519017512082686,False,False
1.347934768469727e-06,25.64757951493493,,188,10,ENSG00000169248,5.402600756138938e-06,True,True
0.5,0.0,,5975,10,ENSG00000169251,0.5,False,False
0.5,0.0,,166,10,ENSG00000169271,0.5,False,False
0.0,230.7237088470647,,3646,10,ENSG00000169282,0.0,True,True
0.5,0.0,,1928,10,ENSG00000169299,0.5,False,False
0.0,91.22402406725814,,1903,10,ENSG00000169302,0.0,True,True
1.874699029347227e-08,34.19817086895637,,11767,10,ENSG00000169375,8.431060553321072e-08,True,True
0.143619380522565,2.494882977858651,,5737,10,ENSG00000169379,0.3665278597841141,False,False
0.0,117.2390735071167,,3597,10,ENSG00000169410,0.0,True,True
0.2464164485456998,1.415170226951886,,2757,10,ENSG00000169427,0.5,False,False
5.642535095773393e-06,22.7840598557359,,309,10,ENSG00000169429,2.1408062216915985e-05,True,True
0.5,0.0,,1721,10,ENSG00000169435,0.5,False,False
0.5,0.0,,767,10,ENSG00000169495,0.5,False,False
0.06486774887764207,4.084515067814209,,2184,10,ENSG00000169499,0.17885375993203528,False,False
0.02808411975510555,5.758807630305455,,543,10,ENSG00000169504,0.08065266262234123,False,True
0.1411329274433717,2.529811808388331,,3590,10,ENSG00000169519,0.3622266156363936,False,False
0.003045885875615106,10.20163262334245,,2607,10,ENSG00000169550,0.009600910231501609,True,True
0.5,-1.091393642127514e-11,,797,10,ENSG00000169564,0.5,False,False
0.5,0.0,,1044,10,ENSG00000169567,0.5,False,False
0.4956229745261555,0.01758518549468135,,1876,10,ENSG00000169570,0.5,False,False
0.1707394028660379,2.148939328149936,,322,10,ENSG00000169583,0.423358818472419,False,False
0.5,0.0,,549,10,ENSG00000169605,0.5,False,False
8.850254973324923e-10,40.30451494033696,,1785,10,ENSG00000169607,4.315800807580213e-09,True,True
0.5,0.0,,2214,10,ENSG00000169621,0.5,False,False
0.5,0.0,,930,10,ENSG00000169692,0.5,False,False
0.5,0.0,,3605,10,ENSG00000169744,0.5,False,False
0.00144224591684744,11.69681307084466,,1446,10,ENSG00000169758,0.004661293820922135,True,True
0.0,88.14255039489217,,2089,10,ENSG00000169762,0.0,True,True
0.0,151.9192208645909,,5620,10,ENSG00000169814,0.0,True,True
0.5,0.0,,2411,10,ENSG00000169826,0.5,False,False
0.44947043956222,0.2130760191976151,,937,10,ENSG00000169836,0.5,False,False
0.5,0.0,,407,10,ENSG00000169840,0.5,False,False
0.008279991284928123,8.20153236524493,,129,10,ENSG00000169855,0.025097304479727293,True,True
0.5,0.0,,1390,10,ENSG00000169884,0.5,False,False
0.5,0.0,,447,10,ENSG00000169885,0.5,False,False
0.5,-0.00972804778120917,,484,10,ENSG00000169903,0.5,False,False
0.4968610829405568,0.01259524516353849,,722,10,ENSG00000169908,0.5,False,False
0.5,0.0,,680,10,ENSG00000169914,0.5,False,False
0.5,0.0,,6374,10,ENSG00000169918,0.5,False,False
0.5,0.0,,2448,10,ENSG00000169919,0.5,False,False
0.5,0.0,,576,10,ENSG00000169926,0.5,False,False
0.5,0.0,,1824,10,ENSG00000169967,0.5,False,False
1.397227722410577e-08,34.78608697546952,,2082,10,ENSG00000170044,6.312271290890291e-08,True,True
4.418230398206546e-08,32.48358862001623,,1771,10,ENSG00000170075,1.932830079215423e-07,True,True
2.466893872266063e-05,19.83363693356659,,2068,10,ENSG00000170142,9.002443228651061e-05,True,True
0.5,0.0,,6298,10,ENSG00000170145,0.5,False,False
0.5,0.0,,809,10,ENSG00000170162,0.5,False,False
0.5,-0.001095378682293813,,351,10,ENSG00000170166,0.5,False,False
0.5,0.0,,516,10,ENSG00000170178,0.5,False,False
0.0,94.2391890515064,,5805,10,ENSG00000170185,0.0,True,True
0.3013002974168101,1.013001330280531,,636,10,ENSG00000170214,0.5,False,False
0.5,0.0,,645,10,ENSG00000170231,0.5,False,False
1.110223024625157e-16,72.1615832212774,,2022,10,ENSG00000170289,8.751583715507972e-16,True,True
0.5,0.0,,287,10,ENSG00000170293,0.5,False,False
0.05445829166749133,4.434345960587962,,9430,10,ENSG00000170325,0.15124262577001782,False,False
0.3609008489131534,0.6520096690892387,,756,10,ENSG00000170340,0.5,False,False
0.04669592735157047,4.741902292696068,,429,10,ENSG00000170348,0.1307065518552119,False,True
0.5,-0.00553122640667425,,566,10,ENSG00000170370,0.5,False,False
0.02427649837532453,6.050198722325149,,1938,10,ENSG00000170374,0.07024508604936835,False,True
0.5,0.0,,6705,10,ENSG00000170379,0.5,False,False
0.0001953526312734599,15.69511417302419,,3267,10,ENSG00000170381,0.0006733776770299303,True,True
0.5,0.0,,1373,10,ENSG00000170385,0.5,False,False
4.690835340670496e-05,18.54833521369437,,7869,10,ENSG00000170390,0.00016773698766711032,True,True
0.5,0.0,,4460,10,ENSG00000170396,0.5,False,False
0.1472489895423331,2.444966275961633,,1347,10,ENSG00000170417,0.37406357200386353,False,False
0.006957917999775354,8.549455613683676,,1302,10,ENSG00000170419,0.021258405485800127,True,True
0.5,0.0,,1198,10,ENSG00000170430,0.5,False,False
0.5,-4.547473508864641e-12,,385,10,ENSG00000170439,0.5,False,False
0.5,-0.002373288392846007,,3518,10,ENSG00000170448,0.5,False,False
0.5,0.0,,4538,10,ENSG00000170454,0.5,False,False
0.0002216392523324284,15.44262461360995,,1501,10,ENSG00000170458,0.0007597750800148166,True,True
0.003297286708088931,10.04301635574302,,1321,10,ENSG00000170464,0.010360520584986953,True,True
0.5,0.0,,1783,10,ENSG00000170482,0.5,False,False
0.0,124.6138011162548,,2187,10,ENSG00000170484,0.0,True,True
0.3689486611613196,0.6079011873734999,,292,10,ENSG00000170498,0.5,False,False
0.000145934885968757,16.27840568348984,,2442,10,ENSG00000170500,0.0005079636968569611,True,True
0.03572564474451223,5.277478654777951,,1180,10,ENSG00000170509,0.1014265736068515,False,True
0.2761717125350385,1.187170558499929,,3529,10,ENSG00000170542,0.5,False,False
2.466815851587256e-08,33.64921074632184,,624,10,ENSG00000170545,1.1004432328067273e-07,True,True
0.5,0.0,,558,10,ENSG00000170577,0.5,False,False
0.0,113.6806656286499,,6927,10,ENSG00000170581,0.0,True,True
0.5,0.0,,358,10,ENSG00000170584,0.5,False,False
0.3653952204045711,0.627257069983898,,2414,10,ENSG00000170606,0.5,False,False
0.3857143304668346,0.5190221588891291,,794,10,ENSG00000170613,0.5,False,False
0.5,-0.000284944660961628,,7449,10,ENSG00000170615,0.5,False,False
0.1414043300310811,2.525969445458031,,1030,10,ENSG00000170624,0.36254903998690585,False,False
0.0,100.2697045994482,,656,10,ENSG00000170627,0.0,True,True
0.5,0.0,,2978,10,ENSG00000170633,0.5,False,False
5.848973277933212e-08,31.92253485053516,,2881,10,ENSG00000170743,2.54085529121745e-07,True,True
0.1958586654309632,1.874429587929626,,3016,10,ENSG00000170759,0.47586782748742723,False,False
0.5,0.0,,885,10,ENSG00000170775,0.5,False,False
0.5,0.0,,1135,10,ENSG00000170786,0.5,False,False
0.5,-0.001035240158671513,,1587,10,ENSG00000170801,0.5,False,False
0.1380161087864119,2.574475379209616,,2015,10,ENSG00000170807,0.3550503550776376,False,False
0.418871449322441,0.3540880581804231,,639,10,ENSG00000170819,0.5,False,False
0.5,0.0,,212,10,ENSG00000170860,0.5,False,False
0.0,182.7376526234875,,7901,10,ENSG00000170873,0.0,True,True
0.0,183.1378659516267,,1494,10,ENSG00000170876,0.0,True,True
0.2436304023859052,1.437911531558711,,832,10,ENSG00000170881,0.5,False,False
0.5,0.0,,334,10,ENSG00000170890,0.5,False,False
0.007025704103769015,8.530065319964706,,406,10,ENSG00000170891,0.021439173136286554,True,True
0.4971742278789797,0.01133514928824297,,537,10,ENSG00000170893,0.5,False,False
0.07519897969047273,3.788940870421357,,677,10,ENSG00000170899,0.2041701555569931,False,False
1.013958697559936e-07,30.82217259659956,,1740,10,ENSG00000170903,4.3254121455086803e-07,True,True
0.5,0.0,,1174,10,ENSG00000170915,0.5,False,False
0.1211139928285451,2.835751813317074,,446,10,ENSG00000170950,0.3157342769020877,False,False
0.4722487863858055,0.1142043237923644,,728,10,ENSG00000170955,0.5,False,False
0.5,0.0,,1658,10,ENSG00000170961,0.5,False,False
0.374001997268771,0.5806939214271551,,1753,10,ENSG00000171016,0.5,False,False
0.1864170757199529,1.973243184678722,,396,10,ENSG00000171053,0.45586948605262817,False,False
0.000400489491451661,14.25935169972945,,4944,10,ENSG00000171097,0.0013523657369182362,True,True
0.3806403650712585,0.5455061855063832,,2616,10,ENSG00000171115,0.5,False,False
0.08803008869270651,3.473858850356919,,1972,10,ENSG00000171121,0.23578980137723327,False,False
0.001952747693196533,11.09074128855355,,868,10,ENSG00000171126,0.006246281045633155,True,True
0.0,104.8939185153195,,1153,10,ENSG00000171130,0.0,True,True
0.5,-0.0008843109417284722,,377,10,ENSG00000171135,0.5,False,False
0.2862817063448106,1.115263570251045,,468,10,ENSG00000171160,0.5,False,False
0.4169502680336488,0.3632822900708561,,643,10,ENSG00000171169,0.5,False,False
1.110223024625157e-16,72.42108468595688,,558,10,ENSG00000171202,8.751583715507972e-16,True,True
1.664779425425422e-13,57.46127246185824,,364,10,ENSG00000171209,1.0782047997481834e-12,True,True
0.5,0.0,,219,10,ENSG00000171217,0.5,False,False
0.5,-0.0005601211514658644,,485,10,ENSG00000171243,0.5,False,False
0.5,0.0,,533,10,ENSG00000171303,0.5,False,False
0.3661191859815686,0.6232983465083635,,305,10,ENSG00000171357,0.5,False,False
0.5,0.0,,3179,10,ENSG00000171385,0.5,False,False
0.5,-3.780864062719047e-06,,3654,10,ENSG00000171435,0.5,False,False
0.5,-0.000155427202116698,,882,10,ENSG00000171448,0.5,False,False
0.0,147.7370387849642,,976,10,ENSG00000171476,0.0,True,True
0.5,-0.00388998124981299,,2371,10,ENSG00000171488,0.5,False,False
0.0,202.5428537222542,,2821,10,ENSG00000171495,0.0,True,True
0.5,0.0,,3760,10,ENSG00000171502,0.5,False,False
6.716849298982197e-15,63.87683197327715,,8535,10,ENSG00000171503,4.745683013229751e-14,True,True
0.4982568667320119,0.006984715448197676,,1109,10,ENSG00000171517,0.5,False,False
0.5,-0.009533479531455669,,689,10,ENSG00000171522,0.5,False,False
0.0,151.3532829777778,,914,10,ENSG00000171530,0.0,True,True
0.04379201084213408,4.870313397186692,,2531,10,ENSG00000171533,0.12299348499648499,False,True
0.5,0.0,,969,10,ENSG00000171540,0.5,False,False
0.0001793623229046637,15.86591093428433,,8379,10,ENSG00000171551,0.0006195473570331925,True,True
3.917800232550173e-05,18.90849590667494,,2250,10,ENSG00000171557,0.00014090483265874593,True,True
5.426415478071434e-08,32.07250956074495,,1106,10,ENSG00000171564,2.3614164993812175e-07,True,True
2.413325095318442e-11,47.50856535349885,,1992,10,ENSG00000171566,1.3548396189744843e-10,True,True
0.2187230659978774,1.653603415130419,,420,10,ENSG00000171596,0.5,False,False
2.567118739804641e-09,38.17466897770646,,3780,10,ENSG00000171604,1.2160808201703127e-08,True,True
0.2128098247472891,1.708418346050166,,1238,10,ENSG00000171621,0.5,False,False
0.0,128.2011904491956,,7546,10,ENSG00000171714,0.0,True,True
0.0,348.5688648070354,,7000,10,ENSG00000171723,0.0,True,True
0.01006145360102717,7.811792902193702,,1987,10,ENSG00000171757,0.030330709219096454,True,True
0.2786234181290984,1.169493968220195,,2439,10,ENSG00000171759,0.5,False,False
0.5,0.0,,2887,10,ENSG00000171766,0.5,False,False
0.4249386685983705,0.3253264981649409,,2887,10,ENSG00000171812,0.5,False,False
0.06536679035425119,4.069187523459732,,556,10,ENSG00000171819,0.17993050095298585,False,False
0.2545581744621938,1.350157410308384,,847,10,ENSG00000171823,0.5,False,False
0.5,-0.0009812115167733282,,4495,10,ENSG00000171824,0.5,False,False
3.683078092509007e-08,32.84756944422406,,4875,10,ENSG00000171843,1.6226421994809388e-07,True,True
0.3682874417650998,0.611488746750183,,409,10,ENSG00000171865,0.5,False,False
0.5,0.0,,792,10,ENSG00000171872,0.5,False,False
1.403321903126198e-11,48.59289496424026,,5591,9,ENSG00000171931,7.977283595599668e-11,True,True
0.5,-0.0004534910867732833,,325,10,ENSG00000171956,0.5,False,False
0.1000735399711365,3.217405565577792,,7424,10,ENSG00000171992,0.2650510052270676,False,False
0.5,0.0,,714,10,ENSG00000172005,0.5,False,False
4.829470157119431e-15,64.54540750731485,,508,10,ENSG00000172007,3.4316835087874354e-14,True,True
0.5,0.0,,1711,10,ENSG00000172020,0.5,False,False
0.383597907148098,0.5300264224606508,,321,10,ENSG00000172023,0.5,False,False
0.5,0.0,,2656,10,ENSG00000172062,0.5,False,False
0.3641033649854127,0.6343406026753655,,616,10,ENSG00000172073,0.5,False,False
0.5,-0.0002937148165074177,,2757,10,ENSG00000172113,0.5,False,False
6.30937925671371e-05,17.95548197455628,,405,10,ENSG00000172115,0.00022336549767184335,True,True
1.630070225094871e-05,20.66231037538091,,4639,10,ENSG00000172159,6.028229962544155e-05,True,True
0.0,116.7245226251089,,761,9,ENSG00000172171,0.0,True,True
2.90252660545276e-06,24.11356355303178,,946,10,ENSG00000172179,1.1314394463575257e-05,True,True
0.2465200745430893,1.414329339786491,,2592,10,ENSG00000172197,0.5,False,False
0.5,-1.929915924847592e-07,,433,10,ENSG00000172209,0.5,False,False
0.1062000166452883,3.098567665372684,,1896,10,ENSG00000172243,0.2802328290682568,False,False
0.5,0.0,,1828,10,ENSG00000172260,0.5,False,False
0.0,315.8486726980773,,5215,10,ENSG00000172262,0.0,True,True
0.2794563695940968,1.163523839204572,,1846,10,ENSG00000172273,0.5,False,False
0.2578517283522239,1.324446749924391,,3290,10,ENSG00000172292,0.5,False,False
0.5,-0.005804100201203255,,1235,10,ENSG00000172322,0.5,False,False
3.854159158489523e-09,37.36193158324568,,838,10,ENSG00000172331,1.7966811297401017e-08,True,True
0.3172938472369342,0.9095595819744631,,1337,10,ENSG00000172348,0.5,False,False
0.4913048546815045,0.03508655599580379,,2215,10,ENSG00000172350,0.5,False,False
2.72571837323099e-08,33.4496030943701,,2335,10,ENSG00000172367,1.2105109989688344e-07,True,True
0.5,-0.001365430346595531,,643,10,ENSG00000172399,0.5,False,False
0.5,-0.001037900234223343,,401,10,ENSG00000172425,0.5,False,False
0.5,0.0,,928,10,ENSG00000172426,0.5,False,False
9.325873406851315e-15,63.22568179422524,,2489,10,ENSG00000172432,6.542580299813603e-14,True,True
3.732244346910107e-09,37.42621779540787,,6424,10,ENSG00000172456,1.743115810472382e-08,True,True
0.5,0.0,,359,10,ENSG00000172461,0.5,False,False
0.5,0.0,,2155,10,ENSG00000172469,0.5,False,False
0.3032589193999475,1.000042276602471,,2332,10,ENSG00000172482,0.5,False,False
0.4391955677035816,0.2593266000403673,,1721,10,ENSG00000172497,0.5,False,False
0.5,0.0,,5114,10,ENSG00000172508,0.5,False,False
0.000892634341922216,12.65637270393563,,2062,10,ENSG00000172531,0.0029423215485229305,True,True
0.5,-0.001983727863262175,,2324,10,ENSG00000172543,0.5,False,False
6.987833744975802e-08,31.56672592622999,,1745,10,ENSG00000172548,3.0171427992629896e-07,True,True
0.4213246577096436,0.3424088069295976,,2335,10,ENSG00000172554,0.5,False,False
0.03999948018331745,5.05148327972347,,1887,10,ENSG00000172572,0.11285162474862222,False,True
0.5,-0.00170070677950207,,292,10,ENSG00000172586,0.5,False,False
0.4973764878511661,0.01052167654415825,,2116,10,ENSG00000172594,0.5,False,False
0.0,99.52932138512824,,511,10,ENSG00000172602,0.0,True,True
6.17216280347499e-05,17.99945794511768,,1102,10,ENSG00000172663,0.00021881922868485104,True,True
0.003500641116004566,9.92332394150435,,2935,10,ENSG00000172671,0.010971763649027542,True,True
0.4945892688885785,0.02176088023043121,,481,10,ENSG00000172689,0.5,False,False
0.5,-1.091393642127514e-11,,1596,10,ENSG00000172731,0.5,False,False
1.499867780918596e-05,20.82880265258427,,1723,10,ENSG00000172733,5.5508499570603395e-05,True,True
7.953971937757487e-07,26.70255410343088,,4775,10,ENSG00000172766,3.2270029705061777e-06,True,True
0.5,-0.0007223131065074995,,278,10,ENSG00000172789,0.5,False,False
0.5,0.0,,2532,10,ENSG00000172795,0.5,False,False
0.5,0.0,,2318,10,ENSG00000172803,0.5,False,False
0.4904270985123253,0.03866291469603311,,2821,10,ENSG00000172817,0.5,False,False
0.03837256348048135,5.134530773895676,,549,10,ENSG00000172818,0.10838451490739025,False,True
3.742598064793157e-09,37.42067723584842,,1976,10,ENSG00000172867,1.7463117049044243e-08,True,True
0.5,0.0,,1472,10,ENSG00000172878,0.5,False,False
0.02323919559609394,6.137535559988464,,2806,10,ENSG00000172901,0.06740044250435641,False,True
0.05510428058064504,4.410761395687587,,2413,10,ENSG00000172932,0.15295127879917883,False,False
0.4222358692819628,0.3380880171462195,,1054,10,ENSG00000172985,0.5,False,False
0.5,-2.182787284255028e-11,,2990,10,ENSG00000172987,0.5,False,False
0.5,0.0,,1478,10,ENSG00000173011,0.5,False,False
0.5,-0.003248409244406503,,2200,10,ENSG00000173020,0.5,False,False
0.0,123.7498540353845,,5631,10,ENSG00000173040,0.0,True,True
0.003698693669954012,9.81325680667942,,3904,10,ENSG00000173083,0.01157791209210274,True,True
6.585820777615936e-10,40.8955696105113,,1904,10,ENSG00000173085,3.262736309547975e-09,True,True
0.01036295352721572,7.75274162554706,,1773,10,ENSG00000173093,0.031182898272456742,True,True
0.5,0.0,,357,10,ENSG00000173113,0.5,False,False
0.0,82.93980840303266,,2790,10,ENSG00000173137,0.0,True,True
0.2739187275905912,1.203553301245847,,3353,10,ENSG00000173145,0.5,False,False
4.12814227246372e-12,51.04009672933171,,2644,10,ENSG00000173153,2.4532114292992288e-11,True,True
0.5,0.0,,585,10,ENSG00000173156,0.5,False,False
0.4364550595294115,0.2718453696797951,,3066,10,ENSG00000173171,0.5,False,False
0.5,0.0,,10225,10,ENSG00000173175,0.5,False,False
0.5,0.0,,2511,10,ENSG00000173208,0.5,False,False
4.649098328535217e-10,41.59206090166117,,6035,10,ENSG00000173210,2.3429194616144044e-09,True,True
2.131362863977415e-10,43.15188406651941,,1131,10,ENSG00000173212,1.1054639088033013e-09,True,True
0.0,127.2114153135881,,2395,10,ENSG00000173218,0.0,True,True
4.052314039881821e-15,64.89605886721438,,530,10,ENSG00000173221,2.900174105665062e-14,True,True
1.449951270160454e-13,57.737803927801,,1535,10,ENSG00000173227,9.415218822164619e-13,True,True
0.5,0.0,,1267,10,ENSG00000173239,0.5,False,False
0.5,0.0,,423,10,ENSG00000173250,0.5,False,False
0.0,294.6923479761172,,3088,10,ENSG00000173253,0.0,True,True
0.0,103.901186615054,,2677,10,ENSG00000173258,0.0,True,True
0.0,102.5938794773101,,3723,10,ENSG00000173264,0.0,True,True
0.5,0.0,,1024,10,ENSG00000173267,0.5,False,False
0.2430480345189724,1.44269800328766,,570,10,ENSG00000173281,0.5,False,False
0.1201514853428013,2.851709547496284,,5026,10,ENSG00000173320,0.3137587042849604,False,False
0.4836422306572959,0.0665253157967527,,3156,10,ENSG00000173327,0.5,False,False
0.5,0.0,,734,10,ENSG00000173334,0.5,False,False
0.5,-0.001748752460116521,,2934,10,ENSG00000173369,0.5,False,False
0.04726316700175354,4.717753633301982,,441,10,ENSG00000173389,0.13221990588679533,False,True
0.0,161.1813759405049,,12119,10,ENSG00000173402,0.0,True,True
0.5,0.0,,4232,10,ENSG00000173406,0.5,False,False
0.490134396271922,0.03985693363574683,,1214,10,ENSG00000173409,0.5,False,False
0.1365059512339377,2.596479771651502,,2378,10,ENSG00000173421,0.35180342043399276,False,False
0.5,0.0,,433,10,ENSG00000173456,0.5,False,False
0.5,0.0,,7156,10,ENSG00000173473,0.5,False,False
0.068458496793394,3.976760845354875,,713,10,ENSG00000173486,0.18771365107516083,False,False
0.02967485626852301,5.648616003021743,,2206,10,ENSG00000173540,0.08502461698135567,False,True
0.4917883838180668,0.03311917729115521,,922,10,ENSG00000173597,0.5,False,False
0.003743567564907235,9.789138094711234,,3306,10,ENSG00000173612,0.011703648691293894,True,True
0.5,-0.00974132737974287,,1585,10,ENSG00000173621,0.5,False,False
0.001799921908221147,11.25372963766949,,437,10,ENSG00000173626,0.00576484969188151,True,True
0.0,104.0847616039391,,1218,10,ENSG00000173641,0.0,True,True
0.4902203181003662,0.03950635918590706,,1237,10,ENSG00000173653,0.5,False,False
0.5,0.0,,1293,10,ENSG00000173702,0.5,False,False
0.5,-0.006241011898964643,,1735,10,ENSG00000173705,0.5,False,False
0.0002023916889768995,15.62431700650632,,4114,10,ENSG00000173715,0.0006966756131287877,True,True
0.5,-0.009574210047503584,,487,10,ENSG00000173726,0.5,False,False
0.4900956165592884,0.04001518103541457,,534,10,ENSG00000173728,0.5,False,False
0.5,0.0,,3263,10,ENSG00000173769,0.5,False,False
0.5,0.0,,1333,10,ENSG00000173846,0.5,False,False
0.0,135.1852069404995,,2151,10,ENSG00000173848,0.0,True,True
0.3249744172586215,0.8617232705801143,,3935,10,ENSG00000173905,0.5,False,False
0.5,0.0,,1113,10,ENSG00000173926,0.5,False,False
0.5,0.0,,1019,10,ENSG00000173930,0.5,False,False
0.5,0.0,,663,10,ENSG00000173947,0.5,False,False
1.280595629538084e-10,44.17075700272835,,1822,10,ENSG00000173960,6.805216518506869e-10,True,True
0.5,-0.006086345449148212,,956,10,ENSG00000173992,0.5,False,False
0.5,0.0,,2794,10,ENSG00000174004,0.5,False,False
0.5,0.0,,632,10,ENSG00000174007,0.5,False,False
0.5,0.0,,430,10,ENSG00000174013,0.5,False,False
0.0008506691000595978,12.75268032218446,,1997,10,ENSG00000174015,0.002805854180170053,True,True
0.5,0.0,,1610,10,ENSG00000174059,0.5,False,False
3.801577820650159e-05,18.96872417589475,,8419,10,ENSG00000174080,0.00013692286806599486,True,True
0.5,-0.0003611536230891943,,2667,10,ENSG00000174106,0.5,False,False
0.5,0.0,,1241,10,ENSG00000174136,0.5,False,False
0.5,0.0,,4017,10,ENSG00000174145,0.5,False,False
0.0,118.5173422763219,,2254,10,ENSG00000174206,0.0,True,True
7.984224392743045e-11,45.1156430481642,,3604,10,ENSG00000174243,4.302657868851994e-10,True,True
0.5,0.0,,803,10,ENSG00000174279,0.5,False,False
0.5,0.0,,254,10,ENSG00000174307,0.5,False,False
0.5,0.0,,2139,10,ENSG00000174332,0.5,False,False
0.5,0.0,,529,10,ENSG00000174343,0.5,False,False
0.0003312366358503849,14.63906069114455,,3674,10,ENSG00000174348,0.0011238547249111967,True,True
3.060646180941262e-11,47.03332501609111,,2974,10,ENSG00000174358,1.7066876798208337e-10,True,True
0.5,0.0,,799,10,ENSG00000174417,0.5,False,False
0.5,0.0,,723,10,ENSG00000174429,0.5,False,False
0.0,83.52738485684131,,677,10,ENSG00000174446,0.0,True,True
0.2406921965883276,1.462178347521331,,871,10,ENSG00000174453,0.5,False,False
0.06530528820145487,4.071070164587582,,1901,10,ENSG00000174473,0.17993050095298585,False,False
0.1163826172154491,2.915449821484799,,1597,10,ENSG00000174498,0.3048378820587908,False,False
0.1662829210209629,2.201834834413603,,3316,10,ENSG00000174502,0.4143743733257863,False,False
4.568567746332519e-14,60.0479988357838,,3704,10,ENSG00000174514,3.0420422985619746e-13,True,True
6.661338147750939e-16,68.47760990015377,,3150,10,ENSG00000174516,5.00505981071196e-15,True,True
0.5,-0.006889649899676442,,2698,10,ENSG00000174527,0.5,False,False
0.5,-0.00181439460357069,,678,10,ENSG00000174547,0.5,False,False
4.996558722325517e-13,55.2634059788943,,624,10,ENSG00000174564,3.1340331758949714e-12,True,True
0.3559723217160336,0.6795102371206667,,645,10,ENSG00000174567,0.5,False,False
0.06390240771940581,4.114502116621225,,1303,10,ENSG00000174576,0.17638766703458628,False,False
0.5,0.0,,4553,10,ENSG00000174579,0.5,False,False
1.720845688168993e-15,66.61381199129755,,2368,10,ENSG00000174606,1.2624611287540665e-14,True,True
0.5,0.0,,3078,10,ENSG00000174611,0.5,False,False
0.5,0.0,,2776,10,ENSG00000174640,0.5,False,False
0.5,0.0,,3210,10,ENSG00000174669,0.5,False,False
0.5,0.0,,834,10,ENSG00000174684,0.5,False,False
0.5,-0.0003315174629960893,,102,10,ENSG00000174695,0.5,False,False
0.5,0.0,,247,10,ENSG00000174697,0.5,False,False
1.110223024625157e-16,72.56975816346676,,5085,10,ENSG00000174705,8.751583715507972e-16,True,True
5.5336421278529e-08,32.0333747047116,,9660,10,ENSG00000174720,2.405973421673105e-07,True,True
0.4458657135449267,0.2291805648783338,,2500,10,ENSG00000174738,0.5,False,False
0.4979163169785034,0.008352147426194279,,2529,10,ENSG00000174748,0.5,False,False
0.5,-0.0007270555006471113,,379,10,ENSG00000174749,0.5,False,False
0.1747832818648999,2.102122562366276,,1406,10,ENSG00000174775,0.43252340497314035,False,False
1.122260372665718e-05,21.4088668861732,,3420,10,ENSG00000174799,4.1845000701943634e-05,True,True
0.2389638083171657,1.476591975071642,,4025,10,ENSG00000174804,0.5,False,False
9.491294639119019e-09,35.55948726223869,,2671,10,ENSG00000174839,4.3271951911070577e-08,True,True
1.644517855226013e-12,52.88085055519332,,1056,10,ENSG00000174840,9.987584629907433e-12,True,True
0.5,-1.2732925824821e-11,,1249,10,ENSG00000174851,0.5,False,False
0.5,-0.008870458468663855,,464,10,ENSG00000174871,0.5,False,False
0.5,0.0,,2480,10,ENSG00000174885,0.5,False,False
0.5,-2.182787284255028e-11,,4788,10,ENSG00000174891,0.5,False,False
0.5,-5.470489304570947e-05,,615,10,ENSG00000174903,0.5,False,False
0.2032107084511993,1.800729369919281,,1616,10,ENSG00000174945,0.48876695543339715,False,False
0.5,-1.746182078932179e-05,,656,10,ENSG00000174946,0.5,False,False
0.005598470414925949,8.984229356468859,,1129,10,ENSG00000174948,0.01723192564594163,True,True
0.5,0.0,,2424,10,ENSG00000174989,0.5,False,False
0.0495659832597129,4.622606642806204,,5002,10,ENSG00000174996,0.13839071276412526,False,True
0.2631156654779712,1.284028740372378,,586,10,ENSG00000175018,0.5,False,False
0.5,0.0,,4564,10,ENSG00000175073,0.5,False,False
0.5,0.0,,521,10,ENSG00000175077,0.5,False,False
0.439445692376621,0.2581879115168704,,1794,10,ENSG00000175084,0.5,False,False
0.5,-0.005445581027743174,,1248,10,ENSG00000175087,0.5,False,False
0.3667229807605869,0.6200027123704785,,2108,10,ENSG00000175097,0.5,False,False
0.1961256627159682,1.871705016490523,,1313,10,ENSG00000175104,0.47586782748742723,False,False
0.3398770549526547,0.7720482985241688,,3989,10,ENSG00000175105,0.5,False,False
7.004563595813806e-12,49.98261686459227,,1865,10,ENSG00000175137,4.0844899561052604e-11,True,True
0.5,0.0,,2860,10,ENSG00000175161,0.5,False,False
0.5,0.0,,3359,10,ENSG00000175182,0.5,False,False
0.5,0.0,,953,10,ENSG00000175183,0.5,False,False
5.551115123125783e-17,72.85841251307829,,1040,10,ENSG00000175197,4.453426874585104e-16,True,True
0.5,0.0,,933,10,ENSG00000175213,0.5,False,False
7.53380247076052e-10,40.62660776406119,,6144,10,ENSG00000175224,3.699223444181918e-09,True,True
0.3341970511980397,0.8057546114778233,,870,10,ENSG00000175229,0.5,False,False
0.4990468713487026,0.003816153046500403,,2817,10,ENSG00000175274,0.5,False,False
5.551115123125783e-17,74.44479966029121,,541,10,ENSG00000175279,4.453426874585104e-16,True,True
0.5,-0.008654186328385549,,657,10,ENSG00000175283,0.5,False,False
0.2935032269919842,1.06543892863192,,1210,10,ENSG00000175294,0.5,False,False
0.5,-0.007405019297948456,,307,10,ENSG00000175315,0.5,False,False
4.390599898651537e-07,27.89096520313797,,751,10,ENSG00000175336,1.8078347233522695e-06,True,True
1.185929146552134e-06,25.90367364038866,,878,10,ENSG00000175352,4.7725012742316455e-06,True,True
0.0,76.34540265421674,,6075,10,ENSG00000175356,0.0,True,True
0.5,0.0,,1259,10,ENSG00000175376,0.5,False,False
0.2732868076043661,1.208172554717748,,1755,10,ENSG00000175395,0.5,False,False
4.570233080869457e-12,50.83662588847437,,833,10,ENSG00000175449,2.7030130016937786e-11,True,True
0.5,0.0,,1496,10,ENSG00000175463,0.5,False,False
0.0,83.20640988720697,,3464,10,ENSG00000175467,0.0,True,True
8.392180274452432e-05,17.38495586379213,,1186,10,ENSG00000175513,0.00029521007556666476,True,True
0.294555949229129,1.058278265867557,,1710,10,ENSG00000175535,0.5,False,False
0.5,0.0,,1085,10,ENSG00000175544,0.5,False,False
1.354968359734698e-10,44.05785094216844,,3927,10,ENSG00000175575,7.169800660979136e-10,True,True
0.0,131.420490703731,,1033,10,ENSG00000175581,0.0,True,True
0.0,142.3644605311565,,2105,10,ENSG00000175600,0.0,True,True
0.02806711892588326,5.760018704550021,,727,10,ENSG00000175606,0.08065040412324861,False,True
6.166739341395555e-11,45.63223800868218,,1639,10,ENSG00000175634,3.344968536979443e-10,True,True
0.4964427635695852,0.01427980280277552,,944,10,ENSG00000175664,0.5,False,False
0.5,0.0,,2384,10,ENSG00000175697,0.5,False,False
0.2561408111000423,1.337761523504014,,2213,10,ENSG00000175745,0.5,False,False
0.0003531010118073552,14.51121841805616,,1009,10,ENSG00000175756,0.0011955918534579883,True,True
0.05562324410214192,4.392013850378135,,826,10,ENSG00000175782,0.15421962996881491,False,False
0.5,0.0,,248,10,ENSG00000175793,0.5,False,False
0.0,133.5852209894711,,342,10,ENSG00000175877,0.0,True,True
0.4049161263147238,0.4218562965397723,,901,10,ENSG00000175879,0.5,False,False
0.5,-1.818989403545856e-12,,517,10,ENSG00000175893,0.5,False,False
0.5,-9.10973540158011e-07,,1494,10,ENSG00000175895,0.5,False,False
6.938150239332863e-07,26.97582653511927,,3829,10,ENSG00000175920,2.8264012522884245e-06,True,True
4.249499480080132e-08,32.5614647139555,,1671,10,ENSG00000175946,1.8622916664245444e-07,True,True
0.5,-0.00803973580696038,,369,10,ENSG00000175970,0.5,False,False
0.5,0.0,,4847,10,ENSG00000175984,0.5,False,False
0.5,-0.006345853485981934,,1472,10,ENSG00000175985,0.5,False,False
0.0,144.7953011548761,,877,10,ENSG00000176018,0.0,True,True
0.1337029619880438,2.63797492086087,,1569,10,ENSG00000176029,0.34543307651837724,False,False
0.001161621656965484,12.12958217895539,,750,10,ENSG00000176055,0.003791833847130629,True,True
0.4948997643690687,0.0205057051643962,,1747,10,ENSG00000176095,0.5,False,False
0.5,-0.000526749078744615,,198,10,ENSG00000176101,0.5,False,False
0.0001668234178349159,16.01085500538466,,1144,10,ENSG00000176171,0.0005770373298406618,True,True
0.4949979527866512,0.02010894329214352,,1786,10,ENSG00000176248,0.5,False,False
0.2229019027521084,1.615752643307133,,970,10,ENSG00000176273,0.5,False,False
0.3726366324999312,0.5880086583629236,,100,10,ENSG00000176340,0.5,False,False
0.5,0.0,,1116,10,ENSG00000176383,0.5,False,False
7.005865869658123e-07,26.95640138191084,,3367,10,ENSG00000176393,2.8493194469075636e-06,True,True
0.5,0.0,,815,10,ENSG00000176399,0.5,False,False
0.3647070012383575,0.6310276070380496,,793,10,ENSG00000176402,0.5,False,False
0.5,-0.00464796360802211,,235,10,ENSG00000176422,0.5,False,False
0.5,0.0,,11080,10,ENSG00000176438,0.5,False,False
0.2712048754727039,1.22346713013394,,1831,10,ENSG00000176444,0.5,False,False
0.0,94.14075547162065,,2657,9,ENSG00000176463,0.0,True,True
0.1639751125821902,2.229786869109375,,8772,10,ENSG00000176542,0.4096103382353965,False,False
0.5,-0.002990284898260143,,2582,10,ENSG00000176623,0.5,False,False
0.0,265.7148119967605,,7635,9,ENSG00000176658,0.0,True,True
0.0003462796442701421,14.55023341679771,,3755,10,ENSG00000176697,0.0011732935630788058,True,True
0.5,-0.0002566649163782131,,535,10,ENSG00000176720,0.5,False,False
0.1489504039507893,2.421989414309792,,327,10,ENSG00000176742,0.3774219609023056,False,False
0.3495432181335238,0.7159617746729054,,1263,10,ENSG00000176769,0.5,False,False
0.5,0.0,,7831,10,ENSG00000176884,0.5,False,False
0.2651189871203494,1.268858730325064,,106,10,ENSG00000176907,0.5,False,False
0.5,-0.001309202219999861,,3136,10,ENSG00000176915,0.5,False,False
0.2515075409493035,1.374270250773407,,2502,10,ENSG00000176946,0.5,False,False
0.0,125.9440409683866,,763,10,ENSG00000176956,0.0,True,True
4.479243026322965e-06,23.24581862529158,,2862,10,ENSG00000176978,1.7138272933023405e-05,True,True
0.005683225394570779,8.954178351501469,,5801,10,ENSG00000177000,0.01748198089832718,True,True
1.257919735042634e-08,34.99614842101437,,1822,10,ENSG00000177034,5.703639710211541e-08,True,True
1.013740869026947e-09,40.03294264424585,,1022,10,ENSG00000177042,4.924167072793002e-09,True,True
0.2692285952386236,1.238094566444488,,216,10,ENSG00000177047,0.5,False,False
0.4561973269831237,0.1833652957866434,,1897,10,ENSG00000177054,0.5,False,False
0.0,155.2011784345086,,4143,10,ENSG00000177058,0.0,True,True
0.5,-0.00525069938339584,,893,10,ENSG00000177076,0.5,False,False
0.5,-0.006106481223469018,,966,10,ENSG00000177098,0.5,False,False
0.4609048476697083,0.1628329618251882,,764,10,ENSG00000177105,0.5,False,False
0.0,691.9079853146686,,9740,9,ENSG00000177119,0.0,True,True
0.02682397951317028,5.850623706121041,,1457,10,ENSG00000177125,0.077301549303887,False,True
0.3603203001949286,0.6552294795137641,,403,10,ENSG00000177144,0.5,False,False
0.2751678407643411,1.194453713673283,,1899,10,ENSG00000177156,0.5,False,False
0.4266464868587474,0.3173046554220491,,3116,10,ENSG00000177169,0.5,False,False
0.5,0.0,,696,10,ENSG00000177181,0.5,False,False
0.1370767221655491,2.588134626799729,,3045,10,ENSG00000177192,0.3530914635170591,False,False
0.5,0.0,,11697,10,ENSG00000177239,0.5,False,False
0.2343183255017547,1.515855084144277,,4366,10,ENSG00000177301,0.5,False,False
0.0,214.7425826948202,,2669,10,ENSG00000177453,0.0,True,True
0.5,0.0,,274,10,ENSG00000177468,0.5,False,False
0.0,113.1148744201346,,4059,10,ENSG00000177479,0.0,True,True
0.5,0.0,,109,10,ENSG00000177519,0.5,False,False
0.003896851261179002,9.708878480729709,,374,10,ENSG00000177551,0.01216756947464178,True,True
0.5,-0.006716281525768864,,390,10,ENSG00000177556,0.5,False,False
0.001380975474052748,11.78363596752206,,1210,10,ENSG00000177570,0.004471986984334876,True,True
0.004067092664396643,9.623359374698339,,1056,10,ENSG00000177613,0.012667325555860302,True,True
0.5,0.0,,1479,10,ENSG00000177614,0.5,False,False
0.3148437677889661,0.9250631157510725,,559,10,ENSG00000177669,0.5,False,False
0.5,0.0,,350,10,ENSG00000177791,0.5,False,False
0.5,0.0,,569,10,ENSG00000177875,0.5,False,False
0.5,-8.66868685989175e-06,,1130,10,ENSG00000177879,0.5,False,False
0.4966510133857379,0.01344101064023562,,2208,10,ENSG00000177888,0.5,False,False
0.5,0.0,,682,10,ENSG00000177889,0.5,False,False
2.833858629980313e-07,28.7666184280024,,3654,10,ENSG00000177910,1.1756140805272791e-06,True,True
0.5,0.0,,2083,10,ENSG00000177917,0.5,False,False
0.5,-0.002935369839178747,,1026,10,ENSG00000177947,0.5,False,False
0.2228504397965418,1.616214450915322,,488,10,ENSG00000177984,0.5,False,False
0.0,88.22349386699352,,3045,10,ENSG00000178028,0.0,True,True
0.5,-0.005911738905524544,,487,10,ENSG00000178033,0.5,False,False
0.5,-0.0001865723461378366,,2837,10,ENSG00000178035,0.5,False,False
5.657252444279948e-11,45.8047019510268,,4234,10,ENSG00000178053,3.082056260443424e-10,True,True
1.56855987004656e-06,25.34441091857661,,632,10,ENSG00000178057,6.241613434889271e-06,True,True
0.5,-0.001227842278240132,,888,10,ENSG00000178074,0.5,False,False
0.4851714906494238,0.06021136202616617,,6832,10,ENSG00000178105,0.5,False,False
0.05955056594437419,4.255564598068304,,1064,10,ENSG00000178125,0.1648327852016234,False,False
2.423616862756717e-13,56.71035082637172,,2426,10,ENSG00000178175,1.5475058119835573e-12,True,True
7.618905506490137e-13,54.41966844687704,,9849,10,ENSG00000178177,4.731140572944062e-12,True,True
0.5,0.0,,1162,10,ENSG00000178233,0.5,False,False
0.5,0.0,,1635,10,ENSG00000178301,0.5,False,False
0.123289576492041,2.800144458888099,,739,9,ENSG00000178307,0.3212374821746527,False,False
0.5,0.0,,2917,10,ENSG00000178338,0.5,False,False
0.3301549043154691,0.8300922941107274,,475,10,ENSG00000178343,0.5,False,False
0.5,-0.0003928553887817543,,1084,10,ENSG00000178401,0.5,False,False
0.008116589350261438,8.24139612658837,,1647,10,ENSG00000178409,0.024632041139841607,True,True
0.001205839897891692,12.05486352726439,,2695,10,ENSG00000178460,0.003925095667578067,True,True
0.0,134.2090002741479,,845,10,ENSG00000178462,0.0,True,True
0.0,255.4110027495499,,973,10,ENSG00000178522,0.0,True,True
0.1874056936081371,1.962664693757688,,973,10,ENSG00000178537,0.458061877153255,False,False
0.5,-0.004060713814396877,,1249,10,ENSG00000178538,0.5,False,False
0.5,-0.002835532239259919,,1576,10,ENSG00000178562,0.5,False,False
0.1817866494777593,2.023548709000352,,202,10,ENSG00000178602,0.44630147803671016,False,False
0.3479377885699942,0.7251688061660388,,3866,10,ENSG00000178662,0.5,False,False
0.5,0.0,,1858,9,ENSG00000178691,0.5,False,False
0.5,0.0,,1095,10,ENSG00000178694,0.5,False,False
0.4024445617895016,0.4341014914434709,,222,10,ENSG00000178776,0.5,False,False
0.001023336941501141,12.38307859930501,,1301,10,ENSG00000178795,0.003353147527685557,True,True
0.5,0.0,,337,10,ENSG00000178796,0.5,False,False
0.0,103.0138713627093,,4884,10,ENSG00000178802,0.0,True,True
0.1961178374836371,1.871784816230502,,1142,10,ENSG00000178804,0.47586782748742723,False,False
0.5,0.0,,1310,10,ENSG00000178821,0.5,False,False
0.0,122.3560800328123,,1771,10,ENSG00000178826,0.0,True,True
0.0004637335860488423,13.96610631625163,,317,10,ENSG00000178860,0.0015585208493290145,True,True
0.5,-0.000881064774148399,,618,10,ENSG00000178882,0.5,False,False
1.942890293094024e-15,66.38086259151169,,10783,10,ENSG00000178965,1.4169994600952602e-14,True,True
0.5,-0.001252031063359027,,133,10,ENSG00000178988,0.5,False,False
0.5,-0.002327449819858884,,2074,10,ENSG00000178997,0.5,False,False
0.007769579657400327,8.328784067409288,,1910,10,ENSG00000179002,0.023636629489852738,True,True
0.5,0.0,,2387,10,ENSG00000179008,0.5,False,False
3.052246233536948e-10,42.43365196265222,,830,10,ENSG00000179021,1.560315803249001e-09,True,True
0.5,0.0,,1349,10,ENSG00000179041,0.5,False,False
0.5,0.0,,1667,10,ENSG00000179046,0.5,False,False
0.5,0.0,,2051,10,ENSG00000179051,0.5,False,False
0.5,-0.000534158170921728,,2334,10,ENSG00000179057,0.5,False,False
0.5,0.0,,690,10,ENSG00000179091,0.5,False,False
0.5,0.0,,3910,10,ENSG00000179104,0.5,False,False
0.3149828952966237,0.924179523372004,,2367,10,ENSG00000179119,0.5,False,False
0.1826927548902338,2.013604583014967,,3427,10,ENSG00000179151,0.4480837094793012,False,False
0.4921900787733642,0.03148623513698112,,2478,10,ENSG00000179152,0.5,False,False
0.4356844075098341,0.2753799062957114,,1584,10,ENSG00000179241,0.5,False,False
0.5,0.0,,225,10,ENSG00000179256,0.5,False,False
0.02664555833554505,5.863971256672812,,1343,10,ENSG00000179270,0.076831888209276,False,True
0.5,0.0,,511,10,ENSG00000179292,0.5,False,False
0.3782804814407101,0.5579443270980846,,1454,10,ENSG00000179299,0.5,False,False
0.5,-6.813434083596803e-08,,292,10,ENSG00000179331,0.5,False,False
0.05159946356822359,4.542193644010695,,7771,10,ENSG00000179364,0.1437847236909491,False,False
0.5,-1.945081748999655e-07,,1009,10,ENSG00000179388,0.5,False,False
0.4843146543924174,0.06374658110871678,,4084,10,ENSG00000179397,0.5,False,False
5.822227533425206e-09,36.53687146472657,,2042,10,ENSG00000179455,2.6814592362274977e-08,True,True
0.5,0.0,,3080,10,ENSG00000179456,0.5,False,False
0.0826179165290265,3.600763068045126,,817,10,ENSG00000179476,0.2226118725977128,False,False
6.567053401024259e-05,17.87542609112643,,855,10,ENSG00000179526,0.00023215723963535651,True,True
0.4909231366931334,0.03664105458847189,,490,10,ENSG00000179528,0.5,False,False
0.5,-0.008150425859639654,,2677,10,ENSG00000179562,0.5,False,False
0.3718691431445763,0.5921321435112077,,177,10,ENSG00000179564,0.5,False,False
0.0,208.5584821497887,,595,9,ENSG00000179580,0.0,True,True
0.4762337554752741,0.09739856359738042,,855,10,ENSG00000179639,0.5,False,False
0.5,-0.0002207651232311036,,1614,10,ENSG00000179715,0.5,False,False
0.5,0.0,,298,10,ENSG00000179813,0.5,False,False
0.5,0.0,,525,10,ENSG00000179817,0.5,False,False
0.5,0.0,,11418,10,ENSG00000179869,0.5,False,False
0.4777395911268473,0.09108460563402332,,533,10,ENSG00000179902,0.5,False,False
0.4499771956121549,0.2108223867071501,,451,10,ENSG00000179914,0.5,False,False
0.4533015162793533,0.1961011909916124,,945,10,ENSG00000179930,0.5,False,False
0.201761814608523,1.815040464545746,,789,10,ENSG00000179941,0.48622251253042315,False,False
0.4163204915871786,0.3663054445933085,,1350,10,ENSG00000179988,0.5,False,False
0.5,0.0,,476,10,ENSG00000180053,0.5,False,False
0.3531977258189231,0.6951601369655691,,1344,10,ENSG00000180098,0.5,False,False
9.376316167930554e-08,30.97869322001497,,1676,10,ENSG00000180116,4.006683558357953e-07,True,True
0.4982689198164101,0.006936335026693996,,3680,10,ENSG00000180176,0.5,False,False
1.261102333671715e-12,53.41174072873582,,907,9,ENSG00000180185,7.706047920986622e-12,True,True
0.03330561736822485,5.417764051955601,,4588,10,ENSG00000180198,0.09498975962703578,False,True
0.4539414115689776,0.1932799162213996,,262,10,ENSG00000180219,0.5,False,False
0.2549280189251509,1.347253743573674,,1293,10,ENSG00000180233,0.5,False,False
0.3753373819109959,0.5735655836251681,,2402,10,ENSG00000180251,0.5,False,False
0.2105171564025596,1.730081890898873,,10951,10,ENSG00000180263,0.5,False,False
0.0007938892891488636,12.89083872050469,,2623,10,ENSG00000180316,0.0026255354549377975,True,True
0.5,0.0,,259,10,ENSG00000180332,0.5,False,False
2.491432232054613e-05,19.81384109149803,,3174,10,ENSG00000180357,9.085325456187423e-05,True,True
0.5,0.0,,1322,10,ENSG00000180423,0.5,False,False
0.4950058854121776,0.02007689240417676,,991,10,ENSG00000180432,0.5,False,False
0.4638614741954747,0.1500442755168478,,1593,10,ENSG00000180481,0.5,False,False
0.5,0.0,,1273,10,ENSG00000180537,0.5,False,False
0.5,0.0,,346,10,ENSG00000180549,0.5,False,False
0.5,0.0,,390,10,ENSG00000180573,0.5,False,False
0.5,0.0,,943,10,ENSG00000180611,0.5,False,False
0.4142370962988014,0.3763391842803685,,737,10,ENSG00000180613,0.5,False,False
3.702787909620753e-09,37.4420652648023,,958,10,ENSG00000180628,1.7309837464712055e-08,True,True
0.000321735878389684,14.69726484390412,,3413,9,ENSG00000180638,0.0010968569287938918,True,True
0.0007019579780777607,13.13697967102053,,1459,10,ENSG00000180644,0.0023292454856296075,True,True
0.5,0.0,,718,10,ENSG00000180660,0.5,False,False
0.5,0.0,,1025,10,ENSG00000180667,0.5,False,False
0.5,0.0,,361,10,ENSG00000180697,0.5,False,False
0.5,-0.004483650182010024,,450,10,ENSG00000180730,0.5,False,False
0.5,0.0,,492,10,ENSG00000180745,0.5,False,False
0.5,0.0,,747,10,ENSG00000180758,0.5,False,False
0.3214236899154305,0.8836958785905153,,798,10,ENSG00000180767,0.5,False,False
3.885780586188048e-16,69.4703397314006,,3192,10,ENSG00000180773,2.9643976435121703e-15,True,True
0.2622506527026473,1.290614724490297,,1294,10,ENSG00000180801,0.5,False,False
0.0,120.3138725750423,,516,10,ENSG00000180806,0.0,True,True
0.5,-0.0002891199605983275,,168,10,ENSG00000180875,0.5,False,False
0.5,-0.004641534474103537,,436,10,ENSG00000180878,0.5,False,False
5.244965295414517e-09,36.7457000617178,,2897,10,ENSG00000180881,2.426833244594587e-08,True,True
0.5,0.0,,946,10,ENSG00000180934,0.5,False,False
0.4828104747506134,0.06996782718852046,,1068,10,ENSG00000180938,0.5,False,False
0.4936431923400744,0.02559024983565905,,2217,10,ENSG00000181072,0.5,False,False
0.2651156983364557,1.268883540349634,,1303,10,ENSG00000181085,0.5,False,False
2.349787031619144e-13,56.77210927112355,,575,10,ENSG00000181092,1.5022931484927534e-12,True,True
0.4591357820811746,0.1705242211519362,,640,10,ENSG00000181104,0.5,False,False
0.001222389422512793,12.02760122426116,,2760,10,ENSG00000181135,0.003973964044169041,True,True
0.5,0.0,,426,10,ENSG00000181218,0.5,False,False
0.4871713619946233,0.05198432910401607,,5219,10,ENSG00000181220,0.5,False,False
0.5,0.0,,3909,10,ENSG00000181234,0.5,False,False
0.001891570449118363,11.15440137794121,,791,10,ENSG00000181264,0.006054486109340243,True,True
0.4992401304932644,0.003041789976123255,,3352,9,ENSG00000181291,0.5,False,False
0.5,0.0,,1410,10,ENSG00000181333,0.5,False,False
1.77635683940025e-15,66.520559322802,,7107,10,ENSG00000181381,1.3012664093043953e-14,True,True
0.5,0.0,,840,10,ENSG00000181418,0.5,False,False
0.1347780795929611,2.621957054643644,,1115,10,ENSG00000181472,0.34789110944233964,False,False
0.5,0.0,,359,10,ENSG00000181541,0.5,False,False
0.5,-0.001775141276084469,,181,10,ENSG00000181617,0.5,False,False
0.4824531092718085,0.07144873044035194,,717,10,ENSG00000181631,0.5,False,False
0.5,0.0,,895,10,ENSG00000181634,0.5,False,False
0.5,-0.0001574989000800997,,3126,10,ENSG00000181652,0.5,False,False
0.5,-0.005521054521523183,,1355,10,ENSG00000181690,0.5,False,False
3.577305118795948e-12,51.326540015707,,2527,10,ENSG00000181744,2.133515067253123e-11,True,True
0.5,-5.315087037160993e-09,,986,10,ENSG00000181754,0.5,False,False
0.5,0.0,,379,10,ENSG00000181773,0.5,False,False
0.5,-0.0006972476194277988,,241,10,ENSG00000181778,0.5,False,False
0.5,0.0,,7526,10,ENSG00000181790,0.5,False,False
0.5,-1.137166236730991e-07,,155,10,ENSG00000181817,0.5,False,False
0.5,-0.001240136993146734,,752,10,ENSG00000181873,0.5,False,False
0.362313363421751,0.6441972324391827,,954,10,ENSG00000181904,0.5,False,False
0.5,0.0,,3138,10,ENSG00000181982,0.5,False,False
0.5,0.0,,1902,9,ENSG00000182010,0.5,False,False
0.5,0.0,,1654,9,ENSG00000182054,0.5,False,False
0.5,0.0,,1632,10,ENSG00000182077,0.5,False,False
0.5,-0.00177602743724492,,451,10,ENSG00000182117,0.5,False,False
0.5,0.0,,2960,10,ENSG00000182132,0.5,False,False
0.0,84.11852388523403,,3938,10,ENSG00000182134,0.0,True,True
1.468555004491279e-06,25.47616890053905,,5388,10,ENSG00000182168,5.862433862230835e-06,True,True
0.5,-0.001588096791238058,,2067,10,ENSG00000182179,0.5,False,False
0.4066643332777007,0.4132399744185022,,367,10,ENSG00000182180,0.5,False,False
0.5,-0.0009308136905019637,,455,10,ENSG00000182183,0.5,False,False
0.5,0.0,,1794,10,ENSG00000182208,0.5,False,False
0.1324556417688731,2.656720576011139,,846,10,ENSG00000182223,0.3426075726252599,False,False
0.5,0.0,,3688,10,ENSG00000182263,0.5,False,False
0.0,102.5147673057654,,864,9,ENSG00000182271,0.0,True,True
1.287347161094132e-07,30.3447296677914,,3778,10,ENSG00000182272,5.458878754716294e-07,True,True
9.43689570931383e-16,67.80343395968157,,1441,10,ENSG00000182307,7.005838695242835e-15,True,True
0.0,114.7466373853531,,1952,10,ENSG00000182325,0.0,True,True
3.314649492824895e-06,23.84802298619616,,1637,10,ENSG00000182333,1.2840394530616065e-05,True,True
0.4965199949119635,0.01396868804295082,,3858,10,ENSG00000182348,0.5,False,False
2.172781898734932e-06,24.69271009991644,,2019,10,ENSG00000182359,8.536664426783216e-06,True,True
0.01871510170502128,6.570554645441007,,2670,10,ENSG00000182372,0.054854988733515526,False,True
0.5,0.0,,649,10,ENSG00000182447,0.5,False,False
4.824765531541431e-09,36.9127130269917,,7780,10,ENSG00000182504,2.2386552009223018e-08,True,True
0.5,-0.007676969578824355,,441,10,ENSG00000182533,0.5,False,False
0.5,-0.001050739552738378,,884,10,ENSG00000182552,0.5,False,False
0.0,190.6076002716727,,7968,10,ENSG00000182568,0.0,True,True
0.2785242471871292,1.170205958589577,,270,10,ENSG00000182645,0.5,False,False
0.002717423946353381,10.42984749095012,,933,9,ENSG00000182685,0.008598261265370048,True,True
0.2026982762665851,1.805779097578124,,469,10,ENSG00000182698,0.4880064018150989,False,False
5.419464470862723e-05,18.25956256001336,,1299,10,ENSG00000182704,0.00019309753780853285,True,True
0.0,358.4345338862768,,8080,10,ENSG00000182732,0.0,True,True
0.4077641315417135,0.4078384002841631,,562,10,ENSG00000182747,0.5,False,False
0.12049254870589,2.846040367410751,,3688,10,ENSG00000182752,0.3144438285745524,False,False
0.0706101349076928,3.914868819952972,,392,9,ENSG00000182768,0.1929751708960791,False,False
0.0,94.54716363365151,,1873,10,ENSG00000182771,0.0,True,True
0.5,-0.001769459729985101,,1433,10,ENSG00000182795,0.5,False,False
0.5,0.0,,1416,10,ENSG00000182827,0.5,False,False
0.0,100.395909149709,,4804,10,ENSG00000182866,0.0,True,True
0.4999999491919905,2.032320480793715e-07,,12239,10,ENSG00000182901,0.5,False,False
0.5,0.0,,2042,10,ENSG00000182934,0.5,False,False
0.5,-0.001784274430974619,,386,10,ENSG00000182950,0.5,False,False
0.0006659158519510266,13.24240012664086,,1918,10,ENSG00000183049,0.002212602169408421,True,True
0.4783947808927683,0.08834361069602892,,9530,10,ENSG00000183090,0.5,False,False
0.5,0.0,,760,10,ENSG00000183128,0.5,False,False
0.3365626726073626,0.7916474363851194,,277,10,ENSG00000183155,0.5,False,False
1.259739046410857e-08,34.9932579420456,,1132,10,ENSG00000183166,5.706686718440439e-08,True,True
0.2538589323464683,1.355658740198123,,1286,10,ENSG00000183185,0.5,False,False
0.1536562454664469,2.359780326394684,,1251,10,ENSG00000183273,0.3877656849061933,False,False
0.0,142.0123326422618,,1387,10,ENSG00000183283,0.0,True,True
0.5,0.0,,5031,10,ENSG00000183317,0.5,False,False
1.27675647831893e-15,67.23569776801742,,3321,10,ENSG00000183323,9.436235844217471e-15,True,True
0.5,0.0,,621,10,ENSG00000183324,0.5,False,False
0.5,-0.005463456898723962,,693,10,ENSG00000183347,0.5,False,False
0.5,0.0,,717,10,ENSG00000183379,0.5,False,False
0.5,0.0,,611,10,ENSG00000183386,0.5,False,False
0.4770690689931256,0.09389363857189892,,318,10,ENSG00000183395,0.5,False,False
0.5,-5.324477569956798e-06,,220,10,ENSG00000183396,0.5,False,False
0.2556510534626335,1.341589312265569,,2991,10,ENSG00000183423,0.5,False,False
0.01349347140590251,7.224804259129087,,1598,10,ENSG00000183508,0.040189536989795854,True,True
0.349817776626913,0.7143914354087428,,278,10,ENSG00000183513,0.5,False,False
0.5,0.0,,781,10,ENSG00000183520,0.5,False,False
1.333377852574813e-13,57.90567591433501,,775,10,ENSG00000183560,8.669570508113882e-13,True,True
0.4887177313715863,0.0456460241402965,,2255,10,ENSG00000183576,0.5,False,False
0.2195880451893218,1.645709658461783,,736,10,ENSG00000183578,0.5,False,False
0.5,-0.004706399056885857,,2600,10,ENSG00000183580,0.5,False,False
8.182343691487404e-13,54.27692079876397,,413,10,ENSG00000183607,5.055773605150105e-12,True,True
0.5,0.0,,241,10,ENSG00000183615,0.5,False,False
0.0,361.300077099484,,10100,10,ENSG00000183621,0.0,True,True
0.2523090150049146,1.367907024141459,,3793,10,ENSG00000183638,0.5,False,False
0.5,0.0,,714,10,ENSG00000183644,0.5,False,False
0.0002359958734158285,15.31709811621931,,342,10,ENSG00000183648,0.0008073201336797325,True,True
0.5,-0.004707252868684009,,2837,10,ENSG00000183715,0.5,False,False
0.4339482158689282,0.2833657794144528,,433,10,ENSG00000183722,0.5,False,False
0.4704256669994428,0.1219402782471661,,498,10,ENSG00000183733,0.5,False,False
1.189369467580192e-06,25.89788013982616,,2482,10,ENSG00000183742,4.778613676691338e-06,True,True
1.160183060733289e-14,62.79050446159818,,2627,9,ENSG00000183751,8.093619276419888e-14,True,True
0.5,-1.091393642127514e-11,,1171,10,ENSG00000183775,0.5,False,False
0.5,0.0,,678,10,ENSG00000183779,0.5,False,False
0.5,0.0,,1516,10,ENSG00000183780,0.5,False,False
0.5,-4.547473508864641e-13,,258,10,ENSG00000183807,0.5,False,False
0.5,0.0,,360,10,ENSG00000183813,0.5,False,False
0.0,78.28098675209912,,2945,10,ENSG00000183814,0.0,True,True
0.5,0.0,,1109,10,ENSG00000183831,0.5,False,False
0.0,130.4460167815851,,2796,10,ENSG00000183833,0.0,True,True
0.0803925902224194,3.655372175251614,,886,10,ENSG00000183840,0.21720409764601525,False,False
0.02857831343840034,5.723919879332243,,4747,9,ENSG00000183856,0.08202454185955182,False,True
0.1695344036611686,2.163104441287942,,362,10,ENSG00000183888,0.4207904809434394,False,False
0.0,108.128342924856,,658,10,ENSG00000183908,0.0,True,True
1.103138413949267e-09,39.86391889181687,,3571,10,ENSG00000183960,5.347963422011359e-09,True,True
0.2516222889410098,1.373357977345222,,1460,10,ENSG00000183977,0.5,False,False
0.2271419596982696,1.578065806445011,,755,10,ENSG00000184108,0.5,False,False
0.002998612805940826,10.23291662952943,,356,10,ENSG00000184163,0.009469904823333123,True,True
0.5,0.0,,783,10,ENSG00000184209,0.5,False,False
9.18162469604189e-06,21.81031841268486,,1204,10,ENSG00000184220,3.451957765541373e-05,True,True
5.551115123125783e-17,74.07512011410472,,522,10,ENSG00000184232,4.453426874585104e-16,True,True
0.5,-2.273736754432321e-13,,149,10,ENSG00000184260,0.5,False,False
0.5,0.0,,2612,10,ENSG00000184271,0.5,False,False
0.2160785349314196,1.677932338212486,,297,10,ENSG00000184302,0.5,False,False
5.122077703756389e-06,22.97760643840593,,3509,10,ENSG00000184305,1.9522769730639294e-05,True,True
0.4847225294410371,0.06206295088486513,,2976,10,ENSG00000184307,0.5,False,False
0.5,-0.000469769131996145,,453,10,ENSG00000184344,0.5,False,False
0.5,-0.0005332785240170779,,374,10,ENSG00000184345,0.5,False,False
0.05008170329569356,4.601904721530445,,3780,10,ENSG00000184347,0.13971194177946145,False,False
0.5,-0.008943485723648337,,756,10,ENSG00000184349,0.5,False,False
0.4999999999998863,4.547473508864641e-13,,312,10,ENSG00000184357,0.5,False,False
0.0,95.87005215386307,,3882,10,ENSG00000184371,0.0,True,True
0.5,0.0,,1726,10,ENSG00000184374,0.5,False,False
0.3698093458208822,0.603241014267951,,564,10,ENSG00000184378,0.5,False,False
0.1122205492596045,2.988283946884621,,1389,10,ENSG00000184384,0.2947122555529423,False,False
0.5,0.0,,492,10,ENSG00000184434,0.5,False,False
0.5,0.0,,9154,10,ENSG00000184445,0.5,False,False
0.36585904853884,0.6247199049175833,,324,10,ENSG00000184454,0.5,False,False
8.920841232384902e-09,35.68345681250503,,4760,10,ENSG00000184500,4.0708499348516054e-08,True,True
0.5,0.0,,1682,10,ENSG00000184564,0.5,False,False
0.003586868308652291,9.87465722820889,,745,10,ENSG00000184574,0.011234938896244644,True,True
0.2798596829937812,1.160639505971631,,1967,10,ENSG00000184584,0.5,False,False
0.5,-0.008984484418760985,,596,10,ENSG00000184601,0.5,False,False
0.5,0.0,,7778,10,ENSG00000184611,0.5,False,False
0.001966714688777238,11.07648723701277,,4972,10,ENSG00000184661,0.006283299482208144,True,True
2.553744837818783e-08,33.57994543516543,,7412,10,ENSG00000184677,1.1371823476553827e-07,True,True
0.1569395700996181,2.317494541757696,,834,10,ENSG00000184719,0.3948494798560953,False,False
0.5,0.0,,947,10,ENSG00000184752,0.5,False,False
0.2573724728731165,1.328167503849727,,592,10,ENSG00000184786,0.5,False,False
0.1182326734992604,2.88390721187443,,402,10,ENSG00000184840,0.30919522501857055,False,False
0.3105257310253034,0.9526826616074686,,447,10,ENSG00000184845,0.5,False,False
0.5,-0.004992747915821383,,1746,10,ENSG00000184887,0.5,False,False
0.5,-0.001501328166341409,,957,10,ENSG00000184898,0.5,False,False
0.5,0.0,,1163,10,ENSG00000184903,0.5,False,False
0.5,0.0,,5737,10,ENSG00000184916,0.5,False,False
0.0,115.0395820161066,,3619,10,ENSG00000184923,0.0,True,True
0.5,0.0,,196,10,ENSG00000184924,0.5,False,False
0.06259256791424717,4.155923101661756,,607,10,ENSG00000184925,0.17296412933636968,False,False
0.1491394227374114,2.419453013601014,,3951,10,ENSG00000184937,0.3775162792345467,False,False
2.386979502944087e-15,65.93722641871682,,685,10,ENSG00000184945,1.735794743807586e-14,True,True
0.4720285440723758,0.115137279864939,,938,10,ENSG00000184992,0.5,False,False
0.5,0.0,,2341,10,ENSG00000185000,0.5,False,False
0.5,0.0,,1887,10,ENSG00000185002,0.5,False,False
0.5,0.0,,1294,10,ENSG00000185009,0.5,False,False
0.0,112.2610595216902,,4909,10,ENSG00000185024,0.0,True,True
0.0,306.5880215839861,,3717,9,ENSG00000185033,0.0,True,True
0.004988753426455717,9.21484406851414,,657,9,ENSG00000185043,0.015402892329727335,True,True
0.2503752444519319,1.383294656083308,,833,10,ENSG00000185055,0.5,False,False
0.5,0.0,,1112,10,ENSG00000185069,0.5,False,False
0.5,-0.0001799279016267974,,1502,10,ENSG00000185085,0.5,False,False
0.2150020736283635,1.687920850978117,,2043,10,ENSG00000185090,0.5,False,False
5.304159187979884e-07,27.51291441037029,,2617,10,ENSG00000185100,2.1732197529663874e-06,True,True
0.0,101.7244722385658,,2164,10,ENSG00000185104,0.0,True,True
0.5,0.0,,191,10,ENSG00000185127,0.5,False,False
0.5,0.0,,778,10,ENSG00000185149,0.5,False,False
0.5,0.0,,568,10,ENSG00000185155,0.5,False,False
0.5,0.0,,2045,10,ENSG00000185163,0.5,False,False
0.5,0.0,,817,10,ENSG00000185176,0.5,False,False
0.5,-0.003731534401595127,,3512,10,ENSG00000185219,0.5,False,False
0.002297516453241388,10.76555872376957,,1495,10,ENSG00000185220,0.0072974756311766685,True,True
0.5,-0.002243516057205852,,4753,10,ENSG00000185238,0.5,False,False
0.0,83.48373122749035,,1935,10,ENSG00000185246,0.0,True,True
0.0,406.3342535760603,,6263,10,ENSG00000185261,0.0,True,True
0.5,-0.002979072868583899,,567,10,ENSG00000185267,0.5,False,False
0.5,0.0,,3300,10,ENSG00000185271,0.5,False,False
0.5,-0.0003335543697176035,,2336,10,ENSG00000185278,0.5,False,False
0.0,77.11745504330975,,2230,10,ENSG00000185305,0.0,True,True
0.0,212.4903955776244,,6451,10,ENSG00000185313,0.0,True,True
0.5,0.0,,2311,10,ENSG00000185344,0.5,False,False
0.5,0.0,,710,10,ENSG00000185352,0.5,False,False
0.06054062241927632,4.222587027617919,,917,10,ENSG00000185414,0.1674800088506565,False,False
0.4897502789973517,0.0414249438472325,,2074,10,ENSG00000185436,0.5,False,False
0.0,106.5216897858154,,1040,10,ENSG00000185467,0.0,True,True
0.5,0.0,,2697,10,ENSG00000185480,0.5,False,False
0.03734926931035154,5.188589500794478,,4049,10,ENSG00000185483,0.10573435717113748,False,True
0.0,200.0298735349061,,5084,10,ENSG00000185499,0.0,True,True
0.0,131.5374991428034,,3128,9,ENSG00000185518,0.0,True,True
0.5,0.0,,661,10,ENSG00000185519,0.5,False,False
5.813056702663744e-10,41.14519444315374,,3453,10,ENSG00000185532,2.8943087126175638e-09,True,True
1.281262823943363e-05,21.14386422335519,,3280,10,ENSG00000185559,4.759522992004696e-05,True,True
3.910874383539209e-05,18.91203461592522,,2875,10,ENSG00000185585,0.00014075751941913187,True,True
0.0,321.2711675420505,,3233,10,ENSG00000185591,0.0,True,True
0.5,0.0,,1503,10,ENSG00000185610,0.5,False,False
0.2292273864562971,1.55978726700323,,359,10,ENSG00000185614,0.5,False,False
1.659901660566732e-10,43.65189076553906,,273,10,ENSG00000185633,8.709230864619119e-10,True,True
0.5,-0.001763788910466246,,1786,10,ENSG00000185634,0.5,False,False
0.008263036206325791,8.205631998047465,,1264,10,ENSG00000185640,0.025061184201380784,True,True
0.5,0.0,,1396,10,ENSG00000185652,0.5,False,False
2.581213021102258e-12,51.97924278484697,,346,10,ENSG00000185662,1.550598256879545e-11,True,True
1.018922323758886e-05,21.60206552207819,,1263,10,ENSG00000185670,3.8140101682011224e-05,True,True
0.2607504742198266,1.302088371638092,,6551,10,ENSG00000185697,0.5,False,False
1.811446718708032e-05,20.4513049326888,,2097,10,ENSG00000185736,6.669234625354368e-05,True,True
0.3689502258065118,0.6078927057496912,,1009,10,ENSG00000185742,0.5,False,False
0.5,0.0,,1921,10,ENSG00000185774,0.5,False,False
6.369206470013822e-07,27.14694716330087,,1040,10,ENSG00000185798,2.601020770266728e-06,True,True
0.5,-0.003500905708278879,,956,10,ENSG00000185860,0.5,False,False
0.4694298626331149,0.1261783965856011,,283,10,ENSG00000185863,0.5,False,False
0.01123823266622309,7.590573004945327,,2087,10,ENSG00000185896,0.03373504482908488,True,True
0.5,0.0,,1305,10,ENSG00000185909,0.5,False,False
0.4977553504907564,0.008998812363643083,,507,10,ENSG00000185933,0.5,False,False
0.5,0.0,,1705,10,ENSG00000185942,0.5,False,False
0.4449771386885149,0.2331703826057492,,4516,10,ENSG00000185989,0.5,False,False
0.0,96.84914059611765,,1441,10,ENSG00000186007,0.0,True,True
0.2649598939153589,1.270059255118213,,722,10,ENSG00000186009,0.5,False,False
1.768874854479741e-06,25.10403941684854,,2541,10,ENSG00000186038,7.016254805567967e-06,True,True
0.1789682454526639,2.054799415862362,,3719,10,ENSG00000186073,0.4411239112396185,False,False
3.021129301006287e-05,19.42829516448546,,1882,10,ENSG00000186106,0.00010984720133921983,True,True
0.5,0.0,,424,10,ENSG00000186130,0.5,False,False
0.1263316898079578,2.751394382748913,,1070,10,ENSG00000186166,0.3281325457466225,False,False
0.5,0.0,,5905,10,ENSG00000186174,0.5,False,False
0.2647695181510549,1.271496787323485,,1381,10,ENSG00000186188,0.5,False,False
0.1430977515753777,2.502160248230211,,518,10,ENSG00000186193,0.36593473518148556,False,False
4.296353573796097e-06,23.32919344123366,,1193,10,ENSG00000186197,1.6463838733483655e-05,True,True
0.3794321508326656,0.5518646064774657,,258,10,ENSG00000186198,0.5,False,False
4.203304371230843e-11,46.39883675068268,,5075,10,ENSG00000186231,2.3076419362585224e-10,True,True
0.09892522101870438,3.240487753475463,,872,10,ENSG00000186265,0.26228893888434734,False,False
0.0,178.4024175963641,,5063,10,ENSG00000186318,0.0,True,True
0.4799226078653502,0.08196648226294201,,1135,10,ENSG00000186334,0.5,False,False
0.07519758894522738,3.7889778591707,,3873,10,ENSG00000186350,0.2041701555569931,False,False
0.3692839295120636,0.6060845871420497,,194,10,ENSG00000186367,0.5,False,False
0.5,-0.009660396761319134,,4054,10,ENSG00000186377,0.5,False,False
0.0286377194589521,5.719766774764139,,1439,10,ENSG00000186442,0.08214764509159615,False,True
5.643364582585964e-05,18.17859567925188,,848,10,ENSG00000186468,0.00020035756912050384,True,True
0.0,76.97346969713362,,1059,10,ENSG00000186479,0.0,True,True
0.3988921995502058,0.4518337891786359,,1477,10,ENSG00000186501,0.5,False,False
0.5,0.0,,1821,10,ENSG00000186583,0.5,False,False
0.5,0.0,,893,10,ENSG00000186591,0.5,False,False
0.5,0.0,,381,10,ENSG00000186603,0.5,False,False
0.5,-0.004291419638320804,,5469,10,ENSG00000186638,0.5,False,False
0.5,0.0,,4817,10,ENSG00000186648,0.5,False,False
0.5,0.0,,3335,10,ENSG00000186660,0.5,False,False
0.4962777702822694,0.01494461543916259,,1296,10,ENSG00000186684,0.5,False,False
0.5,-0.002160884185286704,,620,10,ENSG00000186687,0.5,False,False
0.2742242750412368,1.201323609499013,,664,10,ENSG00000186710,0.5,False,False
0.4662068306404691,0.1399574403712904,,459,10,ENSG00000186766,0.5,False,False
0.5,-0.0007756759860058082,,516,10,ENSG00000186795,0.5,False,False
0.2745780312999422,1.198745221590798,,3611,10,ENSG00000186827,0.5,False,False
0.5,0.0,,2436,10,ENSG00000186854,0.5,False,False
0.297831434749272,1.036160854257105,,1165,10,ENSG00000186867,0.5,False,False
0.5,0.0,,468,10,ENSG00000186881,0.5,False,False
4.218847493575595e-15,64.81164528910085,,1057,10,ENSG00000186891,3.006382153731377e-14,True,True
0.5,0.0,,346,10,ENSG00000186895,0.5,False,False
0.5,-0.002165742953366134,,1425,10,ENSG00000186907,0.5,False,False
0.4691433759716216,0.1273993419890758,,3040,10,ENSG00000186908,0.5,False,False
0.5,-0.0001338124566245824,,649,10,ENSG00000186910,0.5,False,False
0.5,0.0,,463,10,ENSG00000187003,0.5,False,False
0.002706077181091338,10.43821609385122,,1538,10,ENSG00000187024,0.008567808974378303,True,True
0.0,193.1268262846206,,1223,10,ENSG00000187033,0.0,True,True
0.001707138333231162,11.35957923829119,,3027,10,ENSG00000187048,0.005485339838172998,True,True
3.286260152890463e-14,60.70637783728125,,528,10,ENSG00000187049,2.208899729794211e-13,True,True
1.654502090886467e-10,43.65840742831642,,1342,10,ENSG00000187054,8.69006694833082e-10,True,True
0.05394291812484514,4.453363365532823,,508,10,ENSG00000187068,0.14997880086807142,False,False
0.09650407223765523,3.290045782792731,,5144,10,ENSG00000187091,0.2565533165740765,False,False
0.5,-1.818989403545856e-12,,397,10,ENSG00000187094,0.5,False,False
0.0006593768049343862,13.2621364469087,,6943,10,ENSG00000187098,0.002192339724427565,True,True
0.0,110.0128349058068,,5928,10,ENSG00000187109,0.0,True,True
1.110223024625157e-16,72.33600220984044,,900,10,ENSG00000187118,8.751583715507972e-16,True,True
0.5,-0.001871917520475108,,1190,10,ENSG00000187151,0.5,False,False
0.0,82.0869473990897,,5633,10,ENSG00000187164,0.0,True,True
1.56472280354869e-07,29.95447956891394,,343,10,ENSG00000187186,6.606902567785386e-07,True,True
2.157951273229486e-08,33.9167485509679,,2732,10,ENSG00000187258,9.661250794818598e-08,True,True
1.523907254163959e-06,25.40217155780556,,2745,10,ENSG00000187260,6.068786775189377e-06,True,True
0.0002679600918303326,15.06305063822947,,2025,10,ENSG00000187288,0.0009160367675354462,True,True
1.521005543736464e-14,62.24760181281454,,1803,10,ENSG00000187398,1.0522227502844469e-13,True,True
0.0,114.2502742214274,,9991,10,ENSG00000187498,0.0,True,True
0.5,0.0,,2709,10,ENSG00000187527,0.5,False,False
0.5,0.0,,395,10,ENSG00000187566,0.5,False,False
0.003243602463524509,10.07584702976601,,2420,10,ENSG00000187583,0.010198279806302724,True,True
0.03606514607744538,5.258562364266254,,11004,10,ENSG00000187605,0.10233202315414337,False,True
0.3463291636287483,0.7344368712219875,,430,10,ENSG00000187616,0.5,False,False
0.0,224.2845339917876,,2393,10,ENSG00000187642,0.0,True,True
0.5,0.0,,3769,10,ENSG00000187676,0.5,False,False
0.5,0.0,,136,10,ENSG00000187713,0.5,False,False
4.476397030828139e-11,46.27294034185979,,1624,10,ENSG00000187715,2.449460817529061e-10,True,True
0.0,79.09259509399271,,2087,10,ENSG00000187735,0.0,True,True
2.963218892482189e-09,37.88768504692416,,2389,10,ENSG00000187736,1.3970664238110339e-08,True,True
0.0,96.71277017138345,,2847,10,ENSG00000187778,0.0,True,True
0.5,0.0,,658,10,ENSG00000187783,0.5,False,False
1.579135544549359e-09,39.14648214924455,,1794,10,ENSG00000187796,7.574368561801844e-09,True,True
8.353222236134883e-08,31.20977240467619,,3625,10,ENSG00000187801,3.581804086425423e-07,True,True
0.5,0.0,,814,10,ENSG00000187806,0.5,False,False
0.2214747407562355,1.628599105184549,,870,10,ENSG00000187821,0.5,False,False
0.3706956786444379,0.5984532912007126,,1469,10,ENSG00000187833,0.5,False,False
0.5,0.0,,1846,10,ENSG00000187862,0.5,False,False
0.2111532868721036,1.724047501131281,,803,10,ENSG00000187871,0.5,False,False
0.4599294211083224,0.1670701061593718,,2520,10,ENSG00000187889,0.5,False,False
0.5,0.0,,2283,10,ENSG00000187954,0.5,False,False
0.4760398819333312,0.09821292424749117,,3332,10,ENSG00000187957,0.5,False,False
0.1793090447382868,2.050994548540984,,532,10,ENSG00000188010,0.4415263309545735,False,False
1.90076351296864e-05,20.35504526015711,,253,10,ENSG00000188015,6.982568473785831e-05,True,True
0.5,0.0,,2839,10,ENSG00000188026,0.5,False,False
4.92725593437271e-07,27.66033248590793,,324,10,ENSG00000188060,2.023796120360847e-06,True,True
0.4643482308129848,0.1479466604650952,,4424,10,ENSG00000188089,0.5,False,False
0.4899651311857446,0.04054774138785433,,3171,10,ENSG00000188112,0.5,False,False
0.5,0.0,,235,10,ENSG00000188133,0.5,False,False
0.0,112.1174991550215,,2643,10,ENSG00000188175,0.0,True,True
0.2518593258712276,1.371474794796086,,5937,10,ENSG00000188177,0.5,False,False
0.002123491091485574,10.92309324583039,,3620,10,ENSG00000188191,0.006762000441132679,True,True
0.0,114.1173663900627,,3609,10,ENSG00000188199,0.0,True,True
0.5,0.0,,465,10,ENSG00000188243,0.5,False,False
0.5,0.0,,571,10,ENSG00000188257,0.5,False,False
0.5,0.0,,175,10,ENSG00000188277,0.5,False,False
0.5,0.0,,1961,10,ENSG00000188282,0.5,False,False
1.304512053934559e-14,62.55264944640658,,1132,10,ENSG00000188306,9.087735232871844e-14,True,True
0.5,0.0,,766,10,ENSG00000188312,0.5,False,False
0.2837642681862294,1.132928492988867,,700,10,ENSG00000188342,0.5,False,False
0.3725408208261941,0.5885229609566522,,405,10,ENSG00000188393,0.5,False,False
0.5,0.0,,1613,10,ENSG00000188467,0.5,False,False
0.5,0.0,,4033,10,ENSG00000188487,0.5,False,False
5.625745623305534e-05,18.18484957980399,,1891,9,ENSG00000188522,0.00019987470521658378,True,True
0.5,0.0,,1055,10,ENSG00000188523,0.5,False,False
0.5,-0.002103649105265504,,1842,10,ENSG00000188529,0.5,False,False
4.878276668174308e-07,27.68031290940598,,862,10,ENSG00000188610,2.0053345576445463e-06,True,True
0.0,105.9002078200429,,4216,10,ENSG00000188611,0.0,True,True
0.4894390881776992,0.04269616202236648,,502,10,ENSG00000188620,0.5,False,False
0.2474033823914029,1.407175933504732,,466,10,ENSG00000188643,0.5,False,False
0.08493438327830921,3.545458202450391,,2325,10,ENSG00000188676,0.22811210714163607,False,False
0.3440639865983625,0.7475609015382361,,3118,10,ENSG00000188690,0.5,False,False
0.5,-0.005691429068974685,,474,10,ENSG00000188716,0.5,False,False
0.5,-0.004432667786204547,,639,10,ENSG00000188729,0.5,False,False
0.3853193543554596,0.5210712322495965,,1637,10,ENSG00000188730,0.5,False,False
0.03394664426960053,5.379636185331037,,1622,10,ENSG00000188732,0.09676252641661491,False,True
0.5,0.0,,1118,10,ENSG00000188760,0.5,False,False
0.5,-0.002960760293717613,,690,10,ENSG00000188761,0.5,False,False
0.1561335634200919,2.327792563195544,,522,10,ENSG00000188778,0.3930204172325593,False,False
0.5,0.0,,5897,10,ENSG00000188779,0.5,False,False
0.1690016038526159,2.169399786380382,,1636,10,ENSG00000188782,0.41988710167977594,False,False
0.5,0.0,,764,10,ENSG00000188783,0.5,False,False
0.5,0.0,,220,10,ENSG00000188784,0.5,False,False
0.5,0.0,,2503,10,ENSG00000188786,0.5,False,False
0.3419542333399377,0.759862381867606,,263,10,ENSG00000188800,0.5,False,False
0.5,-0.0007006912419456057,,1894,10,ENSG00000188811,0.5,False,False
0.5,-0.006334387335300562,,489,10,ENSG00000188816,0.5,False,False
0.5,0.0,,1304,10,ENSG00000188848,0.5,False,False
0.3531539040633154,0.6954082952697718,,371,10,ENSG00000188909,0.5,False,False
0.5,0.0,,1678,10,ENSG00000188916,0.5,False,False
0.2119319004320011,1.716686199320975,,753,10,ENSG00000188921,0.5,False,False
0.3712475723122201,0.595477895069962,,184,10,ENSG00000188931,0.5,False,False
0.1766308215669726,2.08109259565208,,845,10,ENSG00000188959,0.4368780241044862,False,False
0.2506306485574432,1.381255525357119,,1147,10,ENSG00000188981,0.5,False,False
0.5,0.0,,2314,10,ENSG00000188986,0.5,False,False
0.04134537471971089,4.985295080199649,,1000,10,ENSG00000188991,0.11645067602256058,False,True
0.0,207.4944456757148,,2928,10,ENSG00000188993,0.0,True,True
0.5,0.0,,347,10,ENSG00000189007,0.5,False,False
0.5,-0.0004571483250401798,,107,10,ENSG00000189043,0.5,False,False
0.3233375758923414,0.8718223886680789,,1541,10,ENSG00000189046,0.5,False,False
0.2447941331886641,1.428381027499199,,1075,10,ENSG00000189099,0.5,False,False
0.5,0.0,,627,10,ENSG00000189143,0.5,False,False
0.2726607281141422,1.212759660427764,,638,10,ENSG00000189167,0.5,False,False
0.5,-0.002600741159767495,,493,10,ENSG00000189171,0.5,False,False
0.5,0.0,,4731,10,ENSG00000189180,0.5,False,False
0.2036049951230998,1.79685255993536,,4799,10,ENSG00000189184,0.48947861079859756,False,False
0.3504192669127129,0.7109555107358574,,275,10,ENSG00000189227,0.5,False,False
0.4972040900583589,0.0112150252716674,,908,10,ENSG00000189241,0.5,False,False
0.0130114660870847,7.297554246106301,,2276,10,ENSG00000189298,0.03887028967997556,True,True
1.733890935273763e-07,29.74916098352696,,6250,10,ENSG00000189308,7.290256561328569e-07,True,True
0.5,0.0,,3015,10,ENSG00000189319,0.5,False,False
1.360023205165817e-14,62.46965955978612,,516,10,ENSG00000189320,9.447982433651919e-14,True,True
0.4382820586063177,0.2634908517538861,,1639,10,ENSG00000189325,0.5,False,False
0.5,0.0,,1782,10,ENSG00000189339,0.5,False,False
0.4724599394480335,0.1133102786334348,,5836,10,ENSG00000189350,0.5,False,False
0.5,-0.001304461380641442,,1396,10,ENSG00000189376,0.5,False,False
0.5,-0.00760940268082777,,1423,10,ENSG00000189410,0.5,False,False
0.5,0.0,,266,10,ENSG00000189433,0.5,False,False
0.5,0.0,,2828,10,ENSG00000196116,0.5,False,False
8.850411064575958e-06,21.88379894308309,,3291,10,ENSG00000196151,3.3299504262632993e-05,True,True
0.5,0.0,,2401,10,ENSG00000196152,0.5,False,False
9.323097849289752e-13,54.01597061144639,,437,10,ENSG00000196154,5.746355477368925e-12,True,True
0.5,0.0,,1878,10,ENSG00000196177,0.5,False,False
5.431691554208529e-05,18.25505535783304,,2334,10,ENSG00000196182,0.00019339465848699515,True,True
2.86992651865603e-14,60.97826946510031,,4537,10,ENSG00000196189,1.931666373991217e-13,True,True
0.5,0.0,,2013,10,ENSG00000196199,0.5,False,False
0.5,0.0,,10350,10,ENSG00000196220,0.5,False,False
0.0,107.3591177382405,,4327,10,ENSG00000196230,0.0,True,True
1.137957518715371e-06,25.9862567444361,,5052,10,ENSG00000196247,4.590592618078066e-06,True,True
0.0,78.08310457797052,,163,10,ENSG00000196260,0.0,True,True
8.548717289613705e-14,58.79434374840639,,7779,10,ENSG00000196277,5.609672796640972e-13,True,True
0.3629863016220916,0.6404860028560506,,1728,10,ENSG00000196284,0.5,False,False
0.0,109.2705591293598,,1430,10,ENSG00000196329,0.0,True,True
2.521548392309114e-08,33.60532081656856,,3809,10,ENSG00000196345,1.1238514071098146e-07,True,True
1.053140907814054e-11,49.16701919811021,,3787,10,ENSG00000196353,6.069899044573702e-11,True,True
0.4920582824374246,0.03202185741247376,,3011,10,ENSG00000196358,0.5,False,False
2.088049899651168e-09,38.58777618986642,,1473,10,ENSG00000196372,9.957775839755425e-09,True,True
0.5,0.0,,1502,10,ENSG00000196376,0.5,False,False
0.5,0.0,,1534,10,ENSG00000196378,0.5,False,False
0.0,89.58858664656873,,1917,10,ENSG00000196387,0.0,True,True
8.049116928532385e-15,63.52042073911798,,1638,9,ENSG00000196408,5.6628440739066595e-14,True,True
5.91732218779839e-11,45.71481008559704,,176,10,ENSG00000196420,3.2131834674791696e-10,True,True
0.5,-0.006982276549933886,,634,10,ENSG00000196449,0.5,False,False
0.5,0.0,,2102,10,ENSG00000196453,0.5,False,False
0.5,0.0,,3061,10,ENSG00000196458,0.5,False,False
0.0,114.5241279524016,,1604,10,ENSG00000196465,0.0,True,True
0.4795469609075603,0.08353254329995252,,7567,10,ENSG00000196482,0.5,False,False
5.551115123125783e-17,73.72487691840615,,586,6,ENSG00000196503,4.453426874585104e-16,True,True
1.580089429853437e-07,29.93493404754554,,7968,10,ENSG00000196504,6.666127925437656e-07,True,True
0.0,180.9859882757519,,1702,10,ENSG00000196505,0.0,True,True
0.5,0.0,,3514,10,ENSG00000196526,0.5,False,False
0.0,273.4086748330446,,8456,9,ENSG00000196547,0.0,True,True
0.009488880114208342,7.928974999496859,,1818,10,ENSG00000196581,0.028674173565049997,True,True
4.996003610813204e-16,69.17578616195897,,731,10,ENSG00000196584,3.782362551017485e-15,True,True
0.2012826733409413,1.819795686438738,,763,10,ENSG00000196611,0.48530296519527005,False,False
0.5,0.0,,4002,10,ENSG00000196652,0.5,False,False
0.4186282004967437,0.3552498441349599,,3042,10,ENSG00000196653,0.5,False,False
0.001243497825548723,11.99335972573681,,1614,10,ENSG00000196655,0.004039946560600489,True,True
0.3993329928594896,0.4496249220155732,,1320,10,ENSG00000196660,0.5,False,False
0.180121906073879,2.041948441416025,,7009,10,ENSG00000196663,0.4433084417671817,False,False
0.2598225558719423,1.309218355535904,,312,10,ENSG00000196666,0.5,False,False
0.5,-0.0003674670133477775,,343,10,ENSG00000196711,0.5,False,False
0.002958040788120675,10.26016189038637,,1193,10,ENSG00000196715,0.009351075622086064,True,True
0.09052629709553528,3.417935428097735,,596,10,ENSG00000196754,0.2419547564498616,False,False
0.08339833773511712,3.581959440460196,,4489,10,ENSG00000196776,0.22435009837451195,False,False
0.0,104.8268312146829,,7343,10,ENSG00000196781,0.0,True,True
0.3413545776441484,0.7633726884232601,,970,10,ENSG00000196811,0.5,False,False
0.5,-0.003133338963380083,,689,10,ENSG00000196812,0.5,False,False
0.274422677184911,1.199877126280626,,2292,10,ENSG00000196821,0.5,False,False
0.5,0.0,,2525,10,ENSG00000196843,0.5,False,False
0.5,0.0,,321,10,ENSG00000196844,0.5,False,False
0.2516365010468791,1.373245016728106,,612,10,ENSG00000196850,0.5,False,False
0.4919901642877094,0.03229874682801892,,2280,10,ENSG00000196865,0.5,False,False
0.5,0.0,,300,10,ENSG00000196890,0.5,False,False
6.70714741048406e-05,17.83320909796748,,2898,10,ENSG00000196911,0.00023677325209189292,True,True
0.5,-0.001223529281560332,,3368,10,ENSG00000196923,0.5,False,False
2.554623179662485e-13,56.60521067337322,,1306,10,ENSG00000196932,1.6269776819002818e-12,True,True
0.1337563541162836,2.637176412441477,,4917,10,ENSG00000196950,0.34543307651837724,False,False
0.09837839102117113,3.251573843423103,,1315,10,ENSG00000196968,0.26097819570096276,False,False
0.5,-0.0001014247254715883,,330,10,ENSG00000196981,0.5,False,False
2.686366129545092e-09,38.08385851417006,,332,10,ENSG00000196990,1.2701506776005027e-08,True,True
2.220446049250313e-16,70.84154170061083,,3234,10,ENSG00000197024,1.7176514228570851e-15,True,True
0.5,0.0,,2263,10,ENSG00000197037,0.5,False,False
2.172311100501201e-06,24.69314350674995,,683,10,ENSG00000197045,8.536664426783216e-06,True,True
0.5,0.0,,4755,10,ENSG00000197057,0.5,False,False
0.5,0.0,,2780,10,ENSG00000197106,0.5,False,False
0.2258645967385404,1.589344816224184,,9849,10,ENSG00000197136,0.5,False,False
0.0,152.642982841644,,4991,10,ENSG00000197142,0.0,True,True
0.1519984021735685,2.381476179056335,,4153,10,ENSG00000197168,0.3839715857853376,False,False
0.5,0.0,,4274,10,ENSG00000197181,0.5,False,False
0.3039652513439081,0.9953894166110331,,236,10,ENSG00000197191,0.5,False,False
0.356532627563955,0.676364681632549,,1282,10,ENSG00000197208,0.5,False,False
0.5,0.0,,1066,10,ENSG00000197241,0.5,False,False
0.2682009745869924,1.245742987458925,,169,10,ENSG00000197273,0.5,False,False
1.736277788211282e-12,52.77223721435439,,970,10,ENSG00000197279,1.0532006973857215e-11,True,True
1.945366254751946e-07,29.5189964104211,,9905,9,ENSG00000197299,8.144993056511935e-07,True,True
0.5,0.0,,1588,10,ENSG00000197329,0.5,False,False
0.0,92.7153137806672,,830,10,ENSG00000197345,0.0,True,True
0.3931020312262272,0.481077797587659,,239,10,ENSG00000197353,0.5,False,False
0.0146677856094295,7.057908929164114,,1550,10,ENSG00000197355,0.04353076707714937,True,True
0.4461815760424367,0.2277642161516269,,812,10,ENSG00000197361,0.5,False,False
0.03553208956278997,5.288343757893017,,2602,10,ENSG00000197362,0.10099235056303847,False,True
0.5,0.0,,4661,10,ENSG00000197375,0.5,False,False
0.5,0.0,,2745,10,ENSG00000197429,0.5,False,False
0.5,0.0,,1221,10,ENSG00000197430,0.5,False,False
0.4101119080337166,0.3963560590636916,,8115,10,ENSG00000197442,0.5,False,False
0.5,0.0,,5866,10,ENSG00000197444,0.5,False,False
0.5,0.0,,2168,10,ENSG00000197451,0.5,False,False
0.2793942733689621,1.163968295884843,,1770,10,ENSG00000197506,0.5,False,False
0.07252788371243163,3.861274014531773,,631,10,ENSG00000197557,0.1977816302552823,False,False
0.5,-0.004656691286072601,,4904,10,ENSG00000197579,0.5,False,False
0.5,-0.0001433462857676204,,616,10,ENSG00000197587,0.5,False,False
0.2521755885118627,1.368964947378117,,1693,9,ENSG00000197599,0.5,False,False
0.3705979506295723,0.598980628879417,,258,10,ENSG00000197622,0.5,False,False
0.5,0.0,,3029,10,ENSG00000197629,0.5,False,False
0.0,130.3401195363549,,5194,10,ENSG00000197635,0.0,True,True
0.2501435549878705,1.385146250715479,,1011,10,ENSG00000197646,0.5,False,False
0.001001115631198424,12.42698617825954,,2972,10,ENSG00000197724,0.0032846630274280743,True,True
0.5,0.0,,471,10,ENSG00000197747,0.5,False,False
2.898049022981297e-10,42.53733179108713,,796,10,ENSG00000197756,1.4830139753404293e-09,True,True
0.5,-0.003199447070073802,,2661,10,ENSG00000197763,0.5,False,False
0.5,0.0,,220,10,ENSG00000197769,0.5,False,False
0.5,-0.0001538144460937474,,1596,10,ENSG00000197771,0.5,False,False
1.325342339186797e-05,21.07621497839227,,393,10,ENSG00000197780,4.908602230167632e-05,True,True
0.1459126162202226,2.463200349622639,,5457,10,ENSG00000197816,0.37123752075671984,False,False
0.0,294.5959394115998,,5190,10,ENSG00000197822,0.0,True,True
0.0,197.6270169284107,,4288,10,ENSG00000197859,0.0,True,True
0.00430903138522537,9.507789912444423,,1896,10,ENSG00000197885,0.013378977596823341,True,True
0.5,0.0,,3393,10,ENSG00000197891,0.5,False,False
7.970973880944143e-11,45.11896399669058,,1744,10,ENSG00000197894,4.300176147919324e-10,True,True
0.4999561969914408,0.0001752197094901931,,2707,10,ENSG00000197901,0.5,False,False
5.86015402870288e-10,41.1290556649692,,2717,10,ENSG00000197930,2.914840613876812e-09,True,True
0.5,0.0,,1522,10,ENSG00000197935,0.5,False,False
0.5,-0.003074897805163346,,650,10,ENSG00000197953,0.5,False,False
1.458333453996374e-12,53.12118139728682,,361,10,ENSG00000197956,8.86766577038871e-12,True,True
0.0,121.967915949499,,437,10,ENSG00000197958,0.0,True,True
0.5,0.0,,1795,10,ENSG00000197977,0.5,False,False
0.4853241907940576,0.05958199231827166,,4102,10,ENSG00000197980,0.5,False,False
0.5,0.0,,323,10,ENSG00000197992,0.5,False,False
0.5,-0.002682620890482212,,944,10,ENSG00000198015,0.5,False,False
0.0,234.3461970404533,,4398,10,ENSG00000198040,0.0,True,True
0.5,-0.001397667200762953,,546,10,ENSG00000198049,0.5,False,False
0.5,-0.008692388173585641,,616,10,ENSG00000198060,0.5,False,False
0.2367310265824566,1.495367021321726,,1914,10,ENSG00000198075,0.5,False,False
0.5,0.0,,3961,10,ENSG00000198087,0.5,False,False
0.0,106.0359119808818,,885,10,ENSG00000198092,0.0,True,True
0.5,0.0,,1977,10,ENSG00000198099,0.5,False,False
0.5,0.0,,547,10,ENSG00000198113,0.5,False,False
0.0,101.096132478182,,2194,10,ENSG00000198121,0.0,True,True
0.0,85.46568304799439,,5841,10,ENSG00000198160,0.0,True,True
0.5,0.0,,1109,10,ENSG00000198189,0.5,False,False
5.551115123125783e-16,68.78291012933187,,8782,10,ENSG00000198218,4.196238088514839e-15,True,True
5.773159728050814e-15,64.17541975450877,,2633,10,ENSG00000198246,4.090555055174466e-14,True,True
4.918186968794203e-10,41.47952747315139,,661,10,ENSG00000198252,2.4735148617575696e-09,True,True
0.3828165456922253,0.534104433900211,,2229,10,ENSG00000198315,0.5,False,False
0.0,206.1247410278884,,692,10,ENSG00000198353,0.0,True,True
0.0,87.23755722452188,,5518,10,ENSG00000198380,0.0,True,True
0.0,118.2199280142668,,3649,10,ENSG00000198382,0.0,True,True
0.0,155.124235297073,,3411,10,ENSG00000198393,0.0,True,True
0.5,0.0,,349,10,ENSG00000198398,0.5,False,False
0.07017773819285927,3.927153914250084,,5849,10,ENSG00000198431,0.19189888387646073,False,False
0.07367104422728749,3.829996526274954,,564,10,ENSG00000198471,0.200678956181012,False,False
0.5,-0.001083650113287149,,127,10,ENSG00000198478,0.5,False,False
0.0,113.7145470080941,,4331,10,ENSG00000198513,0.0,True,True
1.445872727101616e-08,34.7176409178428,,3298,10,ENSG00000198515,6.520191246240651e-08,True,True
0.5,0.0,,2917,10,ENSG00000198522,0.5,False,False
0.1110183567442283,3.009825069053477,,884,10,ENSG00000198546,0.2920176131389697,False,False
4.133652991955561e-06,23.4064037194812,,681,10,ENSG00000198570,1.586480708486648e-05,True,True
7.771561172376096e-16,68.23419891904632,,4294,10,ENSG00000198586,5.795464058680465e-15,True,True
5.80075693035198e-09,36.5442604822274,,265,10,ENSG00000198589,2.6740467999602176e-08,True,True
0.07430798007934108,3.812779497355223,,2449,10,ENSG00000198598,0.20230317072503698,False,False
0.1042365763003703,3.135890020683291,,5580,10,ENSG00000198604,0.2754902925175568,False,False
0.3296487454750142,0.8331608369408059,,924,10,ENSG00000198643,0.5,False,False
0.5,-0.001309348284848966,,2691,10,ENSG00000198663,0.5,False,False
0.5,0.0,,4548,10,ENSG00000198682,0.5,False,False
1.059702781081029e-08,35.3390901794919,,5698,10,ENSG00000198691,4.8180636499972926e-08,True,True
0.5,-0.004726951126940548,,4018,10,ENSG00000198700,0.5,False,False
0.0,179.6140179408976,,12615,10,ENSG00000198718,0.0,True,True
0.5,0.0,,2733,10,ENSG00000198719,0.5,False,False
3.644656368095855e-06,23.65820258262465,,1410,10,ENSG00000198728,1.4029134551805335e-05,True,True
0.5,-0.001235653075582377,,321,10,ENSG00000198729,0.5,False,False
4.391592089980634e-10,41.70602374192822,,3241,10,ENSG00000198732,2.217642543712048e-09,True,True
0.4407948467723887,0.2520570625401888,,1156,10,ENSG00000198739,0.5,False,False
0.4797347664971069,0.08274943407741375,,3709,10,ENSG00000198742,0.5,False,False
1.328936960476312e-13,57.91222547354482,,1076,10,ENSG00000198746,8.652005813362795e-13,True,True
0.5,0.0,,684,10,ENSG00000198755,0.5,False,False
0.5,0.0,,2341,10,ENSG00000198756,0.5,False,False
0.00105616561524513,12.31992618573713,,4354,10,ENSG00000198771,0.0034538907102099124,True,True
0.5,-0.008742259955397458,,856,10,ENSG00000198774,0.5,False,False
0.5,0.0,,2252,10,ENSG00000198785,0.5,False,False
0.5,-0.0002890228533942718,,1593,10,ENSG00000198797,0.5,False,False
0.05623064539141737,4.370292397059529,,1253,10,ENSG00000198805,0.15581684132418386,False,False
0.5,0.0,,362,10,ENSG00000198818,0.5,False,False
0.5,0.0,,2679,10,ENSG00000198821,0.5,False,False
0.5,0.0,,344,10,ENSG00000198829,0.5,False,False
0.0,213.0241868325393,,7172,10,ENSG00000198837,0.0,True,True
0.3250268913168983,0.861400353947829,,3774,10,ENSG00000198842,0.5,False,False
0.5,0.0,,655,10,ENSG00000198843,0.5,False,False
0.3560360242810885,0.6791523617357598,,2072,10,ENSG00000198846,0.5,False,False
0.5,0.0,,1322,10,ENSG00000198851,0.5,False,False
0.5,0.0,,5322,10,ENSG00000198853,0.5,False,False
0.0,85.23143544047343,,769,10,ENSG00000198865,0.0,True,True
0.5,0.0,,862,10,ENSG00000198870,0.5,False,False
0.4564852824336637,0.1821032778316294,,1942,10,ENSG00000198873,0.5,False,False
0.5,0.0,,824,10,ENSG00000198890,0.5,False,False
0.5,0.0,,429,10,ENSG00000198892,0.5,False,False
0.4476195202487475,0.2213290240142669,,1673,10,ENSG00000198894,0.5,False,False
0.2427811949288694,1.444894986101644,,1387,10,ENSG00000198912,0.5,False,False
0.5,0.0,,2666,10,ENSG00000198924,0.5,False,False
0.5,-0.008556466274058039,,308,10,ENSG00000198937,0.5,False,False
0.4933402972579392,0.02681780873535899,,3037,10,ENSG00000198948,0.5,False,False
0.2583646911349761,1.320471960032592,,5251,10,ENSG00000198952,0.5,False,False
0.5,-0.004306446309783496,,3021,10,ENSG00000198961,0.5,False,False
0.5,0.0,,2920,10,ENSG00000198963,0.5,False,False
0.0,113.3381535010012,,997,10,ENSG00000203666,0.0,True,True
0.2677925592183676,1.24879090070317,,525,10,ENSG00000203667,0.5,False,False
0.5,0.0,,694,10,ENSG00000203685,0.5,False,False
0.5,-0.002308963502400729,,628,10,ENSG00000203740,0.5,False,False
0.001670697957129763,11.40273324191276,,401,10,ENSG00000203760,0.005371720516330602,True,True
0.364248231222776,0.6335450185645186,,157,10,ENSG00000203778,0.5,False,False
0.5,-0.003105081937974319,,2658,10,ENSG00000203780,0.5,False,False
0.5,0.0,,146,10,ENSG00000203795,0.5,False,False
0.5,0.0,,2534,10,ENSG00000203797,0.5,False,False
0.5,0.0,,1276,10,ENSG00000203805,0.5,False,False
0.5,-0.008968749887117156,,290,10,ENSG00000203814,0.5,False,False
0.2653179753963739,1.267358169094223,,957,10,ENSG00000203837,0.5,False,False
0.5,-0.009919042915498721,,564,10,ENSG00000203872,0.5,False,False
0.4726696623021389,0.1124226845631711,,536,10,ENSG00000203908,0.5,False,False
0.5,-0.003880642300373438,,242,10,ENSG00000203909,0.5,False,False
0.4979136290961593,0.008362943977772375,,844,10,ENSG00000203943,0.5,False,False
0.5,0.0,,140,10,ENSG00000203970,0.5,False,False
0.001354173035378103,11.82283427289804,,583,10,ENSG00000203972,0.004393774741011536,True,True
0.1996743079387341,1.835841038970102,,778,10,ENSG00000203985,0.4825464228446975,False,False
0.5,0.0,,1459,10,ENSG00000203995,0.5,False,False
0.2534317802904067,1.359026845675544,,707,10,ENSG00000204001,0.5,False,False
0.5,0.0,,1100,10,ENSG00000204006,0.5,False,False
0.5,0.0,,1097,10,ENSG00000204020,0.5,False,False
0.2753102385284214,1.193418992963416,,576,10,ENSG00000204021,0.5,False,False
0.08188071604473718,3.618689184702816,,1880,10,ENSG00000204033,0.2209846346210107,False,False
0.5,0.0,,735,10,ENSG00000204052,0.5,False,False
3.178285412630544e-11,46.95789277454605,,3890,10,ENSG00000204084,1.7683212127991415e-10,True,True
3.302819284733971e-08,33.06551426336955,,3375,10,ENSG00000204104,1.4602864997570465e-07,True,True
0.5,0.0,,223,10,ENSG00000204140,0.5,False,False
0.0,152.309610513912,,4654,10,ENSG00000204147,0.0,True,True
0.1679767954514395,2.18156450153765,,2265,10,ENSG00000204178,0.4175756048324533,False,False
0.04849337948516907,4.666361630617757,,7728,10,ENSG00000204217,0.13550902784226457,False,True
1.570159002817206e-10,43.76305392647555,,1401,10,ENSG00000204219,8.264519449748977e-10,True,True
0.3526903512577527,0.6980352366590523,,604,10,ENSG00000204220,0.5,False,False
0.4994309472870433,0.002277507119288202,,1319,10,ENSG00000204227,0.5,False,False
0.5,0.0,,826,10,ENSG00000204228,0.5,False,False
0.1406745983276795,2.536317376590887,,2239,10,ENSG00000204231,0.3612366815084553,False,False
1.487091044416466e-06,25.45108296989929,,2172,10,ENSG00000204334,5.93166868879511e-06,True,True
0.5,-0.00463389849937812,,552,10,ENSG00000204335,0.5,False,False
0.5,0.0,,1527,10,ENSG00000204361,0.5,False,False
5.551115123125783e-17,73.63857773772543,,1170,10,ENSG00000204370,4.453426874585104e-16,True,True
0.5,0.0,,3518,10,ENSG00000204381,0.5,False,False
0.5,-0.001035465690620185,,470,10,ENSG00000204442,0.5,False,False
0.5,0.0,,1412,10,ENSG00000204531,0.5,False,False
0.0,82.80210006030393,,6509,10,ENSG00000204536,0.0,True,True
0.5,0.0,,715,10,ENSG00000204539,0.5,False,False
0.4015682212594695,0.4384613269858164,,404,10,ENSG00000204542,0.5,False,False
0.5,-0.003283765907326597,,791,10,ENSG00000204568,0.5,False,False
0.4902950073781479,0.03920166521129431,,4401,10,ENSG00000204569,0.5,False,False
0.5,0.0,,639,10,ENSG00000204576,0.5,False,False
0.5,0.0,,2222,10,ENSG00000204590,0.5,False,False
0.2999400173331134,1.02205117189078,,2351,10,ENSG00000204592,0.5,False,False
0.5,0.0,,1344,10,ENSG00000204613,0.5,False,False
1.143820193738598e-05,21.37080915432489,,1036,10,ENSG00000204614,4.255319105202533e-05,True,True
0.3323270448956988,0.8169770787208108,,1074,10,ENSG00000204618,0.5,False,False
0.4480501951432042,0.2194056590942637,,524,10,ENSG00000204619,0.5,False,False
0.5,0.0,,2826,10,ENSG00000204624,0.5,False,False
2.181588243388433e-14,61.525706440254,,4533,7,ENSG00000204628,1.4844350099335246e-13,True,True
0.07871475580658771,3.697554931859486,,8067,10,ENSG00000204634,0.21290222696137426,False,False
0.5,0.0,,404,10,ENSG00000204671,0.5,False,False
1.065027679381103e-07,30.72389536294577,,621,10,ENSG00000204710,4.5393724740716415e-07,True,True
0.4857057283525324,0.05801031024930126,,836,10,ENSG00000204711,0.5,False,False
0.4659470849900556,0.141072044527391,,1087,10,ENSG00000204767,0.5,False,False
0.3501136653518316,0.7127004769818086,,444,10,ENSG00000204822,0.5,False,False
0.08657911272018226,3.507099008609657,,427,10,ENSG00000204856,0.23227859043699384,False,False
0.5,-0.0005504283724349079,,102,10,ENSG00000204899,0.5,False,False
0.5,-0.007226668993098428,,242,10,ENSG00000204909,0.5,False,False
0.3956025714615888,0.4683959970507203,,313,10,ENSG00000204923,0.5,False,False
0.5,0.0,,591,10,ENSG00000204954,0.5,False,False
0.3264256649064727,0.8528116963352659,,598,10,ENSG00000204979,0.5,False,False
0.5,-5.605542628472904e-05,,331,10,ENSG00000205002,0.5,False,False
0.5,-0.006876377849039272,,1052,10,ENSG00000205060,0.5,False,False
0.499999945653147,2.173874236177653e-07,,2171,10,ENSG00000205085,0.5,False,False
0.02110864448811717,6.329850901025566,,843,10,ENSG00000205089,0.0614721297915075,False,True
0.5,0.0,,276,10,ENSG00000205090,0.5,False,False
0.5,0.0,,1180,10,ENSG00000205126,0.5,False,False
0.0,99.19264834968817,,974,10,ENSG00000205143,0.0,True,True
0.5,0.0,,258,10,ENSG00000205186,0.5,False,False
0.487912690044109,0.04894324483757373,,4346,10,ENSG00000205189,0.5,False,False
0.5,-0.0009178325340144511,,195,10,ENSG00000205208,0.5,False,False
0.5,0.0,,5989,10,ENSG00000205213,0.5,False,False
0.5,-0.002710510534598143,,228,10,ENSG00000205269,0.5,False,False
1.110223024625157e-16,72.46601954700782,,720,10,ENSG00000205307,8.751583715507972e-16,True,True
1.275313188386917e-12,53.38940107237249,,1253,10,ENSG00000205352,7.783322452805552e-12,True,True
0.5,0.0,,2916,10,ENSG00000205359,0.5,False,False
0.5,0.0,,670,10,ENSG00000205363,0.5,False,False
0.5,0.0,,4035,10,ENSG00000205403,0.5,False,False
0.5,0.0,,3948,10,ENSG00000205426,0.5,False,False
0.002137161299794466,10.91025929087482,,2718,10,ENSG00000205436,0.006801177418539779,True,True
3.920355244324547e-07,28.11753239451537,,964,10,ENSG00000205442,1.6155631305112093e-06,True,True
0.5,-0.000595751069340622,,2031,10,ENSG00000205476,0.5,False,False
0.2953617625101428,1.052814359522017,,1567,10,ENSG00000205639,0.5,False,False
0.5,-0.00839272861048812,,422,10,ENSG00000205659,0.5,False,False
0.4901269124513781,0.03988747169933049,,3356,10,ENSG00000205683,0.5,False,False
2.109423746787797e-15,66.19384809318035,,547,10,ENSG00000205707,1.5362040580560033e-14,True,True
0.01680499238576227,6.785864180781573,,958,10,ENSG00000205835,0.0494603740395157,True,True
0.0,120.5726538680319,,2526,10,ENSG00000205838,0.0,True,True
0.1293663029750385,2.703920319789177,,556,10,ENSG00000205858,0.33531422146839057,False,False
0.0,336.3956844827626,,4437,9,ENSG00000205937,0.0,True,True
0.5,0.0,,5780,10,ENSG00000205978,0.5,False,False
7.914433193256798e-07,26.71252078274847,,566,10,ENSG00000205981,3.2135829145517807e-06,True,True
0.5,0.0,,194,10,ENSG00000206013,0.5,False,False
0.2575761838619718,1.326585124738358,,132,10,ENSG00000206047,0.5,False,False
0.5,0.0,,2532,10,ENSG00000206113,0.5,False,False
0.5,0.0,,1436,10,ENSG00000206199,0.5,False,False
0.1587266759458505,2.294848789015305,,848,10,ENSG00000206527,0.398942135500081,False,False
0.159500476645099,2.285122375440551,,9545,10,ENSG00000206530,0.4002802072818983,False,False
0.5,-0.003767921309190569,,673,10,ENSG00000206535,0.5,False,False
0.5,0.0,,1986,10,ENSG00000206557,0.5,False,False
7.794931367044455e-12,49.76879955182085,,7430,10,ENSG00000206560,4.52943792285971e-11,True,True
0.3881490136076138,0.5064375536494481,,1668,10,ENSG00000206562,0.5,False,False
0.0,159.1670169751014,,1887,10,ENSG00000211452,0.0,True,True
1.517613257284722e-10,43.83113006234635,,6964,10,ENSG00000211456,8.013384651522513e-10,True,True
0.01647946831385638,6.824985674044001,,1483,10,ENSG00000211460,0.04853100970581506,True,True
0.5,0.0,,209,10,ENSG00000211598,0.5,False,False
0.5,-1.783585048542591e-07,,149,10,ENSG00000211801,0.5,False,False
0.3800566690544315,0.5485754554267714,,130,10,ENSG00000211812,0.5,False,False
0.5,0.0,,120,10,ENSG00000211973,0.5,False,False
0.5,-0.005401151901423873,,408,10,ENSG00000212126,0.5,False,False
0.2471352493562877,1.409344686715485,,303,10,ENSG00000212128,0.5,False,False
0.5,0.0,,704,10,ENSG00000213064,0.5,False,False
0.5,0.0,,12380,10,ENSG00000213079,0.5,False,False
0.5,-0.009923617522872519,,503,10,ENSG00000213123,0.5,False,False
0.5,-2.442054756102152e-05,,603,10,ENSG00000213139,0.5,False,False
0.2493421255925669,1.39156429322702,,265,10,ENSG00000213231,0.5,False,False
0.5,-0.002601269789010985,,762,10,ENSG00000213281,0.5,False,False
3.181224143500305e-06,23.93019460790492,,580,10,ENSG00000213316,1.2352387892092518e-05,True,True
0.2632307237128705,1.283154348609969,,3340,10,ENSG00000213341,0.5,False,False
0.5,-0.00573350772538106,,411,10,ENSG00000213402,0.5,False,False
0.5,0.0,,4755,10,ENSG00000213445,0.5,False,False
0.5,-0.006721489064148045,,536,10,ENSG00000213463,0.5,False,False
0.5,0.0,,2762,9,ENSG00000213471,0.5,False,False
0.5,-0.00325976851854648,,780,10,ENSG00000213551,0.5,False,False
6.836836652368561e-11,45.42592787939975,,906,10,ENSG00000213563,3.7003727430773907e-10,True,True
0.5,0.0,,242,10,ENSG00000213578,0.5,False,False
0.005947746187239533,8.86319148547409,,1163,10,ENSG00000213593,0.0182617836637836,True,True
0.0,75.36172033386538,,9063,10,ENSG00000213614,0.0,True,True
0.002682918491526409,10.45540581418936,,820,10,ENSG00000213625,0.008499895908823158,True,True
4.163336342344337e-15,64.84924905920161,,502,10,ENSG00000213626,2.9710810569326734e-14,True,True
3.807989479298612e-10,41.99120492694783,,3459,10,ENSG00000213639,1.942660478977569e-09,True,True
0.5,0.0,,756,10,ENSG00000213694,0.5,False,False
0.07068228158782203,3.912826341293112,,1108,10,ENSG00000213699,0.19306626502900975,False,False
0.2095350259676913,1.739434369144874,,1897,10,ENSG00000213780,0.5,False,False
0.1503509032897023,2.403272361943891,,734,10,ENSG00000213809,0.38038931483366184,False,False
0.5,-0.007854186967051646,,145,10,ENSG00000213927,0.5,False,False
1.683765674442839e-06,25.20266123903275,,4959,10,ENSG00000213949,6.689337431851982e-06,True,True
0.001414730632999628,11.73533790174406,,2525,10,ENSG00000213995,0.004575338211014402,True,True
0.4254935665601337,0.3227165404632615,,422,10,ENSG00000214128,0.5,False,False
6.227198201536055e-10,41.00755448640848,,1931,10,ENSG00000214160,3.094314071372661e-09,True,True
0.5,0.0,,532,10,ENSG00000214237,0.5,False,False
0.2567522605141979,1.332992890526839,,184,10,ENSG00000214285,0.5,False,False
0.3992676177598811,0.4499523702988881,,722,10,ENSG00000214336,0.5,False,False
0.5,0.0,,4051,10,ENSG00000214338,0.5,False,False
0.2692041243204234,1.238276360138116,,2537,10,ENSG00000214357,0.5,False,False
0.2352483842715393,1.507932376111057,,277,10,ENSG00000214360,0.5,False,False
0.2442810606754114,1.432577295949159,,950,10,ENSG00000214415,0.5,False,False
0.3365290273410546,0.7918473810068463,,392,10,ENSG00000214513,0.5,False,False
0.5,0.0,,2067,10,ENSG00000214517,0.5,False,False
0.5,0.0,,5097,10,ENSG00000214595,0.5,False,False
0.3509733408270645,0.7077956597568118,,149,10,ENSG00000214681,0.5,False,False
0.5,0.0,,397,10,ENSG00000214700,0.5,False,False
0.5,0.0,,1407,10,ENSG00000214711,0.5,False,False
0.1598660736699817,2.28054334630724,,472,10,ENSG00000214756,0.4009953859982295,False,False
0.5,0.0,,622,10,ENSG00000214782,0.5,False,False
0.07594559698422382,3.769181686657248,,9812,10,ENSG00000214814,0.2058601631605064,False,False
0.4999249082434397,0.000300389583571814,,3620,10,ENSG00000214842,0.5,False,False
0.5,-0.00348371168365702,,1590,10,ENSG00000214866,0.5,False,False
0.5,0.0,,1064,10,ENSG00000214872,0.5,False,False
0.09254375219363808,3.373853137629339,,4636,10,ENSG00000214960,0.2470813866941255,False,False
0.5,0.0,,1181,10,ENSG00000215009,0.5,False,False
0.0,225.044506369697,,6688,10,ENSG00000215018,0.0,True,True
0.5,0.0,,2442,10,ENSG00000215021,0.5,False,False
0.3347511383549914,0.8024414264373263,,218,10,ENSG00000215183,0.5,False,False
0.2578911901494085,1.324140692035144,,986,10,ENSG00000215187,0.5,False,False
0.5,-0.0003669440293379012,,617,10,ENSG00000215203,0.5,False,False
0.5,0.0,,502,10,ENSG00000215217,0.5,False,False
0.0,124.0860279846092,,926,10,ENSG00000215277,0.0,True,True
0.497356564886937,0.01060179035630426,,857,10,ENSG00000215375,0.5,False,False
0.5,0.0,,314,10,ENSG00000215475,0.5,False,False
0.5,-0.002627753534397925,,679,10,ENSG00000215712,0.5,False,False
0.5,0.0,,807,10,ENSG00000215784,0.5,False,False
0.2913939590473779,1.079863871260386,,512,10,ENSG00000215845,0.5,False,False
0.4997028094128985,0.001189115777378902,,1627,10,ENSG00000215883,0.5,False,False
5.726615293077941e-09,36.56998800604379,,1190,10,ENSG00000215906,2.6472290397555463e-08,True,True
0.0005470757431206841,13.63555222912873,,434,10,ENSG00000218739,0.0018275048665428357,True,True
0.2842209283678776,1.129712491707323,,881,10,ENSG00000219545,0.5,False,False
0.01053203254708879,7.720373533080419,,1875,10,ENSG00000219626,0.031672509001946576,True,True
0.0,111.3630025626408,,1838,10,ENSG00000221818,0.0,True,True
0.4862395080070214,0.05581356216862332,,4762,10,ENSG00000221838,0.5,False,False
0.04447123420727028,4.839531081262976,,1085,10,ENSG00000221886,0.12483065403327448,False,True
0.0,213.8681702058457,,3275,10,ENSG00000221914,0.0,True,True
0.2246376173616158,1.600239168103144,,1085,10,ENSG00000221947,0.5,False,False
0.3084291274543354,0.966232028324157,,3151,10,ENSG00000221978,0.5,False,False
0.5,-0.004765576664794935,,1346,10,ENSG00000221986,0.5,False,False
8.816683058021635e-06,21.89143529737339,,951,10,ENSG00000222009,3.321098620157076e-05,True,True
0.4988159519289028,0.00474180903256638,,2388,10,ENSG00000223501,0.5,False,False
0.02712602865024255,5.828228729486,,1376,10,ENSG00000223865,0.07808151996892734,False,True
0.5,-0.0009557858552398102,,231,10,ENSG00000224531,0.5,False,False
0.5,-0.0001746993111737538,,566,10,ENSG00000224586,0.5,False,False
0.5,0.0,,155,10,ENSG00000224982,0.5,False,False
0.3619849703726013,0.6460108114924878,,435,10,ENSG00000225526,0.5,False,False
0.1521248362805048,2.379813246426238,,205,10,ENSG00000225828,0.38409590642600555,False,False
0.5,0.0,,835,10,ENSG00000226124,0.5,False,False
8.3830165031884e-12,49.62333803312686,,440,10,ENSG00000226479,4.865475389365123e-11,True,True
0.3596290843581317,0.6590698386498843,,455,10,ENSG00000227729,0.5,False,False
0.5,0.0,,111,10,ENSG00000228474,0.5,False,False
0.0,115.6952178508363,,3603,10,ENSG00000228570,0.0,True,True
0.4543623953946389,0.1914259820969164,,771,10,ENSG00000229183,0.5,False,False
0.5,0.0,,2276,10,ENSG00000229474,0.5,False,False
0.5,-1.818989403545856e-12,,608,10,ENSG00000229972,0.5,False,False
0.496164412898553,0.01540149801076041,,889,10,ENSG00000230124,0.5,False,False
0.5,-0.0009490733500570059,,2833,10,ENSG00000230246,0.5,False,False
0.5,-5.755731035606004e-05,,816,10,ENSG00000231213,0.5,False,False
6.625598403253719e-10,40.88352611104347,,5364,10,ENSG00000231925,3.2766730213820888e-09,True,True
4.837713563077273e-10,41.51252318353545,,683,10,ENSG00000232070,2.4355047836787806e-09,True,True
0.5,-2.244656855054927e-05,,79,10,ENSG00000232112,0.5,False,False
0.5,0.0,,1795,10,ENSG00000233276,0.5,False,False
0.3373582879561284,0.7869251275988063,,2076,10,ENSG00000233436,0.5,False,False
0.5,0.0,,799,10,ENSG00000234602,0.5,False,False
0.5,0.0,,448,10,ENSG00000235169,0.5,False,False
3.186506614127893e-12,51.55789921646829,,1154,10,ENSG00000235173,1.902723157103498e-11,True,True
0.5,0.0,,1309,10,ENSG00000235376,0.5,False,False
0.5,0.0,,121,10,ENSG00000236027,0.5,False,False
0.5,-0.0004414591421664227,,376,10,ENSG00000236279,0.5,False,False
0.5,0.0,,1710,10,ENSG00000236287,0.5,False,False
0.3911814780974253,0.4908730154893419,,2759,9,ENSG00000236320,0.5,False,False
1.110223024625157e-16,72.1844637455979,,1684,10,ENSG00000236699,8.751583715507972e-16,True,True
5.551115123125783e-17,73.05674485786403,,455,10,ENSG00000236980,4.453426874585104e-16,True,True
0.5,0.0,,308,10,ENSG00000237136,0.5,False,False
0.5,-0.005602777142485138,,350,10,ENSG00000237190,0.5,False,False
7.771561172376096e-16,68.174542738343,,2979,10,ENSG00000237289,5.795464058680465e-15,True,True
0.5,-9.471742532696226e-05,,291,10,ENSG00000237353,0.5,False,False
0.4822495651357912,0.07229269675008254,,1195,10,ENSG00000237412,0.5,False,False
0.5,0.0,,329,10,ENSG00000237489,0.5,False,False
5.580400586069345e-10,41.22688635876148,,666,10,ENSG00000237651,2.7868386059346307e-09,True,True
0.07863342261971429,3.6996225298426,,2399,10,ENSG00000239264,0.21279795653452604,False,False
0.5,0.0,,2074,10,ENSG00000239305,0.5,False,False
0.5,0.0,,6225,10,ENSG00000239306,0.5,False,False
0.5,0.0,,3059,10,ENSG00000239732,0.5,False,False
0.1919900803391831,1.914328785091584,,132,10,ENSG00000239839,0.4685763786099592,False,False
0.0,102.4752254573759,,2135,10,ENSG00000240021,0.0,True,True
0.2579093987708069,1.323999485361128,,132,10,ENSG00000240247,0.5,False,False
0.5,0.0,,3420,10,ENSG00000240303,0.5,False,False
0.0,122.2588886198791,,1772,10,ENSG00000240682,0.0,True,True
3.911315715754426e-13,55.75316842309621,,1283,10,ENSG00000240720,2.46889395560438e-12,True,True
0.0,179.8347796252565,,2303,10,ENSG00000240771,0.0,True,True
8.661677486365704e-10,40.34759066620609,,1221,10,ENSG00000241058,4.2321398641633605e-09,True,True
0.5,0.0,,790,10,ENSG00000241127,0.5,False,False
0.1591750422152923,2.289207214389535,,414,10,ENSG00000241186,0.39966514890402016,False,False
0.5,0.0,,4196,10,ENSG00000241399,0.5,False,False
1.744651090263005e-10,43.55229841012806,,628,10,ENSG00000241644,9.14425134137849e-10,True,True
0.5,0.0,,2190,10,ENSG00000241697,0.5,False,False
4.851674617611934e-14,59.92638647263175,,409,10,ENSG00000242028,3.217630606400235e-13,True,True
4.84001727585337e-13,55.32698200775485,,5574,10,ENSG00000243244,3.043520345144711e-12,True,True
0.3564646229337156,0.6767461957570049,,852,10,ENSG00000243284,0.5,False,False
0.5,-8.672325361658295e-05,,94,10,ENSG00000243317,0.5,False,False
0.5,-0.008573066272219876,,1395,10,ENSG00000243709,0.5,False,False
0.4954136995482615,0.0184298564799974,,1117,10,ENSG00000243725,0.5,False,False
0.3432868731050612,0.752083272105665,,168,10,ENSG00000243749,0.5,False,False
0.5,0.0,,3070,10,ENSG00000243943,0.5,False,False
1.665334536937735e-16,71.4248527269865,,470,9,ENSG00000244045,1.2963026583299364e-15,True,True
1.448962402283982e-07,30.10820150934251,,522,10,ENSG00000244219,6.13373530975364e-07,True,True
0.1334221558416429,2.642179785638291,,4834,10,ENSG00000244607,0.34492817211867555,False,False
0.0,82.21002989199769,,2667,10,ENSG00000244694,0.0,True,True
0.5,-0.0004107315035071224,,10505,10,ENSG00000244731,0.5,False,False
8.690362548746666e-06,21.9202974376567,,1456,10,ENSG00000247077,3.2771693189890764e-05,True,True
0.009781140566082869,7.868303997856856,,2047,10,ENSG00000247596,0.029521476441563225,True,True
0.08256717893885596,3.601991692010415,,681,10,ENSG00000247626,0.2226118725977128,False,False
0.327549506324591,0.8459377807876081,,481,10,ENSG00000248712,0.5,False,False
0.5,0.0,,3143,10,ENSG00000248746,0.5,False,False
0.5,-0.001278932473724126,,146,10,ENSG00000248771,0.5,False,False
3.554196176053237e-05,19.10329871517752,,1428,10,ENSG00000249481,0.00012838468975808861,True,True
0.1413277100726902,2.527053439479005,,366,10,ENSG00000249581,0.3625394687475818,False,False
0.4499813441279124,0.2108039480099251,,1028,10,ENSG00000249693,0.5,False,False
0.2536342225634187,1.357429875793059,,673,10,ENSG00000249853,0.5,False,False
0.5,-0.002036036828940269,,1523,10,ENSG00000249948,0.5,False,False
2.13077304966891e-07,29.33692724476714,,431,10,ENSG00000250298,8.913763792307114e-07,True,True
0.5,-0.00843511299444799,,320,10,ENSG00000250317,0.5,False,False
0.5,0.0,,1661,9,ENSG00000251692,0.5,False,False
0.3170271953226225,0.9112410770667339,,646,10,ENSG00000253117,0.5,False,False
0.2748474225904304,1.196783963260714,,494,10,ENSG00000253148,0.5,False,False
0.5,0.0,,468,10,ENSG00000253250,0.5,False,False
0.3704590916666971,0.5997301472380059,,3077,10,ENSG00000253710,0.5,False,False
0.4999999999999716,1.13686837721616e-13,,97,10,ENSG00000253719,0.5,False,False
0.0516737217900497,4.539317457540164,,1482,10,ENSG00000253831,0.14391102585873863,False,False
0.2668466112718165,1.255868189355169,,1433,10,ENSG00000254402,0.5,False,False
0.02264096336436916,6.189694589229475,,3402,10,ENSG00000254598,0.06574206174802814,False,True
0.5,0.0,,714,10,ENSG00000254726,0.5,False,False
0.365402626102684,0.6272165351183503,,1019,10,ENSG00000254772,0.5,False,False
0.5,0.0,,2016,10,ENSG00000255587,0.5,False,False
0.3959501750376093,0.466639431364456,,2451,10,ENSG00000256043,0.5,False,False
0.4572012117620733,0.178969032203895,,1989,10,ENSG00000256061,0.5,False,False
0.5,0.0,,202,10,ENSG00000256162,0.5,False,False
0.4964949435026045,0.01406959854648449,,4946,10,ENSG00000256269,0.5,False,False
0.5,0.0,,851,10,ENSG00000256394,0.5,False,False
0.5,0.0,,505,10,ENSG00000256453,0.5,False,False
0.5,-9.358386159874499e-05,,771,10,ENSG00000256713,0.5,False,False
0.07512791951951209,3.790831687742866,,434,10,ENSG00000256797,0.2041701555569931,False,False
0.5,0.0,,1719,10,ENSG00000256870,0.5,False,False
0.4914165016087072,0.03463211618145579,,552,10,ENSG00000257057,0.5,False,False
2.289727063509162e-08,33.7982018763214,,1095,10,ENSG00000257093,1.0232796418593505e-07,True,True
0.5,-0.007845671792892972,,2787,10,ENSG00000257365,0.5,False,False
0.02873045582726397,5.713300719420658,,3411,10,ENSG00000257743,0.08236615981833487,False,True
4.394194170753707e-07,27.88932861497415,,284,10,ENSG00000257987,1.8078347233522695e-06,True,True
0.2462927078961062,1.416174800547196,,252,10,ENSG00000258102,0.5,False,False
0.0,80.97573260118952,,473,10,ENSG00000258223,0.0,True,True
3.941291737419306e-14,60.34311985321619,,760,10,ENSG00000258227,2.6349442341295196e-13,True,True
0.3726143040800928,0.5881285021296208,,701,10,ENSG00000258484,0.5,False,False
0.3695427212961515,0.6046834909884637,,956,10,ENSG00000258818,0.5,False,False
0.09561049279422029,3.308651053812355,,1775,10,ENSG00000259956,0.2545859695709056,False,False
0.0,127.9710779696434,,875,10,ENSG00000260230,0.0,True,True
0.5,-6.045800455467543e-05,,594,10,ENSG00000261115,0.5,False,False
0.5,0.0,,204,10,ENSG00000261667,0.5,False,False
0.5,0.0,,204,10,ENSG00000261787,0.5,False,False
0.5,-0.005573424519752734,,772,10,ENSG00000262406,0.5,False,False
0.5,-0.004416415533341933,,2892,10,ENSG00000262655,0.5,False,False
0.4894110748067729,0.0428106366252905,,802,10,ENSG00000263513,0.5,False,False
8.239159184031397e-05,17.42175997304003,,3018,10,ENSG00000263528,0.00029003239760348314,True,True
5.467130488490124e-06,22.84721897886811,,594,10,ENSG00000263639,2.075840232805334e-05,True,True
0.5,0.0,,544,10,ENSG00000263761,0.5,False,False
0.0,93.1209443027019,,668,10,ENSG00000263961,0.0,True,True
0.5,0.0,,1469,10,ENSG00000265203,0.5,False,False
0.4432809195287901,0.2408087989679188,,2465,10,ENSG00000266094,0.5,False,False
0.5,-0.0009615696253604256,,2923,10,ENSG00000266200,0.5,False,False
0.5,0.0,,690,10,ENSG00000266524,0.5,False,False
0.13554990363425,2.610536466524081,,315,10,ENSG00000268223,0.3497018779443774,False,False
0.4106620035830717,0.3936751959226967,,1068,10,ENSG00000269113,0.5,False,False
0.5,-0.001288864668822498,,1131,10,ENSG00000269964,0.5,False,False
0.007517786127348824,8.394672803629874,,259,10,ENSG00000272047,0.022898633311349084,True,True
4.635930528351651e-11,46.20290435127208,,231,10,ENSG00000273173,2.5339690602221004e-10,True,True
0.5,0.0,,517,10,ENSG00000274286,0.5,False,False
0.5,-0.0002351648181502242,,582,10,ENSG00000275074,0.5,False,False
0.5,0.0,,3382,10,ENSG00000275111,0.5,False,False
0.4332702227810029,0.2864929879506235,,5229,10,ENSG00000275342,0.5,False,False
0.02131849468234043,6.310066215126426,,2099,10,ENSG00000275591,0.062046923668789535,False,True
0.08315926165588433,3.587701027616276,,891,10,ENSG00000276747,0.22382801270366268,False,False
0.09932856735664913,3.232349762314698,,998,10,ENSG00000277494,0.26321805755565947,False,False
0.3445538137931969,0.744715623492084,,2154,10,ENSG00000277586,0.5,False,False
0.243852705477671,1.436087442858479,,444,10,ENSG00000277893,0.5,False,False
0.002959105956808095,10.25944183476167,,1348,10,ENSG00000278570,0.009351075622086064,True,True
0.5,-0.007478727256966522,,1947,10,ENSG00000280165,0.5,False,False
0.5,0.0,,1252,10,ENSG00000283128,0.5,False,False
0.5,0.0,,375,10,ENSG00000283297,0.5,False,False
0.5,0.0,,1101,10,ENSG00000283706,0.5,False,False
0.3580643737444558,0.6677906264740159,,2005,10,ENSG00000284844,0.5,False,False
0.4711325701315015,0.1189371575183031,,790,10,ENSG00000286095,0.5,False,False
0.0,169.1243024224459,,3623,10,ENSG00000290292,0.0,True,True
