gene_id,gene_symbol,classification_v7,stability
ENSG00000000460,FIRRM,neutral,1.0
ENSG00000000971,CFH,neutral,0.999
ENSG00000001084,GCLC,neutral,0.742
ENSG00000001167,NFYA,neutral,0.989
ENSG00000001561,ENPP4,neutral,1.0
ENSG00000002745,WNT16,neutral,1.0
ENSG00000002822,MAD1L1,neutral,0.597
ENSG00000003056,M6PR,gene-driven,1.0
ENSG00000003400,CASP10,neutral,1.0
ENSG00000003436,TFPI,gene-driven,0.62
ENSG00000003987,MTMR7,gene-driven,1.0
ENSG00000003989,SLC7A2,regulation-driven,1.0
ENSG00000004059,ARF5,neutral,1.0
ENSG00000004142,POLDIP2,neutral,1.0
ENSG00000004455,AK2,neutral,1.0
ENSG00000004700,RECQL,gene-driven,1.0
ENSG00000004799,PDK4,regulation-driven,0.563
ENSG00000004846,ABCB5,neutral,0.963
ENSG00000004866,ST7,regulation-driven,0.749
ENSG00000004948,CALCR,neutral,0.838
ENSG00000005001,PRSS22,gene-driven,1.0
ENSG00000005108,THSD7A,regulation-driven,0.75
ENSG00000005156,LIG3,neutral,1.0
ENSG00000005238,ATOSB,gene-driven,1.0
ENSG00000005249,PRKAR2B,neutral,0.994
ENSG00000005448,WDR54,neutral,1.0
ENSG00000005469,CROT,neutral,0.937
ENSG00000005486,RHBDD2,gene-driven,0.996
ENSG00000005700,IBTK,neutral,0.956
ENSG00000005812,FBXL3,neutral,1.0
ENSG00000005981,ASB4,neutral,0.999
ENSG00000006042,TMEM98,gene-driven,0.986
ENSG00000006128,TAC1,neutral,1.0
ENSG00000006194,ZNF263,neutral,1.0
ENSG00000006377,DLX6,gene-driven,0.993
ENSG00000006432,MAP3K9,regulation-driven,0.711
ENSG00000006453,BAIAP2L1,neutral,0.587
ENSG00000006530,AGK,gene-driven,1.0
ENSG00000006555,TTC22,neutral,1.0
ENSG00000006715,VPS41,dual-driven,0.599
ENSG00000006831,ADIPOR2,neutral,1.0
ENSG00000007171,NOS2,gene-driven,1.0
ENSG00000007216,SLC13A2,gene-driven,1.0
ENSG00000007341,ST7L,gene-driven,0.98
ENSG00000007402,CACNA2D2,neutral,0.955
ENSG00000007866,TEAD3,gene-driven,1.0
ENSG00000007908,SELE,neutral,0.963
ENSG00000007944,MYLIP,gene-driven,1.0
ENSG00000007968,E2F2,neutral,1.0
ENSG00000008018,PSMB1,neutral,1.0
ENSG00000008083,JARID2,regulation-driven,0.904
ENSG00000008118,CAMK1G,regulation-driven,1.0
ENSG00000008197,TFAP2D,neutral,0.978
ENSG00000008256,CYTH3,neutral,0.995
ENSG00000008323,PLEKHG6,neutral,0.99
ENSG00000008394,MGST1,neutral,1.0
ENSG00000008405,CRY1,neutral,0.993
ENSG00000008516,MMP25,gene-driven,1.0
ENSG00000008952,SEC62,gene-driven (relaxed),0.911
ENSG00000009709,PAX7,neutral,0.532
ENSG00000009724,MASP2,neutral,0.572
ENSG00000009765,IYD,neutral,0.955
ENSG00000009780,FAM76A,gene-driven,1.0
ENSG00000009790,TRAF3IP3,gene-driven,0.984
ENSG00000009844,VTA1,gene-driven,1.0
ENSG00000009954,BAZ1B,neutral,0.976
ENSG00000010017,RANBP9,neutral,1.0
ENSG00000010072,SPRTN,neutral,1.0
ENSG00000010165,METTL13,neutral,1.0
ENSG00000010244,ZNF207,gene-driven,1.0
ENSG00000010256,UQCRC1,neutral,1.0
ENSG00000010278,CD9,gene-driven,1.0
ENSG00000010295,IFFO1,neutral,0.955
ENSG00000010322,NISCH,neutral,1.0
ENSG00000010539,ZNF200,gene-driven,1.0
ENSG00000010704,HFE,neutral,1.0
ENSG00000010803,SCMH1,neutral,0.64
ENSG00000011007,ELOA,gene-driven (relaxed),0.652
ENSG00000011021,CLCN6,gene-driven,1.0
ENSG00000011083,SLC6A7,neutral,0.623
ENSG00000011114,BTBD7,neutral,0.594
ENSG00000011376,LARS2,gene-driven,1.0
ENSG00000011405,PIK3C2A,neutral,0.79
ENSG00000011465,DCN,neutral,0.625
ENSG00000012171,SEMA3B,gene-driven,0.998
ENSG00000012232,EXTL3,gene-driven,1.0
ENSG00000012660,ELOVL5,neutral,0.94
ENSG00000012779,ALOX5,regulation-driven,0.599
ENSG00000012822,CALCOCO1,gene-driven,1.0
ENSG00000012963,UBR7,neutral,0.578
ENSG00000013016,EHD3,neutral,0.756
ENSG00000013293,SLC7A14,neutral,0.511
ENSG00000013297,CLDN11,neutral,1.0
ENSG00000013374,NUB1,gene-driven,1.0
ENSG00000013392,RWDD2A,neutral,1.0
ENSG00000013441,CLK1,neutral,1.0
ENSG00000013561,RNF14,neutral,1.0
ENSG00000013583,HEBP1,gene-driven,1.0
ENSG00000013810,TACC3,neutral,0.988
ENSG00000014123,UFL1,neutral,1.0
ENSG00000014138,POLA2,gene-driven,1.0
ENSG00000014164,ZC3H3,gene-driven,1.0
ENSG00000014257,ACP3,gene-driven,0.558
ENSG00000014641,MDH1,gene-driven,1.0
ENSG00000014824,SLC30A9,neutral,1.0
ENSG00000014914,MTMR11,neutral,1.0
ENSG00000014919,COX15,neutral,1.0
ENSG00000015520,NPC1L1,regulation-driven,0.767
ENSG00000015592,STMN4,neutral,0.737
ENSG00000016082,ISL1,neutral,0.954
ENSG00000016391,CHDH,neutral,1.0
ENSG00000016490,CLCA1,neutral,0.675
ENSG00000016602,CLCA4,regulation-driven,0.934
ENSG00000016864,GLT8D1,neutral,1.0
ENSG00000017427,IGF1,gene-driven,1.0
ENSG00000018280,SLC11A1,regulation-driven,1.0
ENSG00000018408,WWTR1,gene-driven,0.578
ENSG00000018510,AGPS,neutral,0.914
ENSG00000019102,VSIG2,neutral,1.0
ENSG00000019485,PRDM11,gene-driven,1.0
ENSG00000019505,SYT13,gene-driven,1.0
ENSG00000019582,CD74,neutral,1.0
ENSG00000019995,ZRANB1,neutral,0.985
ENSG00000020633,RUNX3,gene-driven,0.94
ENSG00000020922,MRE11,neutral,0.916
ENSG00000021355,SERPINB1,neutral,1.0
ENSG00000021852,C8B,gene-driven,0.94
ENSG00000022840,RNF10,neutral,0.57
ENSG00000023041,ZDHHC6,neutral,0.962
ENSG00000023318,ERP44,gene-driven,1.0
ENSG00000023516,AKAP11,neutral,1.0
ENSG00000023572,GLRX2,neutral,1.0
ENSG00000023608,SNAPC1,neutral,1.0
ENSG00000023697,DERA,gene-driven,0.999
ENSG00000023902,PLEKHO1,neutral,1.0
ENSG00000023909,GCLM,neutral,1.0
ENSG00000024048,,neutral,0.576
ENSG00000024862,CCDC28A,neutral,1.0
ENSG00000025039,RRAGD,neutral,1.0
ENSG00000025156,HSF2,neutral,1.0
ENSG00000026751,SLAMF7,neutral,1.0
ENSG00000027644,INSRR,neutral,0.902
ENSG00000027697,IFNGR1,gene-driven,1.0
ENSG00000027869,SH2D2A,neutral,1.0
ENSG00000028137,TNFRSF1B,neutral,0.861
ENSG00000028310,BRD9,gene-driven,1.0
ENSG00000028839,TBPL1,neutral,1.0
ENSG00000029364,SLC39A9,gene-driven,1.0
ENSG00000029559,IBSP,neutral,1.0
ENSG00000029639,TFB1M,neutral,1.0
ENSG00000030304,MUSK,neutral,0.986
ENSG00000030419,IKZF2,gene-driven,0.992
ENSG00000031691,CENPQ,neutral,1.0
ENSG00000032219,ARID4A,gene-driven,1.0
ENSG00000032389,EIPR1,gene-driven,0.997
ENSG00000033100,CHPF2,neutral,0.999
ENSG00000034677,RNF19A,gene-driven,1.0
ENSG00000034971,MYOC,neutral,1.0
ENSG00000035115,SH3YL1,gene-driven,1.0
ENSG00000035403,VCL,regulation-driven,0.8
ENSG00000035499,DEPDC1B,gene-driven,0.892
ENSG00000035681,NSMAF,gene-driven,1.0
ENSG00000035687,ADSS2,neutral,1.0
ENSG00000035720,STAP1,gene-driven,0.905
ENSG00000036549,ZZZ3,gene-driven,0.515
ENSG00000036565,SLC18A1,neutral,0.994
ENSG00000037749,MFAP3,neutral,1.0
ENSG00000038219,BOD1L1,neutral,1.0
ENSG00000038274,MAT2B,gene-driven,0.996
ENSG00000039600,SOX30,neutral,0.871
ENSG00000040487,SLC66A1,regulation-driven,0.76
ENSG00000040731,CDH10,regulation-driven,1.0
ENSG00000041515,MYO16,regulation-driven,0.583
ENSG00000041880,PARP3,gene-driven,0.986
ENSG00000043039,BARX2,neutral,1.0
ENSG00000043093,DCUN1D1,gene-driven,0.99
ENSG00000043143,JADE2,neutral,0.889
ENSG00000043355,ZIC2,neutral,1.0
ENSG00000043462,LCP2,gene-driven,0.619
ENSG00000044012,GUCA2B,neutral,1.0
ENSG00000044115,CTNNA1,gene-driven,1.0
ENSG00000044459,,neutral,0.974
ENSG00000044524,EPHA3,regulation-driven,0.774
ENSG00000044574,HSPA5,gene-driven,1.0
ENSG00000046889,,neutral,1.0
ENSG00000047410,TPR,neutral,0.789
ENSG00000047579,DTNBP1,gene-driven,1.0
ENSG00000047621,C12orf4,neutral,1.0
ENSG00000047662,FAM184B,neutral,0.899
ENSG00000047936,ROS1,regulation-driven,0.651
ENSG00000048544,MRPS10,neutral,1.0
ENSG00000048545,GUCA1A,neutral,1.0
ENSG00000048740,CELF2,gene-driven,0.996
ENSG00000049167,ERCC8,gene-driven,1.0
ENSG00000049192,ADAMTS6,neutral,0.935
ENSG00000049239,H6PD,neutral,0.978
ENSG00000049245,VAMP3,gene-driven,1.0
ENSG00000049246,PER3,gene-driven,0.926
ENSG00000050130,JKAMP,gene-driven,0.96
ENSG00000050165,DKK3,gene-driven,1.0
ENSG00000050344,NFE2L3,neutral,1.0
ENSG00000050426,LETMD1,gene-driven,1.0
ENSG00000050438,SLC4A8,gene-driven,0.997
ENSG00000050555,LAMC3,neutral,0.995
ENSG00000050730,TNIP3,neutral,0.999
ENSG00000051009,FHIP1B,neutral,1.0
ENSG00000051180,RAD51,regulation-driven,0.813
ENSG00000051596,THOC3,neutral,1.0
ENSG00000052723,SIKE1,gene-driven,1.0
ENSG00000053108,FSTL4,regulation-driven,0.751
ENSG00000053328,METTL24,neutral,1.0
ENSG00000053372,MRTO4,neutral,1.0
ENSG00000053770,AP5M1,neutral,1.0
ENSG00000053918,KCNQ1,regulation-driven,0.546
ENSG00000054116,TRAPPC3,gene-driven,0.702
ENSG00000054118,THRAP3,neutral,1.0
ENSG00000054179,ENTPD2,neutral,1.0
ENSG00000054965,FAM168A,neutral,1.0
ENSG00000055044,NOP58,neutral,1.0
ENSG00000055118,KCNH2,regulation-driven,0.756
ENSG00000055211,GINM1,neutral,1.0
ENSG00000055813,CCDC85A,neutral,0.928
ENSG00000056050,HPF1,neutral,1.0
ENSG00000056291,NPFFR2,gene-driven,0.999
ENSG00000056736,IL17RB,neutral,0.528
ENSG00000057252,SOAT1,neutral,0.987
ENSG00000057294,PKP2,gene-driven,1.0
ENSG00000057468,MSH4,regulation-driven,0.545
ENSG00000057593,F7,neutral,1.0
ENSG00000057663,ATG5,gene-driven,1.0
ENSG00000057757,PITHD1,neutral,1.0
ENSG00000058056,USP13,regulation-driven,0.985
ENSG00000058063,ATP11B,regulation-driven,0.541
ENSG00000058085,LAMC2,neutral,0.986
ENSG00000058091,CDK14,neutral,0.718
ENSG00000058262,SEC61A1,gene-driven,0.813
ENSG00000058668,ATP2B4,regulation-driven,0.913
ENSG00000058729,RIOK2,neutral,0.972
ENSG00000058804,NDC1,neutral,1.0
ENSG00000058866,DGKG,regulation-driven,0.63
ENSG00000059377,TBXAS1,gene-driven,1.0
ENSG00000059588,TARBP1,neutral,0.998
ENSG00000059769,DNAJC25,neutral,1.0
ENSG00000060339,CCAR1,gene-driven,1.0
ENSG00000060642,PIGV,gene-driven,1.0
ENSG00000060688,SNRNP40,neutral,0.995
ENSG00000060982,BCAT1,gene-driven,1.0
ENSG00000061337,LZTS1,neutral,1.0
ENSG00000061492,WNT8A,neutral,0.941
ENSG00000061676,NCKAP1,regulation-driven,0.746
ENSG00000062194,GPBP1,gene-driven,0.856
ENSG00000062524,LTK,neutral,0.975
ENSG00000063660,GPC1,gene-driven,1.0
ENSG00000064199,SPA17,neutral,1.0
ENSG00000064201,TSPAN32,gene-driven,0.87
ENSG00000064218,DMRT3,neutral,0.697
ENSG00000064393,HIPK2,regulation-driven,1.0
ENSG00000064419,TNPO3,neutral,0.979
ENSG00000064651,SLC12A2,neutral,1.0
ENSG00000064703,DDX20,neutral,0.55
ENSG00000064763,FAR2,gene-driven,1.0
ENSG00000064886,CHI3L2,gene-driven,0.997
ENSG00000064995,TAF11,gene-driven,1.0
ENSG00000064999,ANKS1A,neutral,0.903
ENSG00000065060,BLTP3A,neutral,0.864
ENSG00000065135,GNAI3,neutral,1.0
ENSG00000065154,OAT,neutral,0.999
ENSG00000065243,PKN2,neutral,1.0
ENSG00000065308,TRAM2,neutral,1.0
ENSG00000065357,DGKA,gene-driven,1.0
ENSG00000065491,TBC1D22B,neutral,1.0
ENSG00000065518,NDUFB4,neutral,1.0
ENSG00000065548,ZC3H15,neutral,1.0
ENSG00000065600,PACC1,neutral,0.661
ENSG00000065615,CYB5R4,neutral,0.964
ENSG00000065621,GSTO2,neutral,1.0
ENSG00000065675,PRKCQ,regulation-driven,0.946
ENSG00000065802,ASB1,gene-driven,1.0
ENSG00000065833,ME1,neutral,1.0
ENSG00000065970,FOXJ2,neutral,1.0
ENSG00000066027,PPP2R5A,neutral,0.899
ENSG00000066056,TIE1,neutral,0.974
ENSG00000066185,ZMYND12,gene-driven,1.0
ENSG00000066294,CD84,neutral,1.0
ENSG00000066336,SPI1,gene-driven,0.664
ENSG00000066379,POLR1H,neutral,1.0
ENSG00000066405,CLDN18,neutral,1.0
ENSG00000066422,ZBTB11,neutral,0.998
ENSG00000066855,MTFR1,gene-driven (relaxed),0.969
ENSG00000067082,KLF6,gene-driven,0.93
ENSG00000067113,PLPP1,gene-driven,1.0
ENSG00000067221,STOML1,gene-driven,1.0
ENSG00000067334,DNTTIP2,neutral,1.0
ENSG00000067533,RRP15,neutral,1.0
ENSG00000067704,IARS2,neutral,1.0
ENSG00000068028,RASSF1,neutral,1.0
ENSG00000068650,,regulation-driven,0.915
ENSG00000068654,POLR1A,neutral,0.638
ENSG00000068697,LAPTM4A,neutral,1.0
ENSG00000068745,IP6K2,gene-driven,1.0
ENSG00000068784,SRBD1,neutral,1.0
ENSG00000068831,RASGRP2,neutral,0.83
ENSG00000068912,,gene-driven (relaxed),0.999
ENSG00000068976,PYGM,regulation-driven,0.981
ENSG00000069206,ADAM7,regulation-driven,0.996
ENSG00000069275,NUCKS1,neutral,1.0
ENSG00000069482,GAL,neutral,1.0
ENSG00000069667,RORA,gene-driven,0.999
ENSG00000069869,,neutral,0.98
ENSG00000069956,MAPK6,neutral,0.981
ENSG00000069966,GNB5,neutral,0.864
ENSG00000070019,GUCY2C,regulation-driven,0.714
ENSG00000070047,,neutral,1.0
ENSG00000070087,PFN2,gene-driven,0.988
ENSG00000070159,PTPN3,regulation-driven,0.76
ENSG00000070190,DAPP1,regulation-driven,0.548
ENSG00000070193,FGF10,gene-driven,1.0
ENSG00000070269,TMEM260,neutral,0.998
ENSG00000070367,EXOC5,neutral,1.0
ENSG00000070610,GBA2,neutral,1.0
ENSG00000070748,CHAT,neutral,0.751
ENSG00000070756,,neutral,1.0
ENSG00000070759,TESK2,neutral,1.0
ENSG00000070886,EPHA8,gene-driven,1.0
ENSG00000070985,TRPM5,neutral,1.0
ENSG00000071073,MGAT4A,neutral,0.978
ENSG00000071189,,regulation-driven,0.597
ENSG00000071243,ING3,gene-driven,0.926
ENSG00000071246,VASH1,gene-driven,0.869
ENSG00000071462,BUD23,gene-driven,0.997
ENSG00000071537,SEL1L,neutral,0.972
ENSG00000071575,TRIB2,regulation-driven,0.97
ENSG00000071677,PRLH,neutral,1.0
ENSG00000072042,RDH11,neutral,1.0
ENSG00000072080,SPP2,neutral,1.0
ENSG00000072134,EPN2,gene-driven,1.0
ENSG00000072182,ASIC4,regulation-driven,0.847
ENSG00000072401,UBE2D1,neutral,1.0
ENSG00000072415,PALS1,neutral,0.584
ENSG00000072422,RHOBTB1,neutral,0.775
ENSG00000072571,HMMR,gene-driven,0.987
ENSG00000072609,CHFR,gene-driven,0.999
ENSG00000072832,CRMP1,regulation-driven,0.816
ENSG00000072840,EVC,neutral,0.77
ENSG00000072858,SIDT1,regulation-driven,0.601
ENSG00000073060,SCARB1,gene-driven,0.491
ENSG00000073067,CYP2W1,neutral,1.0
ENSG00000073598,FNDC8,neutral,1.0
ENSG00000073734,ABCB11,gene-driven,1.0
ENSG00000073737,DHRS9,neutral,0.999
ENSG00000073754,CD5L,neutral,1.0
ENSG00000073756,PTGS2,neutral,1.0
ENSG00000073792,IGF2BP2,regulation-driven,1.0
ENSG00000074071,MRPS34,gene-driven,1.0
ENSG00000074211,PPP2R2C,gene-driven,0.95
ENSG00000074276,CDHR2,gene-driven,0.656
ENSG00000074317,SNCB,gene-driven,0.926
ENSG00000074410,CA12,neutral,0.999
ENSG00000074416,MGLL,neutral,0.991
ENSG00000074771,NOX3,neutral,1.0
ENSG00000074935,TUBE1,neutral,0.996
ENSG00000075073,TACR2,neutral,1.0
ENSG00000075142,SRI,neutral,1.0
ENSG00000075188,NUP37,neutral,1.0
ENSG00000075290,WNT8B,neutral,1.0
ENSG00000075303,SLC25A40,gene-driven,0.531
ENSG00000075407,ZNF37A,neutral,1.0
ENSG00000075420,FNDC3B,regulation-driven,0.519
ENSG00000075673,ATP12A,neutral,0.988
ENSG00000075884,ARHGAP15,neutral,0.912
ENSG00000075914,EXOSC7,neutral,1.0
ENSG00000075945,KIFAP3,neutral,0.56
ENSG00000075975,MKRN2,gene-driven,1.0
ENSG00000076003,MCM6,neutral,0.94
ENSG00000076053,RBM7,gene-driven,1.0
ENSG00000076067,RBMS2,neutral,0.655
ENSG00000076248,UNG,neutral,0.993
ENSG00000076321,KLHL20,neutral,0.865
ENSG00000076356,,regulation-driven,0.87
ENSG00000076513,ANKRD13A,neutral,0.998
ENSG00000076604,TRAF4,gene-driven,1.0
ENSG00000076641,PAG1,regulation-driven,0.849
ENSG00000076706,MCAM,neutral,0.961
ENSG00000077092,RARB,regulation-driven,1.0
ENSG00000077097,,gene-driven,1.0
ENSG00000077150,NFKB2,neutral,0.692
ENSG00000077152,UBE2T,neutral,1.0
ENSG00000077157,,gene-driven,1.0
ENSG00000077232,DNAJC10,neutral,1.0
ENSG00000077327,SPAG6,regulation-driven,0.837
ENSG00000077420,APBB1IP,neutral,0.706
ENSG00000077498,TYR,regulation-driven,0.968
ENSG00000077943,ITGA8,regulation-driven,0.818
ENSG00000078124,ACER3,neutral,0.984
ENSG00000078177,N4BP2,gene-driven,1.0
ENSG00000078237,TIGAR,neutral,1.0
ENSG00000078295,ADCY2,regulation-driven,0.965
ENSG00000078399,HOXA9,gene-driven,1.0
ENSG00000078401,EDN1,neutral,1.0
ENSG00000078725,BRINP1,regulation-driven,0.77
ENSG00000078900,TP73,gene-driven,0.841
ENSG00000079277,MKNK1,gene-driven,1.0
ENSG00000079393,DUSP13B,gene-driven,1.0
ENSG00000079459,FDFT1,gene-driven,0.929
ENSG00000079557,AFM,neutral,1.0
ENSG00000079689,SCGN,neutral,1.0
ENSG00000079739,PGM1,gene-driven,0.645
ENSG00000079931,MOXD1,neutral,1.0
ENSG00000079950,STX7,neutral,1.0
ENSG00000080007,DDX43,neutral,1.0
ENSG00000080166,DCT,neutral,0.999
ENSG00000080293,SCTR,neutral,0.934
ENSG00000080298,RFX3,gene-driven,0.998
ENSG00000080371,RAB21,neutral,1.0
ENSG00000080546,SESN1,neutral,0.953
ENSG00000080608,PUM3,neutral,1.0
ENSG00000080802,CNOT4,gene-driven (relaxed),0.996
ENSG00000080815,,neutral,0.572
ENSG00000080819,CPOX,neutral,1.0
ENSG00000081014,AP4E1,neutral,0.842
ENSG00000081019,RSBN1,gene-driven,1.0
ENSG00000081026,MAGI3,gene-driven,1.0
ENSG00000081051,AFP,neutral,1.0
ENSG00000081148,IMPG2,neutral,1.0
ENSG00000081177,EXD2,neutral,1.0
ENSG00000081181,ARG2,neutral,1.0
ENSG00000081277,PKP1,neutral,0.749
ENSG00000081307,UBA5,neutral,0.992
ENSG00000081320,STK17B,neutral,1.0
ENSG00000081692,JMJD4,gene-driven,1.0
ENSG00000081760,AACS,neutral,0.735
ENSG00000081791,DELE1,gene-driven,1.0
ENSG00000081800,SLC13A1,neutral,0.602
ENSG00000082068,WDR70,neutral,0.598
ENSG00000082074,FYB1,gene-driven,1.0
ENSG00000082293,COL19A1,neutral,1.0
ENSG00000082497,SERTAD4,neutral,0.814
ENSG00000082512,TRAF5,neutral,1.0
ENSG00000082515,MRPL22,gene-driven,1.0
ENSG00000082516,GEMIN5,neutral,1.0
ENSG00000082556,OPRK1,neutral,0.812
ENSG00000082996,RNF13,neutral,0.787
ENSG00000083123,BCKDHB,neutral,0.987
ENSG00000083168,,neutral,0.716
ENSG00000083520,DIS3,neutral,0.842
ENSG00000083535,PIBF1,neutral,0.994
ENSG00000083635,NUFIP1,neutral,1.0
ENSG00000083720,OXCT1,gene-driven,0.611
ENSG00000083782,EPYC,neutral,1.0
ENSG00000083937,CHMP2B,gene-driven,0.999
ENSG00000084073,ZMPSTE24,gene-driven,1.0
ENSG00000084092,NOA1,regulation-driven,0.658
ENSG00000084093,REST,gene-driven,1.0
ENSG00000084110,HAL,regulation-driven,0.789
ENSG00000084444,FAM234B,gene-driven,0.751
ENSG00000084628,NKAIN1,gene-driven,0.989
ENSG00000084652,TXLNA,gene-driven,0.89
ENSG00000084710,EFR3B,regulation-driven,0.969
ENSG00000084731,KIF3C,gene-driven,1.0
ENSG00000084733,RAB10,neutral,1.0
ENSG00000084764,MAPRE3,neutral,1.0
ENSG00000085365,SCAMP1,gene-driven,1.0
ENSG00000085491,SLC25A24,neutral,1.0
ENSG00000085552,IGSF9,neutral,0.947
ENSG00000085662,AKR1B1,neutral,0.577
ENSG00000085733,CTTN,neutral,0.903
ENSG00000085840,ORC1,neutral,1.0
ENSG00000085871,MGST2,neutral,1.0
ENSG00000085978,ATG16L1,gene-driven,1.0
ENSG00000086062,B4GALT1,neutral,1.0
ENSG00000086065,CHMP5,neutral,1.0
ENSG00000086102,NFX1,neutral,0.979
ENSG00000086159,AQP6,gene-driven,1.0
ENSG00000086189,DIMT1,gene-driven,1.0
ENSG00000086289,EPDR1,neutral,1.0
ENSG00000086300,SNX10,neutral,0.997
ENSG00000086589,RBM22,gene-driven,1.0
ENSG00000086619,ERO1B,neutral,0.627
ENSG00000086730,LAT2,gene-driven,1.0
ENSG00000086827,ZW10,neutral,1.0
ENSG00000087085,ACHE,neutral,0.994
ENSG00000087095,NLK,neutral,0.948
ENSG00000087111,PIGS,gene-driven,1.0
ENSG00000087116,ADAMTS2,neutral,0.736
ENSG00000087206,UIMC1,gene-driven,1.0
ENSG00000087299,L2HGDH,gene-driven,1.0
ENSG00000087301,TXNDC16,gene-driven,1.0
ENSG00000087302,RTRAF,neutral,1.0
ENSG00000087338,GMCL1,neutral,1.0
ENSG00000087494,PTHLH,gene-driven,1.0
ENSG00000087884,AAMDC,gene-driven,0.999
ENSG00000088035,ALG6,gene-driven,0.934
ENSG00000088280,ASAP3,dual-driven,0.538
ENSG00000088386,SLC15A1,neutral,0.981
ENSG00000088451,TGDS,neutral,1.0
ENSG00000088726,TMEM40,gene-driven,1.0
ENSG00000088808,PPP1R13B,neutral,0.88
ENSG00000088926,F11,neutral,0.998
ENSG00000088992,TESC,neutral,1.0
ENSG00000089041,P2RX7,gene-driven,0.705
ENSG00000089116,LHX5,neutral,1.0
ENSG00000089127,OAS1,gene-driven,0.985
ENSG00000089169,RPH3A,gene-driven,1.0
ENSG00000089225,TBX5,regulation-driven,1.0
ENSG00000089234,BRAP,neutral,0.719
ENSG00000089250,NOS1,regulation-driven,0.958
ENSG00000089597,GANAB,gene-driven,1.0
ENSG00000089692,LAG3,neutral,1.0
ENSG00000089723,OTUB2,neutral,1.0
ENSG00000089737,DDX24,neutral,1.0
ENSG00000089775,ZBTB25,neutral,1.0
ENSG00000089818,NECAP1,gene-driven,1.0
ENSG00000089902,RCOR1,gene-driven,0.95
ENSG00000090054,SPTLC1,neutral,0.992
ENSG00000090060,,neutral,0.635
ENSG00000090104,RGS1,neutral,1.0
ENSG00000090263,MRPS33,gene-driven,1.0
ENSG00000090266,NDUFB2,gene-driven,1.0
ENSG00000090273,NUDC,gene-driven,1.0
ENSG00000090402,SI,regulation-driven,0.706
ENSG00000090432,MUL1,neutral,1.0
ENSG00000090470,PDCD7,neutral,1.0
ENSG00000090520,DNAJB11,neutral,1.0
ENSG00000090530,P3H2,neutral,0.839
ENSG00000090539,CHRD,regulation-driven,1.0
ENSG00000090581,GNPTG,neutral,1.0
ENSG00000090686,,neutral,0.661
ENSG00000090975,PITPNM2,regulation-driven,0.704
ENSG00000091128,,regulation-driven,0.692
ENSG00000091138,SLC26A3,regulation-driven,0.581
ENSG00000091140,DLD,neutral,0.861
ENSG00000091317,CMTM6,neutral,1.0
ENSG00000091483,FH,gene-driven,1.0
ENSG00000091656,,regulation-driven,0.694
ENSG00000091664,SLC17A6,neutral,0.665
ENSG00000091732,ZC3HC1,gene-driven,0.998
ENSG00000091831,ESR1,gene-driven,0.994
ENSG00000091844,RGS17,neutral,1.0
ENSG00000091879,ANGPT2,gene-driven,0.88
ENSG00000092009,CMA1,neutral,1.0
ENSG00000092010,PSME1,gene-driven,1.0
ENSG00000092020,PPP2R3C,gene-driven,0.915
ENSG00000092051,JPH4,neutral,0.998
ENSG00000092067,CEBPE,neutral,1.0
ENSG00000092068,SLC7A8,neutral,0.731
ENSG00000092201,SUPT16H,neutral,0.998
ENSG00000092203,TOX4,neutral,1.0
ENSG00000092345,DAZL,gene-driven,1.0
ENSG00000092529,,gene-driven,1.0
ENSG00000092531,SNAP23,gene-driven,0.772
ENSG00000092607,TBX15,gene-driven,0.988
ENSG00000092820,EZR,gene-driven,0.63
ENSG00000092847,AGO1,gene-driven,0.525
ENSG00000092853,CLSPN,regulation-driven,0.656
ENSG00000092871,RFFL,gene-driven,1.0
ENSG00000092969,TGFB2,neutral,0.959
ENSG00000092978,GPATCH2,neutral,0.968
ENSG00000095015,MAP3K1,gene-driven,1.0
ENSG00000095139,ARCN1,neutral,0.966
ENSG00000095203,EPB41L4B,regulation-driven,0.634
ENSG00000095261,PSMD5,gene-driven,0.889
ENSG00000095319,NUP188,neutral,0.994
ENSG00000095321,CRAT,neutral,1.0
ENSG00000095380,NANS,gene-driven,1.0
ENSG00000095383,TBC1D2,neutral,0.986
ENSG00000095464,PDE6C,neutral,1.0
ENSG00000095564,BTAF1,regulation-driven,0.737
ENSG00000095574,IKZF5,neutral,1.0
ENSG00000095585,BLNK,neutral,1.0
ENSG00000095596,CYP26A1,neutral,1.0
ENSG00000095627,TDRD1,neutral,0.517
ENSG00000095739,BAMBI,neutral,1.0
ENSG00000095970,TREM2,neutral,1.0
ENSG00000095981,KCNK16,gene-driven,0.618
ENSG00000096060,FKBP5,gene-driven,0.58
ENSG00000096070,BRPF3,neutral,0.811
ENSG00000096092,TMEM14A,neutral,1.0
ENSG00000096395,MLN,neutral,0.83
ENSG00000096401,CDC5L,neutral,0.995
ENSG00000096654,ZNF184,gene-driven,1.0
ENSG00000096696,,gene-driven (relaxed),0.886
ENSG00000096717,SIRT1,neutral,0.997
ENSG00000096746,HNRNPH3,neutral,1.0
ENSG00000097007,ABL1,neutral,0.641
ENSG00000097033,SH3GLB1,neutral,0.995
ENSG00000097096,SYDE2,neutral,0.918
ENSG00000099194,SCD,neutral,1.0
ENSG00000099219,,regulation-driven,0.553
ENSG00000099256,PRTFDC1,neutral,1.0
ENSG00000099260,PALMD,gene-driven,0.999
ENSG00000099282,TSPAN15,gene-driven,1.0
ENSG00000099284,MACROH2A2,neutral,0.646
ENSG00000099814,CEP170B,neutral,1.0
ENSG00000100439,ABHD4,neutral,1.0
ENSG00000100442,FKBP3,gene-driven,0.98
ENSG00000100445,SDR39U1,gene-driven,1.0
ENSG00000100448,CTSG,neutral,1.0
ENSG00000100453,GZMB,gene-driven,1.0
ENSG00000100461,RBM23,gene-driven,1.0
ENSG00000100462,PRMT5,gene-driven,0.923
ENSG00000100483,VCPKMT,neutral,1.0
ENSG00000100504,PYGL,regulation-driven,0.938
ENSG00000100505,TRIM9,regulation-driven,0.974
ENSG00000100523,DDHD1,neutral,0.971
ENSG00000100526,CDKN3,neutral,0.982
ENSG00000100528,CNIH1,neutral,1.0
ENSG00000100554,ATP6V1D,neutral,0.999
ENSG00000100565,LRRC74A,gene-driven,1.0
ENSG00000100567,PSMA3,neutral,1.0
ENSG00000100577,GSTZ1,gene-driven,0.789
ENSG00000100583,SAMD15,gene-driven,1.0
ENSG00000100592,DAAM1,regulation-driven,0.663
ENSG00000100603,SNW1,neutral,0.997
ENSG00000100604,CHGA,neutral,0.789
ENSG00000100626,GALNT16,neutral,0.969
ENSG00000100628,ASB2,neutral,0.981
ENSG00000100644,HIF1A,neutral,0.514
ENSG00000100647,SUSD6,neutral,1.0
ENSG00000100652,SLC10A1,neutral,1.0
ENSG00000100665,SERPINA4,neutral,1.0
ENSG00000100678,SLC8A3,regulation-driven,0.994
ENSG00000100721,TCL1A,neutral,1.0
ENSG00000100744,GSKIP,gene-driven,1.0
ENSG00000100796,PPP4R3A,gene-driven,1.0
ENSG00000100802,C14orf93,neutral,1.0
ENSG00000100811,YY1,gene-driven,1.0
ENSG00000100815,TRIP11,neutral,1.0
ENSG00000100842,EFS,neutral,1.0
ENSG00000100884,CPNE6,neutral,1.0
ENSG00000100889,PCK2,regulation-driven,0.572
ENSG00000100890,PRORP,gene-driven,1.0
ENSG00000100908,EMC9,gene-driven,1.0
ENSG00000100911,PSME2,gene-driven,0.982
ENSG00000100938,GMPR2,neutral,0.969
ENSG00000100941,PNN,neutral,1.0
ENSG00000102466,FGF14,neutral,0.956
ENSG00000102468,HTR2A,neutral,1.0
ENSG00000102471,NDFIP2,neutral,0.872
ENSG00000102524,TNFSF13B,neutral,0.998
ENSG00000102539,MLNR,neutral,1.0
ENSG00000102547,CAB39L,neutral,0.75
ENSG00000102580,DNAJC3,neutral,0.994
ENSG00000102595,UGGT2,neutral,0.762
ENSG00000102678,FGF9,neutral,1.0
ENSG00000102683,SGCG,neutral,1.0
ENSG00000102738,MRPS31,neutral,1.0
ENSG00000102760,RGCC,neutral,1.0
ENSG00000102794,ACOD1,neutral,1.0
ENSG00000102805,CLN5,neutral,1.0
ENSG00000102837,OLFM4,neutral,1.0
ENSG00000103024,NME3,gene-driven,1.0
ENSG00000103275,UBE2I,gene-driven,1.0
ENSG00000103313,MEFV,neutral,0.986
ENSG00000103343,ZNF174,neutral,1.0
ENSG00000103351,CLUAP1,gene-driven,1.0
ENSG00000103591,AAGAB,neutral,1.0
ENSG00000103647,CORO2B,neutral,0.643
ENSG00000103707,MTFMT,neutral,1.0
ENSG00000103710,RASL12,neutral,1.0
ENSG00000103742,IGDCC4,neutral,0.975
ENSG00000103769,RAB11A,gene-driven,0.548
ENSG00000104043,,gene-driven,1.0
ENSG00000104055,TGM5,neutral,0.696
ENSG00000104059,ENTREP2,neutral,1.0
ENSG00000104129,DNAJC17,neutral,1.0
ENSG00000104142,VPS18,neutral,1.0
ENSG00000104154,SLC30A4,neutral,1.0
ENSG00000104221,BRF2,neutral,1.0
ENSG00000104237,RP1,neutral,0.898
ENSG00000104267,CA2,neutral,1.0
ENSG00000104312,RIPK2,neutral,1.0
ENSG00000104313,EYA1,neutral,1.0
ENSG00000104321,TRPA1,neutral,0.698
ENSG00000104324,CPQ,gene-driven,1.0
ENSG00000104327,CALB1,neutral,1.0
ENSG00000104332,SFRP1,neutral,0.999
ENSG00000104361,NIPAL2,neutral,1.0
ENSG00000104369,JPH1,neutral,0.614
ENSG00000104371,DKK4,neutral,1.0
ENSG00000104381,GDAP1,gene-driven,0.509
ENSG00000104415,CCN4,neutral,0.999
ENSG00000104427,ZC2HC1A,neutral,1.0
ENSG00000104432,IL7,gene-driven,1.0
ENSG00000104435,STMN2,neutral,0.962
ENSG00000104442,ARMC1,gene-driven,0.915
ENSG00000104450,SPAG1,neutral,1.0
ENSG00000104490,NCALD,neutral,0.931
ENSG00000104497,SNX16,gene-driven,0.97
ENSG00000104518,GSDMD,neutral,1.0
ENSG00000104537,ANXA13,neutral,0.999
ENSG00000104611,SH2D4A,neutral,1.0
ENSG00000104626,ERI1,gene-driven,0.924
ENSG00000104643,MTMR9,gene-driven,0.985
ENSG00000104660,LEPROTL1,gene-driven,1.0
ENSG00000104671,DCTN6,gene-driven,1.0
ENSG00000104689,TNFRSF10A,neutral,1.0
ENSG00000104714,ERICH1,gene-driven,1.0
ENSG00000104723,TUSC3,regulation-driven,0.907
ENSG00000104738,MCM4,neutral,1.0
ENSG00000104755,ADAM2,neutral,0.521
ENSG00000104760,FGL1,neutral,0.984
ENSG00000104763,,gene-driven,1.0
ENSG00000104765,BNIP3L,gene-driven,0.747
ENSG00000105784,RUNDC3B,neutral,0.544
ENSG00000105810,CDK6,neutral,1.0
ENSG00000105819,PMPCB,gene-driven,0.936
ENSG00000105835,NAMPT,gene-driven,0.568
ENSG00000105849,POLR1F,neutral,1.0
ENSG00000105855,ITGB8,neutral,0.548
ENSG00000105865,DUS4L,neutral,0.992
ENSG00000105866,SP4,neutral,0.96
ENSG00000105875,WDR91,gene-driven,0.817
ENSG00000105880,DLX5,neutral,1.0
ENSG00000105887,MTPN,neutral,1.0
ENSG00000105894,PTN,neutral,1.0
ENSG00000105926,PALS2,neutral,0.773
ENSG00000105948,IFT56,regulation-driven,0.749
ENSG00000105954,NPVF,neutral,0.974
ENSG00000105967,TFEC,neutral,0.948
ENSG00000105968,H2AZ2,neutral,1.0
ENSG00000105971,CAV2,neutral,1.0
ENSG00000105974,CAV1,neutral,1.0
ENSG00000105976,MET,neutral,0.658
ENSG00000105983,LMBR1,gene-driven,1.0
ENSG00000105991,HOXA1,neutral,1.0
ENSG00000105993,DNAJB6,neutral,1.0
ENSG00000105996,HOXA2,neutral,1.0
ENSG00000106003,LFNG,neutral,0.659
ENSG00000106006,HOXA6,neutral,1.0
ENSG00000106009,BRAT1,neutral,1.0
ENSG00000106013,ANKRD7,gene-driven,1.0
ENSG00000106018,VIPR2,neutral,1.0
ENSG00000106025,TSPAN12,neutral,0.999
ENSG00000106031,HOXA13,neutral,1.0
ENSG00000106038,EVX1,neutral,1.0
ENSG00000106049,HIBADH,neutral,1.0
ENSG00000106066,CPVL,neutral,0.6
ENSG00000106077,ABHD11,gene-driven,1.0
ENSG00000106089,STX1A,gene-driven,0.892
ENSG00000106123,EPHB6,gene-driven,0.747
ENSG00000106125,MINDY4,neutral,1.0
ENSG00000106128,GHRHR,gene-driven,1.0
ENSG00000106144,CASP2,gene-driven,1.0
ENSG00000106153,CHCHD2,neutral,1.0
ENSG00000106236,NPTX2,neutral,1.0
ENSG00000106245,BUD31,neutral,1.0
ENSG00000106268,NUDT1,gene-driven,1.0
ENSG00000106290,,neutral,0.994
ENSG00000106299,WASL,neutral,1.0
ENSG00000106305,AIMP2,neutral,0.999
ENSG00000106331,PAX4,neutral,0.759
ENSG00000106333,PCOLCE,neutral,1.0
ENSG00000106336,FBXO24,neutral,0.815
ENSG00000106341,PPP1R17,neutral,1.0
ENSG00000106366,SERPINE1,neutral,1.0
ENSG00000106367,AP1S1,gene-driven,1.0
ENSG00000106384,MOGAT3,gene-driven,1.0
ENSG00000106397,PLOD3,neutral,1.0
ENSG00000106399,RPA3,gene-driven,1.0
ENSG00000106400,ZNHIT1,neutral,1.0
ENSG00000106404,CLDN15,neutral,1.0
ENSG00000106436,MYL10,gene-driven,0.773
ENSG00000106460,TMEM106B,gene-driven,0.965
ENSG00000106462,EZH2,regulation-driven,0.97
ENSG00000106477,CEP41,gene-driven,1.0
ENSG00000106479,ZNF862,neutral,1.0
ENSG00000106483,SFRP4,neutral,1.0
ENSG00000106511,MEOX2,neutral,1.0
ENSG00000106536,POU6F2,neutral,0.98
ENSG00000106546,AHR,gene-driven,0.799
ENSG00000106565,TMEM176B,neutral,1.0
ENSG00000106571,,gene-driven,1.0
ENSG00000106609,TMEM248,gene-driven,1.0
ENSG00000106617,PRKAG2,regulation-driven,0.709
ENSG00000106628,,gene-driven,1.0
ENSG00000106633,GCK,gene-driven,0.971
ENSG00000106635,BCL7B,gene-driven,1.0
ENSG00000106686,SPATA6L,neutral,1.0
ENSG00000106688,SLC1A1,neutral,0.999
ENSG00000106701,FSD1L,neutral,0.89
ENSG00000106723,SPIN1,neutral,1.0
ENSG00000106733,NMRK1,neutral,1.0
ENSG00000106771,TMEM245,neutral,0.837
ENSG00000106780,MEGF9,neutral,1.0
ENSG00000106785,TRIM14,gene-driven,0.992
ENSG00000106789,CORO2A,neutral,0.876
ENSG00000106803,SEC61B,neutral,1.0
ENSG00000106809,OGN,neutral,0.525
ENSG00000106823,ECM2,neutral,0.998
ENSG00000106927,AMBP,neutral,1.0
ENSG00000106948,,neutral,0.974
ENSG00000106991,ENG,neutral,1.0
ENSG00000106992,AK1,gene-driven,0.991
ENSG00000106993,CDC37L1,neutral,1.0
ENSG00000107020,PLGRKT,neutral,1.0
ENSG00000107021,TBC1D13,neutral,1.0
ENSG00000107140,TESK1,neutral,1.0
ENSG00000107159,CA9,neutral,1.0
ENSG00000107164,FUBP3,neutral,0.81
ENSG00000107185,RGP1,neutral,1.0
ENSG00000107187,LHX3,neutral,0.786
ENSG00000107201,RIGI,gene-driven,1.0
ENSG00000107223,EDF1,neutral,1.0
ENSG00000107242,PIP5K1B,neutral,1.0
ENSG00000107295,SH3GL2,regulation-driven,0.799
ENSG00000107338,SHB,neutral,1.0
ENSG00000107362,ABHD17B,neutral,1.0
ENSG00000107371,EXOSC3,gene-driven,1.0
ENSG00000107404,DVL1,neutral,0.993
ENSG00000107438,PDLIM1,neutral,1.0
ENSG00000107443,CCNJ,neutral,1.0
ENSG00000107447,DNTT,gene-driven,1.0
ENSG00000107554,,neutral,0.945
ENSG00000107562,CXCL12,neutral,1.0
ENSG00000107566,ERLIN1,neutral,1.0
ENSG00000107581,EIF3A,neutral,0.973
ENSG00000107593,PKD2L1,gene-driven,0.672
ENSG00000107679,PLEKHA1,neutral,1.0
ENSG00000107742,SPOCK2,neutral,0.998
ENSG00000107771,CCSER2,neutral,0.966
ENSG00000107779,BMPR1A,neutral,0.797
ENSG00000107796,ACTA2,neutral,0.902
ENSG00000107798,LIPA,neutral,1.0
ENSG00000107819,SFXN3,gene-driven,1.0
ENSG00000107821,KAZALD1,neutral,1.0
ENSG00000107829,FBXW4,neutral,1.0
ENSG00000107831,FGF8,gene-driven,0.762
ENSG00000107833,NPM3,neutral,1.0
ENSG00000107854,TNKS2,neutral,0.617
ENSG00000107859,PITX3,neutral,1.0
ENSG00000107864,CPEB3,regulation-driven,0.924
ENSG00000107874,CUEDC2,neutral,1.0
ENSG00000107882,SUFU,gene-driven (relaxed),0.999
ENSG00000107902,LHPP,neutral,0.989
ENSG00000107937,GTPBP4,neutral,0.998
ENSG00000107951,MTPAP,neutral,0.545
ENSG00000107968,MAP3K8,neutral,0.983
ENSG00000107984,DKK1,neutral,1.0
ENSG00000108001,EBF3,regulation-driven,0.631
ENSG00000108010,GLRX3,neutral,1.0
ENSG00000108018,SORCS1,neutral,0.973
ENSG00000108055,SMC3,regulation-driven,0.879
ENSG00000108061,SHOC2,regulation-driven,0.523
ENSG00000108091,CCDC6,neutral,0.996
ENSG00000108176,DNAJC12,gene-driven,0.968
ENSG00000108219,TSPAN14,neutral,0.825
ENSG00000108231,LGI1,regulation-driven,0.974
ENSG00000108239,TBC1D12,neutral,1.0
ENSG00000108256,NUFIP2,gene-driven,1.0
ENSG00000108671,PSMD11,gene-driven,1.0
ENSG00000108684,ASIC2,neutral,0.994
ENSG00000108691,CCL2,gene-driven,1.0
ENSG00000108700,CCL8,neutral,1.0
ENSG00000109046,WSB1,gene-driven,0.999
ENSG00000109072,VTN,gene-driven (relaxed),0.966
ENSG00000109101,FOXN1,gene-driven,0.861
ENSG00000109107,ALDOC,gene-driven,0.883
ENSG00000109132,PHOX2B,neutral,1.0
ENSG00000109133,TMEM33,neutral,1.0
ENSG00000109158,GABRA4,gene-driven,0.59
ENSG00000109163,GNRHR,gene-driven,1.0
ENSG00000109180,OCIAD1,gene-driven,1.0
ENSG00000109182,CWH43,gene-driven,0.93
ENSG00000109189,USP46,dual-driven,0.941
ENSG00000109193,SULT1E1,neutral,1.0
ENSG00000109255,NMU,gene-driven,0.87
ENSG00000109265,CRACD,gene-driven,1.0
ENSG00000109270,LAMTOR3,neutral,1.0
ENSG00000109321,AREG,neutral,1.0
ENSG00000109424,UCP1,neutral,1.0
ENSG00000109445,ZNF330,neutral,1.0
ENSG00000109458,GAB1,regulation-driven,0.773
ENSG00000109471,,neutral,1.0
ENSG00000109511,ANXA10,neutral,0.944
ENSG00000109519,GRPEL1,neutral,1.0
ENSG00000109534,GAR1,neutral,1.0
ENSG00000109576,AADAT,neutral,1.0
ENSG00000109606,DHX15,neutral,0.993
ENSG00000109625,CPZ,neutral,0.937
ENSG00000109674,NEIL3,neutral,0.986
ENSG00000109684,CLNK,neutral,1.0
ENSG00000109705,NKX3-2,neutral,1.0
ENSG00000109738,GLRB,neutral,0.962
ENSG00000109787,KLF3,neutral,1.0
ENSG00000109805,NCAPG,neutral,0.687
ENSG00000109832,DDX25,neutral,0.66
ENSG00000109851,DBX1,neutral,1.0
ENSG00000109861,CTSC,neutral,0.581
ENSG00000109881,CCDC34,neutral,1.0
ENSG00000109906,ZBTB16,gene-driven,1.0
ENSG00000109911,ELP4,neutral,0.943
ENSG00000109920,FNBP4,neutral,0.95
ENSG00000109943,CRTAM,neutral,1.0
ENSG00000109944,JHY,neutral,0.997
ENSG00000109991,P2RX3,neutral,0.988
ENSG00000110002,VWA5A,neutral,0.972
ENSG00000110013,SIAE,neutral,1.0
ENSG00000110031,LPXN,neutral,1.0
ENSG00000110042,DTX4,neutral,0.998
ENSG00000110057,UNC93B1,neutral,1.0
ENSG00000110060,PUS3,gene-driven,1.0
ENSG00000110063,DCPS,neutral,1.0
ENSG00000110074,FOXRED1,neutral,1.0
ENSG00000110079,MS4A4A,gene-driven,1.0
ENSG00000110092,CCND1,neutral,1.0
ENSG00000110107,PRPF19,gene-driven,0.999
ENSG00000110108,TMEM109,neutral,1.0
ENSG00000110172,CHORDC1,gene-driven,0.904
ENSG00000110195,FOLR1,gene-driven,1.0
ENSG00000110200,ANAPC15,neutral,0.996
ENSG00000110218,PANX1,gene-driven,1.0
ENSG00000110237,ARHGEF17,neutral,0.645
ENSG00000110244,APOA4,neutral,1.0
ENSG00000110318,CEP126,neutral,0.983
ENSG00000110324,IL10RA,neutral,1.0
ENSG00000110328,GALNT18,regulation-driven,0.863
ENSG00000110344,UBE4A,neutral,0.71
ENSG00000110367,DDX6,neutral,0.999
ENSG00000110395,CBL,neutral,0.531
ENSG00000110400,NECTIN1,regulation-driven,1.0
ENSG00000110429,FBXO3,gene-driven,1.0
ENSG00000110435,PDHX,gene-driven,1.0
ENSG00000110442,COMMD9,neutral,1.0
ENSG00000110448,CD5,gene-driven,1.0
ENSG00000110583,NAA40,neutral,1.0
ENSG00000110660,SLC35F2,gene-driven,0.996
ENSG00000110675,ELMOD1,neutral,0.906
ENSG00000110693,SOX6,neutral,0.706
ENSG00000110696,C11orf58,gene-driven,1.0
ENSG00000110697,PITPNM1,neutral,0.966
ENSG00000110711,AIP,neutral,1.0
ENSG00000110768,GTF2H1,neutral,0.988
ENSG00000110777,POU2AF1,neutral,1.0
ENSG00000110786,PTPN5,regulation-driven,0.851
ENSG00000110811,P3H3,neutral,1.0
ENSG00000110844,PRPF40B,gene-driven,1.0
ENSG00000110848,CD69,neutral,1.0
ENSG00000110852,CLEC2B,neutral,1.0
ENSG00000110880,CORO1C,gene-driven,1.0
ENSG00000110881,ASIC1,gene-driven,0.999
ENSG00000110900,TSPAN11,neutral,1.0
ENSG00000110906,KCTD10,neutral,0.572
ENSG00000110921,MVK,gene-driven,1.0
ENSG00000110944,IL23A,neutral,1.0
ENSG00000110975,SYT10,gene-driven,0.616
ENSG00000110987,BCL7A,neutral,1.0
ENSG00000111011,RSRC2,gene-driven,1.0
ENSG00000111012,CYP27B1,gene-driven,0.987
ENSG00000111046,MYF6,neutral,1.0
ENSG00000111049,MYF5,neutral,1.0
ENSG00000111057,KRT18,gene-driven,1.0
ENSG00000111087,GLI1,neutral,0.789
ENSG00000111110,PPM1H,gene-driven,0.703
ENSG00000111144,LTA4H,neutral,0.996
ENSG00000111181,SLC6A12,neutral,1.0
ENSG00000111186,WNT5B,gene-driven,1.0
ENSG00000111196,MAGOHB,gene-driven,0.916
ENSG00000111199,TRPV4,regulation-driven,0.93
ENSG00000111206,FOXM1,neutral,1.0
ENSG00000111218,PRMT8,regulation-driven,0.655
ENSG00000111229,ARPC3,gene-driven,0.981
ENSG00000111237,VPS29,gene-driven,1.0
ENSG00000111241,FGF6,neutral,1.0
ENSG00000111245,MYL2,gene-driven,0.55
ENSG00000111252,SH2B3,neutral,1.0
ENSG00000111266,DUSP16,neutral,0.538
ENSG00000111269,CREBL2,neutral,1.0
ENSG00000111271,ACAD10,neutral,1.0
ENSG00000111276,CDKN1B,neutral,1.0
ENSG00000111291,GPRC5D,neutral,1.0
ENSG00000111335,OAS2,neutral,0.999
ENSG00000111339,ART4,gene-driven,1.0
ENSG00000111344,RASAL1,neutral,0.711
ENSG00000111364,DDX55,neutral,1.0
ENSG00000111404,RERGL,neutral,1.0
ENSG00000111405,ENDOU,neutral,0.977
ENSG00000111424,VDR,gene-driven,1.0
ENSG00000111445,RFC5,neutral,1.0
ENSG00000111536,IL26,neutral,1.0
ENSG00000111537,IFNG,neutral,1.0
ENSG00000111602,TIMELESS,gene-driven,1.0
ENSG00000111605,CPSF6,neutral,0.866
ENSG00000111615,KRR1,neutral,1.0
ENSG00000111640,GAPDH,neutral,0.995
ENSG00000111647,,gene-driven,1.0
ENSG00000111665,CDCA3,neutral,1.0
ENSG00000111667,USP5,neutral,1.0
ENSG00000111684,LPCAT3,gene-driven,1.0
ENSG00000111707,SUDS3,neutral,1.0
ENSG00000111711,GOLT1B,gene-driven,1.0
ENSG00000111726,CMAS,gene-driven,1.0
ENSG00000111729,CLEC4A,neutral,1.0
ENSG00000111732,AICDA,gene-driven,1.0
ENSG00000111775,COX6A1,neutral,1.0
ENSG00000111785,RIC8B,neutral,0.669
ENSG00000111790,FGFR1OP2,gene-driven,1.0
ENSG00000111796,KLRB1,neutral,1.0
ENSG00000111802,TDP2,neutral,1.0
ENSG00000111816,FRK,neutral,0.875
ENSG00000111834,RSPH4A,neutral,1.0
ENSG00000111845,PAK1IP1,neutral,1.0
ENSG00000111846,GCNT2,neutral,1.0
ENSG00000111875,ASF1A,neutral,1.0
ENSG00000111880,RNGTT,neutral,0.778
ENSG00000111885,MAN1A1,neutral,0.999
ENSG00000111886,GABRR2,neutral,0.673
ENSG00000111897,SERINC1,neutral,1.0
ENSG00000111906,HDDC2,gene-driven,0.991
ENSG00000111907,TPD52L1,neutral,0.983
ENSG00000111911,HINT3,neutral,1.0
ENSG00000111962,UST,neutral,0.999
ENSG00000112029,FBXO5,neutral,1.0
ENSG00000112033,PPARD,gene-driven (relaxed),0.974
ENSG00000112039,FANCE,neutral,1.0
ENSG00000112053,SLC26A8,gene-driven,1.0
ENSG00000112062,MAPK14,gene-driven,1.0
ENSG00000112077,RHAG,neutral,0.999
ENSG00000112079,STK38,neutral,0.699
ENSG00000112081,SRSF3,gene-driven,1.0
ENSG00000112110,MRPL18,neutral,1.0
ENSG00000112115,IL17A,neutral,1.0
ENSG00000112116,IL17F,gene-driven,1.0
ENSG00000112118,MCM3,gene-driven,1.0
ENSG00000112144,CILK1,neutral,0.985
ENSG00000112149,CD83,neutral,1.0
ENSG00000112164,GLP1R,neutral,0.999
ENSG00000112167,SAYSD1,neutral,1.0
ENSG00000112182,BACH2,gene-driven,1.0
ENSG00000112186,CAP2,neutral,0.983
ENSG00000112195,TREML2,neutral,1.0
ENSG00000112210,RAB23,neutral,1.0
ENSG00000112212,TSPO2,neutral,1.0
ENSG00000112214,FHL5,neutral,0.883
ENSG00000112232,KHDRBS2,neutral,1.0
ENSG00000112234,FBXL4,regulation-driven,0.507
ENSG00000112238,PRDM13,neutral,1.0
ENSG00000112242,E2F3,neutral,1.0
ENSG00000112245,PTP4A1,neutral,0.744
ENSG00000112246,SIM1,regulation-driven,0.619
ENSG00000112276,BVES,neutral,1.0
ENSG00000112290,WASF1,regulation-driven,0.805
ENSG00000112293,GPLD1,neutral,0.518
ENSG00000112294,ALDH5A1,gene-driven (relaxed),0.697
ENSG00000112299,VNN1,neutral,1.0
ENSG00000112304,ACOT13,neutral,1.0
ENSG00000112308,C6orf62,neutral,1.0
ENSG00000112319,EYA4,neutral,1.0
ENSG00000112320,SOBP,regulation-driven,1.0
ENSG00000112335,SNX3,neutral,1.0
ENSG00000112337,SLC17A2,neutral,0.995
ENSG00000112343,TRIM38,neutral,1.0
ENSG00000112365,ZBTB24,neutral,1.0
ENSG00000112378,PERP,neutral,1.0
ENSG00000112406,HECA,neutral,1.0
ENSG00000112425,EPM2A,neutral,0.917
ENSG00000112499,SLC22A2,neutral,0.995
ENSG00000112531,QKI,gene-driven,1.0
ENSG00000112539,C6orf118,neutral,1.0
ENSG00000112559,MDFI,neutral,1.0
ENSG00000112561,TFEB,gene-driven,1.0
ENSG00000112562,SMOC2,neutral,0.954
ENSG00000112584,,gene-driven (relaxed),0.678
ENSG00000112599,GUCA1B,neutral,1.0
ENSG00000112619,PRPH2,neutral,1.0
ENSG00000112624,BICRAL,neutral,0.999
ENSG00000112658,SRF,neutral,1.0
ENSG00000112659,CUL9,neutral,0.996
ENSG00000112667,DNPH1,neutral,1.0
ENSG00000112699,GMDS,neutral,0.892
ENSG00000112706,IMPG1,gene-driven,1.0
ENSG00000112739,,neutral,0.517
ENSG00000112761,CCN6,gene-driven,1.0
ENSG00000112773,TENT5A,neutral,1.0
ENSG00000112782,CLIC5,regulation-driven,1.0
ENSG00000112799,LY86,neutral,1.0
ENSG00000112812,PRSS16,neutral,1.0
ENSG00000112837,TBX18,neutral,0.944
ENSG00000112874,NUDT12,neutral,1.0
ENSG00000112893,MAN2A1,neutral,1.0
ENSG00000112941,TENT4A,gene-driven,1.0
ENSG00000112964,GHR,gene-driven,1.0
ENSG00000112981,NME5,neutral,1.0
ENSG00000112996,MRPS30,neutral,1.0
ENSG00000113068,PFDN1,neutral,1.0
ENSG00000113070,HBEGF,neutral,1.0
ENSG00000113083,LOX,neutral,1.0
ENSG00000113088,GZMK,gene-driven,1.0
ENSG00000113119,TMCO6,gene-driven,1.0
ENSG00000113141,IK,gene-driven,1.0
ENSG00000113161,HMGCR,gene-driven,1.0
ENSG00000113196,HAND1,neutral,1.0
ENSG00000113240,CLK4,gene-driven,0.999
ENSG00000113262,GRM6,neutral,0.916
ENSG00000113269,RNF130,neutral,0.988
ENSG00000113302,IL12B,gene-driven,1.0
ENSG00000113319,RASGRF2,neutral,0.98
ENSG00000113327,GABRG2,regulation-driven,0.996
ENSG00000113361,CDH6,gene-driven,1.0
ENSG00000113368,LMNB1,neutral,0.97
ENSG00000113369,ARRDC3,neutral,1.0
ENSG00000113384,GOLPH3,neutral,1.0
ENSG00000113396,SLC27A6,neutral,1.0
ENSG00000113430,IRX4,regulation-driven,0.985
ENSG00000113441,LNPEP,neutral,1.0
ENSG00000113456,RAD1,gene-driven,1.0
ENSG00000113460,BRIX1,neutral,1.0
ENSG00000113492,AGXT2,gene-driven,1.0
ENSG00000113520,IL4,gene-driven (relaxed),0.999
ENSG00000113525,IL5,gene-driven,1.0
ENSG00000113532,ST8SIA4,neutral,1.0
ENSG00000113569,NUP155,neutral,0.968
ENSG00000113583,C5orf15,neutral,1.0
ENSG00000113594,LIFR,gene-driven (relaxed),0.696
ENSG00000113595,TRIM23,gene-driven,1.0
ENSG00000113600,C9,gene-driven,0.765
ENSG00000113643,RARS1,neutral,0.994
ENSG00000113658,SMAD5,gene-driven,1.0
ENSG00000113719,ERGIC1,neutral,0.664
ENSG00000113721,PDGFRB,neutral,0.97
ENSG00000113734,BNIP1,gene-driven,0.999
ENSG00000113749,HRH2,regulation-driven,0.999
ENSG00000113790,EHHADH,neutral,1.0
ENSG00000113805,CNTN3,neutral,0.904
ENSG00000113838,TBCCD1,neutral,0.999
ENSG00000113845,TIMMDC1,neutral,1.0
ENSG00000113889,KNG1,neutral,0.973
ENSG00000113905,HRG,neutral,1.0
ENSG00000113946,CLDN16,gene-driven,0.981
ENSG00000114013,CD86,neutral,1.0
ENSG00000114021,NIT2,gene-driven,1.0
ENSG00000114030,KPNA1,neutral,0.584
ENSG00000114113,RBP2,neutral,1.0
ENSG00000114120,SLC25A36,gene-driven,0.882
ENSG00000114124,GRK7,gene-driven,1.0
ENSG00000114125,RNF7,neutral,1.0
ENSG00000114166,KAT2B,neutral,0.731
ENSG00000114200,BCHE,neutral,0.985
ENSG00000114248,LRRC31,regulation-driven,0.63
ENSG00000114251,WNT5A,neutral,0.677
ENSG00000114279,FGF12,gene-driven,0.893
ENSG00000114353,GNAI2,gene-driven,0.931
ENSG00000114383,TUSC2,neutral,1.0
ENSG00000114388,NPRL2,gene-driven,1.0
ENSG00000114395,CYB561D2,neutral,1.0
ENSG00000114416,FXR1,neutral,0.973
ENSG00000114439,,gene-driven,1.0
ENSG00000114455,HHLA2,neutral,0.851
ENSG00000114480,GBE1,neutral,0.882
ENSG00000114491,UMPS,gene-driven,1.0
ENSG00000114547,ROPN1B,neutral,0.846
ENSG00000114573,ATP6V1A,neutral,0.684
ENSG00000114631,PODXL2,neutral,1.0
ENSG00000114650,SCAP,neutral,0.912
ENSG00000114686,MRPL3,neutral,1.0
ENSG00000114735,HEMK1,neutral,1.0
ENSG00000114737,CISH,neutral,1.0
ENSG00000114739,ACVR2B,neutral,0.966
ENSG00000114744,COMMD2,neutral,1.0
ENSG00000114757,PEX5L,gene-driven,1.0
ENSG00000114767,RRP9,neutral,1.0
ENSG00000114770,,gene-driven,1.0
ENSG00000114771,AADAC,neutral,1.0
ENSG00000114779,ABHD14B,gene-driven,1.0
ENSG00000114784,EIF1B,neutral,1.0
ENSG00000114790,ARHGEF26,neutral,0.712
ENSG00000114805,,regulation-driven,0.93
ENSG00000114850,SSR3,neutral,1.0
ENSG00000114902,SPCS1,neutral,1.0
ENSG00000114933,INO80D,neutral,0.969
ENSG00000114956,DGUOK,neutral,1.0
ENSG00000114988,LMAN2L,neutral,1.0
ENSG00000114993,RTKN,neutral,0.971
ENSG00000115008,IL1A,neutral,1.0
ENSG00000115041,KCNIP3,gene-driven,1.0
ENSG00000115053,NCL,gene-driven,1.0
ENSG00000115073,ACTR1B,neutral,1.0
ENSG00000115085,ZAP70,regulation-driven,0.866
ENSG00000115107,STEAP3,neutral,0.909
ENSG00000115109,EPB41L5,neutral,0.973
ENSG00000115112,TFCP2L1,neutral,0.796
ENSG00000115128,SF3B6,neutral,1.0
ENSG00000115129,TP53I3,gene-driven,1.0
ENSG00000115137,DNAJC27,gene-driven (relaxed),0.698
ENSG00000115145,STAM2,neutral,1.0
ENSG00000115163,CENPA,neutral,1.0
ENSG00000115194,SLC30A3,gene-driven,0.928
ENSG00000115211,EIF2B4,gene-driven (relaxed),0.883
ENSG00000115226,FNDC4,neutral,1.0
ENSG00000115234,SNX17,neutral,1.0
ENSG00000115241,PPM1G,neutral,0.761
ENSG00000115252,PDE1A,gene-driven,1.0
ENSG00000115263,GCG,neutral,1.0
ENSG00000115289,PCGF1,neutral,1.0
ENSG00000115290,GRB14,neutral,0.954
ENSG00000115307,AUP1,gene-driven,1.0
ENSG00000115317,HTRA2,gene-driven (relaxed),0.577
ENSG00000115318,LOXL3,neutral,0.567
ENSG00000115350,POLE4,neutral,1.0
ENSG00000115353,TACR1,gene-driven,0.998
ENSG00000115365,LANCL1,neutral,0.996
ENSG00000115368,WDR75,regulation-driven,0.756
ENSG00000115380,EFEMP1,regulation-driven,0.994
ENSG00000115386,REG1A,neutral,1.0
ENSG00000115419,GLS,neutral,0.86
ENSG00000115421,PAPOLG,neutral,0.944
ENSG00000115423,DNAH6,regulation-driven,0.685
ENSG00000115457,IGFBP2,neutral,1.0
ENSG00000115459,ELMOD3,neutral,0.925
ENSG00000115461,IGFBP5,neutral,1.0
ENSG00000115488,NEU2,neutral,1.0
ENSG00000115507,OTX1,gene-driven,1.0
ENSG00000115520,COQ10B,neutral,1.0
ENSG00000115524,,neutral,0.84
ENSG00000115526,CHST10,neutral,0.927
ENSG00000115540,MOB4,neutral,1.0
ENSG00000115592,PRKAG3,gene-driven,0.965
ENSG00000115593,SMYD1,neutral,0.757
ENSG00000115596,WNT6,neutral,1.0
ENSG00000115598,IL1RL2,neutral,1.0
ENSG00000115604,IL18R1,neutral,1.0
ENSG00000115616,SLC9A2,neutral,0.732
ENSG00000115661,STK16,gene-driven,1.0
ENSG00000115665,SLC5A7,dual-driven,0.764
ENSG00000115677,,neutral,0.973
ENSG00000115758,ODC1,neutral,1.0
ENSG00000115761,NOL10,neutral,1.0
ENSG00000115806,GORASP2,gene-driven,1.0
ENSG00000115808,STRN,neutral,0.964
ENSG00000115816,CEBPZ,neutral,1.0
ENSG00000115828,QPCT,neutral,1.0
ENSG00000115839,RAB3GAP1,gene-driven,1.0
ENSG00000115840,SLC25A12,neutral,0.727
ENSG00000115844,DLX2,neutral,1.0
ENSG00000115850,LCT,regulation-driven,0.881
ENSG00000115866,DARS1,gene-driven,1.0
ENSG00000115896,,gene-driven,1.0
ENSG00000115902,SLC1A4,neutral,1.0
ENSG00000115944,COX7A2L,gene-driven,1.0
ENSG00000115946,PNO1,neutral,1.0
ENSG00000115956,PLEK,regulation-driven,0.985
ENSG00000115963,RND3,neutral,1.0
ENSG00000115998,C2orf42,neutral,0.808
ENSG00000116001,TIA1,gene-driven,1.0
ENSG00000116030,SUMO1,neutral,1.0
ENSG00000116031,CD207,neutral,1.0
ENSG00000116062,,regulation-driven,0.515
ENSG00000116095,PLEKHA3,neutral,1.0
ENSG00000116096,SPR,neutral,1.0
ENSG00000116117,PARD3B,regulation-driven,1.0
ENSG00000116120,FARSB,neutral,1.0
ENSG00000116128,BCL9,gene-driven (relaxed),1.0
ENSG00000116132,PRRX1,neutral,1.0
ENSG00000116141,MARK1,neutral,1.0
ENSG00000116147,TNR,regulation-driven,1.0
ENSG00000116157,GPX7,neutral,1.0
ENSG00000116171,SCP2,regulation-driven,0.57
ENSG00000116176,TPSG1,neutral,1.0
ENSG00000116205,TCEANC2,gene-driven (relaxed),0.908
ENSG00000116209,TMEM59,neutral,1.0
ENSG00000116218,NPHS2,neutral,0.567
ENSG00000116237,ICMT,neutral,1.0
ENSG00000116254,CHD5,neutral,0.65
ENSG00000116266,STXBP3,regulation-driven,0.894
ENSG00000116273,PHF13,neutral,1.0
ENSG00000116285,ERRFI1,neutral,1.0
ENSG00000116299,ELAPOR1,neutral,0.726
ENSG00000116337,,gene-driven,1.0
ENSG00000116350,SRSF4,neutral,1.0
ENSG00000116353,MECR,gene-driven (relaxed),0.998
ENSG00000116459,ATP5PB,neutral,1.0
ENSG00000116489,CAPZA1,gene-driven,0.903
ENSG00000116514,RNF19B,neutral,0.694
ENSG00000116521,SCAMP3,neutral,1.0
ENSG00000116525,TRIM62,neutral,0.997
ENSG00000116544,DLGAP3,neutral,0.532
ENSG00000116574,RHOU,neutral,1.0
ENSG00000116586,LAMTOR2,neutral,1.0
ENSG00000116649,SRM,neutral,1.0
ENSG00000116667,C1orf21,gene-driven,1.0
ENSG00000116679,IVNS1ABP,neutral,1.0
ENSG00000116685,KIAA2013,gene-driven,1.0
ENSG00000116691,MIIP,neutral,1.0
ENSG00000116701,NCF2,neutral,0.549
ENSG00000116703,PDC,neutral,1.0
ENSG00000116704,SLC35D1,neutral,1.0
ENSG00000116711,PLA2G4A,neutral,0.939
ENSG00000116717,GADD45A,neutral,1.0
ENSG00000116741,RGS2,neutral,1.0
ENSG00000116745,RPE65,neutral,0.806
ENSG00000116748,AMPD1,gene-driven,0.828
ENSG00000116752,BCAS2,gene-driven,1.0
ENSG00000116761,CTH,neutral,0.976
ENSG00000116771,AGMAT,neutral,1.0
ENSG00000116783,,gene-driven,1.0
ENSG00000116786,PLEKHM2,neutral,1.0
ENSG00000116819,TFAP2E,neutral,1.0
ENSG00000116824,CD2,gene-driven,1.0
ENSG00000116857,TMEM9,neutral,1.0
ENSG00000116863,ADPRS,neutral,1.0
ENSG00000116874,WARS2,neutral,1.0
ENSG00000116898,MRPS15,neutral,1.0
ENSG00000116903,EXOC8,neutral,1.0
ENSG00000116954,RRAGC,neutral,1.0
ENSG00000116962,NID1,neutral,0.973
ENSG00000116981,NT5C1A,neutral,0.999
ENSG00000116983,HPCAL4,gene-driven,1.0
ENSG00000116996,ZP4,gene-driven (relaxed),1.0
ENSG00000117000,RLF,neutral,1.0
ENSG00000117010,ZNF684,neutral,1.0
ENSG00000117016,RIMS3,neutral,0.999
ENSG00000117036,ETV3,neutral,1.0
ENSG00000117054,ACADM,regulation-driven,0.629
ENSG00000117069,ST6GALNAC5,gene-driven (relaxed),0.558
ENSG00000117090,SLAMF1,neutral,1.0
ENSG00000117091,CD48,neutral,1.0
ENSG00000117115,PADI2,neutral,0.522
ENSG00000117118,SDHB,gene-driven,1.0
ENSG00000117122,MFAP2,neutral,1.0
ENSG00000117143,UAP1,neutral,0.695
ENSG00000117148,ACTL8,gene-driven,1.0
ENSG00000117151,CTBS,neutral,1.0
ENSG00000117154,IGSF21,neutral,0.972
ENSG00000117155,SSX2IP,neutral,0.81
ENSG00000117174,ZNHIT6,neutral,1.0
ENSG00000117215,PLA2G2D,neutral,1.0
ENSG00000117222,RBBP5,gene-driven,0.861
ENSG00000117245,KIF17,neutral,0.894
ENSG00000117308,GALE,neutral,1.0
ENSG00000117318,ID3,neutral,1.0
ENSG00000117362,APH1A,neutral,1.0
ENSG00000117385,P3H1,neutral,1.0
ENSG00000117395,EBNA1BP2,neutral,1.0
ENSG00000117399,CDC20,neutral,1.0
ENSG00000117408,IPO13,regulation-driven,0.671
ENSG00000117448,AKR1A1,gene-driven,1.0
ENSG00000117450,PRDX1,neutral,1.0
ENSG00000117472,TSPAN1,neutral,1.0
ENSG00000117477,CCDC181,neutral,0.998
ENSG00000117479,SLC19A2,gene-driven,0.955
ENSG00000117500,TMED5,gene-driven,1.0
ENSG00000117525,F3,neutral,1.0
ENSG00000117528,ABCD3,neutral,0.978
ENSG00000117533,VAMP4,neutral,1.0
ENSG00000117543,DPH5,gene-driven,1.0
ENSG00000117560,FASLG,neutral,1.0
ENSG00000117569,PTBP2,neutral,0.87
ENSG00000117586,TNFSF4,neutral,1.0
ENSG00000117592,PRDX6,neutral,1.0
ENSG00000117594,HSD11B1,neutral,1.0
ENSG00000117598,PLPPR5,neutral,0.59
ENSG00000117600,PLPPR4,neutral,0.585
ENSG00000117614,SYF2,neutral,1.0
ENSG00000117625,RCOR3,gene-driven,0.859
ENSG00000117640,MTFR1L,neutral,0.989
ENSG00000117643,MAN1C1,neutral,0.854
ENSG00000117650,NEK2,neutral,0.965
ENSG00000117697,NSL1,neutral,1.0
ENSG00000117707,PROX1,gene-driven,1.0
ENSG00000117748,RPA2,neutral,1.0
ENSG00000117862,TXNDC12,neutral,1.0
ENSG00000117868,ESYT2,neutral,0.685
ENSG00000118094,TREH,neutral,0.972
ENSG00000118137,APOA1,gene-driven,1.0
ENSG00000118193,KIF14,gene-driven,1.0
ENSG00000118194,TNNT2,gene-driven (relaxed),0.686
ENSG00000118197,DDX59,neutral,0.998
ENSG00000118246,FASTKD2,gene-driven,1.0
ENSG00000118260,CREB1,gene-driven,1.0
ENSG00000118292,C1orf54,gene-driven,0.999
ENSG00000118298,CA14,gene-driven,1.0
ENSG00000118402,ELOVL4,neutral,0.993
ENSG00000118407,FILIP1,neutral,0.535
ENSG00000118434,SPACA1,neutral,1.0
ENSG00000118454,ANKRD13C,neutral,1.0
ENSG00000118491,ZC2HC1B,neutral,0.71
ENSG00000118496,FBXO30,neutral,1.0
ENSG00000118507,AKAP7,neutral,1.0
ENSG00000118922,KLF12,neutral,0.957
ENSG00000118972,FGF23,neutral,1.0
ENSG00000119013,NDUFB3,neutral,1.0
ENSG00000119048,UBE2B,gene-driven,1.0
ENSG00000119125,GDA,gene-driven,1.0
ENSG00000119138,KLF9,neutral,1.0
ENSG00000119203,CPSF3,regulation-driven,0.527
ENSG00000119285,HEATR1,neutral,0.976
ENSG00000119333,DYNC2I2,neutral,1.0
ENSG00000119402,FBXW2,neutral,0.834
ENSG00000119403,PHF19,neutral,0.994
ENSG00000119411,BSPRY,neutral,1.0
ENSG00000119414,PPP6C,gene-driven,0.899
ENSG00000119421,NDUFA8,neutral,1.0
ENSG00000119446,RBM18,neutral,1.0
ENSG00000119457,SLC46A2,neutral,1.0
ENSG00000119471,HSDL2,neutral,0.791
ENSG00000119508,NR4A3,neutral,0.921
ENSG00000119509,INVS,neutral,0.994
ENSG00000119523,ALG2,neutral,1.0
ENSG00000119599,DCAF4,neutral,1.0
ENSG00000119608,PROX2,neutral,1.0
ENSG00000119614,VSX2,neutral,1.0
ENSG00000119630,PGF,gene-driven,1.0
ENSG00000119636,BBOF1,neutral,1.0
ENSG00000119650,IFT43,neutral,1.0
ENSG00000119681,,neutral,1.0
ENSG00000119686,FLVCR2,neutral,0.711
ENSG00000119699,TGFB3,gene-driven,1.0
ENSG00000119705,SLIRP,gene-driven,1.0
ENSG00000119707,RBM25,neutral,0.938
ENSG00000119711,ALDH6A1,neutral,0.955
ENSG00000119715,ESRRB,neutral,0.693
ENSG00000119718,EIF2B2,neutral,0.732
ENSG00000119760,SUPT7L,neutral,1.0
ENSG00000119772,DNMT3A,gene-driven,0.775
ENSG00000119778,ATAD2B,neutral,0.936
ENSG00000119787,ATL2,neutral,1.0
ENSG00000119801,YPEL5,gene-driven,0.994
ENSG00000119862,LGALSL,neutral,1.0
ENSG00000119865,CNRIP1,neutral,1.0
ENSG00000132423,COQ3,neutral,1.0
ENSG00000132424,PNISR,neutral,0.973
ENSG00000132429,POPDC3,gene-driven,1.0
ENSG00000132432,SEC61G,gene-driven,1.0
ENSG00000132464,ENAM,neutral,0.892
ENSG00000132485,ZRANB2,neutral,1.0
ENSG00000132541,RIDA,gene-driven,1.0
ENSG00000132570,PCBD2,gene-driven,1.0
ENSG00000132591,ERAL1,gene-driven,1.0
ENSG00000132676,DAP3,gene-driven,1.0
ENSG00000132680,KHDC4,neutral,0.994
ENSG00000132688,NES,neutral,1.0
ENSG00000132698,RAB25,neutral,1.0
ENSG00000132703,APCS,neutral,1.0
ENSG00000132704,FCRL2,neutral,1.0
ENSG00000132718,SYT11,gene-driven,0.947
ENSG00000132740,IGHMBP2,neutral,0.953
ENSG00000132744,ACY3,neutral,1.0
ENSG00000132763,MMACHC,neutral,1.0
ENSG00000132768,DPH2,gene-driven,1.0
ENSG00000132773,TOE1,neutral,1.0
ENSG00000132781,,gene-driven,1.0
ENSG00000132837,DMGDH,gene-driven,1.0
ENSG00000132849,PATJ,neutral,1.0
ENSG00000132854,KANK4,neutral,0.651
ENSG00000132855,ANGPTL3,neutral,1.0
ENSG00000132881,CPLANE2,neutral,1.0
ENSG00000132911,NMUR2,neutral,1.0
ENSG00000132912,DCTN4,neutral,0.995
ENSG00000132915,PDE6A,regulation-driven,0.904
ENSG00000132932,,regulation-driven,0.997
ENSG00000132938,MTUS2,neutral,0.754
ENSG00000132950,ZMYM5,neutral,1.0
ENSG00000132952,USPL1,neutral,1.0
ENSG00000132963,POMP,gene-driven,1.0
ENSG00000132964,CDK8,gene-driven,0.967
ENSG00000132965,ALOX5AP,neutral,1.0
ENSG00000132975,GPR12,neutral,1.0
ENSG00000133055,MYBPH,neutral,1.0
ENSG00000133056,PIK3C2B,gene-driven,1.0
ENSG00000133065,SLC41A1,neutral,0.969
ENSG00000133069,TMCC2,regulation-driven,0.884
ENSG00000133083,DCLK1,neutral,0.995
ENSG00000133101,CCNA1,gene-driven,1.0
ENSG00000133104,SPART,neutral,0.814
ENSG00000133105,RXFP2,neutral,0.934
ENSG00000133111,RFXAP,neutral,1.0
ENSG00000133116,KL,neutral,1.0
ENSG00000133119,RFC3,neutral,1.0
ENSG00000133121,STARD13,regulation-driven,0.857
ENSG00000133302,SLF1,neutral,0.998
ENSG00000133317,LGALS12,gene-driven,1.0
ENSG00000133318,RTN3,neutral,0.998
ENSG00000133321,PLAAT4,neutral,1.0
ENSG00000133328,PLAAT2,neutral,1.0
ENSG00000133398,MED10,neutral,1.0
ENSG00000133574,GIMAP4,neutral,1.0
ENSG00000133606,MKRN1,gene-driven,1.0
ENSG00000133636,NTS,neutral,1.0
ENSG00000133639,BTG1,neutral,1.0
ENSG00000133641,RLIG1,gene-driven,1.0
ENSG00000133678,TMEM254,gene-driven,1.0
ENSG00000133704,IPO8,gene-driven,1.0
ENSG00000133731,IMPA1,regulation-driven,0.984
ENSG00000133739,LRRCC1,neutral,0.973
ENSG00000133773,CCDC59,gene-driven,1.0
ENSG00000133800,LYVE1,gene-driven,1.0
ENSG00000133805,AMPD3,regulation-driven,0.81
ENSG00000133858,ZFC3H1,neutral,0.989
ENSG00000133874,RNF122,neutral,1.0
ENSG00000133895,,gene-driven,1.0
ENSG00000133935,ERG28,neutral,1.0
ENSG00000133937,GSC,neutral,1.0
ENSG00000133961,NUMB,neutral,0.752
ENSG00000133985,TTC9,neutral,1.0
ENSG00000134007,ADAM20,neutral,1.0
ENSG00000134013,LOXL2,neutral,0.76
ENSG00000134028,ADAMDEC1,neutral,1.0
ENSG00000134057,CCNB1,gene-driven,0.909
ENSG00000134061,CD180,neutral,0.999
ENSG00000134070,IRAK2,neutral,1.0
ENSG00000134086,VHL,gene-driven,1.0
ENSG00000134107,BHLHE40,neutral,1.0
ENSG00000134109,EDEM1,neutral,0.619
ENSG00000134115,CNTN6,neutral,0.979
ENSG00000134193,REG4,gene-driven,1.0
ENSG00000134198,TSPAN2,gene-driven,1.0
ENSG00000134202,GSTM3,gene-driven,1.0
ENSG00000134222,PSRC1,neutral,1.0
ENSG00000134240,HMGCS2,gene-driven,1.0
ENSG00000134245,WNT2B,neutral,1.0
ENSG00000134248,LAMTOR5,neutral,1.0
ENSG00000134253,TRIM45,neutral,1.0
ENSG00000134255,CEPT1,gene-driven,1.0
ENSG00000134256,CD101,neutral,0.981
ENSG00000134258,VTCN1,gene-driven,0.829
ENSG00000134259,NGF,gene-driven,1.0
ENSG00000134262,AP4B1,gene-driven,1.0
ENSG00000134294,SLC38A2,gene-driven,0.984
ENSG00000134321,RSAD2,gene-driven,1.0
ENSG00000134323,MYCN,neutral,1.0
ENSG00000134343,ANO3,regulation-driven,0.949
ENSG00000134371,CDC73,gene-driven,0.971
ENSG00000134375,TIMM17A,neutral,1.0
ENSG00000134376,,regulation-driven,0.69
ENSG00000134452,,neutral,1.0
ENSG00000134460,IL2RA,neutral,1.0
ENSG00000134461,ANKRD16,gene-driven,0.987
ENSG00000134516,,neutral,0.829
ENSG00000134533,RERG,neutral,0.999
ENSG00000134548,SPX,gene-driven,1.0
ENSG00000134571,MYBPC3,regulation-driven,0.743
ENSG00000134686,PHC2,neutral,0.995
ENSG00000134690,CDCA8,gene-driven,0.9
ENSG00000134716,CYP2J2,neutral,1.0
ENSG00000134717,BTF3L4,neutral,1.0
ENSG00000134780,DAGLA,neutral,0.599
ENSG00000134802,SLC43A3,neutral,0.975
ENSG00000134809,TIMM10,gene-driven,1.0
ENSG00000134825,TMEM258,gene-driven,1.0
ENSG00000134827,TCN1,neutral,1.0
ENSG00000134851,TMEM165,gene-driven,1.0
ENSG00000134874,DZIP1,neutral,0.844
ENSG00000134882,UBAC2,neutral,1.0
ENSG00000134884,ARGLU1,neutral,1.0
ENSG00000134897,BIVM,gene-driven,1.0
ENSG00000134899,ERCC5,gene-driven,1.0
ENSG00000134900,TPP2,neutral,1.0
ENSG00000134901,POGLUT2,neutral,0.994
ENSG00000134905,CARS2,gene-driven,1.0
ENSG00000134917,ADAMTS8,neutral,0.981
ENSG00000134940,ACRV1,neutral,1.0
ENSG00000134955,SLC37A2,neutral,0.956
ENSG00000134962,KLB,neutral,1.0
ENSG00000134986,NREP,neutral,1.0
ENSG00000134987,WDR36,neutral,1.0
ENSG00000134996,OSTF1,neutral,1.0
ENSG00000135002,RFK,gene-driven,1.0
ENSG00000135040,NAA35,neutral,0.578
ENSG00000135047,CTSL,neutral,1.0
ENSG00000135063,ENTREP1,neutral,0.999
ENSG00000135070,ISCA1,gene-driven,1.0
ENSG00000135083,CCNJL,neutral,0.625
ENSG00000135093,USP30,gene-driven,0.518
ENSG00000135100,HNF1A,gene-driven,1.0
ENSG00000135111,TBX3,neutral,0.957
ENSG00000135114,OASL,neutral,0.999
ENSG00000135119,RNFT2,gene-driven,1.0
ENSG00000135144,DTX1,neutral,0.998
ENSG00000135148,TRAFD1,neutral,1.0
ENSG00000135185,TMEM243,neutral,1.0
ENSG00000135211,TMEM60,neutral,1.0
ENSG00000135222,CSN2,gene-driven,1.0
ENSG00000135312,HTR1B,neutral,1.0
ENSG00000135316,,gene-driven,1.0
ENSG00000135333,EPHA7,regulation-driven,0.978
ENSG00000135334,AKIRIN2,gene-driven,1.0
ENSG00000135338,LCA5,gene-driven,1.0
ENSG00000135341,MAP3K7,neutral,0.636
ENSG00000135355,GJA10,neutral,1.0
ENSG00000135363,LMO2,gene-driven,1.0
ENSG00000135365,PHF21A,gene-driven,0.99
ENSG00000135374,ELF5,neutral,0.991
ENSG00000135407,AVIL,gene-driven,1.0
ENSG00000135413,LACRT,gene-driven,1.0
ENSG00000135452,TSPAN31,gene-driven,1.0
ENSG00000135457,TFCP2,gene-driven,0.968
ENSG00000135480,KRT7,gene-driven,0.973
ENSG00000135517,MIP,neutral,1.0
ENSG00000135519,KCNH3,gene-driven,0.799
ENSG00000135521,LTV1,gene-driven,0.859
ENSG00000135525,MAP7,neutral,1.0
ENSG00000135535,CD164,gene-driven,1.0
ENSG00000135547,HEY2,neutral,1.0
ENSG00000135549,PKIB,gene-driven,1.0
ENSG00000135569,TAAR5,neutral,1.0
ENSG00000135577,NMBR,neutral,1.0
ENSG00000135604,STX11,gene-driven,1.0
ENSG00000135605,TEC,gene-driven,1.0
ENSG00000135617,,neutral,1.0
ENSG00000135624,CCT7,neutral,0.615
ENSG00000135625,EGR4,gene-driven,1.0
ENSG00000135631,RAB11FIP5,neutral,0.826
ENSG00000135677,GNS,gene-driven,1.0
ENSG00000135678,CPM,neutral,1.0
ENSG00000135744,AGT,gene-driven,1.0
ENSG00000135750,KCNK1,neutral,1.0
ENSG00000135773,CAPN9,regulation-driven,0.666
ENSG00000135775,COG2,neutral,0.571
ENSG00000135776,ABCB10,neutral,1.0
ENSG00000135778,NTPCR,neutral,1.0
ENSG00000135801,TAF5L,neutral,0.986
ENSG00000135823,STX6,neutral,1.0
ENSG00000135824,RGS8,gene-driven,0.993
ENSG00000135828,RNASEL,neutral,1.0
ENSG00000135829,DHX9,neutral,0.992
ENSG00000135838,NPL,gene-driven (relaxed),0.784
ENSG00000135845,PIGC,neutral,1.0
ENSG00000135870,RC3H1,neutral,0.924
ENSG00000135900,MRPL44,neutral,1.0
ENSG00000135902,CHRND,neutral,0.966
ENSG00000135903,PAX3,regulation-driven,0.767
ENSG00000135913,USP37,regulation-driven,0.826
ENSG00000135914,HTR2B,neutral,1.0
ENSG00000135916,ITM2C,neutral,0.989
ENSG00000135925,WNT10A,neutral,1.0
ENSG00000135932,CAB39,neutral,1.0
ENSG00000135940,COX5B,neutral,1.0
ENSG00000135953,MFSD9,neutral,1.0
ENSG00000135956,TMEM127,neutral,1.0
ENSG00000135960,EDAR,neutral,1.0
ENSG00000135966,TGFBRAP1,neutral,0.995
ENSG00000135974,C2orf49,neutral,1.0
ENSG00000136011,,regulation-driven,0.902
ENSG00000136044,APPL2,gene-driven,1.0
ENSG00000136048,DRAM1,gene-driven,1.0
ENSG00000136099,PCDH8,neutral,0.991
ENSG00000136122,BORA,neutral,1.0
ENSG00000136143,SUCLA2,neutral,0.647
ENSG00000136144,RCBTB1,neutral,1.0
ENSG00000136147,PHF11,neutral,1.0
ENSG00000136155,SCEL,neutral,0.592
ENSG00000136158,SPRY2,neutral,1.0
ENSG00000136159,NUDT15,neutral,1.0
ENSG00000136160,EDNRB,neutral,1.0
ENSG00000136161,RCBTB2,neutral,0.621
ENSG00000136169,SETDB2,neutral,1.0
ENSG00000136193,SCRN1,neutral,0.619
ENSG00000136197,C7orf25,gene-driven,1.0
ENSG00000136231,IGF2BP3,regulation-driven,0.771
ENSG00000136235,GPNMB,gene-driven,1.0
ENSG00000136240,KDELR2,neutral,1.0
ENSG00000136267,DGKB,neutral,0.965
ENSG00000136270,TBRG4,gene-driven,0.846
ENSG00000136274,NACAD,neutral,0.992
ENSG00000136286,MYO1G,regulation-driven,0.67
ENSG00000136297,MMD2,neutral,0.974
ENSG00000136327,NKX2-8,neutral,1.0
ENSG00000136352,NKX2-1,gene-driven,1.0
ENSG00000136514,RTP4,neutral,1.0
ENSG00000136518,ACTL6A,neutral,0.997
ENSG00000136522,,neutral,1.0
ENSG00000136542,GALNT5,neutral,0.952
ENSG00000136573,BLK,neutral,0.502
ENSG00000136634,IL10,gene-driven,1.0
ENSG00000136689,IL1RN,neutral,1.0
ENSG00000136697,IL1F10,gene-driven,1.0
ENSG00000136698,CFC1,gene-driven,1.0
ENSG00000136720,HS6ST1,neutral,1.0
ENSG00000136750,GAD2,regulation-driven,0.884
ENSG00000136754,ABI1,neutral,1.0
ENSG00000136770,DNAJC1,neutral,1.0
ENSG00000136802,LRRC8A,neutral,0.947
ENSG00000136813,,gene-driven,0.997
ENSG00000136827,TOR1A,neutral,1.0
ENSG00000136830,NIBAN2,neutral,0.998
ENSG00000136856,SLC2A8,gene-driven,1.0
ENSG00000136859,ANGPTL2,neutral,1.0
ENSG00000136866,ZFP37,gene-driven,1.0
ENSG00000136869,TLR4,neutral,1.0
ENSG00000136870,ZNF189,gene-driven (relaxed),1.0
ENSG00000136872,ALDOB,neutral,0.546
ENSG00000136875,PRPF4,neutral,1.0
ENSG00000136881,BAAT,gene-driven,0.998
ENSG00000136897,MRPL50,neutral,1.0
ENSG00000136908,DPM2,neutral,1.0
ENSG00000136918,WDR38,neutral,1.0
ENSG00000136929,HEMGN,neutral,1.0
ENSG00000136932,TRMO,gene-driven,1.0
ENSG00000136935,GOLGA1,neutral,1.0
ENSG00000136936,XPA,neutral,1.0
ENSG00000136938,ANP32B,neutral,1.0
ENSG00000136942,RPL35,gene-driven,1.0
ENSG00000136943,CTSV,neutral,0.984
ENSG00000136944,LMX1B,neutral,0.983
ENSG00000136950,ARPC5L,gene-driven,1.0
ENSG00000136982,DSCC1,neutral,1.0
ENSG00000136986,DERL1,neutral,1.0
ENSG00000136997,MYC,neutral,0.999
ENSG00000136999,CCN3,neutral,1.0
ENSG00000137033,IL33,neutral,1.0
ENSG00000137055,PLAA,neutral,0.996
ENSG00000137070,IL11RA,gene-driven,1.0
ENSG00000137074,APTX,gene-driven,1.0
ENSG00000137075,RNF38,gene-driven,1.0
ENSG00000137076,,regulation-driven,0.778
ENSG00000137077,CCL21,gene-driven,1.0
ENSG00000137078,SIT1,neutral,1.0
ENSG00000137103,TMEM8B,neutral,0.999
ENSG00000137106,GRHPR,neutral,1.0
ENSG00000137124,ALDH1B1,neutral,1.0
ENSG00000137133,HINT2,neutral,1.0
ENSG00000137135,ARHGEF39,gene-driven,1.0
ENSG00000137161,CNPY3,neutral,1.0
ENSG00000137166,FOXP4,neutral,0.812
ENSG00000137168,PPIL1,neutral,1.0
ENSG00000137193,PIM1,neutral,1.0
ENSG00000137198,GMPR,neutral,1.0
ENSG00000137200,CMTR1,neutral,0.593
ENSG00000137203,TFAP2A,neutral,0.975
ENSG00000137207,YIPF3,gene-driven,1.0
ENSG00000137216,TMEM63B,regulation-driven,0.594
ENSG00000137251,TINAG,gene-driven,0.97
ENSG00000137252,HCRTR2,neutral,0.813
ENSG00000137261,KIAA0319,gene-driven,0.996
ENSG00000137269,LRRC1,neutral,0.989
ENSG00000137270,GCM1,neutral,1.0
ENSG00000137273,FOXF2,neutral,0.97
ENSG00000137275,RIPK1,neutral,1.0
ENSG00000137309,HMGA1,gene-driven,1.0
ENSG00000137310,TCF19,gene-driven,0.995
ENSG00000137338,PGBD1,neutral,1.0
ENSG00000137364,TPMT,neutral,1.0
ENSG00000137392,CLPS,neutral,1.0
ENSG00000137393,RNF144B,neutral,1.0
ENSG00000137411,VARS2,gene-driven,1.0
ENSG00000137414,FAM8A1,neutral,1.0
ENSG00000137434,C6orf52,gene-driven,1.0
ENSG00000137460,FHDC1,neutral,1.0
ENSG00000137473,TTC29,neutral,0.804
ENSG00000137494,ANKRD42,gene-driven,1.0
ENSG00000137496,IL18BP,neutral,1.0
ENSG00000137507,LRRC32,neutral,1.0
ENSG00000137547,MRPL15,neutral,0.995
ENSG00000137558,PI15,neutral,0.771
ENSG00000137561,TTPA,neutral,1.0
ENSG00000137563,GGH,gene-driven,0.991
ENSG00000137571,SLCO5A1,regulation-driven,0.829
ENSG00000137574,TGS1,neutral,1.0
ENSG00000137628,DDX60,gene-driven,0.994
ENSG00000137672,TRPC6,regulation-driven,0.951
ENSG00000137673,MMP7,neutral,1.0
ENSG00000137674,MMP20,neutral,1.0
ENSG00000137675,MMP27,neutral,1.0
ENSG00000137700,SLC37A4,gene-driven,1.0
ENSG00000137720,CFAP68,neutral,1.0
ENSG00000137726,FXYD6,neutral,1.0
ENSG00000137727,ARHGAP20,gene-driven,1.0
ENSG00000137745,MMP13,neutral,0.993
ENSG00000137760,ALKBH8,neutral,0.536
ENSG00000137767,SQOR,neutral,1.0
ENSG00000137801,THBS1,regulation-driven,0.689
ENSG00000137807,KIF23,regulation-driven,0.917
ENSG00000137814,HAUS2,neutral,1.0
ENSG00000137818,RPLP1,neutral,1.0
ENSG00000137819,PAQR5,neutral,0.897
ENSG00000137824,RMDN3,gene-driven,1.0
ENSG00000137825,ITPKA,neutral,1.0
ENSG00000137834,SMAD6,neutral,1.0
ENSG00000137880,GCHFR,neutral,1.0
ENSG00000137941,TTLL7,regulation-driven,0.535
ENSG00000137947,GTF2B,neutral,0.583
ENSG00000137960,GIPC2,neutral,1.0
ENSG00000137962,ARHGAP29,gene-driven,0.782
ENSG00000137968,SLC44A5,neutral,0.921
ENSG00000137976,DNASE2B,neutral,1.0
ENSG00000137992,DBT,neutral,1.0
ENSG00000137996,RTCA,neutral,1.0
ENSG00000138032,PPM1B,neutral,0.621
ENSG00000138039,LHCGR,neutral,0.739
ENSG00000138050,THUMPD2,gene-driven,1.0
ENSG00000138061,CYP1B1,neutral,1.0
ENSG00000138071,ACTR2,gene-driven,0.997
ENSG00000138074,SLC5A6,gene-driven,0.996
ENSG00000138075,ABCG5,neutral,0.991
ENSG00000138079,SLC3A1,regulation-driven,0.517
ENSG00000138081,FBXO11,neutral,1.0
ENSG00000138092,CENPO,neutral,1.0
ENSG00000138100,TRIM54,regulation-driven,0.978
ENSG00000138107,ACTR1A,neutral,0.999
ENSG00000138115,CYP2C8,neutral,0.873
ENSG00000138131,LOXL4,neutral,0.998
ENSG00000138134,STAMBPL1,regulation-driven,0.557
ENSG00000138152,BTBD16,neutral,1.0
ENSG00000138160,KIF11,neutral,0.967
ENSG00000138161,CUZD1,gene-driven,0.989
ENSG00000138166,DUSP5,neutral,1.0
ENSG00000138172,CALHM2,neutral,1.0
ENSG00000138175,ARL3,neutral,1.0
ENSG00000138190,EXOC6,regulation-driven,0.838
ENSG00000138207,RBP4,neutral,0.921
ENSG00000138271,GPR87,neutral,1.0
ENSG00000138308,PLA2G12B,neutral,1.0
ENSG00000138311,ZNF365,neutral,1.0
ENSG00000138315,OIT3,neutral,0.8
ENSG00000138316,ADAMTS14,regulation-driven,0.786
ENSG00000138336,TET1,neutral,0.977
ENSG00000138376,BARD1,neutral,0.996
ENSG00000138379,MSTN,neutral,1.0
ENSG00000138380,CARF,neutral,1.0
ENSG00000138395,CDK15,gene-driven,0.921
ENSG00000138399,FASTKD1,neutral,1.0
ENSG00000138400,MDH1B,gene-driven,1.0
ENSG00000138435,CHRNA1,gene-driven,0.986
ENSG00000138439,FAM117B,neutral,1.0
ENSG00000138442,WDR12,neutral,1.0
ENSG00000138463,SLC49A4,neutral,1.0
ENSG00000138472,GUCA1C,gene-driven,1.0
ENSG00000138587,MNS1,neutral,1.0
ENSG00000138604,GLCE,gene-driven,0.603
ENSG00000138606,SHF,neutral,1.0
ENSG00000138615,CILP,neutral,0.998
ENSG00000138622,HCN4,neutral,0.893
ENSG00000138623,SEMA7A,neutral,1.0
ENSG00000138639,ARHGAP24,neutral,0.915
ENSG00000138646,HERC5,neutral,1.0
ENSG00000138650,PCDH10,regulation-driven,0.733
ENSG00000138653,NDST4,neutral,0.868
ENSG00000138668,HNRNPD,gene-driven,1.0
ENSG00000138669,PRKG2,neutral,0.998
ENSG00000138674,SEC31A,gene-driven,0.919
ENSG00000138675,FGF5,gene-driven,1.0
ENSG00000138678,GPAT3,gene-driven,0.528
ENSG00000138684,IL21,neutral,1.0
ENSG00000138685,FGF2,neutral,1.0
ENSG00000138686,BBS7,neutral,0.747
ENSG00000138696,BMPR1B,neutral,0.972
ENSG00000138698,RAP1GDS1,regulation-driven,0.821
ENSG00000138709,,neutral,1.0
ENSG00000138722,MMRN1,neutral,1.0
ENSG00000138741,TRPC3,neutral,1.0
ENSG00000138755,CXCL9,neutral,1.0
ENSG00000138756,BMP2K,neutral,0.903
ENSG00000138758,SEPTIN11,neutral,0.987
ENSG00000138767,CNOT6L,neutral,1.0
ENSG00000138769,CDKL2,neutral,0.999
ENSG00000138792,ENPEP,regulation-driven,1.0
ENSG00000138798,,neutral,0.539
ENSG00000138801,PAPSS1,neutral,0.998
ENSG00000138813,C4orf17,neutral,1.0
ENSG00000138814,PPP3CA,neutral,0.925
ENSG00000138821,SLC39A8,gene-driven,1.0
ENSG00000138834,MAPK8IP3,gene-driven,1.0
ENSG00000139053,PDE6H,neutral,1.0
ENSG00000139055,ERP27,neutral,1.0
ENSG00000139131,YARS2,gene-driven,1.0
ENSG00000139133,ALG10,neutral,1.0
ENSG00000139151,PLCZ1,gene-driven,1.0
ENSG00000139154,AEBP2,gene-driven,1.0
ENSG00000139155,SLCO1C1,gene-driven,1.0
ENSG00000139160,ETFBKMT,gene-driven,1.0
ENSG00000139163,ETNK1,gene-driven,1.0
ENSG00000139168,ZCRB1,gene-driven,0.947
ENSG00000139174,PRICKLE1,neutral,0.653
ENSG00000139190,VAMP1,gene-driven,1.0
ENSG00000139192,TAPBPL,neutral,1.0
ENSG00000139197,PEX5,regulation-driven,0.538
ENSG00000139200,PIANP,neutral,1.0
ENSG00000139209,SLC38A4,neutral,0.958
ENSG00000139211,AMIGO2,neutral,1.0
ENSG00000139233,LLPH,gene-driven,1.0
ENSG00000139266,MARCHF9,gene-driven,1.0
ENSG00000139269,INHBE,neutral,1.0
ENSG00000139292,LGR5,regulation-driven,0.607
ENSG00000139318,DUSP6,gene-driven,0.993
ENSG00000139323,POC1B,gene-driven,0.695
ENSG00000139324,TMTC3,gene-driven,1.0
ENSG00000139329,LUM,neutral,1.0
ENSG00000139330,KERA,neutral,1.0
ENSG00000139350,NEDD1,neutral,1.0
ENSG00000139351,SYCP3,gene-driven,1.0
ENSG00000139352,ASCL1,neutral,1.0
ENSG00000139364,TMEM132B,regulation-driven,0.917
ENSG00000139370,SLC15A4,gene-driven,0.795
ENSG00000139405,RITA1,gene-driven,1.0
ENSG00000139410,SDSL,neutral,1.0
ENSG00000139428,MMAB,gene-driven,1.0
ENSG00000139437,TCHP,neutral,1.0
ENSG00000139496,NUP58,gene-driven,1.0
ENSG00000139505,MTMR6,neutral,0.892
ENSG00000139508,SLC46A3,neutral,1.0
ENSG00000139515,PDX1,neutral,0.728
ENSG00000139517,LNX2,neutral,0.974
ENSG00000139549,DHH,neutral,1.0
ENSG00000139567,ACVRL1,gene-driven,1.0
ENSG00000139579,NABP2,gene-driven,1.0
ENSG00000139597,N4BP2L1,gene-driven,1.0
ENSG00000139610,CELA1,gene-driven,1.0
ENSG00000139636,LMBR1L,gene-driven,1.0
ENSG00000139644,TMBIM6,gene-driven,1.0
ENSG00000139645,ANKRD52,neutral,0.941
ENSG00000139651,ZNF740,neutral,1.0
ENSG00000139668,WDFY2,neutral,0.856
ENSG00000139697,SBNO1,gene-driven,1.0
ENSG00000139718,SETD1B,neutral,0.966
ENSG00000139726,DENR,neutral,1.0
ENSG00000139746,RBM26,neutral,0.664
ENSG00000139780,METTL21C,neutral,1.0
ENSG00000139797,RNF113B,neutral,1.0
ENSG00000139835,GRTP1,neutral,1.0
ENSG00000139842,CUL4A,gene-driven,1.0
ENSG00000139865,TTC6,neutral,1.0
ENSG00000139880,CDH24,neutral,0.791
ENSG00000139890,REM2,neutral,1.0
ENSG00000139908,TSSK4,gene-driven,1.0
ENSG00000139910,NOVA1,gene-driven,1.0
ENSG00000139914,FITM1,gene-driven,1.0
ENSG00000139970,RTN1,neutral,0.811
ENSG00000139973,SYT16,gene-driven,0.984
ENSG00000139988,RDH12,neutral,1.0
ENSG00000139990,DCAF5,neutral,0.87
ENSG00000140009,ESR2,regulation-driven,0.589
ENSG00000140015,KCNH5,neutral,0.997
ENSG00000140025,EFCAB11,regulation-driven,0.58
ENSG00000140043,PTGR2,neutral,1.0
ENSG00000140093,SERPINA10,neutral,0.996
ENSG00000140107,SLC25A47,neutral,1.0
ENSG00000140254,DUOXA1,gene-driven,0.993
ENSG00000140259,MFAP1,neutral,1.0
ENSG00000140265,ZSCAN29,gene-driven,1.0
ENSG00000140274,DUOXA2,neutral,1.0
ENSG00000140280,LYSMD2,neutral,1.0
ENSG00000140284,SLC27A2,neutral,0.954
ENSG00000140320,BAHD1,neutral,1.0
ENSG00000140323,DISP2,neutral,0.993
ENSG00000140326,CDAN1,neutral,1.0
ENSG00000140451,PIF1,neutral,1.0
ENSG00000140465,CYP1A1,neutral,1.0
ENSG00000140474,ULK3,neutral,1.0
ENSG00000140488,CELF6,neutral,0.993
ENSG00000140497,SCAMP2,gene-driven,0.743
ENSG00000140506,LMAN1L,neutral,1.0
ENSG00000140527,WDR93,gene-driven,0.655
ENSG00000140545,MFGE8,neutral,1.0
ENSG00000140564,FURIN,neutral,1.0
ENSG00000140575,,neutral,1.0
ENSG00000140986,RPL3L,neutral,0.969
ENSG00000140987,ZSCAN32,neutral,1.0
ENSG00000140993,TIGD7,neutral,1.0
ENSG00000141068,KSR1,gene-driven,1.0
ENSG00000141127,PRPSAP2,neutral,0.853
ENSG00000141161,UNC45B,neutral,1.0
ENSG00000141314,RHBDL3,gene-driven,1.0
ENSG00000141316,SPACA3,gene-driven,1.0
ENSG00000142208,AKT1,neutral,1.0
ENSG00000142224,IL19,gene-driven,1.0
ENSG00000142319,SLC6A3,neutral,0.966
ENSG00000142606,MMEL1,neutral,0.592
ENSG00000142611,PRDM16,regulation-driven,1.0
ENSG00000142619,PADI3,neutral,1.0
ENSG00000142623,PADI1,neutral,1.0
ENSG00000142627,EPHA2,neutral,0.912
ENSG00000142655,PEX14,gene-driven,0.559
ENSG00000142677,IL22RA1,neutral,1.0
ENSG00000142694,EVA1B,neutral,1.0
ENSG00000142698,C1orf94,neutral,0.839
ENSG00000142700,DMRTA2,neutral,1.0
ENSG00000142748,FCN3,neutral,1.0
ENSG00000142751,GPN2,neutral,1.0
ENSG00000142784,WDTC1,gene-driven,1.0
ENSG00000142789,CELA3A,gene-driven,0.972
ENSG00000142856,ITGB3BP,gene-driven,0.995
ENSG00000142864,SERBP1,neutral,1.0
ENSG00000142867,BCL10,gene-driven,1.0
ENSG00000142871,CCN1,neutral,1.0
ENSG00000142910,TINAGL1,neutral,0.966
ENSG00000142920,AZIN2,neutral,0.966
ENSG00000142937,RPS8,gene-driven,1.0
ENSG00000142945,KIF2C,neutral,0.784
ENSG00000142959,BEST4,neutral,1.0
ENSG00000142961,MOB3C,neutral,1.0
ENSG00000143001,TMEM61,neutral,1.0
ENSG00000143006,DMRTB1,neutral,1.0
ENSG00000143013,LMO4,neutral,1.0
ENSG00000143028,SYPL2,neutral,1.0
ENSG00000143032,BARHL2,neutral,1.0
ENSG00000143033,MTF2,gene-driven,1.0
ENSG00000143093,STRIP1,neutral,0.99
ENSG00000143106,PSMA5,neutral,1.0
ENSG00000143110,C1orf162,gene-driven,1.0
ENSG00000143119,CD53,neutral,0.909
ENSG00000143125,PROK1,gene-driven,1.0
ENSG00000143147,GPR161,regulation-driven,0.887
ENSG00000143149,ALDH9A1,neutral,1.0
ENSG00000143153,ATP1B1,neutral,1.0
ENSG00000143155,TIPRL,neutral,1.0
ENSG00000143156,NME7,gene-driven (relaxed),0.5
ENSG00000143158,MPC2,gene-driven,1.0
ENSG00000143162,CREG1,gene-driven,1.0
ENSG00000143171,RXRG,regulation-driven,0.548
ENSG00000143179,UCK2,gene-driven (relaxed),0.897
ENSG00000143185,XCL2,neutral,1.0
ENSG00000143194,MAEL,neutral,0.654
ENSG00000143196,DPT,neutral,1.0
ENSG00000143198,MGST3,neutral,1.0
ENSG00000143217,NECTIN4,neutral,0.959
ENSG00000143222,UFC1,neutral,1.0
ENSG00000143256,PFDN2,neutral,1.0
ENSG00000143257,NR1I3,neutral,0.792
ENSG00000143278,F13B,gene-driven,0.997
ENSG00000143297,FCRL5,neutral,0.643
ENSG00000143318,CASQ1,gene-driven,0.907
ENSG00000143319,ISG20L2,neutral,1.0
ENSG00000143321,HDGF,gene-driven (relaxed),0.998
ENSG00000143324,XPR1,neutral,0.991
ENSG00000143340,FAM163A,neutral,1.0
ENSG00000143344,RGL1,regulation-driven,1.0
ENSG00000143353,LYPLAL1,neutral,1.0
ENSG00000143367,TUFT1,neutral,1.0
ENSG00000143374,TARS2,neutral,1.0
ENSG00000143376,SNX27,gene-driven (relaxed),0.999
ENSG00000143384,MCL1,gene-driven (relaxed),0.987
ENSG00000143412,ANXA9,neutral,1.0
ENSG00000143420,ENSA,neutral,1.0
ENSG00000143437,ARNT,neutral,0.933
ENSG00000143443,C1orf56,neutral,1.0
ENSG00000143452,HORMAD1,neutral,0.555
ENSG00000143458,GABPB2,neutral,1.0
ENSG00000143473,,neutral,0.998
ENSG00000143476,DTL,neutral,0.857
ENSG00000143494,VASH2,neutral,0.733
ENSG00000143507,DUSP10,neutral,1.0
ENSG00000143515,ATP8B2,neutral,0.611
ENSG00000143537,,gene-driven,1.0
ENSG00000143543,JTB,gene-driven,1.0
ENSG00000143545,RAB13,neutral,1.0
ENSG00000143546,S100A8,neutral,1.0
ENSG00000143553,SNAPIN,neutral,1.0
ENSG00000143590,EFNA3,neutral,1.0
ENSG00000143595,AQP10,neutral,1.0
ENSG00000143603,KCNN3,neutral,0.565
ENSG00000143612,C1orf43,neutral,1.0
ENSG00000143627,PKLR,gene-driven,1.0
ENSG00000143630,HCN3,neutral,1.0
ENSG00000143633,C1orf131,neutral,1.0
ENSG00000143641,GALNT2,neutral,0.663
ENSG00000143653,SCCPDH,neutral,0.989
ENSG00000143674,MAP3K21,gene-driven,0.675
ENSG00000143748,NVL,neutral,0.998
ENSG00000143751,SDE2,neutral,1.0
ENSG00000143756,FBXO28,neutral,1.0
ENSG00000143761,ARF1,gene-driven,1.0
ENSG00000143771,CNIH4,neutral,1.0
ENSG00000143772,ITPKB,neutral,0.999
ENSG00000143774,GUK1,gene-driven,0.985
ENSG00000143786,CNIH3,neutral,0.853
ENSG00000143799,PARP1,neutral,1.0
ENSG00000143815,LBR,neutral,0.998
ENSG00000143816,WNT9A,neutral,1.0
ENSG00000143819,EPHX1,regulation-driven,0.995
ENSG00000143839,REN,neutral,1.0
ENSG00000143858,SYT2,neutral,0.991
ENSG00000143862,ARL8A,neutral,1.0
ENSG00000143867,OSR1,neutral,1.0
ENSG00000143869,GDF7,neutral,1.0
ENSG00000143882,ATP6V1C2,regulation-driven,1.0
ENSG00000143889,HNRNPLL,gene-driven,0.702
ENSG00000143891,GALM,neutral,1.0
ENSG00000143924,EML4,regulation-driven,1.0
ENSG00000143942,CHAC2,neutral,1.0
ENSG00000143971,ETAA1,neutral,1.0
ENSG00000143994,ABHD1,neutral,1.0
ENSG00000143995,MEIS1,neutral,0.926
ENSG00000144021,CIAO1,neutral,1.0
ENSG00000144029,MRPS5,neutral,1.0
ENSG00000144031,ANKRD53,neutral,1.0
ENSG00000144034,TPRKB,neutral,1.0
ENSG00000144036,EXOC6B,neutral,0.618
ENSG00000144043,TEX261,neutral,1.0
ENSG00000144045,DQX1,neutral,0.921
ENSG00000144048,DUSP11,gene-driven,1.0
ENSG00000144057,ST6GAL2,gene-driven,0.994
ENSG00000144063,MALL,neutral,1.0
ENSG00000144120,TMEM177,neutral,1.0
ENSG00000144152,FBLN7,neutral,1.0
ENSG00000144161,ZC3H8,neutral,1.0
ENSG00000144191,CNGA3,regulation-driven,0.645
ENSG00000144214,LYG1,gene-driven,1.0
ENSG00000144227,NXPH2,neutral,0.999
ENSG00000144228,SPOPL,gene-driven,0.992
ENSG00000144229,THSD7B,neutral,0.739
ENSG00000144233,AMMECR1L,neutral,0.8
ENSG00000144278,GALNT13,regulation-driven,0.982
ENSG00000144320,LNPK,regulation-driven,0.753
ENSG00000144331,ZNF385B,neutral,0.865
ENSG00000144339,TMEFF2,regulation-driven,1.0
ENSG00000144354,CDCA7,neutral,0.93
ENSG00000144357,UBR3,neutral,0.872
ENSG00000144369,FAM171B,neutral,0.616
ENSG00000144401,METTL21A,gene-driven,1.0
ENSG00000144410,CPO,neutral,1.0
ENSG00000144445,KANSL1L,gene-driven,0.67
ENSG00000144451,SPAG16,neutral,0.759
ENSG00000144452,ABCA12,regulation-driven,0.922
ENSG00000144455,SUMF1,neutral,1.0
ENSG00000144481,TRPM8,gene-driven,1.0
ENSG00000144535,DIS3L2,neutral,1.0
ENSG00000144550,CPNE9,gene-driven (relaxed),0.906
ENSG00000144560,VGLL4,neutral,1.0
ENSG00000144583,MARCHF4,neutral,1.0
ENSG00000144597,EAF1,neutral,1.0
ENSG00000144619,CNTN4,dual-driven,0.639
ENSG00000144642,RBMS3,regulation-driven,0.741
ENSG00000144644,GADL1,neutral,0.937
ENSG00000144647,POMGNT2,neutral,1.0
ENSG00000144655,CSRNP1,gene-driven,1.0
ENSG00000144677,CTDSPL,neutral,0.996
ENSG00000144681,STAC,neutral,1.0
ENSG00000144712,CAND2,regulation-driven,0.834
ENSG00000144724,PTPRG,regulation-driven,0.766
ENSG00000144744,UBA3,gene-driven,1.0
ENSG00000144746,ARL6IP5,neutral,1.0
ENSG00000144747,TMF1,neutral,0.703
ENSG00000144771,LRTM1,neutral,1.0
ENSG00000144791,LIMD1,gene-driven,0.938
ENSG00000144810,COL8A1,gene-driven,1.0
ENSG00000144820,ADGRG7,neutral,0.894
ENSG00000144821,MYH15,neutral,0.774
ENSG00000144827,ABHD10,neutral,1.0
ENSG00000144837,PLA1A,neutral,0.998
ENSG00000144847,IGSF11,neutral,0.964
ENSG00000144848,ATG3,neutral,1.0
ENSG00000144891,AGTR1,gene-driven,1.0
ENSG00000145014,TMEM44,gene-driven,1.0
ENSG00000145029,NICN1,neutral,1.0
ENSG00000145041,DCAF1,regulation-driven,0.975
ENSG00000145192,AHSG,neutral,1.0
ENSG00000145194,ECE2,neutral,0.811
ENSG00000145198,VWA5B2,neutral,1.0
ENSG00000145220,LYAR,neutral,1.0
ENSG00000145241,CENPC,gene-driven,1.0
ENSG00000145248,SLC10A4,neutral,1.0
ENSG00000145283,SLC10A6,neutral,1.0
ENSG00000145284,SCD5,neutral,0.851
ENSG00000145287,PLAC8,neutral,1.0
ENSG00000145293,ENOPH1,neutral,1.0
ENSG00000145332,KLHL8,neutral,0.661
ENSG00000145354,CISD2,neutral,1.0
ENSG00000145358,DDIT4L,neutral,0.873
ENSG00000145384,FABP2,neutral,1.0
ENSG00000145386,CCNA2,neutral,1.0
ENSG00000145390,USP53,regulation-driven,1.0
ENSG00000145391,SETD7,neutral,1.0
ENSG00000145414,NAF1,neutral,1.0
ENSG00000145416,MARCHF1,neutral,0.912
ENSG00000145423,SFRP2,neutral,1.0
ENSG00000145428,RNF175,gene-driven,1.0
ENSG00000145439,CBR4,neutral,1.0
ENSG00000145451,GLRA3,regulation-driven,1.0
ENSG00000145476,CYP4V2,neutral,1.0
ENSG00000145494,NDUFS6,neutral,1.0
ENSG00000145506,NKD2,neutral,0.996
ENSG00000145526,CDH18,gene-driven,0.996
ENSG00000145536,ADAMTS16,regulation-driven,1.0
ENSG00000145545,SRD5A1,gene-driven,1.0
ENSG00000145569,OTULINL,neutral,1.0
ENSG00000145604,SKP2,gene-driven,1.0
ENSG00000145632,PLK2,gene-driven,1.0
ENSG00000145642,SHISAL2B,gene-driven,1.0
ENSG00000145649,GZMA,gene-driven,1.0
ENSG00000145685,LHFPL2,gene-driven,1.0
ENSG00000145692,BHMT,regulation-driven,0.897
ENSG00000145700,ANKRD31,gene-driven,1.0
ENSG00000145708,CRHBP,gene-driven,0.999
ENSG00000145723,GIN1,neutral,1.0
ENSG00000145736,GTF2H2,neutral,1.0
ENSG00000145757,SPATA9,gene-driven,1.0
ENSG00000145780,FEM1C,neutral,1.0
ENSG00000145781,COMMD10,neutral,1.0
ENSG00000145794,MEGF10,neutral,1.0
ENSG00000145824,CXCL14,neutral,1.0
ENSG00000145826,LECT2,gene-driven,0.906
ENSG00000145832,SLC25A48,regulation-driven,0.745
ENSG00000145839,IL9,neutral,1.0
ENSG00000145850,TIMD4,neutral,1.0
ENSG00000145860,RNF145,regulation-driven,1.0
ENSG00000145861,C1QTNF2,gene-driven,0.89
ENSG00000145863,GABRA6,neutral,0.716
ENSG00000145868,FBXO38,neutral,0.803
ENSG00000145879,SPINK7,gene-driven,1.0
ENSG00000145882,PCYOX1L,neutral,1.0
ENSG00000145888,GLRA1,gene-driven,0.606
ENSG00000145901,TNIP1,neutral,0.771
ENSG00000145908,ZNF300,gene-driven,1.0
ENSG00000145911,N4BP3,neutral,1.0
ENSG00000145936,KCNMB1,neutral,1.0
ENSG00000145949,MYLK4,neutral,0.797
ENSG00000145990,GFOD1,neutral,1.0
ENSG00000145996,CDKAL1,regulation-driven,0.882
ENSG00000146007,ZMAT2,gene-driven,1.0
ENSG00000146013,GFRA3,gene-driven,0.676
ENSG00000146039,SLC17A4,neutral,1.0
ENSG00000146047,H2BC1,neutral,1.0
ENSG00000146054,TRIM7,neutral,1.0
ENSG00000146066,HIGD2A,neutral,1.0
ENSG00000146070,PLA2G7,neutral,1.0
ENSG00000146072,TNFRSF21,neutral,0.989
ENSG00000146085,MMUT,neutral,0.993
ENSG00000146090,RASGEF1C,neutral,0.601
ENSG00000146094,DOK3,gene-driven,1.0
ENSG00000146109,ABT1,neutral,1.0
ENSG00000146112,PPP1R18,neutral,1.0
ENSG00000146122,DAAM2,regulation-driven,0.818
ENSG00000146151,HMGCLL1,neutral,0.931
ENSG00000146192,FGD2,neutral,1.0
ENSG00000146197,SCUBE3,regulation-driven,0.887
ENSG00000146205,ANO7,neutral,0.855
ENSG00000146216,TTBK1,regulation-driven,0.865
ENSG00000146221,TCTE1,neutral,1.0
ENSG00000146232,NFKBIE,neutral,1.0
ENSG00000146233,CYP39A1,neutral,1.0
ENSG00000146263,MMS22L,neutral,1.0
ENSG00000146267,FAXC,neutral,1.0
ENSG00000146282,,gene-driven,1.0
ENSG00000146352,CLVS2,neutral,1.0
ENSG00000146373,RNF217,gene-driven,1.0
ENSG00000146374,RSPO3,neutral,1.0
ENSG00000146376,ARHGAP18,neutral,0.983
ENSG00000146386,ABRACL,neutral,1.0
ENSG00000146411,SLC2A12,neutral,0.998
ENSG00000146433,TMEM181,neutral,1.0
ENSG00000146453,PNLDC1,neutral,0.923
ENSG00000146457,WTAP,neutral,1.0
ENSG00000146476,ARMT1,neutral,1.0
ENSG00000146477,SLC22A3,neutral,1.0
ENSG00000146535,GNA12,neutral,0.996
ENSG00000146574,CCZ1B,gene-driven,0.934
ENSG00000146587,RBAK,neutral,1.0
ENSG00000146674,IGFBP3,gene-driven,0.996
ENSG00000146700,SSC4D,neutral,1.0
ENSG00000146701,MDH2,neutral,1.0
ENSG00000146731,CCT6A,neutral,1.0
ENSG00000146755,TRIM50,gene-driven,1.0
ENSG00000146828,SLC12A9,neutral,0.961
ENSG00000146830,GIGYF1,gene-driven,1.0
ENSG00000146834,MEPCE,neutral,1.0
ENSG00000146842,TMEM209,neutral,1.0
ENSG00000146857,STRA8,neutral,0.646
ENSG00000146858,ZC3HAV1L,neutral,1.0
ENSG00000146904,EPHA1,neutral,0.997
ENSG00000146910,CNPY1,regulation-driven,0.595
ENSG00000146926,ASB10,neutral,0.647
ENSG00000146955,RAB19,gene-driven,1.0
ENSG00000146963,LUC7L2,gene-driven,1.0
ENSG00000147324,MFHAS1,neutral,0.943
ENSG00000147416,ATP6V1B2,gene-driven,1.0
ENSG00000147419,CCDC25,neutral,1.0
ENSG00000147434,CHRNA6,neutral,0.999
ENSG00000147439,BIN3,gene-driven,0.746
ENSG00000147443,DOK2,neutral,1.0
ENSG00000147454,SLC25A37,neutral,1.0
ENSG00000147475,ERLIN2,gene-driven,0.982
ENSG00000147509,RGS20,regulation-driven,0.923
ENSG00000147533,GOLGA7,gene-driven,0.973
ENSG00000147536,GINS4,gene-driven,0.993
ENSG00000147571,CRH,neutral,1.0
ENSG00000147573,TRIM55,regulation-driven,0.692
ENSG00000147576,ADHFE1,neutral,0.98
ENSG00000147588,PMP2,neutral,0.996
ENSG00000147592,LACTB2,neutral,1.0
ENSG00000147613,PSKH2,neutral,1.0
ENSG00000147647,DPYS,neutral,0.813
ENSG00000147655,RSPO2,gene-driven,0.707
ENSG00000147676,MAL2,neutral,1.0
ENSG00000147684,NDUFB9,neutral,1.0
ENSG00000147689,FAM83A,gene-driven,1.0
ENSG00000147789,ZNF7,gene-driven,1.0
ENSG00000147799,ARHGAP39,regulation-driven,0.757
ENSG00000147853,AK3,neutral,1.0
ENSG00000147869,CER1,neutral,1.0
ENSG00000147894,C9orf72,neutral,0.737
ENSG00000147905,ZCCHC7,neutral,1.0
ENSG00000147912,FBXO10,neutral,0.897
ENSG00000147955,SIGMAR1,gene-driven,1.0
ENSG00000148019,,neutral,0.931
ENSG00000148082,SHC3,neutral,0.999
ENSG00000148090,AUH,neutral,1.0
ENSG00000148110,MFSD14B,neutral,1.0
ENSG00000148123,PLPPR1,neutral,0.914
ENSG00000148153,INIP,gene-driven,1.0
ENSG00000148154,UGCG,neutral,1.0
ENSG00000148175,STOM,neutral,1.0
ENSG00000148187,MRRF,gene-driven,1.0
ENSG00000148204,CRB2,neutral,0.751
ENSG00000148218,ALAD,gene-driven,1.0
ENSG00000148225,,neutral,1.0
ENSG00000148229,POLE3,neutral,1.0
ENSG00000148248,SURF4,neutral,0.999
ENSG00000148290,SURF1,gene-driven,1.0
ENSG00000148291,SURF2,neutral,1.0
ENSG00000148296,SURF6,neutral,1.0
ENSG00000148308,GTF3C5,neutral,0.912
ENSG00000148331,ASB6,neutral,1.0
ENSG00000148341,SH3GLB2,gene-driven,0.844
ENSG00000148344,PTGES,neutral,1.0
ENSG00000148346,LCN2,gene-driven,1.0
ENSG00000148384,INPP5E,neutral,1.0
ENSG00000148411,NACC2,neutral,1.0
ENSG00000148426,PROSER2,neutral,1.0
ENSG00000148429,USP6NL,neutral,0.74
ENSG00000148482,SLC39A12,neutral,1.0
ENSG00000148484,RSU1,neutral,0.964
ENSG00000148541,FAM13C,gene-driven,1.0
ENSG00000148584,A1CF,regulation-driven,0.98
ENSG00000148602,LRIT1,neutral,0.946
ENSG00000148655,LRMDA,neutral,0.623
ENSG00000148677,ANKRD1,neutral,1.0
ENSG00000148680,HTR7,neutral,0.957
ENSG00000148690,FRA10AC1,gene-driven,0.971
ENSG00000148700,ADD3,regulation-driven,0.799
ENSG00000148702,HABP2,neutral,0.669
ENSG00000148704,VAX1,neutral,1.0
ENSG00000148730,EIF4EBP2,neutral,1.0
ENSG00000148734,NPFFR1,neutral,1.0
ENSG00000148795,CYP17A1,neutral,0.84
ENSG00000148798,INA,neutral,1.0
ENSG00000148803,FUOM,neutral,1.0
ENSG00000148832,PAOX,neutral,0.886
ENSG00000148835,TAF5,neutral,0.813
ENSG00000148842,CNNM2,regulation-driven,0.562
ENSG00000148848,ADAM12,regulation-driven,0.618
ENSG00000148908,RGS10,neutral,1.0
ENSG00000148926,ADM,neutral,1.0
ENSG00000148943,LIN7C,neutral,1.0
ENSG00000148965,SAA4,neutral,1.0
ENSG00000148985,PGAP2,neutral,0.983
ENSG00000149021,SCGB1A1,gene-driven,1.0
ENSG00000149050,ZNF214,neutral,1.0
ENSG00000149089,APIP,neutral,1.0
ENSG00000149091,,gene-driven,1.0
ENSG00000149136,SSRP1,gene-driven,1.0
ENSG00000149196,HIKESHI,neutral,1.0
ENSG00000149218,ENDOD1,neutral,1.0
ENSG00000149243,KLHL35,neutral,1.0
ENSG00000149260,CAPN5,neutral,0.612
ENSG00000149289,ZC3H12C,neutral,0.594
ENSG00000149300,C11orf52,neutral,1.0
ENSG00000149313,AASDHPPT,neutral,1.0
ENSG00000149380,P4HA3,neutral,1.0
ENSG00000149403,GRIK4,regulation-driven,0.974
ENSG00000149418,ST14,neutral,0.999
ENSG00000149452,SLC22A8,neutral,1.0
ENSG00000149476,TKFC,gene-driven,0.996
ENSG00000149483,TMEM138,neutral,1.0
ENSG00000149485,FADS1,neutral,0.992
ENSG00000149503,INCENP,neutral,1.0
ENSG00000149516,MS4A3,neutral,1.0
ENSG00000149548,CCDC15,neutral,0.985
ENSG00000149571,KIRREL3,gene-driven,0.904
ENSG00000149573,MPZL2,gene-driven,1.0
ENSG00000149575,SCN2B,gene-driven,0.984
ENSG00000149735,GPHA2,neutral,1.0
ENSG00000149761,NUDT22,neutral,1.0
ENSG00000150045,KLRF1,neutral,0.8
ENSG00000150201,FXYD4,neutral,1.0
ENSG00000150316,CWC15,neutral,1.0
ENSG00000150347,,neutral,0.769
ENSG00000150361,KLHL1,regulation-driven,0.534
ENSG00000150455,TIRAP,neutral,1.0
ENSG00000150456,EEF1AKMT1,neutral,1.0
ENSG00000150510,FAM124A,neutral,1.0
ENSG00000150540,HNMT,neutral,1.0
ENSG00000150551,LYPD1,neutral,1.0
ENSG00000150556,LYPD6B,gene-driven,1.0
ENSG00000150593,PDCD4,neutral,0.603
ENSG00000150625,GPM6A,neutral,0.855
ENSG00000150628,SPATA4,neutral,1.0
ENSG00000150630,VEGFC,neutral,1.0
ENSG00000150681,RGS18,neutral,1.0
ENSG00000150722,PPP1R1C,neutral,1.0
ENSG00000150750,POU2AF2,neutral,1.0
ENSG00000150756,ATPSCKMT,gene-driven,1.0
ENSG00000150760,,neutral,1.0
ENSG00000150764,DIXDC1,neutral,0.709
ENSG00000150768,DLAT,gene-driven,0.542
ENSG00000150773,PIH1D2,neutral,0.766
ENSG00000150779,TIMM8B,gene-driven (relaxed),1.0
ENSG00000150782,IL18,neutral,1.0
ENSG00000150787,PTS,neutral,1.0
ENSG00000150873,C2orf50,gene-driven,1.0
ENSG00000150938,CRIM1,neutral,0.85
ENSG00000151012,SLC7A11,neutral,0.974
ENSG00000151014,NOCT,neutral,0.859
ENSG00000151033,LYZL2,gene-driven,1.0
ENSG00000151062,CACNA2D4,gene-driven,1.0
ENSG00000151065,DCP1B,neutral,1.0
ENSG00000151079,KCNA6,neutral,1.0
ENSG00000151090,THRB,neutral,0.97
ENSG00000151116,UEVLD,gene-driven,1.0
ENSG00000151117,TMEM86A,neutral,1.0
ENSG00000151135,TMEM263,neutral,1.0
ENSG00000151151,IPMK,neutral,1.0
ENSG00000151164,RAD9B,neutral,0.999
ENSG00000151176,PLBD2,neutral,0.985
ENSG00000151224,MAT1A,neutral,0.778
ENSG00000151229,SLC2A13,neutral,0.961
ENSG00000151233,GXYLT1,neutral,1.0
ENSG00000151239,TWF1,gene-driven,1.0
ENSG00000151287,TEX30,neutral,1.0
ENSG00000151304,SRFBP1,neutral,1.0
ENSG00000151353,TMEM18,neutral,1.0
ENSG00000151364,KCTD14,gene-driven,0.992
ENSG00000151365,THRSP,neutral,1.0
ENSG00000151366,NDUFC2,gene-driven (relaxed),1.0
ENSG00000151376,ME3,neutral,0.99
ENSG00000151379,MSGN1,neutral,1.0
ENSG00000151413,NUBPL,gene-driven,1.0
ENSG00000151422,FER,regulation-driven,0.681
ENSG00000151458,ANKRD50,gene-driven,1.0
ENSG00000151461,,gene-driven (relaxed),1.0
ENSG00000151468,CCDC3,neutral,1.0
ENSG00000151498,ACAD8,neutral,1.0
ENSG00000151500,THYN1,gene-driven,1.0
ENSG00000151532,VTI1A,neutral,1.0
ENSG00000151572,ANO4,gene-driven,0.984
ENSG00000151575,TEX9,neutral,0.928
ENSG00000151576,QTRT2,neutral,1.0
ENSG00000151577,DRD3,neutral,0.6
ENSG00000151611,MMAA,neutral,1.0
ENSG00000151615,POU4F2,neutral,1.0
ENSG00000151617,EDNRA,neutral,0.895
ENSG00000151640,DPYSL4,neutral,0.891
ENSG00000151657,KIN,neutral,0.992
ENSG00000151665,PIGF,gene-driven,0.985
ENSG00000151687,ANKAR,neutral,0.865
ENSG00000151689,INPP1,neutral,1.0
ENSG00000151694,ADAM17,neutral,0.999
ENSG00000151702,FLI1,regulation-driven,0.786
ENSG00000151704,KCNJ1,neutral,0.566
ENSG00000151715,TMEM45B,neutral,1.0
ENSG00000151718,WWC2,neutral,0.784
ENSG00000151725,CENPU,gene-driven,0.998
ENSG00000151726,,regulation-driven,0.909
ENSG00000151729,SLC25A4,neutral,0.924
ENSG00000151746,BICD1,gene-driven,1.0
ENSG00000151773,CCDC122,gene-driven,1.0
ENSG00000151778,SERP2,gene-driven,0.973
ENSG00000151806,GUF1,neutral,0.991
ENSG00000151834,GABRA2,neutral,0.894
ENSG00000151838,CCDC175,neutral,1.0
ENSG00000151876,FBXO4,gene-driven,1.0
ENSG00000151881,TMEM267,gene-driven,1.0
ENSG00000151882,CCL28,gene-driven,1.0
ENSG00000151893,CACUL1,neutral,1.0
ENSG00000151917,BEND6,neutral,1.0
ENSG00000151948,GLT1D1,neutral,0.733
ENSG00000151962,RBM46,neutral,0.929
ENSG00000151967,SCHIP1,neutral,0.646
ENSG00000152034,MCHR2,gene-driven,0.996
ENSG00000152049,KCNE4,neutral,1.0
ENSG00000152093,CFC1B,neutral,1.0
ENSG00000152102,FAM168B,neutral,1.0
ENSG00000152104,PTPN14,regulation-driven,0.543
ENSG00000152127,MGAT5,regulation-driven,1.0
ENSG00000152133,GPATCH11,neutral,1.0
ENSG00000152137,HSPB8,gene-driven,1.0
ENSG00000152147,GEMIN6,neutral,1.0
ENSG00000152154,TMEM178A,neutral,1.0
ENSG00000152193,OBI1,neutral,1.0
ENSG00000152219,ARL14EP,neutral,1.0
ENSG00000152266,PTH,neutral,1.0
ENSG00000152270,PDE3B,regulation-driven,0.581
ENSG00000152315,KCNK13,neutral,1.0
ENSG00000152332,UHMK1,neutral,1.0
ENSG00000152359,POC5,gene-driven,1.0
ENSG00000152377,SPOCK1,neutral,0.993
ENSG00000152380,FAM151B,gene-driven,1.0
ENSG00000152382,TADA1,neutral,1.0
ENSG00000152402,GUCY1A2,neutral,1.0
ENSG00000152404,CWF19L2,neutral,0.999
ENSG00000152409,JMY,neutral,1.0
ENSG00000152413,HOMER1,neutral,0.774
ENSG00000152422,XRCC4,neutral,1.0
ENSG00000152430,BOLL,gene-driven,0.62
ENSG00000152457,DCLRE1C,neutral,0.995
ENSG00000152465,NMT2,neutral,0.978
ENSG00000152492,CCDC50,neutral,1.0
ENSG00000152495,CAMK4,neutral,0.997
ENSG00000152518,ZFP36L2,neutral,1.0
ENSG00000152527,PLEKHH2,regulation-driven,1.0
ENSG00000152580,IGSF10,neutral,0.743
ENSG00000152592,DMP1,neutral,0.998
ENSG00000152595,MEPE,neutral,1.0
ENSG00000152611,CAPSL,gene-driven,0.995
ENSG00000152661,GJA1,neutral,1.0
ENSG00000152669,CCNO,gene-driven,1.0
ENSG00000152670,DDX4,neutral,0.966
ENSG00000152684,PELO,neutral,1.0
ENSG00000152705,CATSPER3,neutral,1.0
ENSG00000152749,GPR180,neutral,1.0
ENSG00000152760,DYNLT5,neutral,1.0
ENSG00000152766,ANKRD22,neutral,1.0
ENSG00000152767,FARP1,regulation-driven,0.653
ENSG00000152778,IFIT5,neutral,1.0
ENSG00000152782,PANK1,neutral,0.584
ENSG00000152785,BMP3,neutral,1.0
ENSG00000152795,HNRNPDL,gene-driven,1.0
ENSG00000152804,HHEX,neutral,1.0
ENSG00000152822,GRM1,regulation-driven,0.997
ENSG00000152932,RAB3C,neutral,0.816
ENSG00000152939,MARVELD2,gene-driven,1.0
ENSG00000152942,RAD17,gene-driven (relaxed),1.0
ENSG00000152944,MED21,gene-driven,1.0
ENSG00000152953,STK32B,neutral,0.999
ENSG00000152969,JAKMIP1,neutral,1.0
ENSG00000152990,,gene-driven,1.0
ENSG00000153002,CPB1,regulation-driven,0.641
ENSG00000153006,SREK1IP1,gene-driven,1.0
ENSG00000153015,CWC27,gene-driven,1.0
ENSG00000153064,BANK1,neutral,0.732
ENSG00000153086,ACMSD,neutral,0.793
ENSG00000153140,CETN3,neutral,0.632
ENSG00000153157,SYCP2L,neutral,1.0
ENSG00000153162,BMP6,neutral,1.0
ENSG00000153179,RASSF3,gene-driven,1.0
ENSG00000153208,MERTK,neutral,1.0
ENSG00000153266,FEZF2,neutral,0.977
ENSG00000153294,ADGRF4,neutral,0.952
ENSG00000153395,LPCAT1,neutral,0.897
ENSG00000153485,LYSET,gene-driven,1.0
ENSG00000153487,ING1,neutral,1.0
ENSG00000153495,TEX29,gene-driven,1.0
ENSG00000153498,SPACA7,neutral,1.0
ENSG00000153531,ADPRHL1,neutral,0.812
ENSG00000153558,FBXL2,neutral,0.593
ENSG00000153560,UBP1,neutral,0.903
ENSG00000153561,RMND5A,neutral,1.0
ENSG00000153563,CD8A,neutral,1.0
ENSG00000153574,RPIA,neutral,1.0
ENSG00000153714,LURAP1L,neutral,1.0
ENSG00000153820,SPHKAP,regulation-driven,0.777
ENSG00000153823,PID1,neutral,1.0
ENSG00000153832,FBXO36,gene-driven,1.0
ENSG00000153898,MCOLN2,neutral,0.72
ENSG00000153936,HS2ST1,gene-driven,0.97
ENSG00000153975,ZUP1,neutral,1.0
ENSG00000153989,NUS1,neutral,1.0
ENSG00000153993,SEMA3D,neutral,0.732
ENSG00000154001,PPP2R5E,neutral,0.996
ENSG00000154007,ASB17,neutral,1.0
ENSG00000154025,SLC5A10,gene-driven,1.0
ENSG00000154124,OTULIN,gene-driven,1.0
ENSG00000154127,UBASH3B,neutral,0.962
ENSG00000154133,ROBO4,gene-driven,0.975
ENSG00000154143,PANX3,neutral,1.0
ENSG00000154146,NRGN,gene-driven,0.998
ENSG00000154174,TOMM70,neutral,1.0
ENSG00000154252,GAL3ST2,neutral,1.0
ENSG00000154269,ENPP3,gene-driven,0.769
ENSG00000154274,C4orf19,neutral,1.0
ENSG00000154277,UCHL1,gene-driven,1.0
ENSG00000154305,MIA3,gene-driven,1.0
ENSG00000154328,NEIL2,gene-driven,1.0
ENSG00000154342,WNT3A,neutral,0.982
ENSG00000154359,LONRF1,neutral,1.0
ENSG00000154415,PPP1R3A,neutral,1.0
ENSG00000154478,GPR26,neutral,1.0
ENSG00000154511,DIPK1A,neutral,0.686
ENSG00000154518,ATP5MC3,neutral,1.0
ENSG00000154548,SRSF12,neutral,1.0
ENSG00000154553,PDLIM3,regulation-driven,0.997
ENSG00000154589,LY96,neutral,1.0
ENSG00000154678,PDE1C,neutral,1.0
ENSG00000154764,WNT7A,neutral,1.0
ENSG00000154781,CCDC174,neutral,1.0
ENSG00000154813,DPH3,neutral,1.0
ENSG00000154814,OXNAD1,gene-driven,1.0
ENSG00000154917,RAB6B,neutral,0.983
ENSG00000154928,EPHB1,regulation-driven,0.971
ENSG00000154997,SEPTIN14,neutral,1.0
ENSG00000155011,DKK2,neutral,1.0
ENSG00000155016,CYP2U1,neutral,1.0
ENSG00000155052,CNTNAP5,regulation-driven,0.967
ENSG00000155087,ODF1,gene-driven,1.0
ENSG00000155090,KLF10,neutral,1.0
ENSG00000155096,AZIN1,neutral,0.993
ENSG00000155097,ATP6V1C1,neutral,1.0
ENSG00000155158,TTC39B,gene-driven,0.804
ENSG00000155189,AGPAT5,gene-driven,1.0
ENSG00000155252,PI4K2A,neutral,1.0
ENSG00000155256,ZFYVE27,gene-driven,1.0
ENSG00000155269,GPR78,gene-driven,1.0
ENSG00000155275,TRMT44,neutral,1.0
ENSG00000155324,GRAMD2B,gene-driven,0.849
ENSG00000155329,ZCCHC10,neutral,1.0
ENSG00000155363,MOV10,neutral,1.0
ENSG00000155380,SLC16A1,gene-driven,1.0
ENSG00000155463,OXA1L,gene-driven,1.0
ENSG00000155511,GRIA1,regulation-driven,0.995
ENSG00000155530,LRGUK,neutral,0.805
ENSG00000155542,SETD9,gene-driven,0.999
ENSG00000155545,MIER3,gene-driven,1.0
ENSG00000155629,PIK3AP1,regulation-driven,0.636
ENSG00000155636,RBM45,neutral,1.0
ENSG00000155660,PDIA4,gene-driven,0.972
ENSG00000155729,KCTD18,neutral,1.0
ENSG00000155749,FLACC1,gene-driven,0.999
ENSG00000155754,C2CD6,neutral,0.954
ENSG00000155755,TMEM237,neutral,1.0
ENSG00000155760,FZD7,neutral,1.0
ENSG00000155761,SPAG17,gene-driven,0.933
ENSG00000155792,DEPTOR,neutral,0.907
ENSG00000155833,CYLC2,gene-driven,1.0
ENSG00000155858,LSM11,neutral,1.0
ENSG00000155875,SAXO1,gene-driven,1.0
ENSG00000155886,SLC24A2,regulation-driven,0.982
ENSG00000155890,TRIM42,neutral,0.964
ENSG00000155897,ADCY8,regulation-driven,0.987
ENSG00000155903,RASA2,neutral,1.0
ENSG00000155906,RMND1,neutral,1.0
ENSG00000155957,TMBIM4,neutral,1.0
ENSG00000155975,VPS37A,neutral,1.0
ENSG00000156026,MCU,gene-driven,0.9
ENSG00000156049,GNA14,neutral,1.0
ENSG00000156127,BATF,neutral,1.0
ENSG00000156136,DCK,neutral,0.981
ENSG00000156140,ADAMTS3,regulation-driven,1.0
ENSG00000156150,ALX3,gene-driven,0.993
ENSG00000156172,CFAP418,neutral,1.0
ENSG00000156194,PPEF2,neutral,1.0
ENSG00000156234,CXCL13,gene-driven,1.0
ENSG00000156345,CDK20,gene-driven,1.0
ENSG00000156374,PCGF6,neutral,1.0
ENSG00000156384,SFR1,neutral,1.0
ENSG00000156427,FGF18,neutral,1.0
ENSG00000156463,SH3RF2,neutral,0.909
ENSG00000156466,GDF6,neutral,1.0
ENSG00000156467,UQCRB,gene-driven,1.0
ENSG00000156471,PTDSS1,neutral,0.996
ENSG00000156508,EEF1A1,gene-driven,0.998
ENSG00000156510,HKDC1,neutral,0.801
ENSG00000156521,TYSND1,neutral,0.855
ENSG00000156535,CD109,neutral,1.0
ENSG00000156574,NODAL,gene-driven (relaxed),0.994
ENSG00000156575,PRG3,neutral,1.0
ENSG00000156587,UBE2L6,gene-driven,1.0
ENSG00000156603,MED19,neutral,1.0
ENSG00000156711,MAPK13,neutral,1.0
ENSG00000156735,BAG4,neutral,1.0
ENSG00000156804,FBXO32,neutral,0.703
ENSG00000156831,NSMCE2,neutral,1.0
ENSG00000156869,FRRS1,neutral,1.0
ENSG00000156876,SASS6,neutral,0.856
ENSG00000156928,MALSU1,neutral,1.0
ENSG00000156958,GALK2,gene-driven,1.0
ENSG00000156959,LHFPL4,neutral,1.0
ENSG00000156966,B3GNT7,neutral,1.0
ENSG00000157005,SST,neutral,1.0
ENSG00000157014,TATDN2,gene-driven,0.555
ENSG00000157020,SEC13,neutral,0.994
ENSG00000157036,EXOG,neutral,1.0
ENSG00000157060,SHCBP1L,neutral,1.0
ENSG00000157064,NMNAT2,neutral,0.876
ENSG00000157077,ZFYVE9,neutral,0.706
ENSG00000157093,LYZL4,neutral,1.0
ENSG00000157110,RBPMS,neutral,0.977
ENSG00000157111,TMEM171,gene-driven,1.0
ENSG00000157119,KLHL40,neutral,0.99
ENSG00000157150,TIMP4,neutral,1.0
ENSG00000157184,CPT2,neutral,0.997
ENSG00000157211,CDCP2,neutral,1.0
ENSG00000157303,SUSD3,neutral,1.0
ENSG00000157330,CFAP107,neutral,1.0
ENSG00000157343,ARMC12,neutral,1.0
ENSG00000157379,DHRS1,neutral,1.0
ENSG00000157445,CACNA2D3,neutral,0.978
ENSG00000157456,CCNB2,gene-driven,0.672
ENSG00000157510,AFAP1L1,neutral,0.59
ENSG00000157593,SLC35B2,neutral,1.0
ENSG00000157653,,neutral,1.0
ENSG00000157693,TMEM268,neutral,1.0
ENSG00000157703,SVOPL,gene-driven,0.717
ENSG00000157734,SNX22,neutral,1.0
ENSG00000157765,SLC34A2,gene-driven,1.0
ENSG00000157778,PSMG3,neutral,1.0
ENSG00000157782,CABP1,neutral,0.792
ENSG00000157833,GAREM2,neutral,0.999
ENSG00000157884,CIB4,neutral,1.0
ENSG00000157927,RADIL,gene-driven,1.0
ENSG00000157954,WIPI2,gene-driven,1.0
ENSG00000157978,LDLRAP1,neutral,1.0
ENSG00000157992,KRTCAP3,gene-driven,1.0
ENSG00000157999,ANKRD61,neutral,1.0
ENSG00000158006,PAFAH2,neutral,1.0
ENSG00000158008,EXTL1,neutral,0.886
ENSG00000158014,SLC30A2,neutral,1.0
ENSG00000158022,TRIM63,neutral,0.851
ENSG00000158055,GRHL3,gene-driven,1.0
ENSG00000158077,NLRP14,neutral,0.886
ENSG00000158079,PTPDC1,neutral,0.694
ENSG00000158089,GALNT14,regulation-driven,1.0
ENSG00000158104,HPD,neutral,0.973
ENSG00000158106,RHPN1,neutral,1.0
ENSG00000158109,TPRG1L,neutral,1.0
ENSG00000158113,LRRC43,neutral,1.0
ENSG00000158122,PRXL2C,gene-driven,1.0
ENSG00000158156,XKR8,neutral,1.0
ENSG00000158161,EYA3,neutral,0.817
ENSG00000158195,WASF2,neutral,1.0
ENSG00000158220,ESYT3,neutral,0.954
ENSG00000158246,TENT5B,neutral,1.0
ENSG00000158258,CLSTN2,regulation-driven,1.0
ENSG00000158292,GPR153,neutral,1.0
ENSG00000158315,RHBDL2,neutral,1.0
ENSG00000158402,CDC25C,gene-driven,1.0
ENSG00000158417,EIF5B,neutral,0.634
ENSG00000158428,CATIP,neutral,1.0
ENSG00000158457,TSPAN33,neutral,1.0
ENSG00000158458,NRG2,regulation-driven,0.631
ENSG00000158467,AHCYL2,neutral,1.0
ENSG00000158516,CPA2,neutral,0.967
ENSG00000158604,TMED4,gene-driven,1.0
ENSG00000158623,COPG2,regulation-driven,0.719
ENSG00000158715,SLC45A3,neutral,0.934
ENSG00000158716,DUSP23,neutral,1.0
ENSG00000158748,HTR6,neutral,1.0
ENSG00000158769,F11R,neutral,1.0
ENSG00000158786,PLA2G2F,neutral,1.0
ENSG00000158793,NIT1,neutral,1.0
ENSG00000158816,VWA5B1,dual-driven,0.562
ENSG00000158828,PINK1,neutral,1.0
ENSG00000158850,B4GALT3,gene-driven,1.0
ENSG00000158856,DMTN,neutral,0.709
ENSG00000158859,ADAMTS4,neutral,1.0
ENSG00000158863,FHIP2B,gene-driven,1.0
ENSG00000158864,,neutral,1.0
ENSG00000158869,FCER1G,neutral,1.0
ENSG00000158882,TOMM40L,gene-driven,1.0
ENSG00000158966,CACHD1,regulation-driven,1.0
ENSG00000158985,CDC42SE2,gene-driven,1.0
ENSG00000159164,SV2A,gene-driven,0.958
ENSG00000159167,STC1,neutral,1.0
ENSG00000159173,TNNI1,neutral,0.964
ENSG00000159176,CSRP1,neutral,0.671
ENSG00000159189,C1QC,neutral,1.0
ENSG00000159248,GJD2,neutral,1.0
ENSG00000159251,ACTC1,neutral,0.582
ENSG00000159339,PADI4,neutral,0.986
ENSG00000159346,ADIPOR1,neutral,0.988
ENSG00000159374,M1AP,neutral,0.891
ENSG00000159377,PSMB4,neutral,1.0
ENSG00000159388,BTG2,gene-driven,1.0
ENSG00000159399,HK2,neutral,0.534
ENSG00000159403,C1R,neutral,1.0
ENSG00000159479,MED8,neutral,1.0
ENSG00000159495,TGM7,neutral,0.995
ENSG00000159527,PGLYRP3,gene-driven,0.973
ENSG00000159596,TMEM69,neutral,1.0
ENSG00000159650,UROC1,neutral,0.561
ENSG00000159674,SPON2,gene-driven (relaxed),0.992
ENSG00000159692,CTBP1,gene-driven,1.0
ENSG00000159884,,neutral,1.0
ENSG00000159921,,regulation-driven,0.705
ENSG00000160049,,neutral,1.0
ENSG00000160050,,gene-driven,1.0
ENSG00000160062,,neutral,1.0
ENSG00000160097,,gene-driven,1.0
ENSG00000160293,,regulation-driven,0.589
ENSG00000160323,,neutral,0.879
ENSG00000160349,,gene-driven,1.0
ENSG00000160360,,neutral,0.745
ENSG00000160404,,gene-driven,0.59
ENSG00000160539,,neutral,1.0
ENSG00000160563,,gene-driven,1.0
ENSG00000160606,,gene-driven,1.0
ENSG00000160654,,neutral,1.0
ENSG00000160679,,gene-driven,1.0
ENSG00000160683,,neutral,1.0
ENSG00000160685,,neutral,1.0
ENSG00000160688,,neutral,1.0
ENSG00000160714,,neutral,1.0
ENSG00000160716,,neutral,0.789
ENSG00000160741,,neutral,1.0
ENSG00000160767,,gene-driven,1.0
ENSG00000160781,,neutral,0.774
ENSG00000160785,,neutral,1.0
ENSG00000160801,,neutral,0.517
ENSG00000160808,,gene-driven,0.987
ENSG00000160813,,neutral,1.0
ENSG00000160818,,gene-driven,1.0
ENSG00000160838,,neutral,0.943
ENSG00000160867,,neutral,0.604
ENSG00000160870,,neutral,0.692
ENSG00000160886,,gene-driven,1.0
ENSG00000160908,,neutral,1.0
ENSG00000160973,,neutral,1.0
ENSG00000160993,,neutral,1.0
ENSG00000161010,,gene-driven,0.667
ENSG00000161021,,neutral,1.0
ENSG00000161040,,gene-driven,1.0
ENSG00000161055,,neutral,1.0
ENSG00000161202,,gene-driven,0.849
ENSG00000161203,,neutral,0.751
ENSG00000161204,,neutral,1.0
ENSG00000161328,,neutral,1.0
ENSG00000161638,,neutral,1.0
ENSG00000161850,,gene-driven,1.0
ENSG00000161911,,neutral,1.0
ENSG00000161980,,neutral,1.0
ENSG00000162065,,gene-driven,1.0
ENSG00000162068,,neutral,1.0
ENSG00000162069,,gene-driven,0.991
ENSG00000162073,,neutral,1.0
ENSG00000162086,,neutral,1.0
ENSG00000162139,,neutral,1.0
ENSG00000162148,,gene-driven,0.991
ENSG00000162188,,neutral,1.0
ENSG00000162231,,neutral,1.0
ENSG00000162236,,gene-driven,1.0
ENSG00000162241,,gene-driven,1.0
ENSG00000162267,,neutral,0.645
ENSG00000162341,,neutral,1.0
ENSG00000162344,,neutral,1.0
ENSG00000162365,,gene-driven,0.912
ENSG00000162368,,neutral,1.0
ENSG00000162377,,neutral,1.0
ENSG00000162383,,neutral,0.582
ENSG00000162384,,neutral,1.0
ENSG00000162391,,neutral,1.0
ENSG00000162398,,neutral,1.0
ENSG00000162399,,neutral,1.0
ENSG00000162407,,neutral,0.998
ENSG00000162409,,neutral,0.677
ENSG00000162415,,neutral,0.72
ENSG00000162419,,neutral,1.0
ENSG00000162426,,neutral,0.994
ENSG00000162437,,neutral,1.0
ENSG00000162441,,gene-driven,0.932
ENSG00000162456,,neutral,1.0
ENSG00000162460,,neutral,1.0
ENSG00000162461,,neutral,1.0
ENSG00000162490,,neutral,1.0
ENSG00000162494,,neutral,1.0
ENSG00000162510,,neutral,1.0
ENSG00000162511,,neutral,1.0
ENSG00000162512,,neutral,1.0
ENSG00000162517,,neutral,1.0
ENSG00000162520,,gene-driven,1.0
ENSG00000162522,,neutral,0.999
ENSG00000162526,,gene-driven,1.0
ENSG00000162542,,neutral,1.0
ENSG00000162545,,neutral,1.0
ENSG00000162592,,neutral,0.995
ENSG00000162594,,neutral,0.555
ENSG00000162598,,neutral,1.0
ENSG00000162599,,gene-driven,1.0
ENSG00000162601,,neutral,0.766
ENSG00000162616,,neutral,1.0
ENSG00000162621,,neutral,1.0
ENSG00000162624,,neutral,0.526
ENSG00000162630,,neutral,1.0
ENSG00000162631,,gene-driven (relaxed),0.929
ENSG00000162636,,neutral,1.0
ENSG00000162639,,neutral,0.952
ENSG00000162642,,neutral,1.0
ENSG00000162650,,neutral,1.0
ENSG00000162664,,gene-driven,1.0
ENSG00000162670,,regulation-driven,0.916
ENSG00000162676,,neutral,1.0
ENSG00000162692,,neutral,0.898
ENSG00000162704,,gene-driven,0.981
ENSG00000162711,,neutral,1.0
ENSG00000162714,,gene-driven,1.0
ENSG00000162722,,neutral,1.0
ENSG00000162723,,neutral,1.0
ENSG00000162728,,neutral,0.565
ENSG00000162734,,neutral,1.0
ENSG00000162738,,neutral,1.0
ENSG00000162739,,neutral,1.0
ENSG00000162745,,neutral,1.0
ENSG00000162746,,gene-driven,1.0
ENSG00000162755,,neutral,1.0
ENSG00000162761,,neutral,0.996
ENSG00000162763,,neutral,1.0
ENSG00000162775,,gene-driven,0.639
ENSG00000162777,,neutral,1.0
ENSG00000162813,,gene-driven (relaxed),1.0
ENSG00000162814,,regulation-driven,0.909
ENSG00000162819,,gene-driven,0.796
ENSG00000162836,,gene-driven,1.0
ENSG00000162843,,neutral,0.523
ENSG00000162851,,neutral,1.0
ENSG00000162873,,gene-driven,1.0
ENSG00000162878,,neutral,1.0
ENSG00000162885,,neutral,1.0
ENSG00000162889,,neutral,1.0
ENSG00000162891,,neutral,1.0
ENSG00000162894,,neutral,1.0
ENSG00000162896,,neutral,1.0
ENSG00000162897,,neutral,0.999
ENSG00000162909,,neutral,0.864
ENSG00000162924,,gene-driven,1.0
ENSG00000162928,,neutral,1.0
ENSG00000162929,,neutral,0.884
ENSG00000162931,,gene-driven,1.0
ENSG00000162961,,neutral,1.0
ENSG00000162971,,gene-driven,1.0
ENSG00000162976,,gene-driven,0.933
ENSG00000162981,,neutral,1.0
ENSG00000162989,,neutral,0.622
ENSG00000162998,,neutral,0.999
ENSG00000162999,,neutral,1.0
ENSG00000163013,,neutral,0.951
ENSG00000163026,,gene-driven,1.0
ENSG00000163050,,regulation-driven,0.823
ENSG00000163053,,neutral,1.0
ENSG00000163071,,gene-driven,0.939
ENSG00000163082,,neutral,1.0
ENSG00000163104,,neutral,0.911
ENSG00000163106,,neutral,1.0
ENSG00000163121,,gene-driven,0.512
ENSG00000163125,,neutral,0.996
ENSG00000163126,,neutral,1.0
ENSG00000163131,,neutral,1.0
ENSG00000163132,,neutral,1.0
ENSG00000163155,,neutral,1.0
ENSG00000163162,,neutral,1.0
ENSG00000163170,,neutral,1.0
ENSG00000163217,,neutral,1.0
ENSG00000163218,,neutral,1.0
ENSG00000163220,,neutral,1.0
ENSG00000163221,,neutral,1.0
ENSG00000163239,,neutral,1.0
ENSG00000163273,,neutral,1.0
ENSG00000163291,,neutral,0.825
ENSG00000163293,,gene-driven,0.78
ENSG00000163295,,neutral,1.0
ENSG00000163328,,neutral,0.791
ENSG00000163344,,neutral,1.0
ENSG00000163347,,neutral,1.0
ENSG00000163348,,gene-driven,1.0
ENSG00000163357,,neutral,0.507
ENSG00000163380,,neutral,0.942
ENSG00000163382,,gene-driven,1.0
ENSG00000163389,,neutral,1.0
ENSG00000163393,,neutral,1.0
ENSG00000163394,,neutral,1.0
ENSG00000163428,,neutral,1.0
ENSG00000163431,,neutral,1.0
ENSG00000163440,,gene-driven,0.996
ENSG00000163444,,neutral,1.0
ENSG00000163453,,gene-driven,1.0
ENSG00000163463,,gene-driven,1.0
ENSG00000163472,,neutral,1.0
ENSG00000163481,,neutral,1.0
ENSG00000163485,,neutral,0.995
ENSG00000163492,,regulation-driven,1.0
ENSG00000163497,,neutral,1.0
ENSG00000163501,,neutral,1.0
ENSG00000163507,,neutral,1.0
ENSG00000163508,,gene-driven,0.868
ENSG00000163510,,neutral,1.0
ENSG00000163513,,neutral,1.0
ENSG00000163517,,gene-driven,1.0
ENSG00000163518,,neutral,1.0
ENSG00000163527,,regulation-driven,0.6
ENSG00000163528,,neutral,1.0
ENSG00000163530,,neutral,1.0
ENSG00000163536,,neutral,0.969
ENSG00000163545,,neutral,1.0
ENSG00000163558,,neutral,0.579
ENSG00000163565,,gene-driven,1.0
ENSG00000163568,,neutral,1.0
ENSG00000163577,,neutral,1.0
ENSG00000163581,,neutral,0.585
ENSG00000163584,,gene-driven (relaxed),0.811
ENSG00000163586,,neutral,1.0
ENSG00000163590,,neutral,0.992
ENSG00000163599,,neutral,1.0
ENSG00000163600,,neutral,1.0
ENSG00000163606,,gene-driven,1.0
ENSG00000163607,,neutral,1.0
ENSG00000163623,,neutral,0.579
ENSG00000163626,,gene-driven,1.0
ENSG00000163630,,neutral,0.926
ENSG00000163633,,gene-driven,1.0
ENSG00000163644,,neutral,0.999
ENSG00000163659,,neutral,0.928
ENSG00000163661,,neutral,1.0
ENSG00000163666,,neutral,1.0
ENSG00000163673,,regulation-driven,0.605
ENSG00000163687,,neutral,1.0
ENSG00000163704,,neutral,1.0
ENSG00000163705,,gene-driven,1.0
ENSG00000163719,,gene-driven,0.995
ENSG00000163736,,neutral,1.0
ENSG00000163738,,gene-driven,0.995
ENSG00000163743,,neutral,1.0
ENSG00000163751,,neutral,1.0
ENSG00000163781,,neutral,0.941
ENSG00000163788,,neutral,0.639
ENSG00000163792,,neutral,1.0
ENSG00000163798,,gene-driven,1.0
ENSG00000163807,,neutral,1.0
ENSG00000163812,,neutral,0.784
ENSG00000163814,,gene-driven,1.0
ENSG00000163815,,neutral,1.0
ENSG00000163817,,neutral,0.613
ENSG00000163818,,neutral,0.762
ENSG00000163823,,neutral,1.0
ENSG00000163825,,gene-driven,0.998
ENSG00000163827,,neutral,1.0
ENSG00000163832,,neutral,1.0
ENSG00000163840,,neutral,1.0
ENSG00000163875,,neutral,0.842
ENSG00000163877,,neutral,1.0
ENSG00000163879,,gene-driven,0.646
ENSG00000163884,,neutral,1.0
ENSG00000163885,,neutral,1.0
ENSG00000163898,,gene-driven,0.993
ENSG00000163902,,neutral,1.0
ENSG00000163909,,neutral,1.0
ENSG00000163914,,neutral,1.0
ENSG00000163931,,regulation-driven,0.658
ENSG00000163935,,neutral,0.879
ENSG00000163938,,gene-driven,1.0
ENSG00000163946,,neutral,1.0
ENSG00000163947,,gene-driven,1.0
ENSG00000163956,,neutral,0.514
ENSG00000163958,,neutral,1.0
ENSG00000163961,,neutral,1.0
ENSG00000163964,,neutral,1.0
ENSG00000163982,,neutral,1.0
ENSG00000163993,,neutral,1.0
ENSG00000164007,,neutral,0.999
ENSG00000164008,,neutral,1.0
ENSG00000164010,,gene-driven,1.0
ENSG00000164022,,neutral,1.0
ENSG00000164032,,gene-driven,1.0
ENSG00000164035,,gene-driven,0.86
ENSG00000164038,,gene-driven,0.698
ENSG00000164039,,neutral,1.0
ENSG00000164040,,neutral,1.0
ENSG00000164047,,gene-driven,1.0
ENSG00000164049,,neutral,1.0
ENSG00000164050,,gene-driven,1.0
ENSG00000164053,,neutral,0.677
ENSG00000164061,,regulation-driven,0.702
ENSG00000164070,,gene-driven,1.0
ENSG00000164076,,neutral,1.0
ENSG00000164077,,gene-driven,1.0
ENSG00000164082,,regulation-driven,0.716
ENSG00000164086,,neutral,1.0
ENSG00000164087,,neutral,0.987
ENSG00000164088,,neutral,1.0
ENSG00000164099,,neutral,0.999
ENSG00000164100,,regulation-driven,0.77
ENSG00000164105,,neutral,1.0
ENSG00000164106,,neutral,1.0
ENSG00000164109,,neutral,1.0
ENSG00000164116,,neutral,0.94
ENSG00000164117,,gene-driven,1.0
ENSG00000164123,,neutral,1.0
ENSG00000164125,,neutral,0.949
ENSG00000164136,,gene-driven,1.0
ENSG00000164144,,neutral,0.999
ENSG00000164161,,gene-driven,1.0
ENSG00000164163,,neutral,0.985
ENSG00000164167,,neutral,1.0
ENSG00000164168,,neutral,1.0
ENSG00000164169,,neutral,0.998
ENSG00000164172,,gene-driven,1.0
ENSG00000164175,,neutral,0.987
ENSG00000164176,,regulation-driven,0.766
ENSG00000164187,,gene-driven,1.0
ENSG00000164197,,gene-driven,1.0
ENSG00000164209,,neutral,1.0
ENSG00000164211,,neutral,1.0
ENSG00000164219,,neutral,1.0
ENSG00000164220,,gene-driven,1.0
ENSG00000164221,,neutral,1.0
ENSG00000164236,,neutral,1.0
ENSG00000164237,,neutral,1.0
ENSG00000164241,,neutral,0.954
ENSG00000164244,,neutral,1.0
ENSG00000164258,,gene-driven,1.0
ENSG00000164265,,gene-driven,0.999
ENSG00000164270,,regulation-driven,0.915
ENSG00000164291,,gene-driven,1.0
ENSG00000164294,,gene-driven,1.0
ENSG00000164304,,neutral,0.649
ENSG00000164325,,neutral,1.0
ENSG00000164326,,neutral,1.0
ENSG00000164330,,neutral,0.523
ENSG00000164332,,neutral,1.0
ENSG00000164344,,neutral,1.0
ENSG00000164363,,neutral,0.977
ENSG00000164399,,neutral,1.0
ENSG00000164400,,neutral,1.0
ENSG00000164402,,gene-driven,1.0
ENSG00000164404,,neutral,0.978
ENSG00000164405,,neutral,1.0
ENSG00000164406,,neutral,1.0
ENSG00000164430,,gene-driven,1.0
ENSG00000164434,,neutral,1.0
ENSG00000164438,,neutral,1.0
ENSG00000164442,,neutral,1.0
ENSG00000164458,,neutral,0.92
ENSG00000164463,,neutral,0.996
ENSG00000164466,,gene-driven,0.897
ENSG00000164483,,neutral,0.999
ENSG00000164484,,neutral,1.0
ENSG00000164485,,neutral,1.0
ENSG00000164488,,neutral,1.0
ENSG00000164500,,neutral,1.0
ENSG00000164509,,gene-driven,1.0
ENSG00000164512,,gene-driven,1.0
ENSG00000164530,,neutral,1.0
ENSG00000164532,,neutral,0.994
ENSG00000164543,,neutral,1.0
ENSG00000164548,,neutral,0.607
ENSG00000164576,,neutral,1.0
ENSG00000164587,,gene-driven,0.663
ENSG00000164588,,regulation-driven,0.965
ENSG00000164591,,gene-driven,1.0
ENSG00000164603,,gene-driven,1.0
ENSG00000164615,,gene-driven,0.997
ENSG00000164620,,neutral,1.0
ENSG00000164626,,gene-driven,1.0
ENSG00000164674,,neutral,1.0
ENSG00000164675,,neutral,1.0
ENSG00000164683,,gene-driven,1.0
ENSG00000164684,,neutral,1.0
ENSG00000164690,,gene-driven,1.0
ENSG00000164691,,neutral,1.0
ENSG00000164692,,neutral,0.566
ENSG00000164695,,neutral,0.965
ENSG00000164708,,neutral,1.0
ENSG00000164715,,neutral,1.0
ENSG00000164742,,regulation-driven,0.889
ENSG00000164746,,gene-driven,1.0
ENSG00000164749,,neutral,0.532
ENSG00000164754,,gene-driven,0.797
ENSG00000164756,,neutral,0.999
ENSG00000164758,,neutral,1.0
ENSG00000164764,,neutral,0.999
ENSG00000164776,,neutral,0.86
ENSG00000164794,,neutral,1.0
ENSG00000164808,,gene-driven,0.827
ENSG00000164815,,neutral,1.0
ENSG00000164816,,neutral,1.0
ENSG00000164823,,neutral,0.976
ENSG00000164825,,neutral,1.0
ENSG00000164889,,neutral,0.998
ENSG00000164896,,gene-driven,1.0
ENSG00000164900,,neutral,1.0
ENSG00000164902,,neutral,1.0
ENSG00000164919,,neutral,1.0
ENSG00000164924,,gene-driven,1.0
ENSG00000164930,,neutral,1.0
ENSG00000164932,,gene-driven,0.991
ENSG00000164933,,neutral,1.0
ENSG00000164935,,neutral,1.0
ENSG00000164938,,neutral,1.0
ENSG00000164946,,regulation-driven,1.0
ENSG00000164967,,neutral,1.0
ENSG00000164972,,neutral,1.0
ENSG00000164975,,neutral,0.642
ENSG00000164976,,neutral,1.0
ENSG00000164978,,neutral,1.0
ENSG00000164985,,neutral,1.0
ENSG00000165006,,neutral,0.847
ENSG00000165025,,regulation-driven,0.766
ENSG00000165030,,neutral,1.0
ENSG00000165046,,gene-driven,0.812
ENSG00000165066,,neutral,1.0
ENSG00000165071,,dual-driven,0.556
ENSG00000165072,,neutral,1.0
ENSG00000165076,,neutral,1.0
ENSG00000165078,,neutral,0.999
ENSG00000165084,,neutral,0.843
ENSG00000165097,,neutral,0.976
ENSG00000165105,,neutral,1.0
ENSG00000165115,,neutral,0.991
ENSG00000165118,,neutral,1.0
ENSG00000165120,,gene-driven,1.0
ENSG00000165152,,neutral,1.0
ENSG00000165185,,neutral,0.851
ENSG00000165233,,gene-driven,1.0
ENSG00000165244,,neutral,1.0
ENSG00000165272,,neutral,1.0
ENSG00000165275,,neutral,1.0
ENSG00000165283,,gene-driven,1.0
ENSG00000165325,,neutral,0.998
ENSG00000165379,,regulation-driven,0.912
ENSG00000165383,,neutral,1.0
ENSG00000165392,,neutral,0.999
ENSG00000165410,,gene-driven,1.0
ENSG00000165416,,neutral,1.0
ENSG00000165417,,neutral,1.0
ENSG00000165434,,neutral,0.993
ENSG00000165443,,neutral,0.693
ENSG00000165449,,neutral,0.827
ENSG00000165457,,neutral,1.0
ENSG00000165458,,gene-driven,1.0
ENSG00000165471,,gene-driven,1.0
ENSG00000165474,,neutral,1.0
ENSG00000165476,,gene-driven,0.999
ENSG00000165478,,neutral,0.918
ENSG00000165480,,neutral,1.0
ENSG00000165494,,neutral,0.738
ENSG00000165495,,neutral,0.884
ENSG00000165501,,gene-driven,1.0
ENSG00000165512,,neutral,1.0
ENSG00000165516,,neutral,1.0
ENSG00000165525,,gene-driven,0.913
ENSG00000165526,,gene-driven,0.973
ENSG00000165527,,gene-driven,1.0
ENSG00000165556,,neutral,0.94
ENSG00000165566,,neutral,1.0
ENSG00000165588,,regulation-driven,0.875
ENSG00000165606,,neutral,1.0
ENSG00000165609,,neutral,1.0
ENSG00000165623,,neutral,1.0
ENSG00000165629,,neutral,1.0
ENSG00000165630,,gene-driven,1.0
ENSG00000165632,,gene-driven,1.0
ENSG00000165633,,neutral,1.0
ENSG00000165637,,neutral,0.965
ENSG00000165646,,neutral,1.0
ENSG00000165650,,neutral,0.745
ENSG00000165660,,neutral,1.0
ENSG00000165669,,gene-driven,1.0
ENSG00000165672,,neutral,1.0
ENSG00000165678,,neutral,0.999
ENSG00000165682,,neutral,1.0
ENSG00000165685,,neutral,1.0
ENSG00000165688,,neutral,0.926
ENSG00000165695,,neutral,1.0
ENSG00000165698,,gene-driven,1.0
ENSG00000165702,,neutral,0.981
ENSG00000165714,,gene-driven (relaxed),0.506
ENSG00000165716,,neutral,1.0
ENSG00000165730,,neutral,1.0
ENSG00000165757,,neutral,1.0
ENSG00000165782,,gene-driven,1.0
ENSG00000165792,,neutral,1.0
ENSG00000165794,,neutral,1.0
ENSG00000165816,,neutral,0.999
ENSG00000165828,,neutral,1.0
ENSG00000165832,,neutral,0.661
ENSG00000165861,,neutral,0.903
ENSG00000165886,,neutral,1.0
ENSG00000165887,,neutral,1.0
ENSG00000165891,,neutral,0.857
ENSG00000165929,,neutral,0.757
ENSG00000165953,,neutral,0.998
ENSG00000165966,,regulation-driven,0.757
ENSG00000165970,,neutral,0.952
ENSG00000165973,,regulation-driven,0.949
ENSG00000165983,,neutral,0.556
ENSG00000165997,,neutral,1.0
ENSG00000166002,,neutral,1.0
ENSG00000166006,,regulation-driven,0.987
ENSG00000166012,,neutral,1.0
ENSG00000166016,,neutral,0.979
ENSG00000166024,,neutral,1.0
ENSG00000166033,,gene-driven,1.0
ENSG00000166035,,gene-driven,0.52
ENSG00000166069,,neutral,1.0
ENSG00000166073,,neutral,0.719
ENSG00000166086,,gene-driven,1.0
ENSG00000166090,,neutral,1.0
ENSG00000166091,,gene-driven,1.0
ENSG00000166106,,neutral,1.0
ENSG00000166118,,neutral,1.0
ENSG00000166130,,neutral,1.0
ENSG00000166133,,neutral,1.0
ENSG00000166135,,neutral,1.0
ENSG00000166136,,gene-driven,1.0
ENSG00000166148,,neutral,1.0
ENSG00000166170,,gene-driven,1.0
ENSG00000166171,,neutral,1.0
ENSG00000166199,,neutral,1.0
ENSG00000166224,,neutral,1.0
ENSG00000166226,,regulation-driven,0.563
ENSG00000166228,,neutral,1.0
ENSG00000166272,,gene-driven,1.0
ENSG00000166275,,neutral,1.0
ENSG00000166295,,neutral,1.0
ENSG00000166313,,gene-driven,0.712
ENSG00000166317,,neutral,1.0
ENSG00000166321,,neutral,1.0
ENSG00000166326,,neutral,1.0
ENSG00000166333,,gene-driven,1.0
ENSG00000166343,,gene-driven (relaxed),0.961
ENSG00000166349,,neutral,0.865
ENSG00000166391,,neutral,1.0
ENSG00000166394,,neutral,1.0
ENSG00000166402,,regulation-driven,0.635
ENSG00000166407,,neutral,1.0
ENSG00000166415,,gene-driven,1.0
ENSG00000166435,,neutral,0.938
ENSG00000166471,,neutral,1.0
ENSG00000166477,,neutral,0.975
ENSG00000166482,,neutral,1.0
ENSG00000166483,,neutral,1.0
ENSG00000166484,,gene-driven (relaxed),1.0
ENSG00000166507,,gene-driven,1.0
ENSG00000166508,,neutral,1.0
ENSG00000166527,,neutral,1.0
ENSG00000166578,,neutral,0.999
ENSG00000166689,,neutral,0.693
ENSG00000166710,,gene-driven,1.0
ENSG00000166734,,neutral,1.0
ENSG00000166736,,neutral,0.679
ENSG00000166741,,gene-driven,1.0
ENSG00000166750,,neutral,1.0
ENSG00000166793,,neutral,1.0
ENSG00000166794,,gene-driven,1.0
ENSG00000166796,,neutral,0.727
ENSG00000166797,,neutral,1.0
ENSG00000166800,,neutral,1.0
ENSG00000166819,,neutral,1.0
ENSG00000166821,,neutral,1.0
ENSG00000166825,,neutral,1.0
ENSG00000166831,,neutral,1.0
ENSG00000166839,,neutral,0.998
ENSG00000166860,,neutral,1.0
ENSG00000166866,,gene-driven,1.0
ENSG00000166881,,gene-driven,1.0
ENSG00000166886,,gene-driven,1.0
ENSG00000166887,,neutral,0.923
ENSG00000166900,,neutral,0.988
ENSG00000166920,,neutral,1.0
ENSG00000166924,,neutral,1.0
ENSG00000166946,,neutral,1.0
ENSG00000166961,,gene-driven,0.71
ENSG00000166963,,neutral,0.884
ENSG00000167034,,neutral,1.0
ENSG00000167094,,neutral,1.0
ENSG00000167103,,neutral,1.0
ENSG00000167106,,neutral,1.0
ENSG00000167112,,neutral,1.0
ENSG00000167113,,neutral,1.0
ENSG00000167114,,neutral,1.0
ENSG00000167139,,neutral,1.0
ENSG00000167157,,neutral,1.0
ENSG00000167244,,neutral,1.0
ENSG00000167272,,neutral,1.0
ENSG00000167286,,neutral,1.0
ENSG00000167525,,neutral,1.0
ENSG00000167531,,gene-driven,1.0
ENSG00000167580,,gene-driven,1.0
ENSG00000167588,,gene-driven,1.0
ENSG00000167612,,gene-driven,1.0
ENSG00000167632,,gene-driven,1.0
ENSG00000167653,,gene-driven,1.0
ENSG00000167656,,neutral,1.0
ENSG00000167702,,neutral,1.0
ENSG00000167767,,gene-driven,1.0
ENSG00000167768,,gene-driven,0.932
ENSG00000167771,,neutral,1.0
ENSG00000167779,,gene-driven,1.0
ENSG00000167780,,gene-driven,1.0
ENSG00000167791,,neutral,1.0
ENSG00000167797,,neutral,1.0
ENSG00000167800,,neutral,1.0
ENSG00000167910,,neutral,1.0
ENSG00000167962,,gene-driven,1.0
ENSG00000167965,,gene-driven,1.0
ENSG00000167967,,gene-driven,1.0
ENSG00000167968,,gene-driven,1.0
ENSG00000167972,,regulation-driven,0.87
ENSG00000167977,,neutral,1.0
ENSG00000167981,,neutral,1.0
ENSG00000167985,,neutral,1.0
ENSG00000167987,,neutral,1.0
ENSG00000167992,,neutral,0.999
ENSG00000167994,,neutral,0.993
ENSG00000167995,,neutral,0.905
ENSG00000168056,,neutral,1.0
ENSG00000168062,,neutral,1.0
ENSG00000168071,,neutral,0.986
ENSG00000168077,,neutral,1.0
ENSG00000168079,,neutral,0.637
ENSG00000168092,,gene-driven,1.0
ENSG00000168118,,gene-driven,0.841
ENSG00000168143,,neutral,0.535
ENSG00000168152,,neutral,1.0
ENSG00000168172,,regulation-driven,0.772
ENSG00000168175,,neutral,1.0
ENSG00000168209,,neutral,1.0
ENSG00000168237,,neutral,0.997
ENSG00000168243,,neutral,1.0
ENSG00000168246,,neutral,1.0
ENSG00000168263,,neutral,1.0
ENSG00000168268,,gene-driven,1.0
ENSG00000168269,,gene-driven,1.0
ENSG00000168273,,neutral,1.0
ENSG00000168275,,neutral,1.0
ENSG00000168288,,neutral,1.0
ENSG00000168291,,gene-driven,0.985
ENSG00000168298,,neutral,1.0
ENSG00000168301,,neutral,1.0
ENSG00000168303,,neutral,1.0
ENSG00000168306,,gene-driven,0.746
ENSG00000168333,,neutral,1.0
ENSG00000168348,,neutral,1.0
ENSG00000168350,,neutral,1.0
ENSG00000168386,,neutral,0.567
ENSG00000168394,,gene-driven,1.0
ENSG00000168395,,gene-driven,1.0
ENSG00000168398,,gene-driven,1.0
ENSG00000168412,,gene-driven,0.783
ENSG00000168427,,neutral,0.989
ENSG00000168438,,neutral,0.721
ENSG00000168439,,dual-driven,0.809
ENSG00000168490,,neutral,0.739
ENSG00000168497,,neutral,1.0
ENSG00000168530,,neutral,0.898
ENSG00000168538,,neutral,0.767
ENSG00000168542,,regulation-driven,0.553
ENSG00000168556,,neutral,1.0
ENSG00000168564,,neutral,1.0
ENSG00000168566,,neutral,1.0
ENSG00000168594,,neutral,0.685
ENSG00000168615,,neutral,0.511
ENSG00000168621,,gene-driven,0.971
ENSG00000168672,,neutral,1.0
ENSG00000168679,,gene-driven,1.0
ENSG00000168685,,gene-driven,1.0
ENSG00000168702,,regulation-driven,0.958
ENSG00000168710,,neutral,0.579
ENSG00000168754,,neutral,1.0
ENSG00000168758,,neutral,1.0
ENSG00000168772,,gene-driven,0.957
ENSG00000168778,,neutral,1.0
ENSG00000168792,,gene-driven,1.0
ENSG00000168795,,neutral,1.0
ENSG00000168811,,gene-driven,1.0
ENSG00000168824,,neutral,0.545
ENSG00000168826,,neutral,0.999
ENSG00000168843,,regulation-driven,0.949
ENSG00000168890,,gene-driven,1.0
ENSG00000168894,,gene-driven,1.0
ENSG00000168899,,neutral,1.0
ENSG00000168906,,neutral,1.0
ENSG00000168907,,gene-driven,0.962
ENSG00000168917,,neutral,1.0
ENSG00000168924,,neutral,1.0
ENSG00000168938,,neutral,1.0
ENSG00000168952,,neutral,0.965
ENSG00000168961,,gene-driven,1.0
ENSG00000168993,,gene-driven,1.0
ENSG00000169006,,neutral,1.0
ENSG00000169016,,neutral,1.0
ENSG00000169019,,gene-driven,1.0
ENSG00000169020,,neutral,1.0
ENSG00000169026,,neutral,1.0
ENSG00000169031,,neutral,0.73
ENSG00000169032,,gene-driven,1.0
ENSG00000169062,,neutral,1.0
ENSG00000169087,,neutral,1.0
ENSG00000169116,,neutral,1.0
ENSG00000169129,,neutral,1.0
ENSG00000169139,,gene-driven,0.992
ENSG00000169174,,neutral,0.974
ENSG00000169194,,neutral,1.0
ENSG00000169213,,neutral,1.0
ENSG00000169231,,neutral,0.949
ENSG00000169241,,neutral,1.0
ENSG00000169242,,neutral,1.0
ENSG00000169245,,neutral,1.0
ENSG00000169247,,regulation-driven,0.54
ENSG00000169248,,gene-driven,1.0
ENSG00000169251,,neutral,0.742
ENSG00000169271,,neutral,1.0
ENSG00000169282,,gene-driven,1.0
ENSG00000169299,,neutral,0.999
ENSG00000169302,,gene-driven,1.0
ENSG00000169375,,neutral,0.98
ENSG00000169379,,neutral,0.849
ENSG00000169410,,gene-driven,0.52
ENSG00000169427,,regulation-driven,0.709
ENSG00000169429,,gene-driven,1.0
ENSG00000169435,,neutral,1.0
ENSG00000169495,,neutral,1.0
ENSG00000169499,,neutral,1.0
ENSG00000169504,,neutral,1.0
ENSG00000169519,,neutral,1.0
ENSG00000169550,,neutral,0.839
ENSG00000169564,,neutral,1.0
ENSG00000169567,,neutral,1.0
ENSG00000169570,,neutral,1.0
ENSG00000169583,,neutral,1.0
ENSG00000169605,,neutral,1.0
ENSG00000169607,,gene-driven,1.0
ENSG00000169621,,neutral,1.0
ENSG00000169692,,neutral,1.0
ENSG00000169744,,regulation-driven,1.0
ENSG00000169758,,neutral,0.541
ENSG00000169762,,gene-driven,1.0
ENSG00000169814,,gene-driven,1.0
ENSG00000169826,,neutral,0.989
ENSG00000169836,,neutral,1.0
ENSG00000169840,,neutral,1.0
ENSG00000169855,,gene-driven (relaxed),0.948
ENSG00000169884,,neutral,1.0
ENSG00000169885,,neutral,1.0
ENSG00000169903,,neutral,1.0
ENSG00000169908,,neutral,1.0
ENSG00000169914,,neutral,1.0
ENSG00000169918,,regulation-driven,0.866
ENSG00000169919,,neutral,1.0
ENSG00000169926,,neutral,1.0
ENSG00000169967,,neutral,1.0
ENSG00000170044,,neutral,0.966
ENSG00000170075,,gene-driven,0.991
ENSG00000170142,,gene-driven,0.501
ENSG00000170145,,neutral,0.561
ENSG00000170162,,neutral,1.0
ENSG00000170166,,neutral,1.0
ENSG00000170178,,neutral,1.0
ENSG00000170185,,gene-driven,1.0
ENSG00000170214,,neutral,1.0
ENSG00000170231,,neutral,1.0
ENSG00000170289,,gene-driven,0.976
ENSG00000170293,,neutral,1.0
ENSG00000170325,,neutral,0.664
ENSG00000170340,,neutral,1.0
ENSG00000170348,,neutral,1.0
ENSG00000170370,,neutral,1.0
ENSG00000170374,,neutral,1.0
ENSG00000170379,,neutral,0.997
ENSG00000170381,,neutral,1.0
ENSG00000170385,,neutral,1.0
ENSG00000170390,,neutral,1.0
ENSG00000170396,,neutral,0.857
ENSG00000170417,,neutral,1.0
ENSG00000170419,,neutral,0.98
ENSG00000170430,,neutral,1.0
ENSG00000170439,,neutral,1.0
ENSG00000170448,,neutral,0.968
ENSG00000170454,,regulation-driven,0.495
ENSG00000170458,,gene-driven,1.0
ENSG00000170464,,neutral,0.954
ENSG00000170482,,neutral,0.999
ENSG00000170484,,gene-driven,1.0
ENSG00000170498,,neutral,1.0
ENSG00000170500,,neutral,0.653
ENSG00000170509,,neutral,1.0
ENSG00000170542,,neutral,0.998
ENSG00000170545,,gene-driven,1.0
ENSG00000170577,,neutral,1.0
ENSG00000170581,,gene-driven,1.0
ENSG00000170584,,neutral,1.0
ENSG00000170606,,neutral,0.955
ENSG00000170613,,neutral,1.0
ENSG00000170615,,neutral,0.559
ENSG00000170624,,neutral,1.0
ENSG00000170627,,gene-driven,1.0
ENSG00000170633,,neutral,0.993
ENSG00000170743,,dual-driven,0.923
ENSG00000170759,,neutral,0.902
ENSG00000170775,,neutral,1.0
ENSG00000170786,,neutral,1.0
ENSG00000170801,,neutral,0.999
ENSG00000170807,,neutral,0.979
ENSG00000170819,,neutral,1.0
ENSG00000170860,,neutral,1.0
ENSG00000170873,,gene-driven,1.0
ENSG00000170876,,gene-driven,1.0
ENSG00000170881,,neutral,1.0
ENSG00000170890,,neutral,1.0
ENSG00000170891,,gene-driven,0.981
ENSG00000170893,,neutral,1.0
ENSG00000170899,,neutral,1.0
ENSG00000170903,,gene-driven,1.0
ENSG00000170915,,neutral,1.0
ENSG00000170950,,neutral,1.0
ENSG00000170955,,neutral,1.0
ENSG00000170961,,neutral,0.976
ENSG00000171016,,neutral,1.0
ENSG00000171053,,neutral,1.0
ENSG00000171097,,neutral,1.0
ENSG00000171115,,neutral,1.0
ENSG00000171121,,neutral,1.0
ENSG00000171126,,gene-driven,0.977
ENSG00000171130,,gene-driven,1.0
ENSG00000171135,,neutral,1.0
ENSG00000171160,,neutral,1.0
ENSG00000171169,,neutral,1.0
ENSG00000171202,,gene-driven,1.0
ENSG00000171209,,gene-driven,1.0
ENSG00000171217,,neutral,1.0
ENSG00000171243,SOSTDC1,neutral,1.0
ENSG00000171303,KCNK3,neutral,1.0
ENSG00000171357,LURAP1,neutral,1.0
ENSG00000171385,KCND3,neutral,0.605
ENSG00000171435,KSR2,regulation-driven,0.96
ENSG00000171448,ZBTB26,neutral,1.0
ENSG00000171476,HOPX,gene-driven,1.0
ENSG00000171488,LRRC8C,neutral,0.939
ENSG00000171495,MROH2B,gene-driven,1.0
ENSG00000171502,COL24A1,neutral,0.952
ENSG00000171503,ETFDH,gene-driven,0.725
ENSG00000171517,LPAR3,neutral,1.0
ENSG00000171522,PTGER4,neutral,1.0
ENSG00000171530,TBCA,gene-driven,0.984
ENSG00000171533,MAP6,neutral,1.0
ENSG00000171540,OTP,neutral,1.0
ENSG00000171551,ECEL1,neutral,1.0
ENSG00000171557,FGG,neutral,0.985
ENSG00000171564,FGB,neutral,0.536
ENSG00000171566,PLRG1,gene-driven,0.984
ENSG00000171596,NMUR1,neutral,1.0
ENSG00000171604,CXXC5,gene-driven,1.0
ENSG00000171621,SPSB1,neutral,1.0
ENSG00000171714,ANO5,gene-driven,1.0
ENSG00000171723,GPHN,gene-driven,1.0
ENSG00000171757,LRRC34,neutral,0.633
ENSG00000171759,PAH,regulation-driven,0.666
ENSG00000171766,GATM,regulation-driven,0.715
ENSG00000171812,COL8A2,neutral,1.0
ENSG00000171819,ANGPTL7,neutral,1.0
ENSG00000171823,FBXL14,neutral,1.0
ENSG00000171824,EXOSC10,neutral,0.902
ENSG00000171843,MLLT3,neutral,0.995
ENSG00000171865,RNASEH1,neutral,1.0
ENSG00000171872,KLF17,neutral,1.0
ENSG00000171931,FBXW10,neutral,0.554
ENSG00000171956,FOXB1,neutral,1.0
ENSG00000171992,SYNPO,neutral,0.958
ENSG00000172005,MAL,neutral,1.0
ENSG00000172007,RAB33B,gene-driven,1.0
ENSG00000172020,GAP43,neutral,0.828
ENSG00000172023,REG1B,neutral,1.0
ENSG00000172062,SMN1,neutral,1.0
ENSG00000172073,SPMIP9,neutral,1.0
ENSG00000172113,NME6,neutral,1.0
ENSG00000172115,CYCS,gene-driven,1.0
ENSG00000172159,FRMD3,neutral,1.0
ENSG00000172171,TEFM,gene-driven,1.0
ENSG00000172179,PRL,gene-driven,0.588
ENSG00000172197,MBOAT1,neutral,0.993
ENSG00000172209,GPR22,neutral,1.0
ENSG00000172243,CLEC7A,neutral,1.0
ENSG00000172260,NEGR1,neutral,0.957
ENSG00000172262,ZNF131,gene-driven,1.0
ENSG00000172273,HINFP,neutral,1.0
ENSG00000172292,CERS6,regulation-driven,1.0
ENSG00000172322,CLEC12A,neutral,1.0
ENSG00000172331,BPGM,neutral,0.661
ENSG00000172348,RCAN2,neutral,0.988
ENSG00000172350,ABCG4,neutral,0.651
ENSG00000172367,NHERF4,gene-driven,0.608
ENSG00000172399,MYOZ2,neutral,1.0
ENSG00000172425,TTC36,neutral,1.0
ENSG00000172426,RSPH9,neutral,1.0
ENSG00000172432,GTPBP2,gene-driven,1.0
ENSG00000172456,FGGY,neutral,0.978
ENSG00000172461,FUT9,neutral,1.0
ENSG00000172469,MANEA,neutral,1.0
ENSG00000172482,AGXT,neutral,0.809
ENSG00000172497,ACOT12,neutral,0.989
ENSG00000172508,CARNS1,neutral,0.974
ENSG00000172531,PPP1CA,neutral,0.999
ENSG00000172543,CTSW,neutral,1.0
ENSG00000172548,NIPAL4,neutral,0.712
ENSG00000172554,SNTG2,regulation-driven,0.914
ENSG00000172572,PDE3A,neutral,0.999
ENSG00000172586,CHCHD1,neutral,1.0
ENSG00000172594,SMPDL3A,neutral,1.0
ENSG00000172602,RND1,gene-driven,1.0
ENSG00000172663,TMEM134,gene-driven,1.0
ENSG00000172671,ZFAND4,neutral,0.994
ENSG00000172689,MS4A10,neutral,1.0
ENSG00000172731,LRRC20,neutral,1.0
ENSG00000172733,PURG,gene-driven,0.997
ENSG00000172766,NAA16,neutral,0.999
ENSG00000172789,HOXC5,neutral,1.0
ENSG00000172795,DCP2,neutral,0.959
ENSG00000172803,SNX32,neutral,0.969
ENSG00000172817,CYP7B1,neutral,1.0
ENSG00000172818,OVOL1,neutral,1.0
ENSG00000172867,KRT2,gene-driven,0.919
ENSG00000172878,METAP1D,neutral,1.0
ENSG00000172901,LVRN,neutral,1.0
ENSG00000172932,ANKRD13D,neutral,1.0
ENSG00000172985,SH3RF3,neutral,1.0
ENSG00000172987,HPSE2,regulation-driven,0.714
ENSG00000173011,TADA2B,neutral,1.0
ENSG00000173020,GRK2,neutral,0.957
ENSG00000173040,EVC2,gene-driven,1.0
ENSG00000173083,HPSE,neutral,1.0
ENSG00000173085,COQ2,gene-driven,0.975
ENSG00000173093,CCDC63,neutral,0.796
ENSG00000173113,TRMT112,neutral,1.0
ENSG00000173137,ADCK5,gene-driven,1.0
ENSG00000173145,NOC3L,neutral,1.0
ENSG00000173153,ESRRA,gene-driven,0.996
ENSG00000173156,RHOD,neutral,1.0
ENSG00000173171,MTX1,neutral,1.0
ENSG00000173175,,regulation-driven,0.937
ENSG00000173208,ABCD2,neutral,0.751
ENSG00000173210,ABLIM3,neutral,0.975
ENSG00000173212,MAB21L3,gene-driven,1.0
ENSG00000173218,VANGL1,gene-driven,1.0
ENSG00000173221,GLRX,gene-driven,1.0
ENSG00000173227,SYT12,neutral,0.678
ENSG00000173239,LIPM,neutral,1.0
ENSG00000173250,GPR151,neutral,1.0
ENSG00000173253,DMRT2,gene-driven,0.772
ENSG00000173258,ZNF483,gene-driven,1.0
ENSG00000173264,GPR137,gene-driven,1.0
ENSG00000173267,SNCG,neutral,1.0
ENSG00000173281,PPP1R3B,neutral,1.0
ENSG00000173320,STOX2,regulation-driven,0.575
ENSG00000173327,MAP3K11,neutral,1.0
ENSG00000173334,TRIB1,neutral,1.0
ENSG00000173369,C1QB,neutral,0.991
ENSG00000173389,IQCF1,neutral,1.0
ENSG00000173402,,gene-driven,1.0
ENSG00000173406,DAB1,regulation-driven,1.0
ENSG00000173409,ARV1,neutral,1.0
ENSG00000173421,IHO1,neutral,0.999
ENSG00000173456,RNF26,neutral,1.0
ENSG00000173473,SMARCC1,neutral,0.69
ENSG00000173486,FKBP2,neutral,1.0
ENSG00000173540,GMPPB,neutral,1.0
ENSG00000173597,SULT1B1,neutral,1.0
ENSG00000173612,GPRC6A,neutral,1.0
ENSG00000173621,LRFN4,neutral,1.0
ENSG00000173626,TRAPPC3L,neutral,0.695
ENSG00000173641,HSPB7,gene-driven,1.0
ENSG00000173653,RCE1,neutral,1.0
ENSG00000173702,MUC13,neutral,1.0
ENSG00000173705,SUSD5,neutral,0.999
ENSG00000173715,C11orf80,gene-driven,0.872
ENSG00000173726,TOMM20,neutral,1.0
ENSG00000173728,SPMIP3,neutral,1.0
ENSG00000173769,TOPAZ1,neutral,0.721
ENSG00000173846,PLK3,neutral,1.0
ENSG00000173848,NET1,gene-driven,1.0
ENSG00000173905,GOLIM4,neutral,1.0
ENSG00000173926,MARCHF3,neutral,1.0
ENSG00000173930,SLCO4C1,neutral,0.987
ENSG00000173947,CIMAP3,neutral,1.0
ENSG00000173960,UBXN2A,gene-driven,1.0
ENSG00000173992,CCS,neutral,1.0
ENSG00000174004,NRROS,neutral,1.0
ENSG00000174007,CEP19,neutral,1.0
ENSG00000174013,FBXO45,neutral,1.0
ENSG00000174015,CBY2,gene-driven,0.579
ENSG00000174059,CD34,neutral,1.0
ENSG00000174080,CTSF,neutral,0.664
ENSG00000174106,LEMD3,neutral,1.0
ENSG00000174136,RGMB,neutral,1.0
ENSG00000174145,NWD2,regulation-driven,0.884
ENSG00000174206,KICS2,gene-driven,1.0
ENSG00000174243,DDX23,gene-driven,0.762
ENSG00000174279,EVX2,neutral,1.0
ENSG00000174307,PHLDA3,neutral,1.0
ENSG00000174332,GLIS1,regulation-driven,0.994
ENSG00000174343,CHRNA9,neutral,1.0
ENSG00000174348,PODN,neutral,1.0
ENSG00000174358,SLC6A19,neutral,0.816
ENSG00000174417,TRHR,neutral,1.0
ENSG00000174429,ABRA,neutral,1.0
ENSG00000174446,SNAPC5,gene-driven,1.0
ENSG00000174453,VWC2L,neutral,0.993
ENSG00000174473,GALNTL6,regulation-driven,1.0
ENSG00000174498,IGDCC3,neutral,1.0
ENSG00000174502,SLC26A9,neutral,0.652
ENSG00000174514,MFSD4A,neutral,0.966
ENSG00000174516,PELI3,gene-driven,0.826
ENSG00000174527,MYO1H,regulation-driven,0.534
ENSG00000174547,MRPL11,neutral,1.0
ENSG00000174564,IL20RB,gene-driven,0.998
ENSG00000174567,GOLT1A,neutral,1.0
ENSG00000174576,NPAS4,neutral,1.0
ENSG00000174579,MSL2,neutral,0.821
ENSG00000174606,ANGEL2,gene-driven,1.0
ENSG00000174611,KY,neutral,0.994
ENSG00000174640,SLCO2A1,neutral,0.921
ENSG00000174669,SLC29A2,neutral,0.963
ENSG00000174684,B4GAT1,neutral,1.0
ENSG00000174695,TMEM167A,neutral,1.0
ENSG00000174697,LEP,neutral,1.0
ENSG00000174705,SH3PXD2B,gene-driven,0.923
ENSG00000174720,,neutral,0.791
ENSG00000174738,NR1D2,neutral,1.0
ENSG00000174748,RPL15,neutral,0.994
ENSG00000174749,FAM241A,neutral,1.0
ENSG00000174775,HRAS,neutral,1.0
ENSG00000174799,CEP135,neutral,0.512
ENSG00000174804,FZD4,neutral,0.996
ENSG00000174839,DENND6A,gene-driven,0.669
ENSG00000174840,PDE12,gene-driven,1.0
ENSG00000174851,YIF1A,neutral,1.0
ENSG00000174871,CNIH2,neutral,1.0
ENSG00000174885,NLRP6,neutral,0.998
ENSG00000174891,RSRC1,neutral,0.996
ENSG00000174903,RAB1B,neutral,1.0
ENSG00000174945,AMZ1,neutral,1.0
ENSG00000174946,GPR171,neutral,1.0
ENSG00000174948,GPR149,gene-driven,0.852
ENSG00000174989,FBXW8,neutral,1.0
ENSG00000174996,KLC2,neutral,0.933
ENSG00000175018,TEX36,neutral,1.0
ENSG00000175073,VCPIP1,neutral,0.888
ENSG00000175077,RTP1,neutral,1.0
ENSG00000175084,DES,neutral,0.999
ENSG00000175087,PDIK1L,neutral,1.0
ENSG00000175097,RAG2,neutral,1.0
ENSG00000175104,TRAF6,neutral,1.0
ENSG00000175105,ZNF654,neutral,1.0
ENSG00000175137,SH3BP5L,gene-driven,1.0
ENSG00000175161,CADM2,regulation-driven,0.81
ENSG00000175182,FAM131A,regulation-driven,1.0
ENSG00000175183,CSRP2,neutral,1.0
ENSG00000175197,DDIT3,gene-driven,1.0
ENSG00000175213,ZNF408,neutral,1.0
ENSG00000175224,ATG13,neutral,0.999
ENSG00000175229,GAL3ST3,neutral,1.0
ENSG00000175274,TP53I11,neutral,0.99
ENSG00000175279,CENPS,gene-driven,1.0
ENSG00000175283,DOLK,neutral,1.0
ENSG00000175294,CATSPER1,neutral,1.0
ENSG00000175315,CST6,neutral,1.0
ENSG00000175336,APOF,gene-driven,1.0
ENSG00000175352,NRIP3,gene-driven,1.0
ENSG00000175356,SCUBE2,gene-driven,1.0
ENSG00000175376,EIF1AD,neutral,1.0
ENSG00000175395,ZNF25,neutral,1.0
ENSG00000175449,RFESD,gene-driven,0.984
ENSG00000175463,TBC1D10C,neutral,1.0
ENSG00000175467,SART1,gene-driven,1.0
ENSG00000175513,TSGA10IP,gene-driven,0.905
ENSG00000175535,PNLIP,neutral,0.995
ENSG00000175544,CABP4,neutral,1.0
ENSG00000175575,PAAF1,gene-driven,0.768
ENSG00000175581,MRPL48,gene-driven,1.0
ENSG00000175600,SUGCT,gene-driven,1.0
ENSG00000175606,TMEM70,neutral,1.0
ENSG00000175634,RPS6KB2,gene-driven,1.0
ENSG00000175664,TEX26,neutral,1.0
ENSG00000175697,GPR156,neutral,0.997
ENSG00000175745,NR2F1,neutral,1.0
ENSG00000175756,AURKAIP1,gene-driven,1.0
ENSG00000175782,SLC35E3,neutral,1.0
ENSG00000175793,SFN,neutral,1.0
ENSG00000175877,TMEM270,gene-driven,1.0
ENSG00000175879,HOXD8,neutral,1.0
ENSG00000175893,ZDHHC21,neutral,1.0
ENSG00000175895,PLEKHF2,neutral,1.0
ENSG00000175920,DOK7,neutral,1.0
ENSG00000175946,KLHL38,gene-driven,0.649
ENSG00000175970,UNC119B,neutral,1.0
ENSG00000175984,DENND2C,neutral,0.677
ENSG00000175985,PLEKHD1,neutral,0.973
ENSG00000176018,LYSMD3,gene-driven,1.0
ENSG00000176029,C11orf16,neutral,1.0
ENSG00000176055,MBLAC2,gene-driven,0.997
ENSG00000176095,IP6K1,neutral,1.0
ENSG00000176101,SSNA1,neutral,1.0
ENSG00000176171,BNIP3,gene-driven,0.718
ENSG00000176248,ANAPC2,neutral,1.0
ENSG00000176273,SLC35G1,neutral,1.0
ENSG00000176340,COX8A,neutral,1.0
ENSG00000176383,B3GNT4,neutral,1.0
ENSG00000176393,RNPEP,gene-driven,1.0
ENSG00000176399,DMRTA1,neutral,1.0
ENSG00000176402,GJC3,neutral,1.0
ENSG00000176422,SPRYD4,neutral,1.0
ENSG00000176438,,neutral,0.792
ENSG00000176444,CLK2,neutral,1.0
ENSG00000176463,SLCO3A1,gene-driven (relaxed),0.984
ENSG00000176542,USF3,neutral,1.0
ENSG00000176623,RMDN1,neutral,1.0
ENSG00000176658,MYO1D,gene-driven,0.984
ENSG00000176697,BDNF,neutral,0.881
ENSG00000176720,BOK,neutral,1.0
ENSG00000176742,OR51V1,neutral,1.0
ENSG00000176769,TCERG1L,neutral,1.0
ENSG00000176884,GRIN1,regulation-driven,0.997
ENSG00000176907,TCIM,neutral,1.0
ENSG00000176915,ANKLE2,neutral,1.0
ENSG00000176946,THAP4,neutral,1.0
ENSG00000176956,LY6H,gene-driven,1.0
ENSG00000176978,DPP7,gene-driven,1.0
ENSG00000177000,MTHFR,neutral,1.0
ENSG00000177034,MTX3,gene-driven,1.0
ENSG00000177042,TMEM80,gene-driven,1.0
ENSG00000177047,IFNW1,neutral,1.0
ENSG00000177054,ZDHHC13,neutral,1.0
ENSG00000177058,SLC38A9,gene-driven,1.0
ENSG00000177076,ACER2,neutral,1.0
ENSG00000177098,SCN4B,neutral,1.0
ENSG00000177105,RHOG,neutral,1.0
ENSG00000177119,ANO6,gene-driven,1.0
ENSG00000177125,ZBTB34,neutral,1.0
ENSG00000177144,NUDT4B,neutral,1.0
ENSG00000177156,TALDO1,neutral,0.993
ENSG00000177169,ULK1,neutral,1.0
ENSG00000177181,RIMKLA,neutral,1.0
ENSG00000177192,PUS1,neutral,1.0
ENSG00000177239,,neutral,0.995
ENSG00000177301,KCNA2,neutral,0.985
ENSG00000177453,NIM1K,gene-driven,1.0
ENSG00000177468,OLIG3,neutral,1.0
ENSG00000177479,ARIH2,gene-driven,1.0
ENSG00000177519,RPRM,neutral,1.0
ENSG00000177551,NHLH2,gene-driven,1.0
ENSG00000177556,ATOX1,neutral,1.0
ENSG00000177570,SAMD12,gene-driven,0.993
ENSG00000177613,CSTF2T,gene-driven (relaxed),1.0
ENSG00000177614,PGBD5,neutral,0.979
ENSG00000177669,MBOAT4,neutral,1.0
ENSG00000177791,MYOZ1,neutral,1.0
ENSG00000177875,CCDC184,neutral,1.0
ENSG00000177879,AP3S1,neutral,1.0
ENSG00000177888,ZBTB41,neutral,1.0
ENSG00000177889,UBE2N,neutral,1.0
ENSG00000177910,SPATA31C2,neutral,0.681
ENSG00000177917,ARL6IP6,neutral,1.0
ENSG00000177947,CIMAP1A,neutral,1.0
ENSG00000177984,LCN15,neutral,1.0
ENSG00000178028,DMAP1,gene-driven,1.0
ENSG00000178033,CALHM5,neutral,1.0
ENSG00000178035,IMPDH2,neutral,0.992
ENSG00000178053,MLF1,neutral,0.696
ENSG00000178057,NDUFAF3,gene-driven,1.0
ENSG00000178074,C2orf69,neutral,1.0
ENSG00000178105,DDX10,neutral,0.805
ENSG00000178125,PPP1R42,neutral,1.0
ENSG00000178175,ZNF366,gene-driven,1.0
ENSG00000178177,,gene-driven,0.983
ENSG00000178233,TMEM151B,neutral,1.0
ENSG00000178301,AQP11,neutral,1.0
ENSG00000178307,TMEM11,neutral,1.0
ENSG00000178338,ZNF354B,neutral,1.0
ENSG00000178343,SHISA3,neutral,1.0
ENSG00000178401,DNAJC22,neutral,1.0
ENSG00000178409,BEND3,neutral,0.739
ENSG00000178460,MCMDC2,neutral,1.0
ENSG00000178462,TUBAL3,gene-driven,1.0
ENSG00000178522,AMBN,gene-driven,1.0
ENSG00000178537,SLC25A20,neutral,1.0
ENSG00000178538,CA8,neutral,0.991
ENSG00000178562,CD28,neutral,1.0
ENSG00000178602,OTOS,neutral,1.0
ENSG00000178662,CSRNP3,regulation-driven,0.719
ENSG00000178691,SUZ12,neutral,0.999
ENSG00000178694,NSUN3,neutral,1.0
ENSG00000178776,C5orf46,neutral,1.0
ENSG00000178795,GDPD4,gene-driven,0.534
ENSG00000178796,RIIAD1,neutral,1.0
ENSG00000178802,MPI,gene-driven,1.0
ENSG00000178804,H1-8,neutral,1.0
ENSG00000178821,TMEM52,neutral,1.0
ENSG00000178826,TMEM139,gene-driven,1.0
ENSG00000178860,MSC,gene-driven,1.0
ENSG00000178882,RFLNA,neutral,1.0
ENSG00000178965,,gene-driven,0.719
ENSG00000178988,MRFAP1L1,neutral,1.0
ENSG00000178997,EXD1,neutral,0.975
ENSG00000179002,TAS1R2,neutral,0.607
ENSG00000179008,C14orf39,neutral,0.999
ENSG00000179021,,gene-driven,0.989
ENSG00000179041,RRS1,neutral,1.0
ENSG00000179046,TRIML2,neutral,1.0
ENSG00000179051,RCC2,neutral,0.996
ENSG00000179057,IGSF22,neutral,1.0
ENSG00000179091,CYC1,neutral,1.0
ENSG00000179104,TMTC2,neutral,0.562
ENSG00000179119,SPTY2D1,neutral,1.0
ENSG00000179151,EDC3,neutral,0.835
ENSG00000179152,TCAIM,neutral,1.0
ENSG00000179241,LDLRAD3,neutral,1.0
ENSG00000179256,SMCO3,neutral,1.0
ENSG00000179270,PCARE,neutral,1.0
ENSG00000179292,TMEM151A,neutral,1.0
ENSG00000179299,NSUN7,neutral,0.953
ENSG00000179331,RAB39A,neutral,1.0
ENSG00000179364,PACS2,regulation-driven,0.613
ENSG00000179388,EGR3,neutral,1.0
ENSG00000179397,CATSPERE,neutral,0.926
ENSG00000179455,MKRN3,gene-driven,0.999
ENSG00000179456,ZBTB18,neutral,1.0
ENSG00000179476,C14orf28,neutral,1.0
ENSG00000179526,SHARPIN,gene-driven,0.991
ENSG00000179528,LBX2,neutral,1.0
ENSG00000179562,GCC1,neutral,1.0
ENSG00000179564,LSMEM2,neutral,1.0
ENSG00000179580,RNF151,gene-driven,1.0
ENSG00000179639,FCER1A,neutral,1.0
ENSG00000179715,PCED1B,neutral,1.0
ENSG00000179813,FAM216B,neutral,1.0
ENSG00000179817,MRGPRX4,neutral,1.0
ENSG00000179869,,neutral,0.758
ENSG00000179902,CFAP276,neutral,1.0
ENSG00000179914,ITLN1,neutral,1.0
ENSG00000179930,ZNF648,neutral,1.0
ENSG00000179941,BBS10,neutral,1.0
ENSG00000179988,PSTK,neutral,1.0
ENSG00000180053,NKX2-6,neutral,1.0
ENSG00000180098,TRNAU1AP,neutral,1.0
ENSG00000180116,C12orf40,gene-driven,0.802
ENSG00000180176,TH,neutral,0.821
ENSG00000180185,FAHD1,gene-driven,1.0
ENSG00000180198,RCC1,neutral,0.562
ENSG00000180219,GARIN6,neutral,1.0
ENSG00000180233,ZNRF2,neutral,1.0
ENSG00000180251,SLC9A4,neutral,0.725
ENSG00000180263,,neutral,0.995
ENSG00000180316,PNPLA1,neutral,0.876
ENSG00000180332,KCTD4,neutral,1.0
ENSG00000180357,ZNF609,neutral,1.0
ENSG00000180423,HARBI1,neutral,1.0
ENSG00000180432,CYP8B1,neutral,1.0
ENSG00000180481,GLIPR1L2,neutral,1.0
ENSG00000180537,RNF182,neutral,1.0
ENSG00000180549,FUT7,neutral,1.0
ENSG00000180573,H2AC6,neutral,1.0
ENSG00000180611,MB21D2,neutral,1.0
ENSG00000180613,GSX2,neutral,1.0
ENSG00000180628,PCGF5,gene-driven,0.982
ENSG00000180638,SLC47A2,neutral,0.791
ENSG00000180644,PRF1,gene-driven,0.939
ENSG00000180660,MAB21L1,neutral,1.0
ENSG00000180667,YOD1,neutral,1.0
ENSG00000180697,C3orf22,neutral,1.0
ENSG00000180730,SHISA2,neutral,1.0
ENSG00000180745,CLRN3,neutral,1.0
ENSG00000180758,GPR157,neutral,1.0
ENSG00000180767,CHST13,neutral,1.0
ENSG00000180773,SLC36A4,gene-driven,1.0
ENSG00000180801,ARSJ,neutral,1.0
ENSG00000180806,HOXC9,gene-driven,1.0
ENSG00000180875,GREM2,neutral,1.0
ENSG00000180878,C11orf42,neutral,1.0
ENSG00000180881,CAPS2,gene-driven,1.0
ENSG00000180934,OR56A1,neutral,1.0
ENSG00000180938,ZNF572,neutral,1.0
ENSG00000181072,CHRM2,neutral,1.0
ENSG00000181085,MAPK15,neutral,1.0
ENSG00000181092,ADIPOQ,gene-driven,1.0
ENSG00000181104,F2R,neutral,1.0
ENSG00000181135,ZNF707,gene-driven,0.982
ENSG00000181218,H2AC25,neutral,1.0
ENSG00000181220,ZNF746,neutral,1.0
ENSG00000181234,TMEM132C,neutral,0.819
ENSG00000181264,TLCD5,gene-driven,0.996
ENSG00000181291,TMEM132E,neutral,0.758
ENSG00000181333,HEPHL1,neutral,1.0
ENSG00000181381,DDX60L,gene-driven,0.987
ENSG00000181418,DDN,neutral,1.0
ENSG00000181472,ZBTB2,neutral,1.0
ENSG00000181541,MAB21L2,neutral,1.0
ENSG00000181617,FDCSP,neutral,1.0
ENSG00000181631,P2RY13,neutral,1.0
ENSG00000181634,TNFSF15,neutral,1.0
ENSG00000181652,ATG9B,neutral,0.98
ENSG00000181690,PLAG1,neutral,0.802
ENSG00000181744,DIPK2A,neutral,0.615
ENSG00000181754,AMIGO1,neutral,1.0
ENSG00000181773,GPR3,neutral,1.0
ENSG00000181778,TMEM252,neutral,1.0
ENSG00000181790,ADGRB1,regulation-driven,0.931
ENSG00000181817,LSM10,neutral,1.0
ENSG00000181873,IBA57,neutral,1.0
ENSG00000181904,C5orf24,neutral,1.0
ENSG00000181982,CCDC149,neutral,1.0
ENSG00000182010,RTKN2,neutral,0.999
ENSG00000182054,IDH2,neutral,0.994
ENSG00000182077,PTCHD3,neutral,1.0
ENSG00000182117,NOP10,neutral,1.0
ENSG00000182132,KCNIP1,regulation-driven,0.908
ENSG00000182134,TDRKH,gene-driven (relaxed),1.0
ENSG00000182168,UNC5C,neutral,0.987
ENSG00000182179,UBA7,neutral,1.0
ENSG00000182180,MRPS16,neutral,1.0
ENSG00000182183,SHISAL2A,neutral,1.0
ENSG00000182208,MOB2,neutral,1.0
ENSG00000182223,ZAR1,neutral,1.0
ENSG00000182263,FIGN,regulation-driven,0.796
ENSG00000182271,TMIGD1,gene-driven,1.0
ENSG00000182272,B4GALNT4,neutral,0.633
ENSG00000182307,C8orf33,gene-driven,1.0
ENSG00000182325,FBXL6,gene-driven,1.0
ENSG00000182333,LIPF,neutral,0.615
ENSG00000182348,ZNF804B,neutral,0.576
ENSG00000182359,KBTBD3,gene-driven,1.0
ENSG00000182372,CLN8,neutral,1.0
ENSG00000182447,OTOL1,neutral,1.0
ENSG00000182504,CEP97,neutral,1.0
ENSG00000182533,CAV3,neutral,1.0
ENSG00000182552,RWDD4,neutral,1.0
ENSG00000182568,SATB1,gene-driven,1.0
ENSG00000182645,CCDC172,neutral,1.0
ENSG00000182685,BRICD5,gene-driven,1.0
ENSG00000182698,RESP18,neutral,1.0
ENSG00000182704,TSKU,gene-driven,1.0
ENSG00000182732,RGS6,gene-driven,0.979
ENSG00000182747,SLC35D3,neutral,1.0
ENSG00000182752,PAPPA,neutral,0.758
ENSG00000182768,NGRN,neutral,1.0
ENSG00000182771,GRID1,gene-driven,1.0
ENSG00000182795,C1orf116,neutral,1.0
ENSG00000182827,ACBD3,neutral,1.0
ENSG00000182866,LCK,gene-driven,0.947
ENSG00000182901,,regulation-driven,0.998
ENSG00000182934,SRPRA,neutral,1.0
ENSG00000182950,CIMAP1C,neutral,1.0
ENSG00000183049,CAMK1D,neutral,0.799
ENSG00000183090,FREM3,regulation-driven,0.538
ENSG00000183128,CALHM3,neutral,1.0
ENSG00000183155,RABIF,neutral,1.0
ENSG00000183166,CALN1,gene-driven,0.83
ENSG00000183185,GABRR3,neutral,0.998
ENSG00000183273,CCDC60,neutral,1.0
ENSG00000183283,DAZAP2,gene-driven,1.0
ENSG00000183317,EPHA10,regulation-driven,0.711
ENSG00000183323,CCDC125,gene-driven,1.0
ENSG00000183324,REC114,neutral,1.0
ENSG00000183347,GBP6,neutral,1.0
ENSG00000183379,SYNDIG1L,neutral,1.0
ENSG00000183386,FHL3,neutral,1.0
ENSG00000183395,PMCH,neutral,1.0
ENSG00000183396,TMEM89,neutral,1.0
ENSG00000183423,LRIT3,neutral,1.0
ENSG00000183508,TENT5C,gene-driven,0.924
ENSG00000183513,COA5,neutral,1.0
ENSG00000183520,UTP11,neutral,1.0
ENSG00000183560,IZUMO1R,gene-driven,1.0
ENSG00000183576,SETD3,neutral,0.99
ENSG00000183578,TNFAIP8L3,neutral,1.0
ENSG00000183580,FBXL7,neutral,0.761
ENSG00000183607,GKN2,gene-driven,1.0
ENSG00000183615,FAM167B,neutral,1.0
ENSG00000183621,,gene-driven,1.0
ENSG00000183638,RP1L1,neutral,1.0
ENSG00000183644,HOATZ,neutral,1.0
ENSG00000183648,NDUFB1,gene-driven,1.0
ENSG00000183715,OPCML,regulation-driven,0.833
ENSG00000183722,LHFPL6,neutral,1.0
ENSG00000183733,FIGLA,neutral,1.0
ENSG00000183742,MACC1,gene-driven,0.65
ENSG00000183751,TBL3,gene-driven,1.0
ENSG00000183775,KCTD16,neutral,0.993
ENSG00000183779,ZNF703,neutral,1.0
ENSG00000183780,SLC35F3,neutral,0.948
ENSG00000183807,FAM162B,neutral,1.0
ENSG00000183813,CCR4,neutral,1.0
ENSG00000183814,LIN9,gene-driven,1.0
ENSG00000183831,ANKRD45,neutral,1.0
ENSG00000183833,CFAP91,gene-driven,1.0
ENSG00000183840,GPR39,neutral,1.0
ENSG00000183856,IQGAP3,neutral,0.712
ENSG00000183888,SRARP,neutral,1.0
ENSG00000183908,LRRC55,gene-driven,1.0
ENSG00000183960,KCNH8,neutral,0.96
ENSG00000183977,PP2D1,neutral,1.0
ENSG00000184108,TRIML1,neutral,1.0
ENSG00000184163,C1QTNF12,gene-driven,1.0
ENSG00000184209,SNRNP35,neutral,1.0
ENSG00000184220,CMSS1,gene-driven,1.0
ENSG00000184232,OAF,gene-driven,1.0
ENSG00000184260,H2AC20,neutral,1.0
ENSG00000184271,POU6F1,neutral,1.0
ENSG00000184302,SIX6,neutral,1.0
ENSG00000184305,CCSER1,neutral,1.0
ENSG00000184307,ZDHHC23,neutral,0.977
ENSG00000184344,GDF3,neutral,1.0
ENSG00000184345,IQCF2,neutral,1.0
ENSG00000184347,SLIT3,neutral,0.826
ENSG00000184349,,regulation-driven,0.649
ENSG00000184357,H1-5,neutral,1.0
ENSG00000184371,CSF1,gene-driven,1.0
ENSG00000184374,COLEC10,neutral,0.914
ENSG00000184378,ACTRT3,neutral,1.0
ENSG00000184384,MAML2,neutral,1.0
ENSG00000184434,LRRC19,neutral,1.0
ENSG00000184445,KNTC1,neutral,0.512
ENSG00000184454,NCMAP,neutral,1.0
ENSG00000184500,PROS1,neutral,0.8
ENSG00000184564,SLITRK6,neutral,1.0
ENSG00000184574,LPAR5,gene-driven,1.0
ENSG00000184584,STING1,neutral,1.0
ENSG00000184601,C14orf180,neutral,1.0
ENSG00000184611,KCNH7,regulation-driven,0.99
ENSG00000184661,CDCA2,neutral,1.0
ENSG00000184677,ZBTB40,neutral,0.989
ENSG00000184719,RNLS,neutral,1.0
ENSG00000184752,NDUFA12,neutral,1.0
ENSG00000184786,DYNLT2,neutral,1.0
ENSG00000184840,TMED9,neutral,1.0
ENSG00000184845,DRD1,neutral,1.0
ENSG00000184887,BTBD6,neutral,1.0
ENSG00000184898,RBM43,neutral,1.0
ENSG00000184903,IMMP2L,neutral,1.0
ENSG00000184916,JAG2,neutral,0.859
ENSG00000184923,NUTM2A,gene-driven,1.0
ENSG00000184924,PTRHD1,neutral,1.0
ENSG00000184925,LCN12,neutral,1.0
ENSG00000184937,WT1,regulation-driven,0.707
ENSG00000184945,AQP12A,gene-driven,1.0
ENSG00000184992,BRI3BP,neutral,1.0
ENSG00000185000,DGAT1,neutral,1.0
ENSG00000185002,RFX6,neutral,0.932
ENSG00000185009,AP3M1,neutral,1.0
ENSG00000185024,BRF1,gene-driven,1.0
ENSG00000185033,SEMA4B,gene-driven,1.0
ENSG00000185043,CIB1,gene-driven,1.0
ENSG00000185055,EFCAB10,neutral,1.0
ENSG00000185069,KRT76,neutral,1.0
ENSG00000185085,INTS5,neutral,1.0
ENSG00000185090,MANEAL,neutral,1.0
ENSG00000185100,ADSS1,neutral,0.802
ENSG00000185104,FAF1,gene-driven,1.0
ENSG00000185127,C6orf120,neutral,1.0
ENSG00000185149,NPY2R,neutral,1.0
ENSG00000185155,MIXL1,neutral,1.0
ENSG00000185163,DDX51,neutral,1.0
ENSG00000185176,AQP12B,neutral,1.0
ENSG00000185219,ZNF445,neutral,1.0
ENSG00000185220,PGBD2,gene-driven,1.0
ENSG00000185238,PRMT3,neutral,0.867
ENSG00000185246,PRPF39,gene-driven,1.0
ENSG00000185261,KIAA0825,gene-driven,1.0
ENSG00000185267,CDNF,neutral,1.0
ENSG00000185271,KLHL33,neutral,0.994
ENSG00000185278,ZBTB37,neutral,0.971
ENSG00000185305,ARL15,gene-driven,0.541
ENSG00000185313,SCN10A,gene-driven,1.0
ENSG00000185344,ATP6V0A2,neutral,1.0
ENSG00000185352,HS6ST3,neutral,1.0
ENSG00000185414,MRPL30,neutral,1.0
ENSG00000185436,IFNLR1,neutral,1.0
ENSG00000185467,KPNA7,gene-driven (relaxed),0.999
ENSG00000185480,PARPBP,neutral,1.0
ENSG00000185483,ROR1,neutral,0.506
ENSG00000185499,MUC1,gene-driven,1.0
ENSG00000185518,SV2B,gene-driven,1.0
ENSG00000185519,FAM131C,neutral,1.0
ENSG00000185532,PRKG1,neutral,0.913
ENSG00000185559,DLK1,neutral,0.909
ENSG00000185585,OLFML2A,neutral,0.96
ENSG00000185591,SP1,gene-driven,1.0
ENSG00000185610,DBX2,neutral,1.0
ENSG00000185614,INKA1,neutral,1.0
ENSG00000185633,NDUFA4L2,gene-driven,1.0
ENSG00000185634,SHC4,neutral,0.997
ENSG00000185640,KRT79,gene-driven,0.958
ENSG00000185652,NTF3,neutral,0.992
ENSG00000185662,SMIM23,gene-driven,1.0
ENSG00000185670,ZBTB3,gene-driven,1.0
ENSG00000185697,MYBL1,regulation-driven,0.771
ENSG00000185736,ADARB2,neutral,0.983
ENSG00000185742,C11orf87,neutral,1.0
ENSG00000185774,KCNIP4,neutral,0.611
ENSG00000185798,WDR53,gene-driven,0.806
ENSG00000185860,CCDC190,neutral,1.0
ENSG00000185863,TMEM210,neutral,1.0
ENSG00000185896,LAMP1,gene-driven,1.0
ENSG00000185909,KLHDC8B,neutral,1.0
ENSG00000185933,CALHM1,neutral,1.0
ENSG00000185942,NKAIN3,neutral,0.841
ENSG00000185989,RASA3,neutral,0.504
ENSG00000186007,LEMD1,gene-driven,1.0
ENSG00000186009,ATP4B,neutral,1.0
ENSG00000186038,HTR3E,gene-driven,0.908
ENSG00000186073,CDIN1,neutral,0.696
ENSG00000186106,ANKRD46,gene-driven,0.875
ENSG00000186130,ZBTB6,neutral,1.0
ENSG00000186166,CENATAC,neutral,1.0
ENSG00000186174,BCL9L,neutral,1.0
ENSG00000186188,FFAR4,neutral,1.0
ENSG00000186193,SAPCD2,neutral,1.0
ENSG00000186197,EDARADD,gene-driven,0.951
ENSG00000186198,SLC51B,neutral,1.0
ENSG00000186231,KLHL32,neutral,0.944
ENSG00000186265,BTLA,neutral,1.0
ENSG00000186318,BACE1,gene-driven,1.0
ENSG00000186334,SLC36A3,neutral,1.0
ENSG00000186350,RXRA,neutral,0.782
ENSG00000186367,MINAR2,neutral,1.0
ENSG00000186377,CYP4X1,neutral,0.998
ENSG00000186442,KRT3,neutral,1.0
ENSG00000186468,RPS23,neutral,0.63
ENSG00000186479,RGS7BP,gene-driven,1.0
ENSG00000186501,TMEM222,neutral,1.0
ENSG00000186583,SPATC1,neutral,1.0
ENSG00000186591,UBE2H,neutral,1.0
ENSG00000186603,HPDL,neutral,1.0
ENSG00000186638,KIF24,neutral,0.603
ENSG00000186648,CARMIL3,regulation-driven,1.0
ENSG00000186660,ZFP91,neutral,0.917
ENSG00000186684,CYP27C1,neutral,1.0
ENSG00000186687,LYRM7,neutral,1.0
ENSG00000186710,CFAP73,neutral,1.0
ENSG00000186766,FOXI2,neutral,1.0
ENSG00000186795,KCNK18,neutral,1.0
ENSG00000186827,TNFRSF4,neutral,1.0
ENSG00000186854,TRABD2A,neutral,0.989
ENSG00000186867,QRFPR,neutral,1.0
ENSG00000186881,OR13F1,neutral,1.0
ENSG00000186891,TNFRSF18,gene-driven,1.0
ENSG00000186895,FGF3,neutral,1.0
ENSG00000186907,RTN4RL2,neutral,1.0
ENSG00000186908,ZDHHC17,neutral,0.791
ENSG00000186910,SERPINA11,neutral,1.0
ENSG00000187003,ACTL7A,neutral,1.0
ENSG00000187024,PTRH1,gene-driven,0.859
ENSG00000187033,SAMD7,gene-driven,1.0
ENSG00000187048,CYP4A11,neutral,0.998
ENSG00000187049,TMEM216,gene-driven,1.0
ENSG00000187054,TMPRSS11A,gene-driven,0.924
ENSG00000187068,C3orf70,neutral,1.0
ENSG00000187091,PLCD1,neutral,0.897
ENSG00000187094,CCK,neutral,1.0
ENSG00000187098,MITF,neutral,1.0
ENSG00000187109,NAP1L1,gene-driven,1.0
ENSG00000187118,CMC1,gene-driven,1.0
ENSG00000187151,ANGPTL5,neutral,1.0
ENSG00000187164,SHTN1,gene-driven,1.0
ENSG00000187186,ENSG00000187186,gene-driven,1.0
ENSG00000187258,NPSR1,neutral,0.94
ENSG00000187260,WDR86,gene-driven,0.608
ENSG00000187288,CIDEC,neutral,0.989
ENSG00000187398,LUZP2,gene-driven,0.994
ENSG00000187498,,gene-driven,1.0
ENSG00000187527,ATP13A5,neutral,0.979
ENSG00000187566,NHLRC1,neutral,1.0
ENSG00000187583,PLEKHN1,neutral,1.0
ENSG00000187605,,regulation-driven,0.529
ENSG00000187616,MYMK,neutral,1.0
ENSG00000187642,PERM1,gene-driven,1.0
ENSG00000187676,B3GLCT,neutral,0.859
ENSG00000187713,TMEM203,neutral,1.0
ENSG00000187715,KBTBD12,gene-driven,0.977
ENSG00000187735,TCEA1,gene-driven,1.0
ENSG00000187736,NHEJ1,gene-driven,1.0
ENSG00000187778,MCRS1,gene-driven,1.0
ENSG00000187783,TMEM72,neutral,1.0
ENSG00000187796,CARD9,gene-driven,0.999
ENSG00000187801,ZFP69B,gene-driven,0.797
ENSG00000187806,TMEM202,neutral,1.0
ENSG00000187821,HELT,neutral,1.0
ENSG00000187833,C2orf78,neutral,1.0
ENSG00000187862,TTC24,neutral,1.0
ENSG00000187871,GFRAL,neutral,1.0
ENSG00000187889,FYB2,neutral,1.0
ENSG00000187954,ZFTRAF1,neutral,0.994
ENSG00000187957,DNER,neutral,0.517
ENSG00000188010,MORN2,neutral,1.0
ENSG00000188015,S100A3,gene-driven,1.0
ENSG00000188026,RILPL1,neutral,0.964
ENSG00000188060,RAB42,gene-driven,1.0
ENSG00000188089,PLA2G4E,neutral,0.539
ENSG00000188112,C6orf132,neutral,1.0
ENSG00000188133,TMEM215,neutral,1.0
ENSG00000188175,HEPACAM2,gene-driven (relaxed),0.979
ENSG00000188177,ZC3H6,neutral,0.959
ENSG00000188191,PRKAR1B,neutral,1.0
ENSG00000188199,NUTM2B,gene-driven,1.0
ENSG00000188243,COMMD6,neutral,1.0
ENSG00000188257,PLA2G2A,neutral,1.0
ENSG00000188277,C15orf62,neutral,1.0
ENSG00000188282,RUFY4,neutral,1.0
ENSG00000188306,LRRIQ4,gene-driven,1.0
ENSG00000188312,CENPP,neutral,1.0
ENSG00000188342,GTF2F2,neutral,1.0
ENSG00000188393,CLEC2A,neutral,1.0
ENSG00000188467,SLC24A5,neutral,0.998
ENSG00000188487,INSC,regulation-driven,0.906
ENSG00000188522,FAM83G,neutral,0.501
ENSG00000188523,CFAP77,neutral,1.0
ENSG00000188529,SRSF10,neutral,1.0
ENSG00000188610,FAM72B,gene-driven,0.928
ENSG00000188611,ASAH2,gene-driven,1.0
ENSG00000188620,HMX3,neutral,1.0
ENSG00000188643,S100A16,neutral,1.0
ENSG00000188676,IDO2,neutral,1.0
ENSG00000188690,UROS,neutral,1.0
ENSG00000188716,DUSP29,neutral,1.0
ENSG00000188729,OSTN,neutral,1.0
ENSG00000188730,VWC2,neutral,0.891
ENSG00000188732,FAM221A,neutral,1.0
ENSG00000188760,TMEM198,neutral,1.0
ENSG00000188761,BCL2L15,neutral,1.0
ENSG00000188778,ADRB3,neutral,1.0
ENSG00000188779,SKOR1,neutral,1.0
ENSG00000188782,CATSPER4,neutral,1.0
ENSG00000188783,PRELP,neutral,1.0
ENSG00000188784,PLA2G2E,neutral,1.0
ENSG00000188786,MTF1,neutral,0.998
ENSG00000188800,TMCO2,neutral,1.0
ENSG00000188811,NHLRC3,neutral,1.0
ENSG00000188816,HMX2,neutral,1.0
ENSG00000188848,BEND4,regulation-driven,0.994
ENSG00000188909,BSX,neutral,1.0
ENSG00000188916,INSYN2A,neutral,1.0
ENSG00000188921,HACD4,neutral,1.0
ENSG00000188931,CFAP126,neutral,1.0
ENSG00000188959,C9orf152,neutral,1.0
ENSG00000188981,MSANTD1,neutral,1.0
ENSG00000188986,NELFB,neutral,1.0
ENSG00000188991,SLC15A5,neutral,1.0
ENSG00000188993,LRRC66,gene-driven,1.0
ENSG00000189007,ADAT2,neutral,1.0
ENSG00000189043,NDUFA4,neutral,1.0
ENSG00000189046,ALKBH2,neutral,1.0
ENSG00000189099,PRSS48,neutral,1.0
ENSG00000189143,CLDN4,neutral,1.0
ENSG00000189167,ZAR1L,neutral,1.0
ENSG00000189171,S100A13,neutral,1.0
ENSG00000189180,ZNF33A,neutral,1.0
ENSG00000189184,PCDH18,neutral,0.974
ENSG00000189227,C15orf61,neutral,1.0
ENSG00000189241,TSPYL1,neutral,1.0
ENSG00000189298,ZKSCAN3,gene-driven,1.0
ENSG00000189308,LIN54,neutral,0.962
ENSG00000189319,FAM53B,neutral,1.0
ENSG00000189320,FAM180A,gene-driven,1.0
ENSG00000189325,BNIP5,neutral,1.0
ENSG00000189339,SLC35E2B,neutral,1.0
ENSG00000189350,TOGARAM2,regulation-driven,0.95
ENSG00000189376,C8orf76,neutral,1.0
ENSG00000189410,SH2D5,neutral,1.0
ENSG00000189433,GJB4,neutral,1.0
ENSG00000196116,TDRD7,neutral,0.999
ENSG00000196151,WDSUB1,gene-driven,0.697
ENSG00000196152,ZNF79,neutral,1.0
ENSG00000196154,S100A4,gene-driven,1.0
ENSG00000196177,ACADSB,neutral,0.996
ENSG00000196182,STK40,neutral,0.999
ENSG00000196189,SEMA4A,neutral,0.714
ENSG00000196199,MPHOSPH8,neutral,1.0
ENSG00000196220,,regulation-driven,0.916
ENSG00000196230,TUBB,gene-driven,1.0
ENSG00000196247,ZNF107,gene-driven,0.972
ENSG00000196260,SFTA2,gene-driven,1.0
ENSG00000196277,GRM7,neutral,0.648
ENSG00000196284,SUPT3H,neutral,1.0
ENSG00000196329,GIMAP5,gene-driven,1.0
ENSG00000196345,ZKSCAN7,gene-driven,1.0
ENSG00000196353,CPNE4,dual-driven,0.899
ENSG00000196358,NTNG2,regulation-driven,0.771
ENSG00000196372,ASB13,gene-driven,1.0
ENSG00000196376,SLC35F1,neutral,0.984
ENSG00000196378,ZNF34,neutral,1.0
ENSG00000196387,ZNF140,gene-driven,1.0
ENSG00000196408,NOXO1,gene-driven,1.0
ENSG00000196420,S100A5,gene-driven,1.0
ENSG00000196449,YRDC,neutral,1.0
ENSG00000196453,ZNF777,neutral,1.0
ENSG00000196458,ZNF605,neutral,1.0
ENSG00000196465,MYL6B,gene-driven,1.0
ENSG00000196482,ESRRG,regulation-driven,1.0
ENSG00000196503,ARL9,gene-driven,1.0
ENSG00000196504,PRPF40A,neutral,0.972
ENSG00000196505,GDAP2,gene-driven,1.0
ENSG00000196526,AFAP1,neutral,0.657
ENSG00000196547,MAN2A2,gene-driven,1.0
ENSG00000196581,AJAP1,neutral,0.969
ENSG00000196584,XRCC2,gene-driven,1.0
ENSG00000196611,MMP1,neutral,1.0
ENSG00000196652,ZKSCAN5,neutral,1.0
ENSG00000196653,ZNF502,neutral,1.0
ENSG00000196655,TRAPPC4,gene-driven,0.742
ENSG00000196660,SLC30A10,neutral,1.0
ENSG00000196663,TECPR2,neutral,0.849
ENSG00000196666,FAM180B,neutral,1.0
ENSG00000196711,ALKAL1,neutral,1.0
ENSG00000196715,VKORC1L1,gene-driven,0.671
ENSG00000196754,S100A2,neutral,1.0
ENSG00000196776,CD47,neutral,1.0
ENSG00000196781,TLE1,gene-driven,0.996
ENSG00000196811,CHRNG,neutral,1.0
ENSG00000196812,ZSCAN16,neutral,1.0
ENSG00000196821,ILRUN,neutral,0.929
ENSG00000196843,ARID5A,neutral,1.0
ENSG00000196844,PATE2,neutral,1.0
ENSG00000196850,PPTC7,neutral,1.0
ENSG00000196865,NHLRC2,neutral,1.0
ENSG00000196890,H2BC26,neutral,1.0
ENSG00000196911,KPNA5,neutral,1.0
ENSG00000196923,PDLIM7,neutral,0.898
ENSG00000196932,TMEM26,gene-driven,0.999
ENSG00000196950,SLC39A10,neutral,0.707
ENSG00000196968,FUT11,neutral,1.0
ENSG00000196981,WDR5B,neutral,1.0
ENSG00000196990,FAM163B,gene-driven,1.0
ENSG00000197024,ZNF398,gene-driven,1.0
ENSG00000197037,ZSCAN25,neutral,1.0
ENSG00000197045,GMFB,gene-driven,0.989
ENSG00000197057,DTHD1,neutral,0.955
ENSG00000197106,SLC6A17,regulation-driven,0.805
ENSG00000197136,,neutral,0.996
ENSG00000197142,ACSL5,gene-driven,1.0
ENSG00000197168,NEK5,neutral,0.855
ENSG00000197181,PIWIL2,regulation-driven,0.754
ENSG00000197191,CYSRT1,neutral,1.0
ENSG00000197208,SLC22A4,neutral,1.0
ENSG00000197241,SLC2A7,neutral,1.0
ENSG00000197273,GUCA2A,neutral,1.0
ENSG00000197279,ZNF165,gene-driven,1.0
ENSG00000197299,,neutral,0.998
ENSG00000197329,PELI1,regulation-driven,0.59
ENSG00000197345,MRPL21,gene-driven,1.0
ENSG00000197353,LYPD2,neutral,1.0
ENSG00000197355,UAP1L1,neutral,0.613
ENSG00000197361,FBXL22,neutral,1.0
ENSG00000197362,ZNF786,neutral,1.0
ENSG00000197375,SLC22A5,neutral,0.977
ENSG00000197429,IPP,neutral,0.944
ENSG00000197430,OPALIN,neutral,1.0
ENSG00000197442,MAP3K5,regulation-driven,0.943
ENSG00000197444,OGDHL,regulation-driven,0.932
ENSG00000197451,HNRNPAB,neutral,1.0
ENSG00000197506,SLC28A3,neutral,1.0
ENSG00000197557,IFT70A,neutral,1.0
ENSG00000197579,TOPORS,neutral,1.0
ENSG00000197587,DMBX1,neutral,1.0
ENSG00000197599,CCDC154,neutral,1.0
ENSG00000197622,CDC42SE1,neutral,1.0
ENSG00000197629,MPEG1,neutral,0.999
ENSG00000197635,DPP4,gene-driven,1.0
ENSG00000197646,PDCD1LG2,neutral,1.0
ENSG00000197724,PHF2,neutral,1.0
ENSG00000197747,S100A10,neutral,1.0
ENSG00000197756,RPL37A,gene-driven,0.993
ENSG00000197763,TXNRD3,neutral,0.948
ENSG00000197769,MAP1LC3C,neutral,1.0
ENSG00000197771,MCMBP,neutral,1.0
ENSG00000197780,TAF13,gene-driven,1.0
ENSG00000197816,CCDC180,neutral,0.954
ENSG00000197822,OCLN,gene-driven,1.0
ENSG00000197859,ADAMTSL2,gene-driven,1.0
ENSG00000197885,NKIRAS1,gene-driven,0.745
ENSG00000197891,SLC22A12,neutral,0.828
ENSG00000197894,ADH5,gene-driven,0.999
ENSG00000197901,SLC22A6,neutral,0.867
ENSG00000197930,ERO1A,gene-driven,0.979
ENSG00000197935,ZNF311,neutral,1.0
ENSG00000197953,AADACL2,neutral,1.0
ENSG00000197956,S100A6,gene-driven,1.0
ENSG00000197958,RPL12,gene-driven,1.0
ENSG00000197977,ELOVL2,neutral,0.97
ENSG00000197980,LEKR1,regulation-driven,0.996
ENSG00000197992,CLEC9A,neutral,1.0
ENSG00000198015,MRPL42,neutral,1.0
ENSG00000198040,ZNF84,gene-driven,1.0
ENSG00000198049,AVPR1B,neutral,1.0
ENSG00000198060,MARCHF5,neutral,1.0
ENSG00000198075,SULT1C4,neutral,1.0
ENSG00000198087,CD2AP,neutral,1.0
ENSG00000198092,TMPRSS11F,gene-driven,1.0
ENSG00000198099,ADH4,neutral,0.985
ENSG00000198113,TOR4A,neutral,1.0
ENSG00000198121,LPAR1,gene-driven,1.0
ENSG00000198160,MIER1,gene-driven,1.0
ENSG00000198189,HSD17B11,neutral,1.0
ENSG00000198218,QRICH1,neutral,0.757
ENSG00000198246,SLC29A3,neutral,0.742
ENSG00000198252,STYX,gene-driven,1.0
ENSG00000198315,ZKSCAN8,neutral,1.0
ENSG00000198353,HOXC4,gene-driven,1.0
ENSG00000198380,GFPT1,gene-driven,1.0
ENSG00000198382,UVRAG,gene-driven,1.0
ENSG00000198393,ZNF26,gene-driven,1.0
ENSG00000198398,TMEM207,neutral,1.0
ENSG00000198431,TXNRD1,neutral,0.518
ENSG00000198471,RTP2,neutral,1.0
ENSG00000198478,SH3BGRL2,neutral,1.0
ENSG00000198513,ATL1,gene-driven,0.997
ENSG00000198515,CNGA1,neutral,0.958
ENSG00000198522,GPN1,neutral,1.0
ENSG00000198546,ZNF511,neutral,1.0
ENSG00000198570,RD3,gene-driven,1.0
ENSG00000198586,TLK1,gene-driven,0.754
ENSG00000198589,LRBA,gene-driven,1.0
ENSG00000198598,MMP17,neutral,1.0
ENSG00000198604,BAZ1A,neutral,0.696
ENSG00000198643,FAM3D,neutral,1.0
ENSG00000198663,C6orf89,neutral,1.0
ENSG00000198682,PAPSS2,regulation-driven,0.861
ENSG00000198691,ABCA4,neutral,0.995
ENSG00000198700,IPO9,neutral,0.799
ENSG00000198718,,gene-driven,1.0
ENSG00000198719,DLL1,neutral,0.999
ENSG00000198728,LDB1,gene-driven,1.0
ENSG00000198729,PPP1R14C,neutral,1.0
ENSG00000198732,SMOC1,neutral,0.583
ENSG00000198739,LRRTM3,neutral,0.985
ENSG00000198742,SMURF1,neutral,0.705
ENSG00000198746,GPATCH3,gene-driven,1.0
ENSG00000198755,RPL10A,neutral,1.0
ENSG00000198756,COLGALT2,neutral,0.967
ENSG00000198771,RCSD1,neutral,1.0
ENSG00000198774,RASSF9,neutral,1.0
ENSG00000198785,GRIN3A,neutral,0.998
ENSG00000198797,BRINP2,neutral,0.99
ENSG00000198805,PNP,neutral,1.0
ENSG00000198818,SFT2D1,neutral,1.0
ENSG00000198821,CD247,neutral,0.993
ENSG00000198829,SUCNR1,neutral,1.0
ENSG00000198837,DENND4B,gene-driven,1.0
ENSG00000198842,STYXL2,neutral,0.535
ENSG00000198843,SELENOT,neutral,1.0
ENSG00000198846,TOX,neutral,0.946
ENSG00000198851,CD3E,neutral,1.0
ENSG00000198853,RUSC2,neutral,0.999
ENSG00000198865,CCDC152,gene-driven,1.0
ENSG00000198870,STKLD1,neutral,1.0
ENSG00000198873,GRK5,neutral,0.948
ENSG00000198890,PRMT6,neutral,1.0
ENSG00000198892,SHISA4,neutral,1.0
ENSG00000198894,CIPC,neutral,1.0
ENSG00000198912,C1orf174,neutral,1.0
ENSG00000198924,DCLRE1A,neutral,1.0
ENSG00000198937,CCDC167,neutral,1.0
ENSG00000198948,MFAP3L,neutral,0.711
ENSG00000198952,SMG5,neutral,0.954
ENSG00000198961,PJA2,neutral,1.0
ENSG00000198963,RORB,regulation-driven,0.627
ENSG00000203666,EFCAB2,gene-driven,1.0
ENSG00000203667,COX20,neutral,1.0
ENSG00000203685,STUM,neutral,1.0
ENSG00000203740,NTMT2,neutral,1.0
ENSG00000203760,CENPW,gene-driven,0.999
ENSG00000203778,FAM229B,neutral,1.0
ENSG00000203780,FANK1,neutral,0.932
ENSG00000203795,FAM24A,neutral,1.0
ENSG00000203797,DDO,neutral,1.0
ENSG00000203805,PLPP4,neutral,0.938
ENSG00000203814,H2BC18,neutral,1.0
ENSG00000203837,PNLIPRP3,neutral,1.0
ENSG00000203872,C6orf163,neutral,1.0
ENSG00000203908,KHDC3L,neutral,1.0
ENSG00000203909,DPPA5,neutral,1.0
ENSG00000203943,SAMD13,neutral,0.999
ENSG00000203970,DEFB110,neutral,1.0
ENSG00000203972,GLYATL3,gene-driven,1.0
ENSG00000203985,LDLRAD1,neutral,1.0
ENSG00000203995,ZYG11A,neutral,0.999
ENSG00000204001,LCN8,neutral,1.0
ENSG00000204006,C1orf185,neutral,1.0
ENSG00000204020,LIPN,neutral,1.0
ENSG00000204021,LIPK,neutral,1.0
ENSG00000204033,LRIT2,neutral,1.0
ENSG00000204052,LRRC73,neutral,1.0
ENSG00000204084,INPP5B,gene-driven (relaxed),0.756
ENSG00000204104,TRAF3IP1,gene-driven,0.915
ENSG00000204140,CLPSL1,neutral,1.0
ENSG00000204147,ASAH2B,gene-driven,1.0
ENSG00000204178,MACO1,neutral,0.984
ENSG00000204217,BMPR2,regulation-driven,0.757
ENSG00000204219,TCEA3,dual-driven,0.547
ENSG00000204220,PFDN6,neutral,1.0
ENSG00000204227,RING1,neutral,1.0
ENSG00000204228,HSD17B8,neutral,1.0
ENSG00000204231,RXRB,neutral,1.0
ENSG00000204334,ERICH2,gene-driven,0.647
ENSG00000204335,SP5,neutral,1.0
ENSG00000204361,NXPE2,neutral,1.0
ENSG00000204370,SDHD,gene-driven,1.0
ENSG00000204381,LAYN,neutral,0.999
ENSG00000204442,NALF1,neutral,1.0
ENSG00000204531,POU5F1,neutral,1.0
ENSG00000204536,CCHCR1,gene-driven,1.0
ENSG00000204539,CDSN,neutral,1.0
ENSG00000204542,C6orf15,neutral,1.0
ENSG00000204568,MRPS18B,neutral,1.0
ENSG00000204569,PPP1R10,neutral,1.0
ENSG00000204576,PRR3,neutral,1.0
ENSG00000204590,GNL1,neutral,1.0
ENSG00000204592,HLA-E,neutral,1.0
ENSG00000204613,TRIM10,neutral,1.0
ENSG00000204614,TRIM40,gene-driven,0.998
ENSG00000204618,RNF39,neutral,1.0
ENSG00000204619,PPP1R11,neutral,1.0
ENSG00000204624,DISP3,neutral,0.496
ENSG00000204628,RACK1,gene-driven,0.923
ENSG00000204634,TBC1D8,neutral,0.648
ENSG00000204671,IL31,neutral,1.0
ENSG00000204710,SPDYC,gene-driven,1.0
ENSG00000204711,CFAP95,neutral,1.0
ENSG00000204767,INSYN2B,neutral,1.0
ENSG00000204822,MRPL53,neutral,1.0
ENSG00000204856,FAM216A,neutral,1.0
ENSG00000204899,MZT1,neutral,1.0
ENSG00000204909,SPINK9,neutral,1.0
ENSG00000204923,FBXO48,neutral,1.0
ENSG00000204954,UQCC6,neutral,1.0
ENSG00000204979,MS4A13,neutral,1.0
ENSG00000205002,AARD,neutral,1.0
ENSG00000205060,SLC35B4,neutral,1.0
ENSG00000205085,GARIN1A,neutral,1.0
ENSG00000205089,CCNI2,neutral,1.0
ENSG00000205090,TMEM240,neutral,1.0
ENSG00000205126,ACCSL,neutral,1.0
ENSG00000205143,ARID3C,gene-driven,0.999
ENSG00000205186,FABP9,neutral,1.0
ENSG00000205189,ZBTB10,neutral,0.919
ENSG00000205208,C4orf46,neutral,1.0
ENSG00000205213,LGR4,neutral,0.802
ENSG00000205269,TMEM170B,neutral,1.0
ENSG00000205307,,gene-driven,1.0
ENSG00000205352,PRR13,gene-driven,1.0
ENSG00000205359,SLCO6A1,neutral,0.938
ENSG00000205363,INSYN1,neutral,1.0
ENSG00000205403,CFI,neutral,0.966
ENSG00000205426,KRT81,neutral,0.967
ENSG00000205436,EXOC3L4,neutral,1.0
ENSG00000205442,IZUMO3,gene-driven,1.0
ENSG00000205476,CCDC85C,neutral,1.0
ENSG00000205639,MFSD2B,neutral,1.0
ENSG00000205659,LIN52,neutral,1.0
ENSG00000205683,DPF3,regulation-driven,0.783
ENSG00000205707,ETFRF1,gene-driven,1.0
ENSG00000205835,GMNC,gene-driven,0.887
ENSG00000205838,TTC23L,gene-driven,1.0
ENSG00000205858,LRRC72,neutral,1.0
ENSG00000205937,RNPS1,gene-driven,1.0
ENSG00000205978,NYNRIN,neutral,0.993
ENSG00000205981,DNAJC19,gene-driven,0.999
ENSG00000206013,IFITM5,neutral,1.0
ENSG00000206047,DEFA1,neutral,1.0
ENSG00000206113,CFAP99,neutral,0.974
ENSG00000206199,ANKUB1,neutral,1.0
ENSG00000206527,HACD2,neutral,1.0
ENSG00000206530,CFAP44,neutral,0.991
ENSG00000206535,LNP1,neutral,1.0
ENSG00000206557,TRIM71,neutral,0.553
ENSG00000206560,ANKRD28,neutral,0.859
ENSG00000206562,METTL6,neutral,1.0
ENSG00000211452,DIO1,gene-driven,1.0
ENSG00000211456,SACM1L,neutral,0.984
ENSG00000211460,TSN,neutral,0.61
ENSG00000211598,IGKV4-1,neutral,1.0
ENSG00000211801,TRAV21,neutral,1.0
ENSG00000211812,TRAV26-2,neutral,1.0
ENSG00000211973,IGHV1-69,neutral,1.0
ENSG00000212126,TAS2R50,neutral,1.0
ENSG00000212128,TAS2R13,neutral,1.0
ENSG00000213064,SFT2D2,neutral,1.0
ENSG00000213079,,neutral,0.661
ENSG00000213123,DYNLT2B,neutral,1.0
ENSG00000213139,CRYGS,neutral,1.0
ENSG00000213231,TCL1B,neutral,1.0
ENSG00000213281,NRAS,neutral,1.0
ENSG00000213316,LTC4S,gene-driven,1.0
ENSG00000213341,CHUK,neutral,0.999
ENSG00000213402,PTPRCAP,neutral,1.0
ENSG00000213445,SIPA1,neutral,0.994
ENSG00000213463,SYNJ2BP,neutral,1.0
ENSG00000213471,TTLL13,neutral,0.905
ENSG00000213551,DNAJC9,neutral,1.0
ENSG00000213563,C8orf82,gene-driven,1.0
ENSG00000213578,CPLX3,neutral,1.0
ENSG00000213593,TMX2,gene-driven,0.98
ENSG00000213614,HEXA,gene-driven,1.0
ENSG00000213625,LEPROT,gene-driven,0.998
ENSG00000213626,LBH,gene-driven,1.0
ENSG00000213639,PPP1CB,gene-driven,0.622
ENSG00000213694,S1PR3,neutral,1.0
ENSG00000213699,SLC35F6,neutral,1.0
ENSG00000213780,GTF2H4,neutral,1.0
ENSG00000213809,KLRK1,neutral,1.0
ENSG00000213927,CCL27,neutral,1.0
ENSG00000213949,ITGA1,neutral,0.986
ENSG00000213995,NAXD,neutral,0.668
ENSG00000214128,TMEM213,neutral,1.0
ENSG00000214160,ALG3,gene-driven,1.0
ENSG00000214237,MINDY4B,neutral,1.0
ENSG00000214285,NPS,neutral,1.0
ENSG00000214336,FOXI3,neutral,1.0
ENSG00000214338,SOGA3,neutral,0.562
ENSG00000214357,NEURL1B,neutral,0.996
ENSG00000214360,EFCAB9,neutral,1.0
ENSG00000214415,GNAT3,neutral,0.999
ENSG00000214513,NOTO,neutral,1.0
ENSG00000214517,PPME1,neutral,0.963
ENSG00000214595,EML6,regulation-driven,0.865
ENSG00000214681,IQCF5,neutral,1.0
ENSG00000214700,C12orf71,neutral,1.0
ENSG00000214711,CAPN14,neutral,1.0
ENSG00000214756,CSKMT,neutral,1.0
ENSG00000214782,MS4A18,neutral,1.0
ENSG00000214814,,regulation-driven,0.954
ENSG00000214842,RAD51AP2,neutral,0.891
ENSG00000214866,DCDC2C,neutral,0.756
ENSG00000214872,SMTNL1,neutral,1.0
ENSG00000214960,CRPPA,neutral,1.0
ENSG00000215009,ACSM4,neutral,1.0
ENSG00000215018,COL28A1,gene-driven,1.0
ENSG00000215021,PHB2,neutral,0.996
ENSG00000215183,MSMP,neutral,1.0
ENSG00000215187,CIMIP2B,neutral,1.0
ENSG00000215203,GRXCR1,neutral,0.999
ENSG00000215217,CFAP90,neutral,1.0
ENSG00000215277,RNF212B,gene-driven,0.999
ENSG00000215375,MYL5,neutral,1.0
ENSG00000215475,SIAH3,neutral,1.0
ENSG00000215712,TMEM242,neutral,1.0
ENSG00000215784,FAM72D,neutral,1.0
ENSG00000215845,TSTD1,neutral,1.0
ENSG00000215883,CYB5RL,neutral,1.0
ENSG00000215906,LACTBL1,gene-driven,0.846
ENSG00000218739,CEBPZOS,gene-driven,1.0
ENSG00000219545,UMAD1,neutral,1.0
ENSG00000219626,FAM228B,gene-driven,0.99
ENSG00000221818,EBF2,gene-driven,1.0
ENSG00000221838,AP4M1,neutral,0.998
ENSG00000221886,FAM200C,neutral,1.0
ENSG00000221914,PPP2R2A,gene-driven,1.0
ENSG00000221947,XKR9,neutral,1.0
ENSG00000221978,CCNL2,neutral,1.0
ENSG00000221986,MYBPHL,neutral,1.0
ENSG00000222009,BTBD19,gene-driven,1.0
ENSG00000223501,VPS52,neutral,1.0
ENSG00000223865,HLA-DPB1,neutral,1.0
ENSG00000224531,SMIM13,neutral,1.0
ENSG00000224586,GPX5,neutral,1.0
ENSG00000224982,TMEM233,neutral,1.0
ENSG00000225526,MKRN2OS,neutral,1.0
ENSG00000225828,FAM229A,neutral,1.0
ENSG00000226124,FTCDNL1,neutral,1.0
ENSG00000226479,TMEM185B,gene-driven,1.0
ENSG00000227729,RD3L,neutral,1.0
ENSG00000228474,OST4,neutral,1.0
ENSG00000228570,NUTM2E,gene-driven,1.0
ENSG00000229183,PGA4,neutral,1.0
ENSG00000229474,PATL2,neutral,1.0
ENSG00000229972,IQCF3,neutral,1.0
ENSG00000230124,ACBD6,neutral,1.0
ENSG00000230246,SPATA31C1,neutral,0.964
ENSG00000231213,PLSCR5,neutral,1.0
ENSG00000231925,TAPBP,gene-driven,0.619
ENSG00000232070,TMEM253,gene-driven (relaxed),0.986
ENSG00000232112,TMA7,neutral,1.0
ENSG00000233276,GPX1,neutral,1.0
ENSG00000233436,BTBD18,neutral,0.999
ENSG00000234602,MCIDAS,neutral,1.0
ENSG00000235169,SMIM1,neutral,1.0
ENSG00000235173,HGH1,gene-driven,1.0
ENSG00000235376,RPEL1,neutral,1.0
ENSG00000236027,PATE3,neutral,1.0
ENSG00000236279,CLEC2L,neutral,1.0
ENSG00000236287,ZBED5,neutral,1.0
ENSG00000236320,SLFN14,neutral,1.0
ENSG00000236699,ARHGEF38,gene-driven,1.0
ENSG00000236980,C3orf84,gene-driven,1.0
ENSG00000237136,C4orf51,neutral,1.0
ENSG00000237190,CDKN2AIPNL,neutral,1.0
ENSG00000237289,CKMT1B,neutral,0.74
ENSG00000237353,PATE4,neutral,1.0
ENSG00000237412,PRSS56,neutral,1.0
ENSG00000237489,C10orf143,neutral,1.0
ENSG00000237651,C2orf74,gene-driven (relaxed),1.0
ENSG00000239264,TXNDC5,neutral,1.0
ENSG00000239305,RNF103,neutral,1.0
ENSG00000239306,RBM14,neutral,1.0
ENSG00000239732,TLR9,neutral,1.0
ENSG00000239839,DEFA3,neutral,1.0
ENSG00000240021,TEX35,gene-driven,1.0
ENSG00000240247,DEFA1B,neutral,1.0
ENSG00000240303,ACAD11,neutral,1.0
ENSG00000240682,ISY1,gene-driven,1.0
ENSG00000240720,LRRD1,gene-driven,1.0
ENSG00000240771,ARHGEF25,gene-driven,1.0
ENSG00000241058,NSUN6,gene-driven,1.0
ENSG00000241127,YAE1,neutral,1.0
ENSG00000241186,TDGF1,neutral,1.0
ENSG00000241399,CD302,neutral,1.0
ENSG00000241644,INMT,gene-driven (relaxed),0.99
ENSG00000241697,TMEFF1,neutral,0.835
ENSG00000242028,HYPK,gene-driven,1.0
ENSG00000243244,STON1,gene-driven,0.787
ENSG00000243284,VSIG8,neutral,1.0
ENSG00000243317,STMP1,neutral,1.0
ENSG00000243709,LEFTY1,neutral,1.0
ENSG00000243725,TTC4,neutral,1.0
ENSG00000243749,TMEM35B,neutral,1.0
ENSG00000243943,ZNF512,neutral,1.0
ENSG00000244045,TMEM199,gene-driven,1.0
ENSG00000244219,TMEM225B,gene-driven,1.0
ENSG00000244607,CCDC13,neutral,0.79
ENSG00000244694,PTCHD4,gene-driven,1.0
ENSG00000244731,,neutral,0.957
ENSG00000247077,PGAM5,gene-driven,0.734
ENSG00000247596,TWF2,gene-driven,0.669
ENSG00000247626,MARS2,neutral,1.0
ENSG00000248712,CCDC153,neutral,1.0
ENSG00000248746,ACTN3,regulation-driven,0.874
ENSG00000248771,SMIM31,neutral,1.0
ENSG00000249481,SPATS1,gene-driven,0.877
ENSG00000249581,CLRN2,neutral,1.0
ENSG00000249693,SPMAP2L,neutral,1.0
ENSG00000249853,HS3ST5,neutral,1.0
ENSG00000249948,GBA3,regulation-driven,0.98
ENSG00000250298,GIMD1,gene-driven,1.0
ENSG00000250317,SMIM20,neutral,1.0
ENSG00000251692,PTX4,neutral,1.0
ENSG00000253117,OC90,neutral,1.0
ENSG00000253148,RGS21,neutral,1.0
ENSG00000253250,C8orf88,neutral,0.965
ENSG00000253710,ALG11,neutral,1.0
ENSG00000253719,ATXN7L3B,neutral,1.0
ENSG00000253831,ETV3L,neutral,1.0
ENSG00000254402,LRRC24,neutral,1.0
ENSG00000254598,CSNK2A3,neutral,1.0
ENSG00000254726,MEX3A,neutral,1.0
ENSG00000254772,EEF1G,neutral,1.0
ENSG00000255587,RAB44,neutral,1.0
ENSG00000256043,CTSO,neutral,1.0
ENSG00000256061,DNAAF4,neutral,1.0
ENSG00000256162,SMLR1,neutral,1.0
ENSG00000256269,HMBS,neutral,0.79
ENSG00000256394,ASIC5,neutral,1.0
ENSG00000256453,DND1,neutral,1.0
ENSG00000256713,PGA5,neutral,1.0
ENSG00000256797,KLRF2,neutral,1.0
ENSG00000256870,SLC5A8,neutral,0.912
ENSG00000257057,C11orf97,neutral,1.0
ENSG00000257093,DENND11,gene-driven,0.831
ENSG00000257365,FNTB,neutral,0.951
ENSG00000257743,MGAM2,neutral,0.999
ENSG00000257987,SPMIP11,gene-driven,1.0
ENSG00000258102,MAP1LC3B2,neutral,1.0
ENSG00000258223,,gene-driven,1.0
ENSG00000258227,CLEC5A,gene-driven,1.0
ENSG00000258484,SPESP1,neutral,1.0
ENSG00000258818,RNASE4,neutral,1.0
ENSG00000259956,RBM15B,neutral,1.0
ENSG00000260230,FRRS1L,gene-driven,1.0
ENSG00000261115,TMEM178B,neutral,1.0
ENSG00000261667,LY6L,neutral,1.0
ENSG00000261787,TCF24,neutral,1.0
ENSG00000262406,MMP12,neutral,1.0
ENSG00000262655,SPON1,neutral,0.496
ENSG00000263513,FAM72C,neutral,1.0
ENSG00000263528,IKBKE,neutral,1.0
ENSG00000263639,MSMB,gene-driven,1.0
ENSG00000263761,GDF2,neutral,1.0
ENSG00000263961,RHEX,gene-driven,1.0
ENSG00000265203,RBP3,neutral,1.0
ENSG00000266094,RASSF5,neutral,0.999
ENSG00000266200,PNLIPRP2,neutral,0.728
ENSG00000266524,GDF10,neutral,1.0
ENSG00000268223,ARL14EPL,neutral,1.0
ENSG00000269113,TRABD2B,neutral,1.0
ENSG00000269964,MEI4,neutral,1.0
ENSG00000272047,GTF2H5,gene-driven,0.988
ENSG00000273173,SNURF,gene-driven,1.0
ENSG00000274286,ADRA2B,neutral,1.0
ENSG00000275074,NUDT18,neutral,1.0
ENSG00000275111,ZNF2,neutral,1.0
ENSG00000275342,PRAG1,neutral,0.86
ENSG00000275591,XKR5,neutral,1.0
ENSG00000276747,PADI6,neutral,1.0
ENSG00000277494,GPIHBP1,neutral,1.0
ENSG00000277586,NEFL,neutral,0.992
ENSG00000277893,SRD5A2,neutral,1.0
ENSG00000278570,NR2E3,gene-driven,0.601
ENSG00000280165,PCDH20,neutral,1.0
ENSG00000283128,ENSG00000283128,neutral,1.0
ENSG00000283297,TEX52,neutral,1.0
ENSG00000283706,PRSS50,neutral,1.0
ENSG00000284844,TOMT,neutral,0.999
ENSG00000286095,SPEGNB,neutral,1.0
ENSG00000290292,HOMEZ,gene-driven,1.0
