gene_id,gene_symbol,cls_loo_brain_tau,rds_loo_brain_tau
ENSG00000000460,FIRRM,neutral,0.15946545454545455
ENSG00000000971,CFH,neutral,0.045509545454545455
ENSG00000001084,GCLC,regulation-driven,0.42301772727272724
ENSG00000001167,NFYA,neutral,0.4431222727272727
ENSG00000001561,ENPP4,neutral,0.142925
ENSG00000002745,WNT16,neutral,0.21237727272727272
ENSG00000002822,MAD1L1,neutral,0.7931972727272727
ENSG00000003056,M6PR,gene-driven,0.19583636363636364
ENSG00000003400,CASP10,neutral,0.04834227272727273
ENSG00000003436,TFPI,gene-driven,0.0837081818181818
ENSG00000003987,MTMR7,gene-driven,0.3510072727272727
ENSG00000003989,SLC7A2,regulation-driven,0.3127168181818181
ENSG00000004059,ARF5,neutral,0.3353804545454545
ENSG00000004142,POLDIP2,neutral,0.3708372727272727
ENSG00000004455,AK2,neutral,0.36809590909090906
ENSG00000004700,RECQL,gene-driven,0.27058909090909095
ENSG00000004799,PDK4,neutral,0.2913331818181818
ENSG00000004846,ABCB5,neutral,0.16988318181818182
ENSG00000004866,ST7,regulation-driven,0.43699954545454545
ENSG00000004948,CALCR,gene-driven (relaxed),0.22197227272727274
ENSG00000005001,PRSS22,gene-driven,0.06433454545454545
ENSG00000005108,THSD7A,regulation-driven,0.34351363636363635
ENSG00000005156,LIG3,neutral,0.30686863636363637
ENSG00000005238,ATOSB,gene-driven,0.09586227272727273
ENSG00000005249,PRKAR2B,neutral,0.3871954545454545
ENSG00000005448,WDR54,neutral,0.1421940909090909
ENSG00000005469,CROT,neutral,0.2733304545454545
ENSG00000005486,RHBDD2,gene-driven,0.09668454545454545
ENSG00000005700,IBTK,regulation-driven,0.29581090909090907
ENSG00000005812,FBXL3,neutral,0.4182659090909091
ENSG00000005981,ASB4,neutral,0.3022990909090909
ENSG00000006042,TMEM98,gene-driven,0.40830500000000003
ENSG00000006128,TAC1,neutral,0.23385227272727271
ENSG00000006194,ZNF263,neutral,0.05930818181818182
ENSG00000006377,DLX6,gene-driven,0.24984454545454543
ENSG00000006432,MAP3K9,regulation-driven,0.31317409090909093
ENSG00000006453,BAIAP2L1,neutral,0.2506672727272727
ENSG00000006530,AGK,gene-driven,0.24253409090909092
ENSG00000006555,TTC22,neutral,0.16586227272727275
ENSG00000006715,VPS41,dual-driven,0.9607963636363636
ENSG00000006831,ADIPOR2,neutral,0.38436227272727275
ENSG00000007171,NOS2,gene-driven,0.27524954545454544
ENSG00000007216,SLC13A2,gene-driven,0.22745545454545454
ENSG00000007341,ST7L,gene-driven,0.370015
ENSG00000007402,CACNA2D2,neutral,0.3412290909090909
ENSG00000007866,TEAD3,gene-driven,0.3994409090909091
ENSG00000007908,SELE,neutral,0.0692690909090909
ENSG00000007944,MYLIP,gene-driven,0.3748581818181818
ENSG00000007968,E2F2,neutral,0.2130168181818182
ENSG00000008018,PSMB1,neutral,0.38454499999999997
ENSG00000008083,JARID2,regulation-driven,0.4327045454545454
ENSG00000008118,CAMK1G,regulation-driven,0.8057168181818182
ENSG00000008197,TFAP2D,neutral,0.44979363636363634
ENSG00000008256,CYTH3,neutral,0.4262163636363636
ENSG00000008323,PLEKHG6,neutral,0.09641045454545455
ENSG00000008394,MGST1,neutral,0.20022318181818183
ENSG00000008405,CRY1,neutral,0.4065686363636363
ENSG00000008516,MMP25,gene-driven,0.07155409090909091
ENSG00000008952,SEC62,neutral,0.42009363636363634
ENSG00000009709,PAX7,neutral,0.4341668181818182
ENSG00000009724,MASP2,gene-driven,0.12336863636363636
ENSG00000009765,IYD,gene-driven,0.284205
ENSG00000009780,FAM76A,gene-driven,0.42338363636363635
ENSG00000009790,TRAF3IP3,gene-driven,0.09284636363636363
ENSG00000009844,VTA1,gene-driven,0.3641663636363636
ENSG00000009954,BAZ1B,regulation-driven,0.32569363636363635
ENSG00000010017,RANBP9,neutral,0.37915363636363636
ENSG00000010072,SPRTN,neutral,0.15398272727272727
ENSG00000010165,METTL13,neutral,0.24536681818181819
ENSG00000010244,ZNF207,gene-driven,0.4273127272727273
ENSG00000010256,UQCRC1,neutral,0.2528604545454545
ENSG00000010278,CD9,gene-driven,0.2956281818181818
ENSG00000010295,IFFO1,neutral,0.29188136363636363
ENSG00000010322,NISCH,neutral,0.21064090909090907
ENSG00000010539,ZNF200,gene-driven,0.053642727272727266
ENSG00000010704,HFE,neutral,0.053734090909090905
ENSG00000010803,SCMH1,neutral,0.3422340909090909
ENSG00000011007,ELOA,neutral,0.16896954545454543
ENSG00000011021,CLCN6,gene-driven,0.4112290909090909
ENSG00000011083,SLC6A7,neutral,0.29334363636363636
ENSG00000011114,BTBD7,regulation-driven,0.3812554545454545
ENSG00000011376,LARS2,gene-driven,0.3129
ENSG00000011405,PIK3C2A,regulation-driven,0.32368318181818184
ENSG00000011465,DCN,regulation-driven,0.35329181818181815
ENSG00000012171,SEMA3B,gene-driven,0.12446545454545455
ENSG00000012232,EXTL3,gene-driven,0.41744363636363635
ENSG00000012660,ELOVL5,neutral,0.3898454545454545
ENSG00000012779,ALOX5,regulation-driven,0.4033704545454545
ENSG00000012822,CALCOCO1,gene-driven,0.13607136363636363
ENSG00000012963,UBR7,neutral,0.2524031818181818
ENSG00000013016,EHD3,regulation-driven,0.4420259090909091
ENSG00000013293,SLC7A14,neutral,0.3829
ENSG00000013297,CLDN11,neutral,0.319845
ENSG00000013374,NUB1,gene-driven,0.22389136363636364
ENSG00000013392,RWDD2A,neutral,0.0949481818181818
ENSG00000013441,CLK1,neutral,0.21118909090909088
ENSG00000013561,RNF14,neutral,0.2986436363636364
ENSG00000013583,HEBP1,gene-driven,0.2078990909090909
ENSG00000013810,TACC3,neutral,0.05729772727272727
ENSG00000014123,UFL1,neutral,0.31427045454545455
ENSG00000014138,POLA2,gene-driven,0.22709
ENSG00000014164,ZC3H3,gene-driven,0.0979640909090909
ENSG00000014257,ACP3,gene-driven,0.12327727272727272
ENSG00000014641,MDH1,gene-driven,0.4235663636363636
ENSG00000014824,SLC30A9,neutral,0.3698322727272727
ENSG00000014914,MTMR11,neutral,0.09988318181818182
ENSG00000014919,COX15,neutral,0.32139863636363636
ENSG00000015520,NPC1L1,neutral,0.15252045454545454
ENSG00000015592,STMN4,gene-driven,0.3425081818181818
ENSG00000016082,ISL1,gene-driven,0.4278613636363636
ENSG00000016391,CHDH,neutral,0.22983136363636364
ENSG00000016490,CLCA1,neutral,0.11377363636363637
ENSG00000016602,CLCA4,neutral,0.09129272727272726
ENSG00000016864,GLT8D1,neutral,0.2375990909090909
ENSG00000017427,IGF1,gene-driven,0.39249545454545454
ENSG00000018280,SLC11A1,neutral,0.25432227272727276
ENSG00000018408,WWTR1,neutral,0.3369340909090909
ENSG00000018510,AGPS,neutral,0.3966990909090909
ENSG00000019102,VSIG2,neutral,0.07603181818181819
ENSG00000019485,PRDM11,gene-driven,0.34049772727272726
ENSG00000019505,SYT13,gene-driven,0.2359540909090909
ENSG00000019582,CD74,neutral,0.13049681818181816
ENSG00000019995,ZRANB1,regulation-driven,0.44083772727272724
ENSG00000020633,RUNX3,gene-driven,0.3394927272727273
ENSG00000020922,MRE11,regulation-driven,0.3102495454545454
ENSG00000021355,SERPINB1,neutral,0.16641090909090908
ENSG00000021852,C8B,gene-driven,0.14987045454545453
ENSG00000022840,RNF10,regulation-driven,0.33793909090909086
ENSG00000023041,ZDHHC6,neutral,0.3821690909090909
ENSG00000023318,ERP44,gene-driven,0.4102240909090909
ENSG00000023516,AKAP11,neutral,0.14849954545454547
ENSG00000023572,GLRX2,neutral,0.16220727272727273
ENSG00000023608,SNAPC1,neutral,0.1702490909090909
ENSG00000023697,DERA,gene-driven,0.3549363636363636
ENSG00000023902,PLEKHO1,neutral,0.22599318181818182
ENSG00000023909,GCLM,neutral,0.3224036363636364
ENSG00000024048,,neutral,0.3765031818181818
ENSG00000024862,CCDC28A,neutral,0.3492709090909091
ENSG00000025039,RRAGD,neutral,0.40008045454545454
ENSG00000025156,HSF2,neutral,0.31326545454545457
ENSG00000026751,SLAMF7,gene-driven (relaxed),0.023303181818181817
ENSG00000027644,INSRR,neutral,0.2141131818181818
ENSG00000027697,IFNGR1,gene-driven,0.02695818181818182
ENSG00000027869,SH2D2A,neutral,0.06250681818181818
ENSG00000028137,TNFRSF1B,neutral,0.04340772727272727
ENSG00000028310,BRD9,gene-driven,0.3486309090909091
ENSG00000028839,TBPL1,neutral,0.43535454545454544
ENSG00000029364,SLC39A9,gene-driven,0.4242972727272727
ENSG00000029559,IBSP,neutral,0.0773109090909091
ENSG00000029639,TFB1M,neutral,0.3150931818181818
ENSG00000030304,MUSK,neutral,0.33602
ENSG00000030419,IKZF2,gene-driven,0.40867045454545453
ENSG00000031691,CENPQ,neutral,0.0725590909090909
ENSG00000032219,ARID4A,gene-driven,0.3059545454545455
ENSG00000032389,EIPR1,gene-driven,0.437365
ENSG00000033100,CHPF2,neutral,0.15051
ENSG00000034677,RNF19A,gene-driven,0.3887486363636363
ENSG00000034971,MYOC,neutral,0.13661954545454547
ENSG00000035115,SH3YL1,gene-driven,0.30613727272727276
ENSG00000035403,VCL,regulation-driven,0.4402895454545454
ENSG00000035499,DEPDC1B,gene-driven,0.26629363636363634
ENSG00000035681,NSMAF,gene-driven,0.3341922727272727
ENSG00000035687,ADSS2,neutral,0.3781481818181818
ENSG00000035720,STAP1,gene-driven,0.12492227272727272
ENSG00000036549,ZZZ3,neutral,0.3206672727272727
ENSG00000036565,SLC18A1,neutral,0.2596227272727272
ENSG00000037749,MFAP3,neutral,0.1510581818181818
ENSG00000038219,BOD1L1,neutral,0.07895590909090909
ENSG00000038274,MAT2B,gene-driven,0.3301713636363636
ENSG00000039600,SOX30,neutral,0.11633227272727273
ENSG00000040487,SLC66A1,regulation-driven,0.7671527272727272
ENSG00000040731,CDH10,regulation-driven,0.9090727272727273
ENSG00000041515,MYO16,neutral,0.2419854545454545
ENSG00000041880,PARP3,gene-driven,0.13004
ENSG00000043039,BARX2,neutral,0.34744318181818185
ENSG00000043093,DCUN1D1,gene-driven,0.4506159090909091
ENSG00000043143,JADE2,regulation-driven,0.30723409090909093
ENSG00000043355,ZIC2,neutral,0.11084909090909091
ENSG00000043462,LCP2,gene-driven,0.15645
ENSG00000044012,GUCA2B,neutral,0.055104545454545455
ENSG00000044115,CTNNA1,gene-driven,0.4415690909090909
ENSG00000044459,,neutral,0.16202454545454545
ENSG00000044524,EPHA3,regulation-driven,0.4387359090909091
ENSG00000044574,HSPA5,gene-driven,0.24262545454545456
ENSG00000046889,,neutral,0.42374909090909085
ENSG00000047410,TPR,regulation-driven,0.28329136363636365
ENSG00000047579,DTNBP1,gene-driven,0.2571554545454545
ENSG00000047621,C12orf4,neutral,0.3718427272727272
ENSG00000047662,FAM184B,neutral,0.09878636363636363
ENSG00000047936,ROS1,neutral,0.12876045454545454
ENSG00000048544,MRPS10,neutral,0.22252090909090907
ENSG00000048545,GUCA1A,neutral,0.34132045454545457
ENSG00000048740,CELF2,gene-driven,0.4542713636363636
ENSG00000049167,ERCC8,gene-driven,0.3400409090909091
ENSG00000049192,ADAMTS6,neutral,0.4370909090909091
ENSG00000049239,H6PD,neutral,0.25551045454545457
ENSG00000049245,VAMP3,gene-driven,0.4024563636363636
ENSG00000049246,PER3,gene-driven,0.0887340909090909
ENSG00000050130,JKAMP,neutral,0.3844536363636364
ENSG00000050165,DKK3,gene-driven,0.16942636363636362
ENSG00000050344,NFE2L3,neutral,0.078225
ENSG00000050426,LETMD1,gene-driven,0.12894318181818182
ENSG00000050438,SLC4A8,gene-driven,0.35119
ENSG00000050555,LAMC3,neutral,0.16248136363636365
ENSG00000050730,TNIP3,neutral,0.07868181818181819
ENSG00000051009,FHIP1B,neutral,0.17774227272727272
ENSG00000051180,RAD51,regulation-driven,0.4476004545454545
ENSG00000051596,THOC3,neutral,0.385185
ENSG00000052723,SIKE1,gene-driven,0.24491
ENSG00000053108,FSTL4,regulation-driven,0.28895727272727273
ENSG00000053328,METTL24,neutral,0.1917240909090909
ENSG00000053372,MRTO4,neutral,0.3502759090909091
ENSG00000053770,AP5M1,neutral,0.24299090909090912
ENSG00000053918,KCNQ1,neutral,0.26081090909090904
ENSG00000054116,TRAPPC3,neutral,0.4465036363636363
ENSG00000054118,THRAP3,neutral,0.2245313636363636
ENSG00000054179,ENTPD2,neutral,0.09348590909090908
ENSG00000054965,FAM168A,neutral,0.42402318181818177
ENSG00000055044,NOP58,neutral,0.4073
ENSG00000055118,KCNH2,neutral,0.26912681818181816
ENSG00000055211,GINM1,neutral,0.14612363636363634
ENSG00000055813,CCDC85A,neutral,0.3242313636363636
ENSG00000056050,HPF1,neutral,0.30028863636363634
ENSG00000056291,NPFFR2,gene-driven,0.22005318181818181
ENSG00000056736,IL17RB,gene-driven,0.07548363636363635
ENSG00000057252,SOAT1,neutral,0.28009272727272727
ENSG00000057294,PKP2,gene-driven,0.14438727272727273
ENSG00000057468,MSH4,neutral,0.30833045454545455
ENSG00000057593,F7,neutral,0.1626640909090909
ENSG00000057663,ATG5,gene-driven,0.43179090909090906
ENSG00000057757,PITHD1,neutral,0.3797931818181818
ENSG00000058056,USP13,regulation-driven,0.40583772727272727
ENSG00000058063,ATP11B,regulation-driven,0.40327909090909086
ENSG00000058085,LAMC2,neutral,0.14868227272727272
ENSG00000058091,CDK14,regulation-driven,0.434715
ENSG00000058262,SEC61A1,neutral,0.44897090909090903
ENSG00000058668,ATP2B4,regulation-driven,0.35694681818181817
ENSG00000058729,RIOK2,neutral,0.25788636363636364
ENSG00000058804,NDC1,neutral,0.2104581818181818
ENSG00000058866,DGKG,regulation-driven,0.3169209090909091
ENSG00000059377,TBXAS1,gene-driven,0.18240318181818183
ENSG00000059588,TARBP1,neutral,0.15663272727272728
ENSG00000059769,DNAJC25,neutral,0.29882681818181817
ENSG00000060339,CCAR1,gene-driven,0.42438863636363633
ENSG00000060642,PIGV,gene-driven,0.15498772727272728
ENSG00000060688,SNRNP40,regulation-driven,0.4282268181818182
ENSG00000060982,BCAT1,gene-driven,0.2664763636363636
ENSG00000061337,LZTS1,neutral,0.1481340909090909
ENSG00000061492,WNT8A,gene-driven,0.24829090909090906
ENSG00000061676,NCKAP1,regulation-driven,0.4485140909090909
ENSG00000062194,GPBP1,neutral,0.30924454545454544
ENSG00000062524,LTK,neutral,0.10079681818181818
ENSG00000063660,GPC1,gene-driven,0.11651499999999998
ENSG00000064199,SPA17,neutral,0.13031409090909088
ENSG00000064201,TSPAN32,gene-driven,0.03472590909090909
ENSG00000064218,DMRT3,neutral,0.2536827272727273
ENSG00000064393,HIPK2,regulation-driven,0.43224772727272726
ENSG00000064419,TNPO3,neutral,0.4356290909090909
ENSG00000064651,SLC12A2,neutral,0.325785
ENSG00000064703,DDX20,neutral,0.15626727272727273
ENSG00000064763,FAR2,gene-driven,0.3212159090909091
ENSG00000064886,CHI3L2,gene-driven,0.09823818181818182
ENSG00000064995,TAF11,gene-driven,0.2754322727272727
ENSG00000064999,ANKS1A,dual-driven,0.8789159090909091
ENSG00000065060,BLTP3A,neutral,0.23851318181818182
ENSG00000065135,GNAI3,neutral,0.4464122727272727
ENSG00000065154,OAT,neutral,0.3420513636363636
ENSG00000065243,PKN2,neutral,0.420185
ENSG00000065308,TRAM2,neutral,0.3924040909090909
ENSG00000065357,DGKA,gene-driven,0.2532259090909091
ENSG00000065491,TBC1D22B,neutral,0.4072081818181818
ENSG00000065518,NDUFB4,neutral,0.12464818181818182
ENSG00000065548,ZC3H15,neutral,0.41497590909090903
ENSG00000065600,PACC1,neutral,0.3297145454545454
ENSG00000065615,CYB5R4,neutral,0.2366854545454545
ENSG00000065621,GSTO2,neutral,0.18359090909090908
ENSG00000065675,PRKCQ,regulation-driven,0.3901195454545454
ENSG00000065802,ASB1,gene-driven,0.31399636363636363
ENSG00000065833,ME1,neutral,0.3479
ENSG00000065970,FOXJ2,neutral,0.2362281818181818
ENSG00000066027,PPP2R5A,regulation-driven,0.41790045454545455
ENSG00000066056,TIE1,neutral,0.2591659090909091
ENSG00000066185,ZMYND12,gene-driven,0.1338781818181818
ENSG00000066294,CD84,neutral,0.03344681818181818
ENSG00000066336,SPI1,gene-driven,0.32112454545454544
ENSG00000066379,POLR1H,neutral,0.17225954545454544
ENSG00000066405,CLDN18,neutral,0.2500272727272727
ENSG00000066422,ZBTB11,neutral,0.287495
ENSG00000066855,MTFR1,gene-driven (relaxed),0.19044499999999998
ENSG00000067082,KLF6,gene-driven,0.31006681818181814
ENSG00000067113,PLPP1,gene-driven,0.3262418181818182
ENSG00000067221,STOML1,gene-driven,0.1928209090909091
ENSG00000067334,DNTTIP2,neutral,0.0746609090909091
ENSG00000067533,RRP15,neutral,0.19519681818181817
ENSG00000067704,IARS2,neutral,0.2910590909090909
ENSG00000068028,RASSF1,neutral,0.26154181818181815
ENSG00000068650,,regulation-driven,0.3950540909090909
ENSG00000068654,POLR1A,regulation-driven,0.30668545454545454
ENSG00000068697,LAPTM4A,neutral,0.40894454545454545
ENSG00000068745,IP6K2,gene-driven,0.2817377272727273
ENSG00000068784,SRBD1,neutral,0.2520377272727272
ENSG00000068831,RASGRP2,neutral,0.1880690909090909
ENSG00000068912,,gene-driven (relaxed),0.3793363636363636
ENSG00000068976,PYGM,regulation-driven,0.3395840909090909
ENSG00000069206,ADAM7,neutral,0.09476545454545454
ENSG00000069275,NUCKS1,neutral,0.37412727272727275
ENSG00000069482,GAL,neutral,0.06881227272727272
ENSG00000069667,RORA,gene-driven,0.45153
ENSG00000069869,,neutral,0.3476259090909091
ENSG00000069956,MAPK6,neutral,0.414245
ENSG00000069966,GNB5,regulation-driven,0.43041999999999997
ENSG00000070019,GUCY2C,neutral,0.24225954545454542
ENSG00000070047,,neutral,0.10929545454545454
ENSG00000070087,PFN2,gene-driven,0.36133363636363636
ENSG00000070159,PTPN3,regulation-driven,0.3291663636363636
ENSG00000070190,DAPP1,neutral,0.32432272727272726
ENSG00000070193,FGF10,gene-driven,0.35950590909090907
ENSG00000070269,TMEM260,neutral,0.23979227272727272
ENSG00000070367,EXOC5,neutral,0.44184318181818183
ENSG00000070610,GBA2,neutral,0.20735090909090909
ENSG00000070748,CHAT,gene-driven,0.28694681818181816
ENSG00000070756,,neutral,0.44211727272727275
ENSG00000070759,TESK2,neutral,0.30312181818181816
ENSG00000070886,EPHA8,gene-driven,0.3116204545454545
ENSG00000070985,TRPM5,neutral,0.18094090909090907
ENSG00000071073,MGAT4A,neutral,0.40665999999999997
ENSG00000071189,,regulation-driven,0.43681681818181817
ENSG00000071243,ING3,neutral,0.4399240909090909
ENSG00000071246,VASH1,neutral,0.41259999999999997
ENSG00000071462,BUD23,gene-driven,0.30805636363636363
ENSG00000071537,SEL1L,neutral,0.37266499999999997
ENSG00000071575,TRIB2,regulation-driven,0.4469604545454545
ENSG00000071677,PRLH,neutral,0.05921681818181818
ENSG00000072042,RDH11,neutral,0.2635522727272727
ENSG00000072080,SPP2,neutral,0.05894272727272728
ENSG00000072134,EPN2,gene-driven,0.3249627272727273
ENSG00000072182,ASIC4,neutral,0.27725999999999995
ENSG00000072401,UBE2D1,neutral,0.4423
ENSG00000072415,PALS1,regulation-driven,0.3987095454545454
ENSG00000072422,RHOBTB1,regulation-driven,0.36169909090909086
ENSG00000072571,HMMR,gene-driven,0.1356140909090909
ENSG00000072609,CHFR,gene-driven,0.28246863636363634
ENSG00000072832,CRMP1,regulation-driven,0.3475345454545455
ENSG00000072840,EVC,gene-driven,0.09330318181818181
ENSG00000072858,SIDT1,regulation-driven,0.31646363636363634
ENSG00000073060,SCARB1,gene-driven,0.23924409090909093
ENSG00000073067,CYP2W1,neutral,0.09714136363636364
ENSG00000073598,FNDC8,neutral,0.07502636363636364
ENSG00000073734,ABCB11,gene-driven,0.31838272727272726
ENSG00000073737,DHRS9,neutral,0.18112363636363635
ENSG00000073754,CD5L,neutral,0.04889045454545454
ENSG00000073756,PTGS2,neutral,0.22105863636363637
ENSG00000073792,IGF2BP2,regulation-driven,0.3984354545454545
ENSG00000074071,MRPS34,gene-driven,0.04322454545454545
ENSG00000074211,PPP2R2C,gene-driven,0.43453227272727274
ENSG00000074276,CDHR2,gene-driven,0.0774940909090909
ENSG00000074317,SNCB,gene-driven,0.30741681818181815
ENSG00000074410,CA12,neutral,0.21786
ENSG00000074416,MGLL,neutral,0.2856672727272727
ENSG00000074771,NOX3,neutral,0.23129363636363637
ENSG00000074935,TUBE1,neutral,0.35347454545454543
ENSG00000075073,TACR2,neutral,0.2247140909090909
ENSG00000075142,SRI,neutral,0.3173777272727273
ENSG00000075188,NUP37,neutral,0.3305368181818182
ENSG00000075290,WNT8B,neutral,0.40995
ENSG00000075303,SLC25A40,neutral,0.28000136363636363
ENSG00000075407,ZNF37A,neutral,0.020287272727272727
ENSG00000075420,FNDC3B,regulation-driven,0.37166
ENSG00000075673,ATP12A,neutral,0.32980590909090907
ENSG00000075884,ARHGAP15,neutral,0.28100681818181816
ENSG00000075914,EXOSC7,neutral,0.40346181818181814
ENSG00000075945,KIFAP3,regulation-driven,0.3889313636363636
ENSG00000075975,MKRN2,gene-driven,0.2844790909090909
ENSG00000076003,MCM6,regulation-driven,0.4064772727272727
ENSG00000076053,RBM7,gene-driven,0.17427
ENSG00000076067,RBMS2,neutral,0.340955
ENSG00000076248,UNG,neutral,0.2870381818181818
ENSG00000076321,KLHL20,regulation-driven,0.44860545454545453
ENSG00000076356,,regulation-driven,0.3952372727272727
ENSG00000076513,ANKRD13A,neutral,0.3478086363636364
ENSG00000076604,TRAF4,gene-driven,0.26501454545454545
ENSG00000076641,PAG1,neutral,0.166685
ENSG00000076706,MCAM,neutral,0.07831636363636364
ENSG00000077092,RARB,regulation-driven,0.9942427272727272
ENSG00000077097,,gene-driven,0.37284772727272725
ENSG00000077150,NFKB2,gene-driven (relaxed),0.11788590909090908
ENSG00000077152,UBE2T,neutral,0.23229863636363635
ENSG00000077157,,gene-driven,0.25340863636363636
ENSG00000077232,DNAJC10,neutral,0.35402272727272727
ENSG00000077327,SPAG6,neutral,0.3356545454545454
ENSG00000077420,APBB1IP,neutral,0.21155454545454544
ENSG00000077498,TYR,regulation-driven,0.8240854545454546
ENSG00000077943,ITGA8,neutral,0.2840222727272727
ENSG00000078124,ACER3,neutral,0.29836954545454547
ENSG00000078177,N4BP2,gene-driven,0.11907363636363635
ENSG00000078237,TIGAR,neutral,0.13406090909090906
ENSG00000078295,ADCY2,regulation-driven,0.40199954545454547
ENSG00000078399,HOXA9,gene-driven,0.12556181818181816
ENSG00000078401,EDN1,neutral,0.1294
ENSG00000078725,BRINP1,regulation-driven,0.43498909090909094
ENSG00000078900,TP73,gene-driven,0.40419272727272726
ENSG00000079277,MKNK1,gene-driven,0.3588659090909091
ENSG00000079393,DUSP13B,gene-driven,0.10847318181818182
ENSG00000079459,FDFT1,gene-driven,0.3415031818181818
ENSG00000079557,AFM,neutral,0.03902090909090909
ENSG00000079689,SCGN,neutral,0.2611763636363636
ENSG00000079739,PGM1,gene-driven,0.4035531818181818
ENSG00000079931,MOXD1,neutral,0.24719454545454544
ENSG00000079950,STX7,neutral,0.31518454545454544
ENSG00000080007,DDX43,neutral,0.20863045454545454
ENSG00000080166,DCT,neutral,0.2947145454545454
ENSG00000080293,SCTR,gene-driven,0.2028731818181818
ENSG00000080298,RFX3,gene-driven,0.4428481818181818
ENSG00000080371,RAB21,neutral,0.44065499999999996
ENSG00000080546,SESN1,regulation-driven,0.39231272727272726
ENSG00000080608,PUM3,neutral,0.25231181818181814
ENSG00000080802,CNOT4,gene-driven (relaxed),0.4503418181818182
ENSG00000080815,,regulation-driven,0.39825272727272726
ENSG00000080819,CPOX,neutral,0.24883954545454545
ENSG00000081014,AP4E1,neutral,0.25889181818181817
ENSG00000081019,RSBN1,gene-driven,0.30366999999999994
ENSG00000081026,MAGI3,gene-driven,0.26967499999999994
ENSG00000081051,AFP,neutral,0.06524818181818182
ENSG00000081148,IMPG2,neutral,0.14374727272727272
ENSG00000081177,EXD2,neutral,0.2662022727272727
ENSG00000081181,ARG2,neutral,0.30878772727272724
ENSG00000081277,PKP1,neutral,0.25386545454545456
ENSG00000081307,UBA5,neutral,0.36288681818181817
ENSG00000081320,STK17B,neutral,0.27799090909090907
ENSG00000081692,JMJD4,gene-driven,0.12638454545454544
ENSG00000081760,AACS,regulation-driven,0.3808895454545454
ENSG00000081791,DELE1,gene-driven,0.07429545454545455
ENSG00000081800,SLC13A1,gene-driven,0.25477954545454545
ENSG00000082068,WDR70,neutral,0.36974090909090906
ENSG00000082074,FYB1,gene-driven,0.11624090909090909
ENSG00000082293,COL19A1,neutral,0.21429636363636362
ENSG00000082497,SERTAD4,regulation-driven,0.6792413636363636
ENSG00000082512,TRAF5,neutral,0.20049727272727272
ENSG00000082515,MRPL22,gene-driven,0.28667272727272725
ENSG00000082516,GEMIN5,neutral,0.22416545454545453
ENSG00000082556,OPRK1,neutral,0.35164681818181814
ENSG00000082996,RNF13,regulation-driven,0.405655
ENSG00000083123,BCKDHB,regulation-driven,0.38372272727272727
ENSG00000083168,,regulation-driven,0.32149
ENSG00000083520,DIS3,regulation-driven,0.33940136363636364
ENSG00000083535,PIBF1,neutral,0.3193881818181818
ENSG00000083635,NUFIP1,neutral,0.09622772727272727
ENSG00000083720,OXCT1,neutral,0.3796104545454545
ENSG00000083782,EPYC,neutral,0.2753409090909091
ENSG00000083937,CHMP2B,gene-driven,0.4453154545454545
ENSG00000084073,ZMPSTE24,gene-driven,0.39752181818181814
ENSG00000084092,NOA1,regulation-driven,0.6807945454545454
ENSG00000084093,REST,neutral,0.6692804545454545
ENSG00000084110,HAL,regulation-driven,0.37778272727272727
ENSG00000084444,FAM234B,gene-driven,0.18203772727272727
ENSG00000084628,NKAIN1,gene-driven,0.4300545454545454
ENSG00000084652,TXLNA,neutral,0.3027563636363636
ENSG00000084710,EFR3B,regulation-driven,0.4124172727272727
ENSG00000084731,KIF3C,gene-driven,0.3266072727272727
ENSG00000084733,RAB10,neutral,0.45354045454545455
ENSG00000084764,MAPRE3,neutral,0.313905
ENSG00000085365,SCAMP1,gene-driven,0.39861818181818176
ENSG00000085491,SLC25A24,neutral,0.30769090909090907
ENSG00000085552,IGSF9,neutral,0.1286690909090909
ENSG00000085662,AKR1B1,neutral,0.2708631818181818
ENSG00000085733,CTTN,regulation-driven,0.3450672727272727
ENSG00000085840,ORC1,neutral,0.15261181818181818
ENSG00000085871,MGST2,neutral,0.10701090909090909
ENSG00000085978,ATG16L1,gene-driven,0.3965163636363636
ENSG00000086062,B4GALT1,neutral,0.20342136363636362
ENSG00000086065,CHMP5,neutral,0.4389186363636363
ENSG00000086102,NFX1,regulation-driven,0.2926122727272727
ENSG00000086159,AQP6,gene-driven,0.08498727272727273
ENSG00000086189,DIMT1,gene-driven,0.36398363636363634
ENSG00000086289,EPDR1,neutral,0.2742440909090909
ENSG00000086300,SNX10,neutral,0.25660727272727274
ENSG00000086589,RBM22,gene-driven,0.4049236363636363
ENSG00000086619,ERO1B,neutral,0.3632527272727272
ENSG00000086730,LAT2,gene-driven,0.036736363636363636
ENSG00000086827,ZW10,neutral,0.2634609090909091
ENSG00000087085,ACHE,neutral,0.08535272727272727
ENSG00000087095,NLK,neutral,0.44814863636363633
ENSG00000087111,PIGS,gene-driven,0.26209
ENSG00000087116,ADAMTS2,neutral,0.2931609090909091
ENSG00000087206,UIMC1,gene-driven,0.110575
ENSG00000087299,L2HGDH,gene-driven,0.29855227272727275
ENSG00000087301,TXNDC16,gene-driven,0.12135818181818181
ENSG00000087302,RTRAF,neutral,0.416895
ENSG00000087338,GMCL1,neutral,0.35237772727272726
ENSG00000087494,PTHLH,gene-driven,0.1969331818181818
ENSG00000087884,AAMDC,gene-driven,0.37997590909090906
ENSG00000088035,ALG6,gene-driven,0.25770363636363636
ENSG00000088280,ASAP3,dual-driven,0.7624009090909091
ENSG00000088386,SLC15A1,neutral,0.24591499999999997
ENSG00000088451,TGDS,neutral,0.28192045454545456
ENSG00000088726,TMEM40,gene-driven,0.08352545454545454
ENSG00000088808,PPP1R13B,neutral,0.34963636363636363
ENSG00000088926,F11,gene-driven,0.1260190909090909
ENSG00000088992,TESC,neutral,0.3001972727272727
ENSG00000089041,P2RX7,gene-driven,0.12930863636363635
ENSG00000089116,LHX5,neutral,0.3428736363636364
ENSG00000089127,OAS1,gene-driven,0.03171045454545455
ENSG00000089169,RPH3A,gene-driven,0.310615
ENSG00000089225,TBX5,regulation-driven,0.9640859090909091
ENSG00000089234,BRAP,neutral,0.3869209090909091
ENSG00000089250,NOS1,regulation-driven,0.375955
ENSG00000089597,GANAB,gene-driven,0.2430822727272727
ENSG00000089692,LAG3,neutral,0.035457272727272726
ENSG00000089723,OTUB2,neutral,0.2613590909090909
ENSG00000089737,DDX24,neutral,0.21402181818181817
ENSG00000089775,ZBTB25,neutral,0.1375331818181818
ENSG00000089818,NECAP1,gene-driven,0.3253281818181818
ENSG00000089902,RCOR1,gene-driven,0.35155545454545456
ENSG00000090054,SPTLC1,regulation-driven,0.35484499999999997
ENSG00000090060,,neutral,0.42713
ENSG00000090104,RGS1,neutral,0.17362999999999998
ENSG00000090263,MRPS33,gene-driven,0.32669863636363633
ENSG00000090266,NDUFB2,gene-driven,0.19592772727272728
ENSG00000090273,NUDC,gene-driven,0.3988922727272727
ENSG00000090402,SI,neutral,0.2054318181818182
ENSG00000090432,MUL1,neutral,0.24107181818181816
ENSG00000090470,PDCD7,neutral,0.11889090909090909
ENSG00000090520,DNAJB11,neutral,0.4245713636363636
ENSG00000090530,P3H2,neutral,0.23796454545454546
ENSG00000090539,CHRD,regulation-driven,0.6764081818181817
ENSG00000090581,GNPTG,neutral,0.18943954545454544
ENSG00000090686,,regulation-driven,0.3817122727272727
ENSG00000090975,PITPNM2,regulation-driven,0.3533831818181818
ENSG00000091128,,neutral,0.10024863636363636
ENSG00000091138,SLC26A3,neutral,0.19629363636363636
ENSG00000091140,DLD,neutral,0.42630772727272725
ENSG00000091317,CMTM6,neutral,0.07347318181818181
ENSG00000091483,FH,gene-driven,0.3431481818181818
ENSG00000091656,,regulation-driven,0.3244140909090909
ENSG00000091664,SLC17A6,neutral,0.44348818181818184
ENSG00000091732,ZC3HC1,gene-driven,0.17481818181818182
ENSG00000091831,ESR1,gene-driven,0.3344663636363636
ENSG00000091844,RGS17,neutral,0.39213
ENSG00000091879,ANGPT2,gene-driven,0.33839590909090905
ENSG00000092009,CMA1,neutral,0.039112272727272725
ENSG00000092010,PSME1,gene-driven,0.14420454545454545
ENSG00000092020,PPP2R3C,gene-driven,0.42813545454545454
ENSG00000092051,JPH4,neutral,0.12848636363636362
ENSG00000092067,CEBPE,neutral,0.08562727272727272
ENSG00000092068,SLC7A8,regulation-driven,0.3620645454545454
ENSG00000092201,SUPT16H,neutral,0.3895713636363636
ENSG00000092203,TOX4,neutral,0.2306540909090909
ENSG00000092345,DAZL,gene-driven,0.22069318181818182
ENSG00000092529,,gene-driven,0.35877454545454546
ENSG00000092531,SNAP23,neutral,0.34305681818181816
ENSG00000092607,TBX15,gene-driven,0.4253940909090909
ENSG00000092820,EZR,neutral,0.4088531818181818
ENSG00000092847,AGO1,neutral,0.4424827272727273
ENSG00000092853,CLSPN,neutral,0.14566636363636362
ENSG00000092871,RFFL,gene-driven,0.251855
ENSG00000092969,TGFB2,neutral,0.417535
ENSG00000092978,GPATCH2,neutral,0.29809545454545455
ENSG00000095015,MAP3K1,gene-driven,0.30120272727272723
ENSG00000095139,ARCN1,regulation-driven,0.43517181818181816
ENSG00000095203,EPB41L4B,neutral,0.2687613636363636
ENSG00000095261,PSMD5,neutral,0.30412681818181814
ENSG00000095319,NUP188,neutral,0.35987136363636363
ENSG00000095321,CRAT,neutral,0.3118945454545454
ENSG00000095380,NANS,gene-driven,0.40053727272727274
ENSG00000095383,TBC1D2,neutral,0.18020999999999998
ENSG00000095464,PDE6C,neutral,0.33099409090909093
ENSG00000095564,BTAF1,regulation-driven,0.42493681818181817
ENSG00000095574,IKZF5,neutral,0.31993636363636363
ENSG00000095585,BLNK,neutral,0.17847363636363636
ENSG00000095596,CYP26A1,neutral,0.15635863636363637
ENSG00000095627,TDRD1,neutral,0.12007909090909091
ENSG00000095739,BAMBI,neutral,0.26364363636363636
ENSG00000095970,TREM2,neutral,0.07036590909090909
ENSG00000095981,KCNK16,gene-driven,0.22562772727272729
ENSG00000096060,FKBP5,neutral,0.28393090909090907
ENSG00000096070,BRPF3,regulation-driven,0.2852104545454545
ENSG00000096092,TMEM14A,neutral,0.20652863636363636
ENSG00000096395,MLN,neutral,0.6339145454545454
ENSG00000096401,CDC5L,regulation-driven,0.4307854545454545
ENSG00000096654,ZNF184,gene-driven,0.04742863636363637
ENSG00000096696,,gene-driven (relaxed),0.24280818181818184
ENSG00000096717,SIRT1,neutral,0.2842963636363636
ENSG00000096746,HNRNPH3,neutral,0.33227318181818183
ENSG00000097007,ABL1,regulation-driven,0.36188181818181814
ENSG00000097033,SH3GLB1,neutral,0.410955
ENSG00000097096,SYDE2,neutral,0.18222045454545455
ENSG00000099194,SCD,neutral,0.27689454545454545
ENSG00000099219,,regulation-driven,0.2969077272727273
ENSG00000099256,PRTFDC1,neutral,0.22754681818181818
ENSG00000099260,PALMD,gene-driven,0.1648572727272727
ENSG00000099282,TSPAN15,gene-driven,0.30951863636363636
ENSG00000099284,MACROH2A2,regulation-driven,0.4198195454545454
ENSG00000099814,CEP170B,neutral,0.16951772727272726
ENSG00000100439,ABHD4,neutral,0.28365681818181815
ENSG00000100442,FKBP3,gene-driven,0.3734877272727273
ENSG00000100445,SDR39U1,gene-driven,0.157455
ENSG00000100448,CTSG,neutral,0.03152772727272728
ENSG00000100453,GZMB,gene-driven,0.033629545454545454
ENSG00000100461,RBM23,gene-driven,0.17883909090909092
ENSG00000100462,PRMT5,neutral,0.28256
ENSG00000100483,VCPKMT,neutral,0.2665681818181818
ENSG00000100504,PYGL,regulation-driven,0.40145136363636363
ENSG00000100505,TRIM9,regulation-driven,0.4041013636363636
ENSG00000100523,DDHD1,neutral,0.2959022727272727
ENSG00000100526,CDKN3,neutral,0.24655500000000002
ENSG00000100528,CNIH1,neutral,0.4493363636363636
ENSG00000100554,ATP6V1D,neutral,0.4346236363636364
ENSG00000100565,LRRC74A,gene-driven,0.15672409090909092
ENSG00000100567,PSMA3,neutral,0.44823999999999997
ENSG00000100577,GSTZ1,gene-driven,0.2233431818181818
ENSG00000100583,SAMD15,gene-driven,0.022937272727272726
ENSG00000100592,DAAM1,regulation-driven,0.4226522727272727
ENSG00000100603,SNW1,neutral,0.43626863636363633
ENSG00000100604,CHGA,neutral,0.09047045454545453
ENSG00000100626,GALNT16,neutral,0.3928609090909091
ENSG00000100628,ASB2,neutral,0.24911363636363637
ENSG00000100644,HIF1A,regulation-driven,0.32541954545454543
ENSG00000100647,SUSD6,neutral,0.3123513636363636
ENSG00000100652,SLC10A1,neutral,0.1733559090909091
ENSG00000100665,SERPINA4,neutral,0.037285
ENSG00000100678,SLC8A3,regulation-driven,0.42987181818181813
ENSG00000100721,TCL1A,neutral,0.03043090909090909
ENSG00000100744,GSKIP,gene-driven,0.32158136363636364
ENSG00000100796,PPP4R3A,gene-driven,0.43983272727272726
ENSG00000100802,C14orf93,neutral,0.1313190909090909
ENSG00000100811,YY1,gene-driven,0.40081136363636366
ENSG00000100815,TRIP11,neutral,0.2047009090909091
ENSG00000100842,EFS,neutral,0.07694545454545455
ENSG00000100884,CPNE6,neutral,0.15983090909090908
ENSG00000100889,PCK2,neutral,0.2853931818181818
ENSG00000100890,PRORP,gene-driven,0.1571809090909091
ENSG00000100908,EMC9,gene-driven,0.1483168181818182
ENSG00000100911,PSME2,gene-driven,0.1550790909090909
ENSG00000100938,GMPR2,regulation-driven,0.31765181818181815
ENSG00000100941,PNN,neutral,0.1983040909090909
ENSG00000102466,FGF14,neutral,0.45006772727272726
ENSG00000102468,HTR2A,neutral,0.33620272727272726
ENSG00000102471,NDFIP2,neutral,0.2658368181818182
ENSG00000102524,TNFSF13B,neutral,0.15114954545454545
ENSG00000102539,MLNR,neutral,0.05126636363636363
ENSG00000102547,CAB39L,regulation-driven,0.42895772727272724
ENSG00000102580,DNAJC3,regulation-driven,0.3915818181818182
ENSG00000102595,UGGT2,regulation-driven,0.2692181818181818
ENSG00000102678,FGF9,neutral,0.4437622727272727
ENSG00000102683,SGCG,neutral,0.25569318181818185
ENSG00000102738,MRPS31,neutral,0.11870818181818181
ENSG00000102760,RGCC,neutral,0.2542309090909091
ENSG00000102794,ACOD1,neutral,0.21703772727272727
ENSG00000102805,CLN5,neutral,0.2639177272727273
ENSG00000102837,OLFM4,neutral,0.08818590909090908
ENSG00000103024,NME3,gene-driven,0.07877318181818183
ENSG00000103275,UBE2I,gene-driven,0.45408863636363633
ENSG00000103313,MEFV,gene-driven,0.0332640909090909
ENSG00000103343,ZNF174,neutral,0.05199772727272727
ENSG00000103351,CLUAP1,gene-driven,0.35438818181818177
ENSG00000103591,AAGAB,neutral,0.2884086363636364
ENSG00000103647,CORO2B,regulation-driven,0.42566818181818183
ENSG00000103707,MTFMT,neutral,0.15782045454545454
ENSG00000103710,RASL12,neutral,0.26803
ENSG00000103742,IGDCC4,neutral,0.21822590909090908
ENSG00000103769,RAB11A,neutral,0.4516213636363636
ENSG00000104043,,gene-driven,0.27397
ENSG00000104055,TGM5,neutral,0.10107090909090909
ENSG00000104059,ENTREP2,neutral,0.24372181818181818
ENSG00000104129,DNAJC17,neutral,0.23321272727272724
ENSG00000104142,VPS18,neutral,0.2541395454545455
ENSG00000104154,SLC30A4,neutral,0.305315
ENSG00000104221,BRF2,neutral,0.12994863636363635
ENSG00000104237,RP1,neutral,0.030339545454545452
ENSG00000104267,CA2,neutral,0.22590181818181818
ENSG00000104312,RIPK2,neutral,0.26775590909090907
ENSG00000104313,EYA1,neutral,0.45025045454545454
ENSG00000104321,TRPA1,neutral,0.21246863636363636
ENSG00000104324,CPQ,gene-driven,0.3006540909090909
ENSG00000104327,CALB1,neutral,0.32039318181818177
ENSG00000104332,SFRP1,neutral,0.35356590909090907
ENSG00000104361,NIPAL2,neutral,0.21182863636363636
ENSG00000104369,JPH1,neutral,0.33474045454545454
ENSG00000104371,DKK4,neutral,0.08928227272727272
ENSG00000104381,GDAP1,gene-driven,0.3007459090909091
ENSG00000104415,CCN4,neutral,0.31856545454545454
ENSG00000104427,ZC2HC1A,neutral,0.2906018181818182
ENSG00000104432,IL7,gene-driven,0.0801440909090909
ENSG00000104435,STMN2,neutral,0.4495195454545454
ENSG00000104442,ARMC1,neutral,0.4202763636363636
ENSG00000104450,SPAG1,neutral,0.1739040909090909
ENSG00000104490,NCALD,neutral,0.4533572727272727
ENSG00000104497,SNX16,gene-driven,0.27077181818181817
ENSG00000104518,GSDMD,neutral,0.02229772727272727
ENSG00000104537,ANXA13,neutral,0.24463590909090907
ENSG00000104611,SH2D4A,neutral,0.17600636363636363
ENSG00000104626,ERI1,gene-driven,0.33428363636363634
ENSG00000104643,MTMR9,gene-driven,0.3798845454545454
ENSG00000104660,LEPROTL1,gene-driven,0.43133363636363636
ENSG00000104671,DCTN6,gene-driven,0.3688268181818182
ENSG00000104689,TNFRSF10A,neutral,0.0002740909090909091
ENSG00000104714,ERICH1,gene-driven,0.039478181818181815
ENSG00000104723,TUSC3,regulation-driven,0.4309681818181818
ENSG00000104738,MCM4,neutral,0.3484481818181818
ENSG00000104755,ADAM2,neutral,0.03737636363636363
ENSG00000104760,FGL1,neutral,0.21594090909090907
ENSG00000104763,,gene-driven,0.2655627272727273
ENSG00000104765,BNIP3L,neutral,0.3586831818181818
ENSG00000105784,RUNDC3B,regulation-driven,0.4029131818181818
ENSG00000105810,CDK6,neutral,0.41671227272727274
ENSG00000105819,PMPCB,neutral,0.3335527272727273
ENSG00000105835,NAMPT,neutral,0.4188140909090909
ENSG00000105849,POLR1F,neutral,0.14639772727272726
ENSG00000105855,ITGB8,neutral,0.24701181818181817
ENSG00000105865,DUS4L,neutral,0.35557636363636363
ENSG00000105866,SP4,neutral,0.37723454545454543
ENSG00000105875,WDR91,neutral,0.3370254545454545
ENSG00000105880,DLX5,neutral,0.30193363636363635
ENSG00000105887,MTPN,neutral,0.3709286363636363
ENSG00000105894,PTN,neutral,0.3957854545454545
ENSG00000105926,PALS2,neutral,0.42840954545454546
ENSG00000105948,IFT56,regulation-driven,0.4219213636363636
ENSG00000105954,NPVF,neutral,0.5968127272727273
ENSG00000105967,TFEC,neutral,0.2683040909090909
ENSG00000105968,H2AZ2,neutral,0.44723454545454544
ENSG00000105971,CAV2,neutral,0.19081045454545453
ENSG00000105974,CAV1,neutral,0.42703863636363637
ENSG00000105976,MET,neutral,0.2537740909090909
ENSG00000105983,LMBR1,gene-driven,0.4009027272727273
ENSG00000105991,HOXA1,neutral,0.06506545454545454
ENSG00000105993,DNAJB6,neutral,0.2820118181818182
ENSG00000105996,HOXA2,neutral,0.05601863636363636
ENSG00000106003,LFNG,neutral,0.19355181818181819
ENSG00000106006,HOXA6,neutral,0.19227272727272726
ENSG00000106009,BRAT1,neutral,0.09394318181818181
ENSG00000106013,ANKRD7,gene-driven,0.11167181818181818
ENSG00000106018,VIPR2,neutral,0.24189409090909086
ENSG00000106025,TSPAN12,neutral,0.39203863636363634
ENSG00000106031,HOXA13,neutral,0.06314636363636363
ENSG00000106038,EVX1,neutral,0.16979181818181818
ENSG00000106049,HIBADH,neutral,0.39706454545454545
ENSG00000106066,CPVL,neutral,0.20643727272727272
ENSG00000106077,ABHD11,gene-driven,0.1027159090909091
ENSG00000106089,STX1A,gene-driven,0.39797863636363634
ENSG00000106123,EPHB6,gene-driven,0.15169772727272726
ENSG00000106125,MINDY4,neutral,0.15325136363636363
ENSG00000106128,GHRHR,gene-driven,0.17947863636363637
ENSG00000106144,CASP2,gene-driven,0.24454454545454543
ENSG00000106153,CHCHD2,neutral,0.2940745454545454
ENSG00000106236,NPTX2,neutral,0.3093359090909091
ENSG00000106245,BUD31,neutral,0.4468690909090909
ENSG00000106268,NUDT1,gene-driven,0.28904863636363637
ENSG00000106290,,neutral,0.20917863636363637
ENSG00000106299,WASL,neutral,0.37440136363636367
ENSG00000106305,AIMP2,neutral,0.2838395454545454
ENSG00000106331,PAX4,gene-driven (relaxed),0.1086559090909091
ENSG00000106333,PCOLCE,neutral,0.11121454545454545
ENSG00000106336,FBXO24,neutral,0.14520954545454545
ENSG00000106341,PPP1R17,neutral,0.15462227272727272
ENSG00000106366,SERPINE1,neutral,0.14786000000000002
ENSG00000106367,AP1S1,gene-driven,0.34031500000000003
ENSG00000106384,MOGAT3,gene-driven,0.06003954545454546
ENSG00000106397,PLOD3,neutral,0.2327559090909091
ENSG00000106399,RPA3,gene-driven,0.15681545454545456
ENSG00000106400,ZNHIT1,neutral,0.3042181818181818
ENSG00000106404,CLDN15,neutral,0.14575772727272726
ENSG00000106436,MYL10,gene-driven,0.2837481818181818
ENSG00000106460,TMEM106B,gene-driven,0.36590272727272727
ENSG00000106462,EZH2,regulation-driven,0.4150672727272727
ENSG00000106477,CEP41,gene-driven,0.22288636363636363
ENSG00000106479,ZNF862,neutral,0.06387772727272727
ENSG00000106483,SFRP4,neutral,0.2447272727272727
ENSG00000106511,MEOX2,neutral,0.41223454545454546
ENSG00000106536,POU6F2,dual-driven,0.9765140909090908
ENSG00000106546,AHR,gene-driven,0.18587545454545454
ENSG00000106565,TMEM176B,neutral,0.027232727272727273
ENSG00000106571,,gene-driven,0.32249500000000003
ENSG00000106609,TMEM248,gene-driven,0.41113772727272724
ENSG00000106617,PRKAG2,regulation-driven,0.39807
ENSG00000106628,,gene-driven,0.28712954545454544
ENSG00000106633,GCK,gene-driven,0.3800672727272727
ENSG00000106635,BCL7B,gene-driven,0.349545
ENSG00000106686,SPATA6L,neutral,0.07447818181818182
ENSG00000106688,SLC1A1,neutral,0.3377563636363636
ENSG00000106701,FSD1L,neutral,0.31226
ENSG00000106723,SPIN1,neutral,0.44705181818181816
ENSG00000106733,NMRK1,neutral,0.19126727272727273
ENSG00000106771,TMEM245,regulation-driven,0.3497277272727273
ENSG00000106780,MEGF9,neutral,0.15041863636363637
ENSG00000106785,TRIM14,gene-driven,0.09092727272727272
ENSG00000106789,CORO2A,neutral,0.29946636363636364
ENSG00000106803,SEC61B,neutral,0.43590318181818183
ENSG00000106809,OGN,gene-driven,0.23833
ENSG00000106823,ECM2,neutral,0.15955681818181816
ENSG00000106927,AMBP,neutral,0.12528772727272727
ENSG00000106948,,neutral,0.054190909090909095
ENSG00000106991,ENG,neutral,0.06753318181818183
ENSG00000106992,AK1,gene-driven,0.3854590909090909
ENSG00000106993,CDC37L1,neutral,0.28438772727272726
ENSG00000107020,PLGRKT,neutral,0.20698545454545453
ENSG00000107021,TBC1D13,neutral,0.41854
ENSG00000107140,TESK1,neutral,0.10034
ENSG00000107159,CA9,neutral,0.06186727272727273
ENSG00000107164,FUBP3,regulation-driven,0.4054722727272727
ENSG00000107185,RGP1,neutral,0.19821272727272726
ENSG00000107187,LHX3,neutral,0.31929681818181815
ENSG00000107201,RIGI,gene-driven,0.11112318181818182
ENSG00000107223,EDF1,neutral,0.3605109090909091
ENSG00000107242,PIP5K1B,neutral,0.3579522727272727
ENSG00000107295,SH3GL2,regulation-driven,0.41168636363636363
ENSG00000107338,SHB,neutral,0.23787318181818182
ENSG00000107362,ABHD17B,neutral,0.42923181818181816
ENSG00000107371,EXOSC3,gene-driven,0.2187740909090909
ENSG00000107404,DVL1,neutral,0.3077822727272727
ENSG00000107438,PDLIM1,neutral,0.33492363636363637
ENSG00000107443,CCNJ,neutral,0.3289836363636363
ENSG00000107447,DNTT,gene-driven,0.21648954545454546
ENSG00000107554,,neutral,0.21109772727272727
ENSG00000107562,CXCL12,neutral,0.2457322727272727
ENSG00000107566,ERLIN1,neutral,0.3768686363636364
ENSG00000107581,EIF3A,regulation-driven,0.3434222727272727
ENSG00000107593,PKD2L1,gene-driven,0.22955727272727272
ENSG00000107679,PLEKHA1,neutral,0.3754068181818182
ENSG00000107742,SPOCK2,neutral,0.3373909090909091
ENSG00000107771,CCSER2,neutral,0.16759863636363637
ENSG00000107779,BMPR1A,regulation-driven,0.40839636363636367
ENSG00000107796,ACTA2,neutral,0.4513468181818182
ENSG00000107798,LIPA,neutral,0.199035
ENSG00000107819,SFXN3,gene-driven,0.2744268181818182
ENSG00000107821,KAZALD1,neutral,0.12757227272727273
ENSG00000107829,FBXW4,neutral,0.15736363636363637
ENSG00000107831,FGF8,gene-driven,0.21941363636363634
ENSG00000107833,NPM3,neutral,0.11020954545454545
ENSG00000107854,TNKS2,regulation-driven,0.41872272727272725
ENSG00000107859,PITX3,neutral,0.136985
ENSG00000107864,CPEB3,regulation-driven,0.43599454545454547
ENSG00000107874,CUEDC2,neutral,0.09220681818181818
ENSG00000107882,SUFU,gene-driven (relaxed),0.4358118181818182
ENSG00000107902,LHPP,neutral,0.25605863636363635
ENSG00000107937,GTPBP4,neutral,0.41323954545454544
ENSG00000107951,MTPAP,regulation-driven,0.7637718181818182
ENSG00000107968,MAP3K8,neutral,0.3460722727272727
ENSG00000107984,DKK1,neutral,0.10765090909090907
ENSG00000108001,EBF3,regulation-driven,0.41058954545454546
ENSG00000108010,GLRX3,neutral,0.3037613636363636
ENSG00000108018,SORCS1,neutral,0.3109809090909091
ENSG00000108055,SMC3,regulation-driven,0.44540681818181815
ENSG00000108061,SHOC2,regulation-driven,0.4497022727272727
ENSG00000108091,CCDC6,neutral,0.4388272727272727
ENSG00000108176,DNAJC12,gene-driven,0.18368227272727272
ENSG00000108219,TSPAN14,regulation-driven,0.39551136363636363
ENSG00000108231,LGI1,regulation-driven,0.39633363636363633
ENSG00000108239,TBC1D12,neutral,0.2315677272727273
ENSG00000108256,NUFIP2,gene-driven,0.2965418181818182
ENSG00000108671,PSMD11,gene-driven,0.4461381818181818
ENSG00000108684,ASIC2,neutral,0.3374822727272727
ENSG00000108691,CCL2,gene-driven,0.04349909090909091
ENSG00000108700,CCL8,neutral,0.03161909090909091
ENSG00000109046,WSB1,gene-driven,0.36681636363636366
ENSG00000109072,VTN,gene-driven (relaxed),0.06122727272727272
ENSG00000109101,FOXN1,gene-driven,0.1453009090909091
ENSG00000109107,ALDOC,gene-driven,0.14173681818181819
ENSG00000109132,PHOX2B,neutral,0.12419136363636363
ENSG00000109133,TMEM33,neutral,0.40684272727272724
ENSG00000109158,GABRA4,gene-driven,0.3591404545454545
ENSG00000109163,GNRHR,gene-driven,0.22178954545454546
ENSG00000109180,OCIAD1,gene-driven,0.2042440909090909
ENSG00000109182,CWH43,gene-driven,0.15590181818181817
ENSG00000109189,USP46,dual-driven,0.99671
ENSG00000109193,SULT1E1,neutral,0.09376045454545455
ENSG00000109255,NMU,gene-driven,0.12071863636363636
ENSG00000109265,CRACD,gene-driven,0.11231136363636363
ENSG00000109270,LAMTOR3,neutral,0.39925818181818185
ENSG00000109321,AREG,neutral,0.08571863636363636
ENSG00000109424,UCP1,neutral,0.25130681818181816
ENSG00000109445,ZNF330,neutral,0.41031545454545454
ENSG00000109458,GAB1,regulation-driven,0.36526318181818185
ENSG00000109471,,neutral,0.03627954545454545
ENSG00000109511,ANXA10,neutral,0.26538
ENSG00000109519,GRPEL1,neutral,0.30175090909090907
ENSG00000109534,GAR1,neutral,0.33894454545454544
ENSG00000109576,AADAT,neutral,0.24244272727272728
ENSG00000109606,DHX15,regulation-driven,0.4397413636363636
ENSG00000109625,CPZ,neutral,0.24344772727272726
ENSG00000109674,NEIL3,neutral,0.1739959090909091
ENSG00000109684,CLNK,neutral,0.06826409090909091
ENSG00000109705,NKX3-2,neutral,0.09595363636363637
ENSG00000109738,GLRB,neutral,0.4342581818181818
ENSG00000109787,KLF3,neutral,0.2961763636363636
ENSG00000109805,NCAPG,neutral,0.2240740909090909
ENSG00000109832,DDX25,neutral,0.2975472727272727
ENSG00000109851,DBX1,neutral,0.13524863636363635
ENSG00000109861,CTSC,neutral,0.2771686363636363
ENSG00000109881,CCDC34,neutral,0.08864272727272726
ENSG00000109906,ZBTB16,gene-driven,0.3905763636363636
ENSG00000109911,ELP4,neutral,0.2160322727272727
ENSG00000109920,FNBP4,neutral,0.2380559090909091
ENSG00000109943,CRTAM,neutral,0.07658
ENSG00000109944,JHY,neutral,0.059399999999999994
ENSG00000109991,P2RX3,neutral,0.27634590909090906
ENSG00000110002,VWA5A,neutral,0.1092040909090909
ENSG00000110013,SIAE,neutral,0.13433499999999998
ENSG00000110031,LPXN,neutral,0.24408727272727274
ENSG00000110042,DTX4,neutral,0.31171181818181815
ENSG00000110057,UNC93B1,neutral,0.2619072727272727
ENSG00000110060,PUS3,gene-driven,0.07438681818181818
ENSG00000110063,DCPS,neutral,0.2623640909090909
ENSG00000110074,FOXRED1,neutral,0.2001318181818182
ENSG00000110079,MS4A4A,gene-driven,0.019190909090909092
ENSG00000110092,CCND1,neutral,0.3705631818181818
ENSG00000110107,PRPF19,gene-driven,0.4180831818181818
ENSG00000110108,TMEM109,neutral,0.07667136363636363
ENSG00000110172,CHORDC1,neutral,0.33337
ENSG00000110195,FOLR1,gene-driven,0.14237681818181816
ENSG00000110200,ANAPC15,neutral,0.2769859090909091
ENSG00000110218,PANX1,gene-driven,0.23074545454545453
ENSG00000110237,ARHGEF17,neutral,0.22096727272727273
ENSG00000110244,APOA4,neutral,0.03682772727272727
ENSG00000110318,CEP126,neutral,0.07100545454545454
ENSG00000110324,IL10RA,neutral,0.042493636363636365
ENSG00000110328,GALNT18,regulation-driven,0.4260336363636364
ENSG00000110344,UBE4A,regulation-driven,0.3989836363636363
ENSG00000110367,DDX6,neutral,0.4538145454545454
ENSG00000110395,CBL,regulation-driven,0.3722995454545454
ENSG00000110400,NECTIN1,regulation-driven,0.8944513636363636
ENSG00000110429,FBXO3,gene-driven,0.32615045454545455
ENSG00000110435,PDHX,gene-driven,0.2548709090909091
ENSG00000110442,COMMD9,neutral,0.26611090909090906
ENSG00000110448,CD5,gene-driven,0.05291136363636363
ENSG00000110583,NAA40,neutral,0.4247540909090909
ENSG00000110660,SLC35F2,gene-driven,0.2790877272727273
ENSG00000110675,ELMOD1,neutral,0.3940490909090909
ENSG00000110693,SOX6,neutral,0.44111181818181816
ENSG00000110696,C11orf58,gene-driven,0.31454454545454547
ENSG00000110697,PITPNM1,neutral,0.18779454545454546
ENSG00000110711,AIP,neutral,0.24902227272727273
ENSG00000110768,GTF2H1,neutral,0.4285009090909091
ENSG00000110777,POU2AF1,neutral,0.2190481818181818
ENSG00000110786,PTPN5,neutral,0.25679
ENSG00000110811,P3H3,neutral,0.12976590909090907
ENSG00000110844,PRPF40B,gene-driven,0.2846622727272727
ENSG00000110848,CD69,neutral,0.5878568181818181
ENSG00000110852,CLEC2B,neutral,0.5470995454545454
ENSG00000110880,CORO1C,gene-driven,0.41652954545454546
ENSG00000110881,ASIC1,gene-driven,0.3678218181818182
ENSG00000110900,TSPAN11,neutral,0.31902272727272724
ENSG00000110906,KCTD10,neutral,0.43361863636363634
ENSG00000110921,MVK,gene-driven,0.22443999999999997
ENSG00000110944,IL23A,neutral,0.03235
ENSG00000110975,SYT10,gene-driven,0.36471454545454546
ENSG00000110987,BCL7A,neutral,0.3794277272727272
ENSG00000111011,RSRC2,gene-driven,0.3616077272727273
ENSG00000111012,CYP27B1,gene-driven,0.11487
ENSG00000111046,MYF6,neutral,0.11075772727272727
ENSG00000111049,MYF5,neutral,0.13762454545454544
ENSG00000111057,KRT18,gene-driven,0.1256531818181818
ENSG00000111087,GLI1,neutral,0.10171090909090909
ENSG00000111110,PPM1H,neutral,0.3751327272727273
ENSG00000111144,LTA4H,neutral,0.3372081818181818
ENSG00000111181,SLC6A12,neutral,0.2659281818181818
ENSG00000111186,WNT5B,gene-driven,0.41132090909090907
ENSG00000111196,MAGOHB,neutral,0.4350804545454545
ENSG00000111199,TRPV4,regulation-driven,0.31591545454545455
ENSG00000111206,FOXM1,neutral,0.16056227272727272
ENSG00000111218,PRMT8,regulation-driven,0.44942772727272723
ENSG00000111229,ARPC3,gene-driven,0.43837045454545454
ENSG00000111237,VPS29,gene-driven,0.44750909090909086
ENSG00000111241,FGF6,neutral,0.3504586363636364
ENSG00000111245,MYL2,gene-driven,0.42749590909090907
ENSG00000111252,SH2B3,neutral,0.15791227272727273
ENSG00000111266,DUSP16,neutral,0.2801840909090909
ENSG00000111269,CREBL2,neutral,0.4236577272727272
ENSG00000111271,ACAD10,neutral,0.13990954545454545
ENSG00000111276,CDKN1B,neutral,0.08809454545454545
ENSG00000111291,GPRC5D,neutral,0.14475272727272728
ENSG00000111335,OAS2,neutral,0.03143636363636364
ENSG00000111339,ART4,gene-driven,0.06323772727272726
ENSG00000111344,RASAL1,neutral,0.25313454545454545
ENSG00000111364,DDX55,neutral,0.3471690909090909
ENSG00000111404,RERGL,neutral,0.23248181818181818
ENSG00000111405,ENDOU,dual-driven,0.7428445454545454
ENSG00000111424,VDR,gene-driven,0.3514640909090909
ENSG00000111445,RFC5,neutral,0.4015427272727273
ENSG00000111536,IL26,neutral,0.08425636363636363
ENSG00000111537,IFNG,neutral,0.031070454545454543
ENSG00000111602,TIMELESS,gene-driven,0.18889136363636364
ENSG00000111605,CPSF6,regulation-driven,0.41835727272727274
ENSG00000111615,KRR1,neutral,0.30860454545454546
ENSG00000111640,GAPDH,neutral,0.3182913636363636
ENSG00000111647,,gene-driven,0.27323909090909093
ENSG00000111665,CDCA3,neutral,0.05455636363636364
ENSG00000111667,USP5,neutral,0.34826545454545454
ENSG00000111684,LPCAT3,gene-driven,0.31957090909090907
ENSG00000111707,SUDS3,neutral,0.42795272727272726
ENSG00000111711,GOLT1B,gene-driven,0.4452240909090909
ENSG00000111726,CMAS,gene-driven,0.2644659090909091
ENSG00000111729,CLEC4A,neutral,0.022754545454545454
ENSG00000111732,AICDA,gene-driven,0.34698636363636365
ENSG00000111775,COX6A1,neutral,0.17253363636363636
ENSG00000111785,RIC8B,regulation-driven,0.35831772727272726
ENSG00000111790,FGFR1OP2,gene-driven,0.35109863636363636
ENSG00000111796,KLRB1,neutral,0.02376
ENSG00000111802,TDP2,neutral,0.18185454545454544
ENSG00000111816,FRK,neutral,0.2757977272727273
ENSG00000111834,RSPH4A,neutral,0.13835590909090908
ENSG00000111845,PAK1IP1,neutral,0.2138390909090909
ENSG00000111846,GCNT2,neutral,0.15809499999999999
ENSG00000111875,ASF1A,neutral,0.4435795454545455
ENSG00000111880,RNGTT,regulation-driven,0.4172604545454546
ENSG00000111885,MAN1A1,neutral,0.32450545454545454
ENSG00000111886,GABRR2,regulation-driven,0.36900954545454545
ENSG00000111897,SERINC1,neutral,0.41351409090909086
ENSG00000111906,HDDC2,gene-driven,0.30970136363636364
ENSG00000111907,TPD52L1,neutral,0.3152759090909091
ENSG00000111911,HINT3,neutral,0.16092772727272728
ENSG00000111962,UST,neutral,0.3945059090909091
ENSG00000112029,FBXO5,neutral,0.10810772727272727
ENSG00000112033,PPARD,gene-driven (relaxed),0.4016340909090909
ENSG00000112039,FANCE,neutral,0.06168454545454545
ENSG00000112053,SLC26A8,gene-driven,0.06808136363636363
ENSG00000112062,MAPK14,gene-driven,0.4334359090909091
ENSG00000112077,RHAG,neutral,0.2527690909090909
ENSG00000112079,STK38,regulation-driven,0.4440363636363636
ENSG00000112081,SRSF3,gene-driven,0.3013854545454545
ENSG00000112110,MRPL18,neutral,0.14411318181818183
ENSG00000112115,IL17A,neutral,0.0639690909090909
ENSG00000112116,IL17F,gene-driven,0.06268954545454546
ENSG00000112118,MCM3,gene-driven,0.34460999999999997
ENSG00000112144,CILK1,neutral,0.3054977272727273
ENSG00000112149,CD83,neutral,0.07118818181818182
ENSG00000112164,GLP1R,neutral,0.2660195454545454
ENSG00000112167,SAYSD1,neutral,0.11331636363636363
ENSG00000112182,BACH2,gene-driven,0.35210363636363634
ENSG00000112186,CAP2,neutral,0.32633318181818183
ENSG00000112195,TREML2,neutral,0.03554863636363636
ENSG00000112210,RAB23,neutral,0.4227436363636363
ENSG00000112212,TSPO2,neutral,0.0634209090909091
ENSG00000112214,FHL5,neutral,0.2862154545454545
ENSG00000112232,KHDRBS2,neutral,0.37065454545454546
ENSG00000112234,FBXL4,regulation-driven,0.38655545454545454
ENSG00000112238,PRDM13,neutral,0.10363
ENSG00000112242,E2F3,neutral,0.3021163636363636
ENSG00000112245,PTP4A1,neutral,0.4371822727272727
ENSG00000112246,SIM1,neutral,0.37175136363636363
ENSG00000112276,BVES,neutral,0.34232545454545454
ENSG00000112290,WASF1,regulation-driven,0.37385318181818183
ENSG00000112293,GPLD1,gene-driven,0.1524290909090909
ENSG00000112294,ALDH5A1,gene-driven (relaxed),0.3011113636363636
ENSG00000112299,VNN1,neutral,0.12199818181818183
ENSG00000112304,ACOT13,neutral,0.2698577272727272
ENSG00000112308,C6orf62,neutral,0.45390590909090905
ENSG00000112319,EYA4,neutral,0.44869681818181817
ENSG00000112320,SOBP,regulation-driven,0.8812004545454545
ENSG00000112335,SNX3,neutral,0.44339636363636364
ENSG00000112337,SLC17A2,neutral,0.13040545454545452
ENSG00000112343,TRIM38,neutral,0.03966090909090909
ENSG00000112365,ZBTB24,neutral,0.21968772727272726
ENSG00000112378,PERP,neutral,0.21393045454545453
ENSG00000112406,HECA,neutral,0.36727363636363636
ENSG00000112425,EPM2A,neutral,0.2906936363636364
ENSG00000112499,SLC22A2,neutral,0.23476636363636363
ENSG00000112531,QKI,gene-driven,0.4456813636363636
ENSG00000112539,C6orf118,neutral,0.03061363636363636
ENSG00000112559,MDFI,neutral,0.25011863636363635
ENSG00000112561,TFEB,gene-driven,0.2747013636363636
ENSG00000112562,SMOC2,neutral,0.35585045454545455
ENSG00000112584,,neutral,0.11432181818181818
ENSG00000112599,GUCA1B,neutral,0.2924295454545454
ENSG00000112619,PRPH2,neutral,0.3196622727272727
ENSG00000112624,BICRAL,neutral,0.24746863636363636
ENSG00000112658,SRF,neutral,0.2349490909090909
ENSG00000112659,CUL9,neutral,0.2100009090909091
ENSG00000112667,DNPH1,neutral,0.12547045454545452
ENSG00000112699,GMDS,neutral,0.40519772727272724
ENSG00000112706,IMPG1,gene-driven,0.11998772727272727
ENSG00000112739,,regulation-driven,0.38756090909090907
ENSG00000112761,CCN6,gene-driven,0.23677681818181814
ENSG00000112773,TENT5A,neutral,0.1493218181818182
ENSG00000112782,CLIC5,regulation-driven,0.9533027272727272
ENSG00000112799,LY86,neutral,0.08206318181818181
ENSG00000112812,PRSS16,neutral,0.06287227272727272
ENSG00000112837,TBX18,neutral,0.30394409090909086
ENSG00000112874,NUDT12,neutral,0.24417863636363638
ENSG00000112893,MAN2A1,neutral,0.29389181818181814
ENSG00000112941,TENT4A,gene-driven,0.27214227272727276
ENSG00000112964,GHR,gene-driven,0.18870863636363636
ENSG00000112981,NME5,neutral,0.31481909090909094
ENSG00000112996,MRPS30,neutral,0.16111045454545456
ENSG00000113068,PFDN1,neutral,0.37769136363636363
ENSG00000113070,HBEGF,neutral,0.16275545454545454
ENSG00000113083,LOX,neutral,0.22425727272727272
ENSG00000113088,GZMK,gene-driven,0.06908636363636363
ENSG00000113119,TMCO6,gene-driven,0.12766363636363637
ENSG00000113141,IK,gene-driven,0.4159813636363636
ENSG00000113161,HMGCR,gene-driven,0.3405890909090909
ENSG00000113196,HAND1,neutral,0.1654968181818182
ENSG00000113240,CLK4,gene-driven,0.3330959090909091
ENSG00000113262,GRM6,neutral,0.27872227272727274
ENSG00000113269,RNF130,neutral,0.37038045454545454
ENSG00000113302,IL12B,gene-driven,0.09111
ENSG00000113319,RASGRF2,neutral,0.40538090909090907
ENSG00000113327,GABRG2,regulation-driven,0.42237818181818176
ENSG00000113361,CDH6,gene-driven,0.34524999999999995
ENSG00000113368,LMNB1,neutral,0.2700404545454545
ENSG00000113369,ARRDC3,neutral,0.4207331818181818
ENSG00000113384,GOLPH3,neutral,0.41177772727272727
ENSG00000113396,SLC27A6,neutral,0.189805
ENSG00000113430,IRX4,neutral,0.15517045454545453
ENSG00000113441,LNPEP,neutral,0.23705090909090906
ENSG00000113456,RAD1,gene-driven,0.3222209090909091
ENSG00000113460,BRIX1,neutral,0.28484499999999996
ENSG00000113492,AGXT2,gene-driven,0.2643745454545455
ENSG00000113520,IL4,gene-driven (relaxed),0.028694545454545455
ENSG00000113525,IL5,gene-driven,0.042585000000000005
ENSG00000113532,ST8SIA4,neutral,0.4084877272727273
ENSG00000113569,NUP155,neutral,0.38774363636363635
ENSG00000113583,C5orf15,neutral,0.11002681818181817
ENSG00000113594,LIFR,gene-driven (relaxed),0.13862999999999998
ENSG00000113595,TRIM23,gene-driven,0.43151681818181814
ENSG00000113600,C9,gene-driven,0.0811490909090909
ENSG00000113643,RARS1,regulation-driven,0.37851363636363633
ENSG00000113658,SMAD5,gene-driven,0.43791363636363634
ENSG00000113719,ERGIC1,neutral,0.44549863636363635
ENSG00000113721,PDGFRB,neutral,0.20890454545454545
ENSG00000113734,BNIP1,gene-driven,0.3815295454545454
ENSG00000113749,HRH2,regulation-driven,0.7189018181818181
ENSG00000113790,EHHADH,neutral,0.17628045454545455
ENSG00000113805,CNTN3,neutral,0.2656540909090909
ENSG00000113838,TBCCD1,neutral,0.2435390909090909
ENSG00000113845,TIMMDC1,neutral,0.09769
ENSG00000113889,KNG1,neutral,0.05026136363636364
ENSG00000113905,HRG,neutral,0.02997409090909091
ENSG00000113946,CLDN16,gene-driven,0.23878727272727274
ENSG00000114013,CD86,neutral,0.03253272727272727
ENSG00000114021,NIT2,gene-driven,0.35649000000000003
ENSG00000114030,KPNA1,neutral,0.4257595454545455
ENSG00000114113,RBP2,neutral,0.2915159090909091
ENSG00000114120,SLC25A36,neutral,0.42393181818181813
ENSG00000114124,GRK7,gene-driven,0.24929636363636365
ENSG00000114125,RNF7,neutral,0.42859227272727274
ENSG00000114166,KAT2B,regulation-driven,0.4216472727272727
ENSG00000114200,BCHE,neutral,0.2036954545454545
ENSG00000114248,LRRC31,neutral,0.09522227272727272
ENSG00000114251,WNT5A,neutral,0.3873781818181818
ENSG00000114279,FGF12,gene-driven,0.4473259090909091
ENSG00000114353,GNAI2,gene-driven,0.4376395454545454
ENSG00000114383,TUSC2,neutral,0.27917909090909093
ENSG00000114388,NPRL2,gene-driven,0.2489309090909091
ENSG00000114395,CYB561D2,neutral,0.16421772727272727
ENSG00000114416,FXR1,neutral,0.42694727272727273
ENSG00000114439,,gene-driven,0.28612409090909086
ENSG00000114455,HHLA2,gene-driven,0.025496363636363636
ENSG00000114480,GBE1,neutral,0.3593231818181818
ENSG00000114491,UMPS,gene-driven,0.23293863636363632
ENSG00000114547,ROPN1B,neutral,0.7106772727272727
ENSG00000114573,ATP6V1A,regulation-driven,0.44321363636363637
ENSG00000114631,PODXL2,neutral,0.16504
ENSG00000114650,SCAP,regulation-driven,0.2936177272727272
ENSG00000114686,MRPL3,neutral,0.23531454545454547
ENSG00000114735,HEMK1,neutral,0.11971363636363636
ENSG00000114737,CISH,neutral,0.1874290909090909
ENSG00000114739,ACVR2B,regulation-driven,0.42877499999999996
ENSG00000114744,COMMD2,neutral,0.23485772727272727
ENSG00000114757,PEX5L,gene-driven,0.3770513636363636
ENSG00000114767,RRP9,neutral,0.23906136363636366
ENSG00000114770,,gene-driven,0.3559418181818182
ENSG00000114771,AADAC,neutral,0.09430863636363636
ENSG00000114779,ABHD14B,gene-driven,0.1715281818181818
ENSG00000114784,EIF1B,neutral,0.4436709090909091
ENSG00000114790,ARHGEF26,neutral,0.24500136363636363
ENSG00000114805,,neutral,0.24326499999999998
ENSG00000114850,SSR3,neutral,0.4393754545454545
ENSG00000114902,SPCS1,neutral,0.2495704545454545
ENSG00000114933,INO80D,regulation-driven,0.3969731818181818
ENSG00000114956,DGUOK,neutral,0.16750727272727273
ENSG00000114988,LMAN2L,neutral,0.32322636363636364
ENSG00000114993,RTKN,neutral,0.18560136363636362
ENSG00000115008,IL1A,neutral,0.03454318181818181
ENSG00000115041,KCNIP3,gene-driven,0.3985268181818181
ENSG00000115053,NCL,gene-driven,0.16769
ENSG00000115073,ACTR1B,neutral,0.39660772727272725
ENSG00000115085,ZAP70,regulation-driven,0.3062286363636364
ENSG00000115107,STEAP3,neutral,0.27168545454545456
ENSG00000115109,EPB41L5,neutral,0.27132
ENSG00000115112,TFCP2L1,neutral,0.39322681818181815
ENSG00000115128,SF3B6,neutral,0.44595545454545454
ENSG00000115129,TP53I3,gene-driven,0.16330363636363635
ENSG00000115137,DNAJC27,neutral,0.40739136363636363
ENSG00000115145,STAM2,neutral,0.2929781818181818
ENSG00000115163,CENPA,neutral,0.10966136363636363
ENSG00000115194,SLC30A3,gene-driven,0.20241636363636362
ENSG00000115211,EIF2B4,gene-driven (relaxed),0.19812136363636362
ENSG00000115226,FNDC4,neutral,0.17637181818181816
ENSG00000115234,SNX17,neutral,0.2702231818181818
ENSG00000115241,PPM1G,neutral,0.35630727272727275
ENSG00000115252,PDE1A,gene-driven,0.3655372727272727
ENSG00000115263,GCG,neutral,0.2404322727272727
ENSG00000115289,PCGF1,neutral,0.20634590909090908
ENSG00000115290,GRB14,neutral,0.33209045454545455
ENSG00000115307,AUP1,gene-driven,0.09979181818181818
ENSG00000115317,HTRA2,neutral,0.08526136363636364
ENSG00000115318,LOXL3,neutral,0.25496227272727273
ENSG00000115350,POLE4,neutral,0.20725954545454545
ENSG00000115353,TACR1,gene-driven,0.3517381818181818
ENSG00000115365,LANCL1,neutral,0.3246881818181818
ENSG00000115368,WDR75,regulation-driven,0.7846072727272727
ENSG00000115380,EFEMP1,neutral,0.2795445454545455
ENSG00000115386,REG1A,neutral,0.035091363636363636
ENSG00000115419,GLS,regulation-driven,0.3745840909090909
ENSG00000115421,PAPOLG,neutral,0.3468945454545454
ENSG00000115423,DNAH6,neutral,0.23860454545454546
ENSG00000115457,IGFBP2,neutral,0.1792959090909091
ENSG00000115459,ELMOD3,neutral,0.2067113636363636
ENSG00000115461,IGFBP5,neutral,0.2927954545454545
ENSG00000115488,NEU2,neutral,0.08315954545454546
ENSG00000115507,OTX1,gene-driven,0.18468772727272725
ENSG00000115520,COQ10B,neutral,0.3453413636363636
ENSG00000115524,,neutral,0.4369081818181818
ENSG00000115526,CHST10,regulation-driven,0.35941454545454543
ENSG00000115540,MOB4,neutral,0.452535
ENSG00000115592,PRKAG3,gene-driven,0.1661368181818182
ENSG00000115593,SMYD1,neutral,0.35676409090909095
ENSG00000115596,WNT6,neutral,0.281555
ENSG00000115598,IL1RL2,neutral,0.07886454545454545
ENSG00000115604,IL18R1,neutral,0.08133181818181819
ENSG00000115616,SLC9A2,neutral,0.2885913636363637
ENSG00000115661,STK16,gene-driven,0.17920454545454545
ENSG00000115665,SLC5A7,dual-driven,0.9359395454545454
ENSG00000115677,,neutral,0.42511954545454544
ENSG00000115758,ODC1,neutral,0.2539568181818182
ENSG00000115761,NOL10,neutral,0.38975409090909086
ENSG00000115806,GORASP2,gene-driven,0.3000145454545454
ENSG00000115808,STRN,regulation-driven,0.3823518181818182
ENSG00000115816,CEBPZ,neutral,0.2192309090909091
ENSG00000115828,QPCT,neutral,0.23586272727272725
ENSG00000115839,RAB3GAP1,gene-driven,0.38098090909090904
ENSG00000115840,SLC25A12,neutral,0.4192709090909091
ENSG00000115844,DLX2,neutral,0.12519636363636363
ENSG00000115850,LCT,neutral,0.19611090909090909
ENSG00000115866,DARS1,gene-driven,0.43371
ENSG00000115896,,gene-driven,0.3780568181818182
ENSG00000115902,SLC1A4,neutral,0.31372227272727277
ENSG00000115944,COX7A2L,gene-driven,0.3143618181818182
ENSG00000115946,PNO1,neutral,0.3408631818181818
ENSG00000115956,PLEK,neutral,0.37696
ENSG00000115963,RND3,neutral,0.44129454545454544
ENSG00000115998,C2orf42,neutral,0.2566986363636364
ENSG00000116001,TIA1,gene-driven,0.3981613636363636
ENSG00000116030,SUMO1,neutral,0.4499763636363636
ENSG00000116031,CD207,neutral,0.04066590909090909
ENSG00000116062,,regulation-driven,0.2575209090909091
ENSG00000116095,PLEKHA3,neutral,0.36425772727272726
ENSG00000116096,SPR,neutral,0.14045772727272726
ENSG00000116117,PARD3B,regulation-driven,0.7916436363636363
ENSG00000116120,FARSB,neutral,0.3606936363636363
ENSG00000116128,BCL9,gene-driven (relaxed),0.23010545454545456
ENSG00000116132,PRRX1,neutral,0.4331613636363636
ENSG00000116141,MARK1,neutral,0.42347499999999993
ENSG00000116147,TNR,regulation-driven,0.32889227272727267
ENSG00000116157,GPX7,neutral,0.31500181818181816
ENSG00000116171,SCP2,regulation-driven,0.3272472727272727
ENSG00000116176,TPSG1,neutral,0.025405
ENSG00000116205,TCEANC2,gene-driven (relaxed),0.3012940909090909
ENSG00000116209,TMEM59,neutral,0.30586318181818184
ENSG00000116218,NPHS2,neutral,0.1614759090909091
ENSG00000116237,ICMT,neutral,0.3296231818181818
ENSG00000116254,CHD5,neutral,0.3747668181818182
ENSG00000116266,STXBP3,regulation-driven,0.8483022727272727
ENSG00000116273,PHF13,neutral,0.27122863636363637
ENSG00000116285,ERRFI1,neutral,0.06936045454545454
ENSG00000116299,ELAPOR1,gene-driven,0.26199863636363635
ENSG00000116337,,gene-driven,0.2703145454545454
ENSG00000116350,SRSF4,neutral,0.2484740909090909
ENSG00000116353,MECR,gene-driven (relaxed),0.23988363636363635
ENSG00000116459,ATP5PB,neutral,0.2726909090909091
ENSG00000116489,CAPZA1,gene-driven,0.44193454545454547
ENSG00000116514,RNF19B,gene-driven,0.27342181818181815
ENSG00000116521,SCAMP3,neutral,0.23504045454545455
ENSG00000116525,TRIM62,neutral,0.37613772727272726
ENSG00000116544,DLGAP3,neutral,0.29215545454545455
ENSG00000116574,RHOU,neutral,0.3029390909090909
ENSG00000116586,LAMTOR2,neutral,0.4038272727272727
ENSG00000116649,SRM,neutral,0.2651059090909091
ENSG00000116667,C1orf21,gene-driven,0.38271727272727274
ENSG00000116679,IVNS1ABP,neutral,0.33729954545454544
ENSG00000116685,KIAA2013,gene-driven,0.18276863636363636
ENSG00000116691,MIIP,neutral,0.04459545454545454
ENSG00000116701,NCF2,neutral,0.19967454545454544
ENSG00000116703,PDC,neutral,0.2626386363636364
ENSG00000116704,SLC35D1,neutral,0.3433309090909091
ENSG00000116711,PLA2G4A,neutral,0.38491045454545453
ENSG00000116717,GADD45A,neutral,0.20406090909090907
ENSG00000116741,RGS2,neutral,0.17088863636363635
ENSG00000116745,RPE65,neutral,0.3764118181818182
ENSG00000116748,AMPD1,gene-driven,0.31673772727272725
ENSG00000116752,BCAS2,gene-driven,0.40620318181818177
ENSG00000116761,CTH,neutral,0.3221295454545455
ENSG00000116771,AGMAT,neutral,0.26300409090909094
ENSG00000116783,,gene-driven,0.36151636363636364
ENSG00000116786,PLEKHM2,neutral,0.32231227272727275
ENSG00000116819,TFAP2E,neutral,0.3064113636363636
ENSG00000116824,CD2,gene-driven,0.020561363636363635
ENSG00000116857,TMEM9,neutral,0.3910331818181818
ENSG00000116863,ADPRS,neutral,0.21639818181818182
ENSG00000116874,WARS2,neutral,0.27662045454545453
ENSG00000116898,MRPS15,neutral,0.1141390909090909
ENSG00000116903,EXOC8,neutral,0.00265
ENSG00000116954,RRAGC,neutral,0.4255768181818182
ENSG00000116962,NID1,neutral,0.24646363636363638
ENSG00000116981,NT5C1A,neutral,0.3573127272727273
ENSG00000116983,HPCAL4,gene-driven,0.3693754545454545
ENSG00000116996,ZP4,gene-driven (relaxed),0.06442590909090909
ENSG00000117000,RLF,neutral,0.21776863636363636
ENSG00000117010,ZNF684,neutral,0.04870772727272727
ENSG00000117016,RIMS3,neutral,0.3557590909090909
ENSG00000117036,ETV3,neutral,0.18084954545454543
ENSG00000117054,ACADM,regulation-driven,0.3669990909090909
ENSG00000117069,ST6GALNAC5,neutral,0.35703863636363636
ENSG00000117090,SLAMF1,neutral,0.043864545454545455
ENSG00000117091,CD48,neutral,0.0007309090909090909
ENSG00000117115,PADI2,neutral,0.2881345454545455
ENSG00000117118,SDHB,gene-driven,0.39615090909090905
ENSG00000117122,MFAP2,neutral,0.22626772727272726
ENSG00000117143,UAP1,regulation-driven,0.33757363636363635
ENSG00000117148,ACTL8,gene-driven,0.10609727272727273
ENSG00000117151,CTBS,neutral,0.21804272727272728
ENSG00000117154,IGSF21,neutral,0.36608545454545455
ENSG00000117155,SSX2IP,gene-driven,0.25148954545454544
ENSG00000117174,ZNHIT6,neutral,0.09915181818181817
ENSG00000117215,PLA2G2D,neutral,0.055379090909090906
ENSG00000117222,RBBP5,neutral,0.4417518181818182
ENSG00000117245,KIF17,gene-driven (relaxed),0.175275
ENSG00000117308,GALE,neutral,0.21457045454545454
ENSG00000117318,ID3,neutral,0.05620136363636363
ENSG00000117362,APH1A,neutral,0.16567954545454547
ENSG00000117385,P3H1,neutral,0.22608454545454545
ENSG00000117395,EBNA1BP2,neutral,0.24162
ENSG00000117399,CDC20,neutral,0.19455727272727272
ENSG00000117408,IPO13,regulation-driven,0.36444045454545454
ENSG00000117448,AKR1A1,gene-driven,0.3414118181818182
ENSG00000117450,PRDX1,neutral,0.39121636363636364
ENSG00000117472,TSPAN1,neutral,0.09851227272727273
ENSG00000117477,CCDC181,neutral,0.13396954545454545
ENSG00000117479,SLC19A2,gene-driven,0.22992272727272728
ENSG00000117500,TMED5,gene-driven,0.3547536363636363
ENSG00000117525,F3,neutral,0.05720636363636363
ENSG00000117528,ABCD3,neutral,0.41397090909090906
ENSG00000117533,VAMP4,neutral,0.316555
ENSG00000117543,DPH5,gene-driven,0.3294404545454545
ENSG00000117560,FASLG,neutral,0.09421727272727272
ENSG00000117569,PTBP2,neutral,0.4305113636363636
ENSG00000117586,TNFSF4,neutral,0.046149090909090904
ENSG00000117592,PRDX6,neutral,0.32678999999999997
ENSG00000117594,HSD11B1,neutral,0.10947818181818182
ENSG00000117598,PLPPR5,gene-driven (relaxed),0.36041954545454546
ENSG00000117600,PLPPR4,neutral,0.3531090909090909
ENSG00000117614,SYF2,neutral,0.3340095454545454
ENSG00000117625,RCOR3,neutral,0.3977045454545454
ENSG00000117640,MTFR1L,neutral,0.3245968181818182
ENSG00000117643,MAN1C1,neutral,0.29087636363636366
ENSG00000117650,NEK2,neutral,0.27844772727272726
ENSG00000117697,NSL1,neutral,0.08736318181818183
ENSG00000117707,PROX1,gene-driven,0.3842709090909091
ENSG00000117748,RPA2,neutral,0.27552363636363636
ENSG00000117862,TXNDC12,neutral,0.3157327272727273
ENSG00000117868,ESYT2,neutral,0.32596772727272727
ENSG00000118094,TREH,neutral,0.14694590909090907
ENSG00000118137,APOA1,gene-driven,0.048159545454545455
ENSG00000118193,KIF14,gene-driven,0.14996181818181817
ENSG00000118194,TNNT2,gene-driven (relaxed),0.29553681818181815
ENSG00000118197,DDX59,neutral,0.2735131818181818
ENSG00000118246,FASTKD2,gene-driven,0.08553590909090909
ENSG00000118260,CREB1,gene-driven,0.4480572727272727
ENSG00000118292,C1orf54,gene-driven,0.06013090909090908
ENSG00000118298,CA14,gene-driven,0.10728499999999999
ENSG00000118402,ELOVL4,neutral,0.37659454545454546
ENSG00000118407,FILIP1,neutral,0.2821945454545455
ENSG00000118434,SPACA1,neutral,0.08763772727272727
ENSG00000118454,ANKRD13C,neutral,0.42100727272727273
ENSG00000118491,ZC2HC1B,regulation-driven,0.6740322727272727
ENSG00000118496,FBXO30,neutral,0.19802954545454546
ENSG00000118507,AKAP7,neutral,0.15754636363636365
ENSG00000118922,KLF12,neutral,0.4410204545454545
ENSG00000118972,FGF23,neutral,0.12949136363636363
ENSG00000119013,NDUFB3,neutral,0.24783409090909092
ENSG00000119048,UBE2B,gene-driven,0.4539972727272727
ENSG00000119125,GDA,gene-driven,0.2669336363636364
ENSG00000119138,KLF9,neutral,0.239975
ENSG00000119203,CPSF3,regulation-driven,0.44385363636363634
ENSG00000119285,HEATR1,neutral,0.22553636363636365
ENSG00000119333,DYNC2I2,neutral,0.19318636363636363
ENSG00000119402,FBXW2,regulation-driven,0.4444018181818182
ENSG00000119403,PHF19,neutral,0.3043095454545454
ENSG00000119411,BSPRY,neutral,0.19656772727272726
ENSG00000119414,PPP6C,neutral,0.44504136363636365
ENSG00000119421,NDUFA8,neutral,0.3724822727272727
ENSG00000119446,RBM18,neutral,0.37531545454545456
ENSG00000119457,SLC46A2,neutral,0.17372136363636362
ENSG00000119471,HSDL2,regulation-driven,0.3556677272727273
ENSG00000119508,NR4A3,neutral,0.3192054545454545
ENSG00000119509,INVS,neutral,0.2715940909090909
ENSG00000119523,ALG2,neutral,0.18669818181818182
ENSG00000119599,DCAF4,neutral,0.27095454545454545
ENSG00000119608,PROX2,neutral,0.11285954545454546
ENSG00000119614,VSX2,neutral,0.31216863636363634
ENSG00000119630,PGF,gene-driven,0.17353863636363634
ENSG00000119636,BBOF1,neutral,0.14968727272727272
ENSG00000119650,IFT43,neutral,0.2311109090909091
ENSG00000119681,,neutral,0.17609772727272727
ENSG00000119686,FLVCR2,neutral,0.2427168181818182
ENSG00000119699,TGFB3,gene-driven,0.37138590909090907
ENSG00000119705,SLIRP,gene-driven,0.12355136363636364
ENSG00000119707,RBM25,regulation-driven,0.4104981818181818
ENSG00000119711,ALDH6A1,neutral,0.4001718181818182
ENSG00000119715,ESRRB,neutral,0.4518040909090909
ENSG00000119718,EIF2B2,neutral,0.35429681818181813
ENSG00000119760,SUPT7L,neutral,0.3331872727272727
ENSG00000119772,DNMT3A,neutral,0.3819863636363636
ENSG00000119778,ATAD2B,neutral,0.33300454545454544
ENSG00000119787,ATL2,neutral,0.3913077272727273
ENSG00000119801,YPEL5,gene-driven,0.4430309090909091
ENSG00000119862,LGALSL,neutral,0.31088954545454545
ENSG00000119865,CNRIP1,neutral,0.3956027272727273
ENSG00000132423,COQ3,neutral,0.1840481818181818
ENSG00000132424,PNISR,neutral,0.27141136363636365
ENSG00000132429,POPDC3,gene-driven,0.19382590909090908
ENSG00000132432,SEC61G,gene-driven,0.4522609090909091
ENSG00000132464,ENAM,neutral,0.04596636363636363
ENSG00000132485,ZRANB2,neutral,0.4155245454545454
ENSG00000132541,RIDA,gene-driven,0.2411631818181818
ENSG00000132570,PCBD2,gene-driven,0.19218136363636362
ENSG00000132591,ERAL1,gene-driven,0.1274809090909091
ENSG00000132676,DAP3,gene-driven,0.19053636363636361
ENSG00000132680,KHDC4,neutral,0.3239572727272727
ENSG00000132688,NES,neutral,0.019373636363636364
ENSG00000132698,RAB25,neutral,0.3542054545454545
ENSG00000132703,APCS,neutral,0.018276818181818182
ENSG00000132704,FCRL2,neutral,0.0020104545454545453
ENSG00000132718,SYT11,gene-driven,0.33839590909090905
ENSG00000132740,IGHMBP2,neutral,0.21292545454545456
ENSG00000132744,ACY3,neutral,0.0666190909090909
ENSG00000132763,MMACHC,neutral,0.20223363636363634
ENSG00000132768,DPH2,gene-driven,0.05748090909090908
ENSG00000132773,TOE1,neutral,0.10518318181818181
ENSG00000132781,,gene-driven,0.10956954545454545
ENSG00000132837,DMGDH,gene-driven,0.3612422727272727
ENSG00000132849,PATJ,neutral,0.2230690909090909
ENSG00000132854,KANK4,neutral,0.10317272727272726
ENSG00000132855,ANGPTL3,neutral,0.15471363636363636
ENSG00000132881,CPLANE2,neutral,0.19675045454545453
ENSG00000132911,NMUR2,neutral,0.18752045454545455
ENSG00000132912,DCTN4,regulation-driven,0.43672545454545453
ENSG00000132915,PDE6A,regulation-driven,0.34196
ENSG00000132932,,regulation-driven,0.40766545454545455
ENSG00000132938,MTUS2,neutral,0.131045
ENSG00000132950,ZMYM5,neutral,0.1518809090909091
ENSG00000132952,USPL1,neutral,0.06954363636363636
ENSG00000132963,POMP,gene-driven,0.3773259090909091
ENSG00000132964,CDK8,neutral,0.45436272727272725
ENSG00000132965,ALOX5AP,neutral,0.3034872727272727
ENSG00000132975,GPR12,neutral,0.00265
ENSG00000133055,MYBPH,neutral,0.1296740909090909
ENSG00000133056,PIK3C2B,gene-driven,0.2970904545454546
ENSG00000133065,SLC41A1,neutral,0.39679045454545453
ENSG00000133069,TMCC2,regulation-driven,0.3447013636363636
ENSG00000133083,DCLK1,neutral,0.4296890909090909
ENSG00000133101,CCNA1,gene-driven,0.18733772727272727
ENSG00000133104,SPART,neutral,0.22051045454545454
ENSG00000133105,RXFP2,neutral,0.19154136363636365
ENSG00000133111,RFXAP,neutral,0.16156727272727273
ENSG00000133116,KL,neutral,0.22133272727272726
ENSG00000133119,RFC3,neutral,0.4170777272727273
ENSG00000133121,STARD13,regulation-driven,0.31125499999999995
ENSG00000133302,SLF1,neutral,0.1540740909090909
ENSG00000133317,LGALS12,gene-driven,0.12346
ENSG00000133318,RTN3,neutral,0.09147545454545454
ENSG00000133321,PLAAT4,neutral,0.02988272727272727
ENSG00000133328,PLAAT2,neutral,0.05254590909090909
ENSG00000133398,MED10,neutral,0.42722136363636365
ENSG00000133574,GIMAP4,neutral,0.020013181818181815
ENSG00000133606,MKRN1,gene-driven,0.3526518181818182
ENSG00000133636,NTS,neutral,0.21557545454545454
ENSG00000133639,BTG1,neutral,0.25103272727272724
ENSG00000133641,RLIG1,gene-driven,0.29535409090909087
ENSG00000133678,TMEM254,gene-driven,0.07804227272727272
ENSG00000133704,IPO8,gene-driven,0.32998863636363635
ENSG00000133731,IMPA1,regulation-driven,0.8460172727272727
ENSG00000133739,LRRCC1,neutral,0.20177636363636364
ENSG00000133773,CCDC59,gene-driven,0.10874727272727273
ENSG00000133800,LYVE1,gene-driven,0.074935
ENSG00000133805,AMPD3,regulation-driven,0.3946886363636363
ENSG00000133858,ZFC3H1,neutral,0.25267772727272725
ENSG00000133874,RNF122,neutral,0.3649886363636364
ENSG00000133895,,gene-driven,0.1988522727272727
ENSG00000133935,ERG28,neutral,0.3714772727272727
ENSG00000133937,GSC,neutral,0.14977863636363636
ENSG00000133961,NUMB,neutral,0.3627040909090909
ENSG00000133985,TTC9,neutral,0.28914
ENSG00000134007,ADAM20,neutral,0.00265
ENSG00000134013,LOXL2,regulation-driven,0.32304363636363637
ENSG00000134028,ADAMDEC1,neutral,0.072285
ENSG00000134057,CCNB1,gene-driven,0.19090181818181817
ENSG00000134061,CD180,neutral,0.08361681818181818
ENSG00000134070,IRAK2,neutral,0.09156727272727272
ENSG00000134086,VHL,gene-driven,0.12665863636363636
ENSG00000134107,BHLHE40,neutral,0.1612018181818182
ENSG00000134109,EDEM1,neutral,0.33190772727272727
ENSG00000134115,CNTN6,neutral,0.26483181818181817
ENSG00000134193,REG4,gene-driven,0.051175
ENSG00000134198,TSPAN2,gene-driven,0.2331213636363636
ENSG00000134202,GSTM3,gene-driven,0.20561454545454544
ENSG00000134222,PSRC1,neutral,0.04989590909090909
ENSG00000134240,HMGCS2,gene-driven,0.2872209090909091
ENSG00000134245,WNT2B,neutral,0.29480590909090904
ENSG00000134248,LAMTOR5,neutral,0.33885272727272725
ENSG00000134253,TRIM45,neutral,0.1688781818181818
ENSG00000134255,CEPT1,gene-driven,0.41369681818181814
ENSG00000134256,CD101,neutral,0.06597954545454546
ENSG00000134258,VTCN1,gene-driven,0.14822545454545455
ENSG00000134259,NGF,gene-driven,0.00265
ENSG00000134262,AP4B1,gene-driven,0.2068940909090909
ENSG00000134294,SLC38A2,gene-driven,0.2904190909090909
ENSG00000134321,RSAD2,gene-driven,0.3047668181818182
ENSG00000134323,MYCN,neutral,0.12053590909090908
ENSG00000134343,ANO3,regulation-driven,0.40282181818181817
ENSG00000134371,CDC73,neutral,0.44842272727272725
ENSG00000134375,TIMM17A,neutral,0.4252109090909091
ENSG00000134376,,neutral,0.16787272727272726
ENSG00000134452,,neutral,0.1810322727272727
ENSG00000134460,IL2RA,neutral,0.029425909090909093
ENSG00000134461,ANKRD16,gene-driven,0.17490954545454546
ENSG00000134516,,neutral,0.3786963636363636
ENSG00000134533,RERG,neutral,0.4129654545454545
ENSG00000134548,SPX,gene-driven,0.12108409090909089
ENSG00000134571,MYBPC3,neutral,0.24006636363636363
ENSG00000134686,PHC2,neutral,0.23239045454545454
ENSG00000134690,CDCA8,gene-driven,0.14036636363636365
ENSG00000134716,CYP2J2,neutral,0.1117631818181818
ENSG00000134717,BTF3L4,neutral,0.4510727272727273
ENSG00000134780,DAGLA,regulation-driven,0.35978
ENSG00000134802,SLC43A3,neutral,0.18697227272727274
ENSG00000134809,TIMM10,gene-driven,0.38902272727272724
ENSG00000134825,TMEM258,gene-driven,0.44293954545454545
ENSG00000134827,TCN1,neutral,0.03573136363636364
ENSG00000134851,TMEM165,gene-driven,0.3442445454545454
ENSG00000134874,DZIP1,gene-driven,0.13177636363636364
ENSG00000134882,UBAC2,neutral,0.3238659090909091
ENSG00000134884,ARGLU1,neutral,0.4302372727272727
ENSG00000134897,BIVM,gene-driven,0.3306281818181818
ENSG00000134899,ERCC5,gene-driven,0.15087545454545453
ENSG00000134900,TPP2,neutral,0.4121431818181818
ENSG00000134901,POGLUT2,neutral,0.32743
ENSG00000134905,CARS2,gene-driven,0.18066681818181818
ENSG00000134917,ADAMTS8,neutral,0.1714368181818182
ENSG00000134940,ACRV1,neutral,0.024308181818181816
ENSG00000134955,SLC37A2,neutral,0.29032772727272727
ENSG00000134962,KLB,neutral,0.21749454545454547
ENSG00000134986,NREP,neutral,0.11349909090909091
ENSG00000134987,WDR36,neutral,0.30257318181818177
ENSG00000134996,OSTF1,neutral,0.4166209090909091
ENSG00000135002,RFK,gene-driven,0.34515863636363636
ENSG00000135040,NAA35,regulation-driven,0.43955863636363635
ENSG00000135047,CTSL,neutral,0.13479181818181815
ENSG00000135063,ENTREP1,neutral,0.17582318181818182
ENSG00000135070,ISCA1,gene-driven,0.41470181818181817
ENSG00000135083,CCNJL,gene-driven,0.29507999999999995
ENSG00000135093,USP30,neutral,0.2863981818181818
ENSG00000135100,HNF1A,gene-driven,0.28603272727272727
ENSG00000135111,TBX3,neutral,0.2991922727272727
ENSG00000135114,OASL,neutral,0.053459999999999994
ENSG00000135119,RNFT2,gene-driven,0.36096772727272725
ENSG00000135144,DTX1,neutral,0.3326386363636364
ENSG00000135148,TRAFD1,neutral,0.11313363636363637
ENSG00000135185,TMEM243,neutral,0.40437545454545454
ENSG00000135211,TMEM60,neutral,0.00265
ENSG00000135222,CSN2,gene-driven,0.02321181818181818
ENSG00000135312,HTR1B,neutral,0.00265
ENSG00000135316,,gene-driven,0.45143818181818185
ENSG00000135333,EPHA7,regulation-driven,0.4328872727272727
ENSG00000135334,AKIRIN2,gene-driven,0.39276954545454545
ENSG00000135338,LCA5,gene-driven,0.10408681818181818
ENSG00000135341,MAP3K7,regulation-driven,0.432065
ENSG00000135355,GJA10,neutral,0.00265
ENSG00000135363,LMO2,gene-driven,0.33519772727272723
ENSG00000135365,PHF21A,gene-driven,0.4157072727272727
ENSG00000135374,ELF5,neutral,0.2553277272727273
ENSG00000135407,AVIL,gene-driven,0.2100922727272727
ENSG00000135413,LACRT,gene-driven,9.136363636363636e-05
ENSG00000135452,TSPAN31,gene-driven,0.17710272727272725
ENSG00000135457,TFCP2,neutral,0.39395772727272726
ENSG00000135480,KRT7,gene-driven,0.21420499999999998
ENSG00000135517,MIP,neutral,0.21740318181818183
ENSG00000135519,KCNH3,gene-driven,0.19419181818181816
ENSG00000135521,LTV1,neutral,0.29736454545454544
ENSG00000135525,MAP7,neutral,0.19007954545454545
ENSG00000135535,CD164,gene-driven,0.10097954545454545
ENSG00000135547,HEY2,neutral,0.20844772727272728
ENSG00000135549,PKIB,gene-driven,0.14393045454545456
ENSG00000135569,TAAR5,neutral,0.00265
ENSG00000135577,NMBR,neutral,0.2694009090909091
ENSG00000135604,STX11,gene-driven,0.00265
ENSG00000135605,TEC,gene-driven,0.3191140909090909
ENSG00000135617,,neutral,0.27360454545454543
ENSG00000135624,CCT7,regulation-driven,0.42767863636363634
ENSG00000135625,EGR4,gene-driven,0.024582272727272723
ENSG00000135631,RAB11FIP5,neutral,0.09695863636363636
ENSG00000135677,GNS,gene-driven,0.3518295454545454
ENSG00000135678,CPM,neutral,0.21676363636363638
ENSG00000135744,AGT,gene-driven,0.08142318181818183
ENSG00000135750,KCNK1,neutral,0.38207772727272726
ENSG00000135773,CAPN9,neutral,0.28548454545454544
ENSG00000135775,COG2,neutral,0.3303540909090909
ENSG00000135776,ABCB10,neutral,0.2451840909090909
ENSG00000135778,NTPCR,neutral,0.2780822727272727
ENSG00000135801,TAF5L,neutral,0.381895
ENSG00000135823,STX6,neutral,0.3824431818181818
ENSG00000135824,RGS8,gene-driven,0.36014545454545455
ENSG00000135828,RNASEL,neutral,0.04030045454545455
ENSG00000135829,DHX9,regulation-driven,0.34259954545454546
ENSG00000135838,NPL,gene-driven (relaxed),0.18660681818181818
ENSG00000135845,PIGC,neutral,0.00265
ENSG00000135870,RC3H1,regulation-driven,0.36910136363636364
ENSG00000135900,MRPL44,neutral,0.20031454545454544
ENSG00000135902,CHRND,neutral,0.20680272727272725
ENSG00000135903,PAX3,regulation-driven,0.41524999999999995
ENSG00000135913,USP37,regulation-driven,0.3161895454545455
ENSG00000135914,HTR2B,neutral,0.27506681818181816
ENSG00000135916,ITM2C,neutral,0.30102
ENSG00000135925,WNT10A,neutral,0.2939831818181818
ENSG00000135932,CAB39,neutral,0.4528090909090909
ENSG00000135940,COX5B,neutral,0.22772954545454546
ENSG00000135953,MFSD9,neutral,0.19839545454545454
ENSG00000135956,TMEM127,neutral,0.40812227272727275
ENSG00000135960,EDAR,neutral,0.35996272727272727
ENSG00000135966,TGFBRAP1,neutral,0.3365681818181818
ENSG00000135974,C2orf49,neutral,0.1883431818181818
ENSG00000136011,,neutral,0.18413954545454544
ENSG00000136044,APPL2,gene-driven,0.3664509090909091
ENSG00000136048,DRAM1,gene-driven,0.2214240909090909
ENSG00000136099,PCDH8,neutral,0.036462272727272725
ENSG00000136122,BORA,neutral,0.17235090909090908
ENSG00000136143,SUCLA2,neutral,0.41150363636363635
ENSG00000136144,RCBTB1,neutral,0.39880090909090904
ENSG00000136147,PHF11,neutral,0.06232409090909091
ENSG00000136155,SCEL,neutral,0.089465
ENSG00000136158,SPRY2,neutral,0.00265
ENSG00000136159,NUDT15,neutral,0.24819954545454548
ENSG00000136160,EDNRB,neutral,0.29179
ENSG00000136161,RCBTB2,regulation-driven,0.3876522727272727
ENSG00000136169,SETDB2,neutral,0.13598
ENSG00000136193,SCRN1,neutral,0.3315422727272727
ENSG00000136197,C7orf25,gene-driven,0.00265
ENSG00000136231,IGF2BP3,regulation-driven,0.42329181818181816
ENSG00000136235,GPNMB,gene-driven,0.14018363636363637
ENSG00000136240,KDELR2,neutral,0.44906227272727267
ENSG00000136267,DGKB,neutral,0.4060204545454545
ENSG00000136270,TBRG4,neutral,0.13168454545454547
ENSG00000136274,NACAD,neutral,0.021932272727272727
ENSG00000136286,MYO1G,neutral,0.2343090909090909
ENSG00000136297,MMD2,neutral,0.3830827272727273
ENSG00000136327,NKX2-8,neutral,0.07511772727272727
ENSG00000136352,NKX2-1,gene-driven,0.12263772727272727
ENSG00000136514,RTP4,neutral,0.023668636363636364
ENSG00000136518,ACTL6A,neutral,0.4474172727272727
ENSG00000136522,,neutral,0.17299045454545453
ENSG00000136542,GALNT5,neutral,0.17417863636363637
ENSG00000136573,BLK,neutral,0.27771681818181815
ENSG00000136634,IL10,gene-driven,0.08690636363636363
ENSG00000136689,IL1RN,neutral,0.08800318181818181
ENSG00000136697,IL1F10,gene-driven,0.07018318181818183
ENSG00000136698,CFC1,gene-driven,0.02896863636363636
ENSG00000136720,HS6ST1,neutral,0.35904909090909093
ENSG00000136750,GAD2,regulation-driven,0.41899681818181816
ENSG00000136754,ABI1,neutral,0.45052454545454546
ENSG00000136770,DNAJC1,neutral,0.2632781818181818
ENSG00000136802,LRRC8A,neutral,0.36233863636363633
ENSG00000136813,,gene-driven,0.39149045454545456
ENSG00000136827,TOR1A,neutral,0.24692045454545453
ENSG00000136830,NIBAN2,neutral,0.27652863636363634
ENSG00000136856,SLC2A8,gene-driven,0.1657709090909091
ENSG00000136859,ANGPTL2,neutral,0.3942318181818182
ENSG00000136866,ZFP37,gene-driven,0.04176272727272727
ENSG00000136869,TLR4,neutral,0.07292454545454545
ENSG00000136870,ZNF189,gene-driven (relaxed),0.07859045454545455
ENSG00000136872,ALDOB,neutral,0.3454327272727272
ENSG00000136875,PRPF4,neutral,0.379245
ENSG00000136881,BAAT,gene-driven,0.044869545454545454
ENSG00000136897,MRPL50,neutral,0.09074454545454545
ENSG00000136908,DPM2,neutral,0.1888
ENSG00000136918,WDR38,neutral,0.06588818181818182
ENSG00000136929,HEMGN,neutral,0.02659272727272727
ENSG00000136932,TRMO,gene-driven,0.11742863636363636
ENSG00000136935,GOLGA1,neutral,0.201685
ENSG00000136936,XPA,neutral,0.2759804545454545
ENSG00000136938,ANP32B,neutral,0.3595972727272727
ENSG00000136942,RPL35,gene-driven,0.4348977272727273
ENSG00000136943,CTSV,neutral,0.19145
ENSG00000136944,LMX1B,neutral,0.39112454545454545
ENSG00000136950,ARPC5L,gene-driven,0.3411377272727273
ENSG00000136982,DSCC1,neutral,0.29252090909090905
ENSG00000136986,DERL1,neutral,0.41716909090909093
ENSG00000136997,MYC,neutral,0.14383909090909092
ENSG00000136999,CCN3,neutral,0.16321227272727273
ENSG00000137033,IL33,neutral,0.018368181818181818
ENSG00000137055,PLAA,neutral,0.3483568181818182
ENSG00000137070,IL11RA,gene-driven,0.10207636363636363
ENSG00000137074,APTX,gene-driven,0.24061499999999997
ENSG00000137075,RNF38,gene-driven,0.4095845454545455
ENSG00000137076,,regulation-driven,0.3024818181818182
ENSG00000137077,CCL21,gene-driven,0.02613590909090909
ENSG00000137078,SIT1,neutral,0.024125454545454544
ENSG00000137103,TMEM8B,neutral,0.2251709090909091
ENSG00000137106,GRHPR,neutral,0.2938004545454545
ENSG00000137124,ALDH1B1,neutral,0.00265
ENSG00000137133,HINT2,neutral,0.1405490909090909
ENSG00000137135,ARHGEF39,gene-driven,0.10381272727272728
ENSG00000137161,CNPY3,neutral,0.2710459090909091
ENSG00000137166,FOXP4,regulation-driven,0.36827863636363634
ENSG00000137168,PPIL1,neutral,0.42283499999999996
ENSG00000137193,PIM1,neutral,0.18541863636363634
ENSG00000137198,GMPR,neutral,0.4442190909090909
ENSG00000137200,CMTR1,neutral,0.3805240909090909
ENSG00000137203,TFAP2A,neutral,0.3508240909090909
ENSG00000137207,YIPF3,gene-driven,0.2886831818181818
ENSG00000137216,TMEM63B,regulation-driven,0.3712031818181818
ENSG00000137251,TINAG,gene-driven,0.18916545454545453
ENSG00000137252,HCRTR2,neutral,0.39989772727272727
ENSG00000137261,KIAA0319,gene-driven,0.1440218181818182
ENSG00000137269,LRRC1,neutral,0.411595
ENSG00000137270,GCM1,neutral,0.13926954545454545
ENSG00000137273,FOXF2,regulation-driven,0.7348027272727272
ENSG00000137275,RIPK1,neutral,0.14539227272727273
ENSG00000137309,HMGA1,gene-driven,0.23769045454545454
ENSG00000137310,TCF19,gene-driven,0.07319863636363637
ENSG00000137338,PGBD1,neutral,0.05428227272727273
ENSG00000137364,TPMT,neutral,0.14192
ENSG00000137392,CLPS,neutral,0.11139727272727272
ENSG00000137393,RNF144B,neutral,0.3051322727272727
ENSG00000137411,VARS2,gene-driven,0.14091454545454546
ENSG00000137414,FAM8A1,neutral,0.14658045454545454
ENSG00000137434,C6orf52,gene-driven,0.05483045454545454
ENSG00000137460,FHDC1,neutral,0.14073181818181818
ENSG00000137473,TTC29,neutral,0.14137136363636363
ENSG00000137494,ANKRD42,gene-driven,0.17189363636363636
ENSG00000137496,IL18BP,neutral,0.039203636363636364
ENSG00000137507,LRRC32,neutral,0.11459590909090908
ENSG00000137547,MRPL15,neutral,0.3390359090909091
ENSG00000137558,PI15,neutral,0.37833090909090905
ENSG00000137561,TTPA,neutral,0.26428318181818183
ENSG00000137563,GGH,gene-driven,0.1577290909090909
ENSG00000137571,SLCO5A1,regulation-driven,0.3838140909090909
ENSG00000137574,TGS1,neutral,0.1589172727272727
ENSG00000137628,DDX60,gene-driven,0.09549636363636363
ENSG00000137672,TRPC6,regulation-driven,0.38408818181818183
ENSG00000137673,MMP7,neutral,0.09960909090909091
ENSG00000137674,MMP20,neutral,0.14840818181818183
ENSG00000137675,MMP27,neutral,0.13972636363636362
ENSG00000137700,SLC37A4,gene-driven,0.23695954545454542
ENSG00000137720,CFAP68,neutral,0.09787272727272728
ENSG00000137726,FXYD6,neutral,0.21219454545454547
ENSG00000137727,ARHGAP20,gene-driven,0.14009227272727273
ENSG00000137745,MMP13,neutral,0.21466181818181818
ENSG00000137760,ALKBH8,neutral,0.2357713636363636
ENSG00000137767,SQOR,neutral,0.3399495454545455
ENSG00000137801,THBS1,regulation-driven,0.3160068181818182
ENSG00000137807,KIF23,regulation-driven,0.31280863636363637
ENSG00000137814,HAUS2,neutral,0.1203531818181818
ENSG00000137818,RPLP1,neutral,0.4082136363636364
ENSG00000137819,PAQR5,neutral,0.26474045454545453
ENSG00000137824,RMDN3,gene-driven,0.15370818181818183
ENSG00000137825,ITPKA,neutral,0.22370863636363636
ENSG00000137834,SMAD6,neutral,0.2868554545454545
ENSG00000137880,GCHFR,neutral,0.39414045454545454
ENSG00000137941,TTLL7,regulation-driven,0.35018454545454547
ENSG00000137947,GTF2B,neutral,0.44796590909090905
ENSG00000137960,GIPC2,neutral,0.2783563636363636
ENSG00000137962,ARHGAP29,gene-driven,0.19537954545454544
ENSG00000137968,SLC44A5,neutral,0.24390454545454546
ENSG00000137976,DNASE2B,neutral,0.1543481818181818
ENSG00000137992,DBT,neutral,0.3479913636363636
ENSG00000137996,RTCA,neutral,0.35850045454545454
ENSG00000138032,PPM1B,regulation-driven,0.4126913636363636
ENSG00000138039,LHCGR,neutral,0.23284727272727274
ENSG00000138050,THUMPD2,gene-driven,0.09357772727272727
ENSG00000138061,CYP1B1,neutral,0.10737636363636363
ENSG00000138071,ACTR2,gene-driven,0.4520781818181818
ENSG00000138074,SLC5A6,gene-driven,0.17180227272727272
ENSG00000138075,ABCG5,neutral,0.22937454545454544
ENSG00000138079,SLC3A1,neutral,0.22855227272727272
ENSG00000138081,FBXO11,neutral,0.45089
ENSG00000138092,CENPO,neutral,0.07913863636363637
ENSG00000138100,TRIM54,neutral,0.27451818181818183
ENSG00000138107,ACTR1A,neutral,0.43727363636363636
ENSG00000138115,CYP2C8,neutral,0.07566636363636363
ENSG00000138131,LOXL4,neutral,0.21530136363636362
ENSG00000138134,STAMBPL1,regulation-driven,0.3091531818181818
ENSG00000138152,BTBD16,neutral,0.07676272727272727
ENSG00000138160,KIF11,neutral,0.20853909090909092
ENSG00000138161,CUZD1,gene-driven,0.057846363636363626
ENSG00000138166,DUSP5,neutral,0.2504845454545454
ENSG00000138172,CALHM2,neutral,0.16695909090909092
ENSG00000138175,ARL3,neutral,0.4507986363636364
ENSG00000138190,EXOC6,regulation-driven,0.4231090909090909
ENSG00000138207,RBP4,neutral,0.29626772727272727
ENSG00000138271,GPR87,neutral,0.13899545454545453
ENSG00000138308,PLA2G12B,neutral,0.33236454545454547
ENSG00000138311,ZNF365,neutral,0.1681472727272727
ENSG00000138315,OIT3,neutral,0.32953181818181815
ENSG00000138316,ADAMTS14,regulation-driven,0.3048581818181818
ENSG00000138336,TET1,neutral,0.11541818181818181
ENSG00000138376,BARD1,neutral,0.1322331818181818
ENSG00000138379,MSTN,neutral,0.2719595454545455
ENSG00000138380,CARF,neutral,0.18496181818181817
ENSG00000138395,CDK15,gene-driven,0.222155
ENSG00000138399,FASTKD1,neutral,0.14502681818181817
ENSG00000138400,MDH1B,gene-driven,0.14082318181818182
ENSG00000138435,CHRNA1,gene-driven,0.37431000000000003
ENSG00000138439,FAM117B,neutral,0.275615
ENSG00000138442,WDR12,neutral,0.3999890909090909
ENSG00000138463,SLC49A4,neutral,0.3187481818181818
ENSG00000138472,GUCA1C,gene-driven,0.10472636363636363
ENSG00000138587,MNS1,neutral,0.17171090909090908
ENSG00000138604,GLCE,neutral,0.3336440909090909
ENSG00000138606,SHF,neutral,0.19684181818181817
ENSG00000138615,CILP,neutral,0.20141090909090908
ENSG00000138622,HCN4,neutral,0.2600795454545454
ENSG00000138623,SEMA7A,neutral,0.08270272727272727
ENSG00000138639,ARHGAP24,neutral,0.37339636363636364
ENSG00000138646,HERC5,neutral,0.09056181818181817
ENSG00000138650,PCDH10,regulation-driven,0.32414
ENSG00000138653,NDST4,neutral,0.37239090909090905
ENSG00000138668,HNRNPD,gene-driven,0.3625213636363636
ENSG00000138669,PRKG2,neutral,0.3348318181818182
ENSG00000138674,SEC31A,neutral,0.33675090909090905
ENSG00000138675,FGF5,gene-driven,0.2641918181818182
ENSG00000138678,GPAT3,neutral,0.3566727272727273
ENSG00000138684,IL21,neutral,0.05629272727272727
ENSG00000138685,FGF2,neutral,0.31975363636363635
ENSG00000138686,BBS7,regulation-driven,0.3810722727272727
ENSG00000138696,BMPR1B,neutral,0.4048322727272727
ENSG00000138698,RAP1GDS1,regulation-driven,0.43864454545454545
ENSG00000138709,,neutral,0.2675731818181818
ENSG00000138722,MMRN1,neutral,0.09275499999999999
ENSG00000138741,TRPC3,neutral,0.3739445454545455
ENSG00000138755,CXCL9,neutral,0.039752272727272726
ENSG00000138756,BMP2K,neutral,0.2694922727272727
ENSG00000138758,SEPTIN11,neutral,0.43818772727272726
ENSG00000138767,CNOT6L,neutral,0.4483313636363636
ENSG00000138769,CDKL2,neutral,0.1727163636363636
ENSG00000138792,ENPEP,neutral,0.23933545454545452
ENSG00000138798,,neutral,0.12254636363636363
ENSG00000138801,PAPSS1,neutral,0.4002631818181818
ENSG00000138813,C4orf17,neutral,0.04633181818181818
ENSG00000138814,PPP3CA,dual-driven,0.9917754545454545
ENSG00000138821,SLC39A8,gene-driven,0.26062818181818176
ENSG00000138834,MAPK8IP3,gene-driven,0.4020909090909091
ENSG00000139053,PDE6H,neutral,0.40126863636363636
ENSG00000139055,ERP27,neutral,0.07758545454545454
ENSG00000139131,YARS2,gene-driven,0.23028818181818184
ENSG00000139133,ALG10,neutral,0.17052318181818182
ENSG00000139151,PLCZ1,gene-driven,0.15727227272727273
ENSG00000139154,AEBP2,gene-driven,0.2996490909090909
ENSG00000139155,SLCO1C1,gene-driven,0.2605368181818182
ENSG00000139160,ETFBKMT,gene-driven,0.16997500000000001
ENSG00000139163,ETNK1,gene-driven,0.3426909090909091
ENSG00000139168,ZCRB1,gene-driven,0.38619
ENSG00000139174,PRICKLE1,neutral,0.25724681818181816
ENSG00000139190,VAMP1,gene-driven,0.3380304545454545
ENSG00000139192,TAPBPL,neutral,0.07301590909090909
ENSG00000139197,PEX5,regulation-driven,0.33282136363636367
ENSG00000139200,PIANP,neutral,0.12647590909090908
ENSG00000139209,SLC38A4,neutral,0.31728636363636364
ENSG00000139211,AMIGO2,neutral,0.00265
ENSG00000139233,LLPH,gene-driven,0.20908727272727273
ENSG00000139266,MARCHF9,gene-driven,0.1825859090909091
ENSG00000139269,INHBE,neutral,0.026684090909090907
ENSG00000139292,LGR5,neutral,0.24810818181818184
ENSG00000139318,DUSP6,neutral,0.7158863636363636
ENSG00000139323,POC1B,neutral,0.23732499999999998
ENSG00000139324,TMTC3,gene-driven,0.3959681818181818
ENSG00000139329,LUM,neutral,0.22261227272727271
ENSG00000139330,KERA,neutral,0.24737727272727272
ENSG00000139350,NEDD1,neutral,0.2351318181818182
ENSG00000139351,SYCP3,gene-driven,0.17564045454545454
ENSG00000139352,ASCL1,neutral,0.00265
ENSG00000139364,TMEM132B,regulation-driven,0.26839545454545455
ENSG00000139370,SLC15A4,gene-driven,0.296085
ENSG00000139405,RITA1,gene-driven,0.038472727272727276
ENSG00000139410,SDSL,neutral,0.18797727272727272
ENSG00000139428,MMAB,gene-driven,0.20607136363636364
ENSG00000139437,TCHP,neutral,0.1902622727272727
ENSG00000139496,NUP58,gene-driven,0.35384
ENSG00000139505,MTMR6,regulation-driven,0.3544795454545454
ENSG00000139508,SLC46A3,neutral,0.15928272727272727
ENSG00000139515,PDX1,regulation-driven,0.7688890909090909
ENSG00000139517,LNX2,neutral,0.33044545454545454
ENSG00000139549,DHH,neutral,0.12501363636363635
ENSG00000139567,ACVRL1,gene-driven,0.20817363636363637
ENSG00000139579,NABP2,gene-driven,0.2533172727272727
ENSG00000139597,N4BP2L1,gene-driven,0.1470372727272727
ENSG00000139610,CELA1,gene-driven,0.20150227272727272
ENSG00000139636,LMBR1L,gene-driven,0.32834363636363634
ENSG00000139644,TMBIM6,gene-driven,0.37449272727272725
ENSG00000139645,ANKRD52,neutral,0.2778081818181818
ENSG00000139651,ZNF740,neutral,0.24481863636363635
ENSG00000139668,WDFY2,regulation-driven,0.4194540909090909
ENSG00000139697,SBNO1,gene-driven,0.4090359090909091
ENSG00000139718,SETD1B,neutral,0.193095
ENSG00000139726,DENR,neutral,0.4314254545454545
ENSG00000139746,RBM26,neutral,0.38116409090909087
ENSG00000139780,METTL21C,neutral,0.18962227272727272
ENSG00000139797,RNF113B,neutral,0.019830454545454543
ENSG00000139835,GRTP1,neutral,0.3136309090909091
ENSG00000139842,CUL4A,gene-driven,0.4213731818181818
ENSG00000139865,TTC6,neutral,0.08261136363636364
ENSG00000139880,CDH24,gene-driven,0.13278136363636364
ENSG00000139890,REM2,neutral,0.11715454545454546
ENSG00000139908,TSSK4,gene-driven,0.050718181818181815
ENSG00000139910,NOVA1,gene-driven,0.4529004545454545
ENSG00000139914,FITM1,gene-driven,0.03564
ENSG00000139970,RTN1,neutral,0.19720727272727273
ENSG00000139973,SYT16,gene-driven,0.18971363636363636
ENSG00000139988,RDH12,neutral,0.29096772727272724
ENSG00000139990,DCAF5,neutral,0.29233818181818183
ENSG00000140009,ESR2,neutral,0.27981863636363635
ENSG00000140015,KCNH5,neutral,0.40949318181818184
ENSG00000140025,EFCAB11,regulation-driven,0.6881968181818181
ENSG00000140043,PTGR2,neutral,0.3226777272727273
ENSG00000140093,SERPINA10,neutral,0.066345
ENSG00000140107,SLC25A47,neutral,0.2197790909090909
ENSG00000140254,DUOXA1,gene-driven,0.1167890909090909
ENSG00000140259,MFAP1,neutral,0.4118690909090909
ENSG00000140265,ZSCAN29,gene-driven,0.049255909090909086
ENSG00000140274,DUOXA2,neutral,0.125745
ENSG00000140280,LYSMD2,neutral,0.23101954545454545
ENSG00000140284,SLC27A2,neutral,0.16129318181818184
ENSG00000140320,BAHD1,neutral,0.14329045454545453
ENSG00000140323,DISP2,neutral,0.11587545454545453
ENSG00000140326,CDAN1,neutral,0.15334272727272727
ENSG00000140451,PIF1,neutral,0.1950140909090909
ENSG00000140465,CYP1A1,neutral,0.06570545454545455
ENSG00000140474,ULK3,neutral,0.23348681818181816
ENSG00000140488,CELF6,neutral,0.34168590909090907
ENSG00000140497,SCAMP2,neutral,0.33455772727272726
ENSG00000140506,LMAN1L,neutral,0.056475454545454544
ENSG00000140527,WDR93,gene-driven,0.06771590909090909
ENSG00000140545,MFGE8,neutral,0.2556018181818182
ENSG00000140564,FURIN,neutral,0.18002727272727273
ENSG00000140575,,neutral,0.9418795454545454
ENSG00000140986,RPL3L,neutral,0.3643490909090909
ENSG00000140987,ZSCAN32,neutral,0.018916363636363637
ENSG00000140993,TIGD7,neutral,0.00265
ENSG00000141068,KSR1,gene-driven,0.34598090909090906
ENSG00000141127,PRPSAP2,neutral,0.4382790909090909
ENSG00000141161,UNC45B,neutral,0.34159454545454543
ENSG00000141314,RHBDL3,gene-driven,0.39688181818181817
ENSG00000141316,SPACA3,gene-driven,0.057755
ENSG00000142208,AKT1,neutral,0.43389272727272726
ENSG00000142224,IL19,gene-driven,0.08782045454545453
ENSG00000142319,SLC6A3,neutral,0.3040354545454545
ENSG00000142606,MMEL1,gene-driven,0.2595313636363636
ENSG00000142611,PRDM16,regulation-driven,0.9494645454545454
ENSG00000142619,PADI3,neutral,0.21484454545454545
ENSG00000142623,PADI1,neutral,0.1923640909090909
ENSG00000142627,EPHA2,neutral,0.24317363636363634
ENSG00000142655,PEX14,neutral,0.8705086363636363
ENSG00000142677,IL22RA1,neutral,0.05994818181818182
ENSG00000142694,EVA1B,neutral,0.06351227272727272
ENSG00000142698,C1orf94,gene-driven,0.09540499999999999
ENSG00000142700,DMRTA2,neutral,0.07082272727272727
ENSG00000142748,FCN3,neutral,0.034817272727272724
ENSG00000142751,GPN2,neutral,0.3470777272727273
ENSG00000142784,WDTC1,gene-driven,0.41917954545454544
ENSG00000142789,CELA3A,gene-driven,0.14164545454545455
ENSG00000142856,ITGB3BP,gene-driven,0.0699090909090909
ENSG00000142864,SERBP1,neutral,0.364075
ENSG00000142867,BCL10,gene-driven,0.19547090909090908
ENSG00000142871,CCN1,neutral,0.09896909090909091
ENSG00000142910,TINAGL1,neutral,0.25880045454545453
ENSG00000142920,AZIN2,neutral,0.25084999999999996
ENSG00000142937,RPS8,gene-driven,0.3676390909090909
ENSG00000142945,KIF2C,gene-driven,0.28265181818181817
ENSG00000142959,BEST4,neutral,0.12620181818181817
ENSG00000142961,MOB3C,neutral,0.37211681818181813
ENSG00000143001,TMEM61,neutral,0.04678863636363636
ENSG00000143006,DMRTB1,neutral,0.059034090909090904
ENSG00000143013,LMO4,neutral,0.3448840909090909
ENSG00000143028,SYPL2,neutral,0.21566681818181818
ENSG00000143032,BARHL2,neutral,0.21895681818181817
ENSG00000143033,MTF2,gene-driven,0.4209159090909091
ENSG00000143093,STRIP1,regulation-driven,0.37101999999999996
ENSG00000143106,PSMA5,neutral,0.4385531818181818
ENSG00000143110,C1orf162,gene-driven,0.023577272727272728
ENSG00000143119,CD53,gene-driven,0.16778136363636362
ENSG00000143125,PROK1,gene-driven,0.23376090909090907
ENSG00000143147,GPR161,regulation-driven,0.3603281818181818
ENSG00000143149,ALDH9A1,neutral,0.30092863636363637
ENSG00000143153,ATP1B1,neutral,0.2847536363636363
ENSG00000143155,TIPRL,neutral,0.37467545454545453
ENSG00000143156,NME7,neutral,0.29727318181818185
ENSG00000143158,MPC2,gene-driven,0.33528909090909087
ENSG00000143162,CREG1,gene-driven,0.21265136363636364
ENSG00000143171,RXRG,neutral,0.3864640909090909
ENSG00000143179,UCK2,neutral,0.4097672727272727
ENSG00000143185,XCL2,neutral,0.017180454545454544
ENSG00000143194,MAEL,gene-driven,0.15270318181818182
ENSG00000143196,DPT,neutral,0.3404063636363636
ENSG00000143198,MGST3,neutral,0.27817363636363635
ENSG00000143217,NECTIN4,neutral,0.12958272727272727
ENSG00000143222,UFC1,neutral,0.3541140909090909
ENSG00000143256,PFDN2,neutral,0.30038
ENSG00000143257,NR1I3,gene-driven,0.11203727272727272
ENSG00000143278,F13B,gene-driven,0.11030090909090909
ENSG00000143297,FCRL5,neutral,0.021109545454545454
ENSG00000143318,CASQ1,gene-driven,0.3098840909090909
ENSG00000143319,ISG20L2,neutral,0.122455
ENSG00000143321,HDGF,gene-driven (relaxed),0.18340818181818183
ENSG00000143324,XPR1,regulation-driven,0.4200022727272727
ENSG00000143340,FAM163A,neutral,0.14064045454545454
ENSG00000143344,RGL1,regulation-driven,0.8873231818181817
ENSG00000143353,LYPLAL1,neutral,0.20323863636363634
ENSG00000143367,TUFT1,neutral,0.15855181818181818
ENSG00000143374,TARS2,neutral,0.1976640909090909
ENSG00000143376,SNX27,gene-driven (relaxed),0.40931045454545456
ENSG00000143384,MCL1,gene-driven (relaxed),0.052363181818181816
ENSG00000143412,ANXA9,neutral,0.09513090909090909
ENSG00000143420,ENSA,neutral,0.3833572727272727
ENSG00000143437,ARNT,regulation-driven,0.31710363636363637
ENSG00000143443,C1orf56,neutral,0.023942727272727272
ENSG00000143452,HORMAD1,gene-driven,0.1686040909090909
ENSG00000143458,GABPB2,neutral,0.24143727272727272
ENSG00000143473,,neutral,0.4047409090909091
ENSG00000143476,DTL,neutral,0.21950499999999998
ENSG00000143494,VASH2,neutral,0.36873545454545453
ENSG00000143507,DUSP10,neutral,0.4280440909090909
ENSG00000143515,ATP8B2,regulation-driven,0.3174690909090909
ENSG00000143537,,gene-driven,0.08160636363636363
ENSG00000143543,JTB,gene-driven,0.13470045454545454
ENSG00000143545,RAB13,neutral,0.28923136363636365
ENSG00000143546,S100A8,neutral,0.022115
ENSG00000143553,SNAPIN,neutral,0.2803668181818182
ENSG00000143590,EFNA3,neutral,0.19410045454545452
ENSG00000143595,AQP10,neutral,0.10299
ENSG00000143603,KCNN3,regulation-driven,0.3839968181818182
ENSG00000143612,C1orf43,neutral,0.35009318181818183
ENSG00000143627,PKLR,gene-driven,0.28594136363636363
ENSG00000143630,HCN3,neutral,0.2672990909090909
ENSG00000143633,C1orf131,neutral,0.08937363636363636
ENSG00000143641,GALNT2,neutral,0.43654272727272725
ENSG00000143653,SCCPDH,neutral,0.3044922727272727
ENSG00000143674,MAP3K21,gene-driven,0.21493590909090907
ENSG00000143748,NVL,neutral,0.26848681818181813
ENSG00000143751,SDE2,neutral,0.12611045454545453
ENSG00000143756,FBXO28,neutral,0.4077568181818182
ENSG00000143761,ARF1,gene-driven,0.16878681818181818
ENSG00000143771,CNIH4,neutral,0.43032863636363633
ENSG00000143772,ITPKB,neutral,0.14210272727272727
ENSG00000143774,GUK1,gene-driven,0.26455772727272725
ENSG00000143786,CNIH3,regulation-driven,0.9624409090909091
ENSG00000143799,PARP1,neutral,0.3814381818181818
ENSG00000143815,LBR,neutral,0.22846090909090908
ENSG00000143816,WNT9A,neutral,0.30961
ENSG00000143819,EPHX1,neutral,0.2773513636363636
ENSG00000143839,REN,neutral,0.19702454545454545
ENSG00000143858,SYT2,neutral,0.3645318181818182
ENSG00000143862,ARL8A,neutral,0.4380963636363636
ENSG00000143867,OSR1,neutral,0.14877363636363636
ENSG00000143869,GDF7,neutral,0.08105772727272728
ENSG00000143882,ATP6V1C2,neutral,0.3407718181818182
ENSG00000143889,HNRNPLL,neutral,0.34680318181818176
ENSG00000143891,GALM,neutral,0.2873122727272727
ENSG00000143924,EML4,regulation-driven,0.3646231818181818
ENSG00000143942,CHAC2,neutral,0.36562863636363635
ENSG00000143971,ETAA1,neutral,0.05565318181818182
ENSG00000143994,ABHD1,neutral,0.11011818181818181
ENSG00000143995,MEIS1,neutral,0.4524436363636364
ENSG00000144021,CIAO1,neutral,0.3026645454545454
ENSG00000144029,MRPS5,neutral,0.22078454545454546
ENSG00000144031,ANKRD53,neutral,0.027872272727272725
ENSG00000144034,TPRKB,neutral,0.21859136363636364
ENSG00000144036,EXOC6B,regulation-driven,0.3935922727272727
ENSG00000144043,TEX261,neutral,0.39962363636363635
ENSG00000144045,DQX1,gene-driven (relaxed),0.12181545454545455
ENSG00000144048,DUSP11,gene-driven,0.09750681818181818
ENSG00000144057,ST6GAL2,gene-driven,0.2576122727272727
ENSG00000144063,MALL,neutral,0.14712863636363635
ENSG00000144120,TMEM177,neutral,0.00265
ENSG00000144152,FBLN7,neutral,0.2823772727272727
ENSG00000144161,ZC3H8,neutral,0.196385
ENSG00000144191,CNGA3,neutral,0.2704972727272727
ENSG00000144214,LYG1,gene-driven,0.07237636363636364
ENSG00000144227,NXPH2,neutral,0.40464954545454546
ENSG00000144228,SPOPL,gene-driven,0.45098136363636365
ENSG00000144229,THSD7B,neutral,0.26227272727272727
ENSG00000144233,AMMECR1L,regulation-driven,0.42950636363636363
ENSG00000144278,GALNT13,regulation-driven,0.44622954545454546
ENSG00000144320,LNPK,regulation-driven,0.7965786363636362
ENSG00000144331,ZNF385B,neutral,0.3397668181818182
ENSG00000144339,TMEFF2,regulation-driven,0.9458090909090908
ENSG00000144354,CDCA7,neutral,0.234035
ENSG00000144357,UBR3,neutral,0.42183
ENSG00000144369,FAM171B,neutral,0.21192
ENSG00000144401,METTL21A,gene-driven,0.28045818181818183
ENSG00000144410,CPO,neutral,0.12821227272727273
ENSG00000144445,KANSL1L,gene-driven,0.16604545454545455
ENSG00000144451,SPAG16,gene-driven,0.1513322727272727
ENSG00000144452,ABCA12,neutral,0.23449227272727272
ENSG00000144455,SUMF1,neutral,0.23723363636363634
ENSG00000144481,TRPM8,gene-driven,0.302025
ENSG00000144535,DIS3L2,neutral,0.27223363636363634
ENSG00000144550,CPNE9,gene-driven (relaxed),0.3766859090909091
ENSG00000144560,VGLL4,neutral,0.3881090909090909
ENSG00000144583,MARCHF4,neutral,0.37878772727272725
ENSG00000144597,EAF1,neutral,0.38079818181818176
ENSG00000144619,CNTN4,dual-driven,0.8918922727272727
ENSG00000144642,RBMS3,regulation-driven,0.45299181818181816
ENSG00000144644,GADL1,neutral,0.3144531818181818
ENSG00000144647,POMGNT2,neutral,0.00265
ENSG00000144655,CSRNP1,gene-driven,0.0806009090909091
ENSG00000144677,CTDSPL,neutral,0.40793954545454547
ENSG00000144681,STAC,neutral,0.33812181818181813
ENSG00000144712,CAND2,regulation-driven,0.2920640909090909
ENSG00000144724,PTPRG,regulation-driven,0.3956940909090909
ENSG00000144744,UBA3,gene-driven,0.41954545454545455
ENSG00000144746,ARL6IP5,neutral,0.3803413636363636
ENSG00000144747,TMF1,regulation-driven,0.2911504545454545
ENSG00000144771,LRTM1,neutral,0.15882590909090907
ENSG00000144791,LIMD1,gene-driven,0.20332999999999998
ENSG00000144810,COL8A1,gene-driven,0.15489636363636364
ENSG00000144820,ADGRG7,neutral,0.05492181818181818
ENSG00000144821,MYH15,neutral,0.15352545454545455
ENSG00000144827,ABHD10,neutral,0.2559672727272727
ENSG00000144837,PLA1A,neutral,0.17198545454545452
ENSG00000144847,IGSF11,neutral,0.36946681818181815
ENSG00000144848,ATG3,neutral,0.42173863636363634
ENSG00000144891,AGTR1,gene-driven,0.00265
ENSG00000145014,TMEM44,gene-driven,0.08297681818181818
ENSG00000145029,NICN1,neutral,0.20077136363636364
ENSG00000145041,DCAF1,regulation-driven,0.4168036363636364
ENSG00000145192,AHSG,neutral,0.04916454545454545
ENSG00000145194,ECE2,gene-driven,0.2585263636363636
ENSG00000145198,VWA5B2,neutral,0.09193272727272726
ENSG00000145220,LYAR,neutral,0.1593740909090909
ENSG00000145241,CENPC,gene-driven,0.049621818181818184
ENSG00000145248,SLC10A4,neutral,0.1761890909090909
ENSG00000145283,SLC10A6,neutral,0.13680227272727272
ENSG00000145284,SCD5,neutral,0.29699909090909093
ENSG00000145287,PLAC8,neutral,0.10719363636363637
ENSG00000145293,ENOPH1,neutral,0.3532004545454545
ENSG00000145332,KLHL8,regulation-driven,0.37129454545454543
ENSG00000145354,CISD2,neutral,0.3900281818181818
ENSG00000145358,DDIT4L,neutral,0.6768649999999999
ENSG00000145384,FABP2,neutral,0.20004
ENSG00000145386,CCNA2,neutral,0.20771636363636362
ENSG00000145390,USP53,neutral,0.19272954545454546
ENSG00000145391,SETD7,neutral,0.3862813636363636
ENSG00000145414,NAF1,neutral,0.10490909090909091
ENSG00000145416,MARCHF1,neutral,0.22827772727272724
ENSG00000145423,SFRP2,neutral,0.3355631818181818
ENSG00000145428,RNF175,gene-driven,0.20232499999999998
ENSG00000145439,CBR4,neutral,0.2987354545454545
ENSG00000145451,GLRA3,regulation-driven,0.41762636363636363
ENSG00000145476,CYP4V2,neutral,0.23083681818181817
ENSG00000145494,NDUFS6,neutral,0.22763818181818182
ENSG00000145506,NKD2,neutral,0.07923
ENSG00000145526,CDH18,gene-driven,0.3600540909090909
ENSG00000145536,ADAMTS16,neutral,0.2483822727272727
ENSG00000145545,SRD5A1,gene-driven,0.14201136363636363
ENSG00000145569,OTULINL,neutral,0.1942831818181818
ENSG00000145604,SKP2,gene-driven,0.1852359090909091
ENSG00000145632,PLK2,gene-driven,0.19327772727272727
ENSG00000145642,SHISAL2B,gene-driven,0.18423090909090908
ENSG00000145649,GZMA,gene-driven,0.07219363636363636
ENSG00000145685,LHFPL2,gene-driven,0.38682954545454545
ENSG00000145692,BHMT,regulation-driven,0.3832659090909091
ENSG00000145700,ANKRD31,gene-driven,0.0487990909090909
ENSG00000145708,CRHBP,gene-driven,0.2535
ENSG00000145723,GIN1,neutral,0.14722
ENSG00000145736,GTF2H2,neutral,0.3575868181818182
ENSG00000145757,SPATA9,gene-driven,0.07740227272727272
ENSG00000145780,FEM1C,neutral,0.3926781818181818
ENSG00000145781,COMMD10,neutral,0.28658090909090905
ENSG00000145794,MEGF10,neutral,0.387835
ENSG00000145824,CXCL14,neutral,0.33866999999999997
ENSG00000145826,LECT2,gene-driven,0.10426954545454546
ENSG00000145832,SLC25A48,neutral,0.3030304545454545
ENSG00000145839,IL9,neutral,0.03408636363636364
ENSG00000145850,TIMD4,neutral,0.03518272727272727
ENSG00000145860,RNF145,regulation-driven,0.9606131818181818
ENSG00000145861,C1QTNF2,gene-driven,0.29974045454545456
ENSG00000145863,GABRA6,neutral,0.3585918181818182
ENSG00000145868,FBXO38,regulation-driven,0.35612454545454547
ENSG00000145879,SPINK7,gene-driven,0.09531363636363635
ENSG00000145882,PCYOX1L,neutral,0.27927045454545457
ENSG00000145888,GLRA1,neutral,0.4360859090909091
ENSG00000145901,TNIP1,neutral,0.21996181818181818
ENSG00000145908,ZNF300,gene-driven,0.03289818181818181
ENSG00000145911,N4BP3,neutral,0.061410454545454546
ENSG00000145936,KCNMB1,neutral,0.17536636363636363
ENSG00000145949,MYLK4,neutral,0.30239045454545455
ENSG00000145990,GFOD1,neutral,0.4413859090909091
ENSG00000145996,CDKAL1,regulation-driven,0.9238768181818181
ENSG00000146007,ZMAT2,gene-driven,0.4409290909090909
ENSG00000146013,GFRA3,gene-driven,0.0860840909090909
ENSG00000146039,SLC17A4,neutral,0.07932136363636363
ENSG00000146047,H2BC1,neutral,0.00265
ENSG00000146054,TRIM7,neutral,0.07456954545454546
ENSG00000146066,HIGD2A,neutral,0.11423045454545454
ENSG00000146070,PLA2G7,neutral,0.17545772727272727
ENSG00000146072,TNFRSF21,neutral,0.29928363636363636
ENSG00000146085,MMUT,regulation-driven,0.38993681818181813
ENSG00000146090,RASGEF1C,gene-driven,0.3574040909090909
ENSG00000146094,DOK3,gene-driven,0.06735
ENSG00000146109,ABT1,neutral,0.08891681818181818
ENSG00000146112,PPP1R18,neutral,0.05282
ENSG00000146122,DAAM2,regulation-driven,0.39350090909090907
ENSG00000146151,HMGCLL1,neutral,0.3481740909090909
ENSG00000146192,FGD2,neutral,0.2025990909090909
ENSG00000146197,SCUBE3,regulation-driven,0.352195
ENSG00000146205,ANO7,neutral,0.09211545454545454
ENSG00000146216,TTBK1,neutral,0.2487481818181818
ENSG00000146221,TCTE1,neutral,0.14667181818181818
ENSG00000146232,NFKBIE,neutral,0.15690681818181818
ENSG00000146233,CYP39A1,neutral,0.1424681818181818
ENSG00000146263,MMS22L,neutral,0.19373454545454544
ENSG00000146267,FAXC,neutral,0.4258509090909091
ENSG00000146282,,gene-driven,0.2749754545454545
ENSG00000146352,CLVS2,neutral,0.44924499999999995
ENSG00000146373,RNF217,gene-driven,0.23202454545454543
ENSG00000146374,RSPO3,neutral,0.34771727272727276
ENSG00000146376,ARHGAP18,neutral,0.25523636363636365
ENSG00000146386,ABRACL,neutral,0.39733909090909086
ENSG00000146411,SLC2A12,neutral,0.23421772727272727
ENSG00000146433,TMEM181,neutral,0.3637095454545454
ENSG00000146453,PNLDC1,gene-driven,0.1653140909090909
ENSG00000146457,WTAP,neutral,0.438005
ENSG00000146476,ARMT1,neutral,0.2589831818181818
ENSG00000146477,SLC22A3,neutral,0.22352590909090908
ENSG00000146535,GNA12,neutral,0.39496272727272724
ENSG00000146574,CCZ1B,neutral,0.40556363636363635
ENSG00000146587,RBAK,neutral,0.06625363636363636
ENSG00000146674,IGFBP3,gene-driven,0.18295136363636363
ENSG00000146700,SSC4D,neutral,0.16047090909090908
ENSG00000146701,MDH2,neutral,0.40528954545454543
ENSG00000146731,CCT6A,neutral,0.36544590909090907
ENSG00000146755,TRIM50,gene-driven,0.09741545454545454
ENSG00000146828,SLC12A9,neutral,0.21100636363636363
ENSG00000146830,GIGYF1,gene-driven,0.113225
ENSG00000146834,MEPCE,neutral,0.0647
ENSG00000146842,TMEM209,neutral,0.36508045454545457
ENSG00000146857,STRA8,dual-driven,0.6385749999999999
ENSG00000146858,ZC3HAV1L,neutral,0.04733727272727273
ENSG00000146904,EPHA1,neutral,0.18487045454545453
ENSG00000146910,CNPY1,neutral,0.1691522727272727
ENSG00000146926,ASB10,neutral,0.1528859090909091
ENSG00000146955,RAB19,gene-driven,0.3120772727272727
ENSG00000146963,LUC7L2,gene-driven,0.40072
ENSG00000147324,MFHAS1,regulation-driven,0.29462272727272726
ENSG00000147416,ATP6V1B2,gene-driven,0.4275872727272727
ENSG00000147419,CCDC25,neutral,0.3500018181818182
ENSG00000147434,CHRNA6,neutral,0.23750772727272726
ENSG00000147439,BIN3,neutral,0.4114122727272727
ENSG00000147443,DOK2,neutral,0.08005272727272726
ENSG00000147454,SLC25A37,neutral,0.35713
ENSG00000147475,ERLIN2,gene-driven,0.3848190909090909
ENSG00000147509,RGS20,neutral,0.3219468181818182
ENSG00000147533,GOLGA7,neutral,0.42959772727272727
ENSG00000147536,GINS4,gene-driven,0.35685545454545453
ENSG00000147571,CRH,neutral,0.00265
ENSG00000147573,TRIM55,neutral,0.28530181818181816
ENSG00000147576,ADHFE1,neutral,0.37796545454545455
ENSG00000147588,PMP2,neutral,0.22124136363636365
ENSG00000147592,LACTB2,neutral,0.29051045454545454
ENSG00000147613,PSKH2,neutral,0.19940045454545452
ENSG00000147647,DPYS,neutral,0.3311768181818182
ENSG00000147655,RSPO2,gene-driven,0.3998063636363636
ENSG00000147676,MAL2,neutral,0.2171290909090909
ENSG00000147684,NDUFB9,neutral,0.3536572727272727
ENSG00000147689,FAM83A,gene-driven,0.1745440909090909
ENSG00000147789,ZNF7,gene-driven,0.02019590909090909
ENSG00000147799,ARHGAP39,neutral,0.2778995454545454
ENSG00000147853,AK3,neutral,0.29782136363636363
ENSG00000147869,CER1,neutral,0.052454545454545455
ENSG00000147894,C9orf72,regulation-driven,0.3991663636363636
ENSG00000147905,ZCCHC7,neutral,0.10993545454545453
ENSG00000147912,FBXO10,neutral,0.2599881818181818
ENSG00000147955,SIGMAR1,gene-driven,0.2019590909090909
ENSG00000148019,,neutral,0.17993545454545454
ENSG00000148082,SHC3,neutral,0.307965
ENSG00000148090,AUH,neutral,0.25039272727272727
ENSG00000148110,MFSD14B,neutral,0.3424168181818182
ENSG00000148123,PLPPR1,neutral,0.4197281818181818
ENSG00000148153,INIP,gene-driven,0.4044668181818182
ENSG00000148154,UGCG,neutral,0.44431045454545454
ENSG00000148175,STOM,neutral,0.3750409090909091
ENSG00000148187,MRRF,gene-driven,0.26126772727272723
ENSG00000148204,CRB2,neutral,0.12656727272727272
ENSG00000148218,ALAD,gene-driven,0.29900954545454544
ENSG00000148225,,neutral,0.19391727272727272
ENSG00000148229,POLE3,neutral,0.24079772727272725
ENSG00000148248,SURF4,neutral,0.4448586363636364
ENSG00000148290,SURF1,gene-driven,0.20378681818181815
ENSG00000148291,SURF2,neutral,0.11962181818181819
ENSG00000148296,SURF6,neutral,0.10856454545454546
ENSG00000148308,GTF3C5,neutral,0.29599363636363635
ENSG00000148331,ASB6,neutral,0.20488363636363635
ENSG00000148341,SH3GLB2,neutral,0.36215590909090906
ENSG00000148344,PTGES,neutral,0.29526272727272723
ENSG00000148346,LCN2,gene-driven,0.03591409090909091
ENSG00000148384,INPP5E,neutral,0.19473999999999997
ENSG00000148411,NACC2,neutral,0.3233177272727273
ENSG00000148426,PROSER2,neutral,0.10262454545454545
ENSG00000148429,USP6NL,neutral,0.2263590909090909
ENSG00000148482,SLC39A12,neutral,0.19949181818181816
ENSG00000148484,RSU1,dual-driven,0.9913186363636364
ENSG00000148541,FAM13C,gene-driven,0.20205045454545453
ENSG00000148584,A1CF,regulation-driven,0.4018168181818182
ENSG00000148602,LRIT1,neutral,0.183865
ENSG00000148655,LRMDA,regulation-driven,0.877270909090909
ENSG00000148677,ANKRD1,neutral,0.228735
ENSG00000148680,HTR7,neutral,0.3088790909090909
ENSG00000148690,FRA10AC1,gene-driven,0.2966331818181818
ENSG00000148700,ADD3,regulation-driven,0.3465290909090909
ENSG00000148702,HABP2,neutral,0.152155
ENSG00000148704,VAX1,neutral,0.1636690909090909
ENSG00000148730,EIF4EBP2,neutral,0.3539313636363636
ENSG00000148734,NPFFR1,neutral,0.25615
ENSG00000148795,CYP17A1,neutral,0.1474940909090909
ENSG00000148798,INA,neutral,0.17792499999999997
ENSG00000148803,FUOM,neutral,0.06177590909090909
ENSG00000148832,PAOX,gene-driven,0.12017045454545455
ENSG00000148835,TAF5,neutral,0.35968863636363635
ENSG00000148842,CNNM2,regulation-driven,0.42466272727272725
ENSG00000148848,ADAM12,neutral,0.2565159090909091
ENSG00000148908,RGS10,neutral,0.263735
ENSG00000148926,ADM,neutral,0.04569227272727273
ENSG00000148943,LIN7C,neutral,0.4394672727272727
ENSG00000148965,SAA4,neutral,0.05592727272727272
ENSG00000148985,PGAP2,neutral,0.2751581818181818
ENSG00000149021,SCGB1A1,gene-driven,0.016814545454545454
ENSG00000149050,ZNF214,neutral,0.01909909090909091
ENSG00000149089,APIP,neutral,0.3684613636363636
ENSG00000149091,,gene-driven,0.33108545454545457
ENSG00000149136,SSRP1,gene-driven,0.3084218181818182
ENSG00000149196,HIKESHI,neutral,0.4190881818181818
ENSG00000149218,ENDOD1,neutral,0.09759863636363636
ENSG00000149243,KLHL35,neutral,0.15580999999999998
ENSG00000149260,CAPN5,neutral,0.3260590909090909
ENSG00000149289,ZC3H12C,regulation-driven,0.2829259090909091
ENSG00000149300,C11orf52,neutral,0.05693227272727273
ENSG00000149313,AASDHPPT,neutral,0.29434863636363634
ENSG00000149380,P4HA3,neutral,0.24436136363636365
ENSG00000149403,GRIK4,regulation-driven,0.4222868181818182
ENSG00000149418,ST14,neutral,0.1933690909090909
ENSG00000149452,SLC22A8,neutral,0.11934772727272727
ENSG00000149476,TKFC,gene-driven,0.24088909090909089
ENSG00000149483,TMEM138,neutral,0.31564136363636364
ENSG00000149485,FADS1,neutral,0.2157581818181818
ENSG00000149503,INCENP,neutral,0.09485681818181818
ENSG00000149516,MS4A3,neutral,0.023119999999999998
ENSG00000149548,CCDC15,gene-driven,0.04313318181818182
ENSG00000149571,KIRREL3,gene-driven,0.4136054545454545
ENSG00000149573,MPZL2,gene-driven,0.15827772727272726
ENSG00000149575,SCN2B,gene-driven,0.2678472727272727
ENSG00000149735,GPHA2,neutral,0.08379954545454545
ENSG00000149761,NUDT22,neutral,0.09659318181818181
ENSG00000150045,KLRF1,regulation-driven,0.5836531818181818
ENSG00000150201,FXYD4,neutral,0.05985681818181818
ENSG00000150316,CWC15,neutral,0.39779590909090906
ENSG00000150347,,regulation-driven,0.257795
ENSG00000150361,KLHL1,neutral,0.3856418181818182
ENSG00000150455,TIRAP,neutral,0.1065540909090909
ENSG00000150456,EEF1AKMT1,neutral,0.24664636363636366
ENSG00000150510,FAM124A,neutral,0.16184136363636364
ENSG00000150540,HNMT,neutral,0.21722045454545455
ENSG00000150551,LYPD1,neutral,0.3113463636363636
ENSG00000150556,LYPD6B,gene-driven,0.16796454545454545
ENSG00000150593,PDCD4,regulation-driven,0.38947999999999994
ENSG00000150625,GPM6A,neutral,0.44887954545454545
ENSG00000150628,SPATA4,neutral,0.07246772727272727
ENSG00000150630,VEGFC,neutral,0.32925772727272723
ENSG00000150681,RGS18,neutral,0.17893045454545456
ENSG00000150722,PPP1R1C,neutral,0.3118031818181818
ENSG00000150750,POU2AF2,neutral,0.13963499999999998
ENSG00000150756,ATPSCKMT,gene-driven,0.20269045454545453
ENSG00000150760,,neutral,0.41625545454545454
ENSG00000150764,DIXDC1,neutral,0.31682954545454545
ENSG00000150768,DLAT,neutral,0.3217640909090909
ENSG00000150773,PIH1D2,gene-driven,0.09037909090909091
ENSG00000150779,TIMM8B,gene-driven (relaxed),0.31034090909090906
ENSG00000150782,IL18,neutral,0.04295045454545455
ENSG00000150787,PTS,neutral,0.2697663636363636
ENSG00000150873,C2orf50,gene-driven,0.06643636363636364
ENSG00000150938,CRIM1,gene-driven,0.3506413636363636
ENSG00000151012,SLC7A11,neutral,0.35722136363636364
ENSG00000151014,NOCT,neutral,0.28310863636363637
ENSG00000151033,LYZL2,gene-driven,0.08096636363636364
ENSG00000151062,CACNA2D4,gene-driven,0.2888659090909091
ENSG00000151065,DCP1B,neutral,0.16558818181818183
ENSG00000151079,KCNA6,neutral,0.00265
ENSG00000151090,THRB,neutral,0.43306999999999995
ENSG00000151116,UEVLD,gene-driven,0.23842181818181818
ENSG00000151117,TMEM86A,neutral,0.2515809090909091
ENSG00000151135,TMEM263,neutral,0.3974304545454545
ENSG00000151151,IPMK,neutral,0.26720772727272724
ENSG00000151164,RAD9B,neutral,0.11267681818181818
ENSG00000151176,PLBD2,neutral,0.2584345454545454
ENSG00000151224,MAT1A,neutral,0.38591590909090906
ENSG00000151229,SLC2A13,neutral,0.3277954545454545
ENSG00000151233,GXYLT1,neutral,0.3182
ENSG00000151239,TWF1,gene-driven,0.32907499999999995
ENSG00000151287,TEX30,neutral,0.19062772727272725
ENSG00000151304,SRFBP1,neutral,0.13588863636363638
ENSG00000151353,TMEM18,neutral,0.2071681818181818
ENSG00000151364,KCTD14,gene-driven,0.1381731818181818
ENSG00000151365,THRSP,neutral,0.00265
ENSG00000151366,NDUFC2,gene-driven (relaxed),0.10344681818181818
ENSG00000151376,ME3,neutral,0.373305
ENSG00000151379,MSGN1,neutral,0.00265
ENSG00000151413,NUBPL,gene-driven,0.2818290909090909
ENSG00000151422,FER,regulation-driven,0.40711681818181816
ENSG00000151458,ANKRD50,gene-driven,0.3449759090909091
ENSG00000151461,,gene-driven (relaxed),0.4329786363636363
ENSG00000151468,CCDC3,neutral,0.32861772727272726
ENSG00000151498,ACAD8,neutral,0.3582263636363636
ENSG00000151500,THYN1,gene-driven,0.21758590909090908
ENSG00000151532,VTI1A,neutral,0.43635999999999997
ENSG00000151572,ANO4,gene-driven,0.43407545454545454
ENSG00000151575,TEX9,neutral,0.18194590909090907
ENSG00000151576,QTRT2,neutral,0.27406136363636363
ENSG00000151577,DRD3,neutral,0.3298972727272727
ENSG00000151611,MMAA,neutral,0.29288681818181816
ENSG00000151615,POU4F2,neutral,0.04148863636363636
ENSG00000151617,EDNRA,neutral,0.34726045454545457
ENSG00000151640,DPYSL4,neutral,0.2942572727272727
ENSG00000151657,KIN,regulation-driven,0.37494954545454545
ENSG00000151665,PIGF,gene-driven,0.25359136363636364
ENSG00000151687,ANKAR,neutral,0.15526181818181817
ENSG00000151689,INPP1,neutral,0.14767681818181816
ENSG00000151694,ADAM17,neutral,0.3104322727272727
ENSG00000151702,FLI1,regulation-driven,0.44458454545454545
ENSG00000151704,KCNJ1,gene-driven,0.00265
ENSG00000151715,TMEM45B,neutral,0.19208999999999998
ENSG00000151718,WWC2,regulation-driven,0.27945318181818185
ENSG00000151725,CENPU,gene-driven,0.05035272727272727
ENSG00000151726,,regulation-driven,0.3280695454545454
ENSG00000151729,SLC25A4,neutral,0.36855272727272725
ENSG00000151746,BICD1,gene-driven,0.38710363636363637
ENSG00000151773,CCDC122,gene-driven,0.11989636363636363
ENSG00000151778,SERP2,gene-driven,0.3752240909090909
ENSG00000151806,GUF1,regulation-driven,0.3351063636363636
ENSG00000151834,GABRA2,neutral,0.4221040909090909
ENSG00000151838,CCDC175,neutral,0.02595318181818182
ENSG00000151876,FBXO4,gene-driven,0.20515772727272727
ENSG00000151881,TMEM267,gene-driven,0.3319990909090909
ENSG00000151882,CCL28,gene-driven,0.059125454545454544
ENSG00000151893,CACUL1,neutral,0.32587636363636363
ENSG00000151917,BEND6,neutral,0.20113681818181817
ENSG00000151948,GLT1D1,neutral,0.14895636363636364
ENSG00000151962,RBM46,neutral,0.8689549999999999
ENSG00000151967,SCHIP1,regulation-driven,0.3208504545454545
ENSG00000152034,MCHR2,gene-driven,0.1500531818181818
ENSG00000152049,KCNE4,neutral,0.00265
ENSG00000152093,CFC1B,neutral,0.029517272727272725
ENSG00000152102,FAM168B,neutral,0.42996318181818177
ENSG00000152104,PTPN14,regulation-driven,0.34616363636363634
ENSG00000152127,MGAT5,regulation-driven,0.9902218181818181
ENSG00000152133,GPATCH11,neutral,0.2545968181818182
ENSG00000152137,HSPB8,gene-driven,0.27259954545454546
ENSG00000152147,GEMIN6,neutral,0.16494863636363635
ENSG00000152154,TMEM178A,neutral,0.2165809090909091
ENSG00000152193,OBI1,neutral,0.18532727272727273
ENSG00000152219,ARL14EP,neutral,0.2649231818181818
ENSG00000152266,PTH,neutral,0.02092681818181818
ENSG00000152270,PDE3B,neutral,0.27250772727272726
ENSG00000152315,KCNK13,neutral,0.3324559090909091
ENSG00000152332,UHMK1,neutral,0.3782395454545454
ENSG00000152359,POC5,gene-driven,0.1400009090909091
ENSG00000152377,SPOCK1,neutral,0.3309027272727273
ENSG00000152380,FAM151B,gene-driven,0.20442681818181818
ENSG00000152382,TADA1,neutral,0.37321363636363636
ENSG00000152402,GUCY1A2,neutral,0.3617904545454545
ENSG00000152404,CWF19L2,neutral,0.19400863636363636
ENSG00000152409,JMY,neutral,0.24947909090909087
ENSG00000152413,HOMER1,neutral,0.43243045454545453
ENSG00000152422,XRCC4,neutral,0.1346090909090909
ENSG00000152430,BOLL,gene-driven,0.2748840909090909
ENSG00000152457,DCLRE1C,neutral,0.2268159090909091
ENSG00000152465,NMT2,neutral,0.42036772727272725
ENSG00000152492,CCDC50,neutral,0.13853863636363634
ENSG00000152495,CAMK4,neutral,0.27607181818181814
ENSG00000152518,ZFP36L2,neutral,0.040848636363636365
ENSG00000152527,PLEKHH2,regulation-driven,0.2797272727272727
ENSG00000152580,IGSF10,neutral,0.07365590909090909
ENSG00000152592,DMP1,neutral,0.04477818181818182
ENSG00000152595,MEPE,neutral,0.02732409090909091
ENSG00000152611,CAPSL,gene-driven,0.36773045454545455
ENSG00000152661,GJA1,neutral,0.00265
ENSG00000152669,CCNO,gene-driven,0.08727181818181819
ENSG00000152670,DDX4,neutral,0.25816045454545455
ENSG00000152684,PELO,neutral,0.05318545454545454
ENSG00000152705,CATSPER3,neutral,0.06945227272727272
ENSG00000152749,GPR180,neutral,0.27899636363636365
ENSG00000152760,DYNLT5,neutral,0.17308181818181817
ENSG00000152766,ANKRD22,neutral,0.22974
ENSG00000152767,FARP1,regulation-driven,0.38043272727272726
ENSG00000152778,IFIT5,neutral,0.05711499999999999
ENSG00000152782,PANK1,regulation-driven,0.3727563636363636
ENSG00000152785,BMP3,neutral,0.21283409090909092
ENSG00000152795,HNRNPDL,gene-driven,0.18596681818181818
ENSG00000152804,HHEX,neutral,0.1389040909090909
ENSG00000152822,GRM1,regulation-driven,0.4075740909090909
ENSG00000152932,RAB3C,neutral,0.4478745454545454
ENSG00000152939,MARVELD2,gene-driven,0.2238
ENSG00000152942,RAD17,gene-driven (relaxed),0.2185
ENSG00000152944,MED21,gene-driven,0.3972477272727272
ENSG00000152953,STK32B,neutral,0.31152909090909087
ENSG00000152969,JAKMIP1,neutral,0.343605
ENSG00000152990,,gene-driven,0.3189313636363636
ENSG00000153002,CPB1,neutral,0.2144790909090909
ENSG00000153006,SREK1IP1,gene-driven,0.21520999999999998
ENSG00000153015,CWC27,gene-driven,0.3458895454545454
ENSG00000153064,BANK1,gene-driven,0.0832509090909091
ENSG00000153086,ACMSD,neutral,0.3742186363636364
ENSG00000153140,CETN3,neutral,0.42082454545454545
ENSG00000153157,SYCP2L,neutral,0.06424318181818181
ENSG00000153162,BMP6,neutral,0.30540636363636364
ENSG00000153179,RASSF3,gene-driven,0.28877454545454545
ENSG00000153208,MERTK,neutral,0.1696090909090909
ENSG00000153266,FEZF2,neutral,0.11943909090909091
ENSG00000153294,ADGRF4,gene-driven,0.09814681818181818
ENSG00000153395,LPCAT1,neutral,0.26812136363636363
ENSG00000153485,LYSET,gene-driven,0.17902181818181817
ENSG00000153487,ING1,neutral,0.3057718181818182
ENSG00000153495,TEX29,gene-driven,0.023851363636363636
ENSG00000153498,SPACA7,neutral,0.0009136363636363636
ENSG00000153531,ADPRHL1,neutral,0.027415454545454545
ENSG00000153558,FBXL2,neutral,0.40638590909090905
ENSG00000153560,UBP1,neutral,0.4070254545454545
ENSG00000153561,RMND5A,neutral,0.4338013636363636
ENSG00000153563,CD8A,neutral,0.02348590909090909
ENSG00000153574,RPIA,neutral,0.2827431818181818
ENSG00000153714,LURAP1L,neutral,0.25021
ENSG00000153820,SPHKAP,neutral,0.16732454545454545
ENSG00000153823,PID1,neutral,0.4263990909090909
ENSG00000153832,FBXO36,gene-driven,0.15096681818181817
ENSG00000153898,MCOLN2,neutral,0.2879518181818182
ENSG00000153936,HS2ST1,gene-driven,0.44769181818181814
ENSG00000153975,ZUP1,neutral,0.19729863636363637
ENSG00000153989,NUS1,regulation-driven,0.8186022727272727
ENSG00000153993,SEMA3D,neutral,0.3234090909090909
ENSG00000154001,PPP2R5E,regulation-driven,0.45418
ENSG00000154007,ASB17,neutral,0.1415540909090909
ENSG00000154025,SLC5A10,gene-driven,0.2867640909090909
ENSG00000154124,OTULIN,gene-driven,0.25971409090909087
ENSG00000154127,UBASH3B,neutral,0.3933181818181818
ENSG00000154133,ROBO4,gene-driven,0.07054863636363637
ENSG00000154143,PANX3,neutral,0.24637181818181816
ENSG00000154146,NRGN,gene-driven,0.35374863636363635
ENSG00000154174,TOMM70,neutral,0.39907499999999996
ENSG00000154252,GAL3ST2,neutral,0.08434772727272727
ENSG00000154269,ENPP3,gene-driven,0.1728990909090909
ENSG00000154274,C4orf19,neutral,0.029791363636363637
ENSG00000154277,UCHL1,gene-driven,0.30330454545454544
ENSG00000154305,MIA3,gene-driven,0.07712818181818182
ENSG00000154328,NEIL2,gene-driven,0.10902136363636364
ENSG00000154342,WNT3A,neutral,0.4311509090909091
ENSG00000154359,LONRF1,neutral,0.18432227272727272
ENSG00000154415,PPP1R3A,neutral,0.07904727272727273
ENSG00000154478,GPR26,neutral,0.37156863636363635
ENSG00000154511,DIPK1A,regulation-driven,0.39542
ENSG00000154518,ATP5MC3,neutral,0.40254772727272725
ENSG00000154548,SRSF12,neutral,0.23960954545454544
ENSG00000154553,PDLIM3,neutral,0.3366595454545454
ENSG00000154589,LY96,neutral,0.05154090909090909
ENSG00000154678,PDE1C,neutral,0.3686440909090909
ENSG00000154764,WNT7A,neutral,0.4400154545454545
ENSG00000154781,CCDC174,neutral,0.24582363636363633
ENSG00000154813,DPH3,neutral,0.3166463636363636
ENSG00000154814,OXNAD1,gene-driven,0.1966590909090909
ENSG00000154917,RAB6B,neutral,0.4290490909090909
ENSG00000154928,EPHB1,regulation-driven,0.4401068181818181
ENSG00000154997,SEPTIN14,neutral,0.2150272727272727
ENSG00000155011,DKK2,neutral,0.3546622727272727
ENSG00000155016,CYP2U1,neutral,0.20707681818181817
ENSG00000155052,CNTNAP5,regulation-driven,0.30357863636363636
ENSG00000155087,ODF1,gene-driven,0.11852545454545453
ENSG00000155090,KLF10,neutral,0.1305881818181818
ENSG00000155096,AZIN1,regulation-driven,0.3107063636363636
ENSG00000155097,ATP6V1C1,neutral,0.43014590909090905
ENSG00000155158,TTC39B,neutral,0.29571954545454543
ENSG00000155189,AGPAT5,gene-driven,0.34945363636363636
ENSG00000155252,PI4K2A,neutral,0.38527636363636364
ENSG00000155256,ZFYVE27,gene-driven,0.24363045454545454
ENSG00000155269,GPR78,gene-driven,0.10628
ENSG00000155275,TRMT44,neutral,0.15032727272727273
ENSG00000155324,GRAMD2B,gene-driven,0.20762499999999998
ENSG00000155329,ZCCHC10,neutral,0.27460999999999997
ENSG00000155363,MOV10,neutral,0.17116272727272727
ENSG00000155380,SLC16A1,gene-driven,0.2671163636363636
ENSG00000155463,OXA1L,gene-driven,0.12044454545454544
ENSG00000155511,GRIA1,regulation-driven,0.4250281818181818
ENSG00000155530,LRGUK,neutral,0.12373454545454546
ENSG00000155542,SETD9,gene-driven,0.20351272727272726
ENSG00000155545,MIER3,gene-driven,0.35073272727272725
ENSG00000155629,PIK3AP1,neutral,0.2281863636363636
ENSG00000155636,RBM45,neutral,0.3004713636363636
ENSG00000155660,PDIA4,gene-driven,0.32258636363636367
ENSG00000155729,KCTD18,neutral,0.13022272727272727
ENSG00000155749,FLACC1,gene-driven,0.063055
ENSG00000155754,C2CD6,neutral,0.026775454545454543
ENSG00000155755,TMEM237,neutral,0.20214227272727273
ENSG00000155760,FZD7,neutral,0.00265
ENSG00000155761,SPAG17,gene-driven,0.1032640909090909
ENSG00000155792,DEPTOR,neutral,0.39021090909090905
ENSG00000155833,CYLC2,gene-driven,0.022480454545454547
ENSG00000155858,LSM11,neutral,0.1863327272727273
ENSG00000155875,SAXO1,gene-driven,0.1006140909090909
ENSG00000155886,SLC24A2,regulation-driven,0.3740359090909091
ENSG00000155890,TRIM42,neutral,0.10774227272727271
ENSG00000155897,ADCY8,regulation-driven,0.4069340909090909
ENSG00000155903,RASA2,neutral,0.358135
ENSG00000155906,RMND1,neutral,0.22233818181818182
ENSG00000155957,TMBIM4,neutral,0.27186818181818184
ENSG00000155975,VPS37A,neutral,0.3255109090909091
ENSG00000156026,MCU,neutral,0.4147931818181818
ENSG00000156049,GNA14,neutral,0.36078499999999997
ENSG00000156127,BATF,neutral,0.3892972727272727
ENSG00000156136,DCK,neutral,0.3669077272727273
ENSG00000156140,ADAMTS3,regulation-driven,0.3204845454545454
ENSG00000156150,ALX3,gene-driven,0.1712540909090909
ENSG00000156172,CFAP418,neutral,0.16476590909090907
ENSG00000156194,PPEF2,neutral,0.21959636363636362
ENSG00000156234,CXCL13,gene-driven,0.0017363636363636364
ENSG00000156345,CDK20,gene-driven,0.222795
ENSG00000156374,PCGF6,neutral,0.23266454545454546
ENSG00000156384,SFR1,neutral,0.10225909090909091
ENSG00000156427,FGF18,neutral,0.3867381818181818
ENSG00000156463,SH3RF2,neutral,0.18130636363636363
ENSG00000156466,GDF6,neutral,0.20415272727272726
ENSG00000156467,UQCRB,gene-driven,0.26994909090909086
ENSG00000156471,PTDSS1,regulation-driven,0.43434954545454546
ENSG00000156508,EEF1A1,gene-driven,0.1596481818181818
ENSG00000156510,HKDC1,neutral,0.34433590909090905
ENSG00000156521,TYSND1,gene-driven,0.09842090909090909
ENSG00000156535,CD109,neutral,0.1583690909090909
ENSG00000156574,NODAL,gene-driven (relaxed),0.12830363636363637
ENSG00000156575,PRG3,neutral,0.025587727272727272
ENSG00000156587,UBE2L6,gene-driven,0.16933499999999999
ENSG00000156603,MED19,neutral,0.32404863636363634
ENSG00000156711,MAPK13,neutral,0.31883999999999996
ENSG00000156735,BAG4,neutral,0.1362540909090909
ENSG00000156804,FBXO32,neutral,0.4106809090909091
ENSG00000156831,NSMCE2,neutral,0.16138454545454545
ENSG00000156869,FRRS1,neutral,0.16376045454545454
ENSG00000156876,SASS6,neutral,0.23823863636363635
ENSG00000156928,MALSU1,neutral,0.14630636363636362
ENSG00000156958,GALK2,gene-driven,0.33967545454545456
ENSG00000156959,LHFPL4,neutral,0.4318822727272727
ENSG00000156966,B3GNT7,neutral,0.17966136363636365
ENSG00000157005,SST,neutral,0.25861772727272725
ENSG00000157014,TATDN2,neutral,0.11295090909090909
ENSG00000157020,SEC13,neutral,0.44166045454545455
ENSG00000157036,EXOG,neutral,0.17161954545454544
ENSG00000157060,SHCBP1L,neutral,0.12483090909090908
ENSG00000157064,NMNAT2,neutral,0.4375481818181818
ENSG00000157077,ZFYVE9,neutral,0.30494954545454545
ENSG00000157093,LYZL4,neutral,0.07621454545454545
ENSG00000157110,RBPMS,neutral,0.4268559090909091
ENSG00000157111,TMEM171,gene-driven,0.10436090909090909
ENSG00000157119,KLHL40,neutral,0.21932227272727273
ENSG00000157150,TIMP4,neutral,0.19793818181818182
ENSG00000157184,CPT2,neutral,0.26574545454545456
ENSG00000157211,CDCP2,neutral,0.28950545454545457
ENSG00000157303,SUSD3,neutral,0.11094045454545455
ENSG00000157330,CFAP107,neutral,0.07329
ENSG00000157343,ARMC12,neutral,0.119805
ENSG00000157379,DHRS1,neutral,0.16869545454545454
ENSG00000157445,CACNA2D3,neutral,0.4224695454545454
ENSG00000157456,CCNB2,gene-driven,0.25989681818181815
ENSG00000157510,AFAP1L1,neutral,0.2849363636363636
ENSG00000157593,SLC35B2,neutral,0.16631954545454544
ENSG00000157653,,neutral,0.028877272727272727
ENSG00000157693,TMEM268,neutral,0.13332954545454545
ENSG00000157703,SVOPL,gene-driven,0.2785390909090909
ENSG00000157734,SNX22,neutral,0.09686727272727272
ENSG00000157765,SLC34A2,gene-driven,0.21137181818181816
ENSG00000157778,PSMG3,neutral,0.22023636363636362
ENSG00000157782,CABP1,neutral,0.21612363636363635
ENSG00000157833,GAREM2,neutral,0.17107136363636363
ENSG00000157884,CIB4,neutral,0.1602881818181818
ENSG00000157927,RADIL,gene-driven,0.18349954545454544
ENSG00000157954,WIPI2,gene-driven,0.4241145454545454
ENSG00000157978,LDLRAP1,neutral,0.255145
ENSG00000157992,KRTCAP3,gene-driven,0.06744181818181819
ENSG00000157999,ANKRD61,neutral,0.068995
ENSG00000158006,PAFAH2,neutral,0.15197227272727273
ENSG00000158008,EXTL1,neutral,0.15654136363636365
ENSG00000158014,SLC30A2,neutral,0.2012281818181818
ENSG00000158022,TRIM63,neutral,0.28968818181818184
ENSG00000158055,GRHL3,gene-driven,0.28457045454545454
ENSG00000158077,NLRP14,neutral,0.0530940909090909
ENSG00000158079,PTPDC1,neutral,0.18861727272727272
ENSG00000158089,GALNT14,regulation-driven,0.8541504545454546
ENSG00000158104,HPD,neutral,0.33373545454545456
ENSG00000158106,RHPN1,neutral,0.19894363636363635
ENSG00000158109,TPRG1L,neutral,0.24381318181818182
ENSG00000158113,LRRC43,neutral,0.07064
ENSG00000158122,PRXL2C,gene-driven,0.19190681818181818
ENSG00000158156,XKR8,neutral,0.10280727272727272
ENSG00000158161,EYA3,regulation-driven,0.33921863636363636
ENSG00000158195,WASF2,neutral,0.25944
ENSG00000158220,ESYT3,neutral,0.17765090909090908
ENSG00000158246,TENT5B,neutral,0.23165909090909093
ENSG00000158258,CLSTN2,regulation-driven,0.8574404545454545
ENSG00000158292,GPR153,neutral,0.1744527272727273
ENSG00000158315,RHBDL2,neutral,0.26282136363636366
ENSG00000158402,CDC25C,gene-driven,0.10564045454545454
ENSG00000158417,EIF5B,regulation-driven,0.39532863636363635
ENSG00000158428,CATIP,neutral,0.07383863636363637
ENSG00000158457,TSPAN33,neutral,0.31381363636363635
ENSG00000158458,NRG2,regulation-driven,0.2835654545454545
ENSG00000158467,AHCYL2,neutral,0.4248454545454545
ENSG00000158516,CPA2,neutral,0.1707059090909091
ENSG00000158604,TMED4,gene-driven,0.26336954545454544
ENSG00000158623,COPG2,regulation-driven,0.43617727272727275
ENSG00000158715,SLC45A3,neutral,0.195745
ENSG00000158716,DUSP23,neutral,0.16823863636363634
ENSG00000158748,HTR6,neutral,0.20433545454545454
ENSG00000158769,F11R,neutral,0.09449136363636364
ENSG00000158786,PLA2G2F,neutral,0.09028772727272727
ENSG00000158793,NIT1,neutral,0.11569272727272725
ENSG00000158816,VWA5B1,dual-driven,0.7402859090909091
ENSG00000158828,PINK1,neutral,0.1868809090909091
ENSG00000158850,B4GALT3,gene-driven,0.1833168181818182
ENSG00000158856,DMTN,neutral,0.23613681818181817
ENSG00000158859,ADAMTS4,neutral,0.11359045454545455
ENSG00000158863,FHIP2B,gene-driven,0.1672331818181818
ENSG00000158864,,neutral,0.3634354545454545
ENSG00000158869,FCER1G,neutral,0.14795136363636363
ENSG00000158882,TOMM40L,gene-driven,0.1517890909090909
ENSG00000158966,CACHD1,regulation-driven,0.9798954545454546
ENSG00000158985,CDC42SE2,gene-driven,0.4067513636363636
ENSG00000159164,SV2A,gene-driven,0.26665954545454545
ENSG00000159167,STC1,neutral,0.28831727272727276
ENSG00000159173,TNNI1,neutral,0.3913990909090909
ENSG00000159176,CSRP1,neutral,0.3993495454545455
ENSG00000159189,C1QC,neutral,0.09778136363636364
ENSG00000159248,GJD2,neutral,0.18514454545454545
ENSG00000159251,ACTC1,neutral,0.38317454545454543
ENSG00000159339,PADI4,neutral,0.14146272727272727
ENSG00000159346,ADIPOR1,neutral,0.40921863636363637
ENSG00000159374,M1AP,gene-driven,0.13314681818181817
ENSG00000159377,PSMB4,neutral,0.20068
ENSG00000159388,BTG2,gene-driven,0.24216818181818178
ENSG00000159399,HK2,regulation-driven,0.35804363636363634
ENSG00000159403,C1R,neutral,0.13287272727272728
ENSG00000159479,MED8,neutral,0.32642454545454547
ENSG00000159495,TGM7,neutral,0.10116227272727273
ENSG00000159527,PGLYRP3,gene-driven,0.06689318181818181
ENSG00000159596,TMEM69,neutral,0.10646272727272728
ENSG00000159650,UROC1,neutral,0.3689181818181818
ENSG00000159674,SPON2,gene-driven (relaxed),0.22361727272727272
ENSG00000159692,CTBP1,gene-driven,0.42548545454545456
ENSG00000159884,,neutral,0.03618818181818182
ENSG00000159921,,regulation-driven,0.39368363636363635
ENSG00000160049,,neutral,0.11185454545454544
ENSG00000160050,,gene-driven,0.2507586363636363
ENSG00000160062,,neutral,0.23659409090909092
ENSG00000160097,,gene-driven,0.32057590909090905
ENSG00000160293,,regulation-driven,0.41607272727272726
ENSG00000160323,,gene-driven (relaxed),0.13360363636363637
ENSG00000160349,,gene-driven,0.02184090909090909
ENSG00000160360,,regulation-driven,0.32733863636363636
ENSG00000160404,,gene-driven,0.14356454545454544
ENSG00000160539,,neutral,0.3619731818181818
ENSG00000160563,,gene-driven,0.4384618181818182
ENSG00000160606,,gene-driven,0.10189363636363637
ENSG00000160654,,neutral,0.063695
ENSG00000160679,,gene-driven,0.33254727272727275
ENSG00000160683,,neutral,0.15224636363636365
ENSG00000160685,,neutral,0.033812272727272726
ENSG00000160688,,neutral,0.17938727272727273
ENSG00000160714,,neutral,0.33026272727272726
ENSG00000160716,,gene-driven,0.25194636363636363
ENSG00000160741,,neutral,0.15389136363636363
ENSG00000160767,,gene-driven,0.1351572727272727
ENSG00000160781,,neutral,0.1258363636363636
ENSG00000160785,,neutral,0.3853677272727273
ENSG00000160801,,neutral,0.24207681818181814
ENSG00000160808,,gene-driven,0.2945313636363636
ENSG00000160813,,neutral,0.021566818181818184
ENSG00000160818,,gene-driven,0.04103136363636364
ENSG00000160838,,neutral,0.11468727272727272
ENSG00000160867,,neutral,0.20972681818181818
ENSG00000160870,,neutral,0.12190681818181819
ENSG00000160886,,gene-driven,0.0004568181818181818
ENSG00000160908,,neutral,0.023028636363636362
ENSG00000160973,,neutral,0.02796363636363636
ENSG00000160993,,neutral,0.1764631818181818
ENSG00000161010,,gene-driven,0.03701045454545454
ENSG00000161021,,neutral,0.19784681818181818
ENSG00000161040,,gene-driven,0.09083590909090908
ENSG00000161055,,neutral,0.020835454545454542
ENSG00000161202,,neutral,0.3730304545454545
ENSG00000161203,,regulation-driven,0.40876181818181817
ENSG00000161204,,neutral,0.27305636363636365
ENSG00000161328,,neutral,0.05610999999999999
ENSG00000161638,,neutral,0.16513136363636363
ENSG00000161850,,gene-driven,0.13424363636363634
ENSG00000161911,,neutral,0.039935
ENSG00000161980,,neutral,0.3896627272727272
ENSG00000162065,,gene-driven,0.21475318181818182
ENSG00000162068,,neutral,0.04121409090909091
ENSG00000162069,,gene-driven,0.058029090909090905
ENSG00000162073,,neutral,0.15014454545454545
ENSG00000162086,,neutral,0.05876
ENSG00000162139,,neutral,0.09503954545454545
ENSG00000162148,,gene-driven,0.07374727272727273
ENSG00000162188,,neutral,0.22882636363636363
ENSG00000162231,,neutral,0.23942681818181816
ENSG00000162236,,gene-driven,0.38938863636363635
ENSG00000162241,,gene-driven,0.13881272727272725
ENSG00000162267,,neutral,0.1464890909090909
ENSG00000162341,,neutral,0.21584954545454543
ENSG00000162344,,neutral,0.10664545454545454
ENSG00000162365,,gene-driven,0.11194590909090908
ENSG00000162368,,neutral,0.34323954545454544
ENSG00000162377,,neutral,0.2979127272727273
ENSG00000162383,,regulation-driven,0.3903022727272727
ENSG00000162384,,neutral,0.35128136363636364
ENSG00000162391,,neutral,0.09558818181818182
ENSG00000162398,,neutral,0.07411272727272727
ENSG00000162399,,neutral,0.08827727272727272
ENSG00000162407,,neutral,0.3866468181818182
ENSG00000162409,,regulation-driven,0.4229263636363636
ENSG00000162415,,regulation-driven,0.37568090909090907
ENSG00000162419,,neutral,0.33126818181818185
ENSG00000162426,,neutral,0.34552409090909086
ENSG00000162437,,neutral,0.18030136363636362
ENSG00000162441,,neutral,0.3922213636363636
ENSG00000162456,,neutral,0.1098440909090909
ENSG00000162460,,neutral,0.13579727272727274
ENSG00000162461,,neutral,0.14466136363636364
ENSG00000162490,,neutral,0.17819954545454547
ENSG00000162494,,neutral,0.2998318181818182
ENSG00000162510,,neutral,0.32002772727272727
ENSG00000162511,,neutral,0.16175
ENSG00000162512,,neutral,0.17015772727272727
ENSG00000162517,,neutral,0.27387863636363635
ENSG00000162520,,gene-driven,0.09970045454545455
ENSG00000162522,,neutral,0.08507863636363637
ENSG00000162526,,gene-driven,0.06799
ENSG00000162542,,neutral,0.24427000000000001
ENSG00000162545,,neutral,0.22297772727272727
ENSG00000162592,,neutral,0.031253636363636365
ENSG00000162594,,neutral,0.06515681818181818
ENSG00000162598,,neutral,0.058211818181818184
ENSG00000162599,,gene-driven,0.45116409090909093
ENSG00000162601,,neutral,0.22224681818181818
ENSG00000162616,,neutral,0.3891140909090909
ENSG00000162621,,neutral,0.02750681818181818
ENSG00000162624,,neutral,0.3828086363636364
ENSG00000162630,,neutral,0.00265
ENSG00000162631,,gene-driven (relaxed),0.4312422727272727
ENSG00000162636,,neutral,0.38354
ENSG00000162639,,neutral,0.12062727272727272
ENSG00000162642,,neutral,0.21347363636363637
ENSG00000162650,,neutral,0.10335545454545454
ENSG00000162664,,gene-driven,0.2720509090909091
ENSG00000162670,,regulation-driven,0.4232004545454545
ENSG00000162676,,neutral,0.22663318181818182
ENSG00000162692,,neutral,0.06972636363636364
ENSG00000162704,,gene-driven,0.3907590909090909
ENSG00000162711,,neutral,0.06616227272727272
ENSG00000162714,,gene-driven,0.05656681818181818
ENSG00000162722,,neutral,0.060496363636363626
ENSG00000162723,,neutral,0.02686681818181818
ENSG00000162728,,neutral,0.2261759090909091
ENSG00000162734,,neutral,0.3681872727272727
ENSG00000162738,,neutral,0.3402236363636364
ENSG00000162739,,neutral,0.0012795454545454544
ENSG00000162745,,neutral,0.2208759090909091
ENSG00000162746,,gene-driven,0.06131863636363636
ENSG00000162755,,neutral,0.043773181818181815
ENSG00000162761,,neutral,0.3807068181818182
ENSG00000162763,,neutral,0.15873454545454546
ENSG00000162775,,gene-driven,0.08215454545454545
ENSG00000162777,,neutral,0.20570590909090908
ENSG00000162813,,gene-driven (relaxed),0.36919272727272723
ENSG00000162814,,regulation-driven,0.6864604545454545
ENSG00000162819,,neutral,0.38637272727272726
ENSG00000162836,,gene-driven,0.15900863636363635
ENSG00000162843,,neutral,0.12885181818181818
ENSG00000162851,,neutral,0.07402136363636364
ENSG00000162873,,gene-driven,0.25834318181818183
ENSG00000162878,,neutral,0.15553590909090909
ENSG00000162885,,neutral,0.27671181818181817
ENSG00000162889,,neutral,0.3886572727272727
ENSG00000162891,,neutral,0.07009181818181819
ENSG00000162894,,neutral,0.03015681818181818
ENSG00000162896,,neutral,0.0375590909090909
ENSG00000162897,,neutral,0.026227272727272728
ENSG00000162909,,regulation-driven,0.3308109090909091
ENSG00000162924,,gene-driven,0.1952881818181818
ENSG00000162928,,neutral,0.32934909090909087
ENSG00000162929,,regulation-driven,0.337665
ENSG00000162931,,gene-driven,0.046514545454545454
ENSG00000162961,,neutral,0.4339840909090909
ENSG00000162971,,gene-driven,0.3201190909090909
ENSG00000162976,,gene-driven,0.17509227272727274
ENSG00000162981,,neutral,0.00265
ENSG00000162989,,neutral,0.4466863636363636
ENSG00000162998,,neutral,0.3065940909090909
ENSG00000162999,,neutral,0.27570636363636364
ENSG00000163013,,neutral,0.24792545454545456
ENSG00000163026,,gene-driven,0.10235045454545455
ENSG00000163050,,regulation-driven,0.32030181818181813
ENSG00000163053,,neutral,0.18550999999999998
ENSG00000163071,,gene-driven,0.15142363636363634
ENSG00000163082,,neutral,0.18158045454545454
ENSG00000163104,,regulation-driven,0.30677727272727273
ENSG00000163106,,neutral,0.17573181818181818
ENSG00000163121,,gene-driven,0.13351227272727273
ENSG00000163125,,neutral,0.2322072727272727
ENSG00000163126,,neutral,0.10509181818181818
ENSG00000163131,,neutral,0.1619331818181818
ENSG00000163132,,neutral,0.19017090909090908
ENSG00000163155,,neutral,0.13369499999999998
ENSG00000163162,,neutral,0.216855
ENSG00000163170,,neutral,0.21913954545454545
ENSG00000163217,,neutral,0.19976590909090908
ENSG00000163218,,neutral,0.048525
ENSG00000163220,,neutral,0.05391681818181818
ENSG00000163221,,neutral,0.03207590909090909
ENSG00000163239,,neutral,0.031161818181818183
ENSG00000163273,,neutral,0.07685409090909091
ENSG00000163291,,neutral,0.42219545454545454
ENSG00000163293,,gene-driven,0.26108499999999996
ENSG00000163295,,neutral,0.06853818181818182
ENSG00000163328,,neutral,0.29005363636363635
ENSG00000163344,,neutral,0.1621159090909091
ENSG00000163347,,neutral,0.2609022727272727
ENSG00000163348,,gene-driven,0.09293772727272727
ENSG00000163357,,gene-driven,0.09010499999999999
ENSG00000163380,,neutral,0.2132909090909091
ENSG00000163382,,gene-driven,0.1477681818181818
ENSG00000163389,,neutral,0.3346490909090909
ENSG00000163393,,neutral,0.2640090909090909
ENSG00000163394,,neutral,0.28411363636363635
ENSG00000163428,,neutral,0.28210318181818184
ENSG00000163431,,neutral,0.18898272727272727
ENSG00000163440,,gene-driven,0.25907454545454545
ENSG00000163444,,neutral,0.33592863636363635
ENSG00000163453,,gene-driven,0.20451818181818182
ENSG00000163463,,gene-driven,0.3473518181818182
ENSG00000163472,,neutral,0.10582318181818182
ENSG00000163481,,neutral,0.12090136363636364
ENSG00000163485,,neutral,0.3524690909090909
ENSG00000163492,,regulation-driven,0.6886536363636363
ENSG00000163497,,neutral,0.23120227272727273
ENSG00000163501,,neutral,0.20086272727272728
ENSG00000163507,,neutral,0.22800363636363638
ENSG00000163508,,gene-driven,0.15708954545454545
ENSG00000163510,,neutral,0.3110722727272727
ENSG00000163513,,neutral,0.34013227272727276
ENSG00000163517,,gene-driven,0.3368422727272727
ENSG00000163518,,neutral,0.01992181818181818
ENSG00000163527,,regulation-driven,0.44677772727272724
ENSG00000163528,,neutral,0.34853954545454546
ENSG00000163530,,neutral,0.03271545454545454
ENSG00000163536,,neutral,0.3361113636363636
ENSG00000163545,,neutral,0.2095440909090909
ENSG00000163558,,regulation-driven,0.43900999999999996
ENSG00000163565,,gene-driven,0.002193181818181818
ENSG00000163568,,neutral,0.0024672727272727272
ENSG00000163577,,neutral,0.41196045454545455
ENSG00000163581,,gene-driven,0.23887863636363638
ENSG00000163584,,neutral,0.4125086363636363
ENSG00000163586,,neutral,0.22654181818181818
ENSG00000163590,,neutral,0.44577272727272726
ENSG00000163599,,neutral,0.11596681818181817
ENSG00000163600,,neutral,0.060679090909090905
ENSG00000163606,,gene-driven,0.022115
ENSG00000163607,,neutral,0.19930909090909088
ENSG00000163623,,regulation-driven,0.7237454545454545
ENSG00000163626,,gene-driven,0.17034045454545454
ENSG00000163630,,neutral,0.36489727272727274
ENSG00000163633,,gene-driven,0.04413863636363636
ENSG00000163644,,neutral,0.3177431818181818
ENSG00000163659,,neutral,0.2971818181818182
ENSG00000163661,,neutral,0.14128
ENSG00000163666,,neutral,0.10618863636363636
ENSG00000163673,,neutral,0.14493545454545453
ENSG00000163687,,neutral,0.16385181818181818
ENSG00000163704,,neutral,0.023394545454545453
ENSG00000163705,,gene-driven,0.00265
ENSG00000163719,,gene-driven,0.3661768181818182
ENSG00000163736,,neutral,0.019465
ENSG00000163738,,gene-driven,0.2724163636363636
ENSG00000163743,,neutral,0.29370909090909086
ENSG00000163751,,neutral,0.12282045454545452
ENSG00000163781,,neutral,0.2467377272727273
ENSG00000163788,,regulation-driven,0.3983440909090909
ENSG00000163792,,neutral,0.08882545454545454
ENSG00000163798,,gene-driven,0.20588863636363636
ENSG00000163807,,neutral,0.19346045454545455
ENSG00000163812,,regulation-driven,0.45070727272727273
ENSG00000163814,,gene-driven,0.12400863636363635
ENSG00000163815,,neutral,0.25541909090909093
ENSG00000163817,,neutral,0.32203818181818183
ENSG00000163818,,neutral,0.3387613636363636
ENSG00000163823,,neutral,0.00265
ENSG00000163825,,gene-driven,0.045418181818181816
ENSG00000163827,,neutral,0.1971159090909091
ENSG00000163832,,neutral,0.20780772727272726
ENSG00000163840,,neutral,0.04285909090909091
ENSG00000163875,,neutral,0.4178090909090909
ENSG00000163877,,neutral,0.21795136363636364
ENSG00000163879,,gene-driven,0.2984609090909091
ENSG00000163884,,neutral,0.26793863636363635
ENSG00000163885,,neutral,0.10372136363636364
ENSG00000163898,,gene-driven,0.17326454545454545
ENSG00000163902,,neutral,0.367365
ENSG00000163909,,neutral,0.13954363636363634
ENSG00000163914,,neutral,0.3391272727272727
ENSG00000163931,,regulation-driven,0.3938663636363636
ENSG00000163935,,neutral,0.34451863636363633
ENSG00000163938,,gene-driven,0.1334209090909091
ENSG00000163946,,neutral,0.17280772727272725
ENSG00000163947,,gene-driven,0.33638545454545454
ENSG00000163956,,neutral,0.2304713636363636
ENSG00000163958,,neutral,0.07849909090909091
ENSG00000163961,,neutral,0.09120136363636362
ENSG00000163964,,neutral,0.10088818181818182
ENSG00000163982,,neutral,0.18624136363636365
ENSG00000163993,,neutral,0.0777681818181818
ENSG00000164007,,neutral,0.2768031818181818
ENSG00000164008,,neutral,0.23330409090909088
ENSG00000164010,,gene-driven,0.05830318181818181
ENSG00000164022,,neutral,0.3550281818181818
ENSG00000164032,,gene-driven,0.3089704545454545
ENSG00000164035,,gene-driven,0.034999999999999996
ENSG00000164038,,neutral,0.22526227272727273
ENSG00000164039,,neutral,0.35767818181818184
ENSG00000164040,,neutral,0.26821272727272727
ENSG00000164047,,gene-driven,0.02421681818181818
ENSG00000164049,,neutral,0.018459545454545454
ENSG00000164050,,gene-driven,0.18011863636363634
ENSG00000164053,,gene-driven,0.11148863636363636
ENSG00000164061,,neutral,0.184505
ENSG00000164070,,gene-driven,0.3364768181818182
ENSG00000164076,,neutral,0.09723272727272726
ENSG00000164077,,gene-driven,0.17692
ENSG00000164082,,neutral,0.25934863636363636
ENSG00000164086,,neutral,0.28804318181818184
ENSG00000164087,,neutral,0.2989181818181818
ENSG00000164088,,neutral,0.1060059090909091
ENSG00000164099,,neutral,0.2089959090909091
ENSG00000164100,,regulation-driven,0.3629781818181818
ENSG00000164105,,neutral,0.31408772727272727
ENSG00000164106,,neutral,0.17472681818181818
ENSG00000164109,,neutral,0.3608763636363636
ENSG00000164116,,neutral,0.33135954545454543
ENSG00000164117,,gene-driven,0.4085790909090909
ENSG00000164123,,neutral,0.040757272727272725
ENSG00000164125,,dual-driven,0.7441240909090908
ENSG00000164136,,gene-driven,0.09065318181818181
ENSG00000164144,,neutral,0.40373590909090906
ENSG00000164161,,gene-driven,0.39094181818181817
ENSG00000164163,,neutral,0.4460468181818182
ENSG00000164167,,neutral,0.4532659090909091
ENSG00000164168,,neutral,0.35749545454545456
ENSG00000164169,,neutral,0.29352636363636364
ENSG00000164172,,gene-driven,0.2292831818181818
ENSG00000164175,,neutral,0.26547136363636364
ENSG00000164176,,regulation-driven,0.4131481818181818
ENSG00000164187,,gene-driven,0.3735790909090909
ENSG00000164197,,gene-driven,0.19556227272727272
ENSG00000164209,,neutral,0.3213072727272727
ENSG00000164211,,neutral,0.23440090909090908
ENSG00000164219,,neutral,0.4030959090909091
ENSG00000164220,,gene-driven,0.125105
ENSG00000164221,,neutral,0.14228545454545452
ENSG00000164236,,neutral,0.1878859090909091
ENSG00000164237,,neutral,0.22206363636363635
ENSG00000164241,,dual-driven,0.7740981818181818
ENSG00000164244,,neutral,0.2812809090909091
ENSG00000164258,,gene-driven,0.34872227272727274
ENSG00000164265,,gene-driven,0.08242863636363636
ENSG00000164270,,regulation-driven,0.4179918181818182
ENSG00000164291,,gene-driven,0.28301727272727273
ENSG00000164294,,gene-driven,0.2512154545454545
ENSG00000164304,,neutral,0.037741818181818175
ENSG00000164325,,neutral,0.03335545454545454
ENSG00000164326,,neutral,0.18322545454545455
ENSG00000164330,,regulation-driven,0.4425740909090909
ENSG00000164332,,neutral,0.44147772727272727
ENSG00000164344,,neutral,0.12309454545454544
ENSG00000164363,,neutral,0.20104545454545455
ENSG00000164399,,neutral,0.0
ENSG00000164400,,neutral,0.028511818181818183
ENSG00000164402,,gene-driven,0.4021822727272727
ENSG00000164404,,neutral,0.0720109090909091
ENSG00000164405,,neutral,0.14484409090909092
ENSG00000164406,,neutral,0.09238954545454545
ENSG00000164430,,gene-driven,0.056658181818181816
ENSG00000164434,,neutral,0.3951454545454545
ENSG00000164438,,neutral,0.1460322727272727
ENSG00000164442,,neutral,0.00265
ENSG00000164458,,neutral,0.2999231818181818
ENSG00000164463,,neutral,0.38180363636363635
ENSG00000164466,,neutral,0.4062945454545454
ENSG00000164483,,neutral,0.15846045454545454
ENSG00000164484,,neutral,0.00265
ENSG00000164485,,neutral,0.07137090909090908
ENSG00000164488,,neutral,0.08169772727272727
ENSG00000164500,,neutral,0.09229818181818181
ENSG00000164509,,gene-driven,0.05336863636363636
ENSG00000164512,,gene-driven,0.23641136363636364
ENSG00000164530,,neutral,0.06451727272727273
ENSG00000164532,,neutral,0.43572045454545455
ENSG00000164543,,neutral,0.24756
ENSG00000164548,,neutral,0.393135
ENSG00000164576,,neutral,0.40985863636363634
ENSG00000164587,,neutral,0.4422086363636364
ENSG00000164588,,regulation-driven,0.36745636363636364
ENSG00000164591,,gene-driven,0.11450454545454546
ENSG00000164603,,gene-driven,0.39459727272727274
ENSG00000164615,,gene-driven,0.27415272727272727
ENSG00000164620,,neutral,0.06762454545454545
ENSG00000164626,,gene-driven,0.30906181818181816
ENSG00000164674,,neutral,0.16284681818181818
ENSG00000164675,,neutral,0.11861681818181817
ENSG00000164683,,gene-driven,0.15608454545454545
ENSG00000164684,,neutral,0.3737618181818182
ENSG00000164690,,gene-driven,0.17874772727272728
ENSG00000164691,,neutral,0.08151499999999999
ENSG00000164692,,regulation-driven,0.31262545454545454
ENSG00000164695,,regulation-driven,0.8702340909090909
ENSG00000164708,,neutral,0.28054954545454547
ENSG00000164715,,neutral,0.1814890909090909
ENSG00000164742,,regulation-driven,0.36581136363636363
ENSG00000164746,,gene-driven,0.10673681818181818
ENSG00000164749,,neutral,0.37586363636363634
ENSG00000164754,,neutral,0.41561590909090906
ENSG00000164756,,neutral,0.20990954545454546
ENSG00000164758,,neutral,0.41461045454545453
ENSG00000164764,,neutral,0.22535363636363637
ENSG00000164776,,neutral,0.3429654545454545
ENSG00000164794,,neutral,0.23778181818181818
ENSG00000164808,,gene-driven,0.0844390909090909
ENSG00000164815,,neutral,0.3438790909090909
ENSG00000164816,,neutral,0.0006395454545454546
ENSG00000164823,,neutral,0.32075863636363633
ENSG00000164825,,neutral,0.028603181818181816
ENSG00000164889,,neutral,0.1936431818181818
ENSG00000164896,,gene-driven,0.07530045454545455
ENSG00000164900,,neutral,0.1995831818181818
ENSG00000164902,,neutral,0.30522363636363636
ENSG00000164919,,neutral,0.19245545454545454
ENSG00000164924,,gene-driven,0.44659499999999996
ENSG00000164930,,neutral,0.2833827272727273
ENSG00000164932,,gene-driven,0.35192090909090906
ENSG00000164933,,neutral,0.33327863636363636
ENSG00000164935,,neutral,0.08544409090909091
ENSG00000164938,,neutral,0.24015772727272727
ENSG00000164946,,regulation-driven,0.7669699999999999
ENSG00000164967,,neutral,0.00265
ENSG00000164972,,neutral,0.09942590909090908
ENSG00000164975,,neutral,0.2497531818181818
ENSG00000164976,,neutral,0.00265
ENSG00000164978,,neutral,0.27278227272727273
ENSG00000164985,,neutral,0.293435
ENSG00000165006,,neutral,0.30787363636363635
ENSG00000165025,,regulation-driven,0.3202104545454545
ENSG00000165030,,neutral,0.00265
ENSG00000165046,,neutral,0.7405599999999999
ENSG00000165066,,neutral,0.27433545454545455
ENSG00000165071,,dual-driven,0.6115254545454545
ENSG00000165072,,neutral,0.28118954545454544
ENSG00000165076,,neutral,0.12291181818181816
ENSG00000165078,,neutral,0.32816090909090906
ENSG00000165084,,neutral,0.2876777272727273
ENSG00000165097,,neutral,0.4042840909090909
ENSG00000165105,,neutral,0.23339545454545452
ENSG00000165115,,neutral,0.18075818181818182
ENSG00000165118,,neutral,0.2629127272727273
ENSG00000165120,,gene-driven,0.059491363636363634
ENSG00000165152,,neutral,0.00265
ENSG00000165185,,neutral,0.22462272727272725
ENSG00000165233,,gene-driven,0.13259863636363636
ENSG00000165244,,neutral,0.29416590909090906
ENSG00000165272,,neutral,0.27707727272727267
ENSG00000165275,,neutral,0.18286
ENSG00000165283,,gene-driven,0.20625454545454544
ENSG00000165325,,neutral,0.1451181818181818
ENSG00000165379,,regulation-driven,0.3338268181818182
ENSG00000165383,,neutral,0.17134545454545455
ENSG00000165392,,neutral,0.13799045454545453
ENSG00000165410,,gene-driven,0.29773
ENSG00000165416,,neutral,0.3060459090909091
ENSG00000165417,,neutral,0.40611181818181813
ENSG00000165434,,neutral,0.2711372727272727
ENSG00000165443,,neutral,0.4477831818181818
ENSG00000165449,,gene-driven,0.29444
ENSG00000165457,,neutral,0.10893
ENSG00000165458,,gene-driven,0.16229863636363637
ENSG00000165471,,gene-driven,0.033080909090909084
ENSG00000165474,,neutral,0.00265
ENSG00000165476,,gene-driven,0.3237745454545455
ENSG00000165478,,neutral,0.2546881818181818
ENSG00000165480,,neutral,0.07073136363636363
ENSG00000165494,,neutral,0.21621545454545454
ENSG00000165495,,neutral,0.42055045454545453
ENSG00000165501,,gene-driven,0.23549727272727275
ENSG00000165512,,neutral,0.00265
ENSG00000165516,,neutral,0.3378477272727272
ENSG00000165525,,neutral,0.3162809090909091
ENSG00000165526,,gene-driven,0.14548363636363637
ENSG00000165527,,gene-driven,0.00265
ENSG00000165556,,neutral,0.6784186363636363
ENSG00000165566,,neutral,0.00265
ENSG00000165588,,regulation-driven,0.37677727272727274
ENSG00000165606,,neutral,0.36992363636363634
ENSG00000165609,,neutral,0.25505363636363637
ENSG00000165623,,neutral,0.107925
ENSG00000165629,,neutral,0.4074827272727273
ENSG00000165630,,gene-driven,0.42978045454545455
ENSG00000165632,,gene-driven,0.3276127272727273
ENSG00000165633,,neutral,0.21539272727272726
ENSG00000165637,,regulation-driven,0.44559
ENSG00000165646,,neutral,0.3850931818181818
ENSG00000165650,,neutral,0.2570640909090909
ENSG00000165660,,neutral,0.35055
ENSG00000165669,,gene-driven,0.1394522727272727
ENSG00000165672,,neutral,0.30083727272727273
ENSG00000165678,,neutral,0.32770409090909086
ENSG00000165682,,neutral,0.05839454545454545
ENSG00000165685,,neutral,0.119165
ENSG00000165688,,regulation-driven,0.35539363636363636
ENSG00000165695,,neutral,0.1485909090909091
ENSG00000165698,,gene-driven,0.13707636363636364
ENSG00000165702,,neutral,0.24765136363636364
ENSG00000165714,,neutral,0.4238404545454545
ENSG00000165716,,neutral,0.29124181818181816
ENSG00000165730,,neutral,0.10253318181818181
ENSG00000165757,,neutral,0.08041818181818182
ENSG00000165782,,gene-driven,0.17755954545454544
ENSG00000165792,,neutral,0.09165863636363636
ENSG00000165794,,neutral,0.08252
ENSG00000165816,,neutral,0.21338227272727273
ENSG00000165828,,neutral,0.017363181818181816
ENSG00000165832,,regulation-driven,0.7398290909090909
ENSG00000165861,,regulation-driven,0.4080309090909091
ENSG00000165886,,neutral,0.38820045454545454
ENSG00000165887,,neutral,0.15453090909090908
ENSG00000165891,,neutral,0.14685454545454543
ENSG00000165929,,neutral,0.2120113636363636
ENSG00000165953,,neutral,0.06835545454545454
ENSG00000165966,,neutral,0.2927040909090909
ENSG00000165970,,neutral,0.38226045454545454
ENSG00000165973,,regulation-driven,0.3918559090909091
ENSG00000165983,,neutral,0.30759954545454543
ENSG00000165997,,neutral,0.4501590909090909
ENSG00000166002,,neutral,0.00265
ENSG00000166006,,regulation-driven,0.38728681818181815
ENSG00000166012,,neutral,0.06086181818181818
ENSG00000166016,,neutral,0.37632045454545454
ENSG00000166024,,neutral,0.07795090909090908
ENSG00000166033,,gene-driven,0.3314509090909091
ENSG00000166035,,gene-driven,0.23147636363636365
ENSG00000166069,,neutral,0.08909954545454545
ENSG00000166073,,neutral,0.3321818181818182
ENSG00000166086,,gene-driven,0.2564240909090909
ENSG00000166090,,neutral,0.06022227272727272
ENSG00000166091,,gene-driven,0.04395590909090909
ENSG00000166106,,neutral,0.2503013636363636
ENSG00000166118,,neutral,0.08992227272727273
ENSG00000166130,,neutral,0.15160636363636362
ENSG00000166133,,neutral,0.14447863636363636
ENSG00000166135,,neutral,0.4094018181818182
ENSG00000166136,,gene-driven,0.22964863636363636
ENSG00000166148,,neutral,0.13716772727272727
ENSG00000166170,,gene-driven,0.00265
ENSG00000166171,,neutral,0.29306954545454544
ENSG00000166199,,neutral,0.2036040909090909
ENSG00000166224,,neutral,0.31792590909090906
ENSG00000166226,,regulation-driven,0.42447999999999997
ENSG00000166228,,neutral,0.38015863636363634
ENSG00000166272,,gene-driven,0.299375
ENSG00000166275,,neutral,0.393775
ENSG00000166295,,neutral,0.43480636363636366
ENSG00000166313,,gene-driven,0.17701136363636363
ENSG00000166317,,neutral,0.1039040909090909
ENSG00000166321,,neutral,0.1916327272727273
ENSG00000166326,,neutral,0.11797727272727272
ENSG00000166333,,gene-driven,0.33547181818181815
ENSG00000166343,,gene-driven (relaxed),0.11386499999999998
ENSG00000166349,,gene-driven,0.00265
ENSG00000166391,,neutral,0.1821290909090909
ENSG00000166394,,neutral,0.23056272727272725
ENSG00000166402,,regulation-driven,0.3757722727272727
ENSG00000166407,,neutral,0.45171272727272727
ENSG00000166415,,gene-driven,0.154805
ENSG00000166435,,neutral,0.08178909090909091
ENSG00000166471,,neutral,0.41442772727272725
ENSG00000166477,,regulation-driven,0.3498190909090909
ENSG00000166482,,neutral,0.12117545454545453
ENSG00000166483,,neutral,0.24545818181818183
ENSG00000166484,,gene-driven (relaxed),0.07164545454545455
ENSG00000166507,,gene-driven,0.18615
ENSG00000166508,,neutral,0.22270363636363635
ENSG00000166527,,neutral,0.032167272727272725
ENSG00000166578,,neutral,0.07639727272727273
ENSG00000166689,,neutral,0.3146359090909091
ENSG00000166710,,gene-driven,0.06716727272727273
ENSG00000166734,,neutral,0.30147681818181815
ENSG00000166736,,neutral,0.28585
ENSG00000166741,,gene-driven,0.09677590909090909
ENSG00000166750,,neutral,0.019739090909090908
ENSG00000166793,,neutral,0.27753409090909087
ENSG00000166794,,gene-driven,0.33391818181818184
ENSG00000166796,,gene-driven,0.26684227272727273
ENSG00000166797,,neutral,0.37220818181818177
ENSG00000166800,,neutral,0.15992272727272724
ENSG00000166819,,neutral,0.09924318181818181
ENSG00000166821,,neutral,0.1847790909090909
ENSG00000166825,,neutral,0.16065363636363636
ENSG00000166831,,neutral,0.41278272727272725
ENSG00000166839,,neutral,0.17463545454545454
ENSG00000166860,,neutral,0.00265
ENSG00000166866,,gene-driven,0.20753363636363634
ENSG00000166881,,gene-driven,0.19748136363636362
ENSG00000166886,,gene-driven,0.14265090909090908
ENSG00000166887,,regulation-driven,0.4189054545454545
ENSG00000166900,,neutral,0.3527431818181818
ENSG00000166920,,neutral,0.14283363636363636
ENSG00000166924,,neutral,0.09997454545454545
ENSG00000166946,,neutral,0.12592772727272725
ENSG00000166961,,gene-driven,0.11697181818181818
ENSG00000166963,,neutral,0.017728636363636363
ENSG00000167034,,neutral,0.06241545454545454
ENSG00000167094,,neutral,0.05090090909090909
ENSG00000167103,,neutral,0.17957
ENSG00000167106,,neutral,0.39340954545454543
ENSG00000167112,,neutral,0.15818636363636362
ENSG00000167113,,neutral,0.25212909090909086
ENSG00000167114,,neutral,0.2609936363636363
ENSG00000167139,,neutral,0.13570545454545455
ENSG00000167157,,neutral,0.22791227272727274
ENSG00000167244,,neutral,0.14676318181818182
ENSG00000167272,,neutral,0.1731731818181818
ENSG00000167286,,neutral,0.04368181818181818
ENSG00000167525,,neutral,0.057937727272727266
ENSG00000167531,,gene-driven,0.042036818181818175
ENSG00000167580,,gene-driven,0.21319954545454545
ENSG00000167588,,gene-driven,0.3125340909090909
ENSG00000167612,,gene-driven,0.05053545454545454
ENSG00000167632,,gene-driven,0.4031872727272727
ENSG00000167653,,gene-driven,0.03436045454545454
ENSG00000167656,,neutral,0.026501363636363635
ENSG00000167702,,neutral,0.062141363636363633
ENSG00000167767,,gene-driven,0.15544454545454545
ENSG00000167768,,gene-driven,0.06360363636363636
ENSG00000167771,,neutral,0.13725909090909091
ENSG00000167779,,gene-driven,0.07996136363636362
ENSG00000167780,,gene-driven,0.19263818181818182
ENSG00000167791,,neutral,0.24289954545454548
ENSG00000167797,,neutral,0.1559931818181818
ENSG00000167800,,neutral,0.13077090909090908
ENSG00000167910,,neutral,0.2525863636363636
ENSG00000167962,,gene-driven,0.17783363636363636
ENSG00000167965,,gene-driven,0.33273
ENSG00000167967,,gene-driven,0.16842136363636362
ENSG00000167968,,gene-driven,0.042310909090909087
ENSG00000167972,,regulation-driven,0.2949886363636363
ENSG00000167977,,neutral,0.3858245454545454
ENSG00000167981,,neutral,0.025130454545454546
ENSG00000167985,,neutral,0.272325
ENSG00000167987,,neutral,0.12026181818181816
ENSG00000167992,,neutral,0.11614954545454545
ENSG00000167994,,neutral,0.29681636363636366
ENSG00000167995,,neutral,0.20278181818181817
ENSG00000168056,,neutral,0.11048363636363637
ENSG00000168062,,neutral,0.029699999999999997
ENSG00000168071,,neutral,0.045235
ENSG00000168077,,neutral,0.18167181818181816
ENSG00000168079,,neutral,0.7128704545454545
ENSG00000168092,,gene-driven,0.38883999999999996
ENSG00000168118,,neutral,0.4471431818181818
ENSG00000168143,,neutral,0.2038781818181818
ENSG00000168152,,neutral,0.07191954545454546
ENSG00000168172,,regulation-driven,0.41991090909090906
ENSG00000168175,,neutral,0.1512409090909091
ENSG00000168209,,neutral,0.055470454545454545
ENSG00000168237,,neutral,0.08288545454545455
ENSG00000168243,,neutral,0.43745681818181814
ENSG00000168246,,neutral,0.3948713636363636
ENSG00000168263,,neutral,0.2319331818181818
ENSG00000168268,,gene-driven,0.2922468181818182
ENSG00000168269,,gene-driven,0.16650227272727272
ENSG00000168273,,neutral,0.26766454545454543
ENSG00000168275,,neutral,0.08389090909090909
ENSG00000168288,,neutral,0.30440090909090906
ENSG00000168291,,gene-driven,0.3256022727272727
ENSG00000168298,,neutral,0.00265
ENSG00000168301,,neutral,0.35256045454545454
ENSG00000168303,,neutral,0.1124940909090909
ENSG00000168306,,gene-driven,0.15864318181818182
ENSG00000168333,,neutral,0.05556181818181818
ENSG00000168348,,neutral,0.00265
ENSG00000168350,,neutral,0.3788790909090909
ENSG00000168386,,gene-driven,0.26273
ENSG00000168394,,gene-driven,0.08306818181818182
ENSG00000168395,,gene-driven,0.3789704545454545
ENSG00000168398,,gene-driven,0.1291259090909091
ENSG00000168412,,gene-driven,0.3184740909090909
ENSG00000168427,,neutral,0.2809154545454545
ENSG00000168438,,regulation-driven,0.4306940909090909
ENSG00000168439,,dual-driven,0.9245163636363636
ENSG00000168490,,neutral,0.35457090909090905
ENSG00000168497,,neutral,0.12099272727272725
ENSG00000168530,,neutral,0.3584090909090909
ENSG00000168538,,regulation-driven,0.38838318181818177
ENSG00000168542,,neutral,0.2631868181818182
ENSG00000168556,,neutral,0.3382131818181818
ENSG00000168564,,neutral,0.04624045454545454
ENSG00000168566,,neutral,0.20552318181818183
ENSG00000168594,,gene-driven,0.00265
ENSG00000168615,,regulation-driven,0.2832
ENSG00000168621,,gene-driven,0.32752136363636364
ENSG00000168672,,neutral,0.00265
ENSG00000168679,,gene-driven,0.16239
ENSG00000168685,,gene-driven,0.07785954545454545
ENSG00000168702,,regulation-driven,0.38299136363636366
ENSG00000168710,,regulation-driven,0.4446759090909091
ENSG00000168754,,neutral,0.05638409090909091
ENSG00000168758,,neutral,0.11925636363636363
ENSG00000168772,,gene-driven,0.278905
ENSG00000168778,,neutral,0.10180227272727273
ENSG00000168792,,gene-driven,0.0890081818181818
ENSG00000168795,,neutral,0.00265
ENSG00000168811,,gene-driven,0.06378636363636364
ENSG00000168824,,gene-driven,0.4173522727272727
ENSG00000168826,,neutral,0.1907190909090909
ENSG00000168843,,regulation-driven,0.3651718181818182
ENSG00000168890,,gene-driven,0.18039272727272726
ENSG00000168894,,gene-driven,0.20808181818181817
ENSG00000168899,,neutral,0.09650181818181817
ENSG00000168906,,neutral,0.3101581818181818
ENSG00000168907,,gene-driven,0.10819909090909091
ENSG00000168917,,neutral,0.00265
ENSG00000168924,,neutral,0.2895968181818182
ENSG00000168938,,neutral,0.3050409090909091
ENSG00000168952,,neutral,0.44038090909090905
ENSG00000168961,,gene-driven,0.06707590909090909
ENSG00000168993,,gene-driven,0.21813409090909092
ENSG00000169006,,neutral,0.10591454545454546
ENSG00000169016,,neutral,0.18651545454545454
ENSG00000169019,,gene-driven,0.21767727272727272
ENSG00000169020,,neutral,0.11240272727272727
ENSG00000169026,,neutral,0.08663227272727272
ENSG00000169031,,neutral,0.15279454545454546
ENSG00000169032,,gene-driven,0.44495
ENSG00000169062,,neutral,0.19876090909090907
ENSG00000169087,,neutral,0.17006636363636363
ENSG00000169116,,neutral,0.04779409090909091
ENSG00000169129,,neutral,0.2513981818181818
ENSG00000169139,,gene-driven,0.4544540909090909
ENSG00000169174,,gene-driven,0.13872136363636361
ENSG00000169194,,neutral,0.03298954545454545
ENSG00000169213,,neutral,0.4120518181818182
ENSG00000169231,,neutral,0.2301968181818182
ENSG00000169241,,neutral,0.11816
ENSG00000169242,,neutral,0.15443954545454544
ENSG00000169245,,neutral,0.05300272727272727
ENSG00000169247,,neutral,0.16714181818181817
ENSG00000169248,,gene-driven,0.03600545454545455
ENSG00000169251,,regulation-driven,0.3930436363636364
ENSG00000169271,,neutral,0.00265
ENSG00000169282,,gene-driven,0.37951909090909086
ENSG00000169299,,neutral,0.3493622727272727
ENSG00000169302,,gene-driven,0.34104636363636365
ENSG00000169375,,neutral,0.958785909090909
ENSG00000169379,,neutral,0.2813722727272727
ENSG00000169410,,dual-driven,0.9279890909090909
ENSG00000169427,,regulation-driven,0.43279590909090904
ENSG00000169429,,gene-driven,0.05583590909090909
ENSG00000169435,,neutral,0.16293818181818182
ENSG00000169495,,neutral,0.16394363636363635
ENSG00000169499,,neutral,0.2580690909090909
ENSG00000169504,,neutral,0.4148845454545454
ENSG00000169519,,neutral,0.24509272727272727
ENSG00000169550,,gene-driven,0.033995
ENSG00000169564,,neutral,0.00265
ENSG00000169567,,neutral,0.3520122727272727
ENSG00000169570,,neutral,0.2715027272727273
ENSG00000169583,,neutral,0.11523545454545456
ENSG00000169605,,neutral,0.05172363636363636
ENSG00000169607,,gene-driven,0.05044409090909091
ENSG00000169621,,neutral,0.08681499999999999
ENSG00000169692,,neutral,0.20872181818181818
ENSG00000169744,,regulation-driven,0.9978068181818182
ENSG00000169758,,neutral,0.3417772727272727
ENSG00000169762,,gene-driven,0.37193409090909085
ENSG00000169814,,gene-driven,0.16622818181818183
ENSG00000169826,,neutral,0.36654227272727274
ENSG00000169836,,neutral,0.28758636363636364
ENSG00000169840,,neutral,0.09705
ENSG00000169855,,gene-driven (relaxed),0.41232590909090905
ENSG00000169884,,neutral,0.16677636363636364
ENSG00000169885,,neutral,0.05738954545454546
ENSG00000169903,,neutral,0.2273640909090909
ENSG00000169908,,neutral,0.1348831818181818
ENSG00000169914,,neutral,0.24993590909090907
ENSG00000169918,,regulation-driven,0.36837
ENSG00000169919,,neutral,0.2776254545454545
ENSG00000169926,,neutral,0.2395181818181818
ENSG00000169967,,neutral,0.4163468181818182
ENSG00000170044,,neutral,0.3696495454545454
ENSG00000170075,,gene-driven,0.15306863636363638
ENSG00000170142,,neutral,0.45372318181818183
ENSG00000170145,,regulation-driven,0.3186568181818182
ENSG00000170162,,neutral,0.2154840909090909
ENSG00000170166,,neutral,0.10399545454545454
ENSG00000170178,,neutral,0.029334545454545453
ENSG00000170185,,gene-driven,0.3018422727272727
ENSG00000170214,,neutral,0.3082390909090909
ENSG00000170231,,neutral,0.24098045454545453
ENSG00000170289,,gene-driven,0.16001409090909088
ENSG00000170293,,neutral,0.27963590909090913
ENSG00000170325,,regulation-driven,0.36791318181818183
ENSG00000170340,,neutral,0.00265
ENSG00000170348,,neutral,0.39295227272727273
ENSG00000170370,,neutral,0.3760463636363636
ENSG00000170374,,neutral,0.11706318181818182
ENSG00000170379,,neutral,0.12784681818181817
ENSG00000170381,,neutral,0.26885272727272724
ENSG00000170385,,neutral,0.12364272727272727
ENSG00000170390,,neutral,0.3729390909090909
ENSG00000170396,,neutral,0.1281209090909091
ENSG00000170417,,neutral,0.26410045454545455
ENSG00000170419,,neutral,0.31052363636363634
ENSG00000170430,,neutral,0.14301636363636364
ENSG00000170439,,neutral,0.09887772727272727
ENSG00000170448,,neutral,0.27744272727272723
ENSG00000170454,,neutral,0.1494131818181818
ENSG00000170458,,gene-driven,0.017454545454545452
ENSG00000170464,,neutral,0.26035363636363634
ENSG00000170482,,neutral,0.26748181818181815
ENSG00000170484,,gene-driven,0.07721954545454546
ENSG00000170498,,neutral,0.03609681818181818
ENSG00000170500,,gene-driven,0.12455681818181819
ENSG00000170509,,neutral,0.13616272727272727
ENSG00000170542,,neutral,0.11879954545454545
ENSG00000170545,,gene-driven,0.16449181818181816
ENSG00000170577,,neutral,0.32880045454545453
ENSG00000170581,,gene-driven,0.08955681818181818
ENSG00000170584,,neutral,0.38390545454545455
ENSG00000170606,,regulation-driven,0.40190818181818183
ENSG00000170613,,neutral,0.02641
ENSG00000170615,,regulation-driven,0.26528863636363637
ENSG00000170624,,neutral,0.41817454545454547
ENSG00000170627,,gene-driven,0.19135863636363637
ENSG00000170633,,neutral,0.3269731818181818
ENSG00000170743,,dual-driven,0.9334722727272726
ENSG00000170759,,regulation-driven,0.41077227272727274
ENSG00000170775,,neutral,0.164035
ENSG00000170786,,neutral,0.19464863636363636
ENSG00000170801,,neutral,0.334375
ENSG00000170807,,neutral,0.19921772727272724
ENSG00000170819,,neutral,0.24856545454545453
ENSG00000170860,,neutral,0.4412031818181818
ENSG00000170873,,gene-driven,0.3671822727272727
ENSG00000170876,,gene-driven,0.30165954545454543
ENSG00000170881,,neutral,0.28850000000000003
ENSG00000170890,,neutral,0.1315018181818182
ENSG00000170891,,gene-driven,0.12675
ENSG00000170893,,neutral,0.031345000000000005
ENSG00000170899,,neutral,0.15060136363636362
ENSG00000170903,,gene-driven,0.05473909090909091
ENSG00000170915,,neutral,0.00265
ENSG00000170950,,neutral,0.00265
ENSG00000170955,,neutral,0.03984363636363636
ENSG00000170961,,neutral,0.4137881818181818
ENSG00000171016,,neutral,0.2439959090909091
ENSG00000171053,,neutral,0.02714090909090909
ENSG00000171097,,neutral,0.23175045454545457
ENSG00000171115,,neutral,0.018733636363636362
ENSG00000171121,,neutral,0.101985
ENSG00000171126,,gene-driven,0.33931
ENSG00000171130,,gene-driven,0.290785
ENSG00000171135,,neutral,0.3285263636363636
ENSG00000171160,,neutral,0.3329131818181818
ENSG00000171169,,neutral,0.2444531818181818
ENSG00000171202,,gene-driven,0.13744181818181817
ENSG00000171209,,gene-driven,0.0025586363636363636
ENSG00000171217,,neutral,0.00265
ENSG00000171243,SOSTDC1,neutral,0.21511863636363635
ENSG00000171303,KCNK3,neutral,0.31947954545454543
ENSG00000171357,LURAP1,neutral,0.18816045454545455
ENSG00000171385,KCND3,regulation-driven,0.4366340909090909
ENSG00000171435,KSR2,regulation-driven,0.4321563636363636
ENSG00000171448,ZBTB26,neutral,0.00265
ENSG00000171476,HOPX,gene-driven,0.20095409090909092
ENSG00000171488,LRRC8C,neutral,0.38061545454545453
ENSG00000171495,MROH2B,gene-driven,0.10308136363636364
ENSG00000171502,COL24A1,neutral,0.1780168181818182
ENSG00000171503,ETFDH,neutral,0.40912727272727273
ENSG00000171517,LPAR3,neutral,0.36334409090909087
ENSG00000171522,PTGER4,neutral,0.23897000000000002
ENSG00000171530,TBCA,neutral,0.801695909090909
ENSG00000171533,MAP6,neutral,0.07840772727272728
ENSG00000171540,OTP,neutral,0.13013136363636363
ENSG00000171551,ECEL1,neutral,0.22581045454545454
ENSG00000171557,FGG,neutral,0.18998772727272725
ENSG00000171564,FGB,gene-driven,0.1882518181818182
ENSG00000171566,PLRG1,neutral,0.3879263636363636
ENSG00000171596,NMUR1,neutral,0.15699818181818181
ENSG00000171604,CXXC5,gene-driven,0.13771590909090908
ENSG00000171621,SPSB1,neutral,0.44266545454545453
ENSG00000171714,ANO5,gene-driven,0.2980040909090909
ENSG00000171723,GPHN,gene-driven,0.4536318181818182
ENSG00000171757,LRRC34,gene-driven,0.12154090909090909
ENSG00000171759,PAH,neutral,0.3602368181818182
ENSG00000171766,GATM,regulation-driven,0.39587681818181814
ENSG00000171812,COL8A2,neutral,0.04724545454545455
ENSG00000171819,ANGPTL7,neutral,0.28146363636363636
ENSG00000171823,FBXL14,neutral,0.35895727272727274
ENSG00000171824,EXOSC10,neutral,0.27991
ENSG00000171843,MLLT3,neutral,0.38134681818181815
ENSG00000171865,RNASEH1,neutral,0.16302954545454545
ENSG00000171872,KLF17,neutral,0.03710181818181818
ENSG00000171931,FBXW10,gene-driven,0.08343363636363636
ENSG00000171956,FOXB1,neutral,0.00265
ENSG00000171992,SYNPO,neutral,0.06543136363636363
ENSG00000172005,MAL,neutral,0.1755490909090909
ENSG00000172007,RAB33B,gene-driven,0.31299136363636365
ENSG00000172020,GAP43,neutral,0.3175604545454545
ENSG00000172023,REG1B,neutral,0.03765045454545454
ENSG00000172062,SMN1,neutral,0.22891772727272727
ENSG00000172073,SPMIP9,neutral,0.04304181818181818
ENSG00000172113,NME6,neutral,0.22946590909090908
ENSG00000172115,CYCS,gene-driven,0.06844681818181818
ENSG00000172159,FRMD3,neutral,0.3653545454545455
ENSG00000172171,TEFM,gene-driven,0.12391727272727274
ENSG00000172179,PRL,gene-driven,0.12802954545454545
ENSG00000172197,MBOAT1,neutral,0.3141790909090909
ENSG00000172209,GPR22,neutral,0.00265
ENSG00000172243,CLEC7A,neutral,0.045143636363636365
ENSG00000172260,NEGR1,neutral,0.39039363636363633
ENSG00000172262,ZNF131,gene-driven,0.35603318181818183
ENSG00000172273,HINFP,neutral,0.24034045454545455
ENSG00000172292,CERS6,regulation-driven,0.9449868181818182
ENSG00000172322,CLEC12A,neutral,0.01855090909090909
ENSG00000172331,BPGM,dual-driven,0.9340204545454545
ENSG00000172348,RCAN2,neutral,0.39085045454545453
ENSG00000172350,ABCG4,neutral,0.34214272727272727
ENSG00000172367,NHERF4,gene-driven,0.06680181818181818
ENSG00000172399,MYOZ2,neutral,0.30705136363636365
ENSG00000172425,TTC36,neutral,0.19757272727272726
ENSG00000172426,RSPH9,neutral,0.23604545454545453
ENSG00000172432,GTPBP2,gene-driven,0.30732545454545457
ENSG00000172456,FGGY,neutral,0.32487136363636365
ENSG00000172461,FUT9,neutral,0.00265
ENSG00000172469,MANEA,neutral,0.2630954545454546
ENSG00000172482,AGXT,neutral,0.20534045454545455
ENSG00000172497,ACOT12,neutral,0.17079727272727271
ENSG00000172508,CARNS1,neutral,0.07109681818181818
ENSG00000172531,PPP1CA,neutral,0.3229522727272727
ENSG00000172543,CTSW,neutral,0.042128181818181815
ENSG00000172548,NIPAL4,gene-driven,0.28164636363636364
ENSG00000172554,SNTG2,neutral,0.28064136363636366
ENSG00000172572,PDE3A,neutral,0.27479272727272724
ENSG00000172586,CHCHD1,neutral,0.07950454545454545
ENSG00000172594,SMPDL3A,neutral,0.25697272727272724
ENSG00000172602,RND1,gene-driven,0.323135
ENSG00000172663,TMEM134,gene-driven,0.08617545454545454
ENSG00000172671,ZFAND4,neutral,0.22160681818181818
ENSG00000172689,MS4A10,neutral,0.025222272727272725
ENSG00000172731,LRRC20,neutral,0.23458363636363636
ENSG00000172733,PURG,gene-driven,0.00265
ENSG00000172766,NAA16,neutral,0.36380090909090906
ENSG00000172789,HOXC5,neutral,0.04752
ENSG00000172795,DCP2,neutral,0.38555045454545456
ENSG00000172803,SNX32,neutral,0.23394363636363635
ENSG00000172817,CYP7B1,neutral,0.1391781818181818
ENSG00000172818,OVOL1,neutral,0.17098
ENSG00000172867,KRT2,gene-driven,0.06259818181818182
ENSG00000172878,METAP1D,neutral,0.3170122727272727
ENSG00000172901,LVRN,neutral,0.11514409090909092
ENSG00000172932,ANKRD13D,neutral,0.26254727272727274
ENSG00000172985,SH3RF3,neutral,0.25057590909090904
ENSG00000172987,HPSE2,regulation-driven,0.40300454545454545
ENSG00000173011,TADA2B,neutral,0.3778740909090909
ENSG00000173020,GRK2,neutral,0.36572
ENSG00000173040,EVC2,gene-driven,0.08973954545454545
ENSG00000173083,HPSE,neutral,0.17975272727272726
ENSG00000173085,COQ2,gene-driven,0.26382636363636364
ENSG00000173093,CCDC63,gene-driven,0.07356454545454545
ENSG00000173113,TRMT112,neutral,0.08983090909090909
ENSG00000173137,ADCK5,gene-driven,0.13250727272727272
ENSG00000173145,NOC3L,neutral,0.30568045454545456
ENSG00000173153,ESRRA,gene-driven,0.2509413636363636
ENSG00000173156,RHOD,neutral,0.13451772727272726
ENSG00000173171,MTX1,neutral,0.07420409090909091
ENSG00000173175,,regulation-driven,0.39167318181818184
ENSG00000173208,ABCD2,neutral,0.37074590909090904
ENSG00000173210,ABLIM3,neutral,0.4184486363636364
ENSG00000173212,MAB21L3,gene-driven,0.18852590909090908
ENSG00000173218,VANGL1,gene-driven,0.37019772727272726
ENSG00000173221,GLRX,gene-driven,0.13205045454545455
ENSG00000173227,SYT12,neutral,0.34479272727272725
ENSG00000173239,LIPM,neutral,0.18706363636363638
ENSG00000173250,GPR151,neutral,0.00265
ENSG00000173253,DMRT2,neutral,0.7062909090909091
ENSG00000173258,ZNF483,gene-driven,0.04861636363636363
ENSG00000173264,GPR137,gene-driven,0.10417818181818182
ENSG00000173267,SNCG,neutral,0.2864895454545454
ENSG00000173281,PPP1R3B,neutral,0.00265
ENSG00000173320,STOX2,regulation-driven,0.3659940909090909
ENSG00000173327,MAP3K11,neutral,0.19181545454545454
ENSG00000173334,TRIB1,neutral,0.1659540909090909
ENSG00000173369,C1QB,neutral,0.06862954545454546
ENSG00000173389,IQCF1,neutral,0.03088772727272727
ENSG00000173402,,gene-driven,0.2948972727272727
ENSG00000173406,DAB1,regulation-driven,0.9721277272727272
ENSG00000173409,ARV1,neutral,0.28027545454545455
ENSG00000173421,IHO1,neutral,0.05227181818181818
ENSG00000173456,RNF26,neutral,0.00265
ENSG00000173473,SMARCC1,regulation-driven,0.3695581818181818
ENSG00000173486,FKBP2,neutral,0.20250772727272726
ENSG00000173540,GMPPB,neutral,0.13808181818181817
ENSG00000173597,SULT1B1,neutral,0.13844727272727272
ENSG00000173612,GPRC6A,neutral,0.13305545454545453
ENSG00000173621,LRFN4,neutral,0.03426909090909091
ENSG00000173626,TRAPPC3L,gene-driven,0.3383045454545454
ENSG00000173641,HSPB7,gene-driven,0.24865681818181817
ENSG00000173653,RCE1,neutral,0.1378990909090909
ENSG00000173702,MUC13,neutral,0.00036545454545454544
ENSG00000173705,SUSD5,neutral,0.10682818181818182
ENSG00000173715,C11orf80,gene-driven,0.05144954545454545
ENSG00000173726,TOMM20,neutral,0.4214645454545454
ENSG00000173728,SPMIP3,neutral,0.05885136363636364
ENSG00000173769,TOPAZ1,neutral,0.09403454545454545
ENSG00000173846,PLK3,neutral,0.13241590909090908
ENSG00000173848,NET1,gene-driven,0.29169863636363635
ENSG00000173905,GOLIM4,neutral,0.20040590909090908
ENSG00000173926,MARCHF3,neutral,0.38162090909090907
ENSG00000173930,SLCO4C1,neutral,0.14904772727272728
ENSG00000173947,CIMAP3,neutral,0.07310727272727273
ENSG00000173960,UBXN2A,gene-driven,0.18953090909090908
ENSG00000173992,CCS,neutral,0.25249499999999997
ENSG00000174004,NRROS,neutral,0.1000659090909091
ENSG00000174007,CEP19,neutral,0.11953045454545455
ENSG00000174013,FBXO45,neutral,0.38701227272727273
ENSG00000174015,CBY2,gene-driven,0.055013181818181815
ENSG00000174059,CD34,neutral,0.05574454545454545
ENSG00000174080,CTSF,gene-driven,0.10755909090909091
ENSG00000174106,LEMD3,neutral,0.23211590909090907
ENSG00000174136,RGMB,neutral,0.22316045454545452
ENSG00000174145,NWD2,regulation-driven,0.4057463636363636
ENSG00000174206,KICS2,gene-driven,0.4045581818181818
ENSG00000174243,DDX23,neutral,0.3701063636363636
ENSG00000174279,EVX2,neutral,0.13497454545454543
ENSG00000174307,PHLDA3,neutral,0.00265
ENSG00000174332,GLIS1,regulation-driven,0.7268522727272727
ENSG00000174343,CHRNA9,neutral,0.33711681818181816
ENSG00000174348,PODN,neutral,0.24564090909090905
ENSG00000174358,SLC6A19,gene-driven,0.30814772727272727
ENSG00000174417,TRHR,neutral,0.36243
ENSG00000174429,ABRA,neutral,0.17436136363636365
ENSG00000174446,SNAPC5,gene-driven,0.13067954545454544
ENSG00000174453,VWC2L,neutral,0.45344863636363636
ENSG00000174473,GALNTL6,regulation-driven,0.9774281818181818
ENSG00000174498,IGDCC3,neutral,0.25404818181818184
ENSG00000174502,SLC26A9,neutral,0.22398272727272725
ENSG00000174514,MFSD4A,neutral,0.2761631818181818
ENSG00000174516,PELI3,neutral,0.26930954545454544
ENSG00000174527,MYO1H,neutral,0.3282522727272727
ENSG00000174547,MRPL11,neutral,0.17262499999999997
ENSG00000174564,IL20RB,gene-driven,0.10244181818181818
ENSG00000174567,GOLT1A,neutral,0.2808240909090909
ENSG00000174576,NPAS4,neutral,0.08398227272727272
ENSG00000174579,MSL2,regulation-driven,0.3670909090909091
ENSG00000174606,ANGEL2,gene-driven,0.21054954545454543
ENSG00000174611,KY,neutral,0.18642409090909093
ENSG00000174640,SLCO2A1,neutral,0.2737872727272727
ENSG00000174669,SLC29A2,neutral,0.18715500000000002
ENSG00000174684,B4GAT1,neutral,0.033172272727272724
ENSG00000174695,TMEM167A,neutral,0.4404722727272727
ENSG00000174697,LEP,neutral,0.06561409090909091
ENSG00000174705,SH3PXD2B,gene-driven,0.2673904545454545
ENSG00000174720,,neutral,0.19848681818181815
ENSG00000174738,NR1D2,neutral,0.34397045454545455
ENSG00000174748,RPL15,neutral,0.32185545454545456
ENSG00000174749,FAM241A,neutral,0.20305590909090906
ENSG00000174775,HRAS,neutral,0.19108454545454545
ENSG00000174799,CEP135,neutral,0.249205
ENSG00000174804,FZD4,neutral,0.15297727272727274
ENSG00000174839,DENND6A,neutral,0.37970181818181814
ENSG00000174840,PDE12,gene-driven,0.10975272727272727
ENSG00000174851,YIF1A,neutral,0.18249454545454546
ENSG00000174871,CNIH2,neutral,0.2764372727272727
ENSG00000174885,NLRP6,neutral,0.03353818181818182
ENSG00000174891,RSRC1,neutral,0.25633272727272727
ENSG00000174903,RAB1B,neutral,0.4138795454545454
ENSG00000174945,AMZ1,neutral,0.1332381818181818
ENSG00000174946,GPR171,neutral,0.00265
ENSG00000174948,GPR149,gene-driven,0.21365636363636364
ENSG00000174989,FBXW8,neutral,0.20460954545454546
ENSG00000174996,KLC2,neutral,0.2893227272727273
ENSG00000175018,TEX36,neutral,0.049073181818181814
ENSG00000175073,VCPIP1,regulation-driven,0.3611509090909091
ENSG00000175077,RTP1,neutral,0.08754636363636363
ENSG00000175084,DES,neutral,0.2899622727272727
ENSG00000175087,PDIK1L,neutral,0.4161640909090909
ENSG00000175097,RAG2,neutral,0.00265
ENSG00000175104,TRAF6,neutral,0.290145
ENSG00000175105,ZNF654,neutral,0.21987045454545454
ENSG00000175137,SH3BP5L,gene-driven,0.21438772727272726
ENSG00000175161,CADM2,regulation-driven,0.42777
ENSG00000175182,FAM131A,regulation-driven,0.7590195454545454
ENSG00000175183,CSRP2,neutral,0.4108636363636364
ENSG00000175197,DDIT3,gene-driven,0.026318636363636363
ENSG00000175213,ZNF408,neutral,0.04020909090909091
ENSG00000175224,ATG13,neutral,0.40136
ENSG00000175229,GAL3ST3,neutral,0.09832954545454545
ENSG00000175274,TP53I11,neutral,0.355485
ENSG00000175279,CENPS,gene-driven,0.1798440909090909
ENSG00000175283,DOLK,neutral,0.00265
ENSG00000175294,CATSPER1,neutral,0.029151363636363635
ENSG00000175315,CST6,neutral,0.04221954545454545
ENSG00000175336,APOF,gene-driven,0.021749545454545455
ENSG00000175352,NRIP3,gene-driven,0.21128045454545452
ENSG00000175356,SCUBE2,gene-driven,0.3216727272727273
ENSG00000175376,EIF1AD,neutral,0.16906090909090907
ENSG00000175395,ZNF25,neutral,0.06488272727272727
ENSG00000175449,RFESD,gene-driven,0.11779454545454544
ENSG00000175463,TBC1D10C,neutral,0.13086227272727272
ENSG00000175467,SART1,gene-driven,0.22699863636363635
ENSG00000175513,TSGA10IP,gene-driven,0.03582272727272728
ENSG00000175535,PNLIP,neutral,0.13159318181818183
ENSG00000175544,CABP4,neutral,0.104635
ENSG00000175575,PAAF1,gene-driven,0.2269072727272727
ENSG00000175581,MRPL48,gene-driven,0.17865636363636364
ENSG00000175600,SUGCT,gene-driven,0.2516722727272727
ENSG00000175606,TMEM70,neutral,0.1279381818181818
ENSG00000175634,RPS6KB2,gene-driven,0.23412636363636363
ENSG00000175664,TEX26,neutral,0.04825090909090909
ENSG00000175697,GPR156,neutral,0.13671090909090908
ENSG00000175745,NR2F1,neutral,0.2468290909090909
ENSG00000175756,AURKAIP1,gene-driven,0.05528727272727273
ENSG00000175782,SLC35E3,neutral,0.38500181818181817
ENSG00000175793,SFN,neutral,0.00265
ENSG00000175877,TMEM270,gene-driven,0.03829
ENSG00000175879,HOXD8,neutral,0.05108363636363636
ENSG00000175893,ZDHHC21,neutral,0.38417954545454547
ENSG00000175895,PLEKHF2,neutral,0.00265
ENSG00000175920,DOK7,neutral,0.24938772727272723
ENSG00000175946,KLHL38,gene-driven,0.23558863636363633
ENSG00000175970,UNC119B,neutral,0.33071954545454546
ENSG00000175984,DENND2C,neutral,0.22507954545454545
ENSG00000175985,PLEKHD1,neutral,0.3776
ENSG00000176018,LYSMD3,gene-driven,0.22672454545454546
ENSG00000176029,C11orf16,neutral,0.049439090909090905
ENSG00000176055,MBLAC2,gene-driven,0.35511954545454544
ENSG00000176095,IP6K1,neutral,0.3826259090909091
ENSG00000176101,SSNA1,neutral,0.1536168181818182
ENSG00000176171,BNIP3,gene-driven,0.2974559090909091
ENSG00000176248,ANAPC2,neutral,0.26866999999999996
ENSG00000176273,SLC35G1,neutral,0.18724636363636363
ENSG00000176340,COX8A,neutral,0.07959590909090908
ENSG00000176383,B3GNT4,neutral,0.07283318181818181
ENSG00000176393,RNPEP,gene-driven,0.22480545454545453
ENSG00000176399,DMRTA1,neutral,0.07127954545454546
ENSG00000176402,GJC3,neutral,0.12144954545454545
ENSG00000176422,SPRYD4,neutral,0.08407363636363635
ENSG00000176438,,neutral,0.15379954545454547
ENSG00000176444,CLK2,neutral,0.31810863636363634
ENSG00000176463,SLCO3A1,gene-driven (relaxed),0.42420590909090905
ENSG00000176542,USF3,neutral,0.13113636363636363
ENSG00000176623,RMDN1,neutral,0.22645045454545454
ENSG00000176658,MYO1D,gene-driven,0.40391863636363634
ENSG00000176697,BDNF,gene-driven,0.00265
ENSG00000176720,BOK,neutral,0.3606022727272727
ENSG00000176742,OR51V1,neutral,0.00265
ENSG00000176769,TCERG1L,neutral,0.16037954545454544
ENSG00000176884,GRIN1,regulation-driven,0.3960595454545454
ENSG00000176907,TCIM,neutral,0.00265
ENSG00000176915,ANKLE2,neutral,0.17244227272727272
ENSG00000176946,THAP4,neutral,0.16832999999999998
ENSG00000176956,LY6H,gene-driven,0.04011772727272727
ENSG00000176978,DPP7,gene-driven,0.08480454545454545
ENSG00000177000,MTHFR,neutral,0.34570681818181814
ENSG00000177034,MTX3,gene-driven,0.2877690909090909
ENSG00000177042,TMEM80,gene-driven,0.08453045454545453
ENSG00000177047,IFNW1,neutral,0.00265
ENSG00000177054,ZDHHC13,neutral,0.24052363636363633
ENSG00000177058,SLC38A9,gene-driven,0.3271559090909091
ENSG00000177076,ACER2,neutral,0.4283181818181818
ENSG00000177098,SCN4B,neutral,0.20963545454545454
ENSG00000177105,RHOG,neutral,0.00265
ENSG00000177119,ANO6,gene-driven,0.3178345454545454
ENSG00000177125,ZBTB34,neutral,0.00265
ENSG00000177144,NUDT4B,neutral,0.00265
ENSG00000177156,TALDO1,neutral,0.3704718181818182
ENSG00000177169,ULK1,neutral,0.2689440909090909
ENSG00000177181,RIMKLA,neutral,0.38472772727272725
ENSG00000177192,PUS1,neutral,0.27013181818181814
ENSG00000177239,,neutral,0.23302999999999996
ENSG00000177301,KCNA2,neutral,0.00265
ENSG00000177453,NIM1K,gene-driven,0.3440618181818182
ENSG00000177468,OLIG3,neutral,0.00265
ENSG00000177479,ARIH2,gene-driven,0.44961090909090906
ENSG00000177519,RPRM,neutral,0.00265
ENSG00000177551,NHLH2,gene-driven,0.00265
ENSG00000177556,ATOX1,neutral,0.22571909090909092
ENSG00000177570,SAMD12,gene-driven,0.2788136363636364
ENSG00000177613,CSTF2T,gene-driven (relaxed),0.00265
ENSG00000177614,PGBD5,neutral,0.4006286363636364
ENSG00000177669,MBOAT4,neutral,0.10454363636363637
ENSG00000177791,MYOZ1,neutral,0.234675
ENSG00000177875,CCDC184,neutral,0.00265
ENSG00000177879,AP3S1,neutral,0.45317454545454544
ENSG00000177888,ZBTB41,neutral,0.30650272727272726
ENSG00000177889,UBE2N,neutral,0.4530831818181818
ENSG00000177910,SPATA31C2,gene-driven,0.01690590909090909
ENSG00000177917,ARL6IP6,neutral,0.12738954545454545
ENSG00000177947,CIMAP1A,neutral,0.07045727272727273
ENSG00000177984,LCN15,neutral,0.036645
ENSG00000178028,DMAP1,gene-driven,0.34808272727272727
ENSG00000178033,CALHM5,neutral,0.17381272727272726
ENSG00000178035,IMPDH2,neutral,0.25578454545454543
ENSG00000178053,MLF1,gene-driven,0.20927
ENSG00000178057,NDUFAF3,gene-driven,0.07027454545454545
ENSG00000178074,C2orf69,neutral,0.2173118181818182
ENSG00000178105,DDX10,regulation-driven,0.28786045454545456
ENSG00000178125,PPP1R42,neutral,0.26017090909090906
ENSG00000178175,ZNF366,gene-driven,0.23522318181818183
ENSG00000178177,,gene-driven,0.1364368181818182
ENSG00000178233,TMEM151B,neutral,0.23650272727272728
ENSG00000178301,AQP11,neutral,0.11505272727272728
ENSG00000178307,TMEM11,neutral,0.4293231818181818
ENSG00000178338,ZNF354B,neutral,0.04359045454545454
ENSG00000178343,SHISA3,neutral,0.18770318181818182
ENSG00000178401,DNAJC22,neutral,0.10783363636363635
ENSG00000178409,BEND3,neutral,0.3038527272727272
ENSG00000178460,MCMDC2,neutral,0.2480168181818182
ENSG00000178462,TUBAL3,gene-driven,0.29142454545454544
ENSG00000178522,AMBN,gene-driven,0.06652772727272727
ENSG00000178537,SLC25A20,neutral,0.4140622727272727
ENSG00000178538,CA8,neutral,0.429415
ENSG00000178562,CD28,neutral,0.10710227272727273
ENSG00000178602,OTOS,neutral,0.17061454545454546
ENSG00000178662,CSRNP3,regulation-driven,0.37860499999999997
ENSG00000178691,SUZ12,neutral,0.4325218181818181
ENSG00000178694,NSUN3,neutral,0.20835636363636365
ENSG00000178776,C5orf46,neutral,0.05766363636363636
ENSG00000178795,GDPD4,gene-driven,0.07539181818181818
ENSG00000178796,RIIAD1,neutral,0.08791181818181817
ENSG00000178802,MPI,gene-driven,0.266385
ENSG00000178804,H1-8,neutral,0.03280681818181818
ENSG00000178821,TMEM52,neutral,0.03180181818181818
ENSG00000178826,TMEM139,gene-driven,0.021018181818181818
ENSG00000178860,MSC,gene-driven,0.09302909090909091
ENSG00000178882,RFLNA,neutral,0.28740363636363636
ENSG00000178965,,gene-driven,0.03463454545454545
ENSG00000178988,MRFAP1L1,neutral,0.00265
ENSG00000178997,EXD1,neutral,0.10838181818181819
ENSG00000179002,TAS1R2,gene-driven,0.08078363636363636
ENSG00000179008,C14orf39,neutral,0.09577090909090909
ENSG00000179021,,gene-driven,0.16440045454545452
ENSG00000179041,RRS1,neutral,0.00265
ENSG00000179046,TRIML2,neutral,0.024034090909090908
ENSG00000179051,RCC2,neutral,0.3846363636363636
ENSG00000179057,IGSF22,neutral,0.0752090909090909
ENSG00000179091,CYC1,neutral,0.1253790909090909
ENSG00000179104,TMTC2,regulation-driven,0.3978872727272727
ENSG00000179119,SPTY2D1,neutral,0.1502359090909091
ENSG00000179151,EDC3,regulation-driven,0.3638922727272727
ENSG00000179152,TCAIM,neutral,0.2690354545454545
ENSG00000179241,LDLRAD3,neutral,0.3362940909090909
ENSG00000179256,SMCO3,neutral,0.00265
ENSG00000179270,PCARE,neutral,0.04706272727272728
ENSG00000179292,TMEM151A,neutral,0.15973954545454544
ENSG00000179299,NSUN7,neutral,0.1217240909090909
ENSG00000179331,RAB39A,neutral,0.3720254545454545
ENSG00000179364,PACS2,regulation-driven,0.3631613636363636
ENSG00000179388,EGR3,neutral,0.11158
ENSG00000179397,CATSPERE,neutral,0.037833181818181814
ENSG00000179455,MKRN3,gene-driven,0.00265
ENSG00000179456,ZBTB18,neutral,0.15416545454545455
ENSG00000179476,C14orf28,neutral,0.2932522727272727
ENSG00000179526,SHARPIN,gene-driven,0.05464772727272727
ENSG00000179528,LBX2,neutral,0.09366909090909091
ENSG00000179562,GCC1,neutral,0.05062681818181818
ENSG00000179564,LSMEM2,neutral,0.07484363636363636
ENSG00000179580,RNF151,gene-driven,0.08489590909090909
ENSG00000179639,FCER1A,neutral,0.021384090909090908
ENSG00000179715,PCED1B,neutral,0.00265
ENSG00000179813,FAM216B,neutral,0.04094
ENSG00000179817,MRGPRX4,neutral,0.00265
ENSG00000179869,,neutral,0.07767681818181818
ENSG00000179902,CFAP276,neutral,0.08654090909090909
ENSG00000179914,ITLN1,neutral,0.09869499999999999
ENSG00000179930,ZNF648,neutral,0.00265
ENSG00000179941,BBS10,neutral,0.02165818181818182
ENSG00000179988,PSTK,neutral,0.10911272727272728
ENSG00000180053,NKX2-6,neutral,0.08919090909090908
ENSG00000180098,TRNAU1AP,neutral,0.3774172727272727
ENSG00000180116,C12orf40,gene-driven,0.05163227272727272
ENSG00000180176,TH,neutral,0.2074422727272727
ENSG00000180185,FAHD1,gene-driven,0.00265
ENSG00000180198,RCC1,neutral,0.3153672727272727
ENSG00000180219,GARIN6,neutral,0.02047
ENSG00000180233,ZNRF2,neutral,0.22489681818181817
ENSG00000180251,SLC9A4,neutral,0.23631954545454545
ENSG00000180263,,neutral,0.19647636363636364
ENSG00000180316,PNPLA1,gene-driven,0.08599272727272726
ENSG00000180332,KCTD4,neutral,0.00265
ENSG00000180357,ZNF609,neutral,0.36635954545454547
ENSG00000180423,HARBI1,neutral,0.30458363636363633
ENSG00000180432,CYP8B1,neutral,0.00265
ENSG00000180481,GLIPR1L2,neutral,0.04048318181818182
ENSG00000180537,RNF182,neutral,0.00265
ENSG00000180549,FUT7,neutral,0.022571818181818182
ENSG00000180573,H2AC6,neutral,0.00265
ENSG00000180611,MB21D2,neutral,0.4333440909090909
ENSG00000180613,GSX2,neutral,0.08745454545454545
ENSG00000180628,PCGF5,gene-driven,0.4444931818181818
ENSG00000180638,SLC47A2,gene-driven,0.10143636363636363
ENSG00000180644,PRF1,gene-driven,0.034908636363636364
ENSG00000180660,MAB21L1,neutral,0.00265
ENSG00000180667,YOD1,neutral,0.12729818181818184
ENSG00000180697,C3orf22,neutral,0.024765
ENSG00000180730,SHISA2,neutral,0.25742954545454544
ENSG00000180745,CLRN3,neutral,0.07338136363636363
ENSG00000180758,GPR157,neutral,0.2651972727272727
ENSG00000180767,CHST13,neutral,0.24966181818181815
ENSG00000180773,SLC36A4,gene-driven,0.2460063636363636
ENSG00000180801,ARSJ,neutral,0.3071427272727273
ENSG00000180806,HOXC9,gene-driven,0.19601909090909092
ENSG00000180875,GREM2,neutral,0.00265
ENSG00000180878,C11orf42,neutral,0.08032681818181818
ENSG00000180881,CAPS2,gene-driven,0.1398181818181818
ENSG00000180934,OR56A1,neutral,0.00265
ENSG00000180938,ZNF572,neutral,0.02567909090909091
ENSG00000181072,CHRM2,neutral,0.00265
ENSG00000181085,MAPK15,neutral,0.07977863636363636
ENSG00000181092,ADIPOQ,gene-driven,0.09613636363636363
ENSG00000181104,F2R,neutral,0.14923045454545456
ENSG00000181135,ZNF707,gene-driven,0.027598181818181817
ENSG00000181218,H2AC25,neutral,0.00265
ENSG00000181220,ZNF746,neutral,0.060770454545454544
ENSG00000181234,TMEM132C,neutral,0.24125454545454544
ENSG00000181264,TLCD5,gene-driven,0.21868272727272725
ENSG00000181291,TMEM132E,neutral,0.2758890909090909
ENSG00000181333,HEPHL1,neutral,0.23567999999999997
ENSG00000181381,DDX60L,gene-driven,0.05866863636363636
ENSG00000181418,DDN,neutral,0.016997272727272725
ENSG00000181472,ZBTB2,neutral,0.317195
ENSG00000181541,MAB21L2,neutral,0.00265
ENSG00000181617,FDCSP,neutral,0.019007727272727273
ENSG00000181631,P2RY13,neutral,0.03865545454545455
ENSG00000181634,TNFSF15,neutral,0.11221999999999999
ENSG00000181652,ATG9B,neutral,0.13689363636363636
ENSG00000181690,PLAG1,regulation-driven,0.5901413636363636
ENSG00000181744,DIPK2A,neutral,0.4206418181818182
ENSG00000181754,AMIGO1,neutral,0.00265
ENSG00000181773,GPR3,neutral,0.00265
ENSG00000181778,TMEM252,neutral,0.05857727272727273
ENSG00000181790,ADGRB1,regulation-driven,0.3107981818181818
ENSG00000181817,LSM10,neutral,0.00265
ENSG00000181873,IBA57,neutral,0.11340772727272727
ENSG00000181904,C5orf24,neutral,0.00265
ENSG00000181982,CCDC149,neutral,0.26218136363636363
ENSG00000182010,RTKN2,neutral,0.18231181818181819
ENSG00000182054,IDH2,neutral,0.3731222727272727
ENSG00000182077,PTCHD3,neutral,0.06296363636363636
ENSG00000182117,NOP10,neutral,0.304675
ENSG00000182132,KCNIP1,regulation-driven,0.4451327272727273
ENSG00000182134,TDRKH,gene-driven (relaxed),0.12702409090909092
ENSG00000182168,UNC5C,neutral,0.38609863636363634
ENSG00000182179,UBA7,neutral,0.07475227272727272
ENSG00000182180,MRPS16,neutral,0.17673727272727272
ENSG00000182183,SHISAL2A,neutral,0.15316
ENSG00000182208,MOB2,neutral,0.3279781818181818
ENSG00000182223,ZAR1,neutral,0.080875
ENSG00000182263,FIGN,regulation-driven,0.4026390909090909
ENSG00000182271,TMIGD1,gene-driven,0.08718045454545455
ENSG00000182272,B4GALNT4,gene-driven,0.14959590909090908
ENSG00000182307,C8orf33,gene-driven,0.027689545454545453
ENSG00000182325,FBXL6,gene-driven,0.03637090909090909
ENSG00000182333,LIPF,gene-driven,0.10801636363636363
ENSG00000182348,ZNF804B,neutral,0.1243740909090909
ENSG00000182359,KBTBD3,gene-driven,0.21082363636363635
ENSG00000182372,CLN8,neutral,0.2354059090909091
ENSG00000182447,OTOL1,neutral,0.11212863636363636
ENSG00000182504,CEP97,neutral,0.18843454545454544
ENSG00000182533,CAV3,neutral,0.3762290909090909
ENSG00000182552,RWDD4,neutral,0.3457981818181818
ENSG00000182568,SATB1,gene-driven,0.4004459090909091
ENSG00000182645,CCDC172,neutral,0.1262931818181818
ENSG00000182685,BRICD5,gene-driven,0.04404727272727273
ENSG00000182698,RESP18,neutral,0.024947727272727274
ENSG00000182704,TSKU,gene-driven,0.00265
ENSG00000182732,RGS6,gene-driven,0.44019818181818177
ENSG00000182747,SLC35D3,neutral,0.10527454545454545
ENSG00000182752,PAPPA,regulation-driven,0.3463463636363636
ENSG00000182768,NGRN,neutral,0.06533954545454546
ENSG00000182771,GRID1,gene-driven,0.42594227272727275
ENSG00000182795,C1orf116,neutral,0.04276772727272728
ENSG00000182827,ACBD3,neutral,0.3577695454545455
ENSG00000182866,LCK,gene-driven,0.3032131818181818
ENSG00000182901,,regulation-driven,0.443945
ENSG00000182934,SRPRA,neutral,0.20396954545454543
ENSG00000182950,CIMAP1C,neutral,0.06479136363636363
ENSG00000183049,CAMK1D,neutral,0.42119
ENSG00000183090,FREM3,neutral,0.16165863636363637
ENSG00000183128,CALHM3,neutral,0.1817631818181818
ENSG00000183155,RABIF,neutral,0.3358372727272727
ENSG00000183166,CALN1,gene-driven,0.43261318181818176
ENSG00000183185,GABRR3,neutral,0.2218809090909091
ENSG00000183273,CCDC60,neutral,0.08197181818181817
ENSG00000183283,DAZAP2,gene-driven,0.2851190909090909
ENSG00000183317,EPHA10,neutral,0.20881318181818181
ENSG00000183323,CCDC125,gene-driven,0.11258545454545454
ENSG00000183324,REC114,neutral,0.08124045454545455
ENSG00000183347,GBP6,neutral,0.06579681818181818
ENSG00000183379,SYNDIG1L,neutral,0.178565
ENSG00000183386,FHL3,neutral,0.19620227272727273
ENSG00000183395,PMCH,neutral,0.07630590909090909
ENSG00000183396,TMEM89,neutral,0.028146363636363636
ENSG00000183423,LRIT3,neutral,0.16412636363636363
ENSG00000183508,TENT5C,gene-driven,0.00265
ENSG00000183513,COA5,neutral,0.24134590909090908
ENSG00000183520,UTP11,neutral,0.2793618181818182
ENSG00000183560,IZUMO1R,gene-driven,0.11103181818181818
ENSG00000183576,SETD3,neutral,0.39066772727272725
ENSG00000183578,TNFAIP8L3,neutral,0.3857331818181818
ENSG00000183580,FBXL7,regulation-driven,0.4405636363636363
ENSG00000183607,GKN2,gene-driven,0.07648863636363637
ENSG00000183615,FAM167B,neutral,0.12775545454545453
ENSG00000183621,,gene-driven,0.08964818181818182
ENSG00000183638,RP1L1,neutral,0.019282272727272728
ENSG00000183644,HOATZ,neutral,0.05382545454545454
ENSG00000183648,NDUFB1,gene-driven,0.21274272727272728
ENSG00000183715,OPCML,regulation-driven,0.3943231818181818
ENSG00000183722,LHFPL6,neutral,0.4392840909090909
ENSG00000183733,FIGLA,neutral,0.07584909090909091
ENSG00000183742,MACC1,gene-driven,0.1909931818181818
ENSG00000183751,TBL3,gene-driven,0.15562727272727273
ENSG00000183775,KCTD16,neutral,0.4316995454545454
ENSG00000183779,ZNF703,neutral,0.06278090909090908
ENSG00000183780,SLC35F3,neutral,0.4010854545454545
ENSG00000183807,FAM162B,neutral,0.08708909090909091
ENSG00000183813,CCR4,neutral,0.00265
ENSG00000183814,LIN9,gene-driven,0.41579863636363634
ENSG00000183831,ANKRD45,neutral,0.10152772727272727
ENSG00000183833,CFAP91,gene-driven,0.16540545454545455
ENSG00000183840,GPR39,neutral,0.20506636363636363
ENSG00000183856,IQGAP3,neutral,0.2402490909090909
ENSG00000183888,SRARP,neutral,0.030248181818181813
ENSG00000183908,LRRC55,gene-driven,0.1341522727272727
ENSG00000183960,KCNH8,neutral,0.36352681818181815
ENSG00000183977,PP2D1,neutral,0.04331636363636364
ENSG00000184108,TRIML1,neutral,0.05208909090909091
ENSG00000184163,C1QTNF12,gene-driven,0.06223272727272727
ENSG00000184209,SNRNP35,neutral,0.00265
ENSG00000184220,CMSS1,gene-driven,0.2204190909090909
ENSG00000184232,OAF,gene-driven,0.2902363636363636
ENSG00000184260,H2AC20,neutral,0.00265
ENSG00000184271,POU6F1,neutral,0.2607195454545454
ENSG00000184302,SIX6,neutral,0.2614504545454545
ENSG00000184305,CCSER1,neutral,0.20186772727272725
ENSG00000184307,ZDHHC23,neutral,0.24335636363636362
ENSG00000184344,GDF3,neutral,0.09248090909090909
ENSG00000184345,IQCF2,neutral,0.030522272727272728
ENSG00000184347,SLIT3,neutral,0.34369636363636363
ENSG00000184349,,regulation-driven,0.986200909090909
ENSG00000184357,H1-5,neutral,0.00265
ENSG00000184371,CSF1,gene-driven,0.054008181818181816
ENSG00000184374,COLEC10,neutral,0.2736959090909091
ENSG00000184378,ACTRT3,neutral,0.08416499999999999
ENSG00000184384,MAML2,neutral,0.17518363636363637
ENSG00000184434,LRRC19,neutral,0.07000045454545455
ENSG00000184445,KNTC1,neutral,0.20479227272727274
ENSG00000184454,NCMAP,neutral,0.1434731818181818
ENSG00000184500,PROS1,gene-driven,0.2031472727272727
ENSG00000184564,SLITRK6,neutral,0.00265
ENSG00000184574,LPAR5,gene-driven,0.00265
ENSG00000184584,STING1,neutral,0.06460863636363635
ENSG00000184601,C14orf180,neutral,0.03536590909090909
ENSG00000184611,KCNH7,regulation-driven,0.4051063636363636
ENSG00000184661,CDCA2,neutral,0.03883818181818182
ENSG00000184677,ZBTB40,neutral,0.15571863636363636
ENSG00000184719,RNLS,neutral,0.204975
ENSG00000184752,NDUFA12,neutral,0.3210331818181818
ENSG00000184786,DYNLT2,neutral,0.10481772727272727
ENSG00000184840,TMED9,neutral,0.2897795454545455
ENSG00000184845,DRD1,neutral,0.00265
ENSG00000184887,BTBD6,neutral,0.04560090909090909
ENSG00000184898,RBM43,neutral,0.04423
ENSG00000184903,IMMP2L,neutral,0.31244272727272726
ENSG00000184916,JAG2,neutral,0.21374772727272728
ENSG00000184923,NUTM2A,gene-driven,0.020104545454545455
ENSG00000184924,PTRHD1,neutral,0.19565363636363636
ENSG00000184925,LCN12,neutral,0.017637272727272727
ENSG00000184937,WT1,regulation-driven,0.33163363636363635
ENSG00000184945,AQP12A,gene-driven,0.07274181818181819
ENSG00000184992,BRI3BP,neutral,0.22836954545454544
ENSG00000185000,DGAT1,neutral,0.16019681818181816
ENSG00000185002,RFX6,neutral,0.3085131818181818
ENSG00000185009,AP3M1,neutral,0.4100413636363636
ENSG00000185024,BRF1,gene-driven,0.2568813636363636
ENSG00000185033,SEMA4B,gene-driven,0.1750009090909091
ENSG00000185043,CIB1,gene-driven,0.2598054545454545
ENSG00000185055,EFCAB10,neutral,0.06917772727272727
ENSG00000185069,KRT76,neutral,0.09321181818181817
ENSG00000185085,INTS5,neutral,0.11752
ENSG00000185090,MANEAL,neutral,0.21173727272727272
ENSG00000185100,ADSS1,neutral,0.42155590909090906
ENSG00000185104,FAF1,gene-driven,0.4104068181818182
ENSG00000185127,C6orf120,neutral,0.00265
ENSG00000185149,NPY2R,neutral,0.00265
ENSG00000185155,MIXL1,neutral,0.047885454545454544
ENSG00000185163,DDX51,neutral,0.10289863636363636
ENSG00000185176,AQP12B,neutral,0.10052272727272728
ENSG00000185219,ZNF445,neutral,0.024856363636363638
ENSG00000185220,PGBD2,gene-driven,0.04432136363636363
ENSG00000185238,PRMT3,regulation-driven,0.30010590909090906
ENSG00000185246,PRPF39,gene-driven,0.32523681818181815
ENSG00000185261,KIAA0825,gene-driven,0.16970045454545454
ENSG00000185267,CDNF,neutral,0.20981818181818182
ENSG00000185271,KLHL33,neutral,0.06725863636363635
ENSG00000185278,ZBTB37,neutral,0.3755895454545454
ENSG00000185305,ARL15,dual-driven,0.9648172727272727
ENSG00000185313,SCN10A,gene-driven,0.23366954545454544
ENSG00000185344,ATP6V0A2,neutral,0.335015
ENSG00000185352,HS6ST3,neutral,0.33410090909090906
ENSG00000185414,MRPL30,neutral,0.20296454545454543
ENSG00000185436,IFNLR1,neutral,0.035274545454545454
ENSG00000185467,KPNA7,gene-driven (relaxed),0.16010545454545452
ENSG00000185480,PARPBP,neutral,0.1534340909090909
ENSG00000185483,ROR1,regulation-driven,0.37257363636363633
ENSG00000185499,MUC1,gene-driven,0.038107272727272726
ENSG00000185518,SV2B,gene-driven,0.361425
ENSG00000185519,FAM131C,neutral,0.11669772727272726
ENSG00000185532,PRKG1,neutral,0.45189545454545454
ENSG00000185559,DLK1,gene-driven,0.17838227272727272
ENSG00000185585,OLFML2A,neutral,0.2807327272727273
ENSG00000185591,SP1,gene-driven,0.22809499999999996
ENSG00000185610,DBX2,neutral,0.148865
ENSG00000185614,INKA1,neutral,0.04761136363636364
ENSG00000185633,NDUFA4L2,gene-driven,0.19994863636363636
ENSG00000185634,SHC4,neutral,0.20598
ENSG00000185640,KRT79,gene-driven,0.12208954545454544
ENSG00000185652,NTF3,neutral,0.3675477272727273
ENSG00000185662,SMIM23,gene-driven,0.04194545454545454
ENSG00000185670,ZBTB3,gene-driven,0.00265
ENSG00000185697,MYBL1,regulation-driven,0.3149104545454545
ENSG00000185736,ADARB2,neutral,0.3444272727272727
ENSG00000185742,C11orf87,neutral,0.00265
ENSG00000185774,KCNIP4,neutral,0.43325272727272723
ENSG00000185798,WDR53,gene-driven,0.19035363636363634
ENSG00000185860,CCDC190,neutral,0.026044545454545456
ENSG00000185863,TMEM210,neutral,0.03006545454545454
ENSG00000185896,LAMP1,gene-driven,0.11578409090909089
ENSG00000185909,KLHDC8B,neutral,0.1553531818181818
ENSG00000185933,CALHM1,neutral,0.2107322727272727
ENSG00000185942,NKAIN3,neutral,0.3917645454545455
ENSG00000185989,RASA3,regulation-driven,0.41415363636363633
ENSG00000186007,LEMD1,gene-driven,0.032258636363636364
ENSG00000186009,ATP4B,neutral,0.2114631818181818
ENSG00000186038,HTR3E,gene-driven,0.08233727272727272
ENSG00000186073,CDIN1,regulation-driven,0.399715
ENSG00000186106,ANKRD46,neutral,0.42676454545454545
ENSG00000186130,ZBTB6,neutral,0.00265
ENSG00000186166,CENATAC,neutral,0.16659363636363636
ENSG00000186174,BCL9L,neutral,0.128395
ENSG00000186188,FFAR4,neutral,0.14740272727272727
ENSG00000186193,SAPCD2,neutral,0.09631909090909091
ENSG00000186197,EDARADD,gene-driven,0.225445
ENSG00000186198,SLC51B,neutral,0.049804545454545456
ENSG00000186231,KLHL32,neutral,0.41305681818181816
ENSG00000186265,BTLA,neutral,0.03079636363636364
ENSG00000186318,BACE1,gene-driven,0.40501499999999996
ENSG00000186334,SLC36A3,neutral,0.18267727272727274
ENSG00000186350,RXRA,regulation-driven,0.44239136363636367
ENSG00000186367,MINAR2,neutral,0.145575
ENSG00000186377,CYP4X1,neutral,0.12693272727272728
ENSG00000186442,KRT3,neutral,0.09019636363636363
ENSG00000186468,RPS23,neutral,0.4164381818181818
ENSG00000186479,RGS7BP,gene-driven,0.41013272727272726
ENSG00000186501,TMEM222,neutral,0.2963590909090909
ENSG00000186583,SPATC1,neutral,0.04267636363636364
ENSG00000186591,UBE2H,neutral,0.449885
ENSG00000186603,HPDL,neutral,0.00265
ENSG00000186638,KIF24,neutral,0.11039227272727273
ENSG00000186648,CARMIL3,regulation-driven,0.6781445454545454
ENSG00000186660,ZFP91,neutral,0.29763863636363636
ENSG00000186684,CYP27C1,neutral,0.20579727272727272
ENSG00000186687,LYRM7,neutral,0.18925681818181816
ENSG00000186710,CFAP73,neutral,0.060587727272727265
ENSG00000186766,FOXI2,neutral,0.06031363636363636
ENSG00000186795,KCNK18,neutral,0.11477863636363636
ENSG00000186827,TNFRSF4,neutral,0.03189318181818182
ENSG00000186854,TRABD2A,neutral,0.15151499999999998
ENSG00000186867,QRFPR,neutral,0.2717768181818182
ENSG00000186881,OR13F1,neutral,0.00265
ENSG00000186891,TNFRSF18,gene-driven,0.025770454545454544
ENSG00000186895,FGF3,neutral,0.2592572727272727
ENSG00000186907,RTN4RL2,neutral,0.16686772727272728
ENSG00000186908,ZDHHC17,regulation-driven,0.4491536363636363
ENSG00000186910,SERPINA11,neutral,0.08644954545454545
ENSG00000187003,ACTL7A,neutral,0.00265
ENSG00000187024,PTRH1,gene-driven,0.07987
ENSG00000187033,SAMD7,gene-driven,0.10043136363636364
ENSG00000187048,CYP4A11,neutral,0.14457
ENSG00000187049,TMEM216,gene-driven,0.21630681818181818
ENSG00000187054,TMPRSS11A,gene-driven,0.10938681818181818
ENSG00000187068,C3orf70,neutral,0.36261272727272725
ENSG00000187091,PLCD1,neutral,0.24527545454545455
ENSG00000187094,CCK,neutral,0.18605863636363637
ENSG00000187098,MITF,neutral,0.9513836363636363
ENSG00000187109,NAP1L1,gene-driven,0.43773090909090906
ENSG00000187118,CMC1,gene-driven,0.30696
ENSG00000187151,ANGPTL5,neutral,0.19492272727272725
ENSG00000187164,SHTN1,gene-driven,0.2131081818181818
ENSG00000187186,ENSG00000187186,gene-driven,0.054465
ENSG00000187258,NPSR1,gene-driven,0.20131954545454545
ENSG00000187260,WDR86,gene-driven,0.20945272727272726
ENSG00000187288,CIDEC,neutral,0.2052490909090909
ENSG00000187398,LUZP2,gene-driven,0.20662
ENSG00000187498,,gene-driven,0.26172454545454543
ENSG00000187527,ATP13A5,neutral,0.18377363636363636
ENSG00000187566,NHLRC1,neutral,0.00265
ENSG00000187583,PLEKHN1,gene-driven,0.03372090909090909
ENSG00000187605,,neutral,0.2278209090909091
ENSG00000187616,MYMK,neutral,0.4036445454545454
ENSG00000187642,PERM1,gene-driven,0.02439954545454545
ENSG00000187676,B3GLCT,neutral,0.2685786363636363
ENSG00000187713,TMEM203,neutral,0.00265
ENSG00000187715,KBTBD12,gene-driven,0.32706454545454544
ENSG00000187735,TCEA1,gene-driven,0.40273045454545453
ENSG00000187736,NHEJ1,gene-driven,0.10445227272727273
ENSG00000187778,MCRS1,gene-driven,0.3251454545454545
ENSG00000187783,TMEM72,neutral,0.13936090909090906
ENSG00000187796,CARD9,gene-driven,0.14913909090909092
ENSG00000187801,ZFP69B,gene-driven,0.03719318181818181
ENSG00000187806,TMEM202,neutral,0.03417772727272727
ENSG00000187821,HELT,neutral,0.17719409090909088
ENSG00000187833,C2orf78,neutral,0.033903636363636365
ENSG00000187862,TTC24,neutral,0.05958272727272727
ENSG00000187871,GFRAL,neutral,0.11441318181818182
ENSG00000187889,FYB2,neutral,0.048981818181818175
ENSG00000187954,ZFTRAF1,neutral,0.31609818181818183
ENSG00000187957,DNER,neutral,0.28502772727272724
ENSG00000188010,MORN2,neutral,0.1774681818181818
ENSG00000188015,S100A3,gene-driven,0.07557499999999999
ENSG00000188026,RILPL1,neutral,0.3441531818181818
ENSG00000188060,RAB42,gene-driven,0.10353818181818181
ENSG00000188089,PLA2G4E,neutral,0.11066636363636363
ENSG00000188112,C6orf132,neutral,0.050809545454545454
ENSG00000188133,TMEM215,neutral,0.00265
ENSG00000188175,HEPACAM2,gene-driven (relaxed),0.17737681818181816
ENSG00000188177,ZC3H6,neutral,0.2309281818181818
ENSG00000188191,PRKAR1B,neutral,0.42256090909090904
ENSG00000188199,NUTM2B,gene-driven,0.022023636363636363
ENSG00000188243,COMMD6,neutral,0.2995577272727273
ENSG00000188257,PLA2G2A,neutral,0.0015536363636363636
ENSG00000188277,C15orf62,neutral,0.00265
ENSG00000188282,RUFY4,neutral,0.05976545454545454
ENSG00000188306,LRRIQ4,gene-driven,0.06780727272727273
ENSG00000188312,CENPP,neutral,0.08672363636363635
ENSG00000188342,GTF2F2,neutral,0.402365
ENSG00000188393,CLEC2A,neutral,0.0021018181818181817
ENSG00000188467,SLC24A5,neutral,0.2951713636363636
ENSG00000188487,INSC,regulation-driven,0.3622472727272727
ENSG00000188522,FAM83G,gene-driven,0.1898963636363636
ENSG00000188523,CFAP77,neutral,0.12236363636363635
ENSG00000188529,SRSF10,neutral,0.3228609090909091
ENSG00000188610,FAM72B,gene-driven,0.3578609090909091
ENSG00000188611,ASAH2,gene-driven,0.231385
ENSG00000188620,HMX3,neutral,0.06817272727272727
ENSG00000188643,S100A16,neutral,0.06890363636363636
ENSG00000188676,IDO2,neutral,0.15206363636363637
ENSG00000188690,UROS,neutral,0.14338181818181817
ENSG00000188716,DUSP29,neutral,0.2290090909090909
ENSG00000188729,OSTN,neutral,0.15919136363636363
ENSG00000188730,VWC2,neutral,0.35036727272727275
ENSG00000188732,FAM221A,neutral,0.24728590909090908
ENSG00000188760,TMEM198,neutral,0.2381472727272727
ENSG00000188761,BCL2L15,neutral,0.05017
ENSG00000188778,ADRB3,neutral,0.08699772727272727
ENSG00000188779,SKOR1,neutral,0.10015727272727272
ENSG00000188782,CATSPER4,neutral,0.069635
ENSG00000188783,PRELP,neutral,0.16101909090909092
ENSG00000188784,PLA2G2E,neutral,0.0946740909090909
ENSG00000188786,MTF1,neutral,0.32651590909090905
ENSG00000188800,TMCO2,neutral,0.07265045454545455
ENSG00000188811,NHLRC3,neutral,0.2407063636363636
ENSG00000188816,HMX2,neutral,0.14109727272727274
ENSG00000188848,BEND4,regulation-driven,0.8312131818181818
ENSG00000188909,BSX,neutral,0.28283454545454545
ENSG00000188916,INSYN2A,neutral,0.22910045454545455
ENSG00000188921,HACD4,neutral,0.21256
ENSG00000188931,CFAP126,neutral,0.09184136363636364
ENSG00000188959,C9orf152,neutral,0.04130590909090909
ENSG00000188981,MSANTD1,neutral,0.3456154545454545
ENSG00000188986,NELFB,neutral,0.3488136363636364
ENSG00000188991,SLC15A5,neutral,0.16339499999999998
ENSG00000188993,LRRC66,gene-driven,0.021201363636363633
ENSG00000189007,ADAT2,neutral,0.260445
ENSG00000189043,NDUFA4,neutral,0.18057545454545454
ENSG00000189046,ALKBH2,neutral,0.160745
ENSG00000189099,PRSS48,neutral,0.03691909090909091
ENSG00000189143,CLDN4,neutral,0.00265
ENSG00000189167,ZAR1L,neutral,0.09385181818181818
ENSG00000189171,S100A13,neutral,0.13195909090909091
ENSG00000189180,ZNF33A,neutral,0.036553636363636365
ENSG00000189184,PCDH18,neutral,0.21210272727272725
ENSG00000189227,C15orf61,neutral,0.24628045454545452
ENSG00000189241,TSPYL1,neutral,0.00265
ENSG00000189298,ZKSCAN3,gene-driven,0.03929545454545454
ENSG00000189308,LIN54,neutral,0.3771431818181818
ENSG00000189319,FAM53B,neutral,0.18441363636363636
ENSG00000189320,FAM180A,gene-driven,0.20058863636363636
ENSG00000189325,BNIP5,neutral,0.027049545454545455
ENSG00000189339,SLC35E2B,neutral,0.29645045454545454
ENSG00000189350,TOGARAM2,neutral,0.10573181818181818
ENSG00000189376,C8orf76,neutral,0.09604499999999999
ENSG00000189410,SH2D5,neutral,0.11724590909090908
ENSG00000189433,GJB4,neutral,0.00265
ENSG00000196116,TDRD7,neutral,0.21027545454545454
ENSG00000196151,WDSUB1,neutral,0.278265
ENSG00000196152,ZNF79,neutral,0.056749545454545455
ENSG00000196154,S100A4,gene-driven,0.15069272727272726
ENSG00000196177,ACADSB,neutral,0.3094272727272727
ENSG00000196182,STK40,neutral,0.43553772727272727
ENSG00000196189,SEMA4A,gene-driven,0.12711545454545456
ENSG00000196199,MPHOSPH8,neutral,0.22727272727272727
ENSG00000196220,,regulation-driven,0.4253022727272727
ENSG00000196230,TUBB,gene-driven,0.33857863636363633
ENSG00000196247,ZNF107,gene-driven,0.00018272727272727272
ENSG00000196260,SFTA2,gene-driven,0.04167136363636363
ENSG00000196277,GRM7,neutral,0.9743209090909091
ENSG00000196284,SUPT3H,neutral,0.3522863636363636
ENSG00000196329,GIMAP5,gene-driven,0.01754590909090909
ENSG00000196345,ZKSCAN7,gene-driven,0.03874681818181818
ENSG00000196353,CPNE4,neutral,0.43544636363636363
ENSG00000196358,NTNG2,regulation-driven,0.41771772727272727
ENSG00000196372,ASB13,gene-driven,0.2954454545454545
ENSG00000196376,SLC35F1,neutral,0.34662045454545454
ENSG00000196378,ZNF34,neutral,0.0010049999999999998
ENSG00000196387,ZNF140,gene-driven,0.05007863636363636
ENSG00000196408,NOXO1,gene-driven,0.028329090909090908
ENSG00000196420,S100A5,gene-driven,0.1298572727272727
ENSG00000196449,YRDC,neutral,0.13442636363636362
ENSG00000196453,ZNF777,neutral,0.10637136363636364
ENSG00000196458,ZNF605,neutral,0.03856409090909091
ENSG00000196465,MYL6B,gene-driven,0.18678954545454546
ENSG00000196482,ESRRG,regulation-driven,0.9974413636363636
ENSG00000196503,ARL9,gene-driven,0.13506590909090907
ENSG00000196504,PRPF40A,neutral,0.3662681818181818
ENSG00000196505,GDAP2,gene-driven,0.38344863636363635
ENSG00000196526,AFAP1,neutral,0.3227690909090909
ENSG00000196547,MAN2A2,gene-driven,0.28987090909090907
ENSG00000196581,AJAP1,neutral,0.2371422727272727
ENSG00000196584,XRCC2,gene-driven,0.181215
ENSG00000196611,MMP1,neutral,0.0920240909090909
ENSG00000196652,ZKSCAN5,neutral,0.05967409090909091
ENSG00000196653,ZNF502,neutral,0.02065272727272727
ENSG00000196655,TRAPPC4,neutral,0.3962422727272727
ENSG00000196660,SLC30A10,neutral,0.12684136363636364
ENSG00000196663,TECPR2,regulation-driven,0.2810981818181818
ENSG00000196666,FAM180B,neutral,0.04770272727272727
ENSG00000196711,ALKAL1,neutral,0.10829045454545455
ENSG00000196715,VKORC1L1,neutral,0.3563986363636364
ENSG00000196754,S100A2,neutral,0.10125363636363637
ENSG00000196776,CD47,neutral,0.0863581818181818
ENSG00000196781,TLE1,gene-driven,0.443305
ENSG00000196811,CHRNG,neutral,0.16257272727272726
ENSG00000196812,ZSCAN16,neutral,0.02586181818181818
ENSG00000196821,ILRUN,regulation-driven,0.43965
ENSG00000196843,ARID5A,neutral,0.08855136363636362
ENSG00000196844,PATE2,neutral,0.03097909090909091
ENSG00000196850,PPTC7,neutral,0.43352727272727276
ENSG00000196865,NHLRC2,neutral,0.30997545454545455
ENSG00000196890,H2BC26,neutral,0.00265
ENSG00000196911,KPNA5,neutral,0.40099409090909094
ENSG00000196923,PDLIM7,neutral,0.28347409090909087
ENSG00000196932,TMEM26,gene-driven,0.1791131818181818
ENSG00000196950,SLC39A10,neutral,0.27040590909090906
ENSG00000196968,FUT11,neutral,0.1292172727272727
ENSG00000196981,WDR5B,neutral,0.00265
ENSG00000196990,FAM163B,gene-driven,0.17810818181818183
ENSG00000197024,ZNF398,gene-driven,0.04688
ENSG00000197037,ZSCAN25,neutral,0.050992272727272726
ENSG00000197045,GMFB,gene-driven,0.4128740909090909
ENSG00000197057,DTHD1,neutral,0.11605818181818181
ENSG00000197106,SLC6A17,regulation-driven,0.39441454545454546
ENSG00000197136,,neutral,0.20799045454545453
ENSG00000197142,ACSL5,gene-driven,0.3033959090909091
ENSG00000197168,NEK5,neutral,0.11642363636363637
ENSG00000197181,PIWIL2,neutral,0.2587090909090909
ENSG00000197191,CYSRT1,neutral,0.00265
ENSG00000197208,SLC22A4,neutral,0.21164590909090908
ENSG00000197241,SLC2A7,neutral,0.1459409090909091
ENSG00000197273,GUCA2A,neutral,0.046697272727272726
ENSG00000197279,ZNF165,gene-driven,0.024490909090909087
ENSG00000197299,,neutral,0.18304272727272727
ENSG00000197329,PELI1,neutral,0.40227363636363633
ENSG00000197345,MRPL21,gene-driven,0.20159363636363636
ENSG00000197353,LYPD2,neutral,0.049347727272727265
ENSG00000197355,UAP1L1,gene-driven,0.13908681818181817
ENSG00000197361,FBXL22,neutral,0.210915
ENSG00000197362,ZNF786,neutral,0.01809409090909091
ENSG00000197375,SLC22A5,neutral,0.2061631818181818
ENSG00000197429,IPP,regulation-driven,0.3860072727272727
ENSG00000197430,OPALIN,neutral,0.07091409090909091
ENSG00000197442,MAP3K5,regulation-driven,0.37549818181818184
ENSG00000197444,OGDHL,regulation-driven,0.34917954545454544
ENSG00000197451,HNRNPAB,neutral,0.32094181818181816
ENSG00000197506,SLC28A3,neutral,0.208265
ENSG00000197557,IFT70A,neutral,0.00265
ENSG00000197579,TOPORS,neutral,0.12081
ENSG00000197587,DMBX1,neutral,0.3114377272727272
ENSG00000197599,CCDC154,neutral,0.03938681818181818
ENSG00000197622,CDC42SE1,neutral,0.24554954545454546
ENSG00000197629,MPEG1,neutral,0.00265
ENSG00000197635,DPP4,gene-driven,0.22434863636363633
ENSG00000197646,PDCD1LG2,neutral,0.04532681818181818
ENSG00000197724,PHF2,neutral,0.37367045454545456
ENSG00000197747,S100A10,neutral,0.19300363636363635
ENSG00000197756,RPL37A,gene-driven,0.45262636363636366
ENSG00000197763,TXNRD3,neutral,0.28630681818181813
ENSG00000197769,MAP1LC3C,neutral,0.15763772727272726
ENSG00000197771,MCMBP,neutral,0.3437877272727273
ENSG00000197780,TAF13,gene-driven,0.41589
ENSG00000197816,CCDC180,neutral,0.07393000000000001
ENSG00000197822,OCLN,gene-driven,0.19985727272727272
ENSG00000197859,ADAMTSL2,gene-driven,0.348905
ENSG00000197885,NKIRAS1,neutral,0.3467118181818182
ENSG00000197891,SLC22A12,neutral,0.0649740909090909
ENSG00000197894,ADH5,gene-driven,0.2646490909090909
ENSG00000197901,SLC22A6,neutral,0.11806863636363636
ENSG00000197930,ERO1A,gene-driven,0.3015681818181818
ENSG00000197935,ZNF311,neutral,0.021475454545454548
ENSG00000197953,AADACL2,neutral,0.1113059090909091
ENSG00000197956,S100A6,gene-driven,0.061044545454545455
ENSG00000197958,RPL12,gene-driven,0.3874695454545454
ENSG00000197977,ELOVL2,neutral,0.3287090909090909
ENSG00000197980,LEKR1,neutral,0.12163227272727273
ENSG00000197992,CLEC9A,neutral,0.03746772727272727
ENSG00000198015,MRPL42,neutral,0.21667227272727274
ENSG00000198040,ZNF84,gene-driven,0.054099545454545456
ENSG00000198049,AVPR1B,neutral,0.17655454545454544
ENSG00000198060,MARCHF5,neutral,0.4504331818181818
ENSG00000198075,SULT1C4,neutral,0.11733727272727272
ENSG00000198087,CD2AP,neutral,0.23970090909090908
ENSG00000198092,TMPRSS11F,gene-driven,0.1053659090909091
ENSG00000198099,ADH4,neutral,0.11660636363636362
ENSG00000198113,TOR4A,neutral,0.00265
ENSG00000198121,LPAR1,gene-driven,0.44275681818181817
ENSG00000198160,MIER1,gene-driven,0.3553022727272727
ENSG00000198189,HSD17B11,neutral,0.16348636363636362
ENSG00000198218,QRICH1,neutral,0.40117681818181816
ENSG00000198246,SLC29A3,neutral,0.7746463636363636
ENSG00000198252,STYX,gene-driven,0.42109863636363637
ENSG00000198315,ZKSCAN8,neutral,0.05190636363636364
ENSG00000198353,HOXC4,gene-driven,0.03838136363636364
ENSG00000198380,GFPT1,gene-driven,0.40967590909090906
ENSG00000198382,UVRAG,gene-driven,0.3180172727272727
ENSG00000198393,ZNF26,gene-driven,0.053276818181818175
ENSG00000198398,TMEM207,neutral,0.061501818181818185
ENSG00000198431,TXNRD1,regulation-driven,0.3097927272727273
ENSG00000198471,RTP2,neutral,0.08471318181818181
ENSG00000198478,SH3BGRL2,neutral,0.34278227272727274
ENSG00000198513,ATL1,gene-driven,0.4291404545454545
ENSG00000198515,CNGA1,neutral,0.2573381818181818
ENSG00000198522,GPN1,neutral,0.32788681818181814
ENSG00000198546,ZNF511,neutral,0.13780772727272725
ENSG00000198570,RD3,gene-driven,0.2101840909090909
ENSG00000198586,TLK1,neutral,0.44412772727272726
ENSG00000198589,LRBA,gene-driven,0.36105954545454544
ENSG00000198598,MMP17,neutral,0.2522204545454545
ENSG00000198604,BAZ1A,regulation-driven,0.30220772727272727
ENSG00000198643,FAM3D,neutral,0.14804272727272727
ENSG00000198663,C6orf89,neutral,0.1542568181818182
ENSG00000198682,PAPSS2,regulation-driven,0.38025
ENSG00000198691,ABCA4,neutral,0.2882259090909091
ENSG00000198700,IPO9,regulation-driven,0.426125
ENSG00000198718,,gene-driven,0.1831340909090909
ENSG00000198719,DLL1,neutral,0.19254681818181818
ENSG00000198728,LDB1,gene-driven,0.42649045454545453
ENSG00000198729,PPP1R14C,neutral,0.25295181818181817
ENSG00000198732,SMOC1,neutral,0.3976131818181818
ENSG00000198739,LRRTM3,neutral,0.39477999999999996
ENSG00000198742,SMURF1,regulation-driven,0.4352631818181818
ENSG00000198746,GPATCH3,gene-driven,0.17591454545454546
ENSG00000198755,RPL10A,neutral,0.32688181818181816
ENSG00000198756,COLGALT2,neutral,0.3135395454545455
ENSG00000198771,RCSD1,neutral,0.08836863636363636
ENSG00000198774,RASSF9,neutral,0.1804840909090909
ENSG00000198785,GRIN3A,neutral,0.328435
ENSG00000198797,BRINP2,neutral,0.31637227272727275
ENSG00000198805,PNP,neutral,0.22014454545454545
ENSG00000198818,SFT2D1,neutral,0.2544136363636364
ENSG00000198821,CD247,neutral,0.14365590909090908
ENSG00000198829,SUCNR1,neutral,0.04998727272727273
ENSG00000198837,DENND4B,gene-driven,0.1591
ENSG00000198842,STYXL2,neutral,0.18459636363636361
ENSG00000198843,SELENOT,neutral,0.4196368181818182
ENSG00000198846,TOX,neutral,0.3892059090909091
ENSG00000198851,CD3E,neutral,0.04057454545454545
ENSG00000198853,RUSC2,neutral,0.14182863636363635
ENSG00000198865,CCDC152,gene-driven,0.13634545454545455
ENSG00000198870,STKLD1,neutral,0.06415181818181818
ENSG00000198873,GRK5,neutral,0.41104636363636365
ENSG00000198890,PRMT6,neutral,0.00265
ENSG00000198892,SHISA4,neutral,0.14310772727272725
ENSG00000198894,CIPC,neutral,0.12126681818181817
ENSG00000198912,C1orf174,neutral,0.06552272727272727
ENSG00000198924,DCLRE1A,neutral,0.10691954545454545
ENSG00000198937,CCDC167,neutral,0.13186772727272728
ENSG00000198948,MFAP3L,neutral,0.2667509090909091
ENSG00000198952,SMG5,regulation-driven,0.3513727272727273
ENSG00000198961,PJA2,neutral,0.13826454545454545
ENSG00000198963,RORB,regulation-driven,0.4286836363636364
ENSG00000203666,EFCAB2,gene-driven,0.24609772727272725
ENSG00000203667,COX20,neutral,0.24152863636363636
ENSG00000203685,STUM,neutral,0.3884745454545454
ENSG00000203740,NTMT2,neutral,0.3075081818181818
ENSG00000203760,CENPW,gene-driven,0.11688045454545454
ENSG00000203778,FAM229B,neutral,0.11761136363636364
ENSG00000203780,FANK1,neutral,0.16705045454545453
ENSG00000203795,FAM24A,neutral,0.0019190909090909091
ENSG00000203797,DDO,neutral,0.22032772727272726
ENSG00000203805,PLPP4,neutral,0.4378222727272727
ENSG00000203814,H2BC18,neutral,0.00265
ENSG00000203837,PNLIPRP3,neutral,0.06789863636363637
ENSG00000203872,C6orf163,neutral,0.09001363636363637
ENSG00000203908,KHDC3L,neutral,0.019556363636363636
ENSG00000203909,DPPA5,neutral,0.04158
ENSG00000203943,SAMD13,neutral,0.4204590909090909
ENSG00000203970,DEFB110,neutral,0.06981772727272728
ENSG00000203972,GLYATL3,gene-driven,0.09257227272727273
ENSG00000203985,LDLRAD1,neutral,0.1177031818181818
ENSG00000203995,ZYG11A,neutral,0.23741636363636362
ENSG00000204001,LCN8,neutral,0.039569545454545454
ENSG00000204006,C1orf185,neutral,0.06195863636363637
ENSG00000204020,LIPN,neutral,0.13543136363636363
ENSG00000204021,LIPK,neutral,0.13735045454545455
ENSG00000204033,LRIT2,neutral,0.07182818181818182
ENSG00000204052,LRRC73,neutral,0.22325181818181816
ENSG00000204084,INPP5B,neutral,0.2579777272727273
ENSG00000204104,TRAF3IP1,gene-driven,0.1643090909090909
ENSG00000204140,CLPSL1,neutral,0.0018277272727272728
ENSG00000204147,ASAH2B,gene-driven,0.14758545454545452
ENSG00000204178,MACO1,regulation-driven,0.43919272727272723
ENSG00000204217,BMPR2,regulation-driven,0.3971559090909091
ENSG00000204219,TCEA3,dual-driven,0.8589027272727272
ENSG00000204220,PFDN6,neutral,0.17682863636363635
ENSG00000204227,RING1,neutral,0.1680559090909091
ENSG00000204228,HSD17B8,neutral,0.08581
ENSG00000204231,RXRB,neutral,0.22242954545454544
ENSG00000204334,ERICH2,gene-driven,0.030705
ENSG00000204335,SP5,neutral,0.05355136363636363
ENSG00000204361,NXPE2,neutral,0.061135909090909095
ENSG00000204370,SDHD,gene-driven,0.23184181818181815
ENSG00000204381,LAYN,neutral,0.1857840909090909
ENSG00000204442,NALF1,neutral,0.34991045454545455
ENSG00000204531,POU5F1,neutral,0.14118863636363635
ENSG00000204536,CCHCR1,gene-driven,0.07146272727272727
ENSG00000204539,CDSN,neutral,0.04496090909090909
ENSG00000204542,C6orf15,neutral,0.018185454545454546
ENSG00000204568,MRPS18B,neutral,0.13552272727272727
ENSG00000204569,PPP1R10,neutral,0.1507840909090909
ENSG00000204576,PRR3,neutral,0.0944
ENSG00000204590,GNL1,neutral,0.19775545454545454
ENSG00000204592,HLA-E,neutral,0.028237727272727272
ENSG00000204613,TRIM10,neutral,0.06872090909090908
ENSG00000204614,TRIM40,gene-driven,0.02906
ENSG00000204618,RNF39,neutral,0.051815
ENSG00000204619,PPP1R11,neutral,0.2122859090909091
ENSG00000204624,DISP3,neutral,0.2919727272727273
ENSG00000204628,RACK1,gene-driven,0.4316081818181818
ENSG00000204634,TBC1D8,regulation-driven,0.2981868181818182
ENSG00000204671,IL31,neutral,0.0010968181818181819
ENSG00000204710,SPDYC,gene-driven,0.04139727272727273
ENSG00000204711,CFAP95,neutral,0.07813363636363636
ENSG00000204767,INSYN2B,neutral,0.12218090909090908
ENSG00000204822,MRPL53,neutral,0.04112272727272727
ENSG00000204856,FAM216A,neutral,0.08279409090909091
ENSG00000204899,MZT1,neutral,0.3666336363636364
ENSG00000204909,SPINK9,neutral,0.02238909090909091
ENSG00000204923,FBXO48,neutral,0.0633290909090909
ENSG00000204954,UQCC6,neutral,0.19912636363636363
ENSG00000204979,MS4A13,neutral,0.032441363636363636
ENSG00000205002,AARD,neutral,0.02284590909090909
ENSG00000205060,SLC35B4,neutral,0.35091545454545453
ENSG00000205085,GARIN1A,neutral,0.07968727272727272
ENSG00000205089,CCNI2,neutral,0.04660590909090909
ENSG00000205090,TMEM240,neutral,0.2695836363636363
ENSG00000205126,ACCSL,neutral,0.0973240909090909
ENSG00000205143,ARID3C,gene-driven,0.12473954545454544
ENSG00000205186,FABP9,neutral,0.12409999999999999
ENSG00000205189,ZBTB10,regulation-driven,0.3130827272727273
ENSG00000205208,C4orf46,neutral,0.09951727272727272
ENSG00000205213,LGR4,regulation-driven,0.30632
ENSG00000205269,TMEM170B,neutral,0.4134227272727272
ENSG00000205307,,gene-driven,0.020378636363636363
ENSG00000205352,PRR13,gene-driven,0.07941272727272727
ENSG00000205359,SLCO6A1,neutral,0.025313636363636365
ENSG00000205363,INSYN1,neutral,0.2471031818181818
ENSG00000205403,CFI,neutral,0.11550954545454545
ENSG00000205426,KRT81,neutral,0.12903454545454546
ENSG00000205436,EXOC3L4,gene-driven,0.037924545454545454
ENSG00000205442,IZUMO3,gene-driven,0.049713181818181816
ENSG00000205476,CCDC85C,neutral,0.31555
ENSG00000205639,MFSD2B,neutral,0.14731136363636363
ENSG00000205659,LIN52,neutral,0.43060272727272725
ENSG00000205683,DPF3,regulation-driven,0.4145190909090909
ENSG00000205707,ETFRF1,gene-driven,0.046423181818181815
ENSG00000205835,GMNC,gene-driven,0.14950454545454545
ENSG00000205838,TTC23L,gene-driven,0.07703681818181818
ENSG00000205858,LRRC72,neutral,0.09175
ENSG00000205937,RNPS1,gene-driven,0.366725
ENSG00000205978,NYNRIN,neutral,0.05684090909090909
ENSG00000205981,DNAJC19,gene-driven,0.3529259090909091
ENSG00000206013,IFITM5,neutral,0.11843409090909089
ENSG00000206047,DEFA1,neutral,0.0008222727272727273
ENSG00000206113,CFAP99,neutral,0.10134499999999999
ENSG00000206199,ANKUB1,neutral,0.11276818181818182
ENSG00000206527,HACD2,neutral,0.39194727272727276
ENSG00000206530,CFAP44,neutral,0.14584954545454545
ENSG00000206535,LNP1,neutral,0.08772909090909091
ENSG00000206557,TRIM71,neutral,0.36306999999999995
ENSG00000206560,ANKRD28,neutral,0.43087681818181817
ENSG00000206562,METTL6,neutral,0.33008
ENSG00000211452,DIO1,gene-driven,0.1890740909090909
ENSG00000211456,SACM1L,neutral,0.4143363636363636
ENSG00000211460,TSN,neutral,0.3882918181818181
ENSG00000211598,IGKV4-1,neutral,0.03262409090909091
ENSG00000211801,TRAV21,neutral,0.018642272727272726
ENSG00000211812,TRAV26-2,neutral,0.028054999999999997
ENSG00000211973,IGHV1-69,neutral,0.01782
ENSG00000212126,TAS2R50,neutral,0.00265
ENSG00000212128,TAS2R13,neutral,0.00265
ENSG00000213064,SFT2D2,neutral,0.26245545454545455
ENSG00000213079,,regulation-driven,0.3552109090909091
ENSG00000213123,DYNLT2B,neutral,0.17664590909090908
ENSG00000213139,CRYGS,neutral,0.2894140909090909
ENSG00000213231,TCL1B,neutral,0.0005481818181818182
ENSG00000213281,NRAS,neutral,0.4265818181818182
ENSG00000213316,LTC4S,gene-driven,0.09567954545454545
ENSG00000213341,CHUK,neutral,0.331725
ENSG00000213402,PTPRCAP,neutral,0.03198454545454545
ENSG00000213445,SIPA1,neutral,0.09860363636363637
ENSG00000213463,SYNJ2BP,neutral,0.1985781818181818
ENSG00000213471,TTLL13,neutral,0.17207681818181816
ENSG00000213551,DNAJC9,neutral,0.18569272727272726
ENSG00000213563,C8orf82,gene-driven,0.08069227272727272
ENSG00000213578,CPLX3,neutral,0.2991009090909091
ENSG00000213593,TMX2,neutral,0.37111181818181815
ENSG00000213614,HEXA,gene-driven,0.23037999999999997
ENSG00000213625,LEPROT,gene-driven,0.3702890909090909
ENSG00000213626,LBH,gene-driven,0.37750863636363635
ENSG00000213639,PPP1CB,neutral,0.45271772727272724
ENSG00000213694,S1PR3,neutral,0.00265
ENSG00000213699,SLC35F6,neutral,0.3235918181818182
ENSG00000213780,GTF2H4,neutral,0.2616331818181818
ENSG00000213809,KLRK1,neutral,0.03892954545454545
ENSG00000213927,CCL27,neutral,0.028785909090909088
ENSG00000213949,ITGA1,neutral,0.25176363636363636
ENSG00000213995,NAXD,neutral,0.2916072727272727
ENSG00000214128,TMEM213,neutral,0.10216772727272727
ENSG00000214160,ALG3,gene-driven,0.2822859090909091
ENSG00000214237,MINDY4B,neutral,0.140275
ENSG00000214285,NPS,neutral,0.09906045454545453
ENSG00000214336,FOXI3,neutral,0.12227227272727272
ENSG00000214338,SOGA3,neutral,0.2728736363636364
ENSG00000214357,NEURL1B,neutral,0.33985818181818184
ENSG00000214360,EFCAB9,neutral,0.10746772727272727
ENSG00000214415,GNAT3,neutral,0.38363136363636363
ENSG00000214513,NOTO,neutral,0.04578363636363636
ENSG00000214517,PPME1,neutral,0.4212813636363636
ENSG00000214595,EML6,regulation-driven,0.4154331818181818
ENSG00000214681,IQCF5,neutral,0.05519590909090909
ENSG00000214700,C12orf71,neutral,0.01964772727272727
ENSG00000214711,CAPN14,neutral,0.11834272727272725
ENSG00000214756,CSKMT,neutral,0.0445040909090909
ENSG00000214782,MS4A18,neutral,0.002375909090909091
ENSG00000214814,,regulation-driven,0.2855759090909091
ENSG00000214842,RAD51AP2,neutral,0.018002727272727274
ENSG00000214866,DCDC2C,neutral,0.07575772727272727
ENSG00000214872,SMTNL1,neutral,0.05848590909090909
ENSG00000214960,CRPPA,neutral,0.1645831818181818
ENSG00000215009,ACSM4,neutral,0.18395636363636364
ENSG00000215018,COL28A1,gene-driven,0.11825136363636364
ENSG00000215021,PHB2,neutral,0.346255
ENSG00000215183,MSMP,neutral,0.10554863636363636
ENSG00000215187,CIMIP2B,neutral,0.049530454545454544
ENSG00000215203,GRXCR1,neutral,0.40172545454545455
ENSG00000215217,CFAP90,neutral,0.10070545454545454
ENSG00000215277,RNF212B,gene-driven,0.11304227272727273
ENSG00000215375,MYL5,neutral,0.11496136363636364
ENSG00000215475,SIAH3,neutral,0.31472727272727274
ENSG00000215712,TMEM242,neutral,0.22060181818181818
ENSG00000215784,FAM72D,neutral,0.35923181818181815
ENSG00000215845,TSTD1,neutral,0.08023545454545454
ENSG00000215883,CYB5RL,neutral,0.16357772727272726
ENSG00000215906,LACTBL1,gene-driven,0.2335781818181818
ENSG00000218739,CEBPZOS,gene-driven,0.16851272727272726
ENSG00000219545,UMAD1,neutral,0.1321418181818182
ENSG00000219626,FAM228B,gene-driven,0.07210227272727272
ENSG00000221818,EBF2,gene-driven,0.4323390909090909
ENSG00000221838,AP4M1,neutral,0.1631209090909091
ENSG00000221886,FAM200C,neutral,0.00265
ENSG00000221914,PPP2R2A,gene-driven,0.45216954545454546
ENSG00000221947,XKR9,neutral,0.12428272727272727
ENSG00000221978,CCNL2,neutral,0.23001409090909092
ENSG00000221986,MYBPHL,neutral,0.16467454545454543
ENSG00000222009,BTBD19,gene-driven,0.10883863636363636
ENSG00000223501,VPS52,neutral,0.3133568181818182
ENSG00000223865,HLA-DPB1,neutral,0.0418540909090909
ENSG00000224531,SMIM13,neutral,0.23686818181818178
ENSG00000224586,GPX5,neutral,0.19446590909090908
ENSG00000224982,TMEM233,neutral,0.2249881818181818
ENSG00000225526,MKRN2OS,neutral,0.11395636363636362
ENSG00000225828,FAM229A,neutral,0.045875
ENSG00000226124,FTCDNL1,neutral,0.060953181818181816
ENSG00000226479,TMEM185B,gene-driven,0.00265
ENSG00000227729,RD3L,neutral,0.04797681818181818
ENSG00000228474,OST4,neutral,0.00265
ENSG00000228570,NUTM2E,gene-driven,0.021292727272727272
ENSG00000229183,PGA4,neutral,0.08334227272727272
ENSG00000229474,PATL2,neutral,0.11368227272727273
ENSG00000229972,IQCF3,neutral,0.020744090909090906
ENSG00000230124,ACBD6,neutral,0.2386959090909091
ENSG00000230246,SPATA31C1,neutral,0.017088636363636365
ENSG00000231213,PLSCR5,neutral,0.24235090909090906
ENSG00000231925,TAPBP,gene-driven,0.058120454545454545
ENSG00000232070,TMEM253,gene-driven (relaxed),0.04039181818181818
ENSG00000232112,TMA7,neutral,0.3648059090909091
ENSG00000233276,GPX1,neutral,0.07173681818181818
ENSG00000233436,BTBD18,neutral,0.05263727272727273
ENSG00000234602,MCIDAS,neutral,0.10161954545454546
ENSG00000235169,SMIM1,neutral,0.062049999999999994
ENSG00000235173,HGH1,gene-driven,0.029243181818181817
ENSG00000235376,RPEL1,neutral,0.00265
ENSG00000236027,PATE3,neutral,0.028420454545454544
ENSG00000236279,CLEC2L,neutral,0.09805545454545454
ENSG00000236287,ZBED5,neutral,0.00265
ENSG00000236320,SLFN14,neutral,0.052180454545454544
ENSG00000236699,ARHGEF38,gene-driven,0.25450545454545453
ENSG00000236980,C3orf84,gene-driven,0.08188045454545453
ENSG00000237136,C4orf51,neutral,0.024673636363636363
ENSG00000237190,CDKN2AIPNL,neutral,0.17728545454545452
ENSG00000237289,CKMT1B,gene-driven,0.2582518181818182
ENSG00000237353,PATE4,neutral,0.0013709090909090908
ENSG00000237412,PRSS56,neutral,0.07612318181818183
ENSG00000237489,C10orf143,neutral,0.03445181818181818
ENSG00000237651,C2orf74,gene-driven (relaxed),0.02778090909090909
ENSG00000239264,TXNDC5,neutral,0.29827818181818183
ENSG00000239305,RNF103,neutral,0.3158240909090909
ENSG00000239306,RBM14,neutral,0.14429590909090909
ENSG00000239732,TLR9,neutral,0.02503909090909091
ENSG00000239839,DEFA3,neutral,0.01791136363636364
ENSG00000240021,TEX35,gene-driven,0.05757227272727272
ENSG00000240247,DEFA1B,neutral,0.0022845454545454545
ENSG00000240303,ACAD11,neutral,0.2530431818181818
ENSG00000240682,ISY1,gene-driven,0.36279545454545453
ENSG00000240720,LRRD1,gene-driven,0.08462181818181817
ENSG00000240771,ARHGEF25,gene-driven,0.1272068181818182
ENSG00000241058,NSUN6,gene-driven,0.26181590909090907
ENSG00000241127,YAE1,neutral,0.09458272727272726
ENSG00000241186,TDGF1,neutral,0.07594045454545455
ENSG00000241399,CD302,neutral,0.1230031818181818
ENSG00000241644,INMT,gene-driven (relaxed),0.05437363636363637
ENSG00000241697,TMEFF1,neutral,0.34068045454545454
ENSG00000242028,HYPK,gene-driven,0.296725
ENSG00000243244,STON1,gene-driven,0.1929122727272727
ENSG00000243284,VSIG8,neutral,0.09339454545454545
ENSG00000243317,STMP1,neutral,0.25587590909090907
ENSG00000243709,LEFTY1,neutral,0.0913840909090909
ENSG00000243725,TTC4,neutral,0.23257318181818182
ENSG00000243749,TMEM35B,neutral,0.08626681818181818
ENSG00000243943,ZNF512,neutral,0.24171136363636364
ENSG00000244045,TMEM199,gene-driven,0.17408727272727273
ENSG00000244219,TMEM225B,gene-driven,0.048068181818181815
ENSG00000244607,CCDC13,neutral,0.14621499999999998
ENSG00000244694,PTCHD4,gene-driven,0.4274045454545454
ENSG00000244731,,neutral,0.05272863636363636
ENSG00000247077,PGAM5,neutral,0.3111636363636363
ENSG00000247596,TWF2,neutral,0.35658136363636367
ENSG00000247626,MARS2,neutral,0.00265
ENSG00000248712,CCDC153,neutral,0.06159318181818181
ENSG00000248746,ACTN3,regulation-driven,0.35301772727272723
ENSG00000248771,SMIM31,neutral,0.13232454545454544
ENSG00000249481,SPATS1,gene-driven,0.05702363636363637
ENSG00000249581,CLRN2,neutral,0.2706804545454546
ENSG00000249693,SPMAP2L,neutral,0.01727181818181818
ENSG00000249853,HS3ST5,neutral,0.3490881818181818
ENSG00000249948,GBA3,regulation-driven,0.7638631818181818
ENSG00000250298,GIMD1,gene-driven,0.09933454545454545
ENSG00000250317,SMIM20,neutral,0.1561759090909091
ENSG00000251692,PTX4,neutral,0.04697136363636364
ENSG00000253117,OC90,neutral,0.13122772727272727
ENSG00000253148,RGS21,neutral,0.26702499999999996
ENSG00000253250,C8orf88,regulation-driven,0.7558213636363635
ENSG00000253710,ALG11,neutral,0.272965
ENSG00000253719,ATXN7L3B,neutral,0.00265
ENSG00000253831,ETV3L,neutral,0.11404772727272726
ENSG00000254402,LRRC24,neutral,0.04002636363636363
ENSG00000254598,CSNK2A3,neutral,0.00265
ENSG00000254726,MEX3A,neutral,0.15800363636363635
ENSG00000254772,EEF1G,neutral,0.3925868181818182
ENSG00000255587,RAB44,neutral,0.04843363636363636
ENSG00000256043,CTSO,neutral,0.22115
ENSG00000256061,DNAAF4,neutral,0.1911759090909091
ENSG00000256162,SMLR1,neutral,0.04605772727272727
ENSG00000256269,HMBS,regulation-driven,0.3055890909090909
ENSG00000256394,ASIC5,neutral,0.1523377272727273
ENSG00000256453,DND1,neutral,0.08224590909090908
ENSG00000256713,PGA5,neutral,0.0941259090909091
ENSG00000256797,KLRF2,neutral,0.018824999999999998
ENSG00000256870,SLC5A8,neutral,0.2762545454545454
ENSG00000257057,C11orf97,neutral,0.10500045454545455
ENSG00000257093,DENND11,neutral,0.3562159090909091
ENSG00000257365,FNTB,neutral,0.3680045454545455
ENSG00000257743,MGAM2,neutral,0.08590136363636364
ENSG00000257987,SPMIP11,gene-driven,0.08517000000000001
ENSG00000258102,MAP1LC3B2,neutral,0.00265
ENSG00000258223,,gene-driven,0.06671045454545455
ENSG00000258227,CLEC5A,gene-driven,0.04715409090909091
ENSG00000258484,SPESP1,neutral,0.02266318181818182
ENSG00000258818,RNASE4,neutral,0.00265
ENSG00000259956,RBM15B,neutral,0.00265
ENSG00000260230,FRRS1L,gene-driven,0.36928409090909087
ENSG00000261115,TMEM178B,neutral,0.4364513636363636
ENSG00000261667,LY6L,neutral,0.0014622727272727272
ENSG00000261787,TCF24,neutral,0.18761181818181819
ENSG00000262406,MMP12,neutral,0.09266363636363636
ENSG00000262655,SPON1,regulation-driven,0.42201272727272726
ENSG00000263513,FAM72C,neutral,0.35283454545454546
ENSG00000263528,IKBKE,neutral,0.22718136363636363
ENSG00000263639,MSMB,gene-driven,0.001188181818181818
ENSG00000263761,GDF2,neutral,0.11532681818181817
ENSG00000263961,RHEX,gene-driven,0.03801590909090909
ENSG00000265203,RBP3,neutral,0.11560090909090909
ENSG00000266094,RASSF5,neutral,0.20936136363636362
ENSG00000266200,PNLIPRP2,neutral,0.14255954545454544
ENSG00000266524,GDF10,neutral,0.19199818181818182
ENSG00000268223,ARL14EPL,neutral,0.21886545454545453
ENSG00000269113,TRABD2B,neutral,0.31545863636363636
ENSG00000269964,MEI4,neutral,0.12272909090909091
ENSG00000272047,GTF2H5,gene-driven,0.4391013636363636
ENSG00000273173,SNURF,gene-driven,0.12318590909090908
ENSG00000274286,ADRA2B,neutral,0.00265
ENSG00000275074,NUDT18,neutral,0.06698454545454545
ENSG00000275111,ZNF2,neutral,0.045052272727272726
ENSG00000275342,PRAG1,neutral,0.13652818181818183
ENSG00000275591,XKR5,neutral,0.08050954545454546
ENSG00000276747,PADI6,neutral,0.09101863636363636
ENSG00000277494,GPIHBP1,neutral,0.016723181818181818
ENSG00000277586,NEFL,neutral,0.11898227272727273
ENSG00000277893,SRD5A2,neutral,0.1850531818181818
ENSG00000278570,NR2E3,gene-driven,0.24180272727272728
ENSG00000280165,PCDH20,neutral,0.06406045454545455
ENSG00000283128,ENSG00000283128,neutral,0.1691522727272727
ENSG00000283297,TEX52,neutral,0.04441272727272727
ENSG00000283706,PRSS50,neutral,0.029608636363636365
ENSG00000284844,TOMT,neutral,0.1721681818181818
ENSG00000286095,SPEGNB,neutral,0.060405
ENSG00000290292,HOMEZ,gene-driven,0.10545727272727272
