gene_id,gene_symbol,span_bp,rds_doan_spanresid_pct,rds_tau_spanresid_pct,rds_nc_spanresid_pct,rds_brain_spanresid_pct,rds_spanresid,gds_v7,rds_v7,classification_v7,classification_r8_spanresid
ENSG00000000460,FIRRM,192074,0.07679935665460394,0.526940088459992,0.12625653397667874,0.08102131081624447,0.20254322476879777,0.264013,0.217883,neutral,neutral
ENSG00000000971,CFH,100723,0.18094089264173704,0.5386007237635706,0.016284680337756333,0.9961801367108967,0.39223964616003215,0.395215,0.358162,neutral,neutral
ENSG00000001084,GCLC,119630,0.14435062324085243,0.2498994772818657,0.8518295134700442,0.14837153196622438,0.34841174105347805,0.187686,0.294079,neutral,regulation-driven
ENSG00000001167,NFYA,29430,0.5060313630880579,0.451145958986731,0.9831121833534379,0.5098512263771613,0.6123441897868919,0.350543,0.356705,neutral,regulation-driven
ENSG00000001561,ENPP4,16700,0.6608363490148773,0.3976678729392843,0.37052673904302375,0.6658624849215923,0.5234720546843586,0.516858,0.178729,neutral,neutral
ENSG00000002745,WNT16,15738,0.6765178930438279,0.7165259348612787,0.5784077201447527,0.6815440289505428,0.6629975874547647,0.41156,0.298351,neutral,regulation-driven
ENSG00000002822,MAD1L1,417451,0.9829111379171693,0.3791716928025734,0.2012464817048653,0.02392440691596301,0.4447627663852031,0.298652,0.528287,neutral,neutral
ENSG00000003056,M6PR,9401,0.793124246079614,0.06755126658624849,0.6154000804181745,0.7979493365500603,0.568264977885002,0.512761,0.125804,gene-driven,neutral
ENSG00000003400,CASP10,46557,0.36771210293526335,0.5484519501407318,0.04081222356252513,0.3717330116606353,0.33197627663852036,0.146459,0.163802,neutral,neutral
ENSG00000003436,TFPI,101531,0.17893043827905106,0.5701648572577402,0.052070767993566545,0.182951347004423,0.24582830719742663,0.354116,0.187525,gene-driven,neutral
ENSG00000003987,MTMR7,116735,0.14997989545637314,0.6200241254523522,0.6407318053880177,0.15420184961801367,0.3910233212706071,0.708905,0.346301,gene-driven,gene-driven
ENSG00000003989,SLC7A2,73486,0.2498994772818657,0.5617209489344592,0.6079613992762364,0.9913550462404503,0.5656614394853237,0.160816,0.510143,regulation-driven,regulation-driven
ENSG00000004059,ARF5,3315,0.9336550060313631,0.044833132287897065,0.9696421391234419,0.9398874145556896,0.7216928025733815,0.482398,0.197678,neutral,regulation-driven
ENSG00000004142,POLDIP2,10895,0.7655810213108163,0.24969843184559712,0.9497386409328509,0.7708082026537998,0.6836952151186169,0.412686,0.267491,neutral,regulation-driven
ENSG00000004455,AK2,73011,0.2503015681544029,0.19320466425412144,0.7613590671491757,0.2535182951347004,0.36443506232408523,0.282971,0.249698,neutral,neutral
ENSG00000004700,RECQL,32760,0.47406513872135103,0.27060715721753115,0.6178126256533977,0.47808604744672295,0.45994169682348207,0.802935,0.216928,gene-driven,gene-driven
ENSG00000004799,PDK4,13018,0.7245677523120225,0.6332931242460796,0.8019702452754323,0.996984318455971,0.775583031765179,0.359942,0.519511,regulation-driven,regulation-driven
ENSG00000004846,ABCB5,161372,0.09650180940892641,0.6855649376759148,0.16344993968636912,0.10052271813429835,0.26130880579010857,0.196542,0.262766,neutral,neutral
ENSG00000004866,ST7,276939,0.046441495778045835,0.25432247687977483,0.8122235625251307,0.04945717732207479,0.2904603940490551,0.109148,0.30192,regulation-driven,regulation-driven
ENSG00000004948,CALCR,150245,0.10554885404101327,0.7559308403699236,0.2679935665460394,0.9973864093285082,0.48712303980699634,0.422512,0.507479,neutral,neutral
ENSG00000005001,PRSS22,5441,0.8854041013268998,0.6753116204262163,0.2677925211097708,0.8910333735424206,0.679603940490551,0.773767,0.206976,gene-driven,neutral
ENSG00000005108,THSD7A,461834,0.016887816646562123,0.6113791716928025,0.40631282669883395,0.018697225572979495,0.2632287897064737,0.149859,0.337254,regulation-driven,neutral
ENSG00000005156,LIG3,29232,0.5074386811419381,0.34499396863691195,0.7241656614394854,0.51145958986731,0.5218134298351428,0.151116,0.255177,neutral,neutral
ENSG00000005238,ATOSB,12230,0.7408524326497788,0.41837555287494976,0.26336952151186166,0.7460796139927623,0.5419079211901889,0.797326,0.158675,gene-driven,gene-driven
ENSG00000005249,PRKAR2B,117107,0.14837153196622438,0.5615199034981906,0.7394451145958987,0.15259348612786489,0.4002714113389626,0.354202,0.35188,neutral,neutral
ENSG00000005448,WDR54,4078,0.916767189384801,0.523924406915963,0.5884599919581825,0.9227985524728589,0.7376859670285485,0.403357,0.211801,neutral,regulation-driven
ENSG00000005469,CROT,54131,0.3250904704463209,0.44310414153598715,0.5460394049055086,0.3289103337354242,0.41059509449135506,0.345538,0.260706,neutral,neutral
ENSG00000005486,RHBDD2,46325,0.3701246481704865,0.5408122235625251,0.12444712505026136,0.3741455568958585,0.3521813429835143,0.500216,0.188631,gene-driven,neutral
ENSG00000005700,IBTK,77769,0.2366304784881383,0.09630076397265783,0.5436268596702855,0.23984720546843585,0.27894049055086445,0.12124,0.186017,neutral,regulation-driven
ENSG00000005812,FBXL3,34598,0.4563731403297145,0.328508242862887,0.9435062324085244,0.4601930036188179,0.5469541616405307,0.447326,0.312023,neutral,neutral
ENSG00000005981,ASB4,61790,0.29071170084439085,0.890832328106152,0.599718536389224,0.2943305186972256,0.5187173301166064,0.404222,0.385605,neutral,neutral
ENSG00000006042,TMEM98,17197,0.6546039404905508,0.5309609971853639,0.9648170486529956,0.6592279855247286,0.7021712907117008,0.684198,0.358565,gene-driven,neutral
ENSG00000006128,TAC1,8389,0.8164455166867712,0.7378367511057499,0.7243667068757539,0.8218737434660234,0.7748592681946119,0.391224,0.316144,neutral,regulation-driven
ENSG00000006194,ZNF263,18119,0.6409328508242863,0.18033775633293125,0.12364294330518698,0.6451548049859268,0.3973059911540008,0.199688,0.078006,neutral,regulation-driven
ENSG00000006377,DLX6,5488,0.8831926015279453,0.8381584238037797,0.8244873341375151,0.888821873743466,0.8583835946924004,0.659378,0.352031,gene-driven,dual-driven
ENSG00000006432,MAP3K9,87009,0.206875753920386,0.5607157217531162,0.5816244471250502,0.21049457177322076,0.38974668275030155,0.132037,0.311419,regulation-driven,regulation-driven
ENSG00000006453,BAIAP2L1,109441,0.16123843988741454,0.4817048652995577,0.38098110172899075,0.991556091676719,0.4623542420587053,0.316033,0.455197,neutral,neutral
ENSG00000006530,AGK,103967,0.17330116606353035,0.04744672295938882,0.36550060313630883,0.1775231202251709,0.1907318053880177,0.758568,0.14415,gene-driven,gene-driven
ENSG00000006555,TTC22,21612,0.593687173301166,0.7438681141938078,0.40570969039002813,0.597708082026538,0.5850422195416164,0.352624,0.277694,neutral,regulation-driven
ENSG00000006715,VPS41,209421,0.986529955770004,0.11077603538399679,0.7579412947326095,0.07177322074788903,0.5274929634097305,0.343684,0.554272,dual-driven,dual-driven
ENSG00000006831,ADIPOR2,100101,0.18174507438681142,0.3005629272215521,0.7551266586248492,0.18556493767591475,0.35555890631282666,0.403026,0.285233,neutral,neutral
ENSG00000007171,NOS2,43764,0.38761560112585447,0.5560916767189384,0.5866505830317652,0.391837555287495,0.48033775633293124,0.686932,0.290209,gene-driven,gene-driven
ENSG00000007216,SLC13A2,24489,0.5570969039002814,0.8009650180940893,0.5448331322878971,0.5611178126256534,0.6158021712907117,0.723918,0.324688,gene-driven,neutral
ENSG00000007341,ST7L,97312,0.18697225572979492,0.5130679533574588,0.7205468435866506,0.19079211901889828,0.4026537997587455,0.641965,0.33077,gene-driven,gene-driven
ENSG00000007402,CACNA2D2,141632,0.11359067149175714,0.67048652995577,0.5878568556493767,0.11761158021712907,0.37218536389223966,0.381589,0.352684,neutral,neutral
ENSG00000007866,TEAD3,23483,0.5679533574587857,0.40048250904704463,0.9400884599919582,0.5719742661841576,0.619923602734218,0.779116,0.320366,gene-driven,gene-driven
ENSG00000007908,SELE,42066,0.40128669079211904,0.6891837555287494,0.08082026537997587,0.40510655408122237,0.3939083232810615,0.14805,0.210444,neutral,regulation-driven
ENSG00000007944,MYLIP,22282,0.5846401286690792,0.255729794933655,0.9071170084439083,0.5888620828307197,0.5838761560112585,0.734168,0.270356,gene-driven,gene-driven
ENSG00000007968,E2F2,24796,0.5546843586650583,0.6801367108966626,0.5080418174507438,0.5587052673904302,0.5751909931644551,0.475141,0.287897,neutral,neutral
ENSG00000008018,PSMB1,18188,0.640128669079212,0.01407318053880177,0.9352633695215119,0.6443506232408525,0.5582428628870125,0.611057,0.214918,neutral,neutral
ENSG00000008083,JARID2,275974,0.04724567752312023,0.441696823482107,0.7917169280257338,0.050261359067149174,0.33257941294732607,0.113088,0.346602,regulation-driven,regulation-driven
ENSG00000008118,CAMK1G,30226,0.9941696823482107,0.7778447929232006,0.609167671893848,0.5028146361077603,0.7455669481302774,0.26731,0.637756,regulation-driven,regulation-driven
ENSG00000008197,TFAP2D,59508,0.2989545637314033,0.9945717732207479,0.9800965018094089,0.30237233614796943,0.6438279051065541,0.495074,0.495225,neutral,neutral
ENSG00000008256,CYTH3,110866,0.1588258946521914,0.3228789706473663,0.8705267390430237,0.16344993968636912,0.37868918375552874,0.318335,0.314033,neutral,neutral
ENSG00000008323,PLEKHG6,18071,0.6421391234418978,0.5440289505428226,0.21853638922396462,0.6463610776035384,0.5125552874949739,0.137455,0.190591,neutral,regulation-driven
ENSG00000008394,MGST1,262118,0.050261359067149174,0.62464817048653,0.1650583031765179,0.05327704061117813,0.22316043425814236,0.520044,0.262917,neutral,neutral
ENSG00000008405,CRY1,102186,0.17772416566143948,0.4049055086449538,0.8230800160836349,0.18174507438681142,0.3966626457579413,0.312203,0.323683,neutral,neutral
ENSG00000008516,MMP25,14668,0.6940088459991958,0.8661037394451147,0.17712102935263369,0.6988339364696421,0.6087756332931242,0.615,0.257338,gene-driven,neutral
ENSG00000008952,SEC62,31739,0.4857257740249296,0.10896662645757942,0.9513470044229996,0.48954563731403294,0.5087052673904302,0.515511,0.258645,gene-driven (relaxed),neutral
ENSG00000009709,PAX7,118021,0.146562123039807,0.9489344591877764,0.8912344189786892,0.15058303176517893,0.5341274628065943,0.321944,0.466174,neutral,regulation-driven
ENSG00000009724,MASP2,25231,0.5506634499396864,0.7951347004423,0.2498994772818657,0.5548854041013269,0.5374346602332127,0.402168,0.266385,neutral,neutral
ENSG00000009765,IYD,37078,0.4338560514676317,0.9837153196622437,0.6314837153196623,0.998994772818657,0.7337555287494975,0.573204,0.596763,neutral,dual-driven
ENSG00000009780,FAM76A,37156,0.4336550060313631,0.2605548854041013,0.9471250502613591,0.4378769601930036,0.5195918777643748,0.819592,0.298201,gene-driven,gene-driven
ENSG00000009790,TRAF3IP3,26289,0.5410132689987938,0.7476879774829112,0.1708886208283072,0.9935665460394049,0.5906614394853237,0.742909,0.437354,gene-driven,gene-driven
ENSG00000009844,VTA1,77524,0.2376357056694813,0.05568958584640129,0.7400482509047045,0.24085243264977885,0.3183956574185766,0.559436,0.213259,gene-driven,gene-driven
ENSG00000009954,BAZ1B,81888,0.2253719340570969,0.10132689987937274,0.6242460796139928,0.22858866103739445,0.29472255729794933,0.155026,0.203458,neutral,neutral
ENSG00000010017,RANBP9,90338,0.19963811821471653,0.4873341375150784,0.756735022114998,0.20325693606755127,0.41156011258544434,0.3943,0.329363,neutral,neutral
ENSG00000010072,SPRTN,17920,0.644551668677121,0.42380377965420185,0.39525532770406113,0.6487736228387616,0.5278850020104544,0.318838,0.191496,neutral,regulation-driven
ENSG00000010165,METTL13,32364,0.4784881383192601,0.2080820265379976,0.5534780860474467,0.4825090470446321,0.4304382790510655,0.242923,0.187173,neutral,regulation-driven
ENSG00000010244,ZNF207,31754,0.485524728588661,0.0669481302774427,0.9591877764374749,0.48934459187776436,0.5000603136308805,0.708868,0.251257,gene-driven,gene-driven
ENSG00000010256,UQCRC1,11975,0.7460796139927623,0.3610776035383997,0.726779252110977,0.7513067953357458,0.6460494571773221,0.321552,0.230499,neutral,regulation-driven
ENSG00000010278,CD9,38557,0.4221954161640531,0.3361479694410937,0.6499798954563731,0.4264173703256936,0.45847406513872135,0.63824,0.246884,gene-driven,gene-driven
ENSG00000010295,IFFO1,17113,0.6558102131081625,0.3238841978287093,0.7645757941294733,0.6604342581423401,0.6009449135504624,0.171984,0.242209,neutral,regulation-driven
ENSG00000010322,NISCH,37951,0.42802573381584236,0.3852030558906313,0.437675914756735,0.4322476879774829,0.4205770004020909,0.185459,0.211651,neutral,neutral
ENSG00000010539,ZNF200,13897,0.7086851628468034,0.6367108966626458,0.1284680337756333,0.7139123441897869,0.5466827503015682,0.813168,0.190239,gene-driven,gene-driven
ENSG00000010704,HFE,11118,0.7609569762766385,0.18073984720546843,0.15118616807398472,0.7659831121833535,0.46446521913952554,0.178126,0.075694,neutral,regulation-driven
ENSG00000010803,SCMH1,215105,0.06634499396863691,0.1958182549256132,0.5237233614796944,0.07056694813027745,0.21390229191797347,0.361749,0.234771,neutral,neutral
ENSG00000011007,ELOA,18612,0.6328910333735425,0.03116204262163249,0.44008845999195817,0.637112987535183,0.435102533172497,0.269909,0.100875,gene-driven (relaxed),neutral
ENSG00000011021,CLCN6,41984,0.402291917973462,0.18657016485725775,0.9215922798552473,0.40631282669883395,0.4789907519099316,0.747769,0.272216,gene-driven,gene-driven
ENSG00000011083,SLC6A7,32727,0.4744672295938882,0.7746280659429031,0.669481302774427,0.4784881383192601,0.599065138721351,0.22506,0.354946,neutral,regulation-driven
ENSG00000011114,BTBD7,95543,0.1901889827100925,0.1461600321672698,0.751708886208283,0.19380780056292723,0.32028548451950145,0.109942,0.245024,neutral,regulation-driven
ENSG00000011376,LARS2,166166,0.09268194611982308,0.03297145154804986,0.4758745476477684,0.09690390028146362,0.17439686369119423,0.653667,0.17893,gene-driven,gene-driven
ENSG00000011405,PIK3C2A,130257,0.1276638520305589,0.14334539605950944,0.5456373140329714,0.13128266988339365,0.23680136710896663,0.107579,0.212254,neutral,neutral
ENSG00000011465,DCN,42734,0.3970647366304785,0.4457177322074789,0.7955367913148371,0.40128669079211904,0.5096903900281464,0.173231,0.305639,neutral,regulation-driven
ENSG00000012171,SEMA3B,9989,0.781664656212304,0.7018496180136711,0.3837957378367511,0.9995979091274628,0.7058303176517893,0.790199,0.446502,gene-driven,neutral
ENSG00000012232,EXTL3,156093,0.09931644551668677,0.16686771210293527,0.805589063128267,0.10394049055086449,0.2936972255729795,0.803579,0.26915,gene-driven,gene-driven
ENSG00000012660,ELOVL5,81782,0.2257740249296341,0.39304382790510656,0.8027744270205066,0.22899075190993165,0.41248492159227984,0.252553,0.31162,neutral,regulation-driven
ENSG00000012779,ALOX5,71944,0.25392038600723765,0.6988339364696421,0.8540410132689988,0.25713711298753517,0.5158222758343385,0.231484,0.395155,regulation-driven,regulation-driven
ENSG00000012822,CALCOCO1,19229,0.6260554885404102,0.20004020908725373,0.32689987937273823,0.6302774427020507,0.4456071572175312,0.818406,0.125754,gene-driven,gene-driven
ENSG00000012963,UBR7,21975,0.5878568556493767,0.3954563731403297,0.63610776035384,0.5918777643747487,0.5526236429433051,0.380674,0.238339,neutral,dual-driven
ENSG00000013016,EHD3,35300,0.451145958986731,0.42480900683554484,0.9752714113389626,0.4549658222758343,0.5763570566948131,0.247688,0.349467,neutral,regulation-driven
ENSG00000013293,SLC7A14,126528,0.1344993968636912,0.8978689183755528,0.7139123441897869,0.13831926015279453,0.4709589867310011,0.280207,0.428478,neutral,regulation-driven
ENSG00000013297,CLDN11,35866,0.4457177322074789,0.7336147969441094,0.7322074788902292,0.4497386409328508,0.5901186168073984,0.543908,0.359369,neutral,neutral
ENSG00000013374,NUB1,36678,0.43727382388419783,0.010454362685967028,0.47265782066747086,0.44129473260956975,0.3402191395255328,0.819046,0.125653,gene-driven,gene-driven
ENSG00000013392,RWDD2A,5579,0.8815842380377965,0.4041013268998794,0.3681141938078006,0.8872135102533173,0.6349718536389224,0.527121,0.155257,neutral,neutral
ENSG00000013441,CLK1,11683,0.7490952955367913,0.18677121029352634,0.6212303980699638,0.7543224768797748,0.5775934861278649,0.256001,0.163953,neutral,regulation-driven
ENSG00000013561,RNF14,31965,0.48331322878970645,0.24648170486529955,0.6839565741857659,0.48713309207880984,0.47503015681544025,0.218456,0.225975,neutral,regulation-driven
ENSG00000013583,HEBP1,25396,0.5496582227583434,0.26316847607559307,0.48954563731403294,0.5538801769199839,0.46385203055890634,0.733587,0.18079,gene-driven,gene-driven
ENSG00000013810,TACC3,32314,0.47909127462806594,0.6751105749899478,0.07237635705669482,0.48311218335343786,0.427221552070768,0.159248,0.200543,neutral,regulation-driven
ENSG00000014123,UFL1,33682,0.4644149577804584,0.10816244471250502,0.7249698431845597,0.4684358665058303,0.44129473260956975,0.22495,0.199839,neutral,regulation-driven
ENSG00000014138,POLA2,44047,0.3856051467631685,0.21491757137112988,0.45476477683956573,0.3896260554885404,0.3610273421793325,0.76954,0.17878,gene-driven,gene-driven
ENSG00000014164,ZC3H3,103789,0.17350221149979894,0.20627261761158022,0.06433453960595094,0.17772416566143948,0.15524728588661035,0.463417,0.104292,gene-driven,gene-driven
ENSG00000014257,ACP3,50934,0.3433856051467632,0.9873341375150784,0.17370325693606756,0.3468033775633293,0.4626357056694813,0.467549,0.307398,gene-driven,neutral
ENSG00000014641,MDH1,18589,0.6334941696823482,0.5004020908725372,0.9734620024125452,0.6377161238439888,0.6860574989947729,0.723461,0.359017,gene-driven,neutral
ENSG00000014824,SLC30A9,99960,0.18214716525934863,0.15118616807398472,0.7159227985524729,0.18596702854845196,0.30861479694410937,0.298965,0.239596,neutral,neutral
ENSG00000014914,MTMR11,8229,0.8194611982308002,0.4081222356252513,0.3303176517893044,0.8248894250100522,0.5954262163248895,0.247226,0.158524,neutral,regulation-driven
ENSG00000014919,COX15,21260,0.5985122637716124,0.07559308403699236,0.8090068355448331,0.6025331724969843,0.521210293526337,0.417752,0.19607,neutral,neutral
ENSG00000015520,NPC1L1,28796,0.5100522718134298,0.8791716928025733,0.3252915158825895,0.5140731805388018,0.5569461198230801,0.106846,0.303327,regulation-driven,regulation-driven
ENSG00000015592,STMN4,23113,0.5741857659831122,0.9519501407318054,0.8445918777643747,0.5784077201447527,0.7370727784479293,0.529688,0.423452,neutral,dual-driven
ENSG00000016082,ISL1,11283,0.7573381584238038,0.7430639324487334,0.98854041013269,0.9981905910735827,0.8597406513872136,0.605348,0.622738,neutral,dual-driven
ENSG00000016391,CHDH,34085,0.4609971853638922,0.4714515480498593,0.5016083634901488,0.4650180940892642,0.4745677523120226,0.294934,0.244421,neutral,regulation-driven
ENSG00000016490,CLCA1,31892,0.48451950140731803,0.9813027744270205,0.20164857257740249,0.4883393646964214,0.5387615601125854,0.186942,0.304333,neutral,regulation-driven
ENSG00000016602,CLCA4,33677,0.46461600321672697,0.9236027342179333,0.14213912344189786,0.9987937273823885,0.6055790108564536,0.224166,0.478106,regulation-driven,regulation-driven
ENSG00000016864,GLT8D1,11547,0.7513067953357458,0.257740249296341,0.6837555287494974,0.7565339766787293,0.6120727784479292,0.294672,0.196823,neutral,regulation-driven
ENSG00000017427,IGF1,85871,0.21149979895456372,0.4925613188580619,0.8035786087655811,0.21511861680739847,0.43050864495375957,0.821793,0.337606,gene-driven,gene-driven
ENSG00000018280,SLC11A1,14866,0.6899879372738239,0.7969441093687173,0.6976276638520306,0.9891435464414958,0.7784680337756333,0.215209,0.537947,regulation-driven,regulation-driven
ENSG00000018408,WWTR1,219480,0.06453558504221954,0.3590671491757137,0.5062324085243265,0.06895858464012868,0.24947728186570162,0.435867,0.27317,gene-driven,gene-driven
ENSG00000018510,AGPS,174279,0.08665058303176518,0.08785685564937676,0.7094893445918777,0.09067149175713711,0.2434660233212706,0.296048,0.23844,neutral,neutral
ENSG00000019102,VSIG2,4782,0.9004825090470446,0.805589063128267,0.3271009248090068,0.9065138721351025,0.7346200241254522,0.532791,0.248442,neutral,regulation-driven
ENSG00000019485,PRDM11,139305,0.11620426216324889,0.32468837957378366,0.5886610373944512,0.12002412545235223,0.2872034579815039,0.746286,0.266988,gene-driven,gene-driven
ENSG00000019505,SYT13,46040,0.3715319662243667,0.8043827905106554,0.4672295938882187,0.37555287494973866,0.5044732609569763,0.820145,0.328458,gene-driven,gene-driven
ENSG00000019582,CD74,11333,0.7563329312424608,0.5474467229593888,0.3825894652191395,0.7615601125854443,0.6117209489344592,0.318536,0.210495,neutral,regulation-driven
ENSG00000019995,ZRANB1,46067,0.3713309207880981,0.1881785283474065,0.9650180940892642,0.37535182951347007,0.47476879774829106,0.277021,0.288802,neutral,regulation-driven
ENSG00000020633,RUNX3,65611,0.27663852030558905,0.8067953357458786,0.695416164053076,0.2800562927221552,0.5145556895858464,0.645657,0.385203,gene-driven,neutral
ENSG00000020922,MRE11,78316,0.23582629674306393,0.13268998793727382,0.5888620828307197,0.23904302372336148,0.2989445114595899,0.125322,0.202352,neutral,regulation-driven
ENSG00000021355,SERPINB1,9628,0.7891033373542421,0.44330518697225574,0.5323683152392441,0.7939284278246884,0.6394350623240852,0.346632,0.204312,neutral,regulation-driven
ENSG00000021852,C8B,45177,0.3795737836751106,0.9889425010052272,0.255729794933655,0.3835946924004825,0.5017591475673502,0.584614,0.326146,gene-driven,neutral
ENSG00000022840,RNF10,44109,0.38500201045436266,0.43425814234016885,0.7511057498994773,0.38902291917973464,0.4896461600321672,0.154443,0.294431,neutral,regulation-driven
ENSG00000023041,ZDHHC6,23145,0.573783675110575,0.08705267390430237,0.9139525532770406,0.5780056292722155,0.5379875351829514,0.271323,0.231856,neutral,neutral
ENSG00000023318,ERP44,119868,0.14374748693204664,0.04322476879774829,0.8150381986328911,0.1477683956574186,0.28724366706875754,0.695808,0.235324,gene-driven,gene-driven
ENSG00000023516,AKAP11,51110,0.34197828709288297,0.1885806192199437,0.23622838761560114,0.3455971049457177,0.2779151588258946,0.116717,0.128267,neutral,regulation-driven
ENSG00000023572,GLRX2,15249,0.6835544833132288,0.3769601930036188,0.4499396863691194,0.6885806192199437,0.5495074386811419,0.535605,0.184409,neutral,neutral
ENSG00000023608,SNAPC1,34009,0.46180136710896663,0.47788500201045436,0.35002010454362686,0.46582227583433855,0.438681141938078,0.48468,0.213259,neutral,neutral
ENSG00000023697,DERA,126080,0.1355046240450342,0.08825894652191395,0.6409328508242863,0.13932448733413752,0.25081423401688785,0.611977,0.215722,gene-driven,gene-driven
ENSG00000023902,PLEKHO1,15538,0.6801367108966626,0.4690390028146361,0.6143948532368315,0.6851628468033776,0.6119320466425412,0.255076,0.242511,neutral,regulation-driven
ENSG00000023909,GCLM,24258,0.5607157217531162,0.3279051065540812,0.7957378367511058,0.5647366304784881,0.5620727784479291,0.358032,0.2596,neutral,regulation-driven
ENSG00000024048,,129477,0.13027744270205066,0.015480498592681946,0.6946119823080016,0.1338962605548854,0.24338560514676316,0.346654,0.210394,neutral,neutral
ENSG00000024862,CCDC28A,19551,0.6212303980699638,0.1457579412947326,0.8757539203860072,0.6252513067953357,0.5667973462002412,0.505046,0.229142,neutral,neutral
ENSG00000025039,RRAGD,47658,0.36248492159227985,0.5215118616807398,0.8876156011258545,0.3663047848813832,0.5342882991556092,0.396954,0.350171,neutral,neutral
ENSG00000025156,HSF2,33569,0.4654201849618014,0.41777241656614394,0.7227583433856052,0.4692400482509047,0.5186067551266587,0.364656,0.27699,neutral,regulation-driven
ENSG00000026751,SLAMF7,15765,0.6757137112987536,0.7362283876156012,0.04784881383192602,0.6807398472054684,0.5348813831926016,0.218984,0.198633,neutral,neutral
ENSG00000027644,INSRR,19055,0.6272617611580217,0.6737032569360676,0.5526739043023723,0.6314837153196623,0.621069561720949,0.199347,0.286992,neutral,regulation-driven
ENSG00000027697,IFNGR1,21967,0.5882589465219139,0.4018898271009248,0.040410132689987936,0.5922798552472859,0.4055086449537595,0.506725,0.116003,gene-driven,neutral
ENSG00000027869,SH2D2A,10609,0.7710092480900683,0.5806192199437072,0.1823482106956172,0.7762364294330518,0.577291917973462,0.309158,0.181142,neutral,regulation-driven
ENSG00000028137,TNFRSF1B,42238,0.40048250904704463,0.7354242058705267,0.039806996381182146,0.9983916365098512,0.5136308805790109,0.326809,0.406956,neutral,regulation-driven
ENSG00000028310,BRD9,42511,0.39847205468435865,0.1640530759951749,0.7872939284278246,0.4024929634097306,0.4378769601930036,0.81928,0.232358,gene-driven,gene-driven
ENSG00000028839,TBPL1,38263,0.425211097708082,0.7024527543224769,0.9638118214716526,0.4294330518697226,0.6300160836349015,0.487244,0.415058,neutral,neutral
ENSG00000029364,SLC39A9,64376,0.2810615199034982,0.029553679131483716,0.9141535987133093,0.28468033775633295,0.37718134298351425,0.777656,0.239797,gene-driven,gene-driven
ENSG00000029559,IBSP,12882,0.7269802975472457,0.9097305991154001,0.206875753920386,0.7322074788902292,0.6436871733011661,0.517581,0.272165,neutral,neutral
ENSG00000029639,TFB1M,58360,0.3047848813831926,0.31423401688781666,0.6443506232408525,0.30840369923602734,0.39276236429433053,0.500281,0.251257,neutral,neutral
ENSG00000030304,MUSK,137780,0.11861680739847205,0.6700844390832328,0.5763972657820667,0.1224366706875754,0.3716928025733816,0.314911,0.349769,neutral,neutral
ENSG00000030419,IKZF2,152737,0.1033373542420587,0.5418174507438681,0.7838761560112586,0.10796139927623644,0.3840168878166466,0.686078,0.358916,gene-driven,gene-driven
ENSG00000031691,CENPQ,29738,0.5034177724165662,0.11198230800160837,0.1160032167269803,0.5072376357056695,0.30946924004825094,0.545818,0.068004,neutral,neutral
ENSG00000032219,ARID4A,75384,0.2448733413751508,0.09650180940892641,0.5804181745074387,0.24829111379171692,0.2923502211499799,0.805659,0.191697,gene-driven,gene-driven
ENSG00000032389,EIPR1,188906,0.07880981101728991,0.40952955367913146,0.8578608765581022,0.08303176517893043,0.3570969039002815,0.689857,0.341074,gene-driven,gene-driven
ENSG00000033100,CHPF2,8497,0.8126256533976679,0.3594692400482509,0.4995979091274628,0.8176517893043828,0.6220848411741053,0.131383,0.174256,neutral,regulation-driven
ENSG00000034677,RNF19A,79159,0.23301166063530357,0.09589867310012062,0.8021712907117008,0.23602734217933252,0.3416264575794129,0.792994,0.236932,gene-driven,gene-driven
ENSG00000034971,MYOC,17272,0.6533976678729393,0.7444712505026135,0.3433856051467632,0.658021712907117,0.5995878568556494,0.322326,0.262364,neutral,regulation-driven
ENSG00000035115,SH3YL1,48669,0.35745878568556494,0.24527543224768797,0.6449537595496582,0.36127864897466827,0.40205066344993967,0.721743,0.228991,gene-driven,gene-driven
ENSG00000035403,VCL,126171,0.13510253317249699,0.4819059107358263,0.9067149175713711,0.13892239646160032,0.41547044632086855,0.155629,0.361027,regulation-driven,regulation-driven
ENSG00000035499,DEPDC1B,103279,0.17450743868114194,0.765178930438279,0.4316445516686771,0.17872939284278247,0.3873039806996381,0.565931,0.335042,gene-driven,gene-driven
ENSG00000035681,NSMAF,76350,0.24225975070365902,0.016887816646562123,0.65902694008846,0.24547647768395658,0.29075190993164457,0.701417,0.187425,gene-driven,gene-driven
ENSG00000035687,ADSS2,43416,0.39103337354242057,0.3407720144752714,0.8466023321270607,0.39525532770406113,0.49320466425412135,0.373382,0.293175,neutral,neutral
ENSG00000035720,STAP1,48611,0.3580619219943707,0.8351427422597507,0.182951347004423,0.3618817852834741,0.43431845597104946,0.504111,0.275734,gene-driven,neutral
ENSG00000036549,ZZZ3,121004,0.14193807800562927,0.15641334941696824,0.5482509047044632,0.14595898673100122,0.2479392842782469,0.366428,0.213661,gene-driven,neutral
ENSG00000036565,SLC18A1,38352,0.42380377965420185,0.8260956976276639,0.5681544028950543,0.42802573381584236,0.5613088057901086,0.322325,0.348512,neutral,dual-driven
ENSG00000037749,MFAP3,181520,0.08162444712505026,0.18717330116606354,0.11841576196220346,0.0856453558504222,0.11801367108966626,0.324588,0.127764,neutral,neutral
ENSG00000038219,BOD1L1,58988,0.30136710896662644,0.11761158021712907,0.07177322074788903,0.3047848813831926,0.19871330920788097,0.124326,0.071924,neutral,neutral
ENSG00000038274,MAT2B,16445,0.6658624849215923,0.09670285484519502,0.8572577402492964,0.6706875753920386,0.5723864093285083,0.536181,0.206323,gene-driven,neutral
ENSG00000039600,SOX30,45802,0.37494973864093284,0.98854041013269,0.16948130277442702,0.37897064736630476,0.4777844792923201,0.229222,0.306645,neutral,regulation-driven
ENSG00000040487,SLC66A1,16975,0.9965822275834338,0.1946119823080016,0.5930840369923602,0.6622436670687576,0.6283474065138721,0.278729,0.471291,regulation-driven,regulation-driven
ENSG00000040731,CDH10,157879,0.9881383192601528,0.8584640128669079,0.6344993968636912,0.10313630880579011,0.6903096099718536,0.349005,0.708273,regulation-driven,regulation-driven
ENSG00000041515,MYO16,611854,0.010454362685967028,0.5476477683956574,0.15259348612786489,0.012062726176115802,0.18060916767189383,0.106323,0.266938,regulation-driven,neutral
ENSG00000041880,PARP3,6523,0.8576598311218335,0.23522316043425814,0.4628065942903096,0.8632891033373542,0.6044632086851628,0.360967,0.132288,gene-driven,dual-driven
ENSG00000043039,BARX2,76432,0.24165661439485323,0.7834740651387213,0.6926015279453156,0.2448733413751508,0.49049055086449533,0.52889,0.384901,neutral,neutral
ENSG00000043093,DCUN1D1,47880,0.36168073984720545,0.6722959388821874,0.9869320466425412,0.36550060313630883,0.5964113389626056,0.75287,0.41546,gene-driven,gene-driven
ENSG00000043143,JADE2,58919,0.30197024527543226,0.09408926417370325,0.6222356252513068,0.305589063128267,0.3307901085645356,0.107378,0.192199,neutral,regulation-driven
ENSG00000043355,ZIC2,4982,0.895858464012867,0.8220747889022919,0.44229995979091274,0.9016887816646562,0.7651889827100925,0.349739,0.271411,neutral,regulation-driven
ENSG00000043462,LCP2,51583,0.3401688781664656,0.7048652995577,0.2553277040611178,0.9947728186570165,0.5410534780860474,0.630478,0.460816,gene-driven,neutral
ENSG00000044012,GUCA2B,2411,0.9523522316043426,0.8920386007237636,0.33675110574989947,0.9585846401286691,0.7846200241254524,0.645225,0.262565,neutral,neutral
ENSG00000044115,CTNNA1,324068,0.0365902694008846,0.27643747486932047,0.8160434258142341,0.03900281463610776,0.29189786891837555,0.797467,0.309811,gene-driven,gene-driven
ENSG00000044459,,368942,0.029955770004020908,0.36248492159227985,0.08102131081624447,0.03216726980297547,0.12629674306393243,0.102885,0.177423,neutral,neutral
ENSG00000044524,EPHA3,374514,0.028548451950140732,0.5379975874547648,0.7856855649376759,0.0305589063128267,0.34559710494571777,0.175191,0.373392,regulation-driven,regulation-driven
ENSG00000044574,HSPA5,6530,0.8572577402492964,0.33715319662243665,0.7895054282267793,0.862887012464817,0.7114193807800562,0.81931,0.219793,gene-driven,neutral
ENSG00000046889,,284987,0.044229995979091274,0.5082428628870125,0.7406513872135102,0.04724567752312023,0.3349416968234821,0.074913,0.35771,neutral,neutral
ENSG00000047410,TPR,64042,0.28246883795737837,0.2758343385605147,0.5418174507438681,0.2860876558102131,0.3463711298753519,0.116265,0.224467,neutral,regulation-driven
ENSG00000047579,DTNBP1,140252,0.11519903498190591,0.1942098914354644,0.36328910333735426,0.11901889827100925,0.1977382388419783,0.7876,0.188078,gene-driven,gene-driven
ENSG00000047621,C12orf4,50774,0.34418978689183755,0.07498994772818657,0.8192601527945316,0.3476075593084037,0.39634097305991156,0.285615,0.222859,neutral,neutral
ENSG00000047662,FAM184B,152316,0.1037394451145959,0.6417370325693607,0.048854041013269,0.10836349014877363,0.2254422999597909,0.122869,0.212304,neutral,neutral
ENSG00000047936,ROS1,138590,0.11680739847205468,0.9909529553679132,0.09569762766385204,0.12062726176115803,0.3308303176517893,0.130086,0.306192,regulation-driven,regulation-driven
ENSG00000048544,MRPS10,11168,0.7601527945315641,0.0607157217531162,0.6531966224366706,0.765178930438279,0.5595597104945718,0.575221,0.13852,neutral,neutral
ENSG00000048545,GUCA1A,7975,0.8258946521913952,0.9368717330116606,0.9368717330116606,0.8313228789706474,0.8824688379573783,0.546361,0.425161,neutral,regulation-driven
ENSG00000048740,CELF2,538279,0.012665862484921592,0.3966626457579413,0.9364696421391234,0.014274225975070366,0.3399376759147567,0.701246,0.345748,gene-driven,gene-driven
ENSG00000049167,ERCC8,78620,0.23462002412545235,0.10293526336952151,0.6682750301568154,0.2378367511057499,0.31075593084036995,0.798774,0.211701,gene-driven,gene-driven
ENSG00000049192,ADAMTS6,333183,0.034780860474467226,0.3964616003216727,0.7913148371531966,0.9879372738238842,0.5049658222758344,0.50161,0.534389,neutral,neutral
ENSG00000049239,H6PD,36564,0.4384800965018094,0.37273823884197826,0.5651387213510254,0.44250100522718133,0.45451347004423,0.170396,0.233715,neutral,regulation-driven
ENSG00000049245,VAMP3,10137,0.7792521109770808,0.1835544833132288,0.9776839565741857,0.7844792923200643,0.6809811017289907,0.66989,0.268396,gene-driven,neutral
ENSG00000049246,PER3,60887,0.293124246079614,0.2505026135906715,0.08906312826698834,0.2965420184961801,0.2321371129875352,0.327431,0.111078,gene-driven,neutral
ENSG00000050130,JKAMP,20968,0.6015279453156414,0.14796944109368718,0.926216324889425,0.6055488540410132,0.5701145958986731,0.515208,0.248844,gene-driven,neutral
ENSG00000050165,DKK3,53563,0.32770406111781264,0.6047446722959389,0.2850824286288701,0.33152392440691597,0.38707277844792926,0.702774,0.243617,gene-driven,gene-driven
ENSG00000050344,NFE2L3,34940,0.45335745878568556,0.28407720144752713,0.11379171692802574,0.4573783675110575,0.3269501407318054,0.263561,0.114294,neutral,neutral
ENSG00000050426,LETMD1,12463,0.7354242058705267,0.07860876558102131,0.36228387615601126,0.7406513872135102,0.4789806996381182,0.723255,0.091677,gene-driven,gene-driven
ENSG00000050438,SLC4A8,124447,0.13610776035383998,0.7770406111781263,0.6338962605548853,0.1399276236429433,0.42155207076799356,0.714315,0.383544,gene-driven,gene-driven
ENSG00000050555,LAMC3,85300,0.2137112987535183,0.5518697225572979,0.2131081624447125,0.21733011660635304,0.2988238841978287,0.177201,0.226327,neutral,neutral
ENSG00000050730,TNIP3,96059,0.1887816646562123,0.6489746682750301,0.0486529955770004,0.19260152794531565,0.2695617209489345,0.193215,0.204262,neutral,neutral
ENSG00000051009,FHIP1B,23367,0.5709690390028146,0.20828307197426618,0.4260152794531564,0.5749899477281866,0.4448632891033374,0.11541,0.150533,neutral,regulation-driven
ENSG00000051180,RAD51,37567,0.4304382790510655,0.8393646964213912,0.9857257740249297,0.4346602332127061,0.672336147969441,0.24029,0.454765,regulation-driven,regulation-driven
ENSG00000051596,THOC3,116808,0.14957780458383596,0.45255327704061116,0.7356252513067953,0.15379975874547647,0.3726779252110977,0.376377,0.323432,neutral,neutral
ENSG00000052723,SIKE1,11207,0.7585444310414153,0.018094089264173704,0.7100924809006836,0.7635705669481303,0.5623240852432649,0.822909,0.139526,gene-driven,gene-driven
ENSG00000053108,FSTL4,416087,0.022316043425814235,0.5888620828307197,0.27864897466827504,0.024125452352231604,0.2283976678729393,0.11727,0.302423,regulation-driven,neutral
ENSG00000053328,METTL24,114410,0.15460394049055087,0.44813027744270206,0.2372336147969441,0.15902694008846,0.24952754322476878,0.512726,0.215923,neutral,neutral
ENSG00000053372,MRTO4,8324,0.8176517893043828,0.01708886208283072,0.9429030960997186,0.8230800160836349,0.6499095295536791,0.550704,0.197125,neutral,neutral
ENSG00000053770,AP5M1,29819,0.5028146361077603,0.01648572577402493,0.5597104945717732,0.5066344993968637,0.39622034579815035,0.31156,0.137515,neutral,neutral
ENSG00000053918,KCNQ1,404452,0.0243264977885002,0.7667872939284278,0.22959388821873744,0.02613590671491757,0.26162042621632486,0.174266,0.329664,regulation-driven,neutral
ENSG00000054116,TRAPPC3,19484,0.6228387615601125,0.11982308001608363,0.9931644551668677,0.6268596702854845,0.5904704463208685,0.473256,0.276437,gene-driven,neutral
ENSG00000054118,THRAP3,80926,0.22838761560112586,0.005026135906714918,0.35625251306795336,0.2314032971451548,0.2051166063530358,0.188219,0.124598,neutral,neutral
ENSG00000054179,ENTPD2,5955,0.8709288299155609,0.7050663449939686,0.3536389223964616,0.8765581021310817,0.7012665862484921,0.396984,0.231856,neutral,regulation-driven
ENSG00000054965,FAM168A,197703,0.07398472054684359,0.3148371531966224,0.7981503819863289,0.07860876558102131,0.31616405307599516,0.444049,0.309912,neutral,neutral
ENSG00000055044,NOP58,37926,0.4284278246883796,0.15560916767189384,0.9209891435464415,0.4326497788500201,0.4842078809811017,0.374196,0.262917,neutral,neutral
ENSG00000055118,KCNH2,33361,0.46763168476075595,0.637112987535183,0.61318858061922,0.4714515480498593,0.5471552070767993,0.121612,0.307197,regulation-driven,regulation-driven
ENSG00000055211,GINM1,25455,0.548854041013269,0.19099316445516687,0.3226779252110977,0.5532770406111781,0.4037293928427824,0.356082,0.128619,neutral,neutral
ENSG00000055813,CCDC85A,202183,0.07117008443908324,0.5247285886610374,0.47788500201045436,0.07559308403699236,0.2871230398069964,0.234811,0.308002,neutral,neutral
ENSG00000056050,HPF1,28475,0.514475271411339,0.10494571773220748,0.7064736630478489,0.5182951347004423,0.46085645355850424,0.362143,0.191446,neutral,neutral
ENSG00000056291,NPFFR2,116404,0.15118616807398472,0.6926015279453156,0.29613992762364294,0.15540812223562525,0.32362283876156006,0.621912,0.29222,gene-driven,gene-driven
ENSG00000056736,IL17RB,19227,0.6262565339766787,0.5983112183353438,0.16123843988741454,0.6304784881383193,0.5038600723763571,0.339466,0.191998,neutral,dual-driven
ENSG00000057252,SOAT1,64967,0.2790510655408122,0.7034579815038199,0.5307599517490953,0.28246883795737837,0.4487635705669481,0.326462,0.32876,neutral,neutral
ENSG00000057294,PKP2,106054,0.16887816646562123,0.6419380780056293,0.1517893043827905,0.17310012062726177,0.28371531966224367,0.720618,0.237887,gene-driven,gene-driven
ENSG00000057468,MSH4,116361,0.15158825894652192,0.7356252513067953,0.5190993164455167,0.15581021310816245,0.39031966224366704,0.195426,0.351226,regulation-driven,regulation-driven
ENSG00000057593,F7,14898,0.6893848009650181,0.9382790510655408,0.45375954965822274,0.694410936871733,0.6937072778447929,0.377191,0.324186,neutral,regulation-driven
ENSG00000057663,ATG5,280369,0.046039404905508646,0.06554081222356252,0.7860876558102131,0.04905508644953759,0.23652995577000402,0.716644,0.251357,gene-driven,gene-driven
ENSG00000057757,PITHD1,9815,0.7854845195014073,0.10213108162444713,0.9609971853638922,0.7903096099718536,0.6594893445918778,0.528277,0.235625,neutral,neutral
ENSG00000058056,USP13,151335,0.10454362685967028,0.766184157619622,0.7726176115802171,0.109167671893848,0.4378970647366305,0.108082,0.411238,regulation-driven,regulation-driven
ENSG00000058063,ATP11B,129509,0.13007639726578207,0.26336952151186166,0.7864897466827503,0.13369521511861682,0.32822677925211097,0.129232,0.285887,regulation-driven,regulation-driven
ENSG00000058085,LAMC2,58890,0.3027744270205066,0.49658222758343384,0.22155207076799358,0.30639324487334135,0.3316445516686771,0.144954,0.205368,neutral,regulation-driven
ENSG00000058091,CDK14,744167,0.006031363088057901,0.16606353035786087,0.6556091676718938,0.007237635705669481,0.20867511057498994,0.166385,0.276287,neutral,neutral
ENSG00000058262,SEC61A1,20065,0.6129875351829513,0.09187776437474869,0.995979091274628,0.6170084439083233,0.5792621632488942,0.493315,0.270557,gene-driven,neutral
ENSG00000058668,ATP2B4,117250,0.1477683956574186,0.5524728588661038,0.6542018496180136,0.1519903498190591,0.3763972657820667,0.105408,0.332982,regulation-driven,regulation-driven
ENSG00000058729,RIOK2,22381,0.5830317651789304,0.04181745074386811,0.6453558504221955,0.587253719340571,0.46415359871330925,0.226877,0.152141,neutral,neutral
ENSG00000058804,NDC1,72986,0.2505026135906715,0.07700040209087254,0.33775633293124246,0.25371934057096907,0.22958383594692403,0.206142,0.134248,neutral,neutral
ENSG00000058866,DGKG,256567,0.05126658624849216,0.5554885404101327,0.42460796139927626,0.054282267792521106,0.2712605548854041,0.141908,0.310515,regulation-driven,neutral
ENSG00000059377,TBXAS1,243275,0.0548854041013269,0.7129071170084439,0.14374748693204664,0.058303176517893046,0.24228990751909932,0.740396,0.274729,gene-driven,gene-driven
ENSG00000059588,TARBP1,87867,0.20426216324889426,0.2866907921190189,0.1958182549256132,0.20788098110172898,0.2234821069561721,0.110464,0.156212,neutral,neutral
ENSG00000059769,DNAJC25,23018,0.5757941294732609,0.1831523924406916,0.7358262967430639,0.5800160836349015,0.5184861278648975,0.38853,0.210243,neutral,neutral
ENSG00000060339,CCAR1,71366,0.2569360675512666,0.0733815842380378,0.905307599517491,0.26015279453156415,0.373783675110575,0.758622,0.250603,gene-driven,gene-driven
ENSG00000060642,PIGV,13606,0.7143144350623241,0.5237233614796944,0.4427020506634499,0.7197426618415762,0.5998492159227986,0.769585,0.21728,gene-driven,gene-driven
ENSG00000060688,SNRNP40,37221,0.4332529151588259,0.04624045034177724,0.9539605950944914,0.4374748693204664,0.46752110977080824,0.263078,0.246683,neutral,regulation-driven
ENSG00000060982,BCAT1,139078,0.11660635303578609,0.5072376357056695,0.38681141938078006,0.12042621632488942,0.28257941294732614,0.720503,0.271864,gene-driven,gene-driven
ENSG00000061337,LZTS1,57799,0.30699638118214717,0.5126658624849216,0.22215520707679937,0.3104141535987133,0.33788701246481706,0.308152,0.209238,neutral,neutral
ENSG00000061492,WNT8A,8376,0.8166465621230398,0.9143546441495778,0.7663852030558906,0.8220747889022919,0.8295938882187375,0.412853,0.369069,neutral,dual-driven
ENSG00000061676,NCKAP1,129744,0.1288701246481705,0.2770406111781263,0.9441093687173301,0.13248894250100524,0.3704463208685163,0.122205,0.315088,regulation-driven,regulation-driven
ENSG00000062194,GPBP1,90732,0.19863289103337353,0.2623642943305187,0.5611178126256534,0.20225170888620828,0.30591073582629674,0.444875,0.234419,gene-driven,neutral
ENSG00000062524,LTK,10251,0.7770406111781263,0.7119018898271009,0.2995577000402091,0.7822677925211098,0.6424306393244873,0.183424,0.236932,neutral,regulation-driven
ENSG00000063660,GPC1,32414,0.47788500201045436,0.42882991556091676,0.20587052673904302,0.4819059107358263,0.3984217933252915,0.732324,0.171341,gene-driven,gene-driven
ENSG00000064199,SPA17,23675,0.5665460394049056,0.8468033775633294,0.27764374748693205,0.5705669481302774,0.5651889827100924,0.502171,0.283323,neutral,neutral
ENSG00000064201,TSPAN32,16208,0.6686771210293526,0.6228387615601125,0.0677523120225171,0.6735022114997989,0.507951347004423,0.383489,0.175462,gene-driven,neutral
ENSG00000064218,DMRT3,15078,0.6857659831121834,0.8078005629272216,0.6932046642541214,0.6907921190188983,0.7191395255327704,0.225674,0.343084,neutral,regulation-driven
ENSG00000064393,HIPK2,216429,0.06554081222356252,0.5142742259750703,0.8198632891033374,0.7673904302372336,0.5066747084841174,0.116878,0.561701,regulation-driven,regulation-driven
ENSG00000064419,TNPO3,100994,0.18013671089666264,0.05126658624849216,0.9111379171692803,0.18415761962203459,0.3314736630478488,0.257229,0.251156,neutral,neutral
ENSG00000064651,SLC12A2,105912,0.16907921190188982,0.4756735022114998,0.5870526739043024,0.987535182951347,0.5139123441897868,0.170045,0.4943,neutral,neutral
ENSG00000064703,DDX20,20771,0.6045436268596703,0.732810615199035,0.38078005629272216,0.6085645355850422,0.5814736630478489,0.126246,0.270155,neutral,regulation-driven
ENSG00000064763,FAR2,192106,0.07659831121833534,0.3779654201849618,0.4752714113389626,0.08082026537997587,0.2524527543224769,0.814887,0.269552,gene-driven,gene-driven
ENSG00000064886,CHI3L2,42670,0.3976678729392843,0.7909127462806594,0.1338962605548854,0.9985926819461198,0.5502211499798955,0.788098,0.449869,gene-driven,gene-driven
ENSG00000064995,TAF11,11731,0.748291113791717,0.11238439887414556,0.7844792923200643,0.7535182951347005,0.5994069159630077,0.556867,0.180891,gene-driven,neutral
ENSG00000064999,ANKS1A,202152,0.9867310012062727,0.2438681141938078,0.5088459991958183,0.07579412947326096,0.49935665460394046,0.580544,0.541958,neutral,neutral
ENSG00000065060,BLTP3A,85432,0.21290711700844392,0.39927623642943305,0.3831926015279453,0.21652593486127866,0.3027945315641335,0.13073,0.229996,neutral,regulation-driven
ENSG00000065135,GNAI3,51581,0.3403699236027342,0.2535182951347004,0.9722557297949337,0.34398874145556896,0.4773522316043426,0.444652,0.308454,neutral,neutral
ENSG00000065154,OAT,21674,0.5932850824286289,0.33212706071572173,0.8512263771612384,0.5973059911540008,0.5932850824286289,0.26921,0.271713,neutral,regulation-driven
ENSG00000065243,PKN2,152034,0.10394049055086449,0.17571371129875352,0.8174507438681142,0.10856453558504221,0.30118616807398474,0.155258,0.272668,neutral,neutral
ENSG00000065308,TRAM2,79653,0.2316043425814234,0.19400884599919582,0.8110172899075191,0.23462002412545235,0.3676618415761962,0.385515,0.263168,neutral,neutral
ENSG00000065357,DGKA,26709,0.5355850422195416,0.4328508242862887,0.6097708082026538,0.5402090872537193,0.529372738238842,0.752662,0.247738,gene-driven,gene-driven
ENSG00000065491,TBC1D22B,75199,0.24527543224768797,0.10554885404101327,0.8586650583031765,0.24869320466425412,0.36437474869320463,0.328971,0.249296,neutral,neutral
ENSG00000065518,NDUFB4,6180,0.8657016485725774,0.13128266988339365,0.4569762766385203,0.8711298753518295,0.5810012062726176,0.5365,0.103086,neutral,neutral
ENSG00000065548,ZC3H15,25677,0.5470446320868516,0.007438681141938078,0.9549658222758344,0.5514676316847608,0.5150080418174507,0.420808,0.229795,neutral,neutral
ENSG00000065600,PACC1,50974,0.3427824688379574,0.2945315641334942,0.7060715721753116,0.9897466827503015,0.550934861278649,0.327392,0.452583,neutral,regulation-driven
ENSG00000065615,CYB5R4,107768,0.1642541214314435,0.390832328106152,0.34398874145556896,0.16867712102935264,0.26671692802573377,0.151799,0.226528,neutral,neutral
ENSG00000065621,GSTO2,36078,0.44330518697225574,0.5625251306795336,0.3761560112585444,0.44732609569762766,0.4571270607157218,0.477925,0.242008,neutral,neutral
ENSG00000065675,PRKCQ,153159,0.10253317249698432,0.7905106554081223,0.7084841174105347,0.10715721753116204,0.426940088459992,0.15389,0.407519,regulation-driven,regulation-driven
ENSG00000065802,ASB1,25509,0.5484519501407318,0.1574185765983112,0.7667872939284278,0.5528749497386409,0.5061620426216324,0.545305,0.212505,gene-driven,neutral
ENSG00000065833,ME1,220650,0.06373140329714516,0.5283474065138721,0.5335745878568556,0.06815440289505428,0.29823080016083636,0.355036,0.321974,neutral,neutral
ENSG00000065970,FOXJ2,22802,0.5786087655810213,0.22416566143948533,0.5806192199437072,0.5828307197426619,0.4913449939686369,0.238199,0.186319,neutral,regulation-driven
ENSG00000066027,PPP2R5A,76444,0.24145556895858464,0.12585444310414154,0.8843988741455568,0.24467229593888218,0.3739344591877764,0.194491,0.260404,neutral,regulation-driven
ENSG00000066056,TIE1,22127,0.5868516284680337,0.4153598713309208,0.648572577402493,0.5908725371934057,0.5602131081624447,0.180418,0.246884,neutral,regulation-driven
ENSG00000066185,ZMYND12,25925,0.5440289505428226,0.8246883795737837,0.27563329312424606,0.5486529955770004,0.5480197024527543,0.708884,0.280056,gene-driven,gene-driven
ENSG00000066294,CD84,38422,0.42259750703659027,0.6718938480096501,0.029151588258946523,0.4268194611982308,0.38740450341777244,0.335113,0.185967,neutral,neutral
ENSG00000066336,SPI1,54510,0.3230800160836349,0.874346602332127,0.6696823482106956,0.32689987937273823,0.5483112183353438,0.573977,0.39229,gene-driven,neutral
ENSG00000066379,POLR1H,6011,0.8693204664254122,0.15440289505428226,0.6234418978689183,0.8749497386409328,0.6302472858866103,0.530468,0.135706,neutral,neutral
ENSG00000066405,CLDN18,34921,0.45375954965822274,0.9107358262967431,0.5550864495375954,0.4577804583835947,0.5941395255327704,0.501186,0.362887,neutral,neutral
ENSG00000066422,ZBTB11,28247,0.517490952955368,0.02251708886208283,0.6755126658624849,0.5215118616807398,0.4340570969039003,0.143969,0.163701,neutral,regulation-driven
ENSG00000066855,MTFR1,126528,0.1344993968636912,0.4356654603940491,0.22476879774829112,0.13831926015279453,0.23312223562525133,0.469278,0.212756,gene-driven (relaxed),gene-driven (relaxed)
ENSG00000067082,KLF6,9286,0.7963409730599116,0.39344591877764373,0.8781664656212304,0.8013671089666264,0.7170788098110172,0.506546,0.270406,gene-driven,dual-driven
ENSG00000067113,PLPP1,110116,0.16023321270607158,0.3156413349416968,0.5812223562525131,0.16485725774024929,0.3052573381584238,0.691422,0.256986,gene-driven,gene-driven
ENSG00000067221,STOML1,15697,0.6769199839163651,0.13188580619219945,0.5271411338962606,0.6819461198230801,0.5042219541616406,0.532615,0.139526,gene-driven,neutral
ENSG00000067334,DNTTIP2,13635,0.7133092078809811,0.005830317651789305,0.19179734620024125,0.7187374346602332,0.4071471652593486,0.26737,0.042521,neutral,neutral
ENSG00000067533,RRP15,52691,0.33373542420587055,0.10474467229593888,0.3488138319260153,0.3375552874949739,0.2810213108162445,0.525442,0.132992,neutral,neutral
ENSG00000067704,IARS2,53910,0.32569360675512665,0.039203860072376355,0.592681946119823,0.32951347004423,0.32158222758343386,0.281594,0.169331,neutral,neutral
ENSG00000068028,RASSF1,11199,0.7591475673502212,0.25894652191395257,0.7593486127864898,0.7641737032569361,0.6351527945315641,0.330066,0.210545,neutral,regulation-driven
ENSG00000068650,,197131,0.07438681141938078,0.4734620024125452,0.6853638922396461,0.0790108564535585,0.3278246883795738,0.1019,0.334037,regulation-driven,regulation-driven
ENSG00000068654,POLR1A,85940,0.21069561720948934,0.29191797346200243,0.5625251306795336,0.2143144350623241,0.31968234821069563,0.109479,0.240953,neutral,regulation-driven
ENSG00000068697,LAPTM4A,18979,0.6280659429030961,0.18536389223964617,0.9624045034177724,0.6322878970647366,0.6018194611982308,0.520989,0.271663,neutral,neutral
ENSG00000068745,IP6K2,52351,0.33594692400482506,0.26960193003618815,0.5697627663852031,0.33996783273019704,0.3786188178528347,0.818014,0.221854,gene-driven,gene-driven
ENSG00000068784,SRBD1,223486,0.06272617611580217,0.16063530357860878,0.2852834740651387,0.0669481302774427,0.14368717330116607,0.247557,0.176317,neutral,neutral
ENSG00000068831,RASGRP2,18546,0.6349014877362283,0.6127864897466827,0.4867310012062726,0.639123441897869,0.5931745074386812,0.153548,0.257338,neutral,regulation-driven
ENSG00000068912,,46030,0.3721351025331725,0.25814234016887816,0.842983514274226,0.3761560112585444,0.4621531966224367,0.634184,0.272668,gene-driven (relaxed),gene-driven (relaxed)
ENSG00000068976,PYGM,13586,0.7151186168073985,0.9370727784479292,0.892842782468838,0.7205468435866506,0.8161238439887415,0.12306,0.421743,regulation-driven,regulation-driven
ENSG00000069206,ADAM7,86041,0.21049457177322076,0.9897466827503015,0.072778447929232,0.9929634097305992,0.5273723361479694,0.170406,0.488098,regulation-driven,regulation-driven
ENSG00000069275,NUCKS1,37361,0.43184559710494574,0.19722557297949336,0.8566546039404905,0.43606755126658625,0.480237233614797,0.538189,0.254775,neutral,neutral
ENSG00000069482,GAL,7397,0.8375552874949739,0.9435062324085244,0.24266184157619622,0.8431845597104946,0.7164455166867713,0.588993,0.277292,neutral,neutral
ENSG00000069667,RORA,741019,0.006232408524326498,0.6270607157217531,0.8136308805790109,0.007438681141938078,0.36353035786087656,0.7671,0.400633,gene-driven,gene-driven
ENSG00000069869,,166739,0.09227985524728588,0.5703659026940089,0.5780056292722155,0.09650180940892641,0.3340772014475272,0.331946,0.332127,neutral,neutral
ENSG00000069956,MAPK6,115270,0.1523924406915963,0.37494973864093284,0.8317249698431846,0.15681544028950542,0.3787494973864093,0.313123,0.320768,neutral,neutral
ENSG00000069966,GNB5,76293,0.24246079613992763,0.4427020506634499,0.9161640530759951,0.24567752312022517,0.4615902694008846,0.269793,0.346552,neutral,regulation-driven
ENSG00000070019,GUCY2C,83968,0.21672698029754725,0.985524728588661,0.3958584640128669,0.220345798150382,0.45443305186972255,0.183635,0.36922,regulation-driven,regulation-driven
ENSG00000070047,,35753,0.44652191395255325,0.10735826296743065,0.1769199839163651,0.4505428226779252,0.29513470044229995,0.024698,0.08655,neutral,neutral
ENSG00000070087,PFN2,85885,0.21109770808202655,0.4266184157619622,0.715319662243667,0.2147165259348613,0.39175713711298754,0.600166,0.304534,gene-driven,gene-driven
ENSG00000070159,PTPN3,122848,0.13872135102533173,0.49155609167671893,0.5719742661841576,0.14254121431443506,0.3360072376357056,0.115169,0.302423,regulation-driven,regulation-driven
ENSG00000070190,DAPP1,53364,0.3293124246079614,0.6117812625653397,0.6815440289505428,0.9939686369119421,0.6209187776437475,0.3711,0.529312,regulation-driven,regulation-driven
ENSG00000070193,FGF10,89460,0.20164857257740249,0.47828709288299154,0.7032569360675512,0.20526739043023723,0.3969340570969039,0.833796,0.316345,gene-driven,gene-driven
ENSG00000070269,TMEM260,162253,0.09589867310012062,0.2004422999597909,0.29573783675110576,0.09991958182549256,0.17279855247285886,0.218994,0.180388,neutral,neutral
ENSG00000070367,EXOC5,68399,0.26537997587454765,0.2627663852030559,0.9507438681141938,0.2685967028548452,0.43671089666264573,0.084022,0.307951,neutral,neutral
ENSG00000070610,GBA2,12363,0.7374346602332127,0.0735826296743064,0.6039404905508645,0.7426618415761962,0.5391435464414958,0.158514,0.133394,neutral,regulation-driven
ENSG00000070748,CHAT,58848,0.30317651789304384,0.768194611982308,0.5647366304784881,0.3067953357458786,0.4855448331322879,0.455438,0.348311,neutral,neutral
ENSG00000070756,,36994,0.43526336952151184,0.1759147567350221,0.973059911540008,0.4392842782468838,0.5056795335745878,0.155089,0.28659,neutral,neutral
ENSG00000070759,TESK2,147281,0.1093687173301166,0.3401688781664656,0.4622034579815038,0.11379171692802574,0.2561620426216325,0.250543,0.25,neutral,neutral
ENSG00000070886,EPHA8,40107,0.41355046240450344,0.7704061117812626,0.6909931644551669,0.41757137112987536,0.5729292320064334,0.708469,0.363289,gene-driven,neutral
ENSG00000070985,TRPM5,40000,0.4141535987133092,0.7151186168073985,0.3540410132689988,0.4181745074386811,0.47517088862082835,0.22192,0.278096,neutral,neutral
ENSG00000071073,MGAT4A,112027,0.15761962203457983,0.4244069159630076,0.8120225170888621,0.16224366706875754,0.3888419782870928,0.297819,0.328709,neutral,neutral
ENSG00000071189,,149741,0.10615199034981906,0.13047848813831925,0.8801769199839163,0.11057498994772819,0.3066244471250502,0.103991,0.270909,regulation-driven,regulation-driven
ENSG00000071243,ING3,26454,0.5390028146361078,0.18275030156815442,0.9823080016083635,0.5438279051065541,0.5617310012062726,0.542008,0.287696,gene-driven,neutral
ENSG00000071246,VASH1,21548,0.5940892641737032,0.18496180136710896,0.9599919581825492,0.5981101728990752,0.5840872537193406,0.501524,0.273321,gene-driven,neutral
ENSG00000071462,BUD23,14616,0.6948130277442702,0.49034981905910735,0.8242862887012464,0.6996381182147166,0.6770305589063128,0.598603,0.293175,gene-driven,neutral
ENSG00000071537,SEL1L,62307,0.28950542822677927,0.5494571773220748,0.7959388821873743,0.293124246079614,0.48182549256131885,0.367662,0.342079,neutral,neutral
ENSG00000071575,TRIB2,25825,0.5452352231604343,0.4706473663047849,0.9901487736228387,0.9937675914756735,0.7275231202251708,0.29612,0.562646,regulation-driven,regulation-driven
ENSG00000071677,PRLH,602,0.9794933655006032,0.8202653799758746,0.5665460394049056,0.9857257740249297,0.8376960193003619,0.651196,0.249548,neutral,regulation-driven
ENSG00000072042,RDH11,18994,0.6276638520305589,0.5325693606755126,0.6825492561318858,0.6318858061921995,0.6184559710494572,0.307177,0.279302,neutral,regulation-driven
ENSG00000072080,SPP2,26456,0.5388017691998391,0.9817048652995577,0.09268194611982308,0.5436268596702855,0.538962605548854,0.517793,0.279906,neutral,neutral
ENSG00000072134,EPN2,121101,0.1411338962605549,0.220345798150382,0.5613188580619219,0.1451548049859268,0.2667872939284278,0.758937,0.232559,gene-driven,gene-driven
ENSG00000072182,ASIC4,24603,0.5560916767189384,0.9246079613992763,0.6726980297547246,0.5601125854443104,0.6781765178930439,0.169582,0.382288,regulation-driven,regulation-driven
ENSG00000072401,UBE2D1,35773,0.4459187776437475,0.4686369119420989,0.975070365902694,0.4499396863691194,0.5846903900281464,0.482921,0.360424,neutral,neutral
ENSG00000072415,PALS1,95349,0.19099316445516687,0.304583835946924,0.8082026537997588,0.1946119823080016,0.37441696823482107,0.157147,0.294029,neutral,regulation-driven
ENSG00000072422,RHOBTB1,132003,0.12585444310414154,0.3445918777643747,0.650583031765179,0.12967430639324487,0.31248492159227986,0.177684,0.283524,neutral,neutral
ENSG00000072571,HMMR,31739,0.4857257740249296,0.8622838761560112,0.2563329312424608,0.48954563731403294,0.5232810615199035,0.585117,0.289003,gene-driven,neutral
ENSG00000072609,CHFR,134118,0.12324085243264978,0.17289907519099315,0.427221552070768,0.12706071572175312,0.21241455568958584,0.516683,0.196271,gene-driven,gene-driven
ENSG00000072832,CRMP1,145003,0.11117812625653398,0.6471652593486128,0.6001206272617612,0.1156011258544431,0.3682951347004423,0.147869,0.351176,regulation-driven,regulation-driven
ENSG00000072840,EVC,103105,0.1753116204262163,0.426216324889425,0.06051467631684761,0.9911540008041817,0.3725070365902694,0.454385,0.354946,neutral,neutral
ENSG00000072858,SIDT1,97160,0.18737434660233213,0.5649376759147567,0.5723763570566948,0.19119420989143546,0.37877965420184956,0.14993,0.314083,regulation-driven,regulation-driven
ENSG00000073060,SCARB1,105813,0.16988339364696423,0.8345396059509449,0.3530357860876558,0.17390430237233614,0.38263972657820666,0.487148,0.336198,gene-driven,neutral
ENSG00000073067,CYP2W1,6460,0.8596702854845195,0.7657820667470848,0.35243264977885,0.8652995577000402,0.7105146763168477,0.278086,0.249196,neutral,regulation-driven
ENSG00000073598,FNDC8,9118,0.7991556091676719,0.9553679131483716,0.23743466023321272,0.8041817450743868,0.6987836751105749,0.604111,0.284228,neutral,neutral
ENSG00000073734,ABCB11,115827,0.1517893043827905,0.9276236429433052,0.5494571773220748,0.15621230398069963,0.44604945717732203,0.787193,0.398975,gene-driven,gene-driven
ENSG00000073737,DHRS9,31379,0.48914354644149577,0.5351829513470044,0.390832328106152,0.4929634097305991,0.4768395657418577,0.221271,0.233866,neutral,regulation-driven
ENSG00000073754,CD5L,67346,0.2687977482911138,0.994973864093285,0.027744270205066344,0.27221552070767996,0.39076196220345794,0.479172,0.27111,neutral,neutral
ENSG00000073756,PTGS2,9132,0.7985524728588661,0.6242460796139928,0.6793325291515883,0.8035786087655811,0.7261761158021713,0.343627,0.2789,neutral,regulation-driven
ENSG00000073792,IGF2BP2,181913,0.08142340168878166,0.43687173301166066,0.7135102533172497,0.9893445918777644,0.509891435464415,0.167079,0.52497,regulation-driven,regulation-driven
ENSG00000074071,MRPS34,1261,0.9748693204664254,0.0548854041013269,0.3729392842782469,0.9811017289907519,0.5956373140329714,0.828046,0.040661,gene-driven,gene-driven
ENSG00000074211,PPP2R2C,243023,0.0550864495375955,0.7505026135906715,0.8178528347406514,0.05850422195416164,0.42031564133494176,0.700238,0.422598,gene-driven,gene-driven
ENSG00000074276,CDHR2,53464,0.3283071974266184,0.8795737836751105,0.0790108564535585,0.33212706071572173,0.40456373140329716,0.438593,0.259449,gene-driven,neutral
ENSG00000074317,SNCB,10475,0.773220747889023,0.9326497788500201,0.8596702854845195,0.7784479292320065,0.8357358262967431,0.660185,0.404302,gene-driven,dual-driven
ENSG00000074410,CA12,60469,0.29573783675110576,0.6584238037796541,0.38500201045436266,0.2991556091676719,0.4094089264173703,0.258112,0.283424,neutral,regulation-driven
ENSG00000074416,MGLL,363129,0.0305589063128267,0.40731805388017694,0.28990751909931645,0.03277040611178126,0.19002814636107762,0.209861,0.256484,neutral,neutral
ENSG00000074771,NOX3,60472,0.2955367913148372,0.7239646160032167,0.41676718938480095,0.2989545637314033,0.4336349014877362,0.505991,0.307097,neutral,neutral
ENSG00000074935,TUBE1,16867,0.65902694008846,0.32127060715721756,0.8944511459589868,0.6640530759951749,0.6344491355046241,0.271492,0.275834,neutral,regulation-driven
ENSG00000075073,TACR2,13016,0.7247687977482911,0.8152392440691596,0.6389223964616003,0.7299959790912747,0.7269702452754322,0.372145,0.329564,neutral,regulation-driven
ENSG00000075142,SRI,21879,0.5902694008845999,0.18998793727382388,0.7987535182951347,0.5942903096099719,0.543124246079614,0.324437,0.222557,neutral,regulation-driven
ENSG00000075188,NUP37,47018,0.3652995577000402,0.1278648974668275,0.7197426618415762,0.36932046642541216,0.3953558504221954,0.412033,0.213259,neutral,neutral
ENSG00000075290,WNT8B,20736,0.605146763168476,0.7507036590269401,0.9579815038198632,0.609167671893848,0.7305488540410133,0.500925,0.414204,neutral,regulation-driven
ENSG00000075303,SLC25A40,42793,0.3964616003216727,0.20024125452352232,0.5983112183353438,0.4006835544833132,0.39871330920788095,0.359916,0.204061,gene-driven,neutral
ENSG00000075407,ZNF37A,55960,0.31544028950542824,0.2076799356654604,0.010655408122235626,0.319059107358263,0.21302774427020507,0.246864,0.062525,neutral,neutral
ENSG00000075420,FNDC3B,362092,0.03116204262163249,0.23904302372336148,0.5285484519501408,0.03337354242058705,0.20792119018898272,0.107911,0.261057,regulation-driven,neutral
ENSG00000075673,ATP12A,32065,0.4817048652995577,0.7575392038600723,0.7778447929232006,0.485524728588661,0.6254624045034178,0.302483,0.370778,neutral,dual-driven
ENSG00000075884,ARHGAP15,676991,0.007639726578206675,0.6861680739847206,0.2060715721753116,0.009047044632086852,0.22716123843988742,0.242199,0.321823,neutral,neutral
ENSG00000075914,EXOSC7,60826,0.2935263369521512,0.21572175311620426,0.8723361479694411,0.29694410936871735,0.4194611982308002,0.376176,0.275483,neutral,neutral
ENSG00000075945,KIFAP3,163883,0.09469240048250904,0.2874949738640933,0.6930036188178529,0.09891435464414958,0.29331523924406916,0.143305,0.283424,neutral,regulation-driven
ENSG00000075975,MKRN2,29152,0.5076397265782067,0.5681544028950543,0.6646562123039808,0.5116606353035786,0.5628266988339365,0.739629,0.298804,gene-driven,gene-driven
ENSG00000076003,MCM6,36818,0.43626859670285484,0.2657820667470848,0.9221954161640531,0.44028950542822676,0.5159328508242863,0.232218,0.290159,neutral,regulation-driven
ENSG00000076053,RBM7,14174,0.7042621632488942,0.10534780860474467,0.4941696823482107,0.7094893445918777,0.5030558906312826,0.779868,0.12314,gene-driven,gene-driven
ENSG00000076067,RBMS2,74374,0.24829111379171692,0.4847205468435867,0.6785283474065139,0.2515078407720145,0.4156011258544431,0.432152,0.30775,neutral,neutral
ENSG00000076248,UNG,29129,0.5080418174507438,0.377362283876156,0.6698833936469643,0.5120627261761158,0.5166365098512263,0.209942,0.252362,neutral,regulation-driven
ENSG00000076321,KLHL20,71752,0.25512665862484923,0.09831121833534379,0.9718536389223965,0.25834338560514675,0.3957478890229192,0.202201,0.270456,neutral,regulation-driven
ENSG00000076356,,222143,0.06292722155207077,0.41234418978689186,0.6672698029754724,0.06735022114997989,0.3022517088862083,0.100653,0.318758,regulation-driven,regulation-driven
ENSG00000076513,ANKRD13A,40578,0.41053478086047446,0.2679935665460394,0.7909127462806594,0.4145556895858464,0.47079815038198636,0.271901,0.258293,neutral,neutral
ENSG00000076604,TRAF4,6946,0.8492159227985525,0.3771612384398874,0.8289103337354242,0.8548451950140732,0.7272517088862083,0.688306,0.241858,gene-driven,neutral
ENSG00000076641,PAG1,144259,0.11178126256533977,0.5856453558504222,0.16807398472054685,0.9887414555689585,0.4197125050261359,0.224538,0.433876,regulation-driven,regulation-driven
ENSG00000076706,MCAM,12993,0.7251708886208283,0.7062726176115802,0.2072778447929232,0.7303980699638118,0.5920184961801367,0.159479,0.221854,neutral,regulation-driven
ENSG00000077092,RARB,910046,0.9817048652995577,0.25211097708082025,0.7619622034579815,0.0038198632891033374,0.5487937273823884,0.131383,0.606393,regulation-driven,regulation-driven
ENSG00000077097,,66932,0.27060715721753115,0.09328508242862887,0.7882991556091676,0.2740249296340973,0.35638319260152795,0.711089,0.227935,gene-driven,gene-driven
ENSG00000077150,NFKB2,8415,0.8158423803779654,0.35243264977885,0.38600723763570566,0.8210695617209489,0.5935765983112183,0.280383,0.154604,neutral,neutral
ENSG00000077152,UBE2T,10441,0.774225975070366,0.6473663047848813,0.6857659831121834,0.7794531564133494,0.7214414957780458,0.426086,0.291918,neutral,regulation-driven
ENSG00000077157,,244008,0.0546843586650583,0.5345798150381986,0.2770406111781263,0.058102131081624445,0.23093084036992362,0.747658,0.270808,gene-driven,gene-driven
ENSG00000077232,DNAJC10,78210,0.23622838761560114,0.23562525130679535,0.706875753920386,0.23944511459589868,0.3543827905106554,0.16154,0.252413,neutral,neutral
ENSG00000077327,SPAG6,108780,0.16244471250502612,0.9607961399276237,0.6127864897466827,0.16686771210293527,0.47550261359067153,0.199065,0.413902,regulation-driven,regulation-driven
ENSG00000077420,APBB1IP,130109,0.12806594290309609,0.7633695215118617,0.26497788500201047,0.13168476075593083,0.321843586650583,0.185203,0.304031,neutral,neutral
ENSG00000077498,TYR,117885,0.9887414555689585,0.9951749095295537,0.4398874145556896,0.15078407720144751,0.6855448331322878,0.428508,0.691134,regulation-driven,regulation-driven
ENSG00000077943,ITGA8,205969,0.06895858464012868,0.8695215118616807,0.3657016485725774,0.0733815842380378,0.3441696823482107,0.161037,0.366053,regulation-driven,regulation-driven
ENSG00000078124,ACER3,165939,0.09308403699236027,0.3701246481704865,0.43506232408524326,0.0973059911540008,0.2486831523924407,0.203729,0.255127,neutral,neutral
ENSG00000078177,N4BP2,101456,0.17953357458785685,0.23281061519903498,0.10454362685967028,0.1835544833132288,0.1749095295536791,0.694707,0.122386,gene-driven,gene-driven
ENSG00000078237,TIGAR,52266,0.33675110574989947,0.18938480096501809,0.1952151186168074,0.3407720144752714,0.2653297145154805,0.262927,0.120527,neutral,neutral
ENSG00000078295,ADCY2,433944,0.02010454362685967,0.6576196220345798,0.6003216726980297,0.02191395255327704,0.3248994772818657,0.114214,0.381685,regulation-driven,regulation-driven
ENSG00000078399,HOXA9,12743,0.729794933655006,0.4796944109368717,0.35122637716123845,0.7350221149979895,0.5736731001206272,0.832941,0.19039,gene-driven,gene-driven
ENSG00000078401,EDN1,6834,0.851427422597507,0.49095295536791317,0.4561720948934459,0.8570566948130277,0.6636208283071974,0.54621,0.195919,neutral,neutral
ENSG00000078725,BRINP1,215978,0.06594290309609972,0.9380780056292722,0.8323281061519904,0.07016485725774024,0.47641737032569365,0.261992,0.462606,regulation-driven,regulation-driven
ENSG00000078900,TP73,83686,0.21692802573381584,0.5836349014877362,0.8393646964213912,0.994973864093285,0.6198230800160835,0.794039,0.566204,gene-driven,gene-driven
ENSG00000079277,MKNK1,59437,0.2991556091676719,0.30036188178528345,0.7631684760755931,0.302573381584238,0.41614394853236836,0.709761,0.271864,gene-driven,gene-driven
ENSG00000079393,DUSP13B,12068,0.7440691596300764,0.9320466425412143,0.30156815440289503,0.7492963409730599,0.6814837153196622,0.82109,0.293979,gene-driven,neutral
ENSG00000079459,FDFT1,43823,0.3866103739445115,0.26537997587454765,0.7635705669481303,0.390832328106152,0.45138721351025335,0.501694,0.254021,gene-driven,neutral
ENSG00000079557,AFM,22257,0.5856453558504222,0.9742661841576197,0.05890631282669884,0.5898673100120627,0.5519601930036189,0.361952,0.26156,neutral,regulation-driven
ENSG00000079689,SCGN,49583,0.3526336952151186,0.8005629272215521,0.5317651789304383,0.35625251306795336,0.5101226377161239,0.537927,0.341476,neutral,neutral
ENSG00000079739,PGM1,66835,0.27221552070767996,0.7008443908323281,0.8634901487736228,0.27563329312424606,0.5278749497386409,0.581006,0.395808,gene-driven,neutral
ENSG00000079931,MOXD1,105421,0.17048652995577002,0.6431443506232408,0.37575392038600725,0.17470848411741052,0.3408122235625251,0.332579,0.294532,neutral,neutral
ENSG00000079950,STX7,67332,0.269199839163651,0.2790510655408122,0.62464817048653,0.27261761158021713,0.3612082830719743,0.445376,0.242411,neutral,neutral
ENSG00000080007,DDX43,22739,0.5790108564535585,0.8234821069561721,0.5090470446320868,0.583232810615199,0.6234821069561721,0.368546,0.321271,neutral,regulation-driven
ENSG00000080166,DCT,42872,0.3958584640128669,0.8204664254121431,0.6363088057901085,0.40008041817450746,0.5629674306393245,0.38068,0.365702,neutral,regulation-driven
ENSG00000080293,SCTR,85459,0.2127060715721753,0.9304382790510656,0.2993566546039405,0.21632488942501005,0.4145255327704061,0.397484,0.337053,neutral,neutral
ENSG00000080298,RFX3,307708,0.039203860072376355,0.3472054684358665,0.828508242862887,0.04181745074386811,0.3140530759951749,0.687583,0.327604,gene-driven,gene-driven
ENSG00000080371,RAB21,45424,0.3779654201849618,0.26437474869320465,0.9654201849618014,0.38198632891033374,0.49723562525130677,0.445808,0.308152,neutral,neutral
ENSG00000080546,SESN1,110538,0.15963007639726579,0.29473260956976277,0.768194611982308,0.1642541214314435,0.3464716525934861,0.239254,0.2885,neutral,neutral
ENSG00000080608,PUM3,123627,0.13711298753518295,0.15721753116204262,0.36891837555287493,0.14093285082428628,0.20085444310414152,0.232218,0.176417,neutral,neutral
ENSG00000080802,CNOT4,148351,0.10836349014877363,0.07760353839967833,0.9469240048250904,0.11278648974668275,0.3111982308001608,0.638447,0.265631,gene-driven (relaxed),gene-driven (relaxed)
ENSG00000080815,,87274,0.20566948130277443,0.0854443104141536,0.8186570164857258,0.20928829915560918,0.32958383594692403,0.100131,0.238993,neutral,regulation-driven
ENSG00000080819,CPOX,14203,0.7034579815038199,0.07197426618415761,0.6863691194209891,0.7086851628468034,0.5423602734217933,0.196844,0.15571,neutral,regulation-driven
ENSG00000081014,AP4E1,97224,0.18717330116606354,0.1517893043827905,0.42400482509047044,0.19099316445516687,0.23829915560916767,0.284721,0.178729,neutral,neutral
ENSG00000081019,RSBN1,50645,0.34479292320064336,0.1702854845195014,0.6336952151186168,0.34821069561720946,0.3740751909931645,0.699728,0.208936,gene-driven,gene-driven
ENSG00000081026,MAGI3,295409,0.04141535987133092,0.3457981503819863,0.28488138319260153,0.044229995979091274,0.17894049055086447,0.701784,0.232107,gene-driven,gene-driven
ENSG00000081051,AFP,25037,0.5518697225572979,0.8500201045436269,0.11459589867310012,0.5560916767189384,0.5179332529151588,0.302754,0.24809,neutral,regulation-driven
ENSG00000081148,IMPG2,98030,0.18516284680337755,0.4704463208685163,0.15822275834338562,0.1889827100924809,0.25051266586248494,0.235213,0.195466,neutral,neutral
ENSG00000081177,EXD2,52523,0.3349416968234821,0.07478890229191798,0.5347808604744673,0.33896260554885405,0.32066747084841174,0.15971,0.164556,neutral,regulation-driven
ENSG00000081181,ARG2,31789,0.48512263771612385,0.5965018094089264,0.7171290711700844,0.4889425010052272,0.5717330116606353,0.403619,0.319461,neutral,regulation-driven
ENSG00000081277,PKP1,49542,0.3530357860876558,0.904302372336148,0.5156815440289505,0.35665460394049053,0.5322376357056695,0.257117,0.362485,neutral,regulation-driven
ENSG00000081307,UBA5,25349,0.5500603136308806,0.21552070767993567,0.8769601930036188,0.5542822677925211,0.548994772818657,0.229021,0.254121,neutral,regulation-driven
ENSG00000081320,STK17B,42921,0.39525532770406113,0.6003216726980297,0.5952955367913149,0.39947728186570164,0.4973763570566948,0.431504,0.302573,neutral,neutral
ENSG00000081692,JMJD4,4987,0.8954563731403297,0.1773220747889023,0.4947728186570165,0.901286690792119,0.6169179734620024,0.679694,0.115802,gene-driven,neutral
ENSG00000081760,AACS,77900,0.23642943305186973,0.4644149577804584,0.7850824286288701,0.23964616003216727,0.4312324085243265,0.215109,0.32494,neutral,regulation-driven
ENSG00000081791,DELE1,18193,0.6397265782066747,0.12987535182951346,0.1640530759951749,0.6439485323683153,0.39418978689183753,0.336894,0.073884,gene-driven,neutral
ENSG00000081800,SLC13A1,86442,0.20928829915560918,0.9209891435464415,0.43023723361479693,0.2131081624447125,0.44321471652593486,0.496021,0.364093,neutral,neutral
ENSG00000082068,WDR70,374151,0.028749497386409327,0.09288299155609167,0.5170888620828307,0.030759951749095297,0.16726980297547245,0.361147,0.224367,neutral,gene-driven
ENSG00000082074,FYB1,169277,0.08966626457579413,0.7565339766787293,0.06192199437072778,0.09408926417370325,0.2503317249698432,0.72767,0.249698,gene-driven,gene-driven
ENSG00000082293,COL19A1,345913,0.033172496984318456,0.7698029754724568,0.16204262163248895,0.03538399678327302,0.24998994772818656,0.339113,0.304584,neutral,neutral
ENSG00000082497,SERTAD4,13836,0.9973864093285082,0.4794933655006031,0.36369119420989143,0.715319662243667,0.6530759951749094,0.402071,0.494511,neutral,regulation-driven
ENSG00000082512,TRAF5,48332,0.3596702854845195,0.4026940088459992,0.37354242058705267,0.36349014877362285,0.3746582227583434,0.224367,0.210645,neutral,regulation-driven
ENSG00000082515,MRPL22,28339,0.5162846803377563,0.13892239646160032,0.6735022114997989,0.5201045436268597,0.46201246481704866,0.530973,0.192702,gene-driven,neutral
ENSG00000082516,GEMIN5,50801,0.34398874145556896,0.0912746280659429,0.426216324889425,0.3474065138721351,0.3020506634499397,0.151598,0.145155,neutral,regulation-driven
ENSG00000082556,OPRK1,25914,0.5444310414153599,0.7675914756735022,0.8500201045436269,0.5490550864495376,0.6775432247687977,0.295547,0.386208,neutral,regulation-driven
ENSG00000082996,RNF13,149370,0.10655408122235625,0.3568556493767591,0.774225975070366,0.11097708082026538,0.3369320466425412,0.210987,0.310766,neutral,neutral
ENSG00000083123,BCKDHB,239624,0.05629272215520708,0.16123843988741454,0.6238439887414555,0.059911540008041816,0.22514073180538802,0.224497,0.248794,neutral,neutral
ENSG00000083168,,122516,0.1397265782066747,0.17872939284278247,0.5500603136308806,0.14374748693204664,0.2528648974668275,0.101568,0.219542,neutral,regulation-driven
ENSG00000083520,DIS3,29928,0.5022114997989545,0.13932448733413752,0.8094089264173703,0.5060313630880579,0.48905307599517484,0.131514,0.221602,neutral,regulation-driven
ENSG00000083535,PIBF1,234329,0.058303176517893046,0.20587052673904302,0.4447125050261359,0.06192199437072778,0.1925211097708082,0.198331,0.225121,neutral,neutral
ENSG00000083635,NUFIP1,50223,0.3478086047446723,0.24145556895858464,0.11901889827100925,0.35142742259750703,0.26474668275030155,0.409369,0.112837,neutral,neutral
ENSG00000083720,OXCT1,140361,0.11499798954563731,0.24708484117410534,0.6895858464012867,0.11881785283474065,0.2924306393244873,0.44013,0.268898,gene-driven,neutral
ENSG00000083782,EPYC,41345,0.40611178126256536,0.7205468435866506,0.5958986731001207,0.4101326899879373,0.5329714515480499,0.51339,0.331474,neutral,neutral
ENSG00000083937,CHMP2B,28286,0.5172899075190993,0.1224366706875754,0.9873341375150784,0.5211097708082026,0.5368516284680338,0.636667,0.275684,gene-driven,neutral
ENSG00000084073,ZMPSTE24,36140,0.4427020506634499,0.24748693204664254,0.9045034177724166,0.4467229593888219,0.5101527945315641,0.760501,0.280609,gene-driven,gene-driven
ENSG00000084092,NOA1,14257,0.9971853638922397,0.058102131081624445,0.3646964213912344,0.7072778447929232,0.5463108162444713,0.212123,0.389918,regulation-driven,regulation-driven
ENSG00000084093,REST,58933,0.9913550462404503,0.13791716928025735,0.16184157619622033,0.3053880176919984,0.4334238037796542,0.802092,0.402081,gene-driven,gene-driven
ENSG00000084110,HAL,23704,0.5657418576598311,0.8594692400482509,0.9057096903900281,0.5697627663852031,0.7249698431845597,0.220165,0.422346,regulation-driven,regulation-driven
ENSG00000084444,FAM234B,98141,0.18496180136710896,0.4314435062324085,0.23642943305186973,0.1887816646562123,0.2602131081624447,0.388256,0.207127,gene-driven,neutral
ENSG00000084628,NKAIN1,60143,0.29694410936871735,0.6869722557297949,0.9314435062324086,0.30036188178528345,0.5537595496582227,0.728205,0.40767,gene-driven,gene-driven
ENSG00000084652,TXLNA,18611,0.633092078809811,0.1477683956574186,0.7810615199034981,0.6373140329714515,0.5495979091274628,0.436062,0.204061,gene-driven,neutral
ENSG00000084710,EFR3B,117060,0.14877362283876155,0.7092882991556092,0.8252915158825894,0.1529955770004021,0.45887615601125853,0.128076,0.402041,regulation-driven,regulation-driven
ENSG00000084731,KIF3C,56152,0.31423401688781666,0.6533976678729393,0.6795335745878569,0.3176517893043828,0.4910333735424206,0.802986,0.34228,gene-driven,gene-driven
ENSG00000084733,RAB10,103371,0.17430639324487335,0.35725774024929635,0.9851226377161239,0.17852834740651388,0.4235926819461198,0.621683,0.338008,neutral,neutral
ENSG00000084764,MAPRE3,56583,0.31242460796139926,0.4907519099316445,0.6457579412947326,0.3158423803779654,0.44102332127060717,0.379513,0.294532,neutral,neutral
ENSG00000085365,SCAMP1,120129,0.14354644149577805,0.17390430237233614,0.7800562927221552,0.14756735022114997,0.31106755126658625,0.812163,0.260555,gene-driven,gene-driven
ENSG00000085491,SLC25A24,66807,0.27241656614394855,0.13872135102533173,0.6073582629674307,0.2758343385605147,0.3234117410534781,0.262606,0.203056,neutral,neutral
ENSG00000085552,IGSF9,18575,0.6336952151186168,0.5741857659831122,0.30639324487334135,0.6379171692802573,0.5378367511057499,0.135153,0.215521,neutral,regulation-driven
ENSG00000085662,AKR1B1,16929,0.6586248492159228,0.8574587856855649,0.7151186168073985,0.6636509851226378,0.7234620024125452,0.227975,0.364194,neutral,regulation-driven
ENSG00000085733,CTTN,38181,0.4264173703256936,0.1519903498190591,0.7923200643345396,0.43063932448733416,0.45013067953357455,0.14994,0.227634,neutral,regulation-driven
ENSG00000085840,ORC1,31595,0.48713309207880984,0.7346200241254524,0.31242460796139926,0.49095295536791317,0.5060916767189385,0.294803,0.267793,neutral,regulation-driven
ENSG00000085871,MGST2,74978,0.24648170486529955,0.10876558102131081,0.10615199034981906,0.9907519099316445,0.32582428628870125,0.495265,0.283394,neutral,neutral
ENSG00000085978,ATG16L1,85624,0.21230398069963813,0.08524326497788501,0.8124246079613993,0.21592279855247287,0.33129272215520705,0.763884,0.238088,gene-driven,gene-driven
ENSG00000086062,B4GALT1,66844,0.27181342983514273,0.22617611580217128,0.33594692400482506,0.2752312022517089,0.27712102935263366,0.324326,0.166968,neutral,neutral
ENSG00000086065,CHMP5,17192,0.6548049859268195,0.012062726176115802,0.9889425010052272,0.6594290309609971,0.5785786087655811,0.541003,0.244371,neutral,neutral
ENSG00000086102,NFX1,80646,0.22899075190993165,0.019702452754322478,0.5309609971853639,0.2320064334539606,0.25276437474869323,0.115541,0.16531,neutral,neutral
ENSG00000086159,AQP6,9946,0.7828709288299156,0.8817852834740652,0.2575392038600724,0.7878970647366305,0.6772718134298352,0.633434,0.270155,gene-driven,neutral
ENSG00000086189,DIMT1,56660,0.3110172899075191,0.12484921592279856,0.7889022919179735,0.31443506232408525,0.38463007639726576,0.557404,0.230649,gene-driven,gene-driven
ENSG00000086289,EPDR1,31297,0.4899477281865702,0.40510655408122237,0.6347004422999598,0.4937675914756735,0.5056895858464013,0.516747,0.252312,neutral,neutral
ENSG00000086300,SNX10,82522,0.22275834338560516,0.5231202251708886,0.4437072778447929,0.2259750703659027,0.3537293928427825,0.29312,0.27116,neutral,neutral
ENSG00000086589,RBM22,10286,0.7760353839967833,0.10414153598713309,0.9786891837555287,0.7812625653397668,0.6597708082026538,0.706774,0.250251,gene-driven,neutral
ENSG00000086619,ERO1B,67339,0.2689987937273824,0.640128669079212,0.76075593084037,0.27241656614394855,0.48540410132689993,0.229885,0.358514,neutral,regulation-driven
ENSG00000086730,LAT2,30183,0.49939686369119424,0.8353437876960192,0.04443104141535987,0.5032167269802975,0.47040611178126257,0.766808,0.228639,gene-driven,gene-driven
ENSG00000086827,ZW10,40549,0.4109368717330117,0.18134298351427422,0.5691596300763972,0.4149577804583836,0.3938982710092481,0.256474,0.189837,neutral,neutral
ENSG00000087085,ACHE,6981,0.8482106956172095,0.527945315641335,0.3053880176919984,0.8538399678327302,0.6335645355850422,0.134871,0.181242,neutral,regulation-driven
ENSG00000087095,NLK,154645,0.10193003618817853,0.3743466023321271,0.9322476879774829,0.10655408122235625,0.3785383996783273,0.299156,0.338862,neutral,neutral
ENSG00000087111,PIGS,18412,0.6357056694813028,0.012263771612384398,0.6827503015681544,0.6399276236429433,0.49245074386811427,0.733731,0.147165,gene-driven,gene-driven
ENSG00000087116,ADAMTS2,234609,0.058102131081624445,0.43023723361479693,0.3699236027342179,0.06172094893445919,0.2298150381986329,0.378664,0.26724,neutral,neutral
ENSG00000087206,UIMC1,117629,0.14736630478488139,0.43586650583031766,0.07800562927221552,0.15158825894652192,0.2029955770004021,0.675388,0.168928,gene-driven,gene-driven
ENSG00000087299,L2HGDH,74667,0.24728588661037396,0.058303176517893046,0.5585042219541616,0.2505026135906715,0.27848813831926017,0.58958,0.178126,gene-driven,gene-driven
ENSG00000087301,TXNDC16,123076,0.13831926015279453,0.30800160836349016,0.09308403699236027,0.14213912344189786,0.17019501407318052,0.389254,0.141888,gene-driven,gene-driven
ENSG00000087302,RTRAF,21181,0.5991154000804182,0.2822677925211098,0.964616003216727,0.6031363088057901,0.6120828307197427,0.418938,0.300814,neutral,regulation-driven
ENSG00000087338,GMCL1,51725,0.33916365098512263,0.2880981101728991,0.766184157619622,0.34298351427422596,0.4339163650985123,0.387616,0.26543,neutral,neutral
ENSG00000087494,PTHLH,14650,0.6942098914354644,0.6001206272617612,0.5476477683956574,0.6990349819059107,0.6350120627261762,0.718801,0.259851,gene-driven,neutral
ENSG00000087884,AAMDC,97324,0.18677121029352634,0.3478086047446723,0.745275432247688,0.19059107358262967,0.36742058705267394,0.664779,0.294733,gene-driven,gene-driven
ENSG00000088035,ALG6,70979,0.25854443104141533,0.2503015681544029,0.46662645757941296,0.2617611580217129,0.3091475673502212,0.43059,0.20386,gene-driven,neutral
ENSG00000088280,ASAP3,56075,0.991556091676719,0.42903096099718535,0.3936469642139123,0.3182549256131886,0.5667872939284277,0.321178,0.526226,dual-driven,dual-driven
ENSG00000088386,SLC15A1,68872,0.2639726578206675,0.8445918777643747,0.439686369119421,0.2669883393646964,0.4536590269400884,0.308856,0.343185,neutral,neutral
ENSG00000088451,TGDS,22189,0.586248492159228,0.05609167671893848,0.7002412545235223,0.5904704463208685,0.48305186972255726,0.308424,0.169532,neutral,regulation-driven
ENSG00000088726,TMEM40,35930,0.4445114595898673,0.8506232408524327,0.121632488942501,0.44853236831523924,0.4661238439887415,0.68637,0.256986,gene-driven,gene-driven
ENSG00000088808,PPP1R13B,114381,0.15480498592681946,0.49537595496582226,0.6403297145154805,0.15922798552472858,0.3622135102533173,0.388018,0.314536,neutral,neutral
ENSG00000088926,F11,23493,0.5677523120225171,0.9223964616003216,0.26839565741857657,0.571773220747889,0.5823783675110575,0.308381,0.298703,neutral,dual-driven
ENSG00000088992,TESC,60557,0.29513470044229995,0.5388017691998391,0.5965018094089264,0.2985524728588661,0.4320767993566546,0.462193,0.299759,neutral,neutral
ENSG00000089041,P2RX7,55214,0.3188580619219944,0.41797346200241253,0.17893043827905106,0.3224768797748291,0.30937876960193,0.347835,0.175161,gene-driven,neutral
ENSG00000089116,LHX5,10248,0.7774427020506635,0.915761962203458,0.9217933252915159,0.782669883393647,0.8491556091676719,0.561671,0.420637,neutral,regulation-driven
ENSG00000089127,OAS1,27364,0.5281463610776035,0.517490952955368,0.04020908725371934,0.5323683152392441,0.4043425814234017,0.457207,0.147165,gene-driven,neutral
ENSG00000089169,RPH3A,328502,0.03538399678327302,0.9955770004020909,0.36650583031765177,0.037595496582227585,0.3586550060313631,0.812676,0.40385,gene-driven,gene-driven
ENSG00000089225,TBX5,54532,0.9917571371129875,0.7605548854041013,0.9149577804583836,0.32649778850020106,0.7817048652995577,0.244401,0.71928,regulation-driven,regulation-driven
ENSG00000089234,BRAP,43811,0.38681141938078006,0.596702854845195,0.864897466827503,0.39103337354242057,0.5596501809408926,0.251639,0.361882,neutral,regulation-driven
ENSG00000089250,NOS1,244029,0.05448331322878971,0.6964213912344189,0.6009248090068355,0.05790108564535585,0.3522617611580217,0.118697,0.377815,regulation-driven,regulation-driven
ENSG00000089597,GANAB,21901,0.5896662645757941,0.11439485323683152,0.6095697627663852,0.593687173301166,0.4766284680337756,0.729003,0.162595,gene-driven,gene-driven
ENSG00000089692,LAG3,5944,0.8713309207880982,0.6292722155207077,0.1533976678729393,0.8769601930036188,0.632458785685565,0.429534,0.179131,neutral,regulation-driven
ENSG00000089723,OTUB2,22591,0.5814234016887817,0.8729392842782469,0.6509851226377161,0.5856453558504222,0.6725371934057097,0.470074,0.361832,neutral,regulation-driven
ENSG00000089737,DDX24,32916,0.47305991154000804,0.17953357458785685,0.4650180940892642,0.47708082026537996,0.3984720546843587,0.139264,0.162445,neutral,regulation-driven
ENSG00000089775,ZBTB25,56108,0.31443506232408525,0.16847607559308403,0.19782870928829915,0.3178528347406514,0.24947728186570167,0.415712,0.116858,neutral,neutral
ENSG00000089818,NECAP1,20943,0.6021310816244472,0.2963409730599115,0.8200643345396059,0.606151990349819,0.5809710494571773,0.768742,0.253719,gene-driven,gene-driven
ENSG00000089902,RCOR1,137913,0.11821471652593486,0.28367511057498995,0.6182147165259348,0.1220345798150382,0.2853437876960193,0.512386,0.262515,gene-driven,gene-driven
ENSG00000090054,SPTLC1,115327,0.1521913952553277,0.13007639726578207,0.6525934861278649,0.15661439485323683,0.2726477683956574,0.200553,0.226126,neutral,neutral
ENSG00000090060,,65684,0.2762364294330519,0.0790108564535585,0.9193807800562928,0.27965420184961803,0.388399678327302,0.377634,0.254121,neutral,neutral
ENSG00000090104,RGS1,4262,0.9101326899879373,0.657016485725774,0.6757137112987536,0.9161640530759951,0.7894551668677121,0.547899,0.26342,neutral,regulation-driven
ENSG00000090263,MRPS33,12619,0.7316043425814234,0.037997587454764774,0.8777643747486932,0.7366304784881383,0.5957478890229192,0.827362,0.189686,gene-driven,gene-driven
ENSG00000090266,NDUFB2,32014,0.4827100924809007,0.28447929232006436,0.42501005227181343,0.486529955770004,0.41949135504624047,0.627583,0.179684,gene-driven,gene-driven
ENSG00000090273,NUDC,46634,0.366907921190189,0.03960595094491355,0.8864093285082428,0.3709288299155609,0.41576196220345796,0.734628,0.22894,gene-driven,gene-driven
ENSG00000090402,SI,99599,0.1823482106956172,0.9957780458383595,0.28447929232006436,0.18616807398472054,0.4120024125452352,0.16727,0.352483,regulation-driven,regulation-driven
ENSG00000090432,MUL1,8704,0.8080016083634901,0.020506634499396863,0.7386409328508243,0.8130277442702051,0.5947929232006434,0.507841,0.13837,neutral,neutral
ENSG00000090470,PDCD7,16430,0.6660635303578609,0.2253719340570969,0.2943305186972256,0.6708886208283072,0.4639223964616004,0.205871,0.122437,neutral,regulation-driven
ENSG00000090520,DNAJB11,18398,0.6363088057901085,0.23321270607157218,0.9758745476477684,0.6405307599517491,0.6212706071572175,0.444914,0.292772,neutral,regulation-driven
ENSG00000090530,P3H2,165710,0.09348612786489746,0.5932850824286289,0.2872939284278247,0.097708082026538,0.26773220747889026,0.376021,0.27689,neutral,neutral
ENSG00000090539,CHRD,10683,0.9977885002010455,0.53437876960193,0.39284278246883797,0.7748291113791717,0.6861077603538399,0.158002,0.507228,regulation-driven,regulation-driven
ENSG00000090581,GNPTG,13807,0.7106956172094894,0.3640932850824286,0.5371934057096904,0.7161238439887414,0.5817551266586248,0.411832,0.196673,neutral,regulation-driven
ENSG00000090686,,105309,0.1706875753920386,0.06654603940490551,0.73924406915963,0.17490952955367914,0.28763570566948127,0.102624,0.225171,neutral,regulation-driven
ENSG00000090975,PITPNM2,167611,0.0912746280659429,0.4089264173703257,0.5944913550462404,0.09549658222758343,0.29733614796944113,0.115671,0.294984,regulation-driven,regulation-driven
ENSG00000091128,,106814,0.16646562123039807,0.9811017289907519,0.06554081222356252,0.1706875753920386,0.34573783675110575,0.105217,0.288601,regulation-driven,regulation-driven
ENSG00000091138,SLC26A3,37759,0.42923200643345394,0.9298351427422598,0.39827100924809006,0.4334539605950945,0.5474869320466426,0.174236,0.336902,regulation-driven,regulation-driven
ENSG00000091140,DLD,40569,0.41073582629674305,0.2255729794933655,0.9467229593888219,0.414756735022115,0.49924607961399275,0.363193,0.290209,neutral,neutral
ENSG00000091317,CMTM6,21541,0.5942903096099719,0.19561720948934458,0.14354644149577805,0.5983112183353438,0.382740249296341,0.584831,0.089717,neutral,neutral
ENSG00000091483,FH,22289,0.5844390832328106,0.15681544028950542,0.8488138319260152,0.5886610373944512,0.5444712505026136,0.626292,0.228438,gene-driven,neutral
ENSG00000091656,,186043,0.07961399276236429,0.4030960997185364,0.49336550060313633,0.08383594692400483,0.26476678729392844,0.100392,0.277493,regulation-driven,regulation-driven
ENSG00000091664,SLC17A6,41123,0.40751909931644553,0.9806996381182147,0.9726578206674709,0.41154000804181745,0.6929030960997186,0.370446,0.482559,neutral,regulation-driven
ENSG00000091732,ZC3HC1,33115,0.47084841174105346,0.28166465621230397,0.3661037394451146,0.4746682750301568,0.398130277442702,0.432411,0.166516,gene-driven,neutral
ENSG00000091831,ESR1,472929,0.016083634901487735,0.7171290711700844,0.3813831926015279,0.017893043827905106,0.2830317651789304,0.690282,0.358012,gene-driven,gene-driven
ENSG00000091844,RGS17,126824,0.13369521511861682,0.427221552070768,0.743264977885002,0.13731403297145156,0.36019300361881784,0.568848,0.32122,neutral,neutral
ENSG00000091879,ANGPT2,63778,0.2842782468837957,0.5319662243667069,0.6972255729794934,0.28769601930036187,0.45012062726176116,0.543645,0.318556,gene-driven,neutral
ENSG00000092009,CMA1,2913,0.9418978689183756,0.513470044229996,0.24225975070365902,0.9481302774427021,0.6611278648974668,0.495989,0.152694,neutral,regulation-driven
ENSG00000092010,PSME1,2805,0.9443104141535987,0.26839565741857657,0.6463610776035384,0.9505428226779252,0.7020908725371935,0.476745,0.148723,gene-driven,dual-driven
ENSG00000092020,PPP2R3C,37051,0.43425814234016885,0.41073582629674305,0.9543626859670286,0.4382790510655408,0.5592078809811017,0.614998,0.338309,gene-driven,neutral
ENSG00000092051,JPH4,10753,0.7687977482911138,0.7117008443908324,0.3839967832730197,0.7738238841978287,0.6593285082428628,0.244602,0.25196,neutral,regulation-driven
ENSG00000092067,CEBPE,3221,0.9358665058303176,0.8337354242058705,0.41978287092882993,0.9420989143546441,0.7825593084036992,0.580026,0.262415,neutral,regulation-driven
ENSG00000092068,SLC7A8,58380,0.304583835946924,0.3988741455568959,0.7780458383594693,0.30820265379975875,0.4472456775231202,0.186208,0.298402,neutral,regulation-driven
ENSG00000092201,SUPT16H,32544,0.4766787293928428,0.13751507840772015,0.8978689183755528,0.4806996381182147,0.497989545637314,0.258162,0.248542,neutral,regulation-driven
ENSG00000092203,TOX4,22579,0.5816244471250502,0.005428226779252111,0.5675512665862484,0.5858464012866907,0.43490148773622833,0.221401,0.128217,neutral,regulation-driven
ENSG00000092345,DAZL,83515,0.218335343787696,0.9963811821471653,0.34479292320064336,0.22175311620426216,0.4451447527141134,0.727151,0.367008,gene-driven,gene-driven
ENSG00000092529,,53452,0.328508242862887,0.6674708484117411,0.7788500201045436,0.3323281061519904,0.5265983112183353,0.800911,0.36354,gene-driven,gene-driven
ENSG00000092531,SNAP23,54124,0.3252915158825895,0.13570566948130278,0.7352231604342582,0.3291113791716928,0.38114193807800567,0.413486,0.221653,gene-driven,neutral
ENSG00000092607,TBX15,106511,0.16767189384800965,0.7714113389626055,0.8715319662243667,0.17189384800965019,0.495416164053076,0.751575,0.423603,gene-driven,gene-driven
ENSG00000092820,EZR,53628,0.3271009248090068,0.32147165259348615,0.8966626457579413,0.33092078809811015,0.4688480096501809,0.478478,0.304936,gene-driven,neutral
ENSG00000092847,AGO1,60725,0.29473260956976277,0.028749497386409327,0.9569762766385203,0.2981503819863289,0.39448130277442706,0.404751,0.249648,gene-driven,neutral
ENSG00000092853,CLSPN,49761,0.35142742259750703,0.839967832730197,0.2314032971451548,0.3550462404503418,0.4442802573381584,0.113219,0.288098,regulation-driven,regulation-driven
ENSG00000092871,RFFL,83330,0.219340570969039,0.3365500603136309,0.4266184157619622,0.22275834338560516,0.30114595898673097,0.815883,0.221753,gene-driven,gene-driven
ENSG00000092969,TGFB2,99284,0.1825492561318858,0.47406513872135103,0.8568556493767592,0.18636911942098913,0.42476879774829107,0.308685,0.347155,neutral,neutral
ENSG00000092978,GPATCH2,204099,0.06996381182147166,0.35323683152392443,0.39987937273823887,0.07438681141938078,0.22414555689585847,0.188028,0.250151,neutral,neutral
ENSG00000095015,MAP3K1,80604,0.22959388821873744,0.3719340570969039,0.5538801769199839,0.2326095697627664,0.34685363892239646,0.812455,0.258092,gene-driven,gene-driven
ENSG00000095139,ARCN1,30644,0.49437072778447927,0.09167671893848009,0.9712505026135907,0.497989545637314,0.5136409328508242,0.233213,0.262415,neutral,regulation-driven
ENSG00000095203,EPB41L4B,149086,0.10675512665862485,0.617611580217129,0.38017691998391634,0.11117812625653398,0.3037092882991556,0.132831,0.300261,regulation-driven,regulation-driven
ENSG00000095261,PSMD5,27456,0.5261359067149176,0.027141133896260553,0.7239646160032167,0.5303578608765581,0.4516887816646562,0.406669,0.173754,gene-driven,neutral
ENSG00000095319,NUP188,59398,0.2993566546039405,0.5601125854443104,0.769199839163651,0.3027744270205066,0.4826899879372738,0.32608,0.337455,neutral,dual-driven
ENSG00000095321,CRAT,17048,0.6564133494169683,0.5896662645757941,0.8158423803779654,0.661037394451146,0.6805086449537596,0.170344,0.319914,neutral,neutral
ENSG00000095380,NANS,26346,0.5406111781262566,0.36550060313630883,0.9356654603940491,0.5454362685967028,0.5965621230398069,0.683575,0.312525,gene-driven,neutral
ENSG00000095383,TBC1D2,56639,0.3116204262163249,0.5160836349014878,0.3039806996381182,0.315038198632891,0.3615098512263772,0.169602,0.227986,neutral,regulation-driven
ENSG00000095464,PDE6C,53474,0.3281061519903498,0.27181342983514273,0.7022517088862082,0.33192601527945315,0.40833333333333327,0.310203,0.249698,neutral,neutral
ENSG00000095564,BTAF1,107668,0.1644551668677121,0.2981503819863289,0.8697225572979493,0.16887816646562123,0.37508041817450744,0.117008,0.306896,regulation-driven,regulation-driven
ENSG00000095574,IKZF5,18006,0.6429433051869723,0.2197426618415762,0.8258946521913952,0.6471652593486128,0.583725371934057,0.391787,0.231856,neutral,regulation-driven
ENSG00000095585,BLNK,82417,0.22336147969441095,0.7064736630478489,0.24969843184559712,0.2265782066747085,0.3513671089666265,0.176652,0.273472,neutral,neutral
ENSG00000095596,CYP26A1,4411,0.907318053880177,0.8522316043425814,0.6198230800160837,0.9133494169682348,0.8228789706473664,0.277371,0.304584,neutral,neutral
ENSG00000095627,TDRD1,53397,0.3291113791716928,0.9447125050261359,0.16324889425010053,0.33293124246079614,0.44231001206272613,0.146834,0.295989,neutral,regulation-driven
ENSG00000095739,BAMBI,5423,0.8858061921994371,0.630076397265782,0.8536389223964616,0.8914354644149578,0.8149577804583836,0.489174,0.305338,neutral,regulation-driven
ENSG00000095970,TREM2,4681,0.9030960997185364,0.6105749899477282,0.30759951749095293,0.9091274628065943,0.6822979493365501,0.343245,0.193908,neutral,regulation-driven
ENSG00000095981,KCNK16,8271,0.8188580619219944,0.9004825090470446,0.7056694813027744,0.8242862887012464,0.8120526739043024,0.5246,0.352986,gene-driven,dual-driven
ENSG00000096060,FKBP5,154999,0.10072376357056695,0.36349014877362285,0.4077201447527141,0.10534780860474467,0.24408926417370325,0.408499,0.245577,gene-driven,gene-driven
ENSG00000096070,BRPF3,36047,0.4435062324085243,0.23421793325291515,0.6383192601527945,0.44752714113389624,0.440691596300764,0.110796,0.21537,neutral,regulation-driven
ENSG00000096092,TMEM14A,15476,0.6805388017691998,0.17370325693606756,0.5645355850422196,0.6855649376759148,0.5258343385605146,0.557901,0.157569,neutral,neutral
ENSG00000096395,MLN,9331,0.997989545637314,0.7860876558102131,0.2738238841978287,0.8003618817852834,0.7244471250502614,0.633249,0.548191,neutral,neutral
ENSG00000096401,CDC5L,62720,0.2882991556091677,0.050864495375954964,0.9302372336147969,0.29191797346200243,0.3901487736228388,0.26928,0.248844,neutral,neutral
ENSG00000096654,ZNF184,22376,0.583232810615199,0.4189786891837555,0.07639726578206675,0.5874547647768396,0.4163047848813832,0.743801,0.131433,gene-driven,gene-driven
ENSG00000096696,,45392,0.3781664656212304,0.8447929232006434,0.4935665460394049,0.3821873743466023,0.5244772818657016,0.59147,0.342833,gene-driven (relaxed),neutral
ENSG00000096717,SIRT1,33735,0.4640128669079212,0.26940088459991957,0.6437474869320466,0.4680337756332931,0.46109770808202655,0.187344,0.223814,neutral,regulation-driven
ENSG00000096746,HNRNPH3,12020,0.7450743868114194,0.2121029352633695,0.8930438279051065,0.7503015681544029,0.6498693204664254,0.360394,0.237234,neutral,regulation-driven
ENSG00000097007,ABL1,174633,0.08624849215922799,0.27563329312424606,0.6139927623642943,0.09026940088459992,0.2663349416968235,0.138018,0.266536,neutral,neutral
ENSG00000097033,SH3GLB1,43615,0.3892239646160032,0.13771612384398874,0.9179734620024126,0.39344591877764373,0.4593787696019301,0.270889,0.260203,neutral,regulation-driven
ENSG00000097096,SYDE2,44836,0.38118214716525933,0.44109368717330116,0.34097305991154003,0.3852030558906313,0.3869119420989144,0.118446,0.210545,neutral,regulation-driven
ENSG00000099194,SCD,17594,0.6487736228387616,0.6407318053880177,0.7229593888218737,0.6531966224366706,0.6661942098914355,0.422135,0.313631,neutral,regulation-driven
ENSG00000099219,,129706,0.12927221552070767,0.37977482911137916,0.4644149577804584,0.1328910333735424,0.2764073180538802,0.100261,0.256534,regulation-driven,regulation-driven
ENSG00000099256,PRTFDC1,103993,0.17310012062726177,0.43727382388419783,0.32951347004423,0.1773220747889023,0.27909127462806593,0.448834,0.233967,neutral,neutral
ENSG00000099260,PALMD,48429,0.3590671491757137,0.5172899075190993,0.28789706473663046,0.362887012464817,0.38159429030960995,0.509009,0.219893,gene-driven,neutral
ENSG00000099282,TSPAN15,56202,0.31403297145154807,0.5205066344993968,0.637112987535183,0.31745074386811417,0.44710494571773224,0.757127,0.300111,gene-driven,gene-driven
ENSG00000099284,MACROH2A2,59739,0.29794933655006034,0.30659429030961,0.9117410534780861,0.30136710896662644,0.4542420587052674,0.183203,0.306996,neutral,regulation-driven
ENSG00000099814,CEP170B,31480,0.4879372738238842,0.1767189384800965,0.3580619219943707,0.4917571371129875,0.37842782468837954,0.111057,0.137415,neutral,regulation-driven
ENSG00000100439,ABHD4,14674,0.6938078005629272,0.2991556091676719,0.7683956574185766,0.6986328910333736,0.614756735022115,0.388902,0.232207,neutral,regulation-driven
ENSG00000100442,FKBP3,19721,0.6182147165259348,0.424205870526739,0.915761962203458,0.6222356252513068,0.644903498190591,0.605002,0.312274,gene-driven,neutral
ENSG00000100445,SDR39U1,3140,0.9376759147567351,0.18556493767591475,0.6710896662645758,0.9439083232810616,0.6842480900683554,0.464927,0.135555,gene-driven,dual-driven
ENSG00000100448,CTSG,2733,0.9463208685162847,0.3848009650180941,0.21572175311620426,0.9525532770406112,0.6245375954965823,0.602362,0.116104,neutral,neutral
ENSG00000100453,GZMB,3314,0.9338560514676317,0.7090872537193406,0.20566948130277443,0.9400884599919582,0.69686369119421,0.769302,0.201397,gene-driven,neutral
ENSG00000100461,RBM23,25979,0.5432247687977483,0.12283876156011259,0.4111379171692803,0.547848813831926,0.4060313630880579,0.615913,0.129373,gene-driven,gene-driven
ENSG00000100462,PRMT5,8884,0.8041817450743868,0.11117812625653398,0.82951347004423,0.8092078809811017,0.6382689987937273,0.428836,0.185062,gene-driven,dual-driven
ENSG00000100483,VCPKMT,7969,0.8264977885002011,0.22295938882187374,0.8146361077603539,0.8319260152794532,0.6737334137515079,0.460414,0.204463,neutral,regulation-driven
ENSG00000100504,PYGL,86593,0.20828307197426618,0.643546441495778,0.8287092882991556,0.21190188982710093,0.47292923200643344,0.135736,0.380076,regulation-driven,regulation-driven
ENSG00000100505,TRIM9,120800,0.14274225975070365,0.767189384800965,0.7993566546039405,0.1467631684760756,0.46381182147165256,0.128679,0.411037,regulation-driven,regulation-driven
ENSG00000100523,DDHD1,116579,0.15058303176517893,0.4203860072376357,0.4802975472456775,0.15480498592681946,0.30130679533574584,0.289988,0.266637,neutral,neutral
ENSG00000100526,CDKN3,23370,0.5705669481302774,0.9338560514676317,0.6083634901487737,0.5745878568556494,0.6716425412143144,0.343908,0.367511,neutral,regulation-driven
ENSG00000100528,CNIH1,17831,0.6457579412947326,0.13208685162846803,0.996984318455971,0.6499798954563731,0.6059911540008042,0.372165,0.280509,neutral,regulation-driven
ENSG00000100554,ATP6V1D,65895,0.2748291113791717,0.24024929634097306,0.9382790510655408,0.2782468837957378,0.43273019702452753,0.329383,0.298402,neutral,neutral
ENSG00000100565,LRRC74A,43933,0.38620828307197425,0.9861278648974668,0.27643747486932047,0.3902291917973462,0.5095496582227583,0.809829,0.326498,gene-driven,gene-driven
ENSG00000100567,PSMA3,27170,0.5299557700040209,0.01588258946521914,0.9913550462404503,0.5341777241656614,0.5176316847607559,0.442883,0.250352,neutral,neutral
ENSG00000100577,GSTZ1,10602,0.7714113389626055,0.5534780860474467,0.6628468033775633,0.7766385203055891,0.690832328106152,0.455454,0.263168,gene-driven,dual-driven
ENSG00000100583,SAMD15,15475,0.6807398472054684,0.8652995577000402,0.04684358665058303,0.6857659831121834,0.569410936871733,0.588671,0.230247,gene-driven,neutral
ENSG00000100592,DAAM1,182760,0.08061921994370727,0.3033775633293124,0.8039806996381182,0.0848411741053478,0.3179935665460394,0.130931,0.305991,regulation-driven,regulation-driven
ENSG00000100603,SNW1,43609,0.3896260554885404,0.08906312826698834,0.9613992762364294,0.39384800965018096,0.45827301970245277,0.292049,0.26156,neutral,regulation-driven
ENSG00000100604,CHGA,12136,0.7430639324487334,0.849416968234821,0.24708484117410534,0.748291113791717,0.646702854845195,0.162827,0.264626,neutral,regulation-driven
ENSG00000100626,GALNT16,97757,0.18596702854845196,0.3037796542018496,0.7880981101728991,0.1897868918375553,0.3667169280257338,0.250764,0.290661,neutral,neutral
ENSG00000100628,ASB2,42574,0.39806996381182147,0.7768395657418576,0.5223160434258143,0.4020908725371934,0.5246280659429031,0.331478,0.330418,neutral,dual-driven
ENSG00000100644,HIF1A,52747,0.3335343787696019,0.3313228789706474,0.6859670285484519,0.33715319662243665,0.4218134298351427,0.113349,0.261409,neutral,regulation-driven
ENSG00000100647,SUSD6,103549,0.17390430237233614,0.2434660233212706,0.5514676316847608,0.17812625653397668,0.286529955770004,0.45581,0.231102,neutral,neutral
ENSG00000100652,SLC10A1,21826,0.5906714917571371,0.9732609569762767,0.4254121431443506,0.594692400482509,0.6458082026537997,0.519652,0.335193,neutral,neutral
ENSG00000100665,SERPINA4,8472,0.8134298351427423,0.8536389223964616,0.12645757941294733,0.8184559710494572,0.6527442702050663,0.398663,0.237133,neutral,regulation-driven
ENSG00000100678,SLC8A3,145266,0.11057498994772819,0.8685162846803377,0.85243264977885,0.11499798954563731,0.48640932850824287,0.114304,0.447226,regulation-driven,regulation-driven
ENSG00000100721,TCL1A,4250,0.9105347808604745,0.8293124246079614,0.16626457579412948,0.9165661439485324,0.7053679131483716,0.505911,0.229946,neutral,regulation-driven
ENSG00000100744,GSKIP,23837,0.5643345396059509,0.3598713309207881,0.7969441093687173,0.5683554483313229,0.5721753116204262,0.823251,0.267189,gene-driven,gene-driven
ENSG00000100796,PPP4R3A,53047,0.3313228789706474,0.030156815440289506,0.9577804583835947,0.3349416968234821,0.41336952151186174,0.810401,0.248844,gene-driven,gene-driven
ENSG00000100802,C14orf93,24273,0.5603136308805791,0.14877362283876155,0.2782468837957378,0.5643345396059509,0.38771612384398874,0.16354,0.10967,neutral,regulation-driven
ENSG00000100811,YY1,44491,0.38279051065540814,0.21773220747889022,0.8940490550864495,0.38681141938078006,0.4701447527141134,0.769066,0.274678,gene-driven,gene-driven
ENSG00000100815,TRIP11,74906,0.24688379573783675,0.04141535987133092,0.3238841978287093,0.2501005227181343,0.21541013268998796,0.166476,0.122185,neutral,neutral
ENSG00000100842,EFS,9350,0.7945315641334941,0.4039002814636108,0.24065138721351026,0.7993566546039405,0.5593687173301166,0.182027,0.144652,neutral,regulation-driven
ENSG00000100884,CPNE6,7264,0.8397667872939284,0.8779654201849618,0.5558906312826699,0.8455971049457177,0.77951347004423,0.189706,0.311068,neutral,neutral
ENSG00000100889,PCK2,16546,0.6644551668677121,0.646562123039807,0.7513067953357458,0.6692802573381584,0.6826598311218335,0.160766,0.320014,regulation-driven,regulation-driven
ENSG00000100890,PRORP,155777,0.09971853638922397,0.06473663047848814,0.14032971451548049,0.10434258142340169,0.10205066344993968,0.806725,0.100724,gene-driven,gene-driven
ENSG00000100908,EMC9,2633,0.9483313228789706,0.30116606353035785,0.6702854845195014,0.9545637314032972,0.7182750301568155,0.712933,0.160283,gene-driven,neutral
ENSG00000100911,PSME2,4209,0.9133494169682348,0.2647768395657419,0.6240450341777242,0.9193807800562928,0.6800864495375956,0.414088,0.154051,gene-driven,dual-driven
ENSG00000100938,GMPR2,6821,0.8518295134700442,0.072778447929232,0.9173703256936068,0.8574587856855649,0.6745778045838359,0.142179,0.194511,neutral,regulation-driven
ENSG00000100941,PNN,8038,0.8234821069561721,0.09991958182549256,0.6429433051869723,0.8289103337354242,0.5985424205870526,0.283092,0.135253,neutral,regulation-driven
ENSG00000102466,FGF14,691654,0.007237635705669481,0.6592279855247286,0.8080016083634901,0.008644953759549658,0.37070767993566545,0.375472,0.407519,neutral,neutral
ENSG00000102468,HTR2A,65531,0.27724165661439487,0.7316043425814234,0.6855649376759148,0.28065942903096097,0.4935967028548452,0.436218,0.366908,neutral,neutral
ENSG00000102471,NDFIP2,74923,0.24668275030156817,0.4742661841576196,0.47708082026537996,0.2498994772818657,0.3618214716525935,0.169803,0.263973,neutral,regulation-driven
ENSG00000102524,TNFSF13B,57245,0.3096099718536389,0.6992360273421794,0.2310012062726176,0.3130277442702051,0.3880478488138319,0.241013,0.256886,neutral,neutral
ENSG00000102539,MLNR,2040,0.9613992762364294,0.7384398874145557,0.3411741053478086,0.9676316847607559,0.751849618013671,0.475925,0.218888,neutral,regulation-driven
ENSG00000102547,CAB39L,135415,0.12123039806996382,0.4997989545637314,0.855448331322879,0.12505026135906716,0.40019099316445517,0.254725,0.359117,neutral,neutral
ENSG00000102580,DNAJC3,117850,0.1467631684760756,0.08303176517893043,0.7555287494973865,0.15098512263771613,0.28386610373944515,0.231051,0.234469,neutral,neutral
ENSG00000102595,UGGT2,251903,0.05227181342983514,0.3345396059509449,0.3057901085645356,0.05528749497386409,0.1868214716525935,0.114546,0.229895,neutral,neutral
ENSG00000102678,FGF9,33426,0.46682750301568154,0.5438279051065541,0.9813027744270205,0.4706473663047849,0.6154603940490552,0.511088,0.380378,neutral,neutral
ENSG00000102683,SGCG,144184,0.11198230800160837,0.7854845195014073,0.354443104141536,0.1160032167269803,0.3417772416566144,0.368677,0.332579,neutral,neutral
ENSG00000102738,MRPS31,42063,0.4014877362283876,0.06735022114997989,0.18275030156815442,0.40530759951749096,0.264032971451548,0.272949,0.081373,neutral,neutral
ENSG00000102760,RGCC,13322,0.7195416164053076,0.7271813429835142,0.7129071170084439,0.7249698431845597,0.7208785685564937,0.528669,0.323884,neutral,regulation-driven
ENSG00000102794,ACOD1,10128,0.7794531564133494,0.7525130679533575,0.6550060313630881,0.784680337756333,0.7426517893043827,0.336238,0.310615,neutral,regulation-driven
ENSG00000102805,CLN5,28484,0.5142742259750703,0.4509449135504624,0.6258544431041415,0.5180940892641737,0.5271009248090068,0.246598,0.258293,neutral,neutral
ENSG00000102837,OLFM4,23245,0.5721753116204262,0.9392842782468838,0.1712907117008444,0.5763972657820667,0.5645757941294733,0.493828,0.281212,neutral,neutral
ENSG00000103024,NME3,1242,0.975070365902694,0.22718134298351428,0.5379975874547648,0.9813027744270205,0.6800763972657822,0.827201,0.104443,gene-driven,neutral
ENSG00000103275,UBE2I,35575,0.44833132287897065,0.23401688781664656,0.9987937273823885,0.45235223160434257,0.5331724969843185,0.785625,0.308203,gene-driven,gene-driven
ENSG00000103313,MEFV,14607,0.6952151186168074,0.8657016485725774,0.07117008443908324,0.7000402090872537,0.5827905106554081,0.258473,0.236228,neutral,neutral
ENSG00000103343,ZNF174,8150,0.8214716525934861,0.09569762766385204,0.17470848411741052,0.8268998793727382,0.4794229995979091,0.31349,0.05383,neutral,regulation-driven
ENSG00000103351,CLUAP1,38073,0.4270205066344994,0.3839967832730197,0.8116204262163249,0.4312424607961399,0.513258946521914,0.701779,0.29041,gene-driven,gene-driven
ENSG00000103591,AAGAB,54529,0.3228789706473663,0.09911540008041818,0.583232810615199,0.32669883393646965,0.3327905106554081,0.436198,0.18265,neutral,neutral
ENSG00000103647,CORO2B,148814,0.10776035383996783,0.6365098512263772,0.8347406513872135,0.11218335343787696,0.4225774024929634,0.268617,0.390732,neutral,regulation-driven
ENSG00000103707,MTFMT,28128,0.5186972255729795,0.10273421793325292,0.34197828709288297,0.5227181342983515,0.3713309207880981,0.389214,0.112686,neutral,neutral
ENSG00000103710,RASL12,23354,0.5711700844390832,0.651588258946522,0.6606353035786088,0.5751909931644552,0.6144451145958987,0.4307,0.311319,neutral,regulation-driven
ENSG00000103742,IGDCC4,41464,0.40550864495375954,0.6067551266586249,0.4449135504624045,0.40952955367913146,0.4664756735022115,0.212907,0.271612,neutral,regulation-driven
ENSG00000103769,RAB11A,165936,0.09328508242862887,0.16103739445114595,0.9489344591877764,0.0975070365902694,0.3249798954563731,0.44901,0.286691,gene-driven,neutral
ENSG00000104043,,324580,0.03598713309207881,0.6664656212303981,0.28186570164857255,0.03839967832730197,0.2555589063128267,0.767451,0.31338,gene-driven,gene-driven
ENSG00000104055,TGM5,34339,0.45858464012866906,0.8960595094491355,0.1630478488138319,0.4624045034177724,0.494833132287897,0.160314,0.277996,neutral,regulation-driven
ENSG00000104059,ENTREP2,450728,0.017289907519099316,0.6811419380780056,0.18395657418576597,0.019099316445516688,0.225281463610776,0.3615,0.300111,neutral,neutral
ENSG00000104129,DNAJC17,42318,0.40008041817450746,0.06634499396863691,0.4724567752312023,0.4041013268998794,0.33554483313228795,0.33278,0.14415,neutral,neutral
ENSG00000104142,VPS18,9526,0.7903096099718536,0.025532770406111783,0.7659831121833535,0.7951347004423,0.5939987937273824,0.272819,0.146964,neutral,regulation-driven
ENSG00000104154,SLC30A4,43150,0.39384800965018096,0.5398069963811821,0.6584238037796541,0.39806996381182147,0.49732609569762765,0.347547,0.303026,neutral,neutral
ENSG00000104221,BRF2,6594,0.856453558504222,0.13027744270205066,0.46079613992762364,0.8620828307197427,0.5771210293526338,0.30393,0.1058,neutral,regulation-driven
ENSG00000104237,RP1,362299,0.03096099718536389,0.7243667068757539,0.0004020908725371934,0.033172496984318456,0.19711499798954563,0.110927,0.192903,neutral,neutral
ENSG00000104267,CA2,17526,0.6497788500201045,0.705870526739043,0.5973059911540008,0.6544028950542823,0.6516083634901488,0.375271,0.302423,neutral,regulation-driven
ENSG00000104312,RIPK2,33259,0.4690390028146361,0.243264977885002,0.6113791716928025,0.47285886610373945,0.44894451145958986,0.240682,0.207931,neutral,regulation-driven
ENSG00000104313,EYA1,394593,0.025331724969843185,0.7907117008443908,0.8729392842782469,0.02734217933252915,0.42898069963811813,0.05292,0.437927,neutral,neutral
ENSG00000104321,TRPA1,55668,0.317048652995577,0.7955367913148371,0.38299155609167673,0.32066747084841174,0.4538801769199839,0.193838,0.313229,neutral,regulation-driven
ENSG00000104324,CPQ,504413,0.013671089666264576,0.5381986328910334,0.27784479292320063,0.015480498592681946,0.21120828307197428,0.775015,0.296994,gene-driven,gene-driven
ENSG00000104327,CALB1,36868,0.43586650583031766,0.9290309609971854,0.7283876156011259,0.4398874145556896,0.633092078809811,0.460143,0.405056,neutral,regulation-driven
ENSG00000104332,SFRP1,47512,0.36328910333735426,0.6023321270607157,0.7828709288299156,0.3673100120627262,0.5287494973864093,0.346874,0.344491,neutral,regulation-driven
ENSG00000104361,NIPAL2,104568,0.17189384800965019,0.4097305991154001,0.2923200643345396,0.17611580217129072,0.2623039806996381,0.396462,0.217632,neutral,neutral
ENSG00000104369,JPH1,86841,0.2074788902291918,0.9258142340168878,0.6421391234418978,0.21109770808202655,0.49645154804985925,0.279704,0.408575,neutral,regulation-driven
ENSG00000104371,DKK4,3167,0.9368717330116606,0.6676718938480096,0.4338560514676317,0.9431041415359871,0.7450643345396059,0.652694,0.219893,neutral,neutral
ENSG00000104381,GDAP1,197395,0.07418576598311219,0.5960997185363892,0.41154000804181745,0.07880981101728991,0.2899276236429433,0.46423,0.311872,gene-driven,gene-driven
ENSG00000104415,CCN4,40652,0.4101326899879373,0.5341777241656614,0.7074788902291917,0.4141535987133092,0.5162846803377563,0.314304,0.308906,neutral,regulation-driven
ENSG00000104427,ZC2HC1A,53716,0.32669883393646965,0.36389223964616,0.5898673100120627,0.330518697225573,0.40255327704061117,0.316878,0.250603,neutral,neutral
ENSG00000104432,IL7,129781,0.12866907921190188,0.49115400080418176,0.038600723763570564,0.13228789706473662,0.19749698431845597,0.739756,0.165209,gene-driven,gene-driven
ENSG00000104435,STMN2,55042,0.31946119823080016,0.926216324889425,0.9819059107358263,0.3230800160836349,0.6374849215922799,0.453156,0.474065,neutral,regulation-driven
ENSG00000104442,ARMC1,31760,0.48532368315239244,0.10112585444310414,0.9515480498592682,0.48914354644149577,0.50659429030961,0.521114,0.256283,gene-driven,neutral
ENSG00000104450,SPAG1,101373,0.17973462002412546,0.509449135504624,0.2191395255327704,0.18375552874949738,0.2728186570164857,0.258786,0.222004,neutral,neutral
ENSG00000104490,NCALD,438366,0.019702452754322478,0.5038198632891033,0.9199839163650985,0.021511861680739847,0.3661640530759952,0.410082,0.372185,neutral,neutral
ENSG00000104497,SNX16,43286,0.3926417370325694,0.23361479694410936,0.5753920386007237,0.3968636911942099,0.3994169682348211,0.451134,0.207127,gene-driven,neutral
ENSG00000104518,GSDMD,9856,0.7848813831926015,0.45999195818254923,0.06473663047848814,0.7899075190993164,0.524628065942903,0.219441,0.128267,neutral,regulation-driven
ENSG00000104537,ANXA13,56609,0.3120225170888621,0.8462002412545235,0.4611982308001608,0.31544028950542824,0.4835444310414153,0.368014,0.343536,neutral,neutral
ENSG00000104611,SH2D4A,82526,0.22255729794933654,0.5152794531564133,0.24587856855649376,0.2257740249296341,0.30221149979895456,0.271693,0.22497,neutral,neutral
ENSG00000104626,ERI1,114600,0.15379975874547647,0.33071974266184156,0.6019300361881785,0.15822275834338562,0.3109469240048251,0.499702,0.26538,gene-driven,gene-driven
ENSG00000104643,MTMR9,43331,0.39203860072376356,0.23039806996381182,0.8502211499798955,0.3962605548854041,0.46701849618013674,0.565993,0.266385,gene-driven,neutral
ENSG00000104660,LEPROTL1,81801,0.2255729794933655,0.06292722155207077,0.9133494169682348,0.22878970647366303,0.3574989947728186,0.801618,0.25191,gene-driven,gene-driven
ENSG00000104671,DCTN6,27321,0.528950542822678,0.11499798954563731,0.8797748291113792,0.5331724969843185,0.5140128669079211,0.815028,0.231856,gene-driven,gene-driven
ENSG00000104689,TNFRSF10A,34651,0.4559710494571773,0.29513470044229995,0.0030156815440289505,0.45979091274628064,0.30328709288299155,0.324467,0.074085,neutral,neutral
ENSG00000104714,ERICH1,123361,0.13771612384398874,0.10152794531564134,0.010454362685967028,0.14153598713309207,0.09761761158021712,0.423036,0.045688,gene-driven,gene-driven
ENSG00000104723,TUSC3,349435,0.03297145154804986,0.5603136308805791,0.7448733413751508,0.03518295134700442,0.3432247687977483,0.141506,0.374347,regulation-driven,regulation-driven
ENSG00000104738,MCM4,17976,0.643546441495778,0.5749899477281866,0.8821873743466023,0.6477683956574186,0.6869119420989144,0.16062,0.3365,neutral,neutral
ENSG00000104755,ADAM2,94493,0.19240048250904704,0.9977885002010455,0.013067953357458785,0.19601930036188178,0.3496381182147165,0.119863,0.268195,neutral,regulation-driven
ENSG00000104760,FGL1,45986,0.3733413751507841,0.9764776839565742,0.4223964616003217,0.377362283876156,0.5371934057096904,0.291601,0.355147,neutral,neutral
ENSG00000104763,,29007,0.5088459991958183,0.4384800965018094,0.6270607157217531,0.5128669079211902,0.5216123843988741,0.783862,0.256333,gene-driven,gene-driven
ENSG00000104765,BNIP3L,122583,0.13932448733413752,0.33856051467631687,0.6503819863289103,0.14334539605950944,0.3177020506634499,0.471616,0.280408,gene-driven,gene-driven
ENSG00000105784,RUNDC3B,204749,0.06956172094893445,0.6441495778045838,0.7123039806996381,0.07398472054684359,0.3747788500201045,0.237254,0.379976,neutral,neutral
ENSG00000105810,CDK6,231653,0.059308403699236026,0.2615601125854443,0.7460796139927623,0.06312826698833937,0.28232810615199033,0.332971,0.29237,neutral,neutral
ENSG00000105819,PMPCB,34412,0.4581825492561319,0.04845195014073181,0.7802573381584238,0.4620024125452352,0.4370325693606755,0.462003,0.195517,gene-driven,neutral
ENSG00000105835,NAMPT,37669,0.42983514274225976,0.6712907117008444,0.9404905508644954,0.43405709690390026,0.618707277844793,0.565837,0.397819,gene-driven,neutral
ENSG00000105849,POLR1F,13577,0.7155207076799357,0.14595898673100122,0.4121431443506232,0.7209489344591877,0.4983715319662244,0.530529,0.118114,neutral,neutral
ENSG00000105855,ITGB8,85053,0.21451548049859268,0.8224768797748291,0.40550864495375954,0.21813429835142742,0.4149778850020104,0.19613,0.337354,neutral,regulation-driven
ENSG00000105865,DUS4L,15040,0.6867712102935264,0.2927221552070768,0.9109368717330116,0.6917973462002412,0.6453055890631283,0.24611,0.270004,neutral,regulation-driven
ENSG00000105866,SP4,86780,0.20788098110172898,0.3713309207880981,0.7585444310414153,0.21149979895456372,0.38713309207880975,0.249065,0.299608,neutral,neutral
ENSG00000105875,WDR91,27717,0.5233212706071572,0.2444712505026136,0.8140329714515481,0.5273421793325291,0.5270908725371934,0.461241,0.246431,gene-driven,neutral
ENSG00000105880,DLX5,4555,0.9059107358262968,0.7513067953357458,0.9242058705267391,0.9119420989143546,0.8730398069963812,0.537415,0.359369,neutral,regulation-driven
ENSG00000105887,MTPN,50600,0.34519501407318054,0.21049457177322076,0.8176517893043828,0.3486127864897467,0.4303176517893044,0.602634,0.256182,neutral,neutral
ENSG00000105894,PTN,116434,0.15098512263771613,0.5721753116204262,0.7700040209087253,0.15520707679935666,0.411881785283474,0.478448,0.359268,neutral,neutral
ENSG00000105926,PALS2,120926,0.14254121431443506,0.5178930438279051,0.8681141938078005,0.146562123039807,0.41857659831121835,0.459913,0.363741,neutral,neutral
ENSG00000105948,IFT56,58243,0.3053880176919984,0.5331724969843185,0.9175713711298753,0.30900683554483316,0.5161037394451147,0.173563,0.364998,regulation-driven,regulation-driven
ENSG00000105954,NPVF,3917,0.9997989545637314,0.9358665058303176,0.25271411338962607,0.9264173703256936,0.782368315239244,0.570115,0.576086,neutral,regulation-driven
ENSG00000105967,TFEC,224749,0.062123039806996384,0.6409328508242863,0.3224768797748291,0.06634499396863691,0.2727583433856052,0.235676,0.304534,neutral,neutral
ENSG00000105968,H2AZ2,21297,0.5971049457177322,0.06393244873341375,0.9929634097305992,0.6011258544431042,0.5635806192199437,0.341707,0.262012,neutral,regulation-driven
ENSG00000105971,CAV2,221162,0.06332931242460796,0.42279855247285886,0.16686771210293527,0.0677523120225171,0.17996582227583435,0.581574,0.208735,neutral,neutral
ENSG00000105974,CAV1,36186,0.44209891435464416,0.4163650985122638,0.9545637314032972,0.4461198230800161,0.5645858464012867,0.407187,0.338963,neutral,regulation-driven
ENSG00000105976,MET,126182,0.1349014877362284,0.41133896260554886,0.3711298753518295,0.13872135102533173,0.2638319260152795,0.111259,0.241255,neutral,regulation-driven
ENSG00000105983,LMBR1,224271,0.06232408524326498,0.24607961399276237,0.6907921190188983,0.06654603940490551,0.26622436670687577,0.799342,0.279554,gene-driven,gene-driven
ENSG00000105991,HOXA1,3008,0.9406915963007639,0.37876960193003617,0.3506232408524326,0.9469240048250904,0.6539404905508645,0.525402,0.132791,neutral,neutral
ENSG00000105993,DNAJB6,82059,0.2249698431845597,0.30920788098110175,0.5018094089264173,0.22818657016485724,0.31588258946521913,0.251407,0.231253,neutral,neutral
ENSG00000105996,HOXA2,2333,0.9547647768395657,0.46763168476075595,0.34599919581825495,0.9609971853638922,0.6820365902694009,0.50383,0.150935,neutral,regulation-driven
ENSG00000106003,LFNG,16649,0.6618415761962203,0.35605146763168477,0.5197024527543225,0.9963811821471653,0.6167671893848009,0.265501,0.395597,neutral,regulation-driven
ENSG00000106006,HOXA6,5208,0.8896260554885405,0.648572577402493,0.6915963007639726,0.8954563731403297,0.7810213108162445,0.599095,0.271361,neutral,regulation-driven
ENSG00000106009,BRAT1,17885,0.6451548049859268,0.2259750703659027,0.21290711700844392,0.6493767591475673,0.4331423401688782,0.228629,0.108665,neutral,regulation-driven
ENSG00000106013,ANKRD7,281503,0.045436268596702856,0.9993968636911942,0.036389223964616,0.04845195014073181,0.2822677925211098,0.821271,0.305489,gene-driven,gene-driven
ENSG00000106018,VIPR2,116693,0.15018094089264172,0.5251306795335746,0.3480096501809409,0.15440289505428226,0.29421994370727783,0.305388,0.26342,neutral,neutral
ENSG00000106025,TSPAN12,71083,0.25794129473260957,0.476075593084037,0.8236831523924407,0.26115802171290714,0.45455367913148376,0.350151,0.333886,neutral,neutral
ENSG00000106031,HOXA13,6589,0.8566546039404905,0.7428628870124648,0.2388419782870929,0.8622838761560112,0.6748793727382388,0.50009,0.223663,neutral,regulation-driven
ENSG00000106038,EVX1,7794,0.8299155609167672,0.6833534378769602,0.5751909931644552,0.8353437876960192,0.7306795335745879,0.44615,0.266335,neutral,regulation-driven
ENSG00000106049,HIBADH,137442,0.11901889827100925,0.36831523924406917,0.747285886610374,0.12283876156011259,0.3391737032569361,0.423955,0.309208,neutral,neutral
ENSG00000106066,CPVL,200217,0.07217531162042622,0.619622034579815,0.20466425412143144,0.07679935665460394,0.24308403699236025,0.128277,0.265933,neutral,neutral
ENSG00000106077,ABHD11,2759,0.9455166867712103,0.49055086449537594,0.5,0.9517490952955368,0.7216425412143144,0.662889,0.182499,gene-driven,neutral
ENSG00000106089,STX1A,20467,0.6083634901487737,0.7677925211097708,0.9451145958986731,0.6123843988741455,0.7332127060715722,0.672073,0.412595,gene-driven,neutral
ENSG00000106123,EPHB6,16034,0.6710896662645758,0.6013268998793727,0.40611178126256536,0.6759147567350221,0.5883695215118616,0.423574,0.235173,gene-driven,dual-driven
ENSG00000106125,MINDY4,120971,0.14213912344189786,0.292119018898271,0.1588258946521914,0.1461600321672698,0.18460997185363895,0.218828,0.156112,neutral,neutral
ENSG00000106128,GHRHR,54586,0.3226779252110977,0.9929634097305992,0.30800160836349016,0.32629674306393247,0.48730398069963815,0.757434,0.343938,gene-driven,gene-driven
ENSG00000106144,CASP2,19482,0.6230398069963812,0.2515078407720145,0.6290711700844391,0.6270607157217531,0.5324688379573784,0.629584,0.197778,gene-driven,neutral
ENSG00000106153,CHCHD2,11913,0.747285886610374,0.23381584238037798,0.8184559710494572,0.7525130679533575,0.6377563329312426,0.596773,0.221602,neutral,neutral
ENSG00000106236,NPTX2,12585,0.7330116606353035,0.7579412947326095,0.8437876960193004,0.7380377965420185,0.7679433051869723,0.518969,0.362485,neutral,regulation-driven
ENSG00000106245,BUD31,10976,0.7641737032569361,0.22758343385605148,0.9977885002010455,0.7694008845999196,0.6894752714113389,0.533484,0.304383,neutral,regulation-driven
ENSG00000106268,NUDT1,8921,0.8033775633293124,0.608162444712505,0.84097305991154,0.8084036992360274,0.7649778850020106,0.812465,0.312927,gene-driven,neutral
ENSG00000106290,,12966,0.725774024929634,0.18194611982308,0.5995174909529554,0.7310012062726177,0.5592983514274227,0.1,0.16149,neutral,regulation-driven
ENSG00000106299,WASL,67061,0.2698029754724568,0.19802975472456774,0.7903096099718536,0.2732207478890229,0.38266988339364694,0.40008,0.254624,neutral,neutral
ENSG00000106305,AIMP2,14580,0.6958182549256132,0.4461198230800161,0.7714113389626055,0.7006433453960595,0.6532569360675513,0.266797,0.268798,neutral,regulation-driven
ENSG00000106331,PAX4,7851,0.8291113791716928,0.9093285082428629,0.36127864897466827,0.8345396059509449,0.7332931242460796,0.394888,0.291466,neutral,dual-driven
ENSG00000106333,PCOLCE,5813,0.874346602332127,0.4499396863691194,0.4181745074386811,0.8799758745476478,0.6553277040611178,0.409007,0.175915,neutral,regulation-driven
ENSG00000106336,FBXO24,17136,0.6552070767993566,0.9288299155609168,0.3741455568958585,0.6598311218335344,0.6542722155207078,0.216938,0.312073,neutral,regulation-driven
ENSG00000106341,PPP1R17,21241,0.5989143546441495,0.8013671089666264,0.3731403297145155,0.6029352633695215,0.5938882187374347,0.499055,0.285082,neutral,neutral
ENSG00000106366,SERPINE1,12144,0.7428628870124648,0.7569360675512666,0.4388821873743466,0.7480900683554483,0.6714314435062325,0.375452,0.272919,neutral,regulation-driven
ENSG00000106367,AP1S1,7141,0.8425814234016887,0.2862887012464817,0.9420989143546441,0.848411741053478,0.7295536791314837,0.81803,0.260605,gene-driven,neutral
ENSG00000106384,MOGAT3,6032,0.868918375552875,0.8759549658222758,0.23562525130679535,0.874346602332127,0.7134398874145557,0.806362,0.256484,gene-driven,neutral
ENSG00000106397,PLOD3,12444,0.7358262967430639,0.28970647366304786,0.6618415761962203,0.7410534780860475,0.6068455971049458,0.24029,0.201598,neutral,regulation-driven
ENSG00000106399,RPA3,82090,0.22476879774829112,0.21652593486127866,0.20446320868516285,0.22798552472858866,0.21827503015681543,0.758856,0.139475,gene-driven,gene-driven
ENSG00000106400,ZNHIT1,6026,0.8691194209891435,0.011057498994772819,0.9051065540812223,0.8747486932046643,0.6647265782066747,0.489546,0.170235,neutral,regulation-driven
ENSG00000106404,CLDN15,6729,0.8530357860876558,0.5778045838359469,0.5182951347004423,0.8586650583031765,0.7016686771210294,0.381725,0.226679,neutral,regulation-driven
ENSG00000106436,MYL10,15967,0.6718938480096501,0.8134298351427423,0.7531162042621633,0.6767189384800965,0.7285484519501406,0.568358,0.361178,gene-driven,dual-driven
ENSG00000106460,TMEM106B,32098,0.4815038198632891,0.16726980297547245,0.8580619219943707,0.48532368315239244,0.497848813831926,0.518655,0.242963,gene-driven,neutral
ENSG00000106462,EZH2,77065,0.2386409328508243,0.6735022114997989,0.8779654201849618,0.24185765983112184,0.5078307197426618,0.119702,0.395255,regulation-driven,regulation-driven
ENSG00000106477,CEP41,48663,0.3576598311218335,0.6542018496180136,0.42923200643345394,0.36147969441093686,0.45045235223160435,0.751872,0.285686,gene-driven,gene-driven
ENSG00000106479,ZNF862,29105,0.5082428628870125,0.2989545637314033,0.09690390028146362,0.5122637716123843,0.3538902291917973,0.133866,0.110072,neutral,regulation-driven
ENSG00000106483,SFRP4,119764,0.14414957780458384,0.7340168878166465,0.35102533172496986,0.14817048652995576,0.3441395255327704,0.435082,0.315541,neutral,neutral
ENSG00000106511,MEOX2,75472,0.24467229593888218,0.7261761158021713,0.8731403297145155,0.24809006835544833,0.522848813831926,0.575201,0.406866,neutral,neutral
ENSG00000106536,POU6F2,515187,0.982509047044632,0.7370325693606755,0.6877764374748693,0.015078407720144753,0.6539706473663047,0.727884,0.71546,neutral,neutral
ENSG00000106546,AHR,429794,0.020506634499396863,0.6298753518295135,0.10193003618817853,0.022316043425814235,0.1935665460394049,0.456273,0.25583,gene-driven,gene-driven
ENSG00000106565,TMEM176B,10076,0.7798552472858866,0.6487736228387616,0.08041817450743868,0.7850824286288701,0.5732710092480902,0.244914,0.179584,neutral,regulation-driven
ENSG00000106571,,303152,0.04000804181745075,0.45536791314837155,0.41053478086047446,0.0428226779252111,0.23704262163248896,0.808635,0.28855,gene-driven,gene-driven
ENSG00000106609,TMEM248,37327,0.4324487334137515,0.09107358262967431,0.9296340973059911,0.436670687575392,0.47224567752312024,0.837274,0.248492,gene-driven,gene-driven
ENSG00000106617,PRKAG2,321091,0.036992360273421794,0.33273019702452755,0.6296743063932448,0.039404905508644957,0.2595798150381986,0.118205,0.30006,regulation-driven,neutral
ENSG00000106628,,9728,0.7874949738640933,0.052070767993566545,0.8279051065540812,0.7923200643345396,0.6147064736630479,0.743825,0.172045,gene-driven,neutral
ENSG00000106633,GCK,54958,0.31986328910333733,0.8735424205870527,0.8246883795737837,0.3234821069561721,0.5852131081624448,0.723696,0.424457,gene-driven,neutral
ENSG00000106635,BCL7B,21335,0.5965018094089264,0.1282669883393647,0.868918375552875,0.6005227181342984,0.5483514274225976,0.818584,0.224869,gene-driven,gene-driven
ENSG00000106686,SPATA6L,113289,0.15641334941696824,0.6168073984720547,0.03900281463610776,0.16103739445114595,0.2430840369923603,0.18461,0.193556,neutral,neutral
ENSG00000106688,SLC1A1,97002,0.1875753920386007,0.5627261761158022,0.6365098512263772,0.19139525532770407,0.39436067551266585,0.335635,0.325442,neutral,neutral
ENSG00000106701,FSD1L,104638,0.1716928025733816,0.3946521913952553,0.5486529955770004,0.1759147567350221,0.32251708886208286,0.181896,0.268999,neutral,neutral
ENSG00000106723,SPIN1,90265,0.20004020908725373,0.3427824688379574,0.9553679131483716,0.20365902694008847,0.425281463610776,0.460444,0.330569,neutral,neutral
ENSG00000106733,NMRK1,27645,0.5241254523522316,0.18094089264173704,0.43707277844792924,0.5281463610776035,0.41737032569360677,0.278086,0.150382,neutral,neutral
ENSG00000106771,TMEM245,104813,0.1712907117008444,0.3210695617209489,0.651588258946522,0.17551266586248493,0.329654201849618,0.176066,0.271512,neutral,regulation-driven
ENSG00000106780,MEGF9,113660,0.15581021310816245,0.52291917973462,0.15983112183353437,0.16043425814234016,0.24951749095295533,0.370899,0.212656,neutral,neutral
ENSG00000106785,TRIM14,49948,0.35022114997989545,0.5170888620828307,0.1095697627663852,0.3538399678327302,0.3324989947728187,0.426783,0.179182,gene-driven,neutral
ENSG00000106789,CORO2A,71663,0.2555287494973864,0.5092480900683555,0.5655408122235626,0.258745476477684,0.3971049457177322,0.377375,0.291415,neutral,neutral
ENSG00000106803,SEC61B,8552,0.8116204262163249,0.04061117812625653,0.9963811821471653,0.8166465621230398,0.6660635303578608,0.612405,0.250704,neutral,neutral
ENSG00000106809,OGN,21429,0.5954965822275834,0.734821069561721,0.5985122637716124,0.5995174909529554,0.6318858061921995,0.463656,0.315641,neutral,dual-driven
ENSG00000106823,ECM2,43102,0.39425010052271814,0.5808202653799759,0.28769601930036187,0.39847205468435865,0.41509851226377165,0.198723,0.232911,neutral,regulation-driven
ENSG00000106927,AMBP,18202,0.6393244873341375,0.9718536389223965,0.3007639726578207,0.643546441495778,0.6386610373944512,0.386711,0.310816,neutral,regulation-driven
ENSG00000106948,,60250,0.2965420184961801,0.549859268194612,0.039404905508644957,0.29995979091274627,0.29627060715721754,0.102352,0.167069,neutral,regulation-driven
ENSG00000106991,ENG,43644,0.3886208283071974,0.3729392842782469,0.07438681141938078,0.39284278246883797,0.30698632891033373,0.248864,0.130227,neutral,neutral
ENSG00000106992,AK1,11190,0.7593486127864898,0.5243264977885002,0.9595898673100121,0.7643747486932047,0.7516586248492159,0.656122,0.344491,gene-driven,neutral
ENSG00000106993,CDC37L1,28841,0.509449135504624,0.32669883393646965,0.6652593486127865,0.513470044229996,0.5035182951347004,0.448442,0.238339,neutral,neutral
ENSG00000107020,PLGRKT,79955,0.2310012062726176,0.01950140731805388,0.31926015279453157,0.23401688781664656,0.20079412947326095,0.480147,0.118114,neutral,neutral
ENSG00000107021,TBC1D13,23178,0.5729794933655006,0.052673904302372336,0.9630076397265782,0.5772014475271411,0.5412545235223161,0.287425,0.243366,neutral,regulation-driven
ENSG00000107140,TESK1,4780,0.9006835544833133,0.38178528347406515,0.40651387213510254,0.9067149175713711,0.6486228387615601,0.327664,0.152543,neutral,regulation-driven
ENSG00000107159,CA9,7232,0.8403699236027342,0.9129473260956976,0.22275834338560516,0.8462002412545235,0.7052774427020507,0.400975,0.266938,neutral,regulation-driven
ENSG00000107164,FUBP3,59388,0.2995577000402091,0.18053880176919984,0.879372738238842,0.30297547245677525,0.4154402895054282,0.176468,0.26729,neutral,regulation-driven
ENSG00000107185,RGP1,9299,0.7959388821873743,0.02814636107760354,0.621632488942501,0.8009650180940893,0.5614193807800563,0.360665,0.116506,neutral,regulation-driven
ENSG00000107187,LHX3,8879,0.8043827905106554,0.9577804583835947,0.8960595094491355,0.8094089264173703,0.8666566143948532,0.329634,0.420889,neutral,regulation-driven
ENSG00000107201,RIGI,71047,0.25834338560514675,0.05971049457177322,0.11821471652593486,0.2615601125854443,0.1742963409730599,0.610399,0.075342,gene-driven,gene-driven
ENSG00000107223,EDF1,4190,0.913751507840772,0.03437876960193004,0.9782870928829915,0.9197828709288299,0.7112484921592279,0.55774,0.208082,neutral,regulation-driven
ENSG00000107242,PIP5K1B,303937,0.03960595094491355,0.5357860876558103,0.5122637716123843,0.0424205870526739,0.2823783675110575,0.231155,0.328257,neutral,neutral
ENSG00000107295,SH3GL2,218059,0.06513872135102533,0.7804583835946924,0.7374346602332127,0.06956172094893445,0.4129272215520708,0.209278,0.416164,regulation-driven,regulation-driven
ENSG00000107338,SHB,153330,0.10213108162444713,0.23462002412545235,0.2985524728588661,0.10675512665862485,0.18528347406513873,0.446602,0.187173,neutral,neutral
ENSG00000107362,ABHD17B,48742,0.35625251306795336,0.1875753920386007,0.9418978689183756,0.3600723763570567,0.4612585444310414,0.491988,0.282167,neutral,neutral
ENSG00000107371,EXOSC3,72884,0.2513067953357459,0.3540410132689988,0.35745878568556494,0.2545235223160434,0.3041716928025734,0.835575,0.207931,gene-driven,gene-driven
ENSG00000107404,DVL1,14143,0.7048652995577,0.2265782066747085,0.8281061519903499,0.7100924809006836,0.6171491757137113,0.188018,0.22683,neutral,regulation-driven
ENSG00000107438,PDLIM1,53441,0.32870928829915563,0.33775633293124246,0.7131081624447125,0.33252915158825896,0.4278347406513872,0.445959,0.268295,neutral,neutral
ENSG00000107443,CCNJ,17477,0.6507840772014475,0.24225975070365902,0.8470044229995979,0.6554081222356253,0.5986328910333736,0.360133,0.24226,neutral,regulation-driven
ENSG00000107447,DNTT,34156,0.45979091274628064,0.900281463610776,0.46682750301568154,0.463610776035384,0.5724366706875754,0.810273,0.342179,gene-driven,gene-driven
ENSG00000107554,,134371,0.12263771612384398,0.30297547245677525,0.25834338560514675,0.12645757941294733,0.20241254523522315,0.104152,0.190088,neutral,neutral
ENSG00000107562,CXCL12,16329,0.6672698029754724,0.3699236027342179,0.6562123039806996,0.6720948934459188,0.5911338962605549,0.500804,0.228739,neutral,neutral
ENSG00000107566,ERLIN1,35940,0.44431041415359873,0.19039002814636108,0.8671089666264575,0.44833132287897065,0.4873341375150784,0.351628,0.254775,neutral,neutral
ENSG00000107581,EIF3A,47148,0.36449537595496584,0.06131885806192199,0.7545235223160435,0.36851628468033776,0.38701246481704865,0.15768,0.204011,neutral,regulation-driven
ENSG00000107593,PKD2L1,42116,0.4010856453558504,0.7808604744672296,0.4654201849618014,0.4049055086449538,0.5128769601930037,0.504177,0.320919,gene-driven,neutral
ENSG00000107679,PLEKHA1,57659,0.3078005629272216,0.14394853236831523,0.8098110172899076,0.3112183353437877,0.3930237233614797,0.295768,0.242008,neutral,neutral
ENSG00000107742,SPOCK2,29999,0.501005227181343,0.6149979895456373,0.8059911540008042,0.5048250904704463,0.6065138721351027,0.337877,0.339616,neutral,regulation-driven
ENSG00000107771,CCSER2,189936,0.07820667470848412,0.439686369119421,0.14274225975070365,0.08242862887012464,0.18555488540410134,0.122698,0.200844,neutral,neutral
ENSG00000107779,BMPR1A,177040,0.08524326497788501,0.3341375150784077,0.7595496582227583,0.08926417370325694,0.3168476075593084,0.209469,0.306695,neutral,neutral
ENSG00000107796,ACTA2,56518,0.31262565339766785,0.6771210293526337,0.9849215922798552,0.316043425814234,0.5725070365902695,0.358002,0.416868,neutral,regulation-driven
ENSG00000107798,LIPA,200989,0.07197426618415761,0.6218335343787696,0.1889827100924809,0.07659831121833534,0.239616003216727,0.301699,0.262214,neutral,neutral
ENSG00000107819,SFXN3,10008,0.7808604744672296,0.29613992762364294,0.8025733815842381,0.7860876558102131,0.6661540008041817,0.735346,0.226729,gene-driven,neutral
ENSG00000107821,KAZALD1,6143,0.8667068757539204,0.6519903498190591,0.463610776035384,0.8721351025331725,0.7133393646964213,0.514556,0.23648,neutral,regulation-driven
ENSG00000107829,FBXW4,84632,0.21531966224366708,0.06172094893445919,0.2020506634499397,0.2189384800965018,0.17432649778850018,0.290119,0.100875,neutral,neutral
ENSG00000107831,FGF8,10263,0.7766385203055891,0.7494973864093285,0.6586248492159228,0.7818657016485726,0.741395255327704,0.508719,0.310766,gene-driven,dual-driven
ENSG00000107833,NPM3,2122,0.9601930036188179,0.1948130277442702,0.5695617209489344,0.9664254121431444,0.6724366706875753,0.583595,0.112234,neutral,neutral
ENSG00000107854,TNKS2,67050,0.2700040209087254,0.11218335343787696,0.8968636911942099,0.27342179332529154,0.38794732609569765,0.129091,0.25764,neutral,regulation-driven
ENSG00000107859,PITX3,11324,0.7565339766787293,0.8900281463610776,0.40430237233614796,0.761761158021713,0.7028950542822678,0.575422,0.300211,neutral,neutral
ENSG00000107864,CPEB3,244387,0.054282267792521106,0.5906714917571371,0.8234821069561721,0.057700040209087256,0.3813630880579011,0.141637,0.384449,regulation-driven,regulation-driven
ENSG00000107874,CUEDC2,9340,0.7953357458785686,0.32649778850020106,0.2864897466827503,0.8001608363490149,0.5518797748291113,0.419532,0.133544,neutral,neutral
ENSG00000107882,SUFU,129564,0.12967430639324487,0.16787293928427824,0.8894250100522718,0.13329312424607961,0.3298854041013269,0.667914,0.279755,gene-driven (relaxed),gene-driven (relaxed)
ENSG00000107902,LHPP,156066,0.09951749095295537,0.6511861680739848,0.3466023321270607,0.10414153598713309,0.3001306795335746,0.26161,0.301669,neutral,neutral
ENSG00000107937,GTPBP4,31499,0.487535182951347,0.12806594290309609,0.9422999597909127,0.49135504624045034,0.5121230398069964,0.278408,0.259097,neutral,regulation-driven
ENSG00000107951,MTPAP,64648,0.9907519099316445,0.33976678729392845,0.37535182951347007,0.28387615601125854,0.5327804583835948,0.363339,0.504312,neutral,regulation-driven
ENSG00000107968,MAP3K8,27813,0.521913952553277,0.46079613992762364,0.8321270607157217,0.525934861278649,0.5849919581825492,0.266174,0.305639,neutral,regulation-driven
ENSG00000107984,DKK1,3762,0.9232006433453961,0.7074788902291917,0.4686369119420989,0.9294330518697226,0.756875753920386,0.540551,0.241556,neutral,regulation-driven
ENSG00000108001,EBF3,137821,0.11841576196220346,0.5989143546441495,0.8015681544028951,0.1222356252513068,0.41009248090068356,0.203357,0.373241,regulation-driven,regulation-driven
ENSG00000108010,GLRX3,48131,0.3606755126658625,0.19843184559710494,0.6399276236429433,0.36449537595496584,0.390691596300764,0.402714,0.216275,neutral,neutral
ENSG00000108018,SORCS1,591044,0.010856453558504222,0.8980699638118215,0.2868918375552875,0.012464817048652996,0.3019903498190591,0.28168,0.383896,neutral,neutral
ENSG00000108055,SMC3,38365,0.4234016887816647,0.36449537595496584,0.9804985926819462,0.4276236429433052,0.5487937273823884,0.110334,0.336248,regulation-driven,regulation-driven
ENSG00000108061,SHOC2,97941,0.18576598311218334,0.12565339766787295,0.9632086851628469,0.1895858464012867,0.3658624849215923,0.124125,0.277342,regulation-driven,regulation-driven
ENSG00000108091,CCDC6,117810,0.14696421391234418,0.22255729794933654,0.9079211901889828,0.15118616807398472,0.35694611982308005,0.312334,0.295537,neutral,neutral
ENSG00000108176,DNAJC12,41520,0.40430237233614796,0.6184157619622035,0.3548451950140732,0.4083232810615199,0.44627060715721756,0.505636,0.255378,gene-driven,neutral
ENSG00000108219,TSPAN14,78860,0.23381584238037798,0.28769601930036187,0.8194611982308002,0.23703256936067552,0.394340570969039,0.196743,0.287947,neutral,regulation-driven
ENSG00000108231,LGI1,48433,0.3588661037394451,0.8279051065540812,0.87535182951347,0.36268596702854844,0.606011258544431,0.138782,0.423402,regulation-driven,regulation-driven
ENSG00000108239,TBC1D12,133792,0.12404503417772417,0.19240048250904704,0.302573381584238,0.1278648974668275,0.18652995577000403,0.242008,0.173854,neutral,neutral
ENSG00000108256,NUFIP2,38310,0.42460796139927626,0.16907921190188982,0.6527945315641335,0.42882991556091676,0.418616807398472,0.749819,0.205117,gene-driven,gene-driven
ENSG00000108671,PSMD11,38941,0.4201849618013671,0.1033373542420587,0.9817048652995577,0.4244069159630076,0.48219742661841575,0.734535,0.270959,gene-driven,gene-driven
ENSG00000108684,ASIC2,1161878,0.0012062726176115801,0.8616807398472055,0.26598311218335347,0.0016083634901487736,0.28259951749095297,0.388209,0.388319,neutral,neutral
ENSG00000108691,CCL2,1935,0.9632086851628469,0.5156815440289505,0.31523924406915965,0.9694410936871733,0.6905810213108162,0.730511,0.156062,gene-driven,neutral
ENSG00000108700,CCL8,1968,0.9624045034177724,0.5086449537595497,0.25371934057096907,0.9686369119420989,0.6730398069963812,0.624899,0.148221,neutral,neutral
ENSG00000109046,WSB1,21851,0.5904704463208685,0.3078005629272216,0.895858464012867,0.5944913550462404,0.5969541616405307,0.664182,0.279101,gene-driven,neutral
ENSG00000109072,VTN,5808,0.8747486932046643,0.9308403699236028,0.24507438681141938,0.880377965420185,0.7324788902291918,0.546637,0.271411,gene-driven (relaxed),dual-driven
ENSG00000109101,FOXN1,32658,0.4754724567752312,0.9020908725371934,0.28347406513872137,0.4794933655006031,0.5349316445516686,0.528465,0.303528,gene-driven,neutral
ENSG00000109107,ALDOC,3834,0.9213912344189787,0.747285886610374,0.596702854845195,0.9276236429433052,0.797939284278247,0.490384,0.270004,gene-driven,dual-driven
ENSG00000109132,PHOX2B,4644,0.9039002814636108,0.8785685564937676,0.4977885002010454,0.9099316445516686,0.7972456775231203,0.554976,0.293426,neutral,regulation-driven
ENSG00000109133,TMEM33,25675,0.5472456775231203,0.05388017691998392,0.9447125050261359,0.5516686771210294,0.5241556091676719,0.407841,0.237183,neutral,neutral
ENSG00000109158,GABRA4,74682,0.24708484117410534,0.8323281061519904,0.729794933655006,0.2503015681544029,0.5147165259348613,0.570455,0.403096,gene-driven,neutral
ENSG00000109163,GNRHR,17271,0.6535987133092079,0.9197828709288299,0.5894652191395255,0.6582227583433856,0.7050361881785284,0.845688,0.352684,gene-driven,neutral
ENSG00000109180,OCIAD1,56606,0.31222356252513067,0.03779654201849618,0.3586650583031765,0.3156413349416968,0.25591073582629675,0.731766,0.121029,gene-driven,gene-driven
ENSG00000109182,CWH43,75807,0.2434660233212706,0.8029754724567753,0.20969039002814635,0.24668275030156817,0.3755428226779252,0.518666,0.282821,gene-driven,neutral
ENSG00000109189,USP46,68342,0.990550864495376,0.4694410936871733,0.9792923200643345,0.2687977482911138,0.7131081624447124,0.403358,0.665099,dual-driven,dual-driven
ENSG00000109193,SULT1E1,18934,0.6286690792119018,0.6648572577402493,0.2070767993566546,0.6328910333735425,0.5331624447125051,0.446803,0.218938,neutral,neutral
ENSG00000109255,NMU,41470,0.40530759951749096,0.862887012464817,0.1887816646562123,0.4093285082428629,0.46637515078407726,0.499708,0.280107,gene-driven,neutral
ENSG00000109265,CRACD,281512,0.04523522316043426,0.8725371934057097,0.037997587454764774,0.04825090470446321,0.2508544431041415,0.764552,0.271462,gene-driven,gene-driven
ENSG00000109270,LAMTOR3,16093,0.6698833936469643,0.0975070365902694,0.9573783675110575,0.6747084841174106,0.5996280659429031,0.610404,0.244522,neutral,neutral
ENSG00000109321,AREG,9870,0.7844792923200643,0.5651387213510254,0.2615601125854443,0.7895054282267793,0.5999195818254925,0.453146,0.189887,neutral,neutral
ENSG00000109424,UCP1,9531,0.7901085645355851,0.7553277040611178,0.753719340570969,0.7949336550060314,0.7732810615199035,0.595165,0.330468,neutral,regulation-driven
ENSG00000109445,ZNF330,13811,0.7104945717732207,0.08765581021310816,0.972054684358665,0.7159227985524729,0.6212605548854041,0.383504,0.248341,neutral,regulation-driven
ENSG00000109458,GAB1,137690,0.11881785283474065,0.5146763168476075,0.6558102131081625,0.12263771612384398,0.3527945315641335,0.136409,0.328106,regulation-driven,regulation-driven
ENSG00000109471,,5256,0.8892239646160032,0.6936067551266586,0.16767189384800965,0.8950542822677925,0.6610977080820265,0.568386,0.196874,neutral,neutral
ENSG00000109511,ANXA10,95200,0.19139525532770407,0.982509047044632,0.4435062324085243,0.1950140731805388,0.4529252110977081,0.411213,0.380478,neutral,neutral
ENSG00000109519,GRPEL1,9415,0.7929232006433454,0.36791314837153194,0.8584640128669079,0.7977482911137918,0.7040209087253719,0.5635,0.2596,neutral,neutral
ENSG00000109534,GAR1,9231,0.7971451548049859,0.13852030558906314,0.9250100522718134,0.8021712907117008,0.6654603940490551,0.507409,0.222658,neutral,regulation-driven
ENSG00000109576,AADAT,31478,0.4881383192601528,0.3383594692400482,0.5492561318858062,0.4919581825492561,0.46673703256936067,0.245265,0.218235,neutral,regulation-driven
ENSG00000109606,DHX15,67114,0.26960193003618815,0.1355046240450342,0.9475271411338962,0.2730197024527543,0.4062424607961399,0.278096,0.274678,neutral,neutral
ENSG00000109625,CPZ,27100,0.5303578608765581,0.8677121029352634,0.5759951749095296,0.5345798150381986,0.6269501407318054,0.287525,0.350422,neutral,regulation-driven
ENSG00000109674,NEIL3,53063,0.3311218335343788,0.7396461600321673,0.2987535182951347,0.3347406513872135,0.42588459991958183,0.316775,0.279503,neutral,neutral
ENSG00000109684,CLNK,198374,0.0733815842380378,0.8222758343385606,0.016887816646562123,0.07800562927221552,0.2474065138721351,0.316626,0.23648,neutral,neutral
ENSG00000109705,NKX3-2,3679,0.9254121431443506,0.8492159227985525,0.43606755126658625,0.9316445516686771,0.7852734217933253,0.486248,0.271462,neutral,regulation-driven
ENSG00000109738,GLRB,95966,0.18938480096501809,0.5940892641737032,0.9105347808604745,0.19320466425412144,0.4716123843988741,0.325528,0.385706,neutral,neutral
ENSG00000109787,KLF3,37321,0.4326497788500201,0.24266184157619622,0.6554081222356253,0.43687173301166066,0.44168677121029354,0.494813,0.223311,neutral,neutral
ENSG00000109805,NCAPG,33887,0.4630076397265782,0.8273019702452754,0.48854041013269,0.46702854845195013,0.5612685967028548,0.210243,0.329363,neutral,regulation-driven
ENSG00000109832,DDX25,40355,0.4119420989143546,0.8882187374346603,0.6477683956574186,0.4159630076397266,0.5907720144752715,0.261962,0.383796,neutral,regulation-driven
ENSG00000109851,DBX1,4321,0.9085243264977885,0.9008845999195818,0.5470446320868516,0.9145556895858464,0.8174507438681142,0.4826,0.306192,neutral,regulation-driven
ENSG00000109861,CTSC,94616,0.19219943707277845,0.4746682750301568,0.4662243667068758,0.1958182549256132,0.3320466425412143,0.131484,0.270155,neutral,regulation-driven
ENSG00000109881,CCDC34,32408,0.47808604744672295,0.7454764776839565,0.1401286690792119,0.48210695617209487,0.4612484921592279,0.484087,0.235022,neutral,neutral
ENSG00000109906,ZBTB16,197725,0.07378367511057499,0.35102533172496986,0.672496984318456,0.07840772014475271,0.2936972255729795,0.781825,0.300412,gene-driven,gene-driven
ENSG00000109911,ELP4,280570,0.045838359469240045,0.06533976678729393,0.18516284680337755,0.048854041013269,0.08614796944109368,0.221295,0.132589,neutral,neutral
ENSG00000109920,FNBP4,50950,0.34298351427422596,0.13369521511861682,0.4589867310012063,0.3464012866907921,0.320345798150382,0.253407,0.163601,neutral,neutral
ENSG00000109943,CRTAM,34144,0.4601930036188179,0.7028548451950141,0.11318858061921995,0.4640128669079212,0.4348713309207881,0.435756,0.218034,neutral,neutral
ENSG00000109944,JHY,81180,0.22778447929232007,0.6783273019702453,0.03397667872939284,0.23080016083634902,0.29257137112987536,0.178428,0.200995,neutral,neutral
ENSG00000109991,P2RX3,34045,0.4611982308001608,0.9161640530759951,0.6250502613590672,0.4652191395255328,0.6167068757539204,0.362033,0.37887,neutral,regulation-driven
ENSG00000110002,VWA5A,32318,0.47889022919179736,0.3671089666264576,0.18677121029352634,0.4829111379171693,0.37871934057096907,0.240692,0.152342,neutral,neutral
ENSG00000110013,SIAE,62595,0.28890229191797345,0.41274628065942903,0.1765178930438279,0.2925211097708082,0.2924909529553679,0.327433,0.176819,neutral,neutral
ENSG00000110031,LPXN,51350,0.3411741053478086,0.5329714515480498,0.47366304784881386,0.34479292320064336,0.4229694410936871,0.390601,0.26739,neutral,neutral
ENSG00000110042,DTX4,37159,0.4334539605950945,0.438681141938078,0.7040611178126257,0.437675914756735,0.5032569360675513,0.263058,0.281464,neutral,regulation-driven
ENSG00000110057,UNC93B1,13883,0.7092882991556092,0.5579010856453559,0.7261761158021713,0.7145154804985927,0.6767088862082832,0.326689,0.285334,neutral,regulation-driven
ENSG00000110060,PUS3,9737,0.7870928829915561,0.009449135504624045,0.22798552472858866,0.7919179734620024,0.45387012464817045,0.466941,0.043526,gene-driven,neutral
ENSG00000110063,DCPS,45946,0.37374346602332126,0.28246883795737837,0.5454362685967028,0.37776437474869323,0.39465219139525537,0.46536,0.214314,neutral,neutral
ENSG00000110074,FOXRED1,9108,0.7993566546039405,0.017289907519099316,0.6294732609569763,0.8043827905106554,0.5623743466023321,0.16343,0.114596,neutral,regulation-driven
ENSG00000110079,MS4A4A,132424,0.12545235223160434,0.5665460394049056,0.002613590671491757,0.12927221552070767,0.20578005629272217,0.764865,0.150633,gene-driven,gene-driven
ENSG00000110092,CCND1,13319,0.7197426618415762,0.4557700040209087,0.9390832328106152,0.7251708886208283,0.7096702854845196,0.425281,0.318758,neutral,regulation-driven
ENSG00000110107,PRPF19,16039,0.6708886208283072,0.08162444712505026,0.9736630478488139,0.6757137112987536,0.6002312022517089,0.595409,0.251005,gene-driven,neutral
ENSG00000110108,TMEM109,9537,0.7897064736630478,0.22517088862082832,0.2366304784881383,0.7945315641334941,0.5112685967028548,0.55196,0.10007,neutral,neutral
ENSG00000110172,CHORDC1,22649,0.5804181745074387,0.14997989545637314,0.830518697225573,0.5846401286690792,0.536178126256534,0.445667,0.221401,gene-driven,neutral
ENSG00000110195,FOLR1,6766,0.85243264977885,0.743264977885002,0.5074386811419381,0.8580619219943707,0.7400180940892642,0.57345,0.267189,gene-driven,dual-driven
ENSG00000110200,ANAPC15,6403,0.861881785283474,0.2933252915158826,0.8558504221954162,0.8673100120627262,0.7193204664254123,0.27197,0.227935,neutral,neutral
ENSG00000110218,PANX1,53128,0.330518697225573,0.19923602734217932,0.43687173301166066,0.3341375150784077,0.32501005227181345,0.709107,0.176518,gene-driven,gene-driven
ENSG00000110237,ARHGEF17,61113,0.29191797346200243,0.48451950140731803,0.3900281463610776,0.29533574587856853,0.3652794531564133,0.110595,0.241958,neutral,regulation-driven
ENSG00000110244,APOA4,2605,0.9489344591877764,0.8914354644149578,0.2448733413751508,0.9551668677121029,0.7597909127462806,0.383836,0.25191,neutral,regulation-driven
ENSG00000110318,CEP126,86053,0.21029352633695214,0.5406111781262566,0.046441495778045835,0.2141133896260555,0.25267390430237235,0.113611,0.173904,neutral,neutral
ENSG00000110324,IL10RA,16668,0.6614394853236831,0.7014475271411339,0.0856453558504222,0.6664656212303981,0.5284981905910736,0.369059,0.200141,neutral,regulation-driven
ENSG00000110328,GALNT18,351129,0.032569360675512665,0.5291515882589465,0.7185363892239646,0.034780860474467226,0.32864897466827503,0.145145,0.364546,regulation-driven,regulation-driven
ENSG00000110344,UBE4A,39612,0.41556091676718937,0.04684358665058303,0.9008845999195818,0.41958182549256134,0.44551668677121026,0.115862,0.2307,neutral,regulation-driven
ENSG00000110367,DDX6,43402,0.39123441897868916,0.1284680337756333,0.9971853638922397,0.3954563731403297,0.477874949738641,0.335243,0.281162,neutral,neutral
ENSG00000110395,CBL,107629,0.16485725774024929,0.39907519099316446,0.7119018898271009,0.16928025733815844,0.3610574989947728,0.158012,0.303378,neutral,regulation-driven
ENSG00000110400,NECTIN1,105793,0.9893445918777644,0.6919983916365099,0.64756735022115,0.17410534780860473,0.6665158825894651,0.21918,0.663239,regulation-driven,regulation-driven
ENSG00000110429,FBXO3,33605,0.4650180940892642,0.09871330920788098,0.759750703659027,0.46883795737836753,0.44788902291917976,0.578579,0.20386,gene-driven,neutral
ENSG00000110435,PDHX,104763,0.17149175713711298,0.378367511057499,0.3996783273019702,0.17571371129875352,0.2811017289907519,0.821723,0.233464,gene-driven,gene-driven
ENSG00000110442,COMMD9,20166,0.6119823080016084,0.017490952955367914,0.6781262565339766,0.6160032167269803,0.4806996381182147,0.434258,0.150583,neutral,neutral
ENSG00000110448,CD5,25364,0.549859268194612,0.6741053478086048,0.07981503819863289,0.5540812223562526,0.4642541214314435,0.610088,0.198281,gene-driven,neutral
ENSG00000110583,NAA40,18361,0.6373140329714515,0.40430237233614796,0.9764776839565742,0.6415359871330921,0.6646964213912344,0.45766,0.335595,neutral,regulation-driven
ENSG00000110660,SLC35F2,137303,0.11921994370727784,0.502010454362686,0.414756735022115,0.12303980699638119,0.2895657418576598,0.568982,0.277543,gene-driven,gene-driven
ENSG00000110675,ELMOD1,75689,0.244270205066345,0.7848813831926015,0.8206674708484117,0.24768797748291113,0.5242058705267391,0.474171,0.410736,neutral,neutral
ENSG00000110693,SOX6,773143,0.004422999597909127,0.5645355850422196,0.6869722557297949,0.005830317651789305,0.3153699236027342,0.485645,0.379674,neutral,gene-driven
ENSG00000110696,C11orf58,145209,0.11097708082026538,0.09851226377161239,0.5024125452352232,0.11540008041817451,0.2066043425814234,0.656739,0.196019,gene-driven,gene-driven
ENSG00000110697,PITPNM1,14504,0.6972255729794934,0.35564937675914754,0.525934861278649,0.7020506634499397,0.5699738640932851,0.11348,0.193205,neutral,regulation-driven
ENSG00000110711,AIP,22981,0.5763972657820667,0.11097708082026538,0.6174105347808605,0.5806192199437072,0.4711399276236429,0.213239,0.165109,neutral,regulation-driven
ENSG00000110768,GTF2H1,44751,0.38178528347406515,0.22878970647366303,0.9449135504624046,0.38580619219943707,0.48512263771612385,0.316281,0.292521,neutral,dual-driven
ENSG00000110777,POU2AF1,103376,0.17410534780860473,0.8707277844792923,0.3110172899075191,0.17832730197024527,0.3833333333333333,0.453257,0.332982,neutral,neutral
ENSG00000110786,PTPN5,64794,0.2800562927221552,0.8082026537997588,0.47808604744672295,0.28347406513872137,0.46228387615601124,0.129363,0.340119,regulation-driven,regulation-driven
ENSG00000110811,P3H3,11441,0.7545235223160435,0.4867310012062726,0.3781664656212304,0.759750703659027,0.5945315641334943,0.344702,0.19431,neutral,regulation-driven
ENSG00000110844,PRPF40B,76449,0.24125452352231605,0.33916365098512263,0.5193003618817853,0.2444712505026136,0.3358866103739445,0.82311,0.2404,gene-driven,gene-driven
ENSG00000110848,CD69,8416,0.9981905910735827,0.6174105347808605,0.14093285082428628,0.8208685162846804,0.6532167269802975,0.533826,0.479584,neutral,neutral
ENSG00000110852,CLEC2B,17018,0.9963811821471653,0.3731403297145155,0.021712907117008445,0.6614394853236831,0.5299155609167672,0.579172,0.394994,neutral,neutral
ENSG00000110880,CORO1C,86418,0.20948934459187776,0.3681141938078006,0.8707277844792923,0.2133092078809811,0.4152191395255328,0.782429,0.320265,gene-driven,gene-driven
ENSG00000110881,ASIC1,26064,0.5420184961801368,0.6847607559308404,0.882388419782871,0.5466425412143144,0.6637213510253317,0.724279,0.374146,gene-driven,neutral
ENSG00000110900,TSPAN11,70175,0.26035383996783273,0.6344993968636912,0.6302774427020507,0.2635705669481303,0.44701447527141136,0.375472,0.332529,neutral,neutral
ENSG00000110906,KCTD10,28705,0.51145958986731,0.47687977482911137,0.9714515480498592,0.5152794531564133,0.6185765983112184,0.499671,0.357911,neutral,neutral
ENSG00000110921,MVK,24871,0.5534780860474467,0.4069159630076397,0.5375954965822276,0.5574989947728186,0.5136710896662645,0.554894,0.225523,gene-driven,neutral
ENSG00000110944,IL23A,6237,0.86389223964616,0.7925211097708083,0.13811821471652594,0.8695215118616807,0.6657318053880177,0.559489,0.220044,neutral,neutral
ENSG00000110975,SYT10,65582,0.2770406111781263,0.8118214716525934,0.7694008845999196,0.2804583835946924,0.5345094491355046,0.573541,0.40008,gene-driven,neutral
ENSG00000110987,BCL7A,42623,0.3978689183755529,0.2555287494973864,0.851427422597507,0.4018898271009248,0.4764776839565742,0.550181,0.272065,neutral,neutral
ENSG00000111011,RSRC2,23547,0.5673502211499799,0.018496180136710897,0.8807800562927222,0.5713711298753519,0.5092983514274226,0.563927,0.203559,gene-driven,neutral
ENSG00000111012,CYP27B1,6653,0.8546441495778045,0.649577804583836,0.41033373542420587,0.8602734217933253,0.693425814234017,0.484742,0.228639,gene-driven,dual-driven
ENSG00000111046,MYF6,1841,0.9652191395255327,0.9173703256936068,0.5971049457177322,0.9714515480498592,0.8624748693204664,0.604725,0.305287,neutral,regulation-driven
ENSG00000111049,MYF5,2760,0.9453156413349417,0.9248090068355448,0.6274628065942903,0.9515480498592682,0.861972255729795,0.594511,0.317752,neutral,regulation-driven
ENSG00000111057,KRT18,4036,0.9175713711298753,0.46562123039806996,0.5263369521511861,0.9236027342179333,0.7079815038198632,0.56257,0.187877,gene-driven,neutral
ENSG00000111087,GLI1,12484,0.7350221149979895,0.7523120225170888,0.2742259750703659,0.740249296340973,0.6251909931644551,0.139676,0.246582,neutral,regulation-driven
ENSG00000111110,PPM1H,291157,0.04221954161640531,0.5217129071170085,0.5693606755126659,0.045436268596702856,0.29452151186168074,0.521207,0.33469,gene-driven,gene-driven
ENSG00000111144,LTA4H,42768,0.3968636911942099,0.31946119823080016,0.754724567752312,0.4010856453558504,0.46782267792521104,0.245416,0.26538,neutral,regulation-driven
ENSG00000111181,SLC6A12,24494,0.5568958584640129,0.7094893445918777,0.6497788500201045,0.5609167671893848,0.6190691596300765,0.227211,0.324588,neutral,neutral
ENSG00000111186,WNT5B,117322,0.14756735022114997,0.584238037796542,0.8220747889022919,0.1517893043827905,0.42620627261761157,0.797046,0.370627,gene-driven,gene-driven
ENSG00000111196,MAGOHB,9420,0.7927221552070768,0.08202653799758745,0.9947728186570165,0.7975472456775231,0.6665259348612786,0.514416,0.260856,gene-driven,dual-driven
ENSG00000111199,TRPV4,50320,0.3472054684358665,0.6879774829111379,0.6676718938480096,0.35082428628870127,0.5132388419782871,0.112646,0.345497,regulation-driven,regulation-driven
ENSG00000111206,FOXM1,19495,0.622637716123844,0.7581423401688782,0.40450341777241655,0.626658624849216,0.60278447929232,0.226131,0.279353,neutral,neutral
ENSG00000111218,PRMT8,212625,0.06654603940490551,0.8998793727382388,0.9223964616003216,0.07076799356654603,0.489686369119421,0.287887,0.463912,regulation-driven,regulation-driven
ENSG00000111229,ARPC3,15600,0.6787293928427824,0.35002010454362686,0.9899477281865702,0.6837555287494974,0.6753618817852834,0.630074,0.329614,gene-driven,neutral
ENSG00000111237,VPS29,11029,0.7631684760755931,0.07800562927221552,0.997989545637314,0.7683956574185766,0.6516284680337757,0.793366,0.266737,gene-driven,neutral
ENSG00000111241,FGF6,17661,0.6471652593486128,0.9559710494571774,0.8874145556895858,0.651588258946522,0.7853136308805791,0.597417,0.429835,neutral,regulation-driven
ENSG00000111245,MYL2,142439,0.11318858061921995,0.9973864093285082,0.8464012866907921,0.11720948934459188,0.5183453960595095,0.633297,0.474166,gene-driven,neutral
ENSG00000111252,SH2B3,45701,0.37595496582227583,0.44913550462404506,0.2736228387615601,0.37997587454764775,0.36947125050261365,0.405127,0.198784,neutral,neutral
ENSG00000111266,DUSP16,89582,0.2014475271411339,0.3781664656212304,0.47909127462806594,0.20506634499396864,0.315761962203458,0.393869,0.247587,neutral,neutral
ENSG00000111269,CREBL2,33282,0.4684358665058303,0.46582227583433855,0.9533574587856856,0.47225572979493363,0.5897768395657418,0.543717,0.349517,neutral,neutral
ENSG00000111271,ACAD10,71055,0.25814234016887816,0.13691194209891436,0.17953357458785685,0.26135906714917573,0.2088258946521914,0.124256,0.110022,neutral,neutral
ENSG00000111276,CDKN1B,36872,0.4356654603940491,0.25412143144350624,0.1276638520305589,0.439686369119421,0.31408323281061523,0.496251,0.111681,neutral,neutral
ENSG00000111291,GPRC5D,11596,0.7507036590269401,0.5780056292722155,0.4314435062324085,0.7559308403699236,0.6287595496582228,0.486731,0.225573,neutral,neutral
ENSG00000111335,OAS2,33329,0.4680337756332931,0.5711700844390832,0.03216726980297547,0.47185363892239646,0.3856151990349819,0.135615,0.160133,neutral,regulation-driven
ENSG00000111339,ART4,17958,0.6437474869320466,0.616606353035786,0.1349014877362284,0.6479694410936871,0.510595094491355,0.76062,0.189938,gene-driven,gene-driven
ENSG00000111344,RASAL1,37421,0.4316445516686771,0.6170084439083233,0.5560916767189384,0.43586650583031766,0.509941696823482,0.172718,0.293476,neutral,regulation-driven
ENSG00000111364,DDX55,18867,0.6296743063932448,0.06614394853236831,0.8759549658222758,0.6338962605548853,0.5512062726176116,0.256263,0.207579,neutral,regulation-driven
ENSG00000111404,RERGL,239239,0.05669481302774427,0.5024125452352232,0.22919179734620024,0.06031363088057901,0.21197225572979495,0.52691,0.251106,neutral,neutral
ENSG00000111405,ENDOU,15834,0.9967832730197025,0.8146361077603539,0.537394451145959,0.6799356654603941,0.7730297547245677,0.588022,0.614033,neutral,dual-driven
ENSG00000111424,VDR,101512,0.17913148371531967,0.5412143144350623,0.6612384398874146,0.1831523924406916,0.3909831121833534,0.74585,0.328006,gene-driven,gene-driven
ENSG00000111445,RFC5,19543,0.621632488942501,0.23582629674306393,0.9525532770406112,0.625653397667873,0.6087153196622437,0.364586,0.280559,neutral,regulation-driven
ENSG00000111536,IL26,24462,0.5577000402090873,0.7241656614394854,0.1594290309609972,0.5617209489344592,0.5005528749497387,0.603669,0.228589,neutral,neutral
ENSG00000111537,IFNG,4973,0.8962605548854041,0.6389223964616003,0.15420184961801367,0.9020908725371934,0.6475774024929635,0.628951,0.179534,neutral,neutral
ENSG00000111602,TIMELESS,33064,0.47165259348612787,0.2820667470848412,0.40008041817450746,0.4754724567752312,0.4071270607157218,0.717475,0.174407,gene-driven,gene-driven
ENSG00000111605,CPSF6,34790,0.45516686771210296,0.3723361479694411,0.9433051869722557,0.4589867310012063,0.5572577402492964,0.245527,0.323231,neutral,regulation-driven
ENSG00000111615,KRR1,20774,0.6039404905508645,0.10675512665862485,0.7842782468837958,0.6079613992762364,0.5255327704061118,0.326548,0.196773,neutral,regulation-driven
ENSG00000111640,GAPDH,3863,0.9205870526739043,0.5496582227583434,0.9523522316043426,0.9268194611982308,0.8370426216324889,0.296271,0.316144,neutral,regulation-driven
ENSG00000111647,,114420,0.15440289505428226,0.22858866103739445,0.43184559710494574,0.1588258946521914,0.24319461198230802,0.681413,0.205569,gene-driven,gene-driven
ENSG00000111665,CDCA3,6500,0.8584640128669079,0.6089666264575794,0.2080820265379976,0.8640932850824287,0.6346200241254523,0.394823,0.184761,neutral,regulation-driven
ENSG00000111667,USP5,14485,0.6980297547245677,0.30900683554483316,0.9004825090470446,0.7028548451950141,0.6523522316043425,0.291516,0.269753,neutral,regulation-driven
ENSG00000111684,LPCAT3,42293,0.40028146361077604,0.10595094491355046,0.7048652995577,0.40430237233614796,0.40364897466827504,0.63838,0.2019,gene-driven,gene-driven
ENSG00000111707,SUDS3,41479,0.40510655408122237,0.04724567752312023,0.9485323683152392,0.4091274628065943,0.45230197024527546,0.369592,0.246733,neutral,neutral
ENSG00000111711,GOLT1B,16628,0.6624447125050261,0.11720948934459188,0.9937675914756735,0.6672698029754724,0.6099316445516687,0.825975,0.27503,gene-driven,gene-driven
ENSG00000111726,CMAS,19457,0.6234418978689183,0.39726578206674706,0.6805388017691998,0.6274628065942903,0.5819762766385203,0.729273,0.245426,gene-driven,neutral
ENSG00000111729,CLEC4A,14991,0.6877764374748693,0.5870526739043024,0.04825090470446321,0.6928025733815842,0.503719340570969,0.392732,0.160635,neutral,neutral
ENSG00000111732,AICDA,11088,0.761761158021713,0.6841576196220346,0.9219943707277845,0.7667872939284278,0.7834238037796541,0.766081,0.363741,gene-driven,neutral
ENSG00000111775,COX6A1,2648,0.9477281865701649,0.12746280659429032,0.7444712505026135,0.9539605950944914,0.6930940892641737,0.645909,0.130026,neutral,neutral
ENSG00000111785,RIC8B,114696,0.15319662243667068,0.24105347808604743,0.660032167269803,0.15761962203457983,0.3027543224768798,0.133303,0.25578,neutral,regulation-driven
ENSG00000111790,FGFR1OP2,28181,0.5180940892641737,0.3395657418576598,0.8395657418576599,0.5221149979895456,0.5546340973059911,0.750195,0.278448,gene-driven,gene-driven
ENSG00000111796,KLRB1,13366,0.7187374346602332,0.7420587052673905,0.055890631282669884,0.7241656614394854,0.5599416968234822,0.568004,0.200191,neutral,neutral
ENSG00000111802,TDP2,16952,0.658021712907117,0.2559308403699236,0.48592681946119826,0.6630478488138319,0.515480498592682,0.379775,0.164606,neutral,neutral
ENSG00000111816,FRK,129743,0.12907117008443908,0.5436268596702855,0.4171692802573382,0.13268998793727382,0.3054583835946924,0.195024,0.286641,neutral,neutral
ENSG00000111834,RSPH4A,16507,0.6648572577402493,0.626658624849216,0.353437876960193,0.6696823482106956,0.5784177724165661,0.260243,0.233263,neutral,regulation-driven
ENSG00000111845,PAK1IP1,14811,0.6905910735826297,0.3978689183755529,0.5932850824286289,0.695416164053076,0.5940490550864496,0.396401,0.217833,neutral,regulation-driven
ENSG00000111846,GCNT2,137146,0.11962203457981503,0.5285484519501408,0.15641334941696824,0.12344189786891838,0.23181544028950543,0.207479,0.217984,neutral,neutral
ENSG00000111875,ASF1A,15020,0.6873743466023321,0.06493767591475673,0.9935665460394049,0.6924004825090471,0.6093184559710494,0.577443,0.260555,neutral,neutral
ENSG00000111880,RNGTT,353722,0.03176517893043828,0.14756735022114997,0.6831523924406916,0.03397667872939284,0.22400482509047046,0.165491,0.26337,neutral,neutral
ENSG00000111885,MAN1A1,172557,0.08725371934057097,0.36268596702854844,0.5046240450341777,0.0914756735022115,0.2612987535182951,0.269089,0.267541,neutral,neutral
ENSG00000111886,GABRR2,60836,0.2933252915158826,0.48331322878970645,0.7907117008443908,0.29674306393244876,0.4658524326497788,0.199859,0.323231,neutral,regulation-driven
ENSG00000111897,SERINC1,28457,0.5148773622838761,0.24185765983112184,0.9479292320064334,0.5186972255729795,0.5556493767591475,0.422949,0.287998,neutral,neutral
ENSG00000111906,HDDC2,82117,0.22456775231202253,0.134097305991154,0.5790108564535585,0.22778447929232007,0.2912042621632489,0.486471,0.202654,gene-driven,gene-driven
ENSG00000111907,TPD52L1,145359,0.11037394451145958,0.6204262163248895,0.5042219541616405,0.11479694410936872,0.33723361479694414,0.28463,0.326297,neutral,neutral
ENSG00000111911,HINT3,23475,0.5681544028950543,0.3343385605146763,0.3779654201849618,0.5721753116204262,0.46295737836751105,0.562666,0.172949,neutral,neutral
ENSG00000111962,UST,329961,0.03498190591073583,0.5112585444310415,0.6105749899477282,0.03719340570969039,0.29839163650985123,0.372035,0.341928,neutral,neutral
ENSG00000112029,FBXO5,13061,0.7235625251306795,0.1950140731805388,0.2882991556091677,0.7289907519099317,0.4836952151186168,0.450332,0.109318,neutral,neutral
ENSG00000112033,PPARD,85634,0.2121029352633695,0.32870928829915563,0.8299155609167672,0.21572175311620426,0.3964314435062324,0.622351,0.302222,gene-driven (relaxed),gene-driven (relaxed)
ENSG00000112039,FANCE,14767,0.6919983916365099,0.34901487736228387,0.14917571371129876,0.6968234821069562,0.4715118616807399,0.225895,0.122185,neutral,regulation-driven
ENSG00000112053,SLC26A8,81353,0.22718134298351428,0.9441093687173301,0.04523522316043426,0.23039806996381182,0.3615701648572577,0.765559,0.265229,gene-driven,gene-driven
ENSG00000112062,MAPK14,94760,0.19179734620024125,0.21733011660635304,0.9087253719340571,0.195416164053076,0.37813630880579013,0.821061,0.291566,gene-driven,gene-driven
ENSG00000112077,RHAG,31665,0.486529955770004,0.5675512665862484,0.5820265379975874,0.49034981905910735,0.5314234016887815,0.279262,0.281112,neutral,regulation-driven
ENSG00000112079,STK38,53588,0.32750301568154405,0.17511057498994773,0.9666264575794129,0.3313228789706474,0.44994973864093285,0.17305,0.286741,neutral,regulation-driven
ENSG00000112081,SRSF3,11559,0.7511057498994773,0.1099718536389224,0.8343385605146764,0.7563329312424608,0.6126759147567351,0.584612,0.194612,gene-driven,neutral
ENSG00000112110,MRPL18,8625,0.8102131081624447,0.021310816244471252,0.47104945717732205,0.8152392440691596,0.5292018496180138,0.585474,0.085294,neutral,neutral
ENSG00000112115,IL17A,4264,0.9099316445516686,0.9376759147567351,0.2975472456775231,0.9159630076397266,0.7649778850020105,0.622668,0.283022,neutral,neutral
ENSG00000112116,IL17F,9009,0.8013671089666264,0.9589867310012062,0.2018496180136711,0.8063932448733414,0.6918978689183756,0.646528,0.282318,gene-driven,neutral
ENSG00000112118,MCM3,20868,0.6033373542420587,0.17350221149979894,0.8604744672295939,0.6073582629674307,0.5609670285484519,0.727912,0.233012,gene-driven,gene-driven
ENSG00000112144,CILK1,60546,0.29533574587856853,0.3518295134700442,0.612183353437877,0.2987535182951347,0.3893546441495778,0.20778,0.255428,neutral,regulation-driven
ENSG00000112149,CD83,23427,0.5691596300763972,0.4364696421391234,0.13128266988339365,0.5731805388017692,0.4273220747889023,0.540078,0.148924,neutral,neutral
ENSG00000112164,GLP1R,42523,0.39827100924809006,0.8311218335343787,0.5679533574587857,0.402291917973462,0.5497084841174105,0.363661,0.353136,neutral,regulation-driven
ENSG00000112167,SAYSD1,11131,0.7603538399678327,0.6686771210293526,0.33212706071572173,0.7653799758745476,0.6313831926015279,0.525744,0.231202,neutral,neutral
ENSG00000112182,BACH2,370316,0.029352633695215118,0.3948532368315239,0.4630076397265782,0.031363088057901084,0.22954362685967028,0.705401,0.289405,gene-driven,gene-driven
ENSG00000112186,CAP2,164186,0.09449135504624046,0.8023723361479694,0.5176919983916365,0.09871330920788098,0.3781061519903498,0.310349,0.374347,neutral,neutral
ENSG00000112195,TREML2,11401,0.7549256131885806,0.8325291515882589,0.0971049457177322,0.7601527945315641,0.6109167671893848,0.481685,0.230298,neutral,neutral
ENSG00000112210,RAB23,35316,0.4509449135504624,0.5255327704061118,0.9491355046240451,0.45476477683956573,0.5949034981905911,0.49238,0.363842,neutral,neutral
ENSG00000112212,TSPO2,1871,0.9650180940892642,0.6451548049859268,0.41234418978689186,0.9712505026135907,0.7481302774427021,0.492119,0.201045,neutral,regulation-driven
ENSG00000112214,FHL5,56079,0.31463610776035383,0.738238841978287,0.5703659026940089,0.31805388017692,0.4851527945315641,0.417998,0.340923,neutral,neutral
ENSG00000112232,KHDRBS2,655992,0.008644953759549658,0.7531162042621633,0.43526336952151184,0.010052271813429835,0.3016988339364697,0.472678,0.386309,neutral,neutral
ENSG00000112234,FBXL4,79472,0.23240852432649778,0.3088057901085645,0.7953357458785686,0.23542420587052673,0.3928427824688379,0.137585,0.288852,regulation-driven,regulation-driven
ENSG00000112238,PRDM13,8805,0.8063932448733414,0.9585846401286691,0.33172496984318456,0.8114193807800563,0.726779252110977,0.414686,0.304835,neutral,regulation-driven
ENSG00000112242,E2F3,91836,0.1958182549256132,0.3182549256131886,0.5351829513470044,0.19943707277844794,0.3119923602734218,0.316817,0.244672,neutral,neutral
ENSG00000112245,PTP4A1,61843,0.2905106554081222,0.4879372738238842,0.9457177322074789,0.29412947326095695,0.5043928427824688,0.466219,0.361731,neutral,neutral
ENSG00000112246,SIM1,79913,0.2312022517088862,0.8355448331322879,0.758745476477684,0.23421793325291515,0.5147768395657418,0.241285,0.410233,regulation-driven,regulation-driven
ENSG00000112276,BVES,40336,0.41234418978689186,0.5818254925613189,0.7784479292320065,0.4163650985122638,0.5470446320868516,0.389787,0.333886,neutral,regulation-driven
ENSG00000112290,WASF1,80186,0.2305991154000804,0.6767189384800965,0.7625653397667873,0.23361479694410936,0.47572376357056695,0.170728,0.373593,regulation-driven,regulation-driven
ENSG00000112293,GPLD1,70641,0.25954965822275833,0.6182147165259348,0.21069561720948934,0.2627663852030559,0.33764575794129476,0.385462,0.237384,neutral,neutral
ENSG00000112294,ALDH5A1,42341,0.39987937273823887,0.4527543224768798,0.6493767591475673,0.4039002814636108,0.4762766385203056,0.460957,0.278498,gene-driven (relaxed),neutral
ENSG00000112299,VNN1,33207,0.4696421391234419,0.7895054282267793,0.2141133896260555,0.4734620024125452,0.4864897466827503,0.409047,0.263772,neutral,neutral
ENSG00000112304,ACOT13,38031,0.427221552070768,0.35223160434258144,0.5954965822275834,0.4314435062324085,0.45138721351025335,0.590269,0.23648,neutral,neutral
ENSG00000112308,C6orf62,15965,0.6720948934459188,0.19662243667068757,0.9993968636911942,0.6769199839163651,0.6360172899075192,0.475181,0.299457,neutral,regulation-driven
ENSG00000112319,EYA4,291615,0.042018496180136714,0.7281865701648572,0.8920386007237636,0.04523522316043426,0.42670888620828307,0.14369,0.424055,neutral,neutral
ENSG00000112320,SOBP,171201,0.987535182951347,0.30719742661841576,0.5398069963811821,0.09248090068355448,0.5265078407720145,0.232348,0.559349,regulation-driven,regulation-driven
ENSG00000112335,SNX3,50025,0.3496180136710897,0.039806996381182146,0.9670285484519502,0.35323683152392443,0.4272416566143949,0.457348,0.253368,neutral,neutral
ENSG00000112337,SLC17A2,17938,0.6441495778045838,0.972054684358665,0.3176517893043828,0.6483715319662243,0.645345798150382,0.308022,0.314133,neutral,regulation-driven
ENSG00000112343,TRIM38,28430,0.5152794531564133,0.2943305186972256,0.050462404503417775,0.5190993164455167,0.34460193003618816,0.36729,0.095899,neutral,neutral
ENSG00000112365,ZBTB24,22608,0.5808202653799759,0.06594290309609972,0.5392038600723763,0.5850422195416164,0.44254121431443505,0.16145,0.137113,neutral,regulation-driven
ENSG00000112378,PERP,18915,0.6290711700844391,0.7979493365500603,0.5532770406111781,0.6332931242460796,0.6531865701648573,0.59431,0.317551,neutral,neutral
ENSG00000112406,HECA,45723,0.37575392038600725,0.19903498190591074,0.8208685162846804,0.37977482911137916,0.4436570164857258,0.351679,0.251759,neutral,neutral
ENSG00000112425,EPM2A,353489,0.031966224366706875,0.5277442702050663,0.3043827905106554,0.03417772416566144,0.2244571773220748,0.356602,0.289857,neutral,neutral
ENSG00000112499,SLC22A2,106578,0.16747084841174106,0.9911540008041817,0.3417772416566144,0.1716928025733816,0.4178126256533976,0.364194,0.365702,neutral,neutral
ENSG00000112531,QKI,164593,0.09408926417370325,0.5930840369923602,0.9121431443506233,0.09831121833534379,0.42419581825492564,0.814961,0.391033,gene-driven,gene-driven
ENSG00000112539,C6orf118,29942,0.502010454362686,0.8944511459589868,0.03417772416566144,0.5058303176517893,0.4839264173703257,0.547809,0.239294,neutral,neutral
ENSG00000112559,MDFI,17363,0.6519903498190591,0.44410936871733014,0.6596300763972658,0.6566143948532368,0.6028548451950141,0.327201,0.249799,neutral,regulation-driven
ENSG00000112561,TFEB,52282,0.3365500603136309,0.49678327301970243,0.5554885404101327,0.3405709690390028,0.4321471652593486,0.787515,0.27498,gene-driven,gene-driven
ENSG00000112562,SMOC2,232295,0.05890631282669884,0.5562927221552071,0.5506634499396864,0.06272617611580217,0.30695617209489345,0.273603,0.332228,neutral,neutral
ENSG00000112584,,116365,0.1513872135102533,0.04000804181745075,0.08624849215922799,0.15560916767189384,0.10810213108162443,0.241648,0.071421,gene-driven (relaxed),neutral
ENSG00000112599,GUCA1B,11673,0.7494973864093285,0.31745074386811417,0.8168476075593084,0.754724567752312,0.6593687173301166,0.616998,0.241858,neutral,neutral
ENSG00000112619,PRPH2,26000,0.5428226779252111,0.48009650180940894,0.7808604744672296,0.5474467229593888,0.5875753920386007,0.574196,0.296341,neutral,neutral
ENSG00000112624,BICRAL,86507,0.20848411741053477,0.14937675914756735,0.4059107358262967,0.2121029352633695,0.24378769601930037,0.145949,0.172045,neutral,neutral
ENSG00000112658,SRF,10238,0.7778447929232006,0.34921592279855246,0.6964213912344189,0.7830719742661841,0.6513771612384398,0.426468,0.218034,neutral,regulation-driven
ENSG00000112659,CUL9,42404,0.39907519099316446,0.17772416566143948,0.41737032569360677,0.4030960997185364,0.3491154000804182,0.10771,0.15953,neutral,regulation-driven
ENSG00000112667,DNPH1,3853,0.9207880981101729,0.13610776035383998,0.5333735424205871,0.9270205066344994,0.6290108564535586,0.518677,0.105499,neutral,neutral
ENSG00000112699,GMDS,621800,0.010253317249698432,0.5422195416164053,0.5548854041013269,0.011861680739847206,0.279724567752312,0.281725,0.355197,neutral,neutral
ENSG00000112706,IMPG1,151565,0.10434258142340169,0.27724165661439487,0.0735826296743064,0.10896662645757942,0.1408021712907117,0.721583,0.134298,gene-driven,gene-driven
ENSG00000112739,,43717,0.38821873743466023,0.1527945315641335,0.8661037394451147,0.39244069159630074,0.44967832730197027,0.104252,0.251055,neutral,regulation-driven
ENSG00000112761,CCN6,15612,0.6783273019702453,0.7645757941294733,0.6387213510253317,0.6833534378769602,0.6909931644551669,0.733243,0.323382,gene-driven,neutral
ENSG00000112773,TENT5A,261336,0.050462404503417775,0.5182951347004423,0.0858464012866908,0.05347808604744672,0.17686972255729796,0.292571,0.209288,neutral,neutral
ENSG00000112782,CLIC5,199522,0.9869320466425412,0.6743063932448733,0.7366304784881383,0.07740249296340973,0.6642943305186972,0.311188,0.690179,regulation-driven,regulation-driven
ENSG00000112799,LY86,66876,0.27141133896260555,0.7627663852030558,0.06996381182147166,0.2748291113791717,0.3445717732207479,0.485143,0.234117,neutral,neutral
ENSG00000112812,PRSS16,8924,0.8031765178930438,0.5904704463208685,0.20386007237635706,0.8082026537997588,0.6011761158021713,0.298412,0.184107,neutral,regulation-driven
ENSG00000112837,TBX18,77248,0.2382388419782871,0.752714113389626,0.5673502211499799,0.24145556895858464,0.44977885002010454,0.29428,0.35379,neutral,regulation-driven
ENSG00000112874,NUDT12,13936,0.7074788902291917,0.19863289103337353,0.6747084841174106,0.7127060715721754,0.5731202251708887,0.366365,0.185062,neutral,regulation-driven
ENSG00000112893,MAN2A1,179699,0.08283071974266185,0.15621230398069963,0.4101326899879373,0.08665058303176518,0.1837655810213108,0.213862,0.198382,neutral,neutral
ENSG00000112941,TENT4A,43613,0.3894250100522718,0.10032167269802976,0.5786087655810213,0.3936469642139123,0.36528950542822675,0.46487,0.174256,gene-driven,neutral
ENSG00000112964,GHR,298440,0.04061117812625653,0.5985122637716124,0.1334941696823482,0.04342581423401689,0.20387012464817048,0.719679,0.250101,gene-driven,gene-driven
ENSG00000112981,NME5,24269,0.5605146763168476,0.792119018898271,0.7772416566143948,0.5645355850422196,0.6734016887816646,0.556011,0.371381,neutral,neutral
ENSG00000112996,MRPS30,11482,0.7533172496984318,0.004221954161640531,0.4879372738238842,0.7585444310414153,0.5007438681141938,0.349065,0.089666,neutral,regulation-driven
ENSG00000113068,PFDN1,58079,0.30639324487334135,0.0367913148371532,0.8126256533976679,0.3098110172899075,0.36623441897868925,0.542179,0.216224,neutral,neutral
ENSG00000113070,HBEGF,13761,0.7114997989545637,0.4435062324085243,0.4632086851628468,0.7169280257338159,0.5835142742259751,0.570637,0.20185,neutral,neutral
ENSG00000113083,LOX,15219,0.6839565741857659,0.49738640932850825,0.6145958986731002,0.6889827100924809,0.620979091274628,0.425151,0.248693,neutral,regulation-driven
ENSG00000113088,GZMK,10315,0.7752312022517089,0.7880981101728991,0.2064736630478488,0.7804583835946924,0.6373039806996381,0.759901,0.237636,gene-driven,neutral
ENSG00000113119,TMCO6,5974,0.8703256936067552,0.1887816646562123,0.4682348210695617,0.8759549658222758,0.6005428226779252,0.59154,0.119371,gene-driven,neutral
ENSG00000113141,IK,15423,0.6817450743868114,0.2316043425814234,0.9738640932850824,0.6867712102935264,0.6432448733413751,0.647839,0.287897,gene-driven,neutral
ENSG00000113161,HMGCR,27673,0.5237233614796944,0.4630076397265782,0.8218737434660234,0.5277442702050663,0.583886208283072,0.691714,0.303277,gene-driven,neutral
ENSG00000113196,HAND1,3256,0.9342581423401689,0.9036992360273421,0.6940088459991958,0.9404905508644954,0.8678025733815843,0.608233,0.32504,neutral,regulation-driven
ENSG00000113240,CLK4,27952,0.5205066344993968,0.19762766385203057,0.8057901085645356,0.5245275432247688,0.5119119420989143,0.549731,0.23276,gene-driven,neutral
ENSG00000113262,GRM6,18620,0.6326899879372738,0.6093687173301167,0.7179332529151589,0.6369119420989143,0.6490148773622839,0.226397,0.306594,neutral,regulation-driven
ENSG00000113269,RNF130,160463,0.0971049457177322,0.29071170084439085,0.6471652593486128,0.10112585444310414,0.28382589465219143,0.243798,0.274678,neutral,neutral
ENSG00000113302,IL12B,16084,0.67048652995577,0.7999597909127463,0.21712907117008443,0.6753116204262163,0.5904804985926819,0.80603,0.250804,gene-driven,gene-driven
ENSG00000113319,RASGRF2,269800,0.049256131885806194,0.5707679935665461,0.6787293928427824,0.05227181342983514,0.33760554885404104,0.325478,0.363189,neutral,neutral
ENSG00000113327,GABRG2,162921,0.09529553679131483,0.912746280659429,0.8156413349416968,0.09931644551668677,0.4805488540410132,0.118205,0.452604,regulation-driven,regulation-driven
ENSG00000113361,CDH6,135461,0.12102935263369521,0.5367913148371531,0.6059509449135505,0.12484921592279856,0.34696421391234417,0.830911,0.322477,gene-driven,gene-driven
ENSG00000113368,LMNB1,60398,0.29613992762364294,0.7563329312424608,0.5213108162444713,0.2995577000402091,0.4681644551668677,0.285836,0.336349,neutral,regulation-driven
ENSG00000113369,ARRDC3,14687,0.6936067551266586,0.38781664656212306,0.9798954563731403,0.6984318455971049,0.6896964213912344,0.42694,0.329363,neutral,regulation-driven
ENSG00000113384,GOLPH3,49604,0.35243264977885,0.033775633293124246,0.9099316445516686,0.35605146763168477,0.4128669079211902,0.490541,0.234369,neutral,neutral
ENSG00000113396,SLC27A6,495630,0.014274225975070366,0.6656614394853236,0.09449135504624046,0.016083634901487735,0.19753719340570966,0.282811,0.266385,neutral,neutral
ENSG00000113430,IRX4,9824,0.7850824286288701,0.729794933655006,0.49115400080418176,0.9957780458383595,0.7399175713711299,0.195557,0.469361,regulation-driven,regulation-driven
ENSG00000113441,LNPEP,102120,0.17812625653397668,0.15963007639726579,0.35142742259750703,0.18214716525934863,0.21763168476075595,0.188249,0.169129,neutral,neutral
ENSG00000113456,RAD1,13730,0.7125050261359067,0.08845999195818255,0.8610776035383997,0.7179332529151589,0.5947225572979493,0.760479,0.200191,gene-driven,gene-driven
ENSG00000113460,BRIX1,10320,0.7750301568154403,0.03900281463610776,0.8166465621230398,0.7802573381584238,0.6024728588661037,0.455006,0.166918,neutral,neutral
ENSG00000113492,AGXT2,50035,0.34921592279855246,0.8610776035383997,0.5390028146361078,0.3528347406513872,0.52535182951347,0.726282,0.357811,gene-driven,gene-driven
ENSG00000113520,IL4,8693,0.8088057901085646,0.5631282669883394,0.09670285484519502,0.8138319260152794,0.5703659026940089,0.532544,0.158474,gene-driven (relaxed),neutral
ENSG00000113525,IL5,15394,0.6823482106956172,0.9121431443506233,0.09227985524728588,0.6873743466023321,0.5932850824286289,0.675326,0.252764,gene-driven,neutral
ENSG00000113532,ST8SIA4,96350,0.1881785283474065,0.6652593486127865,0.8363490148773622,0.19199839163650986,0.4702553277040611,0.442571,0.389475,neutral,neutral
ENSG00000113569,NUP155,82988,0.22054684358665058,0.6755126658624849,0.7927221552070768,0.22396461600321674,0.47801568154402896,0.337304,0.380931,neutral,neutral
ENSG00000113583,C5orf15,13165,0.7221552070767994,0.11178126256533977,0.2965420184961801,0.7275834338560515,0.4642440691596301,0.542581,0.089566,neutral,neutral
ENSG00000113594,LIFR,133687,0.12424607961399277,0.4260152794531564,0.11761158021712907,0.12806594290309609,0.19879372738238843,0.361625,0.181444,gene-driven (relaxed),gene-driven (relaxed)
ENSG00000113595,TRIM23,36286,0.440691596300764,0.1397265782066747,0.960595094491355,0.4447125050261359,0.49623039806996383,0.802734,0.271964,gene-driven,gene-driven
ENSG00000113600,C9,87185,0.20627261761158022,0.9967832730197025,0.05568958584640129,0.20989143546441497,0.366978287092883,0.491286,0.289053,gene-driven,neutral
ENSG00000113643,RARS1,32851,0.47366304784881386,0.034780860474467226,0.8787696019300362,0.4776839565741858,0.4660233212706072,0.215963,0.216375,neutral,regulation-driven
ENSG00000113658,SMAD5,55903,0.3158423803779654,0.24004825090470447,0.9535585042219542,0.31946119823080016,0.45704664254121435,0.789869,0.300462,gene-driven,gene-driven
ENSG00000113719,ERGIC1,118542,0.14595898673100122,0.1471652593486128,0.9332529151588259,0.14997989545637314,0.34388821873743464,0.399915,0.280408,neutral,neutral
ENSG00000113721,PDGFRB,42034,0.4018898271009248,0.40008041817450746,0.4151588258946522,0.40570969039002813,0.405518697225573,0.140119,0.214817,neutral,regulation-driven
ENSG00000113734,BNIP1,19946,0.6147969441093687,0.2314032971451548,0.9244069159630076,0.6188178528347407,0.5971552070767994,0.642395,0.268597,gene-driven,neutral
ENSG00000113749,HRH2,52727,0.9919581825492562,0.7046642541214314,0.29794933655006034,0.3373542420587053,0.6157117008443909,0.261882,0.57106,regulation-driven,regulation-driven
ENSG00000113790,EHHADH,91367,0.19722557297949336,0.8287092882991556,0.23482106956172094,0.2008443908323281,0.3652191395255328,0.349236,0.300211,neutral,neutral
ENSG00000113805,CNTN3,352092,0.03216726980297547,0.5327704061117813,0.2555287494973864,0.03437876960193004,0.21360072376357056,0.189988,0.277191,neutral,neutral
ENSG00000113838,TBCCD1,24477,0.5572979493365501,0.38198632891033374,0.5942903096099719,0.5613188580619219,0.5235223160434258,0.206906,0.229544,neutral,regulation-driven
ENSG00000113845,TIMMDC1,26544,0.537394451145959,0.003417772416566144,0.17913148371531967,0.5422195416164053,0.3152995577000402,0.416576,0.054584,neutral,neutral
ENSG00000113889,KNG1,27063,0.5315641334941696,0.9539605950944914,0.06755126658624849,0.5359871330920788,0.5220446320868517,0.231283,0.262214,neutral,regulation-driven
ENSG00000113905,HRG,18019,0.6427422597507036,0.974065138721351,0.05347808604744672,0.6469642139123442,0.5791013268998794,0.388762,0.260354,neutral,regulation-driven
ENSG00000113946,CLDN16,89598,0.2010454362685967,0.7724165661439485,0.37675914756735024,0.20466425412143144,0.38854041013269,0.585947,0.321572,gene-driven,gene-driven
ENSG00000114013,CD86,65778,0.27543224768797747,0.644551668677121,0.01588258946521914,0.2788500201045436,0.303508242862887,0.248472,0.178428,neutral,neutral
ENSG00000114021,NIT2,26897,0.5335745878568556,0.1712907117008444,0.8562525130679534,0.5379975874547648,0.5245577000402091,0.711832,0.238691,gene-driven,gene-driven
ENSG00000114030,KPNA1,93044,0.19400884599919582,0.2852834740651387,0.8854041013268998,0.19762766385203057,0.3904000804181745,0.440164,0.304131,neutral,neutral
ENSG00000114113,RBP2,27864,0.5211097708082026,0.9704463208685162,0.6885806192199437,0.5251306795335746,0.6761158021712907,0.581946,0.397869,neutral,neutral
ENSG00000114120,SLC25A36,39166,0.4181745074386811,0.21451548049859268,0.9453156413349417,0.4223964616003217,0.4998894250100523,0.523498,0.286842,gene-driven,neutral
ENSG00000114124,GRK7,55945,0.3156413349416968,0.5100522718134298,0.47687977482911137,0.31926015279453157,0.4052774427020507,0.567271,0.264174,gene-driven,gene-driven
ENSG00000114125,RNF7,9312,0.7957378367511058,0.04443104141535987,0.9925613188580619,0.8007639726578206,0.6581222356252513,0.553247,0.24799,neutral,neutral
ENSG00000114166,KAT2B,113959,0.15540812223562525,0.3405709690390028,0.853437876960193,0.160032167269803,0.3771310816244471,0.206715,0.315541,neutral,regulation-driven
ENSG00000114200,BCHE,64559,0.2804583835946924,0.6871733011660636,0.33916365098512263,0.28407720144752713,0.39753719340570964,0.2384,0.283122,neutral,regulation-driven
ENSG00000114248,LRRC31,30764,0.49336550060313633,0.7480900683554483,0.16143948532368316,0.9945717732207479,0.5743063932448733,0.268004,0.438621,regulation-driven,regulation-driven
ENSG00000114251,WNT5A,24825,0.5540812223562526,0.5197024527543225,0.9171692802573381,0.5581021310816244,0.6370627261761159,0.464213,0.343587,neutral,dual-driven
ENSG00000114279,FGF12,628375,0.009650180940892641,0.7275834338560515,0.7878970647366305,0.011258544431041415,0.38401688781664656,0.671703,0.421894,gene-driven,gene-driven
ENSG00000114353,GNAI2,33071,0.4714515480498593,0.4519501407318054,0.9716525934861279,0.4752714113389626,0.5923904302372337,0.620567,0.35394,gene-driven,neutral
ENSG00000114383,TUSC2,8225,0.8196622436670687,0.12324085243264978,0.8313228789706474,0.8250904704463209,0.6495577000402091,0.608534,0.186017,neutral,neutral
ENSG00000114388,NPRL2,3497,0.9306393244873341,0.16546039404905508,0.8721351025331725,0.9368717330116606,0.7259650180940892,0.646924,0.181293,gene-driven,neutral
ENSG00000114395,CYB561D2,7616,0.8333333333333334,0.23642943305186973,0.5627261761158022,0.838962605548854,0.6175814234016888,0.452242,0.151488,neutral,regulation-driven
ENSG00000114416,FXR1,114613,0.15359871330920788,0.5110574989947728,0.8703256936067552,0.158021712907117,0.4230297547245678,0.352352,0.361429,neutral,neutral
ENSG00000114439,,288404,0.042621632488942504,0.4467229593888219,0.32448733413751507,0.045838359469240045,0.214756735022115,0.707107,0.266637,gene-driven,gene-driven
ENSG00000114455,HHLA2,81757,0.22617611580217128,0.9095295536791315,0.008845999195818254,0.22939284278246883,0.3433252915158826,0.31976,0.236228,neutral,neutral
ENSG00000114480,GBE1,271943,0.04845195014073181,0.4408926417370326,0.5341777241656614,0.051467631684760755,0.26859670285484516,0.223613,0.306142,neutral,neutral
ENSG00000114491,UMPS,18841,0.6302774427020507,0.08966626457579413,0.6031363088057901,0.6344993968636912,0.4891837555287495,0.557513,0.150885,gene-driven,neutral
ENSG00000114547,ROPN1B,14295,0.996984318455971,0.9459187776437474,0.4652191395255328,0.7062726176115802,0.7931342983514275,0.706896,0.626799,neutral,neutral
ENSG00000114573,ATP6V1A,65287,0.27844792923200645,0.16928025733815844,0.9557700040209087,0.28186570164857255,0.4211700844390832,0.168928,0.285183,neutral,regulation-driven
ENSG00000114631,PODXL2,43618,0.38902291917973464,0.6550060313630881,0.3027744270205066,0.39324487334137515,0.4348009650180941,0.262203,0.254423,neutral,regulation-driven
ENSG00000114650,SCAP,63446,0.28568556493767594,0.23301166063530357,0.5711700844390832,0.28910333735424204,0.3445717732207479,0.135374,0.219089,neutral,regulation-driven
ENSG00000114686,MRPL3,40772,0.4087253719340571,0.009047044632086852,0.485524728588661,0.41274628065942903,0.3288098110172899,0.257137,0.131383,neutral,neutral
ENSG00000114735,HEMK1,27017,0.5323683152392441,0.3606755126658625,0.23361479694410936,0.5367913148371531,0.4156413349416968,0.345959,0.156263,neutral,neutral
ENSG00000114737,CISH,5286,0.8880176919983916,0.4947728186570165,0.6767189384800965,0.8936469642139123,0.7380076397265781,0.458233,0.229242,neutral,regulation-driven
ENSG00000114739,ACVR2B,39253,0.41757137112987536,0.2872939284278247,0.952151186168074,0.42179332529151586,0.5194913550462404,0.274206,0.307801,neutral,regulation-driven
ENSG00000114744,COMMD2,14024,0.7062726176115802,0.14535585042219543,0.6481704865299558,0.7114997989545637,0.5525633293124246,0.438772,0.166516,neutral,neutral
ENSG00000114757,PEX5L,242096,0.05528749497386409,0.7649778850020105,0.6063530357860877,0.058705267390430235,0.37116003216726984,0.793004,0.393898,gene-driven,gene-driven
ENSG00000114767,RRP9,8476,0.8132287897064736,0.03357458785685565,0.7370325693606755,0.8182549256131886,0.6002714113389627,0.43458,0.140832,neutral,regulation-driven
ENSG00000114770,,98006,0.18536389223964617,0.2744270205066345,0.6783273019702453,0.1891837555287495,0.3316344993968637,0.647777,0.263671,gene-driven,gene-driven
ENSG00000114771,AADAC,14416,0.6992360273421794,0.8634901487736228,0.23843988741455568,0.7040611178126257,0.6260655408122235,0.433977,0.268949,neutral,regulation-driven
ENSG00000114779,ABHD14B,14900,0.6891837555287494,0.022718134298351428,0.4766787293928428,0.6942098914354644,0.4704463208685163,0.506815,0.100221,gene-driven,neutral
ENSG00000114784,EIF1B,2718,0.9465219139525533,0.1706875753920386,0.9997989545637314,0.9527543224768797,0.7671290711700844,0.614606,0.289505,neutral,regulation-driven
ENSG00000114790,ARHGEF26,136825,0.12002412545235223,0.572778447929232,0.3345396059509449,0.12384398874145557,0.287605548854041,0.154875,0.276287,neutral,neutral
ENSG00000114805,,369492,0.029754724567752314,0.8562525130679534,0.20546843586650584,0.03176517893043828,0.28070969039002813,0.100523,0.339164,regulation-driven,regulation-driven
ENSG00000114850,SSR3,15597,0.6789304382790511,0.13671089666264577,0.990550864495376,0.6839565741857659,0.622285886610374,0.456685,0.276739,neutral,regulation-driven
ENSG00000114902,SPCS1,6194,0.8652995577000402,0.21391234418978688,0.8092078809811017,0.8707277844792923,0.6895154804985926,0.571834,0.192953,neutral,neutral
ENSG00000114933,INO80D,92583,0.1946119823080016,0.2064736630478488,0.8051869722557298,0.19823080016083636,0.35094491355046237,0.231685,0.268999,neutral,neutral
ENSG00000114956,DGUOK,32136,0.4806996381182147,0.10695617209489344,0.35223160434258144,0.48451950140731803,0.35591073582629673,0.433122,0.118667,neutral,neutral
ENSG00000114988,LMAN2L,34136,0.46059509449135505,0.17832730197024527,0.7468837957378367,0.4644149577804584,0.46236429433051873,0.304262,0.222205,neutral,regulation-driven
ENSG00000114993,RTKN,16588,0.6628468033775633,0.597708082026538,0.4997989545637314,0.6676718938480096,0.6067651789304382,0.189274,0.252815,neutral,regulation-driven
ENSG00000115008,IL1A,10569,0.7718134298351428,0.9014877362283876,0.10072376357056695,0.7770406111781263,0.6375050261359068,0.535585,0.247236,neutral,neutral
ENSG00000115041,KCNIP3,88751,0.20325693606755127,0.46180136710896663,0.817048652995577,0.206875753920386,0.42206473663047855,0.833705,0.333685,gene-driven,gene-driven
ENSG00000115053,NCL,30111,0.5004020908725372,0.1093687173301166,0.3598713309207881,0.5042219541616405,0.36827503015681545,0.729681,0.119924,gene-driven,gene-driven
ENSG00000115073,ACTR1B,8106,0.8222758343385606,0.042018496180136714,0.9790912746280659,0.8277040611178126,0.6675010052271814,0.318134,0.229242,neutral,regulation-driven
ENSG00000115085,ZAP70,30752,0.4935665460394049,0.7106956172094894,0.7133092078809811,0.49718536389223966,0.6035082428628871,0.132439,0.346653,regulation-driven,regulation-driven
ENSG00000115107,STEAP3,41822,0.4030960997185364,0.7000402090872537,0.5844390832328106,0.4071170084439083,0.5234720546843586,0.244803,0.323985,neutral,regulation-driven
ENSG00000115109,EPB41L5,166043,0.09288299155609167,0.38580619219943707,0.36972255729794934,0.0971049457177322,0.23616807398472056,0.177211,0.243617,neutral,neutral
ENSG00000115112,TFCP2L1,68616,0.2647768395657419,0.7631684760755931,0.8293124246079614,0.2679935665460394,0.5311519903498191,0.313199,0.405358,neutral,regulation-driven
ENSG00000115128,SF3B6,8788,0.8067953357458786,0.006433453960595094,0.9985926819461198,0.8118214716525934,0.655659429030961,0.585143,0.247035,neutral,neutral
ENSG00000115129,TP53I3,8429,0.8152392440691596,0.3906312826698834,0.5424205870526739,0.8202653799758746,0.6418878166465621,0.590652,0.189133,gene-driven,neutral
ENSG00000115137,DNAJC27,28459,0.5146763168476075,0.4917571371129875,0.9398874145556896,0.518496180136711,0.6160132689987937,0.540576,0.347155,gene-driven (relaxed),neutral
ENSG00000115145,STAM2,58963,0.30156815440289503,0.045436268596702856,0.5838359469240049,0.3049859268194612,0.3087856855649377,0.303187,0.171994,neutral,neutral
ENSG00000115163,CENPA,36779,0.436670687575392,0.6063530357860877,0.17571371129875352,0.440691596300764,0.4146562123039807,0.53844,0.212002,neutral,neutral
ENSG00000115194,SLC30A3,22134,0.5866505830317652,0.9362685967028549,0.49738640932850825,0.9955770004020909,0.7335243264977885,0.800757,0.542903,gene-driven,neutral
ENSG00000115211,EIF2B4,5987,0.8701246481704865,0.2014475271411339,0.6849618013671089,0.8757539203860072,0.6577905106554081,0.379679,0.162043,gene-driven (relaxed),dual-driven
ENSG00000115226,FNDC4,3318,0.9334539605950944,0.6268596702854845,0.7215520707679935,0.9396863691194209,0.805076397265782,0.383172,0.257238,neutral,regulation-driven
ENSG00000115234,SNX17,7040,0.8462002412545235,0.024929634097305992,0.8337354242058705,0.8518295134700442,0.63889223964616,0.282941,0.15586,neutral,regulation-driven
ENSG00000115241,PPM1G,28397,0.5156815440289505,0.6349014877362283,0.8490148773622839,0.5195014073180538,0.6295838359469239,0.250503,0.354745,neutral,regulation-driven
ENSG00000115252,PDE1A,383392,0.02673904302372336,0.4332529151588259,0.5014073180538802,0.028749497386409327,0.24743667068757538,0.696688,0.307348,gene-driven,gene-driven
ENSG00000115263,GCG,9523,0.7907117008443908,0.9089264173703256,0.7223562525130679,0.7955367913148371,0.804141535987133,0.553699,0.363038,neutral,regulation-driven
ENSG00000115289,PCGF1,2653,0.9475271411338962,0.014676316847607559,0.8226779252110977,0.9537595496582227,0.6843486127864898,0.43849,0.118064,neutral,regulation-driven
ENSG00000115290,GRB14,129066,0.13067953357458786,0.6198230800160837,0.5772014475271411,0.1342983514274226,0.3653196622436671,0.275392,0.335595,neutral,neutral
ENSG00000115307,AUP1,3116,0.9384800965018094,0.046039404905508646,0.4702452754322477,0.9447125050261359,0.599557700040209,0.619027,0.068607,gene-driven,neutral
ENSG00000115317,HTRA2,3755,0.9234016887816646,0.03397667872939284,0.39344591877764373,0.9296340973059911,0.5698029754724568,0.211967,0.056745,gene-driven (relaxed),neutral
ENSG00000115318,LOXL3,23433,0.5689585846401287,0.3355448331322879,0.634097305991154,0.5729794933655006,0.5276940088459993,0.364728,0.22497,neutral,dual-driven
ENSG00000115350,POLE4,11486,0.752714113389626,0.05066344993968637,0.6137917169280257,0.7579412947326095,0.5435162846803377,0.599347,0.127614,neutral,neutral
ENSG00000115353,TACR1,153058,0.10273421793325292,0.48492159227985526,0.6045436268596703,0.10735826296743065,0.32465822275834344,0.632627,0.312776,gene-driven,gene-driven
ENSG00000115365,LANCL1,50522,0.34620024125452353,0.305589063128267,0.6913952553277041,0.3496180136710897,0.4230297547245678,0.233725,0.254473,neutral,regulation-driven
ENSG00000115368,WDR75,34107,0.9937675914756735,0.2189384800965018,0.5257338158423803,0.46481704865299556,0.5772617611580216,0.295999,0.48647,regulation-driven,regulation-driven
ENSG00000115380,EFEMP1,58173,0.305589063128267,0.6789304382790511,0.5472456775231203,0.9993968636911942,0.5981001206272618,0.236671,0.522608,regulation-driven,regulation-driven
ENSG00000115386,REG1A,3048,0.9392842782468838,0.9195818254925613,0.22054684358665058,0.9455166867712103,0.75592078809811,0.591948,0.258243,neutral,regulation-driven
ENSG00000115419,GLS,84732,0.21491757137112988,0.4036992360273422,0.7533172496984318,0.21853638922396462,0.39743667068757543,0.220215,0.306041,neutral,regulation-driven
ENSG00000115421,PAPOLG,45834,0.37474869320466425,0.3166465621230398,0.7738238841978287,0.37876960193003617,0.46079613992762364,0.203961,0.270054,neutral,regulation-driven
ENSG00000115423,DNAH6,303135,0.04020908725371934,0.73924406915963,0.2147165259348613,0.04302372336147969,0.2591576196220346,0.135203,0.311319,regulation-driven,neutral
ENSG00000115457,IGFBP2,31609,0.4869320466425412,0.5572979493365501,0.3856051467631685,0.4907519099316445,0.4799557700040209,0.425895,0.238339,neutral,neutral
ENSG00000115459,ELMOD3,37359,0.43204664254121433,0.19119420989143546,0.4294330518697226,0.43626859670285484,0.37202452754322474,0.258124,0.161389,neutral,neutral
ENSG00000115461,IGFBP5,23445,0.5687575392038601,0.5687575392038601,0.7191395255327704,0.572778447929232,0.607157217531162,0.467471,0.303981,neutral,neutral
ENSG00000115488,NEU2,2386,0.9527543224768797,0.9256131885806193,0.45416164053075997,0.9589867310012062,0.82256735022115,0.582811,0.293577,neutral,regulation-driven
ENSG00000115507,OTX1,7780,0.830518697225573,0.8771612384398875,0.6162042621632489,0.8359469240048251,0.789686369119421,0.763291,0.324236,gene-driven,neutral
ENSG00000115520,COQ10B,21818,0.5910735826296744,0.1594290309609972,0.8574587856855649,0.5950944913550462,0.5505629272215521,0.47303,0.230348,neutral,neutral
ENSG00000115524,,46565,0.36751105749899476,0.13168476075593083,0.9583835946924005,0.3715319662243667,0.4570767993566546,0.341632,0.272517,neutral,neutral
ENSG00000115526,CHST10,25809,0.5456373140329714,0.2814636107760354,0.867913148371532,0.5500603136308806,0.5610474467229594,0.199326,0.268546,neutral,regulation-driven
ENSG00000115540,MOB4,38129,0.4268194611982308,0.08745476477683957,0.9945717732207479,0.43104141535987134,0.48476075593084034,0.401639,0.270406,neutral,neutral
ENSG00000115592,PRKAG3,9779,0.7864897466827503,0.9390832328106152,0.5293526336952151,0.7913148371531966,0.7613188580619221,0.59886,0.328106,gene-driven,dual-driven
ENSG00000115593,SMYD1,45560,0.3769601930036188,0.9115400080418175,0.7965420184961801,0.38098110172899075,0.6163047848813832,0.323663,0.420939,neutral,regulation-driven
ENSG00000115596,WNT6,14429,0.6990349819059107,0.7641737032569361,0.765178930438279,0.7038600723763571,0.7328206674708484,0.475734,0.348361,neutral,regulation-driven
ENSG00000115598,IL1RL2,52997,0.33212706071572173,0.6612384398874146,0.08242862887012464,0.3357458785685565,0.35270406111781266,0.288078,0.208132,neutral,neutral
ENSG00000115604,IL18R1,87249,0.20587052673904302,0.6353035786087656,0.05609167671893848,0.20948934459187776,0.2765078407720145,0.298502,0.201548,neutral,neutral
ENSG00000115616,SLC9A2,91803,0.19601930036188178,0.7492963409730599,0.5004020908725372,0.19963811821471653,0.41115802171290716,0.231815,0.343737,neutral,regulation-driven
ENSG00000115661,STK16,4883,0.8984720546843586,0.12384398874145557,0.6686771210293526,0.9045034177724166,0.648572577402493,0.471221,0.131685,gene-driven,dual-driven
ENSG00000115665,SLC5A7,27472,0.9947728186570165,0.6499798954563731,0.9151588258946521,0.5299557700040209,0.7957076799356654,0.481207,0.677764,dual-driven,dual-driven
ENSG00000115677,,89798,0.20064334539605952,0.010655408122235626,0.88681141938078,0.20426216324889426,0.3254121431443506,0.254235,0.236228,neutral,neutral
ENSG00000115758,ODC1,8360,0.817048652995577,0.436670687575392,0.7858866103739445,0.8224768797748291,0.7152492963409731,0.250111,0.251106,neutral,regulation-driven
ENSG00000115761,NOL10,127641,0.13248894250100524,0.1328910333735424,0.7372336147969442,0.13610776035383998,0.2844993968636912,0.129277,0.245527,neutral,neutral
ENSG00000115806,GORASP2,38667,0.4219943707277845,0.07619622034579815,0.6594290309609971,0.426216324889425,0.39574788902291913,0.826317,0.183906,gene-driven,gene-driven
ENSG00000115808,STRN,128839,0.13088057901085645,0.14837153196622438,0.7082830719742662,0.1344993968636912,0.2803277040611178,0.202232,0.245778,neutral,neutral
ENSG00000115816,CEBPZ,29985,0.5014073180538802,0.10012062726176116,0.4949738640932851,0.5052271813429835,0.4002412545235223,0.253559,0.145456,neutral,neutral
ENSG00000115828,QPCT,30496,0.49658222758343384,0.7543224768797748,0.5327704061117813,0.5002010454362686,0.570788098110173,0.404403,0.318858,neutral,regulation-driven
ENSG00000115839,RAB3GAP1,124379,0.13650985122637715,0.18114193807800563,0.7102935263369522,0.14032971451548049,0.2918777643747487,0.810123,0.253066,gene-driven,gene-driven
ENSG00000115840,SLC25A12,216455,0.06533976678729393,0.39505428226779254,0.7665862484921593,0.06976276638520305,0.32396461600321674,0.436565,0.327352,neutral,neutral
ENSG00000115844,DLX2,3463,0.9310414153598713,0.6827503015681544,0.548854041013269,0.9372738238841978,0.7746682750301567,0.493888,0.242963,neutral,regulation-driven
ENSG00000115850,LCT,49335,0.3540410132689988,0.8894250100522718,0.3590671491757137,0.3576598311218335,0.4898673100120627,0.105277,0.327754,regulation-driven,regulation-driven
ENSG00000115866,DARS1,80220,0.23019702452754323,0.03277040611178126,0.9227985524728589,0.23321270607157218,0.35459388821873744,0.681182,0.245929,gene-driven,gene-driven
ENSG00000115896,,767989,0.004624045034177724,0.49819059107358266,0.4264173703256936,0.006031363088057901,0.23374547647768396,0.707677,0.328709,gene-driven,gene-driven
ENSG00000115902,SLC1A4,35389,0.4499396863691194,0.35826296743063935,0.7141133896260555,0.45375954965822274,0.4938279051065541,0.302865,0.262214,neutral,regulation-driven
ENSG00000115944,COX7A2L,91543,0.19662243667068757,0.28910333735424204,0.5755930840369924,0.20024125452352232,0.3152090872537194,0.715488,0.244019,gene-driven,gene-driven
ENSG00000115946,PNO1,18351,0.6375150784077201,0.009248090068355449,0.8687173301166063,0.6417370325693607,0.5390932850824286,0.427895,0.189938,neutral,neutral
ENSG00000115956,PLEK,32172,0.48009650180940894,0.8538399678327302,0.8775633293124246,0.9909529553679132,0.775070365902694,0.336319,0.617521,regulation-driven,regulation-driven
ENSG00000115963,RND3,70817,0.25894652191395257,0.3526336952151186,0.9483313228789706,0.2621632488942501,0.4553578608765581,0.465762,0.330167,neutral,neutral
ENSG00000115998,C2orf42,98731,0.18435866505830317,0.6602332127060716,0.41556091676718937,0.1881785283474065,0.36189183755528753,0.405696,0.304433,neutral,neutral
ENSG00000116001,TIA1,39217,0.41797346200241253,0.2905106554081222,0.8990751909931645,0.4221954161640531,0.507227583433856,0.781208,0.291767,gene-driven,gene-driven
ENSG00000116030,SUMO1,32418,0.4776839565741858,0.004624045034177724,0.9917571371129875,0.4817048652995577,0.48874145556895854,0.48074,0.248643,neutral,neutral
ENSG00000116031,CD207,5606,0.8805790108564535,0.8526336952151187,0.17551266586248493,0.8862082830719743,0.6984519501407318,0.432338,0.240099,neutral,regulation-driven
ENSG00000116062,,114534,0.15400080418174508,0.44953759549658223,0.39404905508644955,0.1584238037796542,0.2887816646562123,0.100784,0.252664,regulation-driven,regulation-driven
ENSG00000116095,PLEKHA3,36007,0.4437072778447929,0.19642139123441898,0.8415761962203459,0.44772818657016483,0.48215721753116203,0.447004,0.249095,neutral,neutral
ENSG00000116096,SPR,4777,0.9008845999195818,0.22818657016485724,0.5544833132287897,0.9069159630076398,0.6473160434258143,0.587445,0.137063,neutral,neutral
ENSG00000116117,PARD3B,1074688,0.9811017289907519,0.5078407720144753,0.1097708082026538,0.0028146361077603537,0.44929634097305987,0.108233,0.557992,regulation-driven,regulation-driven
ENSG00000116120,FARSB,89194,0.2024527543224769,0.02372336147969441,0.7076799356654604,0.2060715721753116,0.28480096501809404,0.251166,0.203458,neutral,neutral
ENSG00000116128,BCL9,84716,0.21511861680739847,0.39324487334137515,0.36268596702854844,0.2187374346602332,0.2972657820667471,0.670109,0.223663,gene-driven (relaxed),gene-driven (relaxed)
ENSG00000116132,PRRX1,76694,0.24004825090470447,0.47708082026537996,0.9256131885806193,0.243264977885002,0.4713409730599115,0.426357,0.356604,neutral,neutral
ENSG00000116141,MARK1,136326,0.12062726176115803,0.3039806996381182,0.8381584238037797,0.12444712505026136,0.34661238439887415,0.192687,0.307047,neutral,neutral
ENSG00000116147,TNR,428402,0.02070767993566546,0.9794933655006032,0.379372738238842,0.9933655006031363,0.5446019300361882,0.145979,0.607147,regulation-driven,regulation-driven
ENSG00000116157,GPX7,6681,0.8540410132689988,0.25914756735022115,0.914756735022115,0.8596702854845195,0.7216224366706876,0.551719,0.2404,neutral,regulation-driven
ENSG00000116171,SCP2,124423,0.13630880579010857,0.48210695617209487,0.5641334941696824,0.1401286690792119,0.33047848813831926,0.139727,0.298904,regulation-driven,regulation-driven
ENSG00000116176,TPSG1,4143,0.9145556895858464,0.5874547647768396,0.14817048652995576,0.9205870526739043,0.6423904302372336,0.465631,0.164154,neutral,regulation-driven
ENSG00000116205,TCEANC2,58936,0.30176919983916367,0.3172496984318456,0.6047446722959389,0.30518697225572977,0.3820667470848412,0.487108,0.244622,gene-driven (relaxed),neutral
ENSG00000116209,TMEM59,26824,0.5339766787293928,0.05448331322878971,0.7350221149979895,0.538399678327302,0.46524929634097306,0.289787,0.181695,neutral,regulation-driven
ENSG00000116218,NPHS2,25414,0.5492561318858062,0.9768797748291114,0.3673100120627262,0.9919581825492562,0.6992159227985525,0.391043,0.528508,neutral,regulation-driven
ENSG00000116237,ICMT,14780,0.6913952553277041,0.1399276236429433,0.8695215118616807,0.6962203457981504,0.5990249296340973,0.437776,0.217029,neutral,regulation-driven
ENSG00000116254,CHD5,78535,0.23502211499798956,0.8568556493767592,0.7687977482911138,0.2382388419782871,0.5245677523120226,0.294542,0.415913,neutral,regulation-driven
ENSG00000116266,STXBP3,62850,0.9909529553679132,0.08423803779654201,0.5991154000804182,0.2915158825894652,0.526427422597507,0.252372,0.486721,regulation-driven,regulation-driven
ENSG00000116273,PHF13,10300,0.7758343385605146,0.4877362283876156,0.7925211097708083,0.7810615199034981,0.70902694008846,0.396291,0.272618,neutral,regulation-driven
ENSG00000116285,ERRFI1,21906,0.5894652191395255,0.35122637716123845,0.13148371531966224,0.5934861278648975,0.41621431443506235,0.410746,0.126608,neutral,neutral
ENSG00000116299,ELAPOR1,93103,0.19380780056292723,0.6769199839163651,0.438681141938078,0.19742661841576195,0.3765279453156413,0.426349,0.311821,neutral,neutral
ENSG00000116337,,15948,0.6726980297547246,0.5410132689987938,0.7231604342581424,0.6775231202251709,0.6533574587856856,0.692013,0.285233,gene-driven,neutral
ENSG00000116350,SRSF4,34158,0.45958986731001206,0.08222758343385606,0.5540812223562526,0.4634097305991154,0.38963610776035384,0.233343,0.157016,neutral,regulation-driven
ENSG00000116353,MECR,38286,0.42501005227181343,0.03236831523924407,0.5100522718134298,0.42923200643345394,0.34895456373140327,0.464861,0.139777,gene-driven (relaxed),neutral
ENSG00000116459,ATP5PB,13910,0.7082830719742662,0.029151588258946523,0.7494973864093285,0.7135102533172497,0.5498492159227986,0.416908,0.15762,neutral,neutral
ENSG00000116489,CAPZA1,51812,0.33876156011258546,0.4336550060313631,0.9628065942903096,0.3427824688379574,0.5193003618817852,0.598822,0.351226,gene-driven,neutral
ENSG00000116514,RNF19B,28365,0.5160836349014878,0.6491757137112988,0.6451548049859268,0.5199034981905911,0.5823884197828709,0.430242,0.312927,neutral,dual-driven
ENSG00000116521,SCAMP3,6455,0.8600723763570567,0.02191395255327704,0.7685967028548452,0.8657016485725774,0.628789706473663,0.412224,0.135806,neutral,regulation-driven
ENSG00000116525,TRIM62,36661,0.437675914756735,0.32046642541214315,0.8626859670285485,0.441696823482107,0.5154302372336148,0.29238,0.287193,neutral,regulation-driven
ENSG00000116544,DLGAP3,64215,0.2812625653397668,0.8218737434660234,0.5649376759147567,0.28488138319260153,0.4880579010856454,0.218697,0.363138,neutral,regulation-driven
ENSG00000116574,RHOU,11186,0.759750703659027,0.22356252513067953,0.8413751507840772,0.7647768395657418,0.6471149979895456,0.544381,0.224015,neutral,neutral
ENSG00000116586,LAMTOR2,3725,0.9242058705267391,0.0030156815440289505,0.9951749095295537,0.9304382790510656,0.7128970647366305,0.574377,0.222859,neutral,neutral
ENSG00000116649,SRM,5437,0.8856051467631685,0.29714515480498593,0.8560514676316847,0.8912344189786892,0.7322275834338561,0.409329,0.222809,neutral,regulation-driven
ENSG00000116667,C1orf21,241991,0.05548854041013269,0.320064334539606,0.6180136710896663,0.05890631282669884,0.26294732609569765,0.636962,0.288148,gene-driven,gene-driven
ENSG00000116679,IVNS1ABP,24343,0.5587052673904302,0.31363088057901084,0.8303176517893044,0.5627261761158022,0.5661439485323683,0.281333,0.264576,neutral,regulation-driven
ENSG00000116685,KIAA2013,6838,0.8512263771612384,0.06976276638520305,0.631081624447125,0.8568556493767592,0.6019501407318053,0.766303,0.119572,gene-driven,gene-driven
ENSG00000116691,MIIP,12580,0.7332127060715722,0.25371934057096907,0.11540008041817451,0.738238841978287,0.45989143546441497,0.24607,0.088963,neutral,regulation-driven
ENSG00000116701,NCF2,36445,0.4394853236831524,0.8906312826698833,0.41254523522316044,0.4435062324085243,0.5463409730599116,0.188721,0.330519,neutral,regulation-driven
ENSG00000116703,PDC,17549,0.6493767591475673,0.5454362685967028,0.6917973462002412,0.6537997587454765,0.6348813831926015,0.552151,0.282218,neutral,neutral
ENSG00000116704,SLC35D1,54799,0.32066747084841174,0.34941696823482105,0.7342179332529152,0.3242862887012465,0.43196622436670684,0.456634,0.275734,neutral,neutral
ENSG00000116711,PLA2G4A,160033,0.0975070365902694,0.5150784077201448,0.6847607559308404,0.10172899075190993,0.34955770004020914,0.279664,0.338812,neutral,neutral
ENSG00000116717,GADD45A,3134,0.9378769601930036,0.5102533172496985,0.7997587454764777,0.9441093687173301,0.7976879774829111,0.521261,0.242662,neutral,regulation-driven
ENSG00000116741,RGS2,3237,0.9350623240852433,0.37655810213108165,0.7080820265379976,0.9412947326095698,0.7399376759147568,0.590078,0.190842,neutral,neutral
ENSG00000116745,RPE65,22282,0.5846401286690792,0.6875753920386007,0.9095295536791315,0.5888620828307197,0.6924406915963008,0.28647,0.379875,neutral,regulation-driven
ENSG00000116748,AMPD1,22529,0.5818254925613189,0.971049457177322,0.7933252915158826,0.5860474467229594,0.7328508242862887,0.648555,0.413601,gene-driven,neutral
ENSG00000116752,BCAS2,14073,0.7054684358665059,0.04221954161640531,0.9684358665058304,0.7106956172094894,0.6064435062324085,0.594047,0.234218,gene-driven,neutral
ENSG00000116761,CTH,28634,0.5122637716123843,0.6678729392842783,0.7744270205066345,0.5160836349014878,0.617470848411741,0.298311,0.344491,neutral,regulation-driven
ENSG00000116771,AGMAT,13353,0.7189384800965019,0.7466827503015682,0.7360273421793325,0.7243667068757539,0.7312324085243265,0.457891,0.333283,neutral,regulation-driven
ENSG00000116783,,309042,0.03900281463610776,0.661037394451146,0.5231202251708886,0.04161640530759952,0.3160635303578609,0.799799,0.360525,gene-driven,gene-driven
ENSG00000116786,PLEKHM2,50450,0.3464012866907921,0.0914756735022115,0.6845597104945718,0.3498190591073583,0.3678930438279051,0.199296,0.199538,neutral,regulation-driven
ENSG00000116819,TFAP2E,22015,0.5874547647768396,0.3027744270205066,0.7673904302372336,0.5914756735022115,0.5620727784479292,0.434168,0.245074,neutral,neutral
ENSG00000116824,CD2,14800,0.6909931644551669,0.6934057096903901,0.045436268596702856,0.6958182549256132,0.531172094893446,0.830745,0.186319,gene-driven,gene-driven
ENSG00000116857,TMEM9,36803,0.4364696421391234,0.18174507438681142,0.8904302372336148,0.4404905508644954,0.4870828307197427,0.34616,0.260153,neutral,neutral
ENSG00000116863,ADPRS,5041,0.8940490550864495,0.15701648572577404,0.761761158021713,0.8998793727382388,0.6778850020104543,0.348784,0.160836,neutral,regulation-driven
ENSG00000116874,WARS2,109439,0.16143948532368316,0.0792119018898271,0.4467229593888219,0.16586248492159228,0.21308805790108565,0.237656,0.170838,neutral,neutral
ENSG00000116898,MRPS15,8667,0.8094089264173703,0.43807800562927224,0.36932046642541216,0.8144350623240852,0.6075593084036992,0.588922,0.174608,neutral,neutral
ENSG00000116903,EXOC8,5100,0.8926417370325693,0.029955770004020908,0.08262967430639324,0.8984720546843586,0.47563329312424607,0.491074,0.009851,neutral,neutral
ENSG00000116954,RRAGC,21575,0.5938882187374347,0.16747084841174106,0.9704463208685162,0.5979091274628066,0.582227583433856,0.499115,0.276337,neutral,neutral
ENSG00000116962,NID1,89280,0.2020506634499397,0.30197024527543226,0.3974668275030157,0.20566948130277443,0.27660836349014883,0.141114,0.209891,neutral,neutral
ENSG00000116981,NT5C1A,20879,0.6031363088057901,0.8876156011258545,0.883393646964214,0.607157217531162,0.7451246481704865,0.462324,0.418426,neutral,regulation-driven
ENSG00000116983,HPCAL4,12838,0.7279855247285887,0.9049055086449538,0.9394853236831524,0.7332127060715722,0.8261359067149177,0.8366,0.431444,gene-driven,neutral
ENSG00000116996,ZP4,13059,0.7237635705669482,0.0028146361077603537,0.16907921190188982,0.7291917973462002,0.40594089264173705,0.380463,0.035434,gene-driven (relaxed),neutral
ENSG00000117000,RLF,79535,0.2320064334539606,0.07639726578206675,0.3455971049457177,0.23502211499798956,0.22210494571773223,0.265199,0.138018,neutral,neutral
ENSG00000117010,ZNF684,16595,0.6626457579412948,0.2808604744672296,0.10152794531564134,0.6674708484117411,0.4278850020104544,0.392471,0.09816,neutral,neutral
ENSG00000117016,RIMS3,45003,0.380377965420185,0.6527945315641335,0.7967430639324488,0.3843988741455569,0.5533775633293124,0.377483,0.358565,neutral,regulation-driven
ENSG00000117036,ETV3,17284,0.6531966224366706,0.45757941294732607,0.4796944109368717,0.6578206674708484,0.5618415761962203,0.418164,0.214817,neutral,neutral
ENSG00000117054,ACADM,63145,0.2866907921190189,0.33996783273019704,0.7812625653397668,0.29010856453558503,0.42433655006031357,0.118024,0.286238,regulation-driven,regulation-driven
ENSG00000117069,ST6GALNAC5,200067,0.07237635705669482,0.5593084036992361,0.5749899477281866,0.07700040209087254,0.3206875753920386,0.495484,0.334188,gene-driven (relaxed),gene-driven (relaxed)
ENSG00000117090,SLAMF1,38939,0.4203860072376357,0.6517893043827905,0.043626859670285484,0.42460796139927626,0.38489143546441495,0.378468,0.187073,neutral,neutral
ENSG00000117091,CD48,33086,0.4712505026135907,0.8407720144752714,0.007438681141938078,0.475070365902694,0.4484418978689183,0.344501,0.209791,neutral,neutral
ENSG00000117115,PADI2,52691,0.33373542420587055,0.8069963811821471,0.587253719340571,0.3375552874949739,0.5161942098914355,0.211932,0.357459,neutral,regulation-driven
ENSG00000117118,SDHB,35488,0.44913550462404506,0.23964616003216727,0.901286690792119,0.453156413349417,0.5106051467631685,0.826628,0.277895,gene-driven,gene-driven
ENSG00000117122,MFAP2,6131,0.866907921190189,0.5054282267792521,0.7509047044632087,0.8723361479694411,0.7486228387615601,0.584891,0.253016,neutral,regulation-driven
ENSG00000117143,UAP1,39519,0.4159630076397266,0.3363490148773623,0.7704061117812626,0.4199839163650985,0.48547446722959386,0.148683,0.269853,neutral,regulation-driven
ENSG00000117148,ACTL8,71731,0.2553277040611178,0.995979091274628,0.10816244471250502,0.25854443104141533,0.4043425814234016,0.825261,0.306192,gene-driven,gene-driven
ENSG00000117151,CTBS,24870,0.5536791314837153,0.1334941696823482,0.52291917973462,0.5577000402090873,0.4417470848411741,0.395034,0.153197,neutral,neutral
ENSG00000117154,IGSF21,270686,0.04905508644953759,0.6793325291515883,0.5581021310816244,0.052070767993566545,0.33448934459187774,0.327402,0.367913,neutral,neutral
ENSG00000117155,SSX2IP,47098,0.364897466827503,0.7728186570164858,0.5136710896662646,0.36891837555287493,0.5048753518295135,0.429205,0.330519,neutral,neutral
ENSG00000117174,ZNHIT6,59017,0.30116606353035785,0.22114997989545637,0.11057498994772819,0.304583835946924,0.2341978287092883,0.207971,0.109318,neutral,neutral
ENSG00000117215,PLA2G2D,7628,0.8329312424607962,0.8427824688379574,0.19320466425412144,0.8385605146763169,0.676588258946522,0.58854,0.245175,neutral,neutral
ENSG00000117222,RBBP5,35874,0.4455166867712103,0.017893043827905106,0.974065138721351,0.44953759549658223,0.4715520707679936,0.478929,0.247135,gene-driven,neutral
ENSG00000117245,KIF17,54004,0.32549256131885806,0.8051869722557298,0.2997587454764777,0.3293124246079614,0.4397466827503016,0.367111,0.294984,neutral,neutral
ENSG00000117308,GALE,5183,0.8902291917973462,0.44290309609971856,0.7486932046642542,0.8960595094491355,0.7441797346200241,0.22031,0.231705,neutral,neutral
ENSG00000117318,ID3,1576,0.9702452754322477,0.4322476879774829,0.4018898271009248,0.9764776839565742,0.694903498190591,0.549487,0.142541,neutral,neutral
ENSG00000117362,APH1A,4182,0.9139525532770406,0.03598713309207881,0.6564133494169683,0.9199839163650985,0.6312826698833937,0.406273,0.101578,neutral,regulation-driven
ENSG00000117385,P3H1,20750,0.6049457177322075,0.24205870526739043,0.5683554483313229,0.6089666264575794,0.5058805790108565,0.167411,0.185314,neutral,regulation-driven
ENSG00000117395,EBNA1BP2,106762,0.16666666666666666,0.18576598311218334,0.3576598311218335,0.1708886208283072,0.22003417772416567,0.434952,0.177774,neutral,neutral
ENSG00000117399,CDC20,4223,0.9125452352231604,0.8339364696421391,0.7324085243264978,0.9185765983112183,0.8490651387213509,0.377945,0.321371,neutral,regulation-driven
ENSG00000117408,IPO13,21073,0.6005227181342984,0.4638118214716526,0.8952553277040611,0.6045436268596703,0.6408323281061521,0.142169,0.316797,regulation-driven,regulation-driven
ENSG00000117448,AKR1A1,19507,0.6222356252513068,0.03538399678327302,0.8622838761560112,0.6262565339766787,0.5363389626055488,0.684422,0.196924,gene-driven,neutral
ENSG00000117450,PRDX1,31819,0.4847205468435867,0.2800562927221552,0.9041013268998793,0.48854041013269,0.5391636509851226,0.412817,0.285082,neutral,neutral
ENSG00000117472,TSPAN1,10890,0.7657820667470848,0.5981101728990752,0.28387615601125854,0.7710092480900683,0.6044330518697225,0.44992,0.20582,neutral,regulation-driven
ENSG00000117477,CCDC181,65800,0.2752312022517089,0.7599517490952955,0.17149175713711298,0.27864897466827504,0.3711600321672698,0.258303,0.262163,neutral,neutral
ENSG00000117479,SLC19A2,22036,0.587253719340571,0.5098512263771613,0.5687575392038601,0.5912746280659429,0.5640832328106152,0.497749,0.254674,gene-driven,neutral
ENSG00000117500,TMED5,30775,0.4929634097305991,0.11781262565339767,0.8369521511861681,0.49678327301970243,0.48593687173301164,0.811409,0.224819,gene-driven,gene-driven
ENSG00000117525,F3,12587,0.732810615199035,0.37555287494973866,0.1519903498190591,0.7378367511057499,0.4992963409730599,0.414817,0.126458,neutral,neutral
ENSG00000117528,ABCD3,100278,0.18114193807800563,0.3576598311218335,0.8457981503819864,0.18496180136710896,0.3921994370727785,0.330479,0.316345,neutral,neutral
ENSG00000117533,VAMP4,41915,0.4026940088459992,0.28287092882991555,0.6994370727784479,0.4067149175713711,0.44772818657016483,0.568587,0.244421,neutral,neutral
ENSG00000117543,DPH5,36466,0.4392842782468838,0.3468033775633293,0.7563329312424608,0.44330518697225574,0.4962303980699638,0.609533,0.267692,gene-driven,neutral
ENSG00000117560,FASLG,7774,0.8307197426618416,0.7818657016485726,0.32167269802975473,0.8361479694410937,0.6923301166063531,0.502081,0.251005,neutral,regulation-driven
ENSG00000117569,PTBP2,102074,0.17852834740651388,0.21853638922396462,0.890832328106152,0.1825492561318858,0.3674105347808605,0.355746,0.290159,neutral,neutral
ENSG00000117586,TNFSF4,314939,0.03779654201849618,0.42923200643345394,0.003417772416566144,0.040410132689987936,0.12758343385605148,0.536962,0.130529,neutral,neutral
ENSG00000117592,PRDX6,11486,0.752714113389626,0.1895858464012867,0.8860072376357057,0.7579412947326095,0.6463007639726578,0.562977,0.228337,neutral,neutral
ENSG00000117594,HSD11B1,48772,0.3558504221954162,0.7655810213108163,0.14837153196622438,0.3596702854845195,0.40717732207478896,0.416315,0.250653,neutral,neutral
ENSG00000117598,PLPPR5,337685,0.03417772416566144,0.8850020104543627,0.5058303176517893,0.036389223964616,0.36523924406915964,0.542235,0.410032,neutral,gene-driven (relaxed)
ENSG00000117600,PLPPR4,45299,0.3785685564937676,0.7219541616405307,0.7893043827905106,0.3825894652191395,0.5679030960997186,0.238219,0.374196,neutral,regulation-driven
ENSG00000117614,SYF2,10227,0.7782468837957378,0.21029352633695214,0.9107358262967431,0.7834740651387213,0.6704262163248894,0.491355,0.238088,neutral,regulation-driven
ENSG00000117625,RCOR3,58009,0.3067953357458786,0.16666666666666666,0.8614796944109369,0.31021310816244474,0.4111178126256534,0.488739,0.259499,gene-driven,neutral
ENSG00000117640,MTFR1L,14303,0.7012464817048653,0.2135102533172497,0.861881785283474,0.7060715721753116,0.6204362685967029,0.19238,0.233213,neutral,regulation-driven
ENSG00000117643,MAN1C1,167660,0.09107358262967431,0.2997587454764777,0.41274628065942903,0.09529553679131483,0.22450743868114195,0.333839,0.232961,neutral,neutral
ENSG00000117650,NEK2,16974,0.6574185765983113,0.9244069159630076,0.7344189786891837,0.6624447125050261,0.7444209891435465,0.345698,0.3846,neutral,regulation-driven
ENSG00000117697,NSL1,65630,0.27643747486932047,0.09348612786489746,0.08142340168878166,0.2798552472858866,0.18262967430639324,0.332207,0.070969,neutral,neutral
ENSG00000117707,PROX1,58330,0.30518697225572977,0.6817450743868114,0.8271009248090069,0.3088057901085645,0.5305287494973864,0.813842,0.381182,gene-driven,gene-driven
ENSG00000117748,RPA2,23223,0.5723763570566948,0.2621632488942501,0.6773220747889023,0.5765983112183354,0.5219039002814636,0.383504,0.218034,neutral,neutral
ENSG00000117862,TXNDC12,35642,0.44813027744270206,0.02734217933252915,0.7199437072778448,0.452151186168074,0.41169079211901893,0.527915,0.180036,neutral,neutral
ENSG00000117868,ESYT2,99259,0.18275030156815442,0.39123441897868916,0.5975070365902694,0.18657016485725775,0.33932448733413745,0.392232,0.275834,neutral,neutral
ENSG00000118094,TREH,22375,0.5834338560514676,0.7619622034579815,0.3423803779654202,0.5876558102131082,0.5686469642139123,0.221009,0.272266,neutral,regulation-driven
ENSG00000118137,APOA1,1872,0.9648170486529956,0.9051065540812223,0.3373542420587053,0.971049457177322,0.794270205066345,0.831976,0.263621,gene-driven,neutral
ENSG00000118193,KIF14,69255,0.2621632488942501,0.7772416566143948,0.2074788902291918,0.26537997587454765,0.37790510655408116,0.688336,0.274578,gene-driven,gene-driven
ENSG00000118194,TNNT2,18757,0.631081624447125,0.9686369119420989,0.7611580217129071,0.6353035786087656,0.7488339364696421,0.597321,0.402292,gene-driven (relaxed),dual-driven
ENSG00000118197,DDX59,46012,0.37273823884197826,0.07177322074788903,0.5725774024929634,0.37675914756735024,0.3482609569762767,0.147155,0.167421,neutral,regulation-driven
ENSG00000118246,FASTKD2,30833,0.4925613188580619,0.036992360273421794,0.1391234418978689,0.49638118214716526,0.2910735826296743,0.362299,0.056343,gene-driven,neutral
ENSG00000118260,CREB1,76252,0.24266184157619622,0.051065540812223566,0.9662243667068757,0.24587856855649376,0.37629674306393246,0.632308,0.258092,gene-driven,gene-driven
ENSG00000118292,C1orf54,12717,0.7301970245275432,0.45375954965822274,0.16023321270607158,0.7354242058705267,0.5196421391234418,0.488002,0.147517,gene-driven,neutral
ENSG00000118298,CA14,7828,0.8297145154804986,0.5396059509449136,0.35645355850422195,0.8351427422597507,0.6399577804583836,0.488294,0.196371,gene-driven,dual-driven
ENSG00000118402,ELOVL4,32740,0.4742661841576196,0.773220747889023,0.8755528749497387,0.47828709288299154,0.6501306795335746,0.40005,0.400332,neutral,regulation-driven
ENSG00000118407,FILIP1,201942,0.07157217531162043,0.5490550864495376,0.36429433051869725,0.07619622034579815,0.26504825090470446,0.146813,0.290561,neutral,neutral
ENSG00000118434,SPACA1,18998,0.6274628065942903,0.976075593084037,0.19099316445516687,0.6316847607559308,0.6063429835142742,0.55584,0.294481,neutral,neutral
ENSG00000118454,ANKRD13C,95736,0.1895858464012867,0.17410534780860473,0.8713309207880982,0.19340570969039003,0.3569159630076397,0.352402,0.273221,neutral,neutral
ENSG00000118491,ZC2HC1B,73908,0.9901487736228387,0.9883393646964214,0.14937675914756735,0.25231202251708884,0.6319360675512665,0.497497,0.608303,neutral,neutral
ENSG00000118496,FBXO30,21294,0.5981101728990752,0.25954965822275833,0.4927623642943305,0.6021310816244472,0.4879372738238842,0.230086,0.174658,neutral,regulation-driven
ENSG00000118507,AKAP7,148069,0.10896662645757942,0.5824286288701247,0.14535585042219543,0.11338962605548854,0.23731403297145157,0.188467,0.230298,neutral,neutral
ENSG00000118922,KLF12,448316,0.017893043827905106,0.3592681946119823,0.7728186570164858,0.019702452754322478,0.29233011660635305,0.293687,0.329664,neutral,neutral
ENSG00000118972,FGF23,11486,0.752714113389626,0.7939284278246884,0.3775633293124246,0.7579412947326095,0.670275432247688,0.593376,0.271763,neutral,neutral
ENSG00000119013,NDUFB3,14318,0.7008443908323281,0.25713711298753517,0.6811419380780056,0.7056694813027744,0.5859569762766386,0.502563,0.201699,neutral,neutral
ENSG00000119048,UBE2B,20925,0.6025331724969843,0.12002412545235223,0.9991958182549256,0.6065540812223562,0.581875753920386,0.830448,0.280509,gene-driven,gene-driven
ENSG00000119125,GDA,142599,0.11298753518295135,0.7360273421793325,0.38279051065540814,0.11700844390832328,0.3370024125452352,0.798432,0.328056,gene-driven,gene-driven
ENSG00000119138,KLF9,30054,0.5006031363088058,0.44008845999195817,0.547848813831926,0.5044229995979091,0.4980498592681946,0.602815,0.242762,neutral,neutral
ENSG00000119203,CPSF3,49451,0.35323683152392443,0.5014073180538802,0.9680337756332931,0.3568556493767591,0.5447024527543225,0.216486,0.369119,regulation-driven,regulation-driven
ENSG00000119285,HEATR1,55512,0.3178528347406514,0.2074788902291918,0.41576196220345796,0.32147165259348615,0.3154603940490551,0.10586,0.175362,neutral,regulation-driven
ENSG00000119333,DYNC2I2,23195,0.572778447929232,0.4447125050261359,0.46562123039806996,0.5770004020908726,0.5148170486529956,0.342833,0.218235,neutral,regulation-driven
ENSG00000119402,FBXW2,41439,0.4059107358262967,0.06051467631684761,0.976075593084037,0.4099316445516687,0.4629071170084439,0.182157,0.259499,neutral,regulation-driven
ENSG00000119403,PHF19,39246,0.41777241656614394,0.18516284680337755,0.6684760755930841,0.4219943707277845,0.42314032971451554,0.174678,0.213058,neutral,regulation-driven
ENSG00000119411,BSPRY,21693,0.592681946119823,0.5892641737032569,0.48512263771612385,0.596702854845195,0.5657418576598312,0.449447,0.256031,neutral,neutral
ENSG00000119414,PPP6C,43367,0.3914354644149578,0.014877362283876157,0.9748693204664254,0.3956574185765983,0.4439987937273824,0.499959,0.248241,gene-driven,neutral
ENSG00000119421,NDUFA8,15722,0.6767189384800965,0.31443506232408525,0.9308403699236028,0.6817450743868114,0.6506835544833132,0.371301,0.28468,neutral,regulation-driven
ENSG00000119446,RBM18,27219,0.5295536791314838,0.015681544028950542,0.8902291917973462,0.5337756332931243,0.49209891435464415,0.613701,0.210193,neutral,neutral
ENSG00000119457,SLC46A2,11957,0.746280659429031,0.8516284680337757,0.5201045436268597,0.7515078407720145,0.717119018898271,0.335957,0.310716,neutral,regulation-driven
ENSG00000119471,HSDL2,92326,0.195416164053076,0.2923200643345396,0.6881785283474066,0.19903498190591074,0.34355649376759145,0.163621,0.267994,neutral,regulation-driven
ENSG00000119508,NR4A3,45037,0.38017691998391634,0.5776035383996784,0.6942098914354644,0.3841978287092883,0.5088459991958183,0.24429,0.319411,neutral,regulation-driven
ENSG00000119509,INVS,202933,0.07076799356654603,0.24547647768395658,0.3413751507840772,0.07519099316445517,0.18298150381986328,0.164053,0.208384,neutral,neutral
ENSG00000119523,ALG2,5518,0.8827905106554081,0.1095697627663852,0.6692802573381584,0.8884197828709288,0.6372336147969442,0.407509,0.132489,neutral,regulation-driven
ENSG00000119599,DCAF4,33327,0.4682348210695617,0.26618415761962205,0.6164053075995175,0.47205468435866504,0.4555287494973864,0.203629,0.215873,neutral,regulation-driven
ENSG00000119608,PROX2,23284,0.5715721753116204,0.3970647366304785,0.2322074788902292,0.5757941294732609,0.4439485323683152,0.423623,0.161842,neutral,neutral
ENSG00000119614,VSX2,23290,0.5713711298753519,0.9061117812625653,0.7770406111781263,0.5755930840369924,0.7073180538801769,0.528036,0.397819,neutral,regulation-driven
ENSG00000119630,PGF,13793,0.7108966626457579,0.6123843988741455,0.49618013671089667,0.71632488942501,0.6336751105749899,0.630939,0.249598,gene-driven,neutral
ENSG00000119636,BBOF1,63515,0.2854845195014073,0.6463610776035384,0.21592279855247287,0.28890229191797345,0.3589967832730197,0.289335,0.243516,neutral,neutral
ENSG00000119650,IFT43,182450,0.08122235625251306,0.27342179332529154,0.2617611580217129,0.0854443104141536,0.17525130679533574,0.398733,0.193456,neutral,neutral
ENSG00000119681,,114196,0.15500603136308805,0.7155207076799357,0.20928829915560918,0.1594290309609972,0.30958986731001203,0.127081,0.273372,neutral,neutral
ENSG00000119686,FLVCR2,84595,0.21552070767993567,0.5910735826296744,0.3962605548854041,0.2191395255327704,0.3553176517893044,0.158263,0.279654,neutral,regulation-driven
ENSG00000119699,TGFB3,24915,0.5530759951749096,0.46139927623642946,0.8922396461600322,0.5570969039002814,0.6157519099316446,0.670768,0.319914,gene-driven,neutral
ENSG00000119705,SLIRP,53034,0.33172496984318456,0.038198632891033375,0.1702854845195014,0.3353437876960193,0.21870727784479294,0.597006,0.07695,gene-driven,gene-driven
ENSG00000119707,RBM25,65368,0.27784479292320063,0.19963811821471653,0.8815842380377965,0.2812625653397668,0.4099115400080418,0.218536,0.275181,neutral,regulation-driven
ENSG00000119711,ALDH6A1,27646,0.523924406915963,0.47084841174105346,0.9312424607961399,0.527945315641335,0.6132891033373542,0.290651,0.338209,neutral,regulation-driven
ENSG00000119715,ESRRB,191126,0.07740249296340973,0.662042621632489,0.9431041415359871,0.08162444712505026,0.44083232810615197,0.520617,0.410987,neutral,neutral
ENSG00000119718,EIF2B2,9446,0.7919179734620024,0.27683956574185764,0.9406915963007639,0.7967430639324488,0.7013067953357459,0.381308,0.265682,neutral,dual-driven
ENSG00000119760,SUPT7L,13032,0.7241656614394854,0.09811017289907518,0.887816646562123,0.7295938882187374,0.6096501809408926,0.282248,0.208534,neutral,regulation-driven
ENSG00000119772,DNMT3A,114736,0.1529955770004021,0.2685967028548452,0.7269802975472457,0.1574185765983112,0.3262766385203056,0.487736,0.275784,gene-driven,gene-driven
ENSG00000119778,ATAD2B,178460,0.08383594692400483,0.11841576196220346,0.5267390430237233,0.08765581021310816,0.20397064736630477,0.275589,0.210796,neutral,neutral
ENSG00000119787,ATL2,83332,0.2191395255327704,0.14977885002010455,0.8047848813831926,0.22255729794933654,0.3488942501005227,0.04907,0.251307,neutral,neutral
ENSG00000119801,YPEL5,13597,0.7149175713711299,0.16224366706875754,0.9943707277844793,0.720345798150382,0.6476980297547246,0.624261,0.285434,gene-driven,neutral
ENSG00000119862,LGALSL,7413,0.8363490148773622,0.6638520305589063,0.8998793727382388,0.841978287092883,0.8102332127060716,0.427513,0.339666,neutral,regulation-driven
ENSG00000119865,CNRIP1,35881,0.4451145958986731,0.34620024125452353,0.8994772818657016,0.44913550462404506,0.5347808604744673,0.497497,0.304031,neutral,neutral
ENSG00000132423,COQ3,24795,0.5548854041013269,0.028548451950140732,0.43586650583031766,0.5589063128266988,0.39435062324085246,0.442712,0.108112,neutral,neutral
ENSG00000132424,PNISR,27703,0.5235223160434258,0.20788098110172898,0.6439485323683153,0.5275432247687978,0.47552271813429836,0.137766,0.201749,neutral,regulation-driven
ENSG00000132429,POPDC3,22115,0.5870526739043024,0.8482106956172095,0.47305991154000804,0.5910735826296744,0.62464817048653,0.832288,0.318858,gene-driven,gene-driven
ENSG00000132432,SEC61G,7725,0.8317249698431846,0.2366304784881383,0.9995979091274628,0.8371531966224367,0.726005227181343,0.678647,0.309962,gene-driven,neutral
ENSG00000132464,ENAM,18081,0.6417370325693607,0.6958182549256132,0.08825894652191395,0.6459589867310012,0.5177322074788901,0.115139,0.200643,neutral,regulation-driven
ENSG00000132485,ZRANB2,17999,0.6431443506232408,0.2380377965420185,0.9682348210695617,0.6473663047848813,0.6239847205468436,0.350281,0.288752,neutral,regulation-driven
ENSG00000132541,RIDA,14828,0.6901889827100924,0.7756332931242461,0.6576196220345798,0.6950140731805388,0.7043727382388419,0.656607,0.328207,gene-driven,neutral
ENSG00000132570,PCBD2,102840,0.1763168476075593,0.2746280659429031,0.2501005227181343,0.18033775633293125,0.2201447527141134,0.803478,0.173653,gene-driven,gene-driven
ENSG00000132591,ERAL1,6052,0.8683152392440692,0.009650180940892641,0.46642541214314437,0.8737434660233213,0.5542621632488942,0.722479,0.072778,gene-driven,gene-driven
ENSG00000132676,DAP3,51051,0.3423803779654202,0.0036188178528347406,0.3435866505830318,0.34599919581825495,0.2587153196622437,0.807358,0.105599,gene-driven,gene-driven
ENSG00000132680,KHDC4,21369,0.5960997185363892,0.15158825894652192,0.8148371531966224,0.6001206272617612,0.5404603940490551,0.197839,0.216828,neutral,regulation-driven
ENSG00000132688,NES,8645,0.8096099718536389,0.43063932448733416,0.06373140329714516,0.8146361077603539,0.5294028950542823,0.181795,0.119773,neutral,regulation-driven
ENSG00000132698,RAB25,9345,0.7951347004423,0.650583031765179,0.9414957780458384,0.7999597909127463,0.7965520707679936,0.529483,0.359922,neutral,regulation-driven
ENSG00000132703,APCS,1040,0.97708082026538,0.9077201447527141,0.24648170486529955,0.9833132287897065,0.7783373542420587,0.617189,0.256785,neutral,regulation-driven
ENSG00000132704,FCRL2,31400,0.4887414555689586,0.9238037796542018,0.012062726176115802,0.4925613188580619,0.47910132689987933,0.1397,0.229644,neutral,neutral
ENSG00000132718,SYT11,25633,0.5476477683956574,0.6363088057901085,0.8260956976276639,0.5520707679935666,0.6403096099718537,0.598724,0.345547,gene-driven,neutral
ENSG00000132740,IGHMBP2,36740,0.43707277844792924,0.38057901085645357,0.4487334137515078,0.44109368717330116,0.42666867712102935,0.130519,0.212002,neutral,regulation-driven
ENSG00000132744,ACY3,8176,0.8202653799758746,0.7235625251306795,0.2249698431845597,0.8256936067551267,0.6483514274225975,0.519421,0.220798,neutral,neutral
ENSG00000132763,MMACHC,13083,0.7233614796944109,0.37595496582227583,0.5808202653799759,0.728789706473663,0.6019601930036188,0.547507,0.206323,neutral,neutral
ENSG00000132768,DPH2,3370,0.9328508242862887,0.04101326899879373,0.30036188178528345,0.9390832328106152,0.5530156815440289,0.793575,0.043325,gene-driven,gene-driven
ENSG00000132773,TOE1,3922,0.9201849618013671,0.36932046642541216,0.45657418576598313,0.926216324889425,0.667772416566144,0.313721,0.152644,neutral,regulation-driven
ENSG00000132781,,11731,0.748291113791717,0.17490952955367914,0.3118214716525935,0.7535182951347005,0.49687374346602337,0.757084,0.104745,gene-driven,gene-driven
ENSG00000132837,DMGDH,238475,0.05689585846401287,0.7967430639324488,0.5629272215520708,0.06051467631684761,0.3690892641737033,0.810927,0.391536,gene-driven,gene-driven
ENSG00000132849,PATJ,436199,0.019903498190591073,0.2748291113791717,0.15379975874547647,0.021712907117008445,0.11747084841174105,0.310987,0.188581,neutral,neutral
ENSG00000132854,KANK4,83270,0.2195416164053076,0.9083232810615199,0.09067149175713711,0.22295938882187374,0.3602030558906313,0.152915,0.278398,neutral,regulation-driven
ENSG00000132855,ANGPTL3,8794,0.8065942903096099,0.9400884599919582,0.5076397265782067,0.8116204262163249,0.7662344189786892,0.417109,0.322577,neutral,regulation-driven
ENSG00000132881,CPLANE2,5492,0.8829915560916767,0.22919179734620024,0.6950140731805388,0.8886208283071975,0.6736731001206273,0.496743,0.167973,neutral,regulation-driven
ENSG00000132911,NMUR2,41823,0.4028950542822678,0.8626859670285485,0.36349014877362285,0.4069159630076397,0.5087957378367511,0.491094,0.316697,neutral,neutral
ENSG00000132912,DCTN4,52256,0.33695215118616806,0.0794129473260957,0.9541616405307599,0.34097305991154003,0.42767390430237234,0.276458,0.25965,neutral,regulation-driven
ENSG00000132915,PDE6A,86841,0.2074788902291918,0.8021712907117008,0.6604342581423401,0.21109770808202655,0.4701145958986731,0.154493,0.384248,regulation-driven,regulation-driven
ENSG00000132932,,653878,0.008845999195818254,0.9079211901889828,0.5570969039002814,0.010253317249698432,0.3709589867310012,0.103679,0.439033,regulation-driven,regulation-driven
ENSG00000132938,MTUS2,685609,0.007438681141938078,0.720345798150382,0.021511861680739847,0.008845999195818254,0.18946521913952555,0.131132,0.24608,neutral,neutral
ENSG00000132950,ZMYM5,40168,0.4131483715319662,0.21170084439083234,0.2760353839967833,0.4171692802573382,0.3293124246079614,0.311952,0.136208,neutral,neutral
ENSG00000132952,USPL1,43078,0.3944511459589867,0.3208685162846803,0.07880981101728991,0.3986731001206273,0.29798954563731406,0.181484,0.118416,neutral,neutral
ENSG00000132963,POMP,19895,0.6154000804181745,0.06835544833132289,0.9197828709288299,0.6194209891435465,0.5555388017691998,0.720084,0.224668,gene-driven,gene-driven
ENSG00000132964,CDK8,166879,0.09167671893848009,0.2675914756735022,0.9863289103337354,0.09589867310012062,0.36016284680337757,0.601504,0.314787,gene-driven,gene-driven
ENSG00000132965,ALOX5AP,50949,0.34318455971049455,0.860876558102131,0.6316847607559308,0.3466023321270607,0.545416164053076,0.531444,0.379071,neutral,neutral
ENSG00000132975,GPR12,5587,0.8809811017289908,0.7937273823884198,0.0731805388017692,0.8866103739445115,0.6583433856051467,0.5076,0.204413,neutral,regulation-driven
ENSG00000133055,MYBPH,8016,0.8238841978287093,0.888821873743466,0.4336550060313631,0.8293124246079614,0.7436469642139124,0.430961,0.297547,neutral,regulation-driven
ENSG00000133056,PIK3C2B,72178,0.2535182951347004,0.28930438279051063,0.5595094491355046,0.256735022114998,0.3396059509449135,0.722475,0.235072,gene-driven,gene-driven
ENSG00000133065,SLC41A1,24655,0.5556895858464013,0.4083232810615199,0.9324487334137516,0.5597104945717732,0.613841978287093,0.279614,0.320818,neutral,regulation-driven
ENSG00000133069,TMCC2,57687,0.30739847205468435,0.6885806192199437,0.7291917973462002,0.3108162444712505,0.5088258946521914,0.141244,0.361228,regulation-driven,regulation-driven
ENSG00000133083,DCLK1,362731,0.030759951749095297,0.4394853236831524,0.7334137515078407,0.03297145154804986,0.3090470446320868,0.311806,0.34419,neutral,neutral
ENSG00000133101,CCNA1,11351,0.7559308403699236,0.9016887816646562,0.5637314032971451,0.7611580217129071,0.7453659026940088,0.819381,0.330871,gene-driven,neutral
ENSG00000133104,SPART,68543,0.26497788500201047,0.30699638118214717,0.37273823884197826,0.268194611982308,0.30306594290309613,0.304315,0.197125,neutral,neutral
ENSG00000133105,RXFP2,63864,0.28387615601125854,0.7121029352633695,0.31443506232408525,0.2872939284278247,0.3992561318858062,0.207519,0.282318,neutral,regulation-driven
ENSG00000133111,RFXAP,9883,0.7842782468837958,0.21511861680739847,0.5146763168476075,0.7893043827905106,0.5755930840369923,0.52314,0.144351,neutral,neutral
ENSG00000133116,KL,49721,0.3518295134700442,0.6666666666666666,0.42380377965420185,0.35544833132287895,0.44925613188580615,0.385203,0.287746,neutral,neutral
ENSG00000133119,RFC3,148490,0.10816244471250502,0.291113791716928,0.8102131081624447,0.11258544431041416,0.3302975472456775,0.466938,0.300563,neutral,neutral
ENSG00000133121,STARD13,247494,0.05307599517490953,0.5900683554483314,0.4119420989143546,0.05609167671893848,0.27764374748693205,0.108102,0.315692,regulation-driven,regulation-driven
ENSG00000133302,SLF1,120768,0.14294330518697226,0.5743868114193807,0.16043425814234016,0.14696421391234418,0.25598110172899075,0.18661,0.226729,neutral,neutral
ENSG00000133317,LGALS12,10723,0.769199839163651,0.8369521511861681,0.36791314837153194,0.774225975070366,0.6868214716525936,0.819059,0.279805,gene-driven,neutral
ENSG00000133318,RTN3,78446,0.23542420587052673,0.4937675914756735,0.07498994772818657,0.2386409328508243,0.26054483313228793,0.130599,0.172447,neutral,neutral
ENSG00000133321,PLAAT4,12001,0.7454764776839565,0.43707277844792924,0.07519099316445517,0.7507036590269401,0.5018496180136711,0.551448,0.127563,neutral,neutral
ENSG00000133328,PLAAT2,10610,0.7706071572175311,0.7322074788902292,0.15158825894652192,0.7758343385605146,0.60729794933655,0.394692,0.214566,neutral,regulation-driven
ENSG00000133398,MED10,6698,0.853437876960193,0.04463208685162847,0.9955770004020909,0.8590671491757137,0.6878970647366305,0.604101,0.247638,neutral,neutral
ENSG00000133574,GIMAP4,6585,0.8568556493767592,0.5076397265782067,0.08805790108564536,0.8624849215922799,0.5784780860474467,0.440963,0.140279,neutral,neutral
ENSG00000133606,MKRN1,26504,0.5377965420184961,0.31644551668677123,0.848411741053478,0.5426216324889425,0.5610776035383996,0.814174,0.273924,gene-driven,gene-driven
ENSG00000133636,NTS,8698,0.8086047446722959,0.8065942903096099,0.6745074386811419,0.8136308805790109,0.775583031765179,0.574628,0.323583,neutral,regulation-driven
ENSG00000133639,BTG1,5569,0.8819863289103337,0.244270205066345,0.8262967430639324,0.8876156011258545,0.7097607559308403,0.566043,0.200694,neutral,neutral
ENSG00000133641,RLIG1,16315,0.6676718938480096,0.22014475271411338,0.7824688379573783,0.672496984318456,0.585454362685967,0.785566,0.218737,gene-driven,gene-driven
ENSG00000133678,TMEM254,13912,0.7080820265379976,0.37675914756735024,0.20004020908725373,0.7133092078809811,0.4992862887012465,0.740467,0.138219,gene-driven,gene-driven
ENSG00000133704,IPO8,66882,0.27121029352633697,0.09971853638922397,0.6640530759951749,0.2746280659429031,0.3272316043425814,0.699164,0.205418,gene-driven,gene-driven
ENSG00000133731,IMPA1,29418,0.9943707277844793,0.2788500201045436,0.7028548451950141,0.5100522718134298,0.6457478890229192,0.264475,0.535022,regulation-driven,regulation-driven
ENSG00000133739,LRRCC1,38866,0.4207880981101729,0.5400080418174508,0.4081222356252513,0.42501005227181343,0.4482710092480901,0.180368,0.246281,neutral,regulation-driven
ENSG00000133773,CCDC59,135125,0.1214314435062324,0.15601125854443104,0.06413349416968235,0.12525130679533575,0.11651588258946523,0.698512,0.096954,gene-driven,gene-driven
ENSG00000133800,LYVE1,54724,0.32167269802975473,0.5470446320868516,0.07056694813027745,0.3252915158825895,0.31596300763972657,0.623385,0.177573,gene-driven,gene-driven
ENSG00000133805,AMPD3,199267,0.07297949336550061,0.5241254523522316,0.6823482106956172,0.07760353839967833,0.3390329714515481,0.143918,0.346552,regulation-driven,regulation-driven
ENSG00000133858,ZFC3H1,58127,0.3059911540008042,0.0856453558504222,0.4835142742259751,0.30940892641737033,0.2959690390028147,0.106454,0.159429,neutral,regulation-driven
ENSG00000133874,RNF122,19375,0.6240450341777242,0.5261359067149176,0.9049055086449538,0.6280659429030961,0.6705870526739043,0.603277,0.332982,neutral,neutral
ENSG00000133895,,7785,0.8301166063530357,0.14857257740249297,0.6473663047848813,0.8355448331322879,0.6151286690792118,0.60592,0.148573,gene-driven,neutral
ENSG00000133935,ERG28,11086,0.7619622034579815,0.487535182951347,0.9495375954965822,0.7669883393646965,0.741254523522316,0.622195,0.327604,neutral,neutral
ENSG00000133937,GSC,1891,0.9644149577804584,0.7227583433856052,0.7273823884197829,0.9706473663047849,0.8459891435464415,0.539234,0.269451,neutral,regulation-driven
ENSG00000133961,NUMB,191061,0.07760353839967833,0.1646562123039807,0.6033373542420587,0.08182549256131885,0.23164455166867712,0.339257,0.23854,neutral,neutral
ENSG00000133985,TTC9,33451,0.46662645757941296,0.5263369521511861,0.6548049859268195,0.4704463208685163,0.5293626859670285,0.60393,0.290611,neutral,neutral
ENSG00000134007,ADAM20,12658,0.7312022517088862,0.868918375552875,0.03578608765581021,0.7364294330518697,0.5928226779252112,0.282579,0.2212,neutral,regulation-driven
ENSG00000134013,LOXL2,128432,0.13148371531966224,0.39244069159630074,0.5474467229593888,0.13510253317249699,0.3014374748693205,0.164284,0.274377,neutral,neutral
ENSG00000134028,ADAMDEC1,21729,0.5922798552472859,0.9638118214716526,0.1411338962605549,0.5963007639726579,0.5731805388017692,0.454554,0.27694,neutral,neutral
ENSG00000134057,CCNB1,11111,0.7611580217129071,0.6636509851226378,0.5765983112183354,0.766184157619622,0.6916465621230399,0.499475,0.272768,gene-driven,dual-driven
ENSG00000134061,CD180,17187,0.6550060313630881,0.8387615601125854,0.19039002814636108,0.6596300763972658,0.5857157217531161,0.276478,0.256584,neutral,regulation-driven
ENSG00000134070,IRAK2,78827,0.23401688781664656,0.3691194209891435,0.07458785685564938,0.2372336147969441,0.228578608765581,0.366586,0.142189,neutral,neutral
ENSG00000134086,VHL,11899,0.7474869320466425,0.17430639324487335,0.36248492159227985,0.752714113389626,0.5089867310012063,0.681871,0.113993,gene-driven,gene-driven
ENSG00000134107,BHLHE40,5887,0.8731403297145155,0.4254121431443506,0.595697627663852,0.8787696019300362,0.6929734620024125,0.364908,0.196572,neutral,regulation-driven
ENSG00000134109,EDEM1,32313,0.47929232006433453,0.26417370325693607,0.7862887012464818,0.48331322878970645,0.503065942903096,0.380976,0.248844,neutral,neutral
ENSG00000134115,CNTN6,311560,0.038600723763570564,0.76075593084037,0.27040611178126256,0.04121431443506232,0.2776135906714918,0.338525,0.330619,neutral,neutral
ENSG00000134193,REG4,17564,0.6491757137112988,0.9306393244873341,0.10554885404101327,0.6535987133092079,0.584519501407318,0.773349,0.260505,gene-driven,gene-driven
ENSG00000134198,TSPAN2,41493,0.4049055086449538,0.6188178528347407,0.475070365902694,0.4089264173703257,0.47672899075190994,0.661245,0.28277,gene-driven,gene-driven
ENSG00000134202,GSTM3,7107,0.8443908323281062,0.6682750301568154,0.6791314837153196,0.8500201045436269,0.7601728990751909,0.729318,0.282821,gene-driven,neutral
ENSG00000134222,PSRC1,3631,0.9270205066344994,0.46602332127060714,0.25512665862484923,0.9332529151588259,0.6450442299959791,0.236188,0.146663,neutral,regulation-driven
ENSG00000134240,HMGCS2,20904,0.6027342179332529,0.9059107358262968,0.7209489344591877,0.6067551266586249,0.708886208283072,0.741089,0.384449,gene-driven,neutral
ENSG00000134245,WNT2B,63625,0.2850824286288701,0.4774829111379172,0.5747889022919179,0.2885002010454363,0.40629272215520706,0.320818,0.28081,neutral,neutral
ENSG00000134248,LAMTOR5,6694,0.8536389223964616,0.048854041013269,0.9437072778447929,0.8592681946119823,0.6760856453558504,0.500483,0.200191,neutral,regulation-driven
ENSG00000134253,TRIM45,11528,0.7519099316445517,0.3926417370325694,0.51145958986731,0.7571371129875352,0.6030257338158423,0.275493,0.192501,neutral,regulation-driven
ENSG00000134255,CEPT1,45626,0.3761560112585444,0.3843988741455569,0.9191797346200241,0.38017691998391634,0.5147768395657419,0.82699,0.322979,gene-driven,gene-driven
ENSG00000134256,CD101,34803,0.4549658222758343,0.4201849618013671,0.08845999195818255,0.45878568556493765,0.3554081222356253,0.212701,0.141385,neutral,neutral
ENSG00000134258,VTCN1,67374,0.2685967028548452,0.781664656212304,0.20627261761158022,0.2720144752714113,0.38196622436670685,0.483912,0.275181,gene-driven,neutral
ENSG00000134259,NGF,52867,0.33273019702452755,0.5506634499396864,0.007237635705669481,0.3363490148773623,0.30656413349416967,0.479282,0.139073,gene-driven,gene-driven
ENSG00000134262,AP4B1,11519,0.7521109770808203,0.19823080016083636,0.6133896260554885,0.7573381584238038,0.580006031363088,0.758861,0.164505,gene-driven,gene-driven
ENSG00000134294,SLC38A2,14586,0.6956172094893446,0.35665460394049053,0.7854845195014073,0.7004422999597909,0.6343084036992359,0.509738,0.249899,gene-driven,neutral
ENSG00000134321,RSAD2,32683,0.475070365902694,0.32066747084841174,0.6992360273421794,0.47909127462806594,0.49331523924406917,0.650462,0.248241,gene-driven,gene-driven
ENSG00000134323,MYCN,6458,0.859871330920788,0.5922798552472859,0.4356654603940491,0.8655006031363088,0.688047848813832,0.348462,0.216677,neutral,regulation-driven
ENSG00000134343,ANO3,474448,0.01588258946521914,0.6660635303578609,0.5906714917571371,0.01769199839163651,0.3224869320466425,0.132187,0.383645,regulation-driven,regulation-driven
ENSG00000134371,CDC73,132833,0.12505026135906716,0.16767189384800965,0.9425010052271814,0.1288701246481705,0.340832328106152,0.589686,0.28659,gene-driven,gene-driven
ENSG00000134375,TIMM17A,15162,0.6845597104945718,0.010856453558504222,0.982509047044632,0.6895858464012867,0.5916264575794129,0.591043,0.236681,neutral,neutral
ENSG00000134376,,210252,0.06735022114997989,0.7706071572175311,0.13268998793727382,0.07157217531162043,0.2603437876960193,0.10201,0.280308,regulation-driven,regulation-driven
ENSG00000134452,,47392,0.36369119420989143,0.15822275834338562,0.33293124246079614,0.36771210293526335,0.3054382790510656,0.103016,0.138922,neutral,regulation-driven
ENSG00000134460,IL2RA,51682,0.33976678729392845,0.7040611178126257,0.017893043827905106,0.3435866505830318,0.35113590671491757,0.349588,0.191747,neutral,neutral
ENSG00000134461,ANKRD16,28291,0.5170888620828307,0.35203055890631285,0.3902291917973462,0.5209087253719341,0.4448733413751508,0.42067,0.18461,gene-driven,neutral
ENSG00000134516,,446115,0.0182951347004423,0.7647768395657418,0.5142742259750703,0.02010454362685967,0.3292722155207077,0.459932,0.393697,neutral,neutral
ENSG00000134533,RERG,240893,0.05568958584640129,0.6598311218335344,0.7265782066747085,0.05910735826296743,0.3751306795335746,0.433585,0.388721,neutral,neutral
ENSG00000134548,SPX,14954,0.6887816646562123,0.6214314435062324,0.3138319260152794,0.6938078005629272,0.5792119018898271,0.712753,0.222909,gene-driven,neutral
ENSG00000134571,MYBPC3,21297,0.5971049457177322,0.9744672295938882,0.6043425814234017,0.6011258544431042,0.6940591073582629,0.177423,0.372738,regulation-driven,regulation-driven
ENSG00000134686,PHC2,107473,0.16546039404905508,0.32026537997587456,0.3357458785685565,0.1696823482106956,0.24757740249296342,0.231276,0.206675,neutral,neutral
ENSG00000134690,CDCA8,17239,0.6540008041817451,0.8162444712505026,0.3558504221954162,0.6586248492159228,0.6209489344591879,0.510244,0.282821,gene-driven,neutral
ENSG00000134716,CYP2J2,33466,0.46642541214314437,0.6158021712907117,0.1891837555287495,0.4702452754322477,0.4352231604342582,0.250312,0.215571,neutral,regulation-driven
ENSG00000134717,BTF3L4,34518,0.4571773220747889,0.1644551668677121,0.9923602734217933,0.4609971853638922,0.5185564937675915,0.518516,0.289154,neutral,neutral
ENSG00000134780,DAGLA,66611,0.2730197024527543,0.29794933655006034,0.7480900683554483,0.27643747486932047,0.39870325693606756,0.135766,0.271612,neutral,regulation-driven
ENSG00000134802,SLC43A3,20627,0.606151990349819,0.450140731805388,0.46763168476075595,0.610172899075191,0.5333232810615199,0.147105,0.216425,neutral,regulation-driven
ENSG00000134809,TIMM10,2340,0.9545637314032972,0.01347004422999598,0.9961801367108967,0.9607961399276237,0.730940892641737,0.644964,0.217682,gene-driven,neutral
ENSG00000134825,TMEM258,24302,0.5593084036992361,0.08926417370325694,0.9867310012062727,0.5633293124246079,0.5494571773220748,0.732278,0.265832,gene-driven,gene-driven
ENSG00000134827,TCN1,13690,0.7129071170084439,0.9581825492561319,0.08443908323281062,0.718335343787696,0.618194611982308,0.381011,0.258645,neutral,regulation-driven
ENSG00000134851,TMEM165,57441,0.30840369923602734,0.28387615601125854,0.7295938882187374,0.3118214716525935,0.4082529151588259,0.668544,0.259449,gene-driven,gene-driven
ENSG00000134874,DZIP1,66505,0.27342179332529154,0.47868918375552877,0.16666666666666666,0.27683956574185764,0.29873341375150786,0.289676,0.191647,neutral,neutral
ENSG00000134882,UBAC2,185731,0.07981503819863289,0.12464817048652996,0.4919581825492561,0.08403699236027343,0.19490349819059105,0.336148,0.206775,neutral,neutral
ENSG00000134884,ARGLU1,26465,0.5386007237635706,0.1395255327704061,0.9686369119420989,0.5434258142340169,0.5473059911540008,0.564485,0.271813,neutral,neutral
ENSG00000134897,BIVM,42415,0.3988741455568959,0.16244471250502612,0.7364294330518697,0.4028950542822678,0.42495979091274627,0.783899,0.222155,gene-driven,gene-driven
ENSG00000134899,ERCC5,30165,0.4995979091274628,0.042621632488942504,0.3148371531966224,0.5034177724165662,0.33992762364294327,0.768312,0.093536,gene-driven,gene-driven
ENSG00000134900,TPP2,83001,0.220345798150382,0.3281061519903498,0.8632891033373542,0.22376357056694812,0.4087052673904302,0.203485,0.307951,neutral,neutral
ENSG00000134901,POGLUT2,14760,0.6921994370727784,0.41757137112987536,0.8640932850824287,0.6970245275432247,0.6674809006835545,0.262133,0.285535,neutral,regulation-driven
ENSG00000134905,CARS2,72192,0.25331724969843183,0.05166867712102935,0.27161238439887414,0.2565339766787294,0.2081222356252513,0.801777,0.111379,gene-driven,gene-driven
ENSG00000134917,ADAMTS8,23687,0.5661439485323683,0.8178528347406514,0.4071170084439083,0.5701648572577402,0.5901186168073984,0.260967,0.299206,neutral,regulation-driven
ENSG00000134940,ACRV1,9353,0.7943305186972256,0.9537595496582227,0.07700040209087254,0.7991556091676719,0.655820265379976,0.441637,0.254624,neutral,regulation-driven
ENSG00000134955,SLC37A2,27215,0.5297547245677523,0.6537997587454765,0.6879774829111379,0.5339766787293928,0.6011660635303577,0.261761,0.323985,neutral,regulation-driven
ENSG00000134962,KLB,44604,0.3825894652191395,0.7070767993566546,0.4304382790510655,0.3866103739445115,0.47647768395657414,0.35585,0.29619,neutral,neutral
ENSG00000134986,NREP,334844,0.03457981503819863,0.3751507840772014,0.03176517893043828,0.0367913148371532,0.11946119823080016,0.360796,0.154051,neutral,neutral
ENSG00000134987,WDR36,38182,0.426216324889425,0.12263771612384398,0.6680739847205468,0.4304382790510655,0.41163047848813833,0.22699,0.196823,neutral,regulation-driven
ENSG00000134996,OSTF1,58752,0.303578608765581,0.4388821873743466,0.9059107358262968,0.30719742661841576,0.48871129875351826,0.49801,0.338611,neutral,neutral
ENSG00000135002,RFK,8992,0.8017691998391636,0.21672698029754725,0.9336550060313631,0.8067953357458786,0.6894853236831523,0.732228,0.245879,gene-driven,neutral
ENSG00000135040,NAA35,84317,0.21592279855247287,0.16264575794129474,0.9354644149577804,0.2195416164053076,0.3832127060715722,0.144964,0.281212,neutral,regulation-driven
ENSG00000135047,CTSL,7419,0.8361479694410937,0.24125452352231605,0.45878568556493765,0.8417772416566144,0.5942098914354644,0.120557,0.136309,neutral,regulation-driven
ENSG00000135063,ENTREP1,67992,0.26598311218335347,0.6982308001608364,0.27080820265379973,0.26940088459991957,0.37593486127864895,0.254614,0.269954,neutral,neutral
ENSG00000135070,ISCA1,18557,0.6344993968636912,0.013268998793727383,0.9674306393244874,0.6387213510253317,0.5632689987937274,0.694441,0.231202,gene-driven,neutral
ENSG00000135083,CCNJL,96314,0.18837957378367512,0.6318858061921995,0.5108564535585042,0.19219943707277845,0.3806393244873341,0.449222,0.318707,neutral,neutral
ENSG00000135093,USP30,64935,0.2792521109770808,0.24628065942903096,0.5484519501407318,0.28266988339364696,0.3389927623642943,0.373159,0.218386,gene-driven,neutral
ENSG00000135100,HNF1A,23970,0.5633293124246079,0.7123039806996381,0.6980297547245677,0.5673502211499799,0.6350522718134298,0.715574,0.33645,gene-driven,neutral
ENSG00000135111,TBX3,13921,0.707880981101729,0.6055488540410132,0.8075995174909529,0.7131081624447125,0.7082730197024528,0.378131,0.3174,neutral,dual-driven
ENSG00000135114,OASL,21484,0.594692400482509,0.7175311620426217,0.09388821873743466,0.598713309207881,0.501005227181343,0.215883,0.209942,neutral,regulation-driven
ENSG00000135119,RNFT2,115454,0.1519903498190591,0.708886208283072,0.6690792119018898,0.15641334941696824,0.42137112987535186,0.762451,0.373794,gene-driven,gene-driven
ENSG00000135144,DTX1,41299,0.40631282669883395,0.6336952151186168,0.7474869320466425,0.41033373542420587,0.5492561318858062,0.337827,0.340873,neutral,regulation-driven
ENSG00000135148,TRAFD1,28067,0.5195014073180538,0.2243667068757539,0.21230398069963813,0.5235223160434258,0.3697225572979493,0.220557,0.118416,neutral,neutral
ENSG00000135185,TMEM243,24428,0.5581021310816244,0.4505428226779252,0.9443104141535987,0.5621230398069964,0.6285685564937676,0.566234,0.335796,neutral,neutral
ENSG00000135211,TMEM60,4707,0.9024929634097306,0.15259348612786489,0.08765581021310816,0.9085243264977885,0.5125150784077201,0.642581,0.042169,neutral,neutral
ENSG00000135222,CSN2,10473,0.7734217933252915,0.8777643747486932,0.06453558504221954,0.778648974668275,0.6233313228789706,0.676787,0.23457,gene-driven,neutral
ENSG00000135312,HTR1B,2568,0.9493365500603136,0.8092078809811017,0.13570566948130278,0.9555689585846401,0.7121431443506231,0.580217,0.210796,neutral,neutral
ENSG00000135316,,36285,0.4408926417370326,0.13329312424607961,0.9919581825492562,0.4449135504624045,0.5025633293124246,0.711485,0.281162,gene-driven,gene-driven
ENSG00000135333,EPHA7,179668,0.08323281061519903,0.6672698029754724,0.8441897868918375,0.08705267390430237,0.4202452754322477,0.1174,0.402292,regulation-driven,regulation-driven
ENSG00000135334,AKIRIN2,27374,0.5275432247687978,0.23441897868918377,0.9181745074386811,0.5317651789304383,0.5527643747486932,0.612559,0.274829,gene-driven,neutral
ENSG00000135338,LCA5,52468,0.3353437876960193,0.3130277442702051,0.1282669883393647,0.3393646964213912,0.27879975874547647,0.458152,0.134952,gene-driven,gene-driven
ENSG00000135341,MAP3K7,73514,0.24969843184559712,0.05307599517490953,0.9234016887816646,0.25311620426216325,0.3696521913952553,0.125583,0.25,neutral,regulation-driven
ENSG00000135355,GJA10,27292,0.5291515882589465,0.9829111379171693,0.015078407720144753,0.5333735424205871,0.5149175713711298,0.4173,0.249296,neutral,neutral
ENSG00000135363,LMO2,33501,0.46602332127060714,0.36127864897466827,0.7885002010454363,0.46984318455971047,0.5212203457981504,0.770798,0.274879,gene-driven,gene-driven
ENSG00000135365,PHF21A,192136,0.07639726578206675,0.3252915158825895,0.7740249296340973,0.08061921994370727,0.3138721351025332,0.649546,0.308303,gene-driven,gene-driven
ENSG00000135374,ELF5,46403,0.36932046642541216,0.9294330518697226,0.5273421793325291,0.3733413751507841,0.5496582227583434,0.356112,0.368416,neutral,regulation-driven
ENSG00000135407,AVIL,21359,0.5963007639726579,0.302573381584238,0.5235223160434258,0.6003216726980297,0.5054784881383193,0.51795,0.192049,gene-driven,neutral
ENSG00000135413,LACRT,4085,0.9165661439485324,0.8655006031363088,0.028548451950140732,0.9225975070365903,0.6830016083634901,0.640736,0.222356,gene-driven,neutral
ENSG00000135452,TSPAN31,12207,0.7414555689585847,0.13148371531966224,0.5253317249698432,0.7466827503015682,0.5359770808202654,0.589857,0.131333,gene-driven,neutral
ENSG00000135457,TFCP2,79480,0.2322074788902292,0.03518295134700442,0.8138319260152794,0.23522316043425814,0.3289605950944913,0.526739,0.224719,gene-driven,gene-driven
ENSG00000135480,KRT7,19667,0.6190188982710092,0.78367511057499,0.5468435866505831,0.6230398069963812,0.6429433051869723,0.582018,0.314988,gene-driven,neutral
ENSG00000135517,MIP,19665,0.6192199437072778,0.8508242862887012,0.5572979493365501,0.6232408524326498,0.6624447125050261,0.576618,0.332881,neutral,neutral
ENSG00000135519,KCNH3,19308,0.6250502613590672,0.7842782468837958,0.49819059107358266,0.6290711700844391,0.6339465219139526,0.508156,0.304131,gene-driven,neutral
ENSG00000135521,LTV1,20475,0.6079613992762364,0.03498190591073583,0.7488942501005227,0.6119823080016084,0.5007539203860072,0.377895,0.172195,gene-driven,neutral
ENSG00000135525,MAP7,208539,0.06755126658624849,0.5591073582629674,0.17048652995577002,0.07197426618415761,0.21705870526739043,0.152448,0.24226,neutral,neutral
ENSG00000135535,CD164,15954,0.6722959388821874,0.06855649376759147,0.24246079613992763,0.6771210293526337,0.4148673100120628,0.709489,0.07308,gene-driven,gene-driven
ENSG00000135547,HEY2,13606,0.7143144350623241,0.7295938882187374,0.5910735826296744,0.7197426618415762,0.6884097305991155,0.47501,0.299055,neutral,regulation-driven
ENSG00000135549,PKIB,254457,0.05166867712102935,0.6696823482106956,0.07820667470848412,0.0546843586650583,0.2134097305991154,0.585159,0.243164,gene-driven,gene-driven
ENSG00000135569,TAAR5,1150,0.9762766385203056,0.0004020908725371934,0.21753116204262163,0.982509047044632,0.5438681141938078,0.546874,0.001458,neutral,neutral
ENSG00000135577,NMBR,88793,0.20265379975874548,0.8140329714515481,0.45858464012866906,0.20627261761158022,0.420205066344994,0.462063,0.347407,neutral,neutral
ENSG00000135604,STX11,41453,0.40570969039002813,0.5973059911540008,0.009248090068355449,0.4097305991154001,0.3552975472456775,0.583233,0.150633,gene-driven,gene-driven
ENSG00000135605,TEC,134056,0.12344189786891838,0.3333333333333333,0.5287494973864093,0.1272617611580217,0.2780056292722155,0.709126,0.25774,gene-driven,gene-driven
ENSG00000135617,,5230,0.8894250100522718,0.21692802573381584,0.8739445114595898,0.8952553277040611,0.7185967028548452,0.527312,0.207429,neutral,regulation-driven
ENSG00000135624,CCT7,19602,0.620627261761158,0.18797748291113792,0.97708082026538,0.62464817048653,0.602382388419783,0.153508,0.28267,neutral,regulation-driven
ENSG00000135625,EGR4,2773,0.9451145958986731,0.8088057901085646,0.18335343787696018,0.9513470044229996,0.721843586650583,0.628356,0.222356,gene-driven,neutral
ENSG00000135631,RAB11FIP5,83340,0.2189384800965018,0.6781262565339766,0.08021712907117008,0.22235625251306795,0.2997386409328508,0.117139,0.221401,neutral,regulation-driven
ENSG00000135677,GNS,45987,0.3731403297145155,0.4772818657016486,0.784680337756333,0.3771612384398874,0.5028648974668275,0.708248,0.312626,gene-driven,gene-driven
ENSG00000135678,CPM,129374,0.13047848813831925,0.5428226779252111,0.2746280659429031,0.134097305991154,0.2703256936067551,0.278448,0.254021,neutral,neutral
ENSG00000135744,AGT,54801,0.32046642541214315,0.8769601930036188,0.0850422195416164,0.3240852432649779,0.40145757941294735,0.782087,0.260806,gene-driven,gene-driven
ENSG00000135750,KCNK1,58409,0.30418174507438683,0.51145958986731,0.8214716525934861,0.3078005629272216,0.48604744672295935,0.484148,0.337505,neutral,neutral
ENSG00000135773,CAPN9,54620,0.3222758343385605,0.7279855247285887,0.5733815842380378,0.32589465219139524,0.4872034579815038,0.164254,0.33841,regulation-driven,regulation-driven
ENSG00000135775,COG2,51502,0.3405709690390028,0.1338962605548854,0.7052673904302372,0.34418978689183755,0.38080016083634904,0.354498,0.214415,neutral,neutral
ENSG00000135776,ABCB10,42126,0.4008845999195818,0.13650985122637715,0.5120627261761158,0.40470446320868514,0.3633494169682348,0.229755,0.168526,neutral,neutral
ENSG00000135778,NTPCR,33278,0.4686369119420989,0.037595496582227585,0.6332931242460796,0.4724567752312023,0.4028045838359469,0.510374,0.162344,neutral,neutral
ENSG00000135801,TAF5L,32989,0.47225572979493363,0.31523924406915965,0.8819863289103337,0.4762766385203056,0.5362384398874145,0.256996,0.288852,neutral,regulation-driven
ENSG00000135823,STX6,50410,0.3466023321270607,0.22979493365500603,0.837957378367511,0.35022114997989545,0.44096300763972657,0.418416,0.267441,neutral,neutral
ENSG00000135824,RGS8,42772,0.3966626457579413,0.6909931644551669,0.8114193807800563,0.4008845999195818,0.5747788500201045,0.695704,0.370828,gene-driven,neutral
ENSG00000135828,RNASEL,15623,0.6781262565339766,0.20225170888620828,0.08644953759549658,0.6831523924406916,0.4122436670687575,0.269401,0.073834,neutral,neutral
ENSG00000135829,DHX9,48636,0.3578608765581021,0.07539203860072376,0.7478890229191797,0.36168073984720545,0.3855146763168476,0.180167,0.206876,neutral,regulation-driven
ENSG00000135838,NPL,41092,0.4077201447527141,0.5942903096099719,0.3640932850824286,0.41174105347808604,0.44426015279453157,0.451643,0.251106,gene-driven (relaxed),neutral
ENSG00000135845,PIGC,73898,0.24909529553679133,0.11158021712907117,0.004422999597909127,0.2525130679533575,0.15423200643345397,0.525221,0.028649,neutral,neutral
ENSG00000135870,RC3H1,91274,0.19742661841576195,0.044229995979091274,0.7293928427824689,0.2010454362685967,0.29284278246883794,0.151005,0.213158,neutral,neutral
ENSG00000135900,MRPL44,10252,0.7768395657418576,0.0725774024929634,0.6115802171290712,0.7820667470848411,0.5605046240450342,0.499769,0.129423,neutral,neutral
ENSG00000135902,CHRND,10675,0.7698029754724568,0.9573783675110575,0.623642943305187,0.7750301568154403,0.7812022517088862,0.320497,0.354795,neutral,regulation-driven
ENSG00000135903,PAX3,99112,0.18335343787696018,0.7800562927221552,0.8506232408524327,0.18717330116606354,0.5001105749899477,0.222587,0.420084,regulation-driven,regulation-driven
ENSG00000135913,USP37,118101,0.1463610776035384,0.5691596300763972,0.5410132689987938,0.15038198632891034,0.35152794531564135,0.114536,0.315139,regulation-driven,regulation-driven
ENSG00000135914,HTR2B,16813,0.6594290309609971,0.6357056694813028,0.7279855247285887,0.6644551668677121,0.6716425412143145,0.402031,0.31147,neutral,regulation-driven
ENSG00000135916,ITM2C,14610,0.6950140731805388,0.5245275432247688,0.8069963811821471,0.6998391636509851,0.6813530357860875,0.260183,0.297849,neutral,regulation-driven
ENSG00000135925,WNT10A,18730,0.6314837153196623,0.632086851628468,0.755729794933655,0.6357056694813028,0.66354041013269,0.506433,0.320718,neutral,regulation-driven
ENSG00000135932,CAB39,108234,0.16344993968636912,0.11298753518295135,0.9762766385203056,0.16787293928427824,0.3549256131885806,0.423945,0.275885,neutral,neutral
ENSG00000135940,COX5B,2322,0.9551668677121029,0.24085243264977885,0.8751507840772015,0.9613992762364294,0.7578307197426618,0.63461,0.188229,neutral,neutral
ENSG00000135953,MFSD9,22259,0.5854443104141536,0.13630880579010857,0.48451950140731803,0.5896662645757941,0.44877362283876154,0.297789,0.143496,neutral,regulation-driven
ENSG00000135956,TMEM127,17548,0.649577804583836,0.010052271813429835,0.9634097305991154,0.6540008041817451,0.5690390028146362,0.51725,0.227031,neutral,neutral
ENSG00000135960,EDAR,94902,0.19159630076397266,0.6962203457981504,0.6962203457981504,0.1952151186168074,0.44463208685162847,0.253998,0.370426,neutral,neutral
ENSG00000135966,TGFBRAP1,65345,0.2780458383594692,0.07679935665460394,0.6887816646562123,0.2814636107760354,0.3311017289907519,0.192813,0.203709,neutral,neutral
ENSG00000135974,C2orf49,13181,0.7219541616405307,0.23080016083634902,0.5406111781262566,0.7273823884197829,0.5549155609167672,0.448995,0.162746,neutral,neutral
ENSG00000136011,,179447,0.08343385605146764,0.9893445918777644,0.1759147567350221,0.08725371934057097,0.3337957378367511,0.101699,0.33459,regulation-driven,regulation-driven
ENSG00000136044,APPL2,62907,0.28789706473663046,0.3067953357458786,0.780659429030961,0.2913148371531966,0.41649577804583837,0.711168,0.277493,gene-driven,gene-driven
ENSG00000136048,DRAM1,134551,0.1222356252513068,0.5162846803377563,0.2790510655408122,0.12605548854041013,0.2607157217531162,0.582126,0.249648,gene-driven,gene-driven
ENSG00000136099,PCDH8,5753,0.8765581021310817,0.7687977482911138,0.16083634901487737,0.8821873743466023,0.6718134298351428,0.191918,0.216978,neutral,regulation-driven
ENSG00000136122,BORA,28450,0.5150784077201448,0.3904302372336148,0.3843988741455569,0.5188982710092481,0.452010454362686,0.185228,0.192853,neutral,neutral
ENSG00000136143,SUCLA2,292233,0.04181745074386811,0.33876156011258546,0.6903900281463611,0.04503417772416566,0.2788399678327302,0.433175,0.308655,neutral,gene-driven
ENSG00000136144,RCBTB1,53613,0.3273019702452754,0.5317651789304383,0.873341375150784,0.3311218335343788,0.515691596300764,0.415772,0.35188,neutral,neutral
ENSG00000136147,PHF11,33372,0.4672295938882187,0.19280257338158424,0.08303176517893043,0.47104945717732205,0.3033373542420587,0.261158,0.08263,neutral,neutral
ENSG00000136155,SCEL,109590,0.16063530357860878,0.8520305589063129,0.05367913148371532,0.1652593486127865,0.307669883393647,0.121271,0.257388,neutral,regulation-driven
ENSG00000136158,SPRY2,5151,0.8910333735424206,0.4829111379171693,0.08122235625251306,0.8968636911942099,0.5877161238439889,0.340913,0.124196,neutral,regulation-driven
ENSG00000136159,NUDT15,9496,0.791113791716928,0.02312022517088862,0.7446722959388822,0.7959388821873743,0.5884700442299959,0.632941,0.142843,neutral,neutral
ENSG00000136160,EDNRB,80049,0.23080016083634902,0.4776839565741858,0.5295536791314838,0.23381584238037798,0.3678126256533977,0.257751,0.279051,neutral,neutral
ENSG00000136161,RCBTB2,44294,0.3845999195818255,0.2545235223160434,0.8646964213912344,0.3886208283071974,0.47290912746280656,0.145185,0.276287,neutral,regulation-driven
ENSG00000136169,SETDB2,50730,0.34439083232810613,0.23019702452754323,0.20526739043023723,0.3478086047446723,0.2817450743868114,0.14995,0.132037,neutral,neutral
ENSG00000136193,SCRN1,70186,0.26015279453156415,0.5699638118214716,0.6638520305589063,0.26336952151186166,0.43917370325693605,0.192581,0.324085,neutral,regulation-driven
ENSG00000136197,C7orf25,3033,0.9398874145556896,0.2732207478890229,0.12303980699638119,0.9461198230800161,0.5702553277040612,0.787804,0.072125,gene-driven,gene-driven
ENSG00000136231,IGF2BP3,160283,0.0973059911540008,0.9225975070365903,0.8204664254121431,0.10132689987937274,0.48522316043425806,0.254946,0.454564,regulation-driven,regulation-driven
ENSG00000136235,GPNMB,39142,0.41837555287494976,0.5016083634901488,0.24467229593888218,0.42259750703659027,0.3966023321270607,0.693959,0.202503,gene-driven,gene-driven
ENSG00000136240,KDELR2,38238,0.4254121431443506,0.05910735826296743,0.9883393646964214,0.42963409730599117,0.4754121431443506,0.470728,0.261711,neutral,neutral
ENSG00000136267,DGKB,829729,0.0038198632891033374,0.6616405307599518,0.5132689987937273,0.005227181342983514,0.29591877764374747,0.314058,0.383796,neutral,neutral
ENSG00000136270,TBRG4,11948,0.7464817048652995,0.08061921994370727,0.378367511057499,0.751708886208283,0.489032971451548,0.281441,0.093637,gene-driven,neutral
ENSG00000136274,NACAD,8533,0.8118214716525934,0.5814234016887817,0.07539203860072376,0.8168476075593084,0.5711198230800161,0.117923,0.15963,neutral,regulation-driven
ENSG00000136286,MYO1G,16427,0.6662645757941295,0.8401688781664656,0.6276638520305589,0.6710896662645758,0.7010554885404101,0.16534,0.340119,regulation-driven,regulation-driven
ENSG00000136297,MMD2,53224,0.3303176517893044,0.8238841978287093,0.8335343787696019,0.33393646964213913,0.580237233614797,0.385434,0.414556,neutral,regulation-driven
ENSG00000136327,NKX2-8,2611,0.9487334137515079,0.8821873743466023,0.4097305991154001,0.9549658222758344,0.7985926819461199,0.606675,0.270105,neutral,regulation-driven
ENSG00000136352,NKX2-1,4758,0.9014877362283876,0.8962605548854041,0.4887414555689586,0.9075190993164455,0.7982006433453961,0.795587,0.298,gene-driven,neutral
ENSG00000136514,RTP4,3692,0.9252110977080821,0.44772818657016483,0.15460394049055087,0.9314435062324086,0.6144350623240853,0.606554,0.127815,neutral,neutral
ENSG00000136518,ACTL6A,25522,0.5482509047044632,0.3721351025331725,0.9909529553679132,0.5526739043023723,0.6157820667470848,0.359409,0.339616,neutral,regulation-driven
ENSG00000136522,,16365,0.6666666666666666,0.37354242058705267,0.4674306393244873,0.671491757137113,0.5445416164053076,0.482107,0.189435,neutral,neutral
ENSG00000136542,GALNT5,60787,0.29392842782468837,0.7406513872135102,0.2794531564133494,0.2973462002412545,0.40267390430237227,0.212525,0.279503,neutral,regulation-driven
ENSG00000136573,BLK,77706,0.23683152392440693,0.905307599517491,0.49859268194611983,0.24004825090470447,0.4700341777241656,0.224538,0.374095,neutral,regulation-driven
ENSG00000136634,IL10,6940,0.8500201045436269,0.6083634901487737,0.3106151990349819,0.8556493767591475,0.6558805790108564,0.663962,0.202252,gene-driven,neutral
ENSG00000136689,IL1RN,34702,0.4557700040209087,0.8580619219943707,0.13168476075593083,0.45958986731001206,0.4760856453558504,0.329895,0.261158,neutral,neutral
ENSG00000136697,IL1F10,7874,0.828508242862887,0.9535585042219542,0.23944511459589868,0.8339364696421391,0.7135906714917573,0.740169,0.283474,gene-driven,neutral
ENSG00000136698,CFC1,7411,0.8367511057498995,0.8874145556895858,0.11198230800160837,0.8423803779654202,0.6693506232408525,0.729775,0.241858,gene-driven,neutral
ENSG00000136720,HS6ST1,82153,0.22396461600321674,0.3007639726578207,0.7117008443908324,0.22718134298351428,0.36574185765983114,0.385052,0.271663,neutral,neutral
ENSG00000136750,GAD2,87894,0.20406111781262565,0.9802975472456775,0.8737434660233213,0.2076799356654604,0.5662645757941295,0.231142,0.464918,regulation-driven,regulation-driven
ENSG00000136754,ABI1,114495,0.15420184961801367,0.17330116606353035,0.9597909127462807,0.1586248492159228,0.36125854443104144,0.050377,0.289053,neutral,neutral
ENSG00000136770,DNAJC1,247222,0.05327704061117813,0.14133494169682348,0.2989545637314033,0.05629272215520708,0.13731403297145153,0.345537,0.177573,neutral,neutral
ENSG00000136802,LRRC8A,35907,0.4447125050261359,0.3914354644149578,0.8367511057498995,0.4487334137515078,0.5302070767993567,0.236208,0.297145,neutral,regulation-driven
ENSG00000136813,,124061,0.13671089666264577,0.4390832328106152,0.7466827503015682,0.1405307599517491,0.3655609167671894,0.663199,0.324337,gene-driven,gene-driven
ENSG00000136827,TOR1A,11303,0.7569360675512666,0.040410132689987936,0.7127060715721754,0.7621632488942501,0.5677925211097709,0.325432,0.146411,neutral,regulation-driven
ENSG00000136830,NIBAN2,73651,0.24929634097305992,0.35524728588661036,0.5048250904704463,0.25271411338962607,0.34034981905910733,0.216325,0.240048,neutral,neutral
ENSG00000136856,SLC2A8,11287,0.7571371129875352,0.516485725774025,0.5072376357056695,0.7623642943305187,0.6355448331322878,0.610525,0.221904,gene-driven,neutral
ENSG00000136859,ANGPTL2,35288,0.4513470044229996,0.47305991154000804,0.8986731001206273,0.45516686771210296,0.5693707277844793,0.453277,0.335294,neutral,neutral
ENSG00000136866,ZFP37,18383,0.6369119420989143,0.4020908725371934,0.07659831121833534,0.6411338962605548,0.4389726578206674,0.645044,0.124548,gene-driven,gene-driven
ENSG00000136869,TLR4,20561,0.6069561720948935,0.5739847205468436,0.1477683956574186,0.6109770808202654,0.4847205468435867,0.201799,0.184459,neutral,regulation-driven
ENSG00000136870,ZNF189,11810,0.7478890229191797,0.16807398472054685,0.21813429835142742,0.7531162042621633,0.47154201849618016,0.332329,0.086399,gene-driven (relaxed),neutral
ENSG00000136872,ALDOB,29105,0.5082428628870125,0.8542420587052674,0.8256936067551267,0.5122637716123843,0.6749095295536792,0.260485,0.402342,neutral,regulation-driven
ENSG00000136875,PRPF4,18368,0.637112987535183,0.07096903900281464,0.9278246883795738,0.6413349416968235,0.5690993164455167,0.371763,0.226779,neutral,regulation-driven
ENSG00000136881,BAAT,31219,0.49055086449537594,0.9804985926819462,0.05327704061117813,0.49437072778447927,0.5044833132287897,0.635035,0.265581,gene-driven,neutral
ENSG00000136897,MRPL50,10986,0.7637716123843988,0.06252513067953358,0.2627663852030559,0.7689987937273823,0.46425412143144346,0.588279,0.066395,neutral,neutral
ENSG00000136908,DPM2,2756,0.9457177322074789,0.21753116204262163,0.7820667470848411,0.9519501407318054,0.7240048250904705,0.588038,0.161791,neutral,neutral
ENSG00000136918,WDR38,4474,0.906312826698834,0.8433856051467632,0.2983514274225975,0.9123441897868918,0.7397969441093687,0.40186,0.252915,neutral,regulation-driven
ENSG00000136929,HEMGN,18066,0.6423401688781665,0.9579815038198632,0.047044632086851626,0.646562123039807,0.57327100924809,0.436731,0.25186,neutral,neutral
ENSG00000136932,TRMO,27989,0.5201045436268597,0.22195416164053075,0.22316043425814233,0.5241254523522316,0.3721351025331725,0.630315,0.120426,gene-driven,gene-driven
ENSG00000136935,GOLGA1,70218,0.25995174909529556,0.14274225975070365,0.3240852432649779,0.26316847607559307,0.24732609569762767,0.194813,0.145607,neutral,neutral
ENSG00000136936,XPA,22432,0.5826296743063932,0.2782468837957378,0.6835544833132288,0.5868516284680337,0.5326095697627663,0.456303,0.221653,neutral,neutral
ENSG00000136938,ANP32B,32603,0.4762766385203056,0.12927221552070767,0.8417772416566144,0.4802975472456775,0.4817048652995577,0.493275,0.229895,neutral,neutral
ENSG00000136942,RPL35,4102,0.9159630076397266,0.27161238439887414,0.998994772818657,0.9219943707277845,0.7768395657418576,0.8423,0.308957,gene-driven,neutral
ENSG00000136943,CTSV,126880,0.13329312424607961,0.8705267390430237,0.2257740249296341,0.13691194209891436,0.34144551668677114,0.323376,0.316898,neutral,neutral
ENSG00000136944,LMX1B,87105,0.2064736630478488,0.6905910735826297,0.7995577000402091,0.21009248090068355,0.476497788500201,0.366908,0.386661,neutral,neutral
ENSG00000136950,ARPC5L,15604,0.6785283474065139,0.41053478086047446,0.8837957378367511,0.6835544833132288,0.6638520305589064,0.734573,0.291114,gene-driven,neutral
ENSG00000136982,DSCC1,21919,0.5886610373944512,0.2738238841978287,0.7289907519099317,0.592681946119823,0.5458383594692401,0.425362,0.229694,neutral,neutral
ENSG00000136986,DERL1,29133,0.5078407720144753,0.0182951347004423,0.9517490952955368,0.5118616807398472,0.49723562525130677,0.36543,0.233866,neutral,neutral
ENSG00000136997,MYC,7518,0.8351427422597507,0.45858464012866906,0.49437072778447927,0.8407720144752714,0.6569360675512665,0.153991,0.195165,neutral,regulation-driven
ENSG00000136999,CCN3,7989,0.8254925613188581,0.7766385203055891,0.5522718134298351,0.8309207880981102,0.7460595094491355,0.410103,0.287445,neutral,regulation-driven
ENSG00000137033,IL33,42198,0.4006835544833132,0.2742259750703659,0.011861680739847206,0.40450341777241655,0.2726276638520305,0.310987,0.078609,neutral,neutral
ENSG00000137055,PLAA,43871,0.3864093285082429,0.18476075593084038,0.7822677925211098,0.3904302372336148,0.4357659831121834,0.22879,0.237183,neutral,regulation-driven
ENSG00000137070,IL11RA,9741,0.7868918375552875,0.22999597909127462,0.30940892641737033,0.7917169280257338,0.5292621632488943,0.777236,0.115601,gene-driven,gene-driven
ENSG00000137074,APTX,138530,0.11700844390832328,0.12545235223160434,0.3218737434660233,0.12082830719742661,0.1710997185363892,0.68014,0.16154,gene-driven,gene-driven
ENSG00000137075,RNF38,151153,0.10494571773220748,0.5070365902694008,0.7876960193003619,0.1095697627663852,0.37708082026538,0.816456,0.350372,gene-driven,gene-driven
ENSG00000137076,,35248,0.4515480498592682,0.5002010454362686,0.6799356654603941,0.45556895858464014,0.5216123843988743,0.101307,0.291265,regulation-driven,regulation-driven
ENSG00000137077,CCL21,1132,0.9766787293928428,0.6972255729794934,0.29674306393244876,0.9829111379171693,0.7380780056292723,0.661164,0.19622,gene-driven,neutral
ENSG00000137078,SIT1,1637,0.9682348210695617,0.7595496582227583,0.24004825090470447,0.9744672295938882,0.7352633695215118,0.593526,0.211399,neutral,neutral
ENSG00000137103,TMEM8B,51068,0.3421793325291516,0.30619219943707277,0.4276236429433052,0.3457981503819863,0.3552673904302372,0.174186,0.200241,neutral,regulation-driven
ENSG00000137106,GRHPR,14325,0.7006433453960595,0.365902694008846,0.7949336550060314,0.7054684358665059,0.6414957780458383,0.395456,0.254574,neutral,regulation-driven
ENSG00000137124,ALDH1B1,5960,0.8707277844792923,0.6234418978689183,0.06875753920386007,0.876357056694813,0.6095396059509449,0.285123,0.159228,neutral,regulation-driven
ENSG00000137133,HINT2,2395,0.9525532770406112,0.07961399276236429,0.6572175311620426,0.9587856855649377,0.6617310012062727,0.622919,0.099869,neutral,neutral
ENSG00000137135,ARHGEF39,16992,0.6572175311620426,0.508443908323281,0.2434660233212706,0.662042621632489,0.5175512665862485,0.47673,0.185364,gene-driven,neutral
ENSG00000137161,CNPY3,9815,0.7854845195014073,0.47165259348612787,0.7991556091676719,0.7903096099718536,0.7114093285082429,0.349889,0.268546,neutral,regulation-driven
ENSG00000137166,FOXP4,56004,0.315038198632891,0.20908725371934056,0.7999597909127463,0.31865701648572575,0.4105046240450342,0.156031,0.254373,neutral,regulation-driven
ENSG00000137168,PPIL1,19977,0.6141938078005629,0.2575392038600724,0.971049457177322,0.6182147165259348,0.6150482509047044,0.567662,0.297598,neutral,neutral
ENSG00000137193,PIM1,5277,0.8882187374346603,0.39384800965018096,0.6733011660635304,0.893848009650181,0.7120225170888621,0.343114,0.202402,neutral,regulation-driven
ENSG00000137198,GMPR,56963,0.3106151990349819,0.660032167269803,0.9640128669079212,0.31403297145154807,0.5620024125452353,0.492913,0.408675,neutral,neutral
ENSG00000137200,CMTR1,49609,0.35203055890631285,0.47205468435866504,0.8361479694410937,0.35564937675914754,0.5037897064736631,0.460655,0.327201,neutral,neutral
ENSG00000137203,TFAP2A,26474,0.538399678327302,0.7730197024527543,0.8459991958182549,0.5432247687977483,0.6749195818254925,0.286535,0.387012,neutral,neutral
ENSG00000137207,YIPF3,5154,0.890832328106152,0.006232408524326498,0.8946521913952553,0.8966626457579413,0.6718033775633293,0.809466,0.160585,gene-driven,neutral
ENSG00000137216,TMEM63B,28606,0.5126658624849216,0.2987535182951347,0.880377965420185,0.516485725774025,0.5518797748291114,0.115008,0.279001,regulation-driven,regulation-driven
ENSG00000137251,TINAG,82284,0.22356252513067953,0.9191797346200241,0.27221552070767996,0.22677925211097708,0.41027342179332527,0.608947,0.327805,gene-driven,gene-driven
ENSG00000137252,HCRTR2,176158,0.0856453558504222,0.8385605146763169,0.7247687977482911,0.08966626457579413,0.4344591877764375,0.338711,0.423653,neutral,neutral
ENSG00000137261,KIAA0319,102088,0.17832730197024527,0.7613590671491757,0.15500603136308805,0.1823482106956172,0.319059107358263,0.600989,0.266938,gene-driven,gene-driven
ENSG00000137269,LRRC1,129629,0.12947326095697628,0.3224768797748291,0.8104141535987133,0.13309207880981103,0.3486831523924407,0.287565,0.305388,neutral,neutral
ENSG00000137270,GCM1,21881,0.5900683554483314,0.756735022114998,0.3210695617209489,0.5940892641737032,0.5652895054282268,0.464556,0.266737,neutral,neutral
ENSG00000137273,FOXF2,6028,0.9991958182549256,0.6897868918375553,0.6626457579412948,0.8745476477683957,0.8127764374748694,0.548542,0.580157,neutral,regulation-driven
ENSG00000137275,RIPK1,51364,0.34097305991154003,0.026336952151186168,0.22718134298351428,0.3445918777643747,0.23458986731001205,0.150674,0.085796,neutral,neutral
ENSG00000137309,HMGA1,9359,0.794129473260957,0.49236027342179334,0.71632488942501,0.7989545637314033,0.7002010454362686,0.62434,0.255277,gene-driven,neutral
ENSG00000137310,TCF19,8829,0.8059911540008042,0.22275834338560516,0.23522316043425814,0.8110172899075191,0.518496180136711,0.342097,0.097909,gene-driven,dual-driven
ENSG00000137338,PGBD1,20978,0.6013268998793727,0.182951347004423,0.0979091274628066,0.6053478086047447,0.37168275030156817,0.189857,0.075794,neutral,regulation-driven
ENSG00000137364,TPMT,26767,0.5347808604744673,0.6037394451145959,0.30237233614796943,0.539404905508645,0.4948431845597105,0.548673,0.229544,neutral,neutral
ENSG00000137392,CLPS,2363,0.9541616405307599,0.9250100522718134,0.5583031765178931,0.9603940490550864,0.849155609167672,0.607851,0.308152,neutral,regulation-driven
ENSG00000137393,RNF144B,81521,0.22677925211097708,0.536389223964616,0.5635303578608766,0.22999597909127462,0.38901286690792114,0.441084,0.301166,neutral,neutral
ENSG00000137411,VARS2,12255,0.7398472054684359,0.13108162444712504,0.4091274628065943,0.7450743868114194,0.5060213108162445,0.778719,0.111128,gene-driven,gene-driven
ENSG00000137414,FAM8A1,11418,0.754724567752312,0.16827503015681544,0.441696823482107,0.7599517490952955,0.5309006835544834,0.283745,0.123894,neutral,regulation-driven
ENSG00000137434,C6orf52,23380,0.5699638118214716,0.7850824286288701,0.09167671893848009,0.5739847205468436,0.5049758745476478,0.725764,0.227031,gene-driven,gene-driven
ENSG00000137460,FHDC1,43349,0.391837555287495,0.604141535987133,0.23502211499798956,0.3960595094491355,0.40655408122235626,0.230489,0.228086,neutral,regulation-driven
ENSG00000137473,TTC29,239266,0.056493767591475674,0.998994772818657,0.0794129473260957,0.06011258544431041,0.29857257740249293,0.222919,0.318607,neutral,neutral
ENSG00000137494,ANKRD42,66983,0.27040611178126256,0.6015279453156414,0.26457579412947324,0.2738238841978287,0.3524125452352232,0.725073,0.243768,gene-driven,gene-driven
ENSG00000137496,IL18BP,8703,0.8082026537997588,0.4346602332127061,0.12947326095697628,0.8132287897064736,0.5461399276236429,0.238319,0.131685,neutral,regulation-driven
ENSG00000137507,LRRC32,13224,0.7211499798954564,0.4515480498592682,0.3116204262163249,0.7265782066747085,0.5524527543224769,0.223784,0.177171,neutral,regulation-driven
ENSG00000137547,MRPL15,13274,0.720345798150382,0.3435866505830318,0.8936469642139123,0.725774024929634,0.6705669481302774,0.252513,0.273472,neutral,regulation-driven
ENSG00000137558,PI15,30496,0.49658222758343384,0.7312022517088862,0.8845999195818255,0.5002010454362686,0.6529654201849618,0.490214,0.391285,neutral,dual-driven
ENSG00000137561,TTPA,37501,0.43084036992360275,0.9346602332127061,0.586248492159228,0.43506232408524326,0.5964917571371129,0.60196,0.375653,neutral,neutral
ENSG00000137563,GGH,24527,0.5564937675914756,0.5908725371934057,0.3592681946119823,0.5605146763168476,0.5165862484921592,0.498811,0.23462,gene-driven,neutral
ENSG00000137571,SLCO5A1,167933,0.09067149175713711,0.7231604342581424,0.6741053478086048,0.09489344591877764,0.39549658222758344,0.177845,0.38847,regulation-driven,regulation-driven
ENSG00000137574,TGS1,53000,0.33192601527945315,0.047044632086851626,0.25954965822275833,0.3355448331322879,0.243335343787696,0.314505,0.098462,neutral,neutral
ENSG00000137628,DDX60,102593,0.1769199839163651,0.2937273823884198,0.06353035786087656,0.18094089264173704,0.17857860876558102,0.437465,0.125151,gene-driven,gene-driven
ENSG00000137672,TRPC6,420999,0.021109770808202654,0.6791314837153196,0.5367913148371531,0.022919179734620022,0.31489746682750297,0.123331,0.377061,regulation-driven,regulation-driven
ENSG00000137673,MMP7,10243,0.7776437474869321,0.8349416968234821,0.2963409730599115,0.7828709288299156,0.6726879774829112,0.576417,0.266184,neutral,neutral
ENSG00000137674,MMP20,48501,0.3586650583031765,0.984519501407318,0.243264977885002,0.36248492159227985,0.48704262163248896,0.473784,0.320718,neutral,neutral
ENSG00000137675,MMP27,14283,0.7018496180136711,0.746280659429031,0.3821873743466023,0.706875753920386,0.6340470446320868,0.482328,0.265279,neutral,regulation-driven
ENSG00000137700,SLC37A4,7156,0.8421793325291516,0.49437072778447927,0.7541214314435062,0.8480096501809409,0.73437876960193,0.83073,0.25583,gene-driven,neutral
ENSG00000137720,CFAP68,7041,0.8459991958182549,0.4784881383192601,0.34378769601930037,0.8516284680337757,0.6296944109368716,0.470466,0.175513,neutral,regulation-driven
ENSG00000137726,FXYD6,40511,0.4111379171692803,0.514475271411339,0.43104141535987134,0.4151588258946522,0.44275231202251714,0.440501,0.245376,neutral,neutral
ENSG00000137727,ARHGAP20,136148,0.12082830719742661,0.43003618817852834,0.12062726176115803,0.12464817048652996,0.1988439887414556,0.772349,0.183605,gene-driven,gene-driven
ENSG00000137745,MMP13,12738,0.7299959790912747,0.8546441495778045,0.6160032167269803,0.7352231604342582,0.7337052673904303,0.315903,0.333434,neutral,regulation-driven
ENSG00000137760,ALKBH8,63016,0.2874949738640933,0.08886208283071974,0.4215922798552473,0.29091274628065944,0.2720446320868516,0.297279,0.150985,neutral,neutral
ENSG00000137767,SQOR,60134,0.29714515480498593,0.2635705669481303,0.708886208283072,0.3005629272215521,0.39237032569360675,0.314777,0.252262,neutral,neutral
ENSG00000137801,THBS1,18388,0.6367108966626458,0.5482509047044632,0.8152392440691596,0.6409328508242863,0.6600723763570566,0.137254,0.312274,regulation-driven,regulation-driven
ENSG00000137807,KIF23,34182,0.4589867310012063,0.6562123039806996,0.718335343787696,0.4628065942903096,0.5738942501005228,0.10961,0.336299,regulation-driven,regulation-driven
ENSG00000137814,HAUS2,21167,0.5993164455166867,0.03417772416566144,0.2657820667470848,0.6033373542420587,0.3754523522316043,0.352945,0.074538,neutral,neutral
ENSG00000137818,RPLP1,3392,0.9324487334137516,0.24909529553679133,0.9967832730197025,0.9386811419380781,0.7789404905508646,0.612666,0.289505,neutral,regulation-driven
ENSG00000137819,PAQR5,108869,0.16204262163248895,0.6799356654603941,0.4209891435464415,0.16646562123039807,0.3571371129875352,0.39597,0.314133,neutral,neutral
ENSG00000137824,RMDN3,19968,0.6143948532368315,0.14495375954965822,0.3795737836751106,0.6184157619622035,0.43913349416968234,0.459815,0.121431,gene-driven,neutral
ENSG00000137825,ITPKA,10159,0.7788500201045436,0.658021712907117,0.6700844390832328,0.7840772014475271,0.7224969843184559,0.451468,0.289556,neutral,regulation-driven
ENSG00000137834,SMAD6,80614,0.22939284278246883,0.582227583433856,0.5168878166465621,0.23240852432649778,0.3900784077201448,0.426518,0.302473,neutral,neutral
ENSG00000137880,GCHFR,3641,0.9268194611982308,0.5321672698029755,0.9927623642943305,0.9330518697225573,0.8458886208283072,0.5981,0.352433,neutral,regulation-driven
ENSG00000137941,TTLL7,134127,0.12303980699638119,0.5876558102131082,0.6190188982710092,0.12685967028548453,0.3639525532770406,0.184087,0.337807,regulation-driven,regulation-driven
ENSG00000137947,GTF2B,39312,0.4171692802573382,0.022919179734620022,0.985524728588661,0.4213912344189787,0.46154000804181744,0.386726,0.251709,neutral,neutral
ENSG00000137960,GIPC2,158903,0.09811017289907518,0.5685564937675914,0.39103337354242057,0.10233212706071572,0.28979694410936874,0.402965,0.293727,neutral,neutral
ENSG00000137962,ARHGAP29,126081,0.13530357860876557,0.36952151186168075,0.23421793325291515,0.1391234418978689,0.21935062324085242,0.388109,0.198532,gene-driven,gene-driven
ENSG00000137968,SLC44A5,408986,0.023522316043425813,0.6853638922396461,0.19441093687173303,0.025331724969843185,0.23206674708484115,0.222718,0.302021,neutral,neutral
ENSG00000137976,DNASE2B,16535,0.6646562123039808,0.7748291113791717,0.4087253719340571,0.669481302774427,0.6291817450743868,0.450885,0.280157,neutral,regulation-driven
ENSG00000137992,DBT,62916,0.28769601930036187,0.025934861278648975,0.7233614796944109,0.291113791716928,0.33185564937675915,0.218858,0.197025,neutral,neutral
ENSG00000137996,RTCA,26554,0.5369923602734218,0.027744270205066344,0.860876558102131,0.5418174507438681,0.4916164053075995,0.391998,0.203961,neutral,neutral
ENSG00000138032,PPM1B,76416,0.24185765983112184,0.2720144752714113,0.8727382388419783,0.24507438681141938,0.40776035383996784,0.165239,0.29418,neutral,regulation-driven
ENSG00000138039,LHCGR,68957,0.2637716123843989,0.8180538801769199,0.3986731001206273,0.2667872939284278,0.43667068757539207,0.21734,0.32891,neutral,regulation-driven
ENSG00000138050,THUMPD2,43208,0.3936469642139123,0.2760353839967833,0.12505026135906716,0.3978689183755529,0.2979392842782469,0.471374,0.120426,gene-driven,gene-driven
ENSG00000138061,CYP1B1,42930,0.39505428226779254,0.5767993566546039,0.15560916767189384,0.39927623642943305,0.3814736630478488,0.268969,0.202754,neutral,neutral
ENSG00000138071,ACTR2,43466,0.3906312826698834,0.4109368717330117,0.9921592279855247,0.3948532368315239,0.5469340570969039,0.706172,0.351126,gene-driven,gene-driven
ENSG00000138074,SLC5A6,13372,0.7185363892239646,0.4270205066344994,0.49678327301970243,0.7239646160032167,0.5913047848813832,0.482449,0.202,gene-driven,neutral
ENSG00000138075,ABCG5,26394,0.5400080418174508,0.9746682750301568,0.5386007237635706,0.5448331322878971,0.6492862887012465,0.354584,0.3654,neutral,regulation-driven
ENSG00000138079,SLC3A1,46037,0.3717330116606353,0.8102131081624447,0.4513470044229996,0.37575392038600725,0.5020607157217531,0.17305,0.325895,regulation-driven,regulation-driven
ENSG00000138081,FBXO11,117183,0.14817048652995576,0.20566948130277443,0.9607961399276237,0.1523924406915963,0.36654603940490554,0.1317,0.298251,neutral,neutral
ENSG00000138092,CENPO,29241,0.5072376357056695,0.40651387213510254,0.1278648974668275,0.5112585444310415,0.38801769199839165,0.401166,0.145406,neutral,neutral
ENSG00000138100,TRIM54,25011,0.5524728588661038,0.901286690792119,0.6644551668677121,0.9941696823482107,0.756011258544431,0.30183,0.574136,regulation-driven,regulation-driven
ENSG00000138107,ACTR1A,40832,0.4085243264977885,0.0303578608765581,0.9642139123441897,0.41254523522316044,0.4537092882991556,0.297396,0.247789,neutral,regulation-driven
ENSG00000138115,CYP2C8,32726,0.4746682750301568,0.9692400482509047,0.11499798954563731,0.47868918375552877,0.5091978287092882,0.200754,0.278046,neutral,regulation-driven
ENSG00000138131,LOXL4,20505,0.6073582629674307,0.4563731403297145,0.5434258142340169,0.6113791716928025,0.5544330518697226,0.197396,0.232961,neutral,regulation-driven
ENSG00000138134,STAMBPL1,95420,0.19079211901889828,0.43104141535987134,0.5536791314837153,0.19441093687173303,0.34229995979091277,0.120356,0.27699,regulation-driven,regulation-driven
ENSG00000138152,BTBD16,66864,0.27161238439887414,0.7374346602332127,0.06172094893445919,0.2750301568154403,0.3362786489746683,0.294029,0.225271,neutral,neutral
ENSG00000138160,KIF11,81291,0.22738238841978287,0.730800160836349,0.31966224366706875,0.2305991154000804,0.3769501407318053,0.322371,0.295688,neutral,neutral
ENSG00000138161,CUZD1,14018,0.7064736630478489,0.96562123039807,0.14133494169682348,0.7117008443908324,0.6310213108162446,0.571132,0.272969,gene-driven,neutral
ENSG00000138166,DUSP5,13627,0.7137112987535182,0.23683152392440693,0.6982308001608364,0.7191395255327704,0.5917068757539203,0.463249,0.198231,neutral,neutral
ENSG00000138172,CALHM2,5617,0.880377965420185,0.3996783273019702,0.618616807398472,0.8860072376357057,0.6958886208283072,0.445979,0.193758,neutral,regulation-driven
ENSG00000138175,ARL3,40667,0.4097305991154001,0.28990751909931645,0.9887414555689585,0.413751507840772,0.5253317249698432,0.447527,0.320617,neutral,neutral
ENSG00000138190,EXOC6,232663,0.058705267390430235,0.3874145556895858,0.7734217933252915,0.06252513067953358,0.3203256936067551,0.113661,0.327352,regulation-driven,regulation-driven
ENSG00000138207,RBP4,10058,0.7802573381584238,0.9067149175713711,0.8391636509851227,0.7854845195014073,0.827643747486932,0.33471,0.392843,neutral,regulation-driven
ENSG00000138271,GPR87,22735,0.5792119018898271,0.7752312022517089,0.3130277442702051,0.5834338560514676,0.5625150784077202,0.373713,0.27116,neutral,regulation-driven
ENSG00000138308,PLA2G12B,20045,0.6133896260554885,0.8745476477683957,0.8421793325291516,0.6174105347808605,0.7366807398472055,0.572618,0.40199,neutral,regulation-driven
ENSG00000138311,ZNF365,106097,0.16867712102935264,0.8256936067551267,0.20225170888620828,0.17289907519099315,0.34216928025733817,0.346572,0.29423,neutral,neutral
ENSG00000138315,OIT3,39453,0.41656614394853236,0.851427422597507,0.7424607961399277,0.4207880981101729,0.607599517490953,0.301186,0.392189,neutral,regulation-driven
ENSG00000138316,ADAMTS14,89936,0.2004422999597909,0.7259750703659027,0.5450341777241656,0.20406111781262565,0.4186972255729795,0.152131,0.347256,regulation-driven,regulation-driven
ENSG00000138336,TET1,134151,0.12283876156011259,0.5116606353035786,0.07679935665460394,0.12665862484921592,0.2092983514274226,0.121743,0.189988,neutral,neutral
ENSG00000138376,BARD1,84038,0.21612384398874146,0.42259750703659027,0.14394853236831523,0.2197426618415762,0.25042219541616406,0.123532,0.177372,neutral,neutral
ENSG00000138379,MSTN,7030,0.8466023321270607,0.38902291917973464,0.8383594692400482,0.8522316043425814,0.7312726176115802,0.524316,0.248442,neutral,regulation-driven
ENSG00000138380,CARF,76050,0.24306393244873342,0.26598311218335347,0.2744270205066345,0.24628065942903096,0.2572778447929232,0.137977,0.167169,neutral,neutral
ENSG00000138395,CDK15,105090,0.1708886208283072,0.7032569360675512,0.3158423803779654,0.17511057498994773,0.34106353035786086,0.526711,0.295889,gene-driven,gene-driven
ENSG00000138399,FASTKD1,45368,0.378367511057499,0.18415761962203459,0.24125452352231605,0.3823884197828709,0.2963409730599115,0.118054,0.12505,neutral,regulation-driven
ENSG00000138400,MDH1B,27566,0.5251306795335746,0.7414555689585847,0.2927221552070768,0.5291515882589465,0.5219139525532771,0.69999,0.262967,gene-driven,gene-driven
ENSG00000138435,CHRNA1,40344,0.4121431443506232,0.9706473663047849,0.8474065138721351,0.4161640530759952,0.661389223964616,0.754881,0.441446,gene-driven,neutral
ENSG00000138439,FAM117B,134789,0.1218335343787696,0.2617611580217129,0.4093285082428629,0.12565339766787295,0.22945315641334943,0.410766,0.21532,neutral,neutral
ENSG00000138442,WDR12,140538,0.11459589867310012,0.0424205870526739,0.7605548854041013,0.11861680739847205,0.25884599919581824,0.442521,0.229192,neutral,neutral
ENSG00000138463,SLC49A4,86071,0.21009248090068355,0.2191395255327704,0.5989143546441495,0.21391234418978688,0.31032368315239245,0.34613,0.229393,neutral,neutral
ENSG00000138472,GUCA1C,46088,0.3711298753518295,0.952151186168074,0.14193807800562927,0.3751507840772014,0.45989143546441497,0.740058,0.289606,gene-driven,gene-driven
ENSG00000138587,MNS1,43594,0.3900281463610776,0.8578608765581022,0.3230800160836349,0.39425010052271814,0.49109368717330115,0.326679,0.306393,neutral,regulation-driven
ENSG00000138604,GLCE,111634,0.15822275834338562,0.22838761560112586,0.6053478086047447,0.16284680337756333,0.288470044229996,0.407976,0.238741,gene-driven,neutral
ENSG00000138606,SHF,33962,0.4622034579815038,0.4071170084439083,0.4189786891837555,0.4662243667068758,0.43842983514274225,0.202774,0.210042,neutral,regulation-driven
ENSG00000138615,CILP,16714,0.6606353035786088,0.4815038198632891,0.538399678327302,0.6656614394853236,0.5862987535182952,0.19045,0.232006,neutral,regulation-driven
ENSG00000138622,HCN4,49100,0.3548451950140732,0.9280257338158424,0.5303578608765581,0.35846401286690793,0.5427422597507037,0.297789,0.370577,neutral,regulation-driven
ENSG00000138623,SEMA7A,24670,0.5554885404101327,0.7199437072778448,0.15480498592681946,0.5595094491355046,0.4972356252513068,0.266053,0.226679,neutral,regulation-driven
ENSG00000138639,ARHGAP24,527519,0.012866907921190189,0.30156815440289503,0.4704463208685163,0.014475271411338963,0.19975874547647768,0.350523,0.277845,neutral,gene-driven
ENSG00000138646,HERC5,49045,0.35524728588661036,0.6893848009650181,0.110172899075191,0.3588661037394451,0.3782368315239244,0.239164,0.221854,neutral,neutral
ENSG00000138650,PCDH10,59313,0.29995979091274627,0.6479694410936871,0.6656614394853236,0.3033775633293124,0.479071170084439,0.156423,0.339666,regulation-driven,regulation-driven
ENSG00000138653,NDST4,286114,0.04342581423401689,0.6139927623642943,0.5657418576598311,0.046441495778045835,0.31724969843184564,0.274467,0.355046,neutral,neutral
ENSG00000138668,HNRNPD,22006,0.5876558102131082,0.12706071572175312,0.8886208283071975,0.5916767189384801,0.5485524728588661,0.744718,0.231755,gene-driven,gene-driven
ENSG00000138669,PRKG2,127853,0.13228789706473662,0.5574989947728186,0.5860474467229594,0.13590671491757136,0.35275432247687977,0.295495,0.322125,neutral,neutral
ENSG00000138674,SEC31A,82658,0.22215520707679937,0.26035383996783273,0.6535987133092079,0.2253719340570969,0.34020908725371934,0.477433,0.249095,gene-driven,neutral
ENSG00000138675,FGF5,70042,0.2605548854041013,0.7380377965420185,0.48492159227985526,0.2637716123843989,0.4366606353035786,0.687766,0.328307,gene-driven,gene-driven
ENSG00000138678,GPAT3,69962,0.2609569762766385,0.5122637716123843,0.733815842380378,0.26417370325693607,0.4426417370325693,0.480091,0.323633,gene-driven,neutral
ENSG00000138684,IL21,10959,0.7649778850020105,0.9205870526739043,0.16224366706875754,0.770205066344994,0.6542420587052674,0.59418,0.26352,neutral,neutral
ENSG00000138685,FGF2,71555,0.2559308403699236,0.39103337354242057,0.6288701246481705,0.25914756735022115,0.38358464012866905,0.421351,0.272768,neutral,neutral
ENSG00000138686,BBS7,46159,0.37052673904302375,0.22798552472858866,0.8451950140731805,0.37454764776839566,0.45436268596702856,0.157348,0.266184,neutral,regulation-driven
ENSG00000138696,BMPR1B,400494,0.024929634097305992,0.672496984318456,0.6220345798150382,0.02673904302372336,0.33645958986731,0.271708,0.386711,neutral,neutral
ENSG00000138698,RAP1GDS1,182475,0.08102131081624447,0.4497386409328508,0.8683152392440692,0.08524326497788501,0.3708685162846803,0.140139,0.351478,regulation-driven,regulation-driven
ENSG00000138709,,161646,0.09630076397265783,0.501005227181343,0.3650985122637716,0.10032167269802976,0.2654804985926819,0.196472,0.270708,neutral,neutral
ENSG00000138722,MMRN1,75098,0.24587856855649376,0.5589063128266988,0.08222758343385606,0.24929634097305992,0.2839063128266988,0.156244,0.189988,neutral,neutral
ENSG00000138741,TRPC3,77580,0.23743466023321272,0.7868918375552875,0.7675914756735022,0.24065138721351026,0.5079815038198633,0.147693,0.400131,neutral,neutral
ENSG00000138755,CXCL9,6235,0.8640932850824287,0.5952955367913149,0.1636509851226377,0.9889425010052272,0.6467531162042621,0.625151,0.371693,neutral,neutral
ENSG00000138756,BMP2K,140024,0.1156011258544431,0.44933655006031364,0.3904302372336148,0.11942098914354644,0.26850623240852434,0.170718,0.258745,neutral,neutral
ENSG00000138758,SEPTIN11,90634,0.19903498190591074,0.3652995577000402,0.9276236429433052,0.20265379975874548,0.42347205468435867,0.302649,0.331574,neutral,neutral
ENSG00000138767,CNOT6L,106229,0.16847607559308403,0.09388821873743466,0.9537595496582227,0.17269802975472456,0.34699437072778444,0.223834,0.268747,neutral,neutral
ENSG00000138769,CDKL2,54221,0.32468837957378366,0.6805388017691998,0.2937273823884198,0.328508242862887,0.40667470848411746,0.254423,0.264526,neutral,regulation-driven
ENSG00000138792,ENPEP,199553,0.072778447929232,0.6425412143144351,0.268194611982308,0.9977885002010455,0.4490751909931645,0.161439,0.488862,regulation-driven,regulation-driven
ENSG00000138798,,100884,0.18053880176919984,0.7269802975472457,0.11158021712907117,0.18455971049457176,0.3007137112987535,0.101176,0.246783,neutral,regulation-driven
ENSG00000138801,PAPSS1,129959,0.1282669883393647,0.21250502613590672,0.7756332931242461,0.13188580619219945,0.3118918375552875,0.280539,0.271311,neutral,neutral
ENSG00000138813,C4orf17,31292,0.49014877362283876,0.9847205468435867,0.0548854041013269,0.4939686369119421,0.5057398472054684,0.450181,0.27302,neutral,neutral
ENSG00000138814,PPP3CA,324870,0.9837153196622437,0.5022114997989545,0.8508242862887012,0.038198632891033375,0.6410132689987937,0.712405,0.668014,neutral,neutral
ENSG00000138821,SLC39A8,180179,0.08242862887012464,0.7372336147969442,0.3365500603136309,0.08644953759549658,0.31046441495778043,0.810354,0.324085,gene-driven,gene-driven
ENSG00000138834,MAPK8IP3,64186,0.28166465621230397,0.35042219541616404,0.86389223964616,0.2852834740651387,0.44513470044229997,0.701072,0.308002,gene-driven,gene-driven
ENSG00000139053,PDE6H,8824,0.8061921994370728,0.6843586650583032,0.9809006835544833,0.8112183353437877,0.820416164053076,0.638601,0.394049,neutral,regulation-driven
ENSG00000139055,ERP27,24499,0.5566948130277443,0.914756735022115,0.14153598713309207,0.5607157217531162,0.5432247687977483,0.431795,0.270557,neutral,neutral
ENSG00000139131,YARS2,28408,0.515480498592682,0.008644953759549658,0.5313630880579011,0.5193003618817853,0.39350623240852434,0.841747,0.128569,gene-driven,gene-driven
ENSG00000139133,ALG10,7227,0.8407720144752714,0.1642541214314435,0.5908725371934057,0.8466023321270607,0.6103337354242058,0.436731,0.136711,neutral,regulation-driven
ENSG00000139151,PLCZ1,54932,0.32026537997587456,0.9923602734217933,0.24869320466425412,0.3238841978287093,0.4711198230800161,0.756711,0.329564,gene-driven,gene-driven
ENSG00000139154,AEBP2,316757,0.037595496582227585,0.29392842782468837,0.3393646964213912,0.04020908725371934,0.17764374748693204,0.658547,0.235826,gene-driven,gene-driven
ENSG00000139155,SLCO1C1,58055,0.30659429030961,0.7762364294330518,0.5066344993968637,0.3100120627261761,0.4746984318455971,0.811795,0.335595,gene-driven,gene-driven
ENSG00000139160,ETFBKMT,25955,0.5436268596702855,0.13811821471652594,0.3894250100522718,0.5482509047044632,0.4046240450341777,0.765037,0.128468,gene-driven,gene-driven
ENSG00000139163,ETNK1,65591,0.27683956574185764,0.05287494973864093,0.7044632086851629,0.2802573381584238,0.328437876960193,0.566363,0.200895,gene-driven,gene-driven
ENSG00000139168,ZCRB1,14172,0.7044632086851629,0.28870124648170487,0.9499396863691194,0.7096903900281464,0.6629372738238842,0.540585,0.285535,gene-driven,neutral
ENSG00000139174,PRICKLE1,133599,0.12464817048652996,0.5235223160434258,0.3719340570969039,0.1284680337756333,0.28695215118616807,0.395815,0.271311,neutral,neutral
ENSG00000139190,VAMP1,8441,0.8146361077603539,0.2842782468837957,0.9298351427422598,0.8196622436670687,0.7118516284680337,0.727631,0.258947,gene-driven,neutral
ENSG00000139192,TAPBPL,14828,0.6901889827100924,0.29533574587856853,0.17872939284278247,0.6950140731805388,0.4645757941294732,0.200231,0.115149,neutral,regulation-driven
ENSG00000139197,PEX5,29890,0.5024125452352232,0.3650985122637716,0.7971451548049859,0.5062324085243265,0.5425311620426216,0.12108,0.27493,regulation-driven,regulation-driven
ENSG00000139200,PIANP,7025,0.8468033775633294,0.7398472054684359,0.4439083232810615,0.85243264977885,0.7204664254121431,0.37683,0.25769,neutral,regulation-driven
ENSG00000139209,SLC38A4,67648,0.267189384800965,0.975070365902694,0.6312826698833937,0.27060715721753115,0.5358665058303177,0.440371,0.408575,neutral,neutral
ENSG00000139211,AMIGO2,4253,0.9103337354242059,0.5168878166465621,0.09469240048250904,0.9163650985122638,0.6092681946119823,0.341244,0.13274,neutral,regulation-driven
ENSG00000139233,LLPH,14196,0.7036590269400884,0.11338962605548854,0.5850422195416164,0.708886208283072,0.5274829111379171,0.829654,0.14415,gene-driven,gene-driven
ENSG00000139266,MARCHF9,5309,0.887816646562123,0.38721351025331724,0.6650583031765179,0.8934459187776438,0.7081021310816245,0.721223,0.199136,gene-driven,neutral
ENSG00000139269,INHBE,6958,0.8490148773622839,0.9414957780458384,0.10796139927623644,0.8546441495778045,0.6879975874547648,0.4788,0.254222,neutral,regulation-driven
ENSG00000139292,LGR5,146513,0.1095697627663852,0.7207478890229192,0.3341375150784077,0.11399276236429433,0.31939083232810617,0.149206,0.31353,regulation-driven,regulation-driven
ENSG00000139318,DUSP6,5267,0.9993968636911942,0.38279051065540814,0.638118214716526,0.8946521913952553,0.7339766787293929,0.816516,0.491496,gene-driven,neutral
ENSG00000139323,POC1B,106330,0.16787293928427824,0.025130679533574587,0.3476075593084037,0.17209489344591877,0.1779654201849618,0.309054,0.135706,gene-driven,neutral
ENSG00000139324,TMTC3,57592,0.30800160836349016,0.35645355850422195,0.8550462404503418,0.31141938078005627,0.4575593084036993,0.744342,0.306645,gene-driven,gene-driven
ENSG00000139329,LUM,8866,0.8049859268194612,0.5420184961801368,0.6873743466023321,0.8100120627261761,0.7108464012866909,0.5808,0.260304,neutral,neutral
ENSG00000139330,KERA,7534,0.8349416968234821,0.6535987133092079,0.7814636107760354,0.8405709690390029,0.777362283876156,0.420748,0.302473,neutral,regulation-driven
ENSG00000139350,NEDD1,46557,0.36771210293526335,0.34599919581825495,0.4634097305991154,0.3717330116606353,0.38701246481704865,0.204951,0.21537,neutral,neutral
ENSG00000139351,SYCP3,10825,0.7673904302372336,0.9505428226779252,0.5404101326899879,0.7726176115802171,0.7574788902291918,0.702312,0.335394,gene-driven,neutral
ENSG00000139352,ASCL1,2840,0.9439083232810616,0.865902694008846,0.12746280659429032,0.950140731805388,0.7215420184961803,0.619743,0.225171,neutral,neutral
ENSG00000139364,TMEM132B,475992,0.015480498592681946,0.8449939686369119,0.22456775231202253,0.017289907519099316,0.2754925613188581,0.118014,0.349316,regulation-driven,regulation-driven
ENSG00000139370,SLC15A4,30765,0.4931644551668677,0.44732609569762766,0.6841576196220346,0.4969843184559711,0.5302171290711701,0.471556,0.27503,gene-driven,neutral
ENSG00000139405,RITA1,6843,0.8510253317249699,0.2141133896260555,0.14957780458383596,0.8566546039404905,0.5175613188580619,0.698668,0.076749,gene-driven,gene-driven
ENSG00000139410,SDSL,15897,0.6737032569360676,0.5275432247687978,0.5130679533574588,0.6785283474065139,0.5979694410936872,0.404282,0.236279,neutral,regulation-driven
ENSG00000139428,MMAB,19866,0.6162042621632489,0.22456775231202253,0.5251306795335746,0.6202251708886208,0.4963309207880981,0.696834,0.170084,gene-driven,gene-driven
ENSG00000139437,TCHP,83578,0.21773220747889022,0.1513872135102533,0.2732207478890229,0.22114997989545637,0.2157016485725774,0.306906,0.141084,neutral,neutral
ENSG00000139496,NUP58,63867,0.28367511057498995,0.2915158825894652,0.7378367511057499,0.2870928829915561,0.399859268194612,0.701463,0.267189,gene-driven,gene-driven
ENSG00000139505,MTMR6,41289,0.4067149175713711,0.10092480900683555,0.8041817450743868,0.41073582629674305,0.4304382790510656,0.14032,0.219793,neutral,regulation-driven
ENSG00000139508,SLC46A3,18907,0.6292722155207077,0.31322878970647366,0.4049055086449538,0.6334941696823482,0.4950140731805388,0.373844,0.166918,neutral,neutral
ENSG00000139515,PDX1,6314,0.998994772818657,0.9336550060313631,0.7410534780860475,0.8685162846803377,0.8920788098110173,0.552734,0.661078,neutral,regulation-driven
ENSG00000139517,LNX2,74617,0.24748693204664254,0.22396461600321674,0.6489746682750301,0.2507036590269401,0.3426216324889425,0.185334,0.23663,neutral,regulation-driven
ENSG00000139549,DHH,8146,0.8216726980297547,0.8498190591073582,0.4161640530759952,0.8271009248090069,0.7284177724165661,0.545507,0.285133,neutral,regulation-driven
ENSG00000139567,ACVRL1,16454,0.6654603940490551,0.593687173301166,0.5591073582629674,0.6702854845195014,0.6218938480096502,0.756547,0.264324,gene-driven,neutral
ENSG00000139579,NABP2,7840,0.8293124246079614,0.013067953357458785,0.7919179734620024,0.8347406513872135,0.6169883393646964,0.772107,0.142591,gene-driven,gene-driven
ENSG00000139597,N4BP2L1,27589,0.524929634097306,0.36751105749899476,0.31423401688781666,0.528950542822678,0.4337052673904302,0.472279,0.173452,gene-driven,neutral
ENSG00000139610,CELA1,18238,0.6385203055890631,0.8709288299155609,0.5247285886610374,0.6427422597507036,0.6690188982710092,0.663129,0.329363,gene-driven,neutral
ENSG00000139636,LMBR1L,13765,0.7112987535182951,0.4221954161640531,0.8719340570969039,0.7167269802975472,0.6802673904302372,0.826649,0.287193,gene-driven,neutral
ENSG00000139644,TMBIM6,57210,0.3098110172899075,0.07076799356654603,0.8086047446722959,0.31322878970647366,0.3754322476879775,0.704171,0.222507,gene-driven,gene-driven
ENSG00000139645,ANKRD52,20578,0.6067551266586249,0.06996381182147166,0.7018496180136711,0.6107760353839968,0.4971351025331725,0.24678,0.170637,neutral,neutral
ENSG00000139651,ZNF740,14439,0.6984318455971049,0.08725371934057097,0.6712907117008444,0.7032569360675512,0.5398170486529956,0.550995,0.157117,neutral,neutral
ENSG00000139668,WDFY2,183255,0.08021712907117008,0.293124246079614,0.793124246079614,0.08443908323281062,0.31251507840772014,0.222909,0.302171,neutral,neutral
ENSG00000139697,SBNO1,75739,0.2438681141938078,0.48391636509851227,0.8657016485725774,0.24708484117410534,0.4599819059107358,0.772935,0.344994,gene-driven,gene-driven
ENSG00000139718,SETD1B,28648,0.5118616807398472,0.3347406513872135,0.436670687575392,0.5156815440289505,0.4495476477683956,0.11145,0.190541,neutral,regulation-driven
ENSG00000139726,DENR,18241,0.638118214716526,0.0048250904704463205,0.9833132287897065,0.6423401688781665,0.5669380780056293,0.524759,0.23854,neutral,neutral
ENSG00000139746,RBM26,94654,0.19199839163650986,0.10796139927623644,0.7525130679533575,0.19561720948934458,0.3118415761962204,0.355515,0.235424,neutral,neutral
ENSG00000139780,METTL21C,9298,0.7961399276236429,0.8250904704463209,0.6015279453156414,0.8011660635303579,0.755729794933655,0.531313,0.313731,neutral,regulation-driven
ENSG00000139797,RNF113B,1485,0.9716525934861279,0.9117410534780861,0.2263771612384399,0.9778850020104544,0.7716023321270608,0.592411,0.254021,neutral,regulation-driven
ENSG00000139835,GRTP1,39986,0.4143546441495778,0.40470446320868514,0.6970245275432247,0.41837555287494976,0.48341375150784077,0.317199,0.273422,neutral,regulation-driven
ENSG00000139842,CUL4A,58916,0.30217129071170085,0.28468033775633295,0.9165661439485324,0.3057901085645356,0.4521210293526337,0.700918,0.302372,gene-driven,gene-driven
ENSG00000139865,TTC6,445814,0.018496180136710897,0.7774427020506635,0.010253317249698432,0.020305589063128265,0.20653397667872941,0.068885,0.233062,neutral,neutral
ENSG00000139880,CDH24,10477,0.7730197024527543,0.46160032167269804,0.4008845999195818,0.7782468837957378,0.6031765178930438,0.295793,0.189485,neutral,neutral
ENSG00000139890,REM2,4457,0.9065138721351025,0.5655408122235626,0.4772818657016486,0.9125452352231604,0.7151688781664656,0.460957,0.208434,neutral,regulation-driven
ENSG00000139908,TSSK4,2667,0.9473260956976277,0.7840772014475271,0.30136710896662644,0.9535585042219542,0.7462706071572175,0.681856,0.231051,gene-driven,neutral
ENSG00000139910,NOVA1,154944,0.10092480900683555,0.4579815038198633,0.9652191395255327,0.10554885404101327,0.40718737434660235,0.805685,0.361832,gene-driven,gene-driven
ENSG00000139914,FITM1,2191,0.9575794129473261,0.7583433856051468,0.2623642943305187,0.9638118214716526,0.7352131081624447,0.830589,0.216576,gene-driven,neutral
ENSG00000139970,RTN1,274801,0.04784881383192602,0.782669883393647,0.15721753116204262,0.050864495375954964,0.25949939686369117,0.196281,0.298251,neutral,neutral
ENSG00000139973,SYT16,300577,0.040410132689987936,0.7410534780860475,0.1344993968636912,0.04322476879774829,0.2396562123039807,0.581072,0.28463,gene-driven,gene-driven
ENSG00000139988,RDH12,32566,0.4764776839565742,0.8751507840772015,0.6634499396863691,0.4804985926819461,0.6236932046642542,0.510565,0.377262,neutral,neutral
ENSG00000139990,DCAF5,102270,0.1775231202251709,0.2975472456775231,0.4937675914756735,0.18154402895054284,0.287394451145959,0.318672,0.233866,neutral,neutral
ENSG00000140009,ESR2,253881,0.05186972255729795,0.6395255327704061,0.32649778850020106,0.0548854041013269,0.26804382790510656,0.149136,0.310464,regulation-driven,neutral
ENSG00000140015,KCNH5,402574,0.024728588661037394,0.7710092480900683,0.6393244873341375,0.026537997587454766,0.3653096099718536,0.237806,0.411791,neutral,neutral
ENSG00000140025,EFCAB11,160109,0.9877362283876157,0.6825492561318858,0.11298753518295135,0.10152794531564134,0.5155106554081222,0.388279,0.546733,regulation-driven,neutral
ENSG00000140043,PTGR2,33896,0.46260554885404104,0.1897868918375553,0.7456775231202252,0.46662645757941296,0.46597305991154,0.284439,0.224769,neutral,regulation-driven
ENSG00000140093,SERPINA10,12809,0.7285886610373945,0.9565741857659831,0.17611580217129072,0.733815842380378,0.6485122637716124,0.288681,0.275834,neutral,regulation-driven
ENSG00000140107,SLC25A47,7083,0.8451950140731805,0.9495375954965822,0.7143144350623241,0.8508242862887012,0.8396863691194209,0.512535,0.364294,neutral,regulation-driven
ENSG00000140254,DUOXA1,12573,0.7334137515078407,0.7416566143948532,0.32488942501005225,0.7384398874145557,0.6343486127864897,0.543015,0.251558,gene-driven,neutral
ENSG00000140259,MFAP1,20199,0.6115802171290712,0.02010454362685967,0.9620024125452352,0.6156011258544432,0.5521210293526337,0.419009,0.231554,neutral,neutral
ENSG00000140265,ZSCAN29,12872,0.7273823884197829,0.40570969039002813,0.12384398874145557,0.7326095697627664,0.497125050261359,0.525355,0.129725,gene-driven,neutral
ENSG00000140274,DUOXA2,4096,0.9163650985122638,0.8281061519903499,0.5245275432247688,0.9223964616003216,0.7975472456775231,0.502151,0.282117,neutral,regulation-driven
ENSG00000140280,LYSMD2,28575,0.5130679533574588,0.31262565339766785,0.5319662243667069,0.5168878166465621,0.46844591877764374,0.460012,0.205468,neutral,neutral
ENSG00000140284,SLC27A2,54190,0.32488942501005225,0.8397667872939284,0.26517893043827906,0.32870928829915563,0.4394451145958987,0.23851,0.29624,neutral,regulation-driven
ENSG00000140320,BAHD1,28516,0.5138721351025332,0.25834338560514675,0.2955367913148372,0.5176919983916365,0.39617008443908325,0.188741,0.143647,neutral,regulation-driven
ENSG00000140323,DISP2,20403,0.609167671893848,0.6646562123039808,0.2569360675512666,0.61318858061922,0.5357860876558103,0.195396,0.230901,neutral,regulation-driven
ENSG00000140326,CDAN1,13585,0.715319662243667,0.36047446722959386,0.4392842782468838,0.7207478890229192,0.5586851628468034,0.1962,0.175312,neutral,regulation-driven
ENSG00000140451,PIF1,10037,0.7804583835946924,0.49859268194611983,0.6049457177322075,0.7856855649376759,0.6671592279855247,0.24809,0.233514,neutral,regulation-driven
ENSG00000140465,CYP1A1,5995,0.8697225572979493,0.6286690792119018,0.25934861278648974,0.87535182951347,0.6579915560916767,0.199779,0.195667,neutral,regulation-driven
ENSG00000140474,ULK3,7229,0.8405709690390029,0.2850824286288701,0.7438681141938078,0.8464012866907921,0.6786891837555288,0.226719,0.201799,neutral,regulation-driven
ENSG00000140488,CELF6,35431,0.4497386409328508,0.4620024125452352,0.794129473260957,0.45355850422195415,0.5396662645757941,0.275724,0.303528,neutral,regulation-driven
ENSG00000140497,SCAMP2,29636,0.5046240450341777,0.14294330518697226,0.8017691998391636,0.508443908323281,0.48925412143144353,0.405512,0.219893,gene-driven,neutral
ENSG00000140506,LMAN1L,13042,0.7239646160032167,0.784680337756333,0.14414957780458384,0.7293928427824689,0.595275432247688,0.316747,0.229493,neutral,regulation-driven
ENSG00000140527,WDR93,52828,0.3331322878970647,0.88681141938078,0.06232408524326498,0.33675110574989947,0.40457378367511054,0.433195,0.255981,gene-driven,neutral
ENSG00000140545,MFGE8,14786,0.6911942098914354,0.6628468033775633,0.7014475271411339,0.6960193003618818,0.6876357056694813,0.275578,0.307801,neutral,neutral
ENSG00000140564,FURIN,14977,0.6881785283474066,0.37394451145958985,0.5008041817450744,0.6932046642541214,0.5637816646562123,0.140968,0.193607,neutral,neutral
ENSG00000140575,,113998,0.9891435464414958,0.3271009248090068,0.7760353839967833,0.15983112183353437,0.6044933655006033,0.098135,0.598502,neutral,neutral
ENSG00000140986,RPL3L,13633,0.7135102533172497,0.9332529151588259,0.9304382790510656,0.7189384800965019,0.8237635705669482,0.406534,0.434158,neutral,regulation-driven
ENSG00000140987,ZSCAN32,18985,0.6278648974668275,0.08242862887012464,0.029754724567752314,0.632086851628468,0.3428226779252111,0.205659,0.031363,neutral,neutral
ENSG00000140993,TIGD7,6922,0.850422195416164,0.33373542420587055,0.0609167671893848,0.8560514676316847,0.525,0.428207,0.087153,neutral,neutral
ENSG00000141068,KSR1,169991,0.08886208283071974,0.2710092480900684,0.5705669481302774,0.09328508242862887,0.25570969039002817,0.731017,0.256283,gene-driven,gene-driven
ENSG00000141127,PRPSAP2,91203,0.19762766385203057,0.1584238037796542,0.927221552070768,0.2012464817048653,0.37094893445918775,0.355739,0.279453,neutral,neutral
ENSG00000141161,UNC45B,41529,0.4041013268998794,0.8841978287092883,0.7730197024527543,0.4081222356252513,0.6171592279855247,0.188614,0.406765,neutral,neutral
ENSG00000141314,RHBDL3,58828,0.3033775633293124,0.5697627663852031,0.8556493767591475,0.30699638118214717,0.5087655810213108,0.756885,0.360223,gene-driven,gene-driven
ENSG00000141316,SPACA3,27502,0.5257338158423803,0.9788902291917974,0.08665058303176518,0.5297547245677523,0.5300562927221553,0.676715,0.273573,gene-driven,neutral
ENSG00000142208,AKT1,26411,0.5398069963811821,0.04302372336147969,0.9744672295938882,0.5446320868516284,0.5252412545235223,0.146421,0.249347,neutral,neutral
ENSG00000142224,IL19,72218,0.25311620426216325,0.7882991556091676,0.07418576598311219,0.2563329312424608,0.3428226779252111,0.791204,0.243064,gene-driven,gene-driven
ENSG00000142319,SLC6A3,52647,0.3345396059509449,0.6151990349819059,0.6280659429030961,0.3383594692400482,0.47885002010454364,0.263249,0.320567,neutral,regulation-driven
ENSG00000142606,MMEL1,42378,0.3996783273019702,0.9109368717330116,0.5528749497386409,0.4036992360273422,0.5665963007639727,0.498945,0.367561,neutral,neutral
ENSG00000142611,PRDM16,369454,0.9833132287897065,0.6940088459991958,0.6322878970647366,0.031966224366706875,0.6329613992762364,0.130428,0.692591,regulation-driven,regulation-driven
ENSG00000142619,PADI3,35136,0.452151186168074,0.9724567752312022,0.4579815038198633,0.4561720948934459,0.5844893445918778,0.464435,0.354845,neutral,neutral
ENSG00000142623,PADI1,40880,0.4081222356252513,0.9123441897868918,0.3791716928025734,0.4121431443506232,0.5277442702050663,0.488058,0.330971,neutral,neutral
ENSG00000142627,EPHA2,31733,0.48612786489746684,0.5462404503417773,0.5504624045034178,0.4899477281865702,0.518003618817853,0.183826,0.270909,neutral,regulation-driven
ENSG00000142655,PEX14,158471,0.9879372738238842,0.47285886610373945,0.5195014073180538,0.10273421793325292,0.5650180940892642,0.76256,0.595637,gene-driven,gene-driven
ENSG00000142677,IL22RA1,23370,0.5705669481302774,0.8423803779654202,0.10595094491355046,0.5745878568556494,0.5231704865299558,0.381594,0.243667,neutral,neutral
ENSG00000142694,EVA1B,2125,0.9599919581825492,0.0008041817450743868,0.39425010052271814,0.9662243667068757,0.580006031363088,0.597286,0.034932,neutral,neutral
ENSG00000142698,C1orf94,52249,0.33715319662243665,0.9903498190591074,0.11519903498190591,0.3411741053478086,0.44576799356654606,0.374372,0.294682,neutral,neutral
ENSG00000142700,DMRTA2,5894,0.8727382388419783,0.7961399276236429,0.27724165661439487,0.878367511057499,0.7058403699236028,0.355891,0.24236,neutral,regulation-driven
ENSG00000142748,FCN3,5715,0.877362283876156,0.9006835544833133,0.15621230398069963,0.8829915560916767,0.7040309609971854,0.363339,0.249799,neutral,regulation-driven
ENSG00000142751,GPN2,14152,0.7046642541214314,0.008845999195818254,0.9014877362283876,0.7098914354644149,0.5809609971853639,0.458494,0.193054,neutral,neutral
ENSG00000142784,WDTC1,74005,0.2488942501005227,0.2607559308403699,0.8896260554885405,0.25211097708082025,0.4126859670285485,0.78846,0.294833,gene-driven,gene-driven
ENSG00000142789,CELA3A,10886,0.766184157619622,0.9644149577804584,0.43405709690390026,0.7714113389626055,0.7337555287494973,0.60192,0.324387,gene-driven,neutral
ENSG00000142856,ITGB3BP,272838,0.04825090470446321,0.36369119420989143,0.012866907921190189,0.05126658624849216,0.1188681141938078,0.383407,0.127463,gene-driven,gene-driven
ENSG00000142864,SERBP1,22606,0.5810213108162444,0.14153598713309207,0.8890229191797346,0.585243264977885,0.5489947728186569,0.301498,0.236078,neutral,regulation-driven
ENSG00000142867,BCL10,10857,0.767189384800965,0.23924406915963006,0.593687173301166,0.7724165661439485,0.5928729392842782,0.514144,0.168878,gene-driven,neutral
ENSG00000142871,CCN1,3829,0.9215922798552473,0.49215922798552475,0.4384800965018094,0.9278246883795738,0.6947024527543224,0.461289,0.180237,neutral,regulation-driven
ENSG00000142910,TINAGL1,11202,0.758745476477684,0.4887414555689586,0.7505026135906715,0.7637716123843988,0.6901889827100925,0.197075,0.265983,neutral,regulation-driven
ENSG00000142920,AZIN2,42389,0.39947728186570164,0.7108966626457579,0.526940088459992,0.40349819059107356,0.5100020104543627,0.370029,0.315591,neutral,neutral
ENSG00000142937,RPS8,3529,0.9296340973059911,0.4652191395255328,0.9859268194611982,0.9358665058303176,0.8288500201045437,0.722547,0.32117,gene-driven,neutral
ENSG00000142945,KIF2C,27950,0.5207076799356655,0.9264173703256936,0.6658624849215923,0.5247285886610374,0.6592279855247286,0.483491,0.384952,neutral,dual-driven
ENSG00000142959,BEST4,6335,0.8626859670285485,0.5751909931644552,0.4567752312022517,0.8681141938078005,0.6904201849618015,0.43847,0.215671,neutral,regulation-driven
ENSG00000142961,MOB3C,9093,0.7997587454764777,0.028347406513872134,0.9581825492561319,0.8047848813831926,0.6475170888620828,0.483313,0.212203,neutral,regulation-driven
ENSG00000143001,TMEM61,105464,0.1702854845195014,0.8244873341375151,0.016083634901487735,0.17450743868114194,0.2961298753518295,0.550312,0.227081,neutral,neutral
ENSG00000143006,DMRTB1,8090,0.8228789706473663,0.9551668677121029,0.2010454362685967,0.8283071974266184,0.7015782066747085,0.423482,0.279252,neutral,regulation-driven
ENSG00000143013,LMO4,20044,0.6135906714917572,0.14917571371129876,0.8663047848813832,0.617611580217129,0.5614696421391234,0.437575,0.227784,neutral,neutral
ENSG00000143028,SYPL2,15589,0.6791314837153196,0.8110172899075191,0.5914756735022115,0.6841576196220346,0.6911942098914354,0.531584,0.32313,neutral,regulation-driven
ENSG00000143032,BARHL2,5764,0.876357056694813,0.9455166867712103,0.7434660233212707,0.8819863289103337,0.8615500603136308,0.44416,0.364596,neutral,regulation-driven
ENSG00000143033,MTF2,59845,0.2975472456775231,0.3176517893043828,0.9135504624045034,0.30096501809408926,0.45725774024929633,0.685323,0.310464,gene-driven,gene-driven
ENSG00000143093,STRIP1,43065,0.3946521913952553,0.10755930840369923,0.8355448331322879,0.3988741455568959,0.43394652191395255,0.20387,0.230549,neutral,regulation-driven
ENSG00000143106,PSMA5,27407,0.5271411338962606,0.0038198632891033374,0.9794933655006032,0.5313630880579011,0.5102432649778851,0.539626,0.242109,neutral,neutral
ENSG00000143110,C1orf162,4721,0.902291917973462,0.6785283474065139,0.1288701246481705,0.9083232810615199,0.6542018496180136,0.822816,0.185464,gene-driven,gene-driven
ENSG00000143119,CD53,28749,0.5112585444310415,0.8132287897064736,0.3691194209891435,0.98854041013269,0.6466726980297547,0.552689,0.492702,neutral,neutral
ENSG00000143125,PROK1,6210,0.8644953759549658,0.876357056694813,0.77221552070768,0.869923602734218,0.8454764776839567,0.720577,0.35183,gene-driven,neutral
ENSG00000143147,GPR161,58126,0.30619219943707277,0.6566143948532368,0.7754322476879775,0.3096099718536389,0.5117913148371531,0.14042,0.36148,regulation-driven,regulation-driven
ENSG00000143149,ALDH9A1,36347,0.44008845999195817,0.27864897466827504,0.6708886208283072,0.44410936871733014,0.45823281061519905,0.339727,0.234972,neutral,neutral
ENSG00000143153,ATP1B1,205296,0.06915963007639726,0.440691596300764,0.36771210293526335,0.0735826296743064,0.2375653397667873,0.141943,0.26538,neutral,neutral
ENSG00000143155,TIPRL,23148,0.5735826296743064,0.11881785283474065,0.9026940088459992,0.5778045838359469,0.5430136710896662,0.413339,0.236178,neutral,neutral
ENSG00000143156,NME7,235418,0.05790108564535585,0.23984720546843585,0.37776437474869323,0.061519903498190594,0.18407720144752715,0.373045,0.220848,gene-driven (relaxed),gene-driven (relaxed)
ENSG00000143158,MPC2,20398,0.6093687173301167,0.48914354644149577,0.8449939686369119,0.6133896260554885,0.6390229191797345,0.755458,0.307047,gene-driven,neutral
ENSG00000143162,CREG1,24689,0.5552874949738641,0.11660635303578609,0.5082428628870125,0.5593084036992361,0.434660233212706,0.697192,0.146462,gene-driven,gene-driven
ENSG00000143171,RXRG,44434,0.3831926015279453,0.7561318858061922,0.8624849215922799,0.38721351025331724,0.597054684358665,0.242511,0.400935,regulation-driven,regulation-driven
ENSG00000143179,UCK2,84005,0.21652593486127866,0.24668275030156817,0.854443104141536,0.22014475271411338,0.3842681946119823,0.529008,0.285887,gene-driven (relaxed),neutral
ENSG00000143185,XCL2,3230,0.9354644149577804,0.779654201849618,0.1214314435062324,0.9416968234821069,0.6942501005227182,0.536731,0.210545,neutral,regulation-driven
ENSG00000143194,MAEL,46633,0.3671089666264576,0.9843184559710495,0.2609569762766385,0.3711298753518295,0.49567752312022517,0.445803,0.323281,neutral,neutral
ENSG00000143196,DPT,33739,0.4638118214716526,0.49135504624045034,0.7985524728588661,0.46783273019702454,0.5551869722557299,0.607569,0.309912,neutral,neutral
ENSG00000143198,MGST3,30584,0.49537595496582226,0.19782870928829915,0.6433453960595095,0.498994772818657,0.4587052673904302,0.424698,0.202654,neutral,neutral
ENSG00000143217,NECTIN4,18561,0.6342983514274226,0.7776437474869321,0.3096099718536389,0.6385203055890631,0.5898069963811822,0.208363,0.266737,neutral,regulation-driven
ENSG00000143222,UFC1,6081,0.867913148371532,0.029754724567752314,0.961600321672698,0.873341375150784,0.682880981101729,0.533997,0.203006,neutral,neutral
ENSG00000143256,PFDN2,17500,0.6503819863289103,0.10635303578608765,0.7830719742661841,0.6550060313630881,0.5484720546843587,0.589244,0.192451,neutral,neutral
ENSG00000143257,NR1I3,8579,0.8112183353437877,0.9229995979091274,0.3596702854845195,0.8162444712505026,0.7272818657016487,0.376809,0.295235,neutral,dual-driven
ENSG00000143278,F13B,28520,0.5136710896662646,0.9796944109368717,0.20365902694008847,0.517490952955368,0.553437876960193,0.620815,0.302372,gene-driven,neutral
ENSG00000143297,FCRL5,39139,0.41857659831121835,0.8916365098512263,0.015681544028950542,0.42279855247285886,0.43696220345798154,0.106584,0.232459,neutral,regulation-driven
ENSG00000143318,CASQ1,11312,0.756735022114998,0.9412947326095698,0.856453558504222,0.7619622034579815,0.8288500201045437,0.652674,0.406765,gene-driven,dual-driven
ENSG00000143319,ISG20L2,7971,0.8260956976276639,0.6684760755930841,0.40751909931644553,0.8315239244069159,0.6831322878970648,0.391596,0.236832,neutral,regulation-driven
ENSG00000143321,HDGF,24817,0.5542822677925211,0.07780458383594692,0.4326497788500201,0.5583031765178931,0.40555890631282665,0.433881,0.120728,gene-driven (relaxed),neutral
ENSG00000143324,XPR1,258258,0.050864495375954964,0.1218335343787696,0.7418576598311218,0.05388017691998392,0.24195818254925616,0.253227,0.258846,neutral,neutral
ENSG00000143340,FAM163A,72908,0.25090470446320867,0.8936469642139123,0.17852834740651388,0.25412143144350624,0.39413952553277043,0.62876,0.296994,neutral,neutral
ENSG00000143344,RGL1,292448,0.984519501407318,0.43546441495778043,0.47165259348612787,0.044833132287897065,0.5311017289907519,0.17506,0.595135,regulation-driven,regulation-driven
ENSG00000143353,LYPLAL1,38997,0.41958182549256134,0.15319662243667068,0.4109368717330117,0.42380377965420185,0.35166867712102934,0.462606,0.14998,neutral,neutral
ENSG00000143367,TUFT1,43279,0.39284278246883797,0.7030558906312827,0.2832730197024528,0.3970647366304785,0.443848009650181,0.323934,0.262716,neutral,neutral
ENSG00000143374,TARS2,20189,0.6117812625653397,0.013872135102533172,0.5002010454362686,0.6158021712907117,0.4352131081624447,0.186741,0.112083,neutral,regulation-driven
ENSG00000143376,SNX27,87086,0.2066747084841174,0.06353035786087656,0.849416968234821,0.21029352633695214,0.33229794933655005,0.632378,0.239948,gene-driven (relaxed),gene-driven (relaxed)
ENSG00000143384,MCL1,18844,0.630076397265782,0.31141938078005627,0.10112585444310414,0.6342983514274226,0.41901889827100924,0.314716,0.107258,gene-driven (relaxed),neutral
ENSG00000143412,ANXA9,13386,0.7181342983514274,0.44632086851628466,0.24909529553679133,0.7235625251306795,0.5340068355448331,0.480016,0.16536,neutral,neutral
ENSG00000143420,ENSA,28762,0.5108564535585042,0.01769199839163651,0.8964616003216727,0.5148773622838761,0.4847708082026538,0.298643,0.214817,neutral,regulation-driven
ENSG00000143437,ARNT,66996,0.27020506634499397,0.18154402895054284,0.6328910333735425,0.2736228387615601,0.33939485323683155,0.146552,0.218938,neutral,regulation-driven
ENSG00000143443,C1orf56,4236,0.9115400080418175,0.7927221552070768,0.1405307599517491,0.9175713711298753,0.6902895054282268,0.506986,0.216928,neutral,regulation-driven
ENSG00000143452,HORMAD1,22836,0.5784077201447527,0.9670285484519502,0.402291917973462,0.5826296743063932,0.6323783675110575,0.472271,0.33082,neutral,dual-driven
ENSG00000143458,GABPB2,54965,0.31966224366706875,0.3218737434660233,0.4581825492561319,0.3232810615199035,0.35556895858464016,0.240028,0.212907,neutral,neutral
ENSG00000143473,,457343,0.01708886208283072,0.5581021310816244,0.604141535987133,0.01889827100924809,0.2994672295938882,0.227091,0.358766,neutral,neutral
ENSG00000143476,DTL,71848,0.25432247687977483,0.8665058303176518,0.3620828307197427,0.2575392038600724,0.4349517490952956,0.246874,0.333534,neutral,regulation-driven
ENSG00000143494,VASH2,41518,0.40450341777241655,0.7114997989545637,0.8333333333333334,0.4085243264977885,0.5892641737032569,0.274075,0.380579,neutral,regulation-driven
ENSG00000143507,DUSP10,40666,0.4099316445516687,0.3234821069561721,0.9493365500603136,0.4139525532770406,0.5239746682750301,0.378599,0.316244,neutral,neutral
ENSG00000143515,ATP8B2,25780,0.5460394049055086,0.364897466827503,0.7758343385605146,0.5504624045034178,0.5590872537193405,0.131041,0.266536,neutral,regulation-driven
ENSG00000143537,,12210,0.741254523522316,0.2792521109770808,0.22396461600321674,0.7464817048652995,0.49747687977482913,0.660796,0.116204,gene-driven,gene-driven
ENSG00000143543,JTB,3406,0.9320466425412143,0.15983112183353437,0.582227583433856,0.9382790510655408,0.6527844792923201,0.727475,0.116908,gene-driven,neutral
ENSG00000143545,RAB13,4742,0.9018898271009248,0.02754322476879775,0.9030960997185364,0.9079211901889828,0.6848110172899076,0.502041,0.167169,neutral,regulation-driven
ENSG00000143546,S100A8,1042,0.9768797748291114,0.8327301970245276,0.28246883795737837,0.9831121833534379,0.7684861278648975,0.630287,0.231253,neutral,neutral
ENSG00000143553,SNAPIN,3150,0.9370727784479292,0.008041817450743867,0.9248090068355448,0.9433051869722557,0.702995577000402,0.59607,0.156514,neutral,neutral
ENSG00000143590,EFNA3,8702,0.8084036992360274,0.8007639726578206,0.622637716123844,0.8134298351427423,0.7610574989947728,0.37111,0.309811,neutral,regulation-driven
ENSG00000143595,AQP10,4236,0.9115400080418175,0.7056694813027744,0.43727382388419783,0.9175713711298753,0.7427121029352634,0.467521,0.23854,neutral,regulation-driven
ENSG00000143603,KCNN3,172827,0.08705267390430237,0.5800160836349015,0.67048652995577,0.0912746280659429,0.35699638118214716,0.216305,0.354091,neutral,neutral
ENSG00000143612,C1orf43,13942,0.7072778447929232,0.10313630880579011,0.9081222356252513,0.7125050261359067,0.6074989947728187,0.286791,0.21919,neutral,regulation-driven
ENSG00000143627,PKLR,12146,0.7426618415761962,0.889827100924809,0.8005629272215521,0.7478890229191797,0.7949738640932851,0.816446,0.381634,gene-driven,neutral
ENSG00000143630,HCN3,12386,0.7370325693606755,0.41174105347808604,0.7559308403699236,0.742259750703659,0.6614796944109369,0.312023,0.251156,neutral,regulation-driven
ENSG00000143633,C1orf131,17425,0.6511861680739848,0.019300361881785282,0.20426216324889426,0.6558102131081625,0.3824085243264978,0.395949,0.054131,neutral,neutral
ENSG00000143641,GALNT2,224133,0.06252513067953358,0.2687977482911138,0.8349416968234821,0.0667470848411741,0.3080418174507439,0.422531,0.304785,neutral,neutral
ENSG00000143653,SCCPDH,43729,0.38801769199839165,0.594692400482509,0.6537997587454765,0.39223964616003215,0.5069762766385203,0.283816,0.316094,neutral,regulation-driven
ENSG00000143674,MAP3K21,57425,0.3086047446722959,0.5361881785283474,0.3848009650180941,0.3120225170888621,0.3852332127060716,0.429012,0.25186,gene-driven,neutral
ENSG00000143748,NVL,102856,0.17611580217129072,0.05689585846401287,0.4378769601930036,0.18013671089666264,0.21255528749497385,0.13646,0.160786,neutral,neutral
ENSG00000143751,SDE2,16642,0.662042621632489,0.20285484519501407,0.3156413349416968,0.6668677121029353,0.46161037394451143,0.439596,0.121381,neutral,neutral
ENSG00000143756,FBXO28,47937,0.36147969441093686,0.21129875351829513,0.9028950542822678,0.3652995577000402,0.4600522718134298,0.405257,0.276538,neutral,neutral
ENSG00000143761,ARF1,16505,0.6650583031765179,0.023522316043425813,0.4549658222758343,0.6698833936469643,0.45311620426216326,0.456046,0.098764,gene-driven,neutral
ENSG00000143771,CNIH4,22602,0.5812223562525131,0.07137112987535182,0.9742661841576197,0.5854443104141536,0.5528648974668275,0.555438,0.254725,neutral,neutral
ENSG00000143772,ITPKB,107634,0.1646562123039807,0.4513470044229996,0.14475271411338964,0.16907921190188982,0.23223763570566947,0.156765,0.189536,neutral,neutral
ENSG00000143774,GUK1,9023,0.8009650180940893,0.2525130679533575,0.7989545637314033,0.8059911540008042,0.6643546441495778,0.462474,0.209891,gene-driven,dual-driven
ENSG00000143786,CNIH3,305895,0.9841174105347809,0.3894250100522718,0.7054684358665059,0.042018496180136714,0.5773622838761561,0.547487,0.624085,neutral,neutral
ENSG00000143799,PARP1,47945,0.36127864897466827,0.20888620828307197,0.8425814234016887,0.3650985122637716,0.44427020506634496,0.23776,0.261862,neutral,neutral
ENSG00000143815,LBR,27424,0.5265379975874548,0.3421793325291516,0.5305589063128267,0.5307599517490953,0.48229794933655,0.177342,0.2115,neutral,regulation-driven
ENSG00000143816,WNT9A,29277,0.5066344993968637,0.42983514274225976,0.7346200241254524,0.5106554081222356,0.5452352231604343,0.377815,0.277996,neutral,regulation-driven
ENSG00000143819,EPHX1,35440,0.44953759549658223,0.6302774427020507,0.6210293526336952,0.9881383192601528,0.6453156413349417,0.21923,0.507047,regulation-driven,regulation-driven
ENSG00000143839,REN,35506,0.44853236831523924,0.8890229191797346,0.4099316445516687,0.45255327704061116,0.5498090068355448,0.368868,0.328961,neutral,regulation-driven
ENSG00000143858,SYT2,119859,0.14394853236831523,0.42963409730599117,0.6749095295536791,0.14796944109368718,0.34891435464414955,0.278277,0.306996,neutral,neutral
ENSG00000143862,ARL8A,11340,0.7561318858061922,0.20064334539605952,0.9941696823482107,0.7613590671491757,0.6778146361077604,0.517059,0.292471,neutral,regulation-driven
ENSG00000143867,OSR1,7139,0.8427824688379574,0.6043425814234017,0.5221149979895456,0.8486127864897467,0.7041716928025735,0.50956,0.235525,neutral,regulation-driven
ENSG00000143869,GDF7,12100,0.7438681141938078,0.6393244873341375,0.22356252513067953,0.7490952955367913,0.5887012464817049,0.418878,0.206021,neutral,regulation-driven
ENSG00000143882,ATP6V1C2,64011,0.28307197426618413,0.7044632086851629,0.7026537997587454,0.9917571371129875,0.6350522718134298,0.218526,0.560887,regulation-driven,regulation-driven
ENSG00000143889,HNRNPLL,41618,0.40349819059107356,0.2501005227181343,0.7874949738640933,0.40751909931644553,0.46195215118616806,0.437907,0.253267,gene-driven,neutral
ENSG00000143891,GALM,75157,0.24567752312022517,0.6525934861278649,0.5281463610776035,0.24909529553679133,0.41870727784479295,0.351156,0.320165,neutral,neutral
ENSG00000143924,EML4,163196,0.09509449135504625,0.316043425814234,0.633092078809811,0.9903498190591074,0.4638821873743466,0.126377,0.475875,regulation-driven,regulation-driven
ENSG00000143942,CHAC2,7393,0.837957378367511,0.47265782066747086,0.962605548854041,0.8435866505830317,0.7789203860072377,0.590842,0.321472,neutral,regulation-driven
ENSG00000143971,ETAA1,14768,0.6917973462002412,0.1401286690792119,0.13088057901085645,0.6966224366706876,0.414616003216727,0.24042,0.066395,neutral,regulation-driven
ENSG00000143994,ABHD1,7024,0.8470044229995979,0.9045034177724166,0.3866103739445115,0.8526336952151187,0.7474065138721351,0.342672,0.291466,neutral,regulation-driven
ENSG00000143995,MEIS1,140418,0.11479694410936872,0.5293526336952151,0.963610776035384,0.9877362283876157,0.6052271813429835,0.545106,0.577523,neutral,neutral
ENSG00000144021,CIAO1,8015,0.8240852432649779,0.008443908323281062,0.8765581021310817,0.82951347004423,0.6343787696019301,0.371562,0.168476,neutral,regulation-driven
ENSG00000144029,MRPS5,36638,0.4378769601930036,0.0056292722155207075,0.46582227583433855,0.44189786891837557,0.337605548854041,0.174706,0.122738,neutral,neutral
ENSG00000144031,ANKRD53,7120,0.8437876960193004,0.7573381584238038,0.1099718536389224,0.8496180136710897,0.6398874145556895,0.239053,0.209087,neutral,regulation-driven
ENSG00000144034,TPRKB,8297,0.8182549256131886,0.258745476477684,0.6891837555287494,0.8236831523924407,0.6471954161640531,0.497879,0.187023,neutral,neutral
ENSG00000144036,EXOC6B,650058,0.009047044632086852,0.2812625653397668,0.4991958182549256,0.010454362685967028,0.19991958182549255,0.152784,0.283876,neutral,neutral
ENSG00000144043,TEX261,26549,0.5371934057096904,0.12062726176115803,0.9328508242862887,0.5420184961801368,0.5329312424607962,0.485283,0.250503,neutral,neutral
ENSG00000144045,DQX1,8151,0.8212706071572176,0.8184559710494572,0.4006835544833132,0.8266988339364696,0.7165058303176518,0.335912,0.27508,neutral,dual-driven
ENSG00000144048,DUSP11,18392,0.6365098512263772,0.14374748693204664,0.2197426618415762,0.6407318053880177,0.4099718536389224,0.753781,0.090269,gene-driven,gene-driven
ENSG00000144057,ST6GAL2,85509,0.21250502613590672,0.7364294330518697,0.44129473260956975,0.21612384398874146,0.40140731805388014,0.63582,0.324236,gene-driven,gene-driven
ENSG00000144063,MALL,32153,0.4802975472456775,0.7621632488942501,0.2915158825894652,0.48411741053478086,0.5043325291515883,0.594974,0.271462,neutral,neutral
ENSG00000144120,TMEM177,7341,0.838962605548854,0.27764374748693205,0.058303176517893046,0.8445918777643747,0.5045938882187374,0.409499,0.073181,neutral,neutral
ENSG00000144152,FBLN7,49834,0.35082428628870127,0.4692400482509047,0.5814234016887817,0.354443104141536,0.4388017691998392,0.258135,0.272417,neutral,neutral
ENSG00000144161,ZC3H8,43608,0.389827100924809,0.30840369923602734,0.37977482911137916,0.39404905508644955,0.36780257338158423,0.462585,0.184912,neutral,neutral
ENSG00000144191,CNGA3,52414,0.3357458785685565,0.895858464012867,0.5426216324889425,0.33976678729392845,0.528297145154805,0.197718,0.369522,regulation-driven,regulation-driven
ENSG00000144214,LYG1,20505,0.6073582629674307,0.5140731805388018,0.1467631684760756,0.6113791716928025,0.46969240048250904,0.632748,0.16923,gene-driven,gene-driven
ENSG00000144227,NXPH2,111234,0.1586248492159228,0.8765581021310817,0.8084036992360274,0.16324889425010053,0.5014776839565742,0.486057,0.436017,neutral,neutral
ENSG00000144228,SPOPL,72689,0.2515078407720145,0.28950542822677927,0.9772818657016485,0.254724567752312,0.4430940892641737,0.654061,0.319914,gene-driven,gene-driven
ENSG00000144229,THSD7B,912174,0.0024125452352231603,0.5480498592681946,0.14897466827503017,0.0036188178528347406,0.17570365902694007,0.160052,0.277694,neutral,neutral
ENSG00000144233,AMMECR1L,24338,0.5591073582629674,0.12866907921190188,0.9702452754322477,0.5631282669883394,0.5550864495375956,0.180036,0.268798,neutral,regulation-driven
ENSG00000144278,GALNT13,582058,0.011459589867310011,0.7191395255327704,0.7834740651387213,0.013067953357458785,0.38170486529955766,0.120949,0.419632,regulation-driven,regulation-driven
ENSG00000144320,LNPK,78958,0.9897466827503015,0.1696823482106956,0.4332529151588259,0.2366304784881383,0.49498391636509853,0.287374,0.479232,regulation-driven,regulation-driven
ENSG00000144331,ZNF385B,419631,0.021712907117008445,0.5096501809408926,0.41174105347808604,0.023522316043425813,0.24156614394853237,0.224819,0.311369,neutral,neutral
ENSG00000144339,TMEFF2,245891,0.9847205468435867,0.8126256533976679,0.6753116204262163,0.05669481302774427,0.6787394451145959,0.364063,0.716214,regulation-driven,regulation-driven
ENSG00000144354,CDCA7,14178,0.7040611178126257,0.5774024929634097,0.6459589867310012,0.7092882991556092,0.6589163650985123,0.19423,0.274377,neutral,regulation-driven
ENSG00000144357,UBR3,256678,0.051065540812223566,0.48854041013269,0.7501005227181343,0.05408122235625251,0.3357961399276237,0.411582,0.351578,neutral,neutral
ENSG00000144369,FAM171B,71900,0.25412143144350624,0.6377161238439888,0.3457981503819863,0.25733815842380375,0.3735826296743064,0.14043,0.274628,neutral,regulation-driven
ENSG00000144401,METTL21A,45298,0.37876960193003617,0.1533976678729393,0.5916767189384801,0.38279051065540814,0.37645757941294733,0.833796,0.19225,gene-driven,gene-driven
ENSG00000144410,CPO,29957,0.5018094089264173,0.8236831523924407,0.24306393244873342,0.5056292722155207,0.5183554483313229,0.509379,0.276337,neutral,neutral
ENSG00000144445,KANSL1L,149989,0.10595094491355046,0.362887012464817,0.16385203055890632,0.11037394451145958,0.1855448331322879,0.357278,0.180539,gene-driven,gene-driven
ENSG00000144451,SPAG16,1126113,0.0014073180538801769,0.46702854845195013,0.021310816244471252,0.002010454362685967,0.12290912746280658,0.318932,0.19617,neutral,gene-driven
ENSG00000144452,ABCA12,207085,0.06795335745878568,0.9776839565741857,0.2503015681544029,0.07237635705669482,0.3418576598311219,0.11927,0.359369,regulation-driven,regulation-driven
ENSG00000144455,SUMF1,766460,0.005026135906714918,0.11680739847205468,0.12263771612384398,0.006433453960595094,0.06265581021310816,0.159439,0.15586,neutral,neutral
ENSG00000144481,TRPM8,102150,0.1779252110977081,0.8970647366304785,0.5186972255729795,0.18194611982308,0.44370727784479297,0.757316,0.384952,gene-driven,gene-driven
ENSG00000144535,DIS3L2,383106,0.027141133896260553,0.27141133896260555,0.25713711298753517,0.029151588258946523,0.14610977080820264,0.186476,0.214515,neutral,neutral
ENSG00000144550,CPNE9,26083,0.5414153598713309,0.7555287494973865,0.8950542822677925,0.5460394049055086,0.6842782468837958,0.657835,0.396512,gene-driven (relaxed),neutral
ENSG00000144560,VGLL4,215282,0.06614394853236831,0.3528347406513872,0.649577804583836,0.07036590269400884,0.284519501407318,0.185048,0.299608,neutral,neutral
ENSG00000144583,MARCHF4,114619,0.1533976678729393,0.9207880981101729,0.7181342983514274,0.1578206674708484,0.4873140329714516,0.513259,0.431293,neutral,neutral
ENSG00000144597,EAF1,23038,0.5753920386007237,0.07378367511057499,0.912746280659429,0.5796139927623642,0.535172899075191,0.535042,0.228187,neutral,neutral
ENSG00000144619,CNTN4,959147,0.981503819863289,0.6513872135102533,0.3120225170888621,0.003216726980297547,0.535946924004825,0.314639,0.648261,dual-driven,dual-driven
ENSG00000144642,RBMS3,1435601,0.0004020908725371934,0.4680337756332931,0.782669883393647,0.0006031363088057901,0.3129171692802573,0.170064,0.362334,regulation-driven,neutral
ENSG00000144644,GADL1,168465,0.09047044632086852,0.7498994772818657,0.47828709288299154,0.09469240048250904,0.35312625653397667,0.293637,0.357057,neutral,neutral
ENSG00000144647,POMGNT2,26857,0.5337756332931243,0.4804985926819461,0.015480498592681946,0.5381986328910334,0.391767189384801,0.167752,0.122085,neutral,regulation-driven
ENSG00000144655,CSRNP1,12708,0.7305991154000804,0.3703256936067551,0.21552070767993567,0.7358262967430639,0.5128065942903096,0.793345,0.138168,gene-driven,gene-driven
ENSG00000144677,CTDSPL,122590,0.1391234418978689,0.34197828709288297,0.8071974266184158,0.14314435062324085,0.35765983112183347,0.314043,0.308353,neutral,neutral
ENSG00000144681,STAC,167505,0.0914756735022115,0.4549658222758343,0.5516686771210294,0.09569762766385204,0.2982408524326498,0.349889,0.297648,neutral,neutral
ENSG00000144712,CAND2,38333,0.4244069159630076,0.7102935263369522,0.6431443506232408,0.4286288701246482,0.5514073180538801,0.133434,0.338309,regulation-driven,regulation-driven
ENSG00000144724,PTPRG,736041,0.006433453960595094,0.41656614394853236,0.4857257740249296,0.007639726578206675,0.22903096099718534,0.126468,0.318657,regulation-driven,neutral
ENSG00000144744,UBA3,25679,0.5468435866505831,0.021712907117008445,0.9601930036188179,0.5512665862484921,0.5197828709288299,0.739355,0.236279,gene-driven,gene-driven
ENSG00000144746,ARL6IP5,21156,0.5995174909529554,0.3098110172899075,0.9183755528749498,0.6035383996783273,0.6076095697627664,0.558042,0.287093,neutral,neutral
ENSG00000144747,TMF1,32513,0.47687977482911137,0.29593888218737435,0.6636509851226378,0.4809006835544833,0.4791415359871331,0.112163,0.234369,neutral,regulation-driven
ENSG00000144771,LRTM1,48858,0.35564937675914754,0.9887414555689585,0.26960193003618815,0.3592681946119823,0.4931342983514274,0.466134,0.32876,neutral,neutral
ENSG00000144791,LIMD1,130948,0.1272617611580217,0.3900281463610776,0.244270205066345,0.13108162444712504,0.2229694410936872,0.450658,0.207831,gene-driven,gene-driven
ENSG00000144810,COL8A1,160752,0.09670285484519502,0.8703256936067552,0.13208685162846803,0.10072376357056695,0.2997587454764777,0.781646,0.29609,gene-driven,gene-driven
ENSG00000144820,ADGRG7,85879,0.21129875351829513,0.9410936871733012,0.025934861278648975,0.21491757137112988,0.34813027744270203,0.18455,0.25769,neutral,regulation-driven
ENSG00000144821,MYH15,148955,0.10735826296743065,0.6109770808202654,0.13731403297145156,0.11178126256533977,0.24163650985122637,0.119501,0.23452,neutral,neutral
ENSG00000144827,ABHD10,14359,0.7002412545235223,0.36147969441093686,0.7072778447929232,0.7050663449939686,0.6182750301568154,0.428217,0.232308,neutral,regulation-driven
ENSG00000144837,PLA1A,31937,0.48391636509851227,0.65902694008846,0.364897466827503,0.4877362283876156,0.49870325693606754,0.236409,0.259449,neutral,regulation-driven
ENSG00000144847,IGSF11,245512,0.05388017691998392,0.7673904302372336,0.5826296743063932,0.057096903900281465,0.36508845999195816,0.409407,0.39048,neutral,neutral
ENSG00000144848,ATG3,29537,0.5052271813429835,0.4101326899879373,0.9559710494571774,0.5090470446320868,0.5949034981905911,0.418024,0.334841,neutral,regulation-driven
ENSG00000144891,AGTR1,45225,0.3791716928025734,0.5530759951749096,0.008644953759549658,0.3831926015279453,0.3308202653799759,0.703492,0.139877,gene-driven,gene-driven
ENSG00000145014,TMEM44,46017,0.3725371934057097,0.3498190591073583,0.10012062726176116,0.37655810213108165,0.2995577000402091,0.404292,0.13269,gene-driven,neutral
ENSG00000145029,NICN1,6994,0.8478086047446723,0.1652593486127865,0.6666666666666666,0.853437876960193,0.6330116606353036,0.433776,0.1538,neutral,regulation-driven
ENSG00000145041,DCAF1,104149,0.17249698431845598,0.6437474869320466,0.8492159227985525,0.1767189384800965,0.46033373542420586,0.108947,0.388319,regulation-driven,regulation-driven
ENSG00000145192,AHSG,8259,0.8192601527945316,0.9555689585846401,0.16586248492159228,0.8246883795737837,0.6910735826296743,0.456886,0.27307,neutral,regulation-driven
ENSG00000145194,ECE2,17021,0.6566143948532368,0.8156413349416968,0.6875753920386007,0.6612384398874146,0.7050361881785283,0.439424,0.347708,neutral,dual-driven
ENSG00000145198,VWA5B2,12745,0.7295938882187374,0.7989545637314033,0.24547647768395658,0.734821069561721,0.6269501407318054,0.222558,0.25186,neutral,neutral
ENSG00000145220,LYAR,22454,0.582227583433856,0.6845597104945718,0.380377965420185,0.5864495375954966,0.5581926015279453,0.440762,0.2596,neutral,neutral
ENSG00000145241,CENPC,76742,0.23984720546843585,0.2917169280257338,0.024728588661037394,0.24306393244873342,0.19967832730197024,0.715793,0.099618,gene-driven,gene-driven
ENSG00000145248,SLC10A4,6184,0.8655006031363088,0.7726176115802171,0.6306795335745878,0.8709288299155609,0.7846602332127061,0.509007,0.294481,neutral,regulation-driven
ENSG00000145283,SLC10A6,25917,0.5442299959790913,0.6859670285484519,0.2860876558102131,0.548854041013269,0.5160534780860475,0.458293,0.247336,neutral,neutral
ENSG00000145284,SCD5,169258,0.08986731001206273,0.6618415761962203,0.4256131885806192,0.989545637314033,0.4967330116606353,0.440028,0.523854,neutral,neutral
ENSG00000145287,PLAC8,77583,0.2372336147969441,0.7299959790912747,0.1033373542420587,0.24045034177724164,0.32759348612786493,0.542843,0.239646,neutral,neutral
ENSG00000145293,ENOPH1,30588,0.4947728186570165,0.33795737836751105,0.8339364696421391,0.49839163650985124,0.5410836349014877,0.519099,0.279051,neutral,neutral
ENSG00000145332,KLHL8,80212,0.23039806996381182,0.28307197426618413,0.7549256131885806,0.23341375150784077,0.3753015681544029,0.149749,0.273824,neutral,regulation-driven
ENSG00000145354,CISD2,23834,0.5645355850422196,0.04784881383192602,0.9252110977080821,0.5685564937675914,0.5263369521511861,0.504262,0.226729,neutral,neutral
ENSG00000145358,DDIT4L,4913,0.9995979091274628,0.8486127864897467,0.5158825894652191,0.9034981905910736,0.8217028548451951,0.661103,0.589807,neutral,dual-driven
ENSG00000145384,FABP2,4889,0.8980699638118215,0.9372738238841978,0.719340570969039,0.9041013268998793,0.8643948532368315,0.612535,0.352583,neutral,regulation-driven
ENSG00000145386,CCNA2,7440,0.8357458785685565,0.402291917973462,0.6759147567350221,0.8413751507840772,0.6885504624045033,0.562776,0.216677,neutral,neutral
ENSG00000145390,USP53,82932,0.22094893445918778,0.6839565741857659,0.2804583835946924,0.9899477281865702,0.505377965420185,0.136279,0.474125,regulation-driven,regulation-driven
ENSG00000145391,SETD7,110759,0.15902694008846,0.25392038600723765,0.7436670687575392,0.1636509851226377,0.3298351427422598,0.299678,0.274879,neutral,neutral
ENSG00000145414,NAF1,56818,0.3108162444712505,0.15400080418174508,0.12424607961399277,0.31423401688781666,0.22565339766787296,0.333635,0.095647,neutral,neutral
ENSG00000145416,MARCHF1,859753,0.0036188178528347406,0.5273421793325291,0.10132689987937274,0.005026135906714918,0.15925814234016888,0.342511,0.254373,neutral,gene-driven
ENSG00000145423,SFRP2,8493,0.8128266988339364,0.4883393646964214,0.9270205066344994,0.8178528347406514,0.7612585444310415,0.551096,0.308554,neutral,regulation-driven
ENSG00000145428,RNF175,49865,0.3506232408524326,0.6119823080016084,0.3743466023321271,0.35424205870526737,0.42261761158021716,0.829634,0.26352,gene-driven,gene-driven
ENSG00000145439,CBR4,146506,0.1097708082026538,0.11962203457981503,0.453156413349417,0.11419380780056293,0.19896461600321672,0.46351,0.1923,neutral,neutral
ENSG00000145451,GLRA3,192328,0.07619622034579815,0.7750301568154403,0.7792521109770808,0.9883393646964214,0.609097305991154,0.265913,0.616194,regulation-driven,regulation-driven
ENSG00000145476,CYP4V2,21897,0.5898673100120627,0.3289103337354242,0.5731805388017692,0.5938882187374347,0.5212605548854041,0.323382,0.209439,neutral,regulation-driven
ENSG00000145494,NDUFS6,14642,0.6946119823080016,0.06312826698833937,0.626658624849216,0.6994370727784479,0.520717732207479,0.504584,0.141385,neutral,neutral
ENSG00000145506,NKD2,30142,0.5002010454362686,0.758745476477684,0.12545235223160434,0.504020908725372,0.4719139525532771,0.217421,0.233514,neutral,regulation-driven
ENSG00000145526,CDH18,1104578,0.002010454362685967,0.8739445114595898,0.3279051065540812,0.002613590671491757,0.3015882589465219,0.735506,0.404101,gene-driven,gene-driven
ENSG00000145536,ADAMTS16,179975,0.08262967430639324,0.8910333735424206,0.30418174507438683,0.9901487736228387,0.5216224366706876,0.109349,0.550261,regulation-driven,regulation-driven
ENSG00000145545,SRD5A1,43250,0.39304382790510656,0.4813027744270205,0.24045034177724164,0.39726578206674706,0.37780458383594695,0.813631,0.198181,gene-driven,gene-driven
ENSG00000145569,OTULINL,34389,0.4583835946924005,0.5880579010856454,0.40952955367913146,0.4622034579815038,0.4793526336952151,0.502081,0.253569,neutral,neutral
ENSG00000145604,SKP2,44861,0.38098110172899075,0.11620426216324889,0.34921592279855246,0.38500201045436266,0.3076497788500201,0.814455,0.130277,gene-driven,gene-driven
ENSG00000145632,PLK2,6158,0.8663047848813832,0.5046240450341777,0.6688781664656213,0.8717330116606353,0.7276135906714918,0.719933,0.234821,gene-driven,neutral
ENSG00000145642,SHISAL2B,27749,0.5227181342983515,0.8383594692400482,0.41757137112987536,0.5267390430237233,0.576145958986731,0.723394,0.310515,gene-driven,neutral
ENSG00000145649,GZMA,7607,0.8335343787696019,0.7529151588258947,0.2505026135906715,0.8391636509851227,0.6687474869320467,0.794299,0.232107,gene-driven,neutral
ENSG00000145685,LHFPL2,284807,0.04443104141535987,0.21531966224366708,0.6089666264575794,0.04744672295938882,0.22889022919179736,0.750278,0.263822,gene-driven,gene-driven
ENSG00000145692,BHMT,20480,0.6077603538399678,0.8992762364294331,0.9258142340168878,0.6117812625653397,0.7609569762766385,0.199769,0.435464,regulation-driven,regulation-driven
ENSG00000145700,ANKRD31,168637,0.09026940088459992,0.9071170084439083,0.009650180940892641,0.09449135504624046,0.2751708886208283,0.726859,0.246381,gene-driven,gene-driven
ENSG00000145708,CRHBP,28114,0.5190993164455167,0.715319662243667,0.6037394451145959,0.5231202251708886,0.5901186168073985,0.639437,0.318858,gene-driven,neutral
ENSG00000145723,GIN1,34139,0.46039404905508646,0.0858464012866908,0.28468033775633295,0.4642139123441898,0.32359268194611984,0.30955,0.102081,neutral,neutral
ENSG00000145736,GTF2H2,32674,0.4752714113389626,0.303578608765581,0.8353437876960192,0.47929232006433453,0.5231704865299558,0.31345,0.272718,neutral,regulation-driven
ENSG00000145757,SPATA9,46531,0.3681141938078006,0.8930438279051065,0.08946521913952553,0.3721351025331725,0.4304885404101327,0.826508,0.262967,gene-driven,gene-driven
ENSG00000145780,FEM1C,23868,0.5641334941696824,0.09047044632086852,0.9284278246883796,0.5681544028950543,0.5375954965822276,0.357258,0.238591,neutral,regulation-driven
ENSG00000145781,COMMD10,327747,0.03558504221954162,0.08343385605146764,0.30619219943707277,0.03779654201849618,0.11564133494169683,0.42509,0.176015,neutral,neutral
ENSG00000145794,MEGF10,174942,0.08604744672295939,0.7545235223160435,0.6789304382790511,0.09006835544833132,0.4021913952553277,0.188068,0.398573,neutral,neutral
ENSG00000145824,CXCL14,8601,0.8106151990349819,0.61318858061922,0.9292320064334539,0.8156413349416968,0.7919179734620024,0.598331,0.341526,neutral,regulation-driven
ENSG00000145826,LECT2,32705,0.47486932046642544,0.9485323683152392,0.17390430237233614,0.47889022919179736,0.5188480096501809,0.547743,0.290008,gene-driven,neutral
ENSG00000145832,SLC25A48,412858,0.022718134298351428,0.9728588661037394,0.31342983514274225,0.024527543224768796,0.3332931242460796,0.200945,0.392541,regulation-driven,neutral
ENSG00000145839,IL9,3596,0.9284278246883796,0.9201849618013671,0.19883393646964215,0.9346602332127061,0.7452151186168076,0.631172,0.256785,neutral,neutral
ENSG00000145850,TIMD4,43935,0.38600723763570566,0.9575794129473261,0.026537997587454766,0.3900281463610776,0.4398371531966224,0.388088,0.252211,neutral,neutral
ENSG00000145860,RNF145,52645,0.9921592279855247,0.3476075593084037,0.9123441897868918,0.33856051467631687,0.6803478086047448,0.144351,0.614435,regulation-driven,regulation-driven
ENSG00000145861,C1QTNF2,22888,0.5778045838359469,0.6347004422999598,0.7380377965420185,0.5820265379975874,0.6329312424607961,0.549042,0.323985,gene-driven,neutral
ENSG00000145863,GABRA6,155531,0.10012062726176116,0.9439083232810616,0.617611580217129,0.10474467229593888,0.4413650985122638,0.313681,0.422246,neutral,neutral
ENSG00000145868,FBXO38,58902,0.302573381584238,0.0609167671893848,0.7591475673502212,0.30619219943707277,0.3570265379975875,0.114556,0.210444,neutral,regulation-driven
ENSG00000145879,SPINK7,3504,0.9302372336147969,0.9284278246883796,0.44189786891837557,0.9364696421391234,0.8089465219139524,0.67216,0.293024,gene-driven,neutral
ENSG00000145882,PCYOX1L,11617,0.7503015681544029,0.2868918375552875,0.7915158825894653,0.7555287494973865,0.6457981503819864,0.280137,0.226528,neutral,regulation-driven
ENSG00000145888,GLRA1,102339,0.17712102935263369,0.5715721753116204,0.9119420989143546,0.18114193807800563,0.4602432649778849,0.55197,0.381484,gene-driven,neutral
ENSG00000145901,TNIP1,63633,0.28488138319260153,0.44129473260956975,0.38118214716525933,0.2882991556091677,0.34874346602332124,0.336646,0.23085,neutral,neutral
ENSG00000145908,ZNF300,10592,0.7716123843988741,0.4079211901889827,0.09589867310012062,0.7768395657418576,0.5128065942903096,0.610002,0.121381,gene-driven,neutral
ENSG00000145911,N4BP3,12550,0.733815842380378,0.4732609569762766,0.1646562123039807,0.7388419782870929,0.5273924406915963,0.496381,0.153548,neutral,neutral
ENSG00000145936,KCNMB1,14964,0.6885806192199437,0.5705669481302774,0.4897466827503016,0.6936067551266586,0.6103739445114595,0.531444,0.240249,neutral,neutral
ENSG00000145949,MYLK4,106702,0.16686771210293527,0.4191797346200241,0.5148773622838761,0.1710896662645758,0.3177925211097708,0.37027,0.270155,neutral,neutral
ENSG00000145990,GFOD1,129833,0.1284680337756333,0.27784479292320063,0.9085243264977885,0.13208685162846803,0.3615500603136309,0.411027,0.311319,neutral,neutral
ENSG00000145996,CDKAL1,697948,0.9819059107358263,0.11942098914354644,0.4451145958986731,0.008443908323281062,0.437394451145959,0.303267,0.534369,regulation-driven,neutral
ENSG00000146007,ZMAT2,8007,0.8248894250100522,0.024527543224768796,0.9973864093285082,0.8303176517893044,0.6690088459991959,0.685027,0.249548,gene-driven,neutral
ENSG00000146013,GFRA3,22242,0.5858464012866907,0.8188580619219944,0.1710896662645758,0.5900683554483314,0.5412545235223161,0.432319,0.253016,gene-driven,neutral
ENSG00000146039,SLC17A4,26501,0.5381986328910334,0.8073984720546844,0.13711298753518295,0.5430237233614797,0.5061921994370727,0.369069,0.244873,neutral,neutral
ENSG00000146047,H2BC1,569,0.9796944109368717,0.8982710092480901,0.3047848813831926,0.9859268194611982,0.7918576598311218,0.644109,0.247286,neutral,neutral
ENSG00000146054,TRIM7,11370,0.755729794933655,0.5802171290711701,0.21129875351829513,0.7609569762766385,0.5767893043827905,0.311279,0.187626,neutral,regulation-driven
ENSG00000146066,HIGD2A,1011,0.9772818657016485,0.011861680739847206,0.6968234821069562,0.983514274225975,0.6670587052673904,0.634509,0.066496,neutral,neutral
ENSG00000146070,PLA2G7,31493,0.4877362283876156,0.706875753920386,0.3771612384398874,0.49155609167671893,0.5156413349416968,0.34815,0.273623,neutral,regulation-driven
ENSG00000146072,TNFRSF21,78374,0.23562525130679535,0.3158423803779654,0.5512665862484921,0.2388419782870929,0.3352332127060716,0.19801,0.242913,neutral,neutral
ENSG00000146085,MMUT,32894,0.4732609569762766,0.1344993968636912,0.8974668275030157,0.4772818657016486,0.4954262163248894,0.237937,0.247889,neutral,regulation-driven
ENSG00000146090,RASGEF1C,108417,0.16324889425010053,0.8017691998391636,0.6654603940490551,0.16767189384800965,0.44931644551668676,0.524033,0.39224,neutral,neutral
ENSG00000146094,DOK3,9371,0.7937273823884198,0.7933252915158826,0.2121029352633695,0.7985524728588661,0.6491857659831122,0.752631,0.237937,gene-driven,neutral
ENSG00000146109,ABT1,3787,0.9225975070365903,0.1037394451145959,0.4014877362283876,0.9288299155609168,0.5888520305589063,0.572216,0.077201,neutral,neutral
ENSG00000146112,PPP1R18,11507,0.7525130679533575,0.5713711298753519,0.14334539605950944,0.757740249296341,0.5559811017289907,0.241878,0.173653,neutral,regulation-driven
ENSG00000146122,DAAM2,112580,0.15721753116204262,0.4024929634097306,0.7677925211097708,0.16184157619622033,0.37210494571773217,0.109741,0.316094,regulation-driven,regulation-driven
ENSG00000146151,HMGCLL1,144825,0.11137917169280258,0.6453558504221955,0.6011258544431042,0.1158021712907117,0.368194611982308,0.285726,0.350724,neutral,neutral
ENSG00000146192,FGD2,23654,0.5671491757137113,0.7794531564133494,0.486529955770004,0.5711700844390832,0.6008745476477684,0.33458,0.306846,neutral,regulation-driven
ENSG00000146197,SCUBE3,39124,0.41877764374748694,0.770205066344994,0.8049859268194612,0.42299959790912744,0.6040309609971852,0.162626,0.385856,regulation-driven,regulation-driven
ENSG00000146205,ANO7,37468,0.4314435062324085,0.8912344189786892,0.13470044229995978,0.4356654603940491,0.4730498592681946,0.185384,0.271462,neutral,regulation-driven
ENSG00000146216,TTBK1,44778,0.38158423803779656,0.8373542420587052,0.513470044229996,0.3856051467631685,0.529302372336148,0.128347,0.34429,regulation-driven,regulation-driven
ENSG00000146221,TCTE1,18965,0.6282669883393647,0.9416968234821069,0.362887012464817,0.6324889425010052,0.6411238439887414,0.381011,0.314234,neutral,regulation-driven
ENSG00000146232,NFKBIE,7623,0.8331322878970647,0.5442299959790913,0.5361881785283474,0.8387615601125854,0.6877965420184962,0.399005,0.22492,neutral,regulation-driven
ENSG00000146233,CYP39A1,103251,0.17490952955367914,0.4624045034177724,0.15058303176517893,0.17913148371531967,0.24154603940490554,0.256604,0.192953,neutral,neutral
ENSG00000146263,MMS22L,141057,0.11419380780056293,0.525934861278649,0.2189384800965018,0.11821471652593486,0.24411942098914352,0.186352,0.236832,neutral,neutral
ENSG00000146267,FAXC,78895,0.23361479694410936,0.5297547245677523,0.8988741455568958,0.23683152392440693,0.47460796139927625,0.412636,0.365953,neutral,neutral
ENSG00000146282,,76570,0.24085243264977885,0.06332931242460796,0.4957780458383595,0.2440691596300764,0.2608464012866908,0.714788,0.166164,gene-driven,gene-driven
ENSG00000146352,CLVS2,76691,0.24024929634097306,0.7245677523120225,0.9700442299959791,0.2434660233212706,0.5444209891435464,0.498874,0.426719,neutral,neutral
ENSG00000146373,RNF217,130197,0.1278648974668275,0.2752312022517089,0.30719742661841576,0.13148371531966224,0.21026336952151187,0.513844,0.195617,gene-driven,gene-driven
ENSG00000146374,RSPO3,80811,0.22858866103739445,0.6807398472054684,0.6843586650583032,0.2316043425814234,0.4561720948934459,0.431926,0.360022,neutral,neutral
ENSG00000146376,ARHGAP18,134046,0.12364294330518698,0.44431041415359873,0.36449537595496584,0.12746280659429032,0.2647868918375553,0.190822,0.249749,neutral,neutral
ENSG00000146386,ABRACL,14558,0.6960193003618818,0.49638118214716526,0.9589867310012062,0.7008443908323281,0.712816646562123,0.541526,0.343737,neutral,regulation-driven
ENSG00000146411,SLC2A12,65044,0.2788500201045436,0.5375954965822276,0.4131483715319662,0.2822677925211098,0.3777945315641335,0.235213,0.262867,neutral,neutral
ENSG00000146433,TMEM181,98998,0.18375552874949738,0.27844792923200645,0.7012464817048653,0.1875753920386007,0.33756533976678726,0.348784,0.268747,neutral,neutral
ENSG00000146453,PNLDC1,20456,0.6087655810213108,0.906312826698834,0.41133896260554886,0.6127864897466827,0.6345999195818255,0.384131,0.317652,neutral,dual-driven
ENSG00000146457,WTAP,30735,0.4941696823482107,0.01889827100924809,0.9746682750301568,0.4977885002010454,0.4962002412545235,0.306504,0.245627,neutral,regulation-driven
ENSG00000146476,ARMT1,17844,0.6453558504221955,0.1769199839163651,0.6801367108966626,0.649577804583836,0.5377864897466827,0.324849,0.187274,neutral,regulation-driven
ENSG00000146477,SLC22A3,104200,0.17229593888218736,0.6540008041817451,0.3208685162846803,0.1765178930438279,0.3307096903900282,0.338269,0.284731,neutral,neutral
ENSG00000146535,GNA12,148965,0.10715721753116204,0.2513067953357459,0.7303980699638118,0.11158021712907117,0.2998894250100523,0.282951,0.278749,neutral,neutral
ENSG00000146574,CCZ1B,32637,0.4758745476477684,0.022316043425814235,0.9290309609971854,0.47989545637314035,0.47657820667470846,0.482106,0.228488,gene-driven,neutral
ENSG00000146587,RBAK,23667,0.5669481302774427,0.025733815842380377,0.11962203457981503,0.5709690390028146,0.3206172094893446,0.185625,0.042672,neutral,neutral
ENSG00000146674,IGFBP3,9630,0.7889022919179735,0.41556091676718937,0.5788098110172899,0.7937273823884198,0.6440088459991958,0.456451,0.205921,gene-driven,dual-driven
ENSG00000146700,SSC4D,20364,0.610172899075191,0.5526739043023723,0.3976678729392843,0.6141938078005629,0.5434760755930841,0.472356,0.227583,neutral,neutral
ENSG00000146701,MDH2,19458,0.6232408524326498,0.4234016887816647,0.9563731403297145,0.6272617611580217,0.6573683152392441,0.397537,0.329363,neutral,regulation-driven
ENSG00000146731,CCT6A,12305,0.7390430237233615,0.004422999597909127,0.9380780056292722,0.744270205066345,0.6061921994370728,0.262726,0.202201,neutral,regulation-driven
ENSG00000146755,TRIM50,15547,0.6797346200241254,0.8321270607157217,0.23602734217933252,0.6847607559308404,0.6079111379171693,0.729177,0.263319,gene-driven,neutral
ENSG00000146828,SLC12A9,40191,0.4129473260956976,0.4674306393244873,0.42963409730599117,0.41696823482106954,0.43154402895054284,0.15576,0.23271,neutral,regulation-driven
ENSG00000146830,GIGYF1,14744,0.6926015279453156,0.19219943707277845,0.2905106554081222,0.6974266184157619,0.46794330518697225,0.79617,0.111379,gene-driven,gene-driven
ENSG00000146834,MEPCE,5805,0.8749497386409328,0.4672295938882187,0.26015279453156415,0.8805790108564535,0.6204463208685163,0.21931,0.154302,neutral,regulation-driven
ENSG00000146842,TMEM209,43058,0.3948532368315239,0.3168476075593084,0.8232810615199035,0.39907519099316446,0.48330317651789306,0.199291,0.280257,neutral,neutral
ENSG00000146857,STRA8,26685,0.9953759549658223,0.8845999195818255,0.1700844390832328,0.5410132689987938,0.6704865299557702,0.452206,0.571462,neutral,dual-driven
ENSG00000146858,ZC3HAV1L,10337,0.7746280659429031,0.3506232408524326,0.13771612384398874,0.7798552472858866,0.5104443104141536,0.55184,0.114998,neutral,neutral
ENSG00000146904,EPHA1,18568,0.6338962605548853,0.6654603940490551,0.47989545637314035,0.638118214716526,0.6041314837153197,0.236409,0.269099,neutral,regulation-driven
ENSG00000146910,CNPY1,81245,0.22758343385605148,0.9965822275834338,0.231805388017692,0.9975874547647768,0.5748894250100522,0.374759,0.54039,regulation-driven,regulation-driven
ENSG00000146926,ASB10,12135,0.7434660233212707,0.9069159630076398,0.45355850422195415,0.7486932046642542,0.7128970647366305,0.187515,0.313078,neutral,regulation-driven
ENSG00000146955,RAB19,23917,0.5639324487334137,0.6708886208283072,0.7748291113791717,0.5679533574587857,0.644199839163651,0.826822,0.339817,gene-driven,gene-driven
ENSG00000146963,LUC7L2,83099,0.2199437072778448,0.22677925211097708,0.8307197426618416,0.22336147969441095,0.3750301568154403,0.687681,0.275432,gene-driven,gene-driven
ENSG00000147324,MFHAS1,110277,0.15983112183353437,0.21612384398874146,0.4877362283876156,0.1644551668677121,0.256805388017692,0.139918,0.214616,neutral,neutral
ENSG00000147416,ATP6V1B2,33019,0.47205468435866504,0.25110574989947726,0.9575794129473261,0.4758745476477684,0.538962605548854,0.811138,0.298,gene-driven,gene-driven
ENSG00000147419,CCDC25,39338,0.41696823482106954,0.14254121431443506,0.8011660635303579,0.4211901889827101,0.4452553277040611,0.453739,0.228086,neutral,neutral
ENSG00000147434,CHRNA6,43773,0.3874145556895858,0.7490952955367913,0.47929232006433453,0.3916365098512264,0.5016485725774025,0.328518,0.3174,neutral,regulation-driven
ENSG00000147439,BIN3,48731,0.35645355850422195,0.11318858061921995,0.9103337354242059,0.3602734217933253,0.43487133092078817,0.446869,0.254021,gene-driven,neutral
ENSG00000147443,DOK2,4818,0.8998793727382388,0.6942098914354644,0.3375552874949739,0.9059107358262968,0.7090872537193406,0.402362,0.221552,neutral,regulation-driven
ENSG00000147454,SLC25A37,46508,0.36871733011660635,0.7593486127864898,0.7937273823884198,0.37273823884197826,0.5734318455971049,0.440058,0.385605,neutral,neutral
ENSG00000147475,ERLIN2,21822,0.5908725371934057,0.11419380780056293,0.9232006433453961,0.5948934459187777,0.555589063128267,0.540839,0.24045,gene-driven,neutral
ENSG00000147509,RGS20,107509,0.1652593486127865,0.8932448733413751,0.5709690390028146,0.9967832730197025,0.6149879372738238,0.352543,0.593908,regulation-driven,regulation-driven
ENSG00000147533,GOLGA7,22896,0.5776035383996784,0.07157217531162043,0.9724567752312022,0.5818254925613189,0.5506533976678729,0.561811,0.254272,gene-driven,neutral
ENSG00000147536,GINS4,15813,0.6753116204262163,0.6069561720948935,0.9069159630076398,0.6803377563329313,0.7171290711700844,0.66475,0.349417,gene-driven,neutral
ENSG00000147571,CRH,2089,0.960595094491355,0.7812625653397668,0.1574185765983112,0.9668275030156815,0.7162143144350622,0.627905,0.204815,neutral,neutral
ENSG00000147573,TRIM55,48590,0.35826296743063935,0.7669883393646965,0.5938882187374347,0.3620828307197427,0.5201145958986731,0.169411,0.347859,regulation-driven,regulation-driven
ENSG00000147576,ADHFE1,36416,0.4398874145556896,0.3120225170888621,0.866907921190189,0.4439083232810615,0.515480498592682,0.249326,0.285736,neutral,regulation-driven
ENSG00000147588,PMP2,7114,0.8441897868918375,0.8856051467631685,0.7177322074788902,0.9991958182549256,0.8539304382790511,0.579524,0.546844,neutral,regulation-driven
ENSG00000147592,LACTB2,33868,0.4632086851628468,0.5064334539605951,0.6552070767993566,0.4672295938882187,0.5228186570164857,0.365702,0.286641,neutral,regulation-driven
ENSG00000147613,PSKH2,41513,0.40470446320868514,0.8624849215922799,0.39324487334137515,0.4087253719340571,0.5170888620828307,0.572497,0.323281,neutral,neutral
ENSG00000147647,DPYS,136732,0.12022517088862082,0.9398874145556896,0.5617209489344592,0.12404503417772417,0.4362786489746683,0.32108,0.407218,neutral,neutral
ENSG00000147655,RSPO2,184327,0.0800160836349015,0.6087655810213108,0.7167269802975472,0.08423803779654201,0.3722255729794934,0.55903,0.36927,gene-driven,gene-driven
ENSG00000147676,MAL2,80640,0.22919179734620024,0.6133896260554885,0.3415761962203458,0.2322074788902292,0.3539404905508645,0.470657,0.271763,neutral,neutral
ENSG00000147684,NDUFB9,41548,0.4039002814636108,0.40450341777241655,0.8009650180940893,0.4079211901889827,0.5041214314435062,0.375804,0.295336,neutral,neutral
ENSG00000147689,FAM83A,31120,0.49095295536791317,0.9680337756332931,0.37494973864093284,0.4947728186570165,0.5819863289103338,0.798311,0.332278,gene-driven,gene-driven
ENSG00000147789,ZNF7,19992,0.6137917169280257,0.0667470848411741,0.033172496984318456,0.6178126256533977,0.3326799356654604,0.698884,0.027895,gene-driven,gene-driven
ENSG00000147799,ARHGAP39,156668,0.09911540008041818,0.6873743466023321,0.391837555287495,0.1037394451145959,0.3202854845195014,0.136731,0.322879,regulation-driven,regulation-driven
ENSG00000147853,AK3,32488,0.47708082026537996,0.08182549256131885,0.6797346200241254,0.48110172899075193,0.42973462002412544,0.420617,0.184208,neutral,neutral
ENSG00000147869,CER1,3010,0.9402895054282268,0.5223160434258143,0.29010856453558503,0.9465219139525533,0.6744973864093284,0.587374,0.162394,neutral,neutral
ENSG00000147894,C9orf72,38227,0.42581423401688784,0.3813831926015279,0.9047044632086851,0.43003618817852834,0.5352734217933253,0.206132,0.314787,neutral,regulation-driven
ENSG00000147905,ZCCHC7,237576,0.057096903900281465,0.1463610776035384,0.04221954161640531,0.0607157217531162,0.0764173703256936,0.272195,0.094592,neutral,neutral
ENSG00000147912,FBXO10,65489,0.27744270205066346,0.5048250904704463,0.48391636509851227,0.2808604744672296,0.38659026940088465,0.17886,0.268597,neutral,regulation-driven
ENSG00000147955,SIGMAR1,3123,0.9382790510655408,0.16184157619622033,0.7935263369521511,0.9445114595898673,0.7092279855247285,0.580042,0.154704,gene-driven,neutral
ENSG00000148019,,43629,0.38882187374346605,0.379372738238842,0.33896260554885405,0.39304382790510656,0.37483916365098513,0.102724,0.193205,neutral,regulation-driven
ENSG00000148082,SHC3,173048,0.08685162846803378,0.5804181745074387,0.4563731403297145,0.09107358262967431,0.3034680337756333,0.322075,0.312374,neutral,neutral
ENSG00000148090,AUH,148104,0.10876558102131081,0.35022114997989545,0.33695215118616806,0.11318858061921995,0.2270607157217531,0.331152,0.223512,neutral,neutral
ENSG00000148110,MFSD14B,86474,0.20908725371934056,0.09931644551668677,0.6614394853236831,0.2127060715721753,0.29545637314032974,0.323603,0.212002,neutral,neutral
ENSG00000148123,PLPPR1,296409,0.04101326899879373,0.8365500603136309,0.721351025331725,0.04382790510655408,0.4105448331322879,0.390113,0.431896,neutral,neutral
ENSG00000148153,INIP,34224,0.45878568556493765,0.05006031363088058,0.9254121431443506,0.46260554885404104,0.47402492963409726,0.645936,0.234972,gene-driven,gene-driven
ENSG00000148154,UGCG,38556,0.4223964616003217,0.26135906714917573,0.9778850020104544,0.4266184157619622,0.5218536389223964,0.451528,0.309962,neutral,neutral
ENSG00000148175,STOM,31318,0.4897466827503016,0.36650583031765177,0.8767591475673502,0.4935665460394049,0.556453558504222,0.450312,0.298452,neutral,neutral
ENSG00000148187,MRRF,66735,0.2728186570164857,0.10394049055086449,0.48411741053478086,0.2762364294330519,0.2841073582629674,0.614919,0.168778,gene-driven,gene-driven
ENSG00000148204,CRB2,24155,0.5617209489344592,0.6596300763972658,0.2669883393646964,0.5657418576598311,0.5133192601527945,0.118185,0.234922,neutral,regulation-driven
ENSG00000148218,ALAD,14979,0.6879774829111379,0.5456373140329714,0.8001608363490149,0.6930036188178529,0.6814435062324086,0.747402,0.302523,gene-driven,neutral
ENSG00000148225,,27077,0.5311620426216325,0.5132689987937273,0.4479292320064335,0.535383996783273,0.5067249698431845,0.445115,0.235625,neutral,neutral
ENSG00000148229,POLE3,3441,0.9316445516686771,0.0800160836349015,0.8576598311218335,0.9378769601930036,0.7014877362283876,0.562405,0.154554,neutral,neutral
ENSG00000148248,SURF4,14717,0.6930036188178529,0.012665862484921592,0.994973864093285,0.6978287092882992,0.5993767591475674,0.300271,0.247738,neutral,regulation-driven
ENSG00000148290,SURF1,4919,0.8970647366304785,0.007639726578206675,0.7316043425814234,0.9028950542822678,0.6345094491355046,0.582348,0.114194,gene-driven,neutral
ENSG00000148291,SURF2,4609,0.9049055086449538,0.6411338962605548,0.48210695617209487,0.9109368717330116,0.7344692400482509,0.368175,0.229343,neutral,regulation-driven
ENSG00000148296,SURF6,7413,0.8363490148773622,0.05629272215520708,0.3703256936067551,0.841978287092883,0.5259549658222759,0.253961,0.075392,neutral,regulation-driven
ENSG00000148308,GTF3C5,27829,0.5217129071170085,0.1716928025733816,0.7010454362685967,0.5257338158423803,0.4798451950140732,0.291014,0.205468,neutral,neutral
ENSG00000148331,ASB6,7566,0.8341375150784077,0.03558504221954162,0.6670687575392038,0.8397667872939284,0.5938580619219944,0.33655,0.122587,neutral,regulation-driven
ENSG00000148341,SH3GLB2,21296,0.5975070365902694,0.27080820265379973,0.8906312826698833,0.6015279453156414,0.5899175713711299,0.483517,0.267642,gene-driven,neutral
ENSG00000148344,PTGES,14712,0.6932046642541214,0.4766787293928428,0.7945315641334941,0.6980297547245677,0.6653699236027342,0.587173,0.28272,neutral,neutral
ENSG00000148346,LCN2,4383,0.9077201447527141,0.843988741455569,0.18375552874949738,0.913751507840772,0.7120024125452352,0.749156,0.23653,gene-driven,neutral
ENSG00000148384,INPP5E,11227,0.7583433856051468,0.2436670687575392,0.5868516284680337,0.7633695215118617,0.5878065942903097,0.272085,0.16918,neutral,regulation-driven
ENSG00000148411,NACC2,88753,0.20305589063128268,0.3100120627261761,0.608162444712505,0.2066747084841174,0.3317953357458786,0.279795,0.254272,neutral,neutral
ENSG00000148426,PROSER2,48939,0.35544833132287895,0.5227181342983515,0.12987535182951346,0.3590671491757137,0.3415963007639726,0.442189,0.187224,neutral,neutral
ENSG00000148429,USP6NL,151157,0.10474467229593888,0.43084036992360275,0.27261761158021713,0.1093687173301166,0.22916164053075996,0.112183,0.231152,neutral,neutral
ENSG00000148482,SLC39A12,91454,0.19702452754322478,0.9322476879774829,0.28166465621230397,0.20064334539605952,0.4027141133896261,0.145089,0.335243,neutral,neutral
ENSG00000148484,RSU1,226853,0.9859268194611982,0.4529553679131484,0.8839967832730197,0.06513872135102533,0.6430438279051065,0.675995,0.655901,neutral,neutral
ENSG00000148541,FAM13C,117052,0.14897466827503017,0.4577804583835947,0.2545235223160434,0.15319662243667068,0.2534077201447527,0.655837,0.224467,gene-driven,gene-driven
ENSG00000148584,A1CF,86267,0.20989143546441497,0.9360675512665863,0.8301166063530357,0.2137112987535183,0.5472557297949336,0.149226,0.447678,regulation-driven,regulation-driven
ENSG00000148602,LRIT1,10027,0.780659429030961,0.9628065942903096,0.5739847205468436,0.7858866103739445,0.7755729794933655,0.300402,0.348965,neutral,regulation-driven
ENSG00000148655,LRMDA,1128545,0.9809006835544833,0.5355850422195416,0.254724567752312,0.0018094089264173703,0.49220948934459186,0.485404,0.612977,neutral,neutral
ENSG00000148677,ANKRD1,8992,0.8017691998391636,0.9386811419380781,0.7008443908323281,0.8067953357458786,0.8117712102935263,0.438762,0.363088,neutral,regulation-driven
ENSG00000148680,HTR7,117217,0.14796944109368718,0.8480096501809409,0.5203055890631283,0.1521913952553277,0.416907921190189,0.330619,0.377161,neutral,neutral
ENSG00000148690,FRA10AC1,34710,0.45556895858464014,0.22376357056694812,0.6664656212303981,0.45938882187374347,0.45110574989947727,0.472029,0.218938,gene-driven,neutral
ENSG00000148700,ADD3,139198,0.11640530759951749,0.5253317249698432,0.607157217531162,0.12022517088862082,0.34208886208283074,0.123764,0.320667,regulation-driven,regulation-driven
ENSG00000148702,HABP2,38766,0.4215922798552473,0.9650180940892642,0.2822677925211098,0.42581423401688784,0.5234620024125453,0.198593,0.318305,neutral,regulation-driven
ENSG00000148704,VAX1,9781,0.7862887012464818,0.8502211499798955,0.5225170888620828,0.791113791716928,0.7372939284278247,0.481805,0.305941,neutral,regulation-driven
ENSG00000148730,EIF4EBP2,24474,0.5574989947728186,0.11479694410936872,0.8620828307197427,0.5615199034981906,0.5237736228387615,0.636339,0.223613,neutral,neutral
ENSG00000148734,NPFFR1,36676,0.4374748693204664,0.780659429030961,0.5667470848411741,0.44149577804583834,0.5563932448733413,0.375442,0.335696,neutral,regulation-driven
ENSG00000148795,CYP17A1,6942,0.849416968234821,0.9503417772416566,0.521913952553277,0.8550462404503418,0.793898271009248,0.2404,0.326297,neutral,regulation-driven
ENSG00000148798,INA,13209,0.721351025331725,0.8114193807800563,0.5162846803377563,0.726779252110977,0.693687173301166,0.430318,0.303177,neutral,regulation-driven
ENSG00000148803,FUOM,4074,0.9169682348210696,0.6276638520305589,0.29412947326095695,0.9229995979091274,0.6901387213510253,0.554906,0.194059,neutral,neutral
ENSG00000148832,PAOX,12434,0.7360273421793325,0.7689987937273823,0.3363490148773623,0.741254523522316,0.6453960595094491,0.337027,0.261057,neutral,dual-driven
ENSG00000148835,TAF5,21100,0.6001206272617612,0.5369923602734218,0.8870124648170487,0.604141535987133,0.6568657016485726,0.236007,0.332982,neutral,regulation-driven
ENSG00000148842,CNNM2,171929,0.08785685564937676,0.3222758343385605,0.8162444712505026,0.09207880981101729,0.3294028950542823,0.152332,0.312123,regulation-driven,regulation-driven
ENSG00000148848,ADAM12,376097,0.02814636107760354,0.7211499798954564,0.23039806996381182,0.030156815440289506,0.252362283876156,0.150875,0.316496,regulation-driven,neutral
ENSG00000148908,RGS10,42903,0.3956574185765983,0.41958182549256134,0.5621230398069964,0.39987937273823887,0.4440993164455167,0.431343,0.249799,neutral,neutral
ENSG00000148926,ADM,2325,0.9549658222758344,0.5199034981905911,0.29694410936871735,0.9611982308001609,0.6829412947326097,0.379322,0.157921,neutral,regulation-driven
ENSG00000148943,LIN7C,12352,0.7376357056694813,0.021109770808202654,0.9939686369119421,0.7428628870124648,0.6236328910333735,0.491064,0.247386,neutral,neutral
ENSG00000148965,SAA4,5448,0.8850020104543627,0.9348612786489746,0.23321270607157218,0.8906312826698833,0.7356453558504221,0.568848,0.270406,neutral,regulation-driven
ENSG00000148985,PGAP2,28648,0.5118616807398472,0.3602734217933253,0.6469642139123442,0.5156815440289505,0.5085042219541616,0.183404,0.241606,neutral,regulation-driven
ENSG00000149021,SCGB1A1,18093,0.6415359871330921,0.964616003216727,0.024527543224768796,0.6457579412947326,0.5688982710092482,0.724393,0.247738,gene-driven,gene-driven
ENSG00000149050,ZNF214,23262,0.5719742661841576,0.38158423803779656,0.0243264977885002,0.5761962203457982,0.3883092078809811,0.290983,0.106051,neutral,neutral
ENSG00000149089,APIP,63286,0.2862887012464817,0.010253317249698432,0.7848813831926015,0.28970647366304786,0.342611580217129,0.428619,0.204916,neutral,neutral
ENSG00000149091,,47650,0.36268596702854844,0.42400482509047044,0.7189384800965019,0.36650583031765177,0.467842782468838,0.709097,0.287947,gene-driven,gene-driven
ENSG00000149136,SSRP1,9907,0.78367511057499,0.09308403699236027,0.8691194209891435,0.7887012464817049,0.6333936469642139,0.720754,0.19426,gene-driven,neutral
ENSG00000149196,HIKESHI,43733,0.38781664656212306,0.16164053075995174,0.9318455971049457,0.39203860072376356,0.468124246079614,0.419341,0.270607,neutral,neutral
ENSG00000149218,ENDOD1,42800,0.3962605548854041,0.4857257740249296,0.13228789706473662,0.40048250904704463,0.3534780860474467,0.438038,0.174859,neutral,neutral
ENSG00000149243,KLHL35,10810,0.7677925211097708,0.7404503417772417,0.476075593084037,0.7730197024527543,0.6890731805388017,0.343647,0.27317,neutral,regulation-driven
ENSG00000149260,CAPN5,59195,0.3007639726578207,0.39284278246883797,0.6706875753920386,0.30418174507438683,0.41694813027744276,0.411467,0.27689,neutral,neutral
ENSG00000149289,ZC3H12C,78450,0.23522316043425814,0.43204664254121433,0.5112585444310415,0.23843988741455568,0.35408122235625256,0.125121,0.262917,neutral,regulation-driven
ENSG00000149300,C11orf52,8840,0.805589063128267,0.44229995979091274,0.1835544833132288,0.8106151990349819,0.5602633695215118,0.611098,0.143949,neutral,neutral
ENSG00000149313,AASDHPPT,23199,0.5725774024929634,0.17229593888218736,0.7251708886208283,0.5767993566546039,0.5114997989545638,0.317541,0.204916,neutral,regulation-driven
ENSG00000149380,P4HA3,75840,0.243264977885002,0.43506232408524326,0.41877764374748694,0.24648170486529955,0.33573582629674303,0.302805,0.242461,neutral,neutral
ENSG00000149403,GRIK4,477161,0.015078407720144753,0.6202251708886208,0.6582227583433856,0.016887816646562123,0.3275130679533575,0.106062,0.383293,regulation-driven,regulation-driven
ENSG00000149418,ST14,50581,0.3455971049457177,0.5637314032971451,0.35042219541616404,0.34901487736228387,0.40202050663449934,0.22889,0.247135,neutral,regulation-driven
ENSG00000149452,SLC22A8,26688,0.5361881785283474,0.981503819863289,0.23281061519903498,0.5408122235625251,0.5725975070365903,0.193893,0.312023,neutral,neutral
ENSG00000149476,TKFC,20076,0.6127864897466827,0.5514676316847608,0.6147969441093687,0.6168073984720547,0.5987635705669481,0.588671,0.271261,gene-driven,neutral
ENSG00000149483,TMEM138,15927,0.6731001206272618,0.2804583835946924,0.8309207880981102,0.6779252110977081,0.6153598713309208,0.298181,0.244823,neutral,regulation-driven
ENSG00000149485,FADS1,29692,0.5042219541616405,0.4404905508644954,0.487535182951347,0.5080418174507438,0.48488138319260154,0.175674,0.229594,neutral,regulation-driven
ENSG00000149503,INCENP,31477,0.4883393646964214,0.25512665862484923,0.15902694008846,0.49215922798552475,0.3484720546843587,0.165621,0.115752,neutral,regulation-driven
ENSG00000149516,MS4A3,14529,0.6966224366706876,0.8090068355448331,0.05126658624849216,0.7014475271411339,0.5643445918777644,0.497115,0.216727,neutral,neutral
ENSG00000149548,CCDC15,87369,0.20526739043023723,0.7852834740651388,0.017490952955367914,0.20888620828307197,0.30405106554081224,0.255574,0.21728,neutral,neutral
ENSG00000149571,KIRREL3,580103,0.01166063530357861,0.8518295134700442,0.5993164455166867,0.013268998793727383,0.36893848009650176,0.68886,0.430137,gene-driven,gene-driven
ENSG00000149573,MPZL2,11121,0.76075593084037,0.6692802573381584,0.4804985926819461,0.7657820667470848,0.6688279051065541,0.689294,0.256182,gene-driven,neutral
ENSG00000149575,SCN2B,13834,0.7100924809006836,0.8343385605146764,0.7396461600321673,0.7155207076799357,0.7496280659429032,0.643693,0.357409,gene-driven,neutral
ENSG00000149735,GPHA2,1423,0.973059911540008,0.744270205066345,0.535383996783273,0.9792923200643345,0.8076899879372738,0.574769,0.239546,neutral,regulation-driven
ENSG00000149761,NUDT22,4746,0.9016887816646562,0.11519903498190591,0.3956574185765983,0.9077201447527141,0.5797647768395657,0.341737,0.08454,neutral,regulation-driven
ENSG00000150045,KLRF1,17527,0.9961801367108967,0.7899075190993164,0.07076799356654603,0.6542018496180136,0.6448632891033373,0.431403,0.519642,neutral,regulation-driven
ENSG00000150201,FXYD4,4700,0.9026940088459992,0.9103337354242059,0.26739043023723363,0.9087253719340571,0.746984318455971,0.634097,0.266838,neutral,neutral
ENSG00000150316,CWC15,10967,0.7643747486932047,0.3116204262163249,0.9694410936871733,0.7696019300361882,0.7034981905910737,0.547959,0.298301,neutral,regulation-driven
ENSG00000150347,,195261,0.07579412947326096,0.31544028950542824,0.31986328910333733,0.08021712907117008,0.19760755930840368,0.104282,0.218888,neutral,neutral
ENSG00000150361,KLHL1,407900,0.02372336147969441,0.87535182951347,0.5462404503417773,0.025532770406111783,0.3676216324889425,0.265591,0.42114,regulation-driven,neutral
ENSG00000150455,TIRAP,16349,0.6670687575392038,0.1220345798150382,0.25392038600723765,0.6718938480096501,0.42848813831926014,0.285897,0.089968,neutral,neutral
ENSG00000150456,EEF1AKMT1,45231,0.37897064736630476,0.1578206674708484,0.5022114997989545,0.38299155609167673,0.3552975472456775,0.504996,0.17496,neutral,neutral
ENSG00000150510,FAM124A,61906,0.2903096099718536,0.4622034579815038,0.24748693204664254,0.29392842782468837,0.3233011660635304,0.19606,0.204111,neutral,neutral
ENSG00000150540,HNMT,52345,0.3361479694410937,0.3956574185765983,0.40329714515480497,0.3401688781664656,0.36861680739847213,0.370084,0.218034,neutral,neutral
ENSG00000150551,LYPD1,28294,0.5168878166465621,0.7997587454764777,0.7420587052673905,0.5207076799356655,0.6446622436670688,0.552181,0.370275,neutral,neutral
ENSG00000150556,LYPD6B,177156,0.0850422195416164,0.7798552472858866,0.15078407720144751,0.08906312826698834,0.27598512263771613,0.764135,0.282569,gene-driven,gene-driven
ENSG00000150593,PDCD4,28212,0.5178930438279051,0.4326497788500201,0.9113389626055488,0.521913952553277,0.5957478890229191,0.189435,0.322577,neutral,regulation-driven
ENSG00000150625,GPM6A,369731,0.029553679131483716,0.9549658222758344,0.8709288299155609,0.031564133494169686,0.47165259348612787,0.541667,0.470446,neutral,neutral
ENSG00000150628,SPATA4,11007,0.7635705669481303,0.950140731805388,0.20948934459187776,0.7687977482911138,0.6727382388419784,0.512666,0.278398,neutral,regulation-driven
ENSG00000150630,VEGFC,109385,0.16164053075995174,0.5516686771210294,0.5934861278648975,0.16606353035786087,0.36799356654603943,0.454272,0.317551,neutral,neutral
ENSG00000150681,RGS18,27354,0.5283474065138721,0.7330116606353035,0.4041013268998794,0.5325693606755126,0.5492963409730599,0.546472,0.282167,neutral,neutral
ENSG00000150722,PPP1R1C,177158,0.0848411741053478,0.8697225572979493,0.4640128669079212,0.08886208283071974,0.37665862484921586,0.545034,0.381685,neutral,neutral
ENSG00000150750,POU2AF2,40677,0.40952955367913146,0.8031765178930438,0.23964616003216727,0.41355046240450344,0.4662746280659429,0.469351,0.275583,neutral,neutral
ENSG00000150756,ATPSCKMT,24391,0.5583031765178931,0.22175311620426216,0.4817048652995577,0.5623240852432649,0.4558202653799759,0.832037,0.167421,gene-driven,gene-driven
ENSG00000150760,,547109,0.012464817048652996,0.2553277040611178,0.6188178528347407,0.01407318053880177,0.22509047044632088,0.014721,0.289857,neutral,neutral
ENSG00000150764,DIXDC1,95510,0.19039002814636108,0.4161640530759952,0.5774024929634097,0.19400884599919582,0.3443104141535987,0.394546,0.277443,neutral,neutral
ENSG00000150768,DLAT,39372,0.41676718938480095,0.3548451950140732,0.7219541616405307,0.4209891435464415,0.4784278246883796,0.425293,0.265581,gene-driven,neutral
ENSG00000150773,PIH1D2,11057,0.7625653397667873,0.861881785283474,0.2605548854041013,0.7677925211097708,0.6629372738238842,0.367496,0.267491,neutral,dual-driven
ENSG00000150779,TIMM8B,1999,0.961600321672698,0.027945315641334942,0.9708484117410535,0.9678327301970245,0.7317450743868115,0.567707,0.179282,gene-driven (relaxed),dual-driven
ENSG00000150782,IL18,20846,0.6035383996783273,0.6355046240450342,0.06956172094893445,0.6075593084036992,0.47883996783273025,0.486932,0.183102,neutral,neutral
ENSG00000150787,PTS,43589,0.3902291917973462,0.30759951749095293,0.5701648572577402,0.3944511459589867,0.4154000804181745,0.507147,0.225221,neutral,neutral
ENSG00000150873,C2orf50,18190,0.6399276236429433,0.612183353437877,0.14254121431443506,0.6441495778045838,0.5094893445918778,0.754152,0.19029,gene-driven,gene-driven
ENSG00000150938,CRIM1,195358,0.07539203860072376,0.5695617209489344,0.5619219943707278,0.9867310012062727,0.5028347406513872,0.59525,0.53078,neutral,neutral
ENSG00000151012,SLC7A11,78253,0.23602734217933252,0.7209489344591877,0.7145154804985927,0.23924406915963006,0.47752312022517085,0.335877,0.375,neutral,neutral
ENSG00000151014,NOCT,30159,0.5,0.3484117410534781,0.656011258544431,0.5038198632891033,0.5018697225572979,0.346257,0.243014,neutral,dual-driven
ENSG00000151033,LYZL2,17984,0.6433453960595095,0.9756735022114998,0.18033775633293125,0.64756735022115,0.6115199034981905,0.68471,0.29237,gene-driven,neutral
ENSG00000151062,CACNA2D4,126704,0.134097305991154,0.5090470446320868,0.4517490952955368,0.13771612384398874,0.30797145154804983,0.68069,0.284831,gene-driven,gene-driven
ENSG00000151065,DCP1B,58483,0.3037796542018496,0.3608765581021311,0.2667872939284278,0.30739847205468435,0.3095295536791315,0.165893,0.18079,neutral,neutral
ENSG00000151079,KCNA6,3985,0.9181745074386811,0.539404905508645,0.09991958182549256,0.9242058705267391,0.6201246481704865,0.542973,0.139727,neutral,neutral
ENSG00000151090,THRB,378604,0.027945315641334942,0.5203055890631283,0.7484921592279855,0.029955770004020908,0.33157418576598313,0.361377,0.365802,neutral,neutral
ENSG00000151116,UEVLD,59139,0.30096501809408926,0.08082026537997587,0.4408926417370326,0.3043827905106554,0.28159429030961,0.573671,0.150684,gene-driven,gene-driven
ENSG00000151117,TMEM86A,11664,0.7498994772818657,0.4591877764374749,0.7245677523120225,0.7551266586248492,0.6719340570969039,0.571753,0.254172,neutral,neutral
ENSG00000151135,TMEM263,23060,0.5751909931644552,0.231805388017692,0.9374748693204664,0.5794129473260957,0.5807599517490953,0.459017,0.277242,neutral,neutral
ENSG00000151151,IPMK,76378,0.24205870526739043,0.22336147969441095,0.4756735022114998,0.24527543224768797,0.2964314435062324,0.515088,0.201799,neutral,neutral
ENSG00000151164,RAD9B,31902,0.48431845597104944,0.8757539203860072,0.19863289103337353,0.4881383192601528,0.5115199034981905,0.289003,0.279353,neutral,regulation-driven
ENSG00000151176,PLBD2,33064,0.47165259348612787,0.5924809006835545,0.5920788098110172,0.4754724567752312,0.5327301970245275,0.237967,0.29036,neutral,regulation-driven
ENSG00000151224,MAT1A,17839,0.645556895858464,0.963610776035384,0.9376759147567351,0.6497788500201045,0.7989445114595899,0.312299,0.450543,neutral,dual-driven
ENSG00000151229,SLC2A13,351065,0.03277040611178126,0.3841978287092883,0.4030960997185364,0.03498190591073583,0.21365098512263772,0.213892,0.273673,neutral,neutral
ENSG00000151233,GXYLT1,63030,0.2872939284278247,0.2312022517088862,0.6419380780056293,0.29071170084439085,0.36261560112585445,0.258645,0.232207,neutral,neutral
ENSG00000151239,TWF1,12606,0.7324085243264978,0.17149175713711298,0.8827905106554081,0.7374346602332127,0.6307800562927222,0.557954,0.224869,gene-driven,neutral
ENSG00000151287,TEX30,7924,0.8268998793727382,0.771210293526337,0.6286690792119018,0.8323281061519904,0.7645054282267792,0.433997,0.301116,neutral,regulation-driven
ENSG00000151304,SRFBP1,113596,0.15601125854443104,0.09609971853638923,0.12484921592279856,0.16063530357860878,0.13416767189384804,0.332398,0.097457,neutral,neutral
ENSG00000151353,TMEM18,13530,0.7165259348612787,0.31342983514274225,0.5892641737032569,0.7219541616405307,0.5850221149979895,0.503146,0.193808,neutral,neutral
ENSG00000151364,KCTD14,30477,0.4969843184559711,0.5745878568556494,0.2687977482911138,0.5006031363088058,0.4600623240852433,0.52594,0.219743,gene-driven,neutral
ENSG00000151365,THRSP,4491,0.9061117812625653,0.7901085645355851,0.09107358262967431,0.9121431443506233,0.674557700040209,0.639938,0.204363,neutral,neutral
ENSG00000151366,NDUFC2,11566,0.7509047044632087,0.2008443908323281,0.2913148371531966,0.7561318858061922,0.4995375954965822,0.620481,0.108766,gene-driven (relaxed),neutral
ENSG00000151376,ME3,231529,0.05971049457177322,0.31966224366706875,0.6035383996783273,0.06332931242460796,0.26137917169280256,0.269677,0.282821,neutral,neutral
ENSG00000151379,MSGN1,1339,0.974065138721351,0.7551266586248492,0.2014475271411339,0.9802975472456775,0.7274225975070365,0.629142,0.198934,neutral,neutral
ENSG00000151413,NUBPL,371269,0.029151588258946523,0.05347808604744672,0.27844792923200645,0.03116204262163249,0.09795938882187374,0.599045,0.165913,gene-driven,gene-driven
ENSG00000151422,FER,449001,0.01769199839163651,0.4131483715319662,0.6135906714917572,0.01950140731805388,0.26589264173703253,0.14621,0.324688,regulation-driven,neutral
ENSG00000151458,ANKRD50,48685,0.35705669481302776,0.38701246481704865,0.7553277040611178,0.3608765581021311,0.4648773622838762,0.769653,0.285887,gene-driven,gene-driven
ENSG00000151461,,123149,0.13811821471652594,0.07418576598311219,0.8841978287092883,0.14193807800562927,0.3094189786891838,0.669525,0.254875,gene-driven (relaxed),gene-driven (relaxed)
ENSG00000151468,CCDC3,203028,0.07056694813027745,0.6901889827100924,0.49014877362283876,0.07498994772818657,0.33125251306795334,0.53082,0.351277,neutral,neutral
ENSG00000151498,ACAD8,12308,0.7386409328508243,0.317048652995577,0.9280257338158424,0.7438681141938078,0.6816344993968638,0.373844,0.277895,neutral,regulation-driven
ENSG00000151500,THYN1,5092,0.8930438279051065,0.15500603136308805,0.7627663852030558,0.8988741455568958,0.6771310816244471,0.455534,0.161188,gene-driven,dual-driven
ENSG00000151532,VTI1A,371747,0.028950542822677925,0.04342581423401689,0.773220747889023,0.03096099718536389,0.21903900281463612,0.404202,0.248844,neutral,neutral
ENSG00000151572,ANO4,411116,0.022919179734620022,0.6027342179332529,0.7404503417772417,0.024728588661037394,0.34761761158021715,0.693136,0.385153,gene-driven,gene-driven
ENSG00000151575,TEX9,202027,0.07137112987535182,0.5333735424205871,0.16244471250502612,0.07599517490952955,0.21056493767591478,0.31249,0.231554,neutral,neutral
ENSG00000151576,QTRT2,82590,0.22235625251306795,0.12303980699638119,0.4809006835544833,0.2255729794933655,0.2628065942903096,0.285123,0.180036,neutral,neutral
ENSG00000151577,DRD3,71828,0.2545235223160434,0.9819059107358263,0.6540008041817451,0.257740249296341,0.5368817852834741,0.285384,0.417169,neutral,regulation-driven
ENSG00000151611,MMAA,60992,0.2927221552070768,0.2625653397667873,0.5776035383996784,0.29613992762364294,0.35708685162846804,0.219846,0.226226,neutral,neutral
ENSG00000151615,POU4F2,3582,0.9292320064334539,0.9340570969039003,0.22617611580217128,0.9354644149577804,0.7559207880981101,0.54992,0.270657,neutral,regulation-driven
ENSG00000151617,EDNRA,64038,0.28287092882991555,0.5303578608765581,0.7195416164053076,0.2864897466827503,0.45463409730599114,0.242722,0.323181,neutral,regulation-driven
ENSG00000151640,DPYSL4,18812,0.6304784881383193,0.6156011258544432,0.7575392038600723,0.6347004422999598,0.6593687173301166,0.232951,0.316747,neutral,regulation-driven
ENSG00000151657,KIN,37032,0.4344591877764375,0.08363490148773622,0.8592681946119823,0.4384800965018094,0.45375954965822274,0.211731,0.226779,neutral,regulation-driven
ENSG00000151665,PIGF,36119,0.44290309609971856,0.23240852432649778,0.5633293124246079,0.4469240048250905,0.4211901889827101,0.448983,0.197778,gene-driven,neutral
ENSG00000151687,ANKAR,86904,0.2072778447929232,0.5548854041013269,0.19380780056292723,0.21089666264575793,0.2915359871330921,0.122407,0.223311,neutral,regulation-driven
ENSG00000151689,INPP1,28096,0.5193003618817853,0.4437072778447929,0.31463610776035383,0.5233212706071572,0.45004020908725373,0.233538,0.192702,neutral,neutral
ENSG00000151694,ADAM17,68247,0.26558102131081623,0.2736228387615601,0.611178126256534,0.2689987937273824,0.35467430639324493,0.238473,0.23854,neutral,neutral
ENSG00000151702,FLI1,126733,0.1338962605548854,0.6282669883393647,0.9260152794531564,0.13751507840772015,0.4562424607961399,0.19618,0.399528,regulation-driven,regulation-driven
ENSG00000151704,KCNJ1,31059,0.49115400080418176,0.9700442299959791,0.013268998793727383,0.4949738640932851,0.49216928025733814,0.376213,0.238339,neutral,neutral
ENSG00000151715,TMEM45B,44156,0.3848009650180941,0.6946119823080016,0.365902694008846,0.38882187374346605,0.45833333333333337,0.46161,0.279051,neutral,neutral
ENSG00000151718,WWC2,221521,0.06312826698833937,0.31805388017692,0.34499396863691195,0.06755126658624849,0.1982106956172095,0.120748,0.230951,neutral,neutral
ENSG00000151725,CENPU,40046,0.4139525532770406,0.8829915560916767,0.05066344993968637,0.41797346200241253,0.44119420989143543,0.579031,0.246331,gene-driven,neutral
ENSG00000151726,,71224,0.25733815842380375,0.6029352633695215,0.6483715319662243,0.2605548854041013,0.4421391234418979,0.105086,0.329916,regulation-driven,regulation-driven
ENSG00000151729,SLC25A4,7117,0.843988741455569,0.6763168476075593,0.96562123039807,0.8498190591073582,0.8336449537595497,0.310595,0.374095,neutral,regulation-driven
ENSG00000151746,BICD1,276799,0.04664254121431444,0.5679533574587857,0.6125854443104142,0.04965822275834338,0.319059107358263,0.762392,0.352382,gene-driven,gene-driven
ENSG00000151773,CCDC122,55832,0.31644551668677123,0.20848411741053477,0.15922798552472858,0.320064334539606,0.2508745476477684,0.82304,0.117411,gene-driven,gene-driven
ENSG00000151778,SERP2,24050,0.5629272215520708,0.6011258544431042,0.9000804181745075,0.5669481302774427,0.6575693606755126,0.639904,0.357308,gene-driven,neutral
ENSG00000151806,GUF1,22509,0.5820265379975874,0.0305589063128267,0.8331322878970647,0.586248492159228,0.5077804583835946,0.163671,0.191998,neutral,regulation-driven
ENSG00000151834,GABRA2,231683,0.05910735826296743,0.8642943305186972,0.7698029754724568,0.06292722155207077,0.43884197828709287,0.39031,0.440692,neutral,neutral
ENSG00000151838,CCDC175,72274,0.2525130679533575,0.9010856453558505,0.010856453558504222,0.255729794933655,0.35488540410132696,0.276146,0.234821,neutral,neutral
ENSG00000151876,FBXO4,16490,0.6652593486127865,0.0979091274628066,0.5524728588661038,0.6700844390832328,0.49619018898271006,0.572618,0.137817,gene-driven,neutral
ENSG00000151881,TMEM267,39642,0.4153598713309208,0.44752714113389624,0.7523120225170888,0.4193807800562927,0.508443908323281,0.729302,0.294481,gene-driven,gene-driven
ENSG00000151882,CCL28,35747,0.4467229593888219,0.8972657820667471,0.06915963007639726,0.4507438681141938,0.4657720144752714,0.70745,0.254875,gene-driven,gene-driven
ENSG00000151893,CACUL1,81083,0.22818657016485724,0.14354644149577805,0.6264575794129473,0.2312022517088862,0.30719742661841576,0.37115,0.214063,neutral,neutral
ENSG00000151917,BEND6,72240,0.25291515882589466,0.733815842380378,0.3188580619219944,0.25613188580619217,0.39026940088459994,0.325111,0.292772,neutral,neutral
ENSG00000151948,GLT1D1,131542,0.12665862484921592,0.7539203860072377,0.1407318053880177,0.13047848813831925,0.2877563329312425,0.151397,0.267793,neutral,neutral
ENSG00000151962,RBM46,47601,0.9927623642943305,0.9841174105347809,0.6986328910333736,0.366907921190189,0.7918978689183755,0.76391,0.716616,neutral,neutral
ENSG00000151967,SCHIP1,624386,0.009851226377161239,0.463610776035384,0.30317651789304384,0.011459589867310011,0.19694410936871734,0.158655,0.289053,neutral,neutral
ENSG00000152034,MCHR2,75729,0.2440691596300764,0.85243264977885,0.19802975472456774,0.24728588661037396,0.38529352633695213,0.589478,0.291667,gene-driven,gene-driven
ENSG00000152049,KCNE4,146210,0.1099718536389224,0.46783273019702454,0.0012062726176115801,0.11439485323683152,0.17313027744270204,0.613249,0.117008,neutral,neutral
ENSG00000152093,CFC1B,7408,0.8369521511861681,0.9533574587856856,0.11338962605548854,0.8425814234016887,0.6862887012464817,0.419069,0.264073,neutral,regulation-driven
ENSG00000152102,FAM168B,45585,0.37675914756735024,0.14193807800562927,0.9463208685162847,0.38078005629272216,0.46124849215922803,0.574035,0.271713,neutral,neutral
ENSG00000152104,PTPN14,203750,0.07016485725774024,0.3496180136710897,0.5422195416164053,0.07458785685564938,0.2589264173703257,0.119893,0.275834,regulation-driven,neutral
ENSG00000152127,MGAT5,334639,0.983514274225975,0.23482106956172094,0.8327301970245276,0.036992360273421794,0.569340570969039,0.200553,0.599809,regulation-driven,regulation-driven
ENSG00000152133,GPATCH11,14727,0.6928025733815842,0.23843988741455568,0.6996381182147166,0.6976276638520306,0.5818858061921994,0.443536,0.200844,neutral,neutral
ENSG00000152137,HSPB8,53301,0.32951347004423,0.5414153598713309,0.5464414957780458,0.3331322878970647,0.4374447125050261,0.768659,0.285183,gene-driven,gene-driven
ENSG00000152147,GEMIN6,33469,0.4662243667068758,0.4561720948934459,0.33856051467631687,0.4700442299959791,0.43255930840369927,0.530589,0.204815,neutral,neutral
ENSG00000152154,TMEM178A,52982,0.3323281061519904,0.6115802171290712,0.40048250904704463,0.33594692400482506,0.41990349819059114,0.439767,0.27121,neutral,neutral
ENSG00000152193,OBI1,44867,0.38078005629272216,0.3488138319260153,0.34941696823482105,0.3848009650180941,0.3657519099316446,0.42881,0.188882,neutral,neutral
ENSG00000152219,ARL14EP,15355,0.6827503015681544,0.05950944913550463,0.7175311620426217,0.6877764374748693,0.5366405307599518,0.516064,0.161289,neutral,neutral
ENSG00000152266,PTH,4128,0.9149577804583836,0.8988741455568958,0.12806594290309609,0.9209891435464415,0.7154201849618014,0.622075,0.243064,neutral,neutral
ENSG00000152270,PDE3B,228241,0.0607157217531162,0.5677523120225171,0.32971451548049857,0.06473663047848814,0.2555287494973864,0.129423,0.289656,regulation-driven,neutral
ENSG00000152315,KCNK13,123860,0.13691194209891436,0.8994772818657016,0.5856453558504222,0.1407318053880177,0.4405006031363088,0.484962,0.401186,neutral,neutral
ENSG00000152332,UHMK1,32381,0.47828709288299154,0.05729794933655006,0.8791716928025733,0.4823080016083635,0.47406513872135103,0.304725,0.222407,neutral,regulation-driven
ENSG00000152359,POC5,43325,0.39223964616003215,0.4507438681141938,0.23341375150784077,0.3964616003216727,0.3680036188178528,0.731687,0.189435,gene-driven,gene-driven
ENSG00000152377,SPOCK1,623082,0.010052271813429835,0.425211097708082,0.3323281061519904,0.01166063530357861,0.1947326095697628,0.252644,0.285334,neutral,neutral
ENSG00000152380,FAM151B,54595,0.3224768797748291,0.2858866103739445,0.3652995577000402,0.3260956976276638,0.32475874547647765,0.720537,0.183504,gene-driven,gene-driven
ENSG00000152382,TADA1,19755,0.6178126256533977,0.13711298753518295,0.9153598713309208,0.6218335343787696,0.5728287092882992,0.354906,0.239998,neutral,regulation-driven
ENSG00000152402,GUCY1A2,344458,0.03357458785685565,0.6025331724969843,0.5060313630880579,0.03578608765581021,0.29437072778447926,0.070622,0.345647,neutral,neutral
ENSG00000152404,CWF19L2,131466,0.12685967028548453,0.21149979895456372,0.22677925211097708,0.13067953357458786,0.17376357056694813,0.12307,0.15772,neutral,neutral
ENSG00000152409,JMY,91081,0.19782870928829915,0.31845597104945716,0.4028950542822678,0.2014475271411339,0.2799758745476478,0.212394,0.215822,neutral,neutral
ENSG00000152413,HOMER1,141499,0.11379171692802574,0.4569762766385203,0.8685162846803377,0.11781262565339767,0.38907318053880174,0.449324,0.350322,neutral,neutral
ENSG00000152422,XRCC4,276290,0.047044632086851626,0.3411741053478086,0.05790108564535585,0.05006031363088058,0.12389425010052273,0.360756,0.156815,neutral,neutral
ENSG00000152430,BOLL,59884,0.2973462002412545,0.9913550462404503,0.5345798150381986,0.3007639726578207,0.5308403699236027,0.567672,0.391988,gene-driven,neutral
ENSG00000152457,DCLRE1C,57074,0.31021310816244474,0.17269802975472456,0.4133494169682348,0.31363088057901084,0.3023019702452754,0.111651,0.166868,neutral,regulation-driven
ENSG00000152465,NMT2,66110,0.2742259750703659,0.31865701648572575,0.9020908725371934,0.27764374748693205,0.44298351427422594,0.280921,0.310314,neutral,regulation-driven
ENSG00000152492,CCDC50,69575,0.2615601125854443,0.12364294330518698,0.1767189384800965,0.2647768395657419,0.20651387213510253,0.207067,0.105951,neutral,neutral
ENSG00000152495,CAMK4,271234,0.048854041013269,0.7022517088862082,0.3100120627261761,0.05186972255729795,0.2780960997185363,0.318325,0.323834,neutral,neutral
ENSG00000152518,ZFP36L2,4205,0.9135504624045034,0.25733815842380375,0.2066747084841174,0.9195818254925613,0.5739847205468436,0.379775,0.089717,neutral,regulation-driven
ENSG00000152527,PLEKHH2,130728,0.12746280659429032,0.47104945717732205,0.42360273421793326,0.990550864495376,0.4600120627261761,0.126769,0.468114,regulation-driven,regulation-driven
ENSG00000152580,IGSF10,35678,0.4479292320064335,0.7814636107760354,0.10273421793325292,0.4519501407318054,0.4458182549256132,0.121612,0.235625,neutral,regulation-driven
ENSG00000152592,DMP1,14082,0.7052673904302372,0.917772416566144,0.10675512665862485,0.7104945717732207,0.6098110172899075,0.270577,0.255629,neutral,regulation-driven
ENSG00000152595,MEPE,25417,0.5490550864495376,0.6887816646562123,0.034780860474467226,0.5534780860474467,0.4563027744270205,0.264847,0.188078,neutral,regulation-driven
ENSG00000152611,CAPSL,34492,0.4573783675110575,0.7760353839967833,0.8528347406513872,0.4611982308001608,0.636670687575392,0.735689,0.39611,gene-driven,neutral
ENSG00000152661,GJA1,14133,0.7050663449939686,0.5188982710092481,0.03236831523924407,0.7102935263369522,0.49139525532770406,0.284932,0.132338,neutral,regulation-driven
ENSG00000152669,CCNO,2457,0.9513470044229996,0.620627261761158,0.46180136710896663,0.9575794129473261,0.7475271411338962,0.653418,0.206675,gene-driven,neutral
ENSG00000152670,DDX4,79141,0.23321270607157218,0.9961801367108967,0.4527543224768798,0.23622838761560114,0.479443104141536,0.384658,0.386912,neutral,neutral
ENSG00000152684,PELO,16129,0.6696823482106956,0.17913148371531967,0.11640530759951749,0.6745074386811419,0.4096903900281464,0.485304,0.074688,neutral,neutral
ENSG00000152705,CATSPER3,43790,0.38721351025331724,0.8896260554885405,0.07780458383594692,0.3914354644149578,0.43630880579010856,0.390611,0.258293,neutral,neutral
ENSG00000152749,GPR180,32805,0.47386409328508244,0.25854443104141533,0.6373140329714515,0.47788500201045436,0.4617008443908323,0.452624,0.218084,neutral,neutral
ENSG00000152760,DYNLT5,26589,0.5365902694008846,0.5136710896662646,0.3948532368315239,0.5414153598713309,0.4963912344189787,0.57124,0.224216,neutral,neutral
ENSG00000152766,ANKRD22,31949,0.4835142742259751,0.742259750703659,0.5118616807398472,0.4873341375150784,0.5560514676316848,0.467199,0.31147,neutral,neutral
ENSG00000152767,FARP1,312615,0.03839967832730197,0.3403699236027342,0.5721753116204262,0.04101326899879373,0.24785886610373944,0.120155,0.291767,regulation-driven,neutral
ENSG00000152778,IFIT5,7038,0.8464012866907921,0.1276638520305589,0.20888620828307197,0.8520305589063129,0.5084640128669079,0.2942,0.065189,neutral,regulation-driven
ENSG00000152782,PANK1,65746,0.2758343385605147,0.5969039002814636,0.7897064736630478,0.2792521109770808,0.48525331724969845,0.218335,0.353438,neutral,regulation-driven
ENSG00000152785,BMP3,26920,0.5331724969843185,0.6978287092882992,0.4945717732207479,0.5375954965822276,0.5655709690390028,0.545818,0.291817,neutral,neutral
ENSG00000152795,HNRNPDL,7898,0.8279051065540812,0.17993566546039405,0.6172094893445919,0.8333333333333334,0.6143244873341376,0.824377,0.148472,gene-driven,gene-driven
ENSG00000152804,HHEX,5693,0.8779654201849618,0.7112987535182951,0.518496180136711,0.8835946924004825,0.7475572979493366,0.354584,0.258796,neutral,regulation-driven
ENSG00000152822,GRM1,409956,0.02332127060715722,0.902291917973462,0.6284680337756333,0.025130679533574587,0.3947125050261359,0.105006,0.439284,regulation-driven,regulation-driven
ENSG00000152932,RAB3C,277174,0.04624045034177724,0.7820667470848411,0.8831926015279453,0.049256131885806194,0.440038198632891,0.338485,0.436017,neutral,neutral
ENSG00000152939,MARVELD2,29266,0.5070365902694008,0.6141938078005629,0.5110574989947728,0.5110574989947728,0.5356353035786088,0.821663,0.27694,gene-driven,gene-driven
ENSG00000152942,RAD17,45509,0.3771612384398874,0.5450341777241656,0.42983514274225976,0.38118214716525933,0.43310213108162443,0.658505,0.256132,gene-driven (relaxed),gene-driven (relaxed)
ENSG00000152944,MED21,43798,0.38701246481704865,0.0848411741053478,0.8862082830719743,0.39123441897868916,0.437112987535183,0.767926,0.239144,gene-driven,gene-driven
ENSG00000152953,STK32B,449515,0.017490952955367914,0.5950944913550462,0.328508242862887,0.019300361881785282,0.24000804181745072,0.336037,0.316596,neutral,neutral
ENSG00000152969,JAKMIP1,174393,0.08644953759549658,0.8226779252110977,0.5587052673904302,0.09047044632086852,0.3893747486932047,0.044717,0.38837,neutral,neutral
ENSG00000152990,,170996,0.08825894652191395,0.3530357860876558,0.48914354644149577,0.09268194611982308,0.2555589063128267,0.657308,0.261962,gene-driven,gene-driven
ENSG00000153002,CPB1,69086,0.26316847607559307,0.9953759549658223,0.35524728588661036,0.997989545637314,0.6162042621632489,0.387706,0.562133,regulation-driven,regulation-driven
ENSG00000153006,SREK1IP1,50544,0.34599919581825495,0.02332127060715722,0.40349819059107356,0.34941696823482105,0.2803880176919984,0.679133,0.123593,gene-driven,gene-driven
ENSG00000153015,CWC27,336045,0.03437876960193004,0.1700844390832328,0.4624045034177724,0.0365902694008846,0.17575392038600723,0.775042,0.229644,gene-driven,gene-driven
ENSG00000153064,BANK1,663527,0.008443908323281062,0.8413751507840772,0.006835544833132288,0.009851226377161239,0.21655609167671894,0.35355,0.245728,neutral,neutral
ENSG00000153086,ACMSD,63419,0.2858866103739445,0.8737434660233213,0.7963409730599116,0.28930438279051063,0.5611479694410937,0.331685,0.420889,neutral,regulation-driven
ENSG00000153140,CETN3,17510,0.6499798954563731,0.6819461198230801,0.9732609569762767,0.6546039404905508,0.7397165259348613,0.529913,0.402795,neutral,dual-driven
ENSG00000153157,SYCP2L,92490,0.1950140731805388,0.6328910333735425,0.03498190591073583,0.19863289103337353,0.2651990349819059,0.312998,0.191848,neutral,neutral
ENSG00000153162,BMP6,155630,0.09991958182549256,0.5209087253719341,0.46160032167269804,0.10454362685967028,0.2965118616807399,0.344109,0.296894,neutral,neutral
ENSG00000153179,RASSF3,190564,0.07780458383594692,0.5866505830317652,0.38902291917973464,0.08202653799758745,0.2836650583031765,0.76831,0.303026,gene-driven,gene-driven
ENSG00000153208,MERTK,130955,0.12706071572175312,0.4219943707277845,0.18174507438681142,0.13088057901085645,0.2152291917973462,0.20376,0.197226,neutral,neutral
ENSG00000153266,FEZF2,4644,0.9039002814636108,0.9318455971049457,0.47889022919179736,0.9099316445516686,0.8058403699236028,0.277121,0.305388,neutral,regulation-driven
ENSG00000153294,ADGRF4,36158,0.44250100522718133,0.8940490550864495,0.1513872135102533,0.44652191395255325,0.4834137515078407,0.313684,0.275483,neutral,dual-driven
ENSG00000153395,LPCAT1,67803,0.2667872939284278,0.5500603136308806,0.497989545637314,0.27020506634499397,0.39608966626457576,0.197135,0.284379,neutral,regulation-driven
ENSG00000153485,LYSET,3513,0.9300361881785284,0.059911540008041816,0.717330116606353,0.9362685967028549,0.6605749899477282,0.73269,0.115903,gene-driven,neutral
ENSG00000153487,ING1,10604,0.771210293526337,0.33192601527945315,0.8532368315239244,0.7764374748693205,0.6829412947326096,0.391204,0.252815,neutral,regulation-driven
ENSG00000153495,TEX29,28066,0.5197024527543225,0.9085243264977885,0.02613590671491757,0.5237233614796944,0.49432046642541216,0.658738,0.239194,gene-driven,gene-driven
ENSG00000153498,SPACA7,58335,0.3049859268194612,0.9941696823482107,0.0028146361077603537,0.3086047446722959,0.4024628065942903,0.523462,0.248191,neutral,neutral
ENSG00000153531,ADPRHL1,53878,0.3260956976276638,0.8510253317249699,0.014676316847607559,0.3299155609167672,0.380237233614797,0.1289,0.22502,neutral,regulation-driven
ENSG00000153558,FBXL2,126638,0.1342983514274226,0.42299959790912744,0.7983514274225975,0.13811821471652594,0.3732509047044632,0.462927,0.327704,neutral,neutral
ENSG00000153560,UBP1,53036,0.33152392440691597,0.08805790108564536,0.8924406915963008,0.3351427422597507,0.4116103739445115,0.314844,0.245225,neutral,neutral
ENSG00000153561,RMND5A,57751,0.30719742661841576,0.2131081624447125,0.9427020506634499,0.3106151990349819,0.44323482106956175,0.41354,0.291114,neutral,neutral
ENSG00000153563,CD8A,23787,0.5649376759147567,0.8417772416566144,0.031966224366706875,0.5689585846401287,0.5017088862082831,0.356645,0.223412,neutral,neutral
ENSG00000153574,RPIA,59257,0.30036188178528345,0.09248090068355448,0.5546843586650583,0.3037796542018496,0.3126558102131082,0.436731,0.178327,neutral,neutral
ENSG00000153714,LURAP1L,48041,0.3608765581021311,0.4316445516686771,0.504020908725372,0.3646964213912344,0.4151186168073985,0.588661,0.245275,neutral,neutral
ENSG00000153820,SPHKAP,201733,0.07177322074788903,0.8870124648170487,0.13590671491757136,0.07639726578206675,0.292541214314435,0.108554,0.306293,regulation-driven,regulation-driven
ENSG00000153823,PID1,420762,0.021310816244471252,0.23622838761560114,0.6938078005629272,0.02312022517088862,0.2435263369521512,0.391204,0.290058,neutral,neutral
ENSG00000153832,FBXO36,90818,0.19823080016083636,0.5176919983916365,0.18134298351427422,0.2018496180136711,0.27459790912746285,0.822869,0.2115,gene-driven,gene-driven
ENSG00000153898,MCOLN2,71531,0.25613188580619217,0.573783675110575,0.536389223964616,0.25934861278648974,0.40625251306795335,0.183343,0.300864,neutral,regulation-driven
ENSG00000153936,HS2ST1,195348,0.07559308403699236,0.4215922798552473,0.9125452352231604,0.0800160836349015,0.37221552070767994,0.641033,0.349869,gene-driven,gene-driven
ENSG00000153975,ZUP1,33177,0.4702452754322477,0.09951749095295537,0.4244069159630076,0.47406513872135103,0.3668677121029353,0.216456,0.133042,neutral,regulation-driven
ENSG00000153989,NUS1,35259,0.9935665460394049,0.04825090470446321,0.6141938078005629,0.45536791314837155,0.5547547245677523,0.518345,0.461992,neutral,neutral
ENSG00000153993,SEMA3D,191504,0.07700040209087254,0.6867712102935264,0.4847205468435867,0.08122235625251306,0.3322175311620426,0.235877,0.347155,neutral,neutral
ENSG00000154001,PPP2R5E,172014,0.08745476477683957,0.031363088057901084,0.9811017289907519,0.09167671893848009,0.29768797748291115,0.287334,0.255881,neutral,neutral
ENSG00000154007,ASB17,13532,0.71632488942501,0.9688379573783675,0.39726578206674706,0.7217531162042622,0.7007740249296341,0.51926,0.325141,neutral,regulation-driven
ENSG00000154025,SLC5A10,72251,0.25271411338962607,0.8289103337354242,0.5325693606755126,0.2559308403699236,0.46737032569360676,0.72138,0.362284,gene-driven,gene-driven
ENSG00000154124,OTULIN,51866,0.33856051467631687,0.24829111379171692,0.5227181342983515,0.3425814234016888,0.3628367511057499,0.659801,0.204715,gene-driven,gene-driven
ENSG00000154127,UBASH3B,158752,0.09831121833534379,0.7376357056694813,0.7121029352633695,0.10253317249698432,0.41243466023321274,0.354745,0.397768,neutral,neutral
ENSG00000154133,ROBO4,14810,0.6907921190188983,0.5311620426216325,0.17229593888218736,0.6956172094893446,0.5222255729794933,0.436756,0.173,gene-driven,neutral
ENSG00000154143,PANX3,8929,0.8027744270205066,0.8713309207880982,0.748291113791717,0.8078005629272216,0.8072979493365501,0.479001,0.356454,neutral,regulation-driven
ENSG00000154146,NRGN,7269,0.8395657418576599,0.7400482509047045,0.9531564133494169,0.8453960595094492,0.8442501005227181,0.746311,0.38264,gene-driven,neutral
ENSG00000154174,TOMM70,37659,0.43003618817852834,0.013671089666264576,0.9061117812625653,0.43425814234016885,0.4458082026537998,0.3558,0.222708,neutral,neutral
ENSG00000154252,GAL3ST2,27466,0.525934861278649,0.5349819059107358,0.14696421391234418,0.5301568154402895,0.43429835142742257,0.386228,0.18084,neutral,neutral
ENSG00000154269,ENPP3,118977,0.145556895858464,0.6731001206272618,0.20024125452352232,0.14957780458383596,0.2919179734620024,0.457886,0.26146,gene-driven,gene-driven
ENSG00000154274,C4orf19,169571,0.08926417370325694,0.5850422195416164,0.004020908725371934,0.09368717330116606,0.1927824688379574,0.428076,0.160434,neutral,neutral
ENSG00000154277,UCHL1,12043,0.7446722959388822,0.7390430237233615,0.8325291515882589,0.7498994772818657,0.7662746280659429,0.706454,0.353689,gene-driven,neutral
ENSG00000154305,MIA3,49911,0.35042219541616404,0.07217531162042622,0.08363490148773622,0.3540410132689988,0.2148874145556896,0.761014,0.059811,gene-driven,gene-driven
ENSG00000154328,NEIL2,17707,0.6469642139123442,0.39404905508644955,0.2525130679533575,0.6513872135102533,0.48600723763570564,0.718494,0.159178,gene-driven,gene-driven
ENSG00000154342,WNT3A,54274,0.3242862887012465,0.8297145154804986,0.9416968234821069,0.3281061519903498,0.6057599517490954,0.439224,0.443004,neutral,regulation-driven
ENSG00000154359,LONRF1,34168,0.45938882187374347,0.4016887816646562,0.38701246481704865,0.4632086851628468,0.4276336952151186,0.238721,0.20185,neutral,regulation-driven
ENSG00000154415,PPP1R3A,199144,0.0731805388017692,0.9425010052271814,0.02191395255327704,0.07780458383594692,0.27861881785283477,0.317209,0.267541,neutral,neutral
ENSG00000154478,GPR26,31045,0.49135504624045034,0.609167671893848,0.8725371934057097,0.4951749095295537,0.6168677121029352,0.571502,0.356906,neutral,neutral
ENSG00000154511,DIPK1A,128786,0.13108162444712504,0.3415761962203458,0.7503015681544029,0.13470044229995978,0.3392340168878166,0.182831,0.301367,neutral,regulation-driven
ENSG00000154518,ATP5MC3,5453,0.8848009650180941,0.3375552874949739,0.989545637314033,0.8904302372336148,0.7753015681544029,0.567994,0.308152,neutral,regulation-driven
ENSG00000154548,SRSF12,24123,0.5621230398069964,0.7929232006433454,0.5834338560514676,0.5661439485323683,0.6259549658222758,0.494944,0.330117,neutral,neutral
ENSG00000154553,PDLIM3,34848,0.45416164053075997,0.7571371129875352,0.7868918375552875,0.9951749095295537,0.7212907117008444,0.262083,0.573432,regulation-driven,regulation-driven
ENSG00000154589,LY96,37688,0.42963409730599117,0.6073582629674307,0.05448331322878971,0.4338560514676317,0.3811218335343788,0.480619,0.180187,neutral,neutral
ENSG00000154678,PDE1C,676953,0.007840772014475271,0.6481704865299558,0.42320064334539603,0.009248090068355449,0.27204463208685165,0.234369,0.360173,neutral,neutral
ENSG00000154764,WNT7A,63814,0.28407720144752713,0.6932046642541214,0.9509449135504624,0.2874949738640933,0.5537595496582227,0.490883,0.414405,neutral,neutral
ENSG00000154781,CCDC174,20898,0.6029352633695215,0.158021712907117,0.6224366706875754,0.6069561720948935,0.4973864093285082,0.284399,0.175462,neutral,regulation-driven
ENSG00000154813,DPH3,7909,0.827503015681544,0.09529553679131483,0.903297145154805,0.8329312424607962,0.6644853236831525,0.631815,0.199337,neutral,neutral
ENSG00000154814,OXNAD1,85140,0.2141133896260555,0.206875753920386,0.28568556493767594,0.21773220747889022,0.23092078809811017,0.779781,0.159027,gene-driven,gene-driven
ENSG00000154917,RAB6B,71648,0.255729794933655,0.7251708886208283,0.9159630076397266,0.25894652191395257,0.5387917169280257,0.406263,0.415812,neutral,neutral
ENSG00000154928,EPHB1,465208,0.016686771210293525,0.6483715319662243,0.7603538399678327,0.018496180136710897,0.3608866103739445,0.123663,0.400231,regulation-driven,regulation-driven
ENSG00000154997,SEPTIN14,69216,0.2623642943305187,0.9881383192601528,0.35605146763168477,0.26558102131081623,0.46787293928427826,0.458082,0.356403,neutral,neutral
ENSG00000155011,DKK2,362005,0.031363088057901084,0.6726980297547246,0.47285886610373945,0.03357458785685565,0.3025130679533574,0.464626,0.35952,neutral,neutral
ENSG00000155016,CYP2U1,21913,0.5890631282669884,0.48954563731403294,0.5126658624849216,0.5930840369923602,0.5458886208283072,0.271733,0.236379,neutral,regulation-driven
ENSG00000155052,CNTNAP5,895933,0.003216726980297547,0.9943707277844793,0.21491757137112988,0.004624045034177724,0.30421190188982716,0.12493,0.395155,regulation-driven,regulation-driven
ENSG00000155087,ODF1,9430,0.7925211097708083,0.9603940490550864,0.3709288299155609,0.7973462002412546,0.7300562927221552,0.734369,0.312525,gene-driven,neutral
ENSG00000155090,KLF10,6942,0.849416968234821,0.3188580619219944,0.4573783675110575,0.8550462404503418,0.6198934459187776,0.287867,0.153548,neutral,regulation-driven
ENSG00000155096,AZIN1,67754,0.2669883393646964,0.01166063530357861,0.6119823080016084,0.27040611178126256,0.2900884599919582,0.150141,0.173603,neutral,neutral
ENSG00000155097,ATP6V1C1,51989,0.33795737836751105,0.06915963007639726,0.9408926417370326,0.34197828709288297,0.42229593888218736,0.340722,0.252965,neutral,neutral
ENSG00000155158,TTC39B,143739,0.11218335343787696,0.3110172899075191,0.4505428226779252,0.11620426216324889,0.24728588661037396,0.438279,0.23839,gene-driven,gene-driven
ENSG00000155189,AGPAT5,52862,0.33293124246079614,0.5190993164455167,0.7529151588258947,0.3365500603136309,0.48519300361881784,0.807941,0.321572,gene-driven,gene-driven
ENSG00000155252,PI4K2A,35764,0.4461198230800161,0.058705267390430235,0.8817852834740652,0.450140731805388,0.45898673100120624,0.324457,0.226679,neutral,neutral
ENSG00000155256,ZFYVE27,23787,0.5649376759147567,0.20365902694008847,0.5981101728990752,0.5689585846401287,0.4837153196622437,0.614711,0.185565,gene-driven,neutral
ENSG00000155269,GPR78,61037,0.2925211097708082,0.9217933252915159,0.12123039806996382,0.29593888218737435,0.40770004020908723,0.821582,0.283675,gene-driven,gene-driven
ENSG00000155275,TRMT44,57392,0.3088057901085645,0.380377965420185,0.22758343385605148,0.31222356252513067,0.3070767993566546,0.198924,0.177021,neutral,neutral
ENSG00000155324,GRAMD2B,136363,0.12042621632488942,0.3620828307197427,0.24728588661037396,0.12424607961399277,0.21331926015279457,0.406517,0.203357,gene-driven,gene-driven
ENSG00000155329,ZCCHC10,29620,0.505026135906715,0.05790108564535585,0.6411338962605548,0.5088459991958183,0.4280357860876558,0.342441,0.165913,neutral,neutral
ENSG00000155363,MOV10,27616,0.5243264977885002,0.2698029754724568,0.3833936469642139,0.5283474065138721,0.4262665862484921,0.046306,0.162193,neutral,neutral
ENSG00000155380,SLC16A1,45747,0.37555287494973866,0.38600723763570566,0.5589063128266988,0.3795737836751106,0.4248090068355448,0.744001,0.242963,gene-driven,gene-driven
ENSG00000155463,OXA1L,6521,0.8578608765581022,0.005227181342983514,0.4330518697225573,0.8634901487736228,0.5396260554885405,0.603342,0.067752,gene-driven,neutral
ENSG00000155511,GRIA1,324255,0.036389223964616,0.8636911942098915,0.72778447929232,0.038801769199839166,0.4165460394049055,0.108424,0.441144,regulation-driven,regulation-driven
ENSG00000155530,LRGUK,137297,0.11942098914354644,0.7519099316445517,0.08866103739445115,0.12324085243264978,0.2706172094893446,0.147778,0.253116,neutral,neutral
ENSG00000155542,SETD9,16273,0.6678729392842783,0.6779252110977081,0.5490550864495376,0.6726980297547246,0.6416465621230398,0.595017,0.28262,gene-driven,neutral
ENSG00000155545,MIER3,52074,0.3375552874949739,0.2440691596300764,0.7623642943305187,0.3415761962203458,0.4211901889827101,0.773571,0.253066,gene-driven,gene-driven
ENSG00000155629,PIK3AP1,127200,0.1328910333735424,0.7303980699638118,0.30176919983916367,0.13650985122637715,0.32521109770808204,0.136862,0.305237,regulation-driven,regulation-driven
ENSG00000155636,RBM45,26588,0.5367913148371531,0.07720144752714113,0.7169280257338159,0.5416164053075995,0.4678930438279051,0.337264,0.18466,neutral,neutral
ENSG00000155660,PDIA4,25601,0.5480498592681946,0.40329714515480497,0.7905106554081223,0.5524728588661038,0.5733614796944109,0.541631,0.278649,gene-driven,neutral
ENSG00000155729,KCTD18,30827,0.4927623642943305,0.031966224366706875,0.2440691596300764,0.49658222758343384,0.3161540008041817,0.328187,0.079363,neutral,neutral
ENSG00000155749,FLACC1,69128,0.2627663852030559,0.8301166063530357,0.04624045034177724,0.26598311218335347,0.3511158021712907,0.547513,0.239747,gene-driven,gene-driven
ENSG00000155754,C2CD6,131758,0.12605548854041013,0.9752714113389626,0.0048250904704463205,0.12987535182951346,0.30881584238037796,0.200141,0.24608,neutral,neutral
ENSG00000155755,TMEM237,23387,0.5697627663852031,0.2860876558102131,0.4881383192601528,0.573783675110575,0.4792420587052674,0.286721,0.183605,neutral,regulation-driven
ENSG00000155760,FZD7,4587,0.905307599517491,0.413751507840772,0.08966626457579413,0.9113389626055488,0.5797145154804986,0.403488,0.107107,neutral,regulation-driven
ENSG00000155761,SPAG17,231639,0.05950944913550463,0.8831926015279453,0.03618817852834741,0.9971853638922397,0.4471351025331725,0.729801,0.468838,gene-driven,gene-driven
ENSG00000155792,DEPTOR,177202,0.08464012866907922,0.5118616807398472,0.6883795737836751,0.08866103739445115,0.3431845597104945,0.268808,0.340722,neutral,neutral
ENSG00000155833,CYLC2,23178,0.5729794933655006,0.9790912746280659,0.030759951749095297,0.5772014475271411,0.5397969441093686,0.664787,0.260203,gene-driven,neutral
ENSG00000155858,LSM11,16998,0.657016485725774,0.49014877362283876,0.49758745476477684,0.6618415761962203,0.5764073180538801,0.536701,0.225975,neutral,neutral
ENSG00000155875,SAXO1,190453,0.07800562927221552,0.9921592279855247,0.04141535987133092,0.08222758343385606,0.29824085243264975,0.757169,0.289204,gene-driven,gene-driven
ENSG00000155886,SLC24A2,281586,0.04503417772416566,0.9869320466425412,0.5715721753116204,0.04804985926819461,0.41274628065942903,0.134158,0.436671,regulation-driven,regulation-driven
ENSG00000155890,TRIM42,23087,0.5745878568556494,0.9786891837555287,0.22014475271411338,0.5788098110172899,0.5878468033775633,0.269702,0.306444,neutral,regulation-driven
ENSG00000155897,ADCY8,260609,0.05066344993968637,0.9018898271009248,0.6905910735826297,0.05367913148371532,0.4240550864495376,0.127463,0.44039,regulation-driven,regulation-driven
ENSG00000155903,RASA2,128318,0.13188580619219945,0.2024527543224769,0.643546441495778,0.1355046240450342,0.2781664656212304,0.208874,0.246482,neutral,neutral
ENSG00000155906,RMND1,53261,0.32971451548049857,0.18697225572979492,0.413751507840772,0.3333333333333333,0.315761962203458,0.157831,0.168074,neutral,regulation-driven
ENSG00000155957,TMBIM4,34182,0.4589867310012063,0.0486529955770004,0.6151990349819059,0.4628065942903096,0.39622034579815035,0.377593,0.161641,neutral,neutral
ENSG00000155975,VPS37A,55497,0.31805388017692,0.16324889425010053,0.6777241656614394,0.32167269802975473,0.3699939686369119,0.275261,0.21919,neutral,neutral
ENSG00000156026,MCU,195552,0.07519099316445517,0.23542420587052673,0.7669883393646965,0.07981503819863289,0.2891234418978689,0.524894,0.284379,gene-driven,gene-driven
ENSG00000156049,GNA14,225244,0.06172094893445919,0.4899477281865702,0.5689585846401287,0.06594290309609972,0.29643144350623246,0.455107,0.318607,neutral,neutral
ENSG00000156127,BATF,24539,0.5562927221552071,0.7326095697627664,0.9211901889827101,0.5603136308805791,0.6924004825090471,0.589566,0.39812,neutral,neutral
ENSG00000156136,DCK,38377,0.42299959790912744,0.3578608765581021,0.838962605548854,0.427221552070768,0.5115500603136308,0.329355,0.291315,neutral,dual-driven
ENSG00000156140,ADAMTS3,288253,0.0428226779252111,0.4654201849618014,0.4143546441495778,0.9943707277844793,0.431664656212304,0.164757,0.489375,regulation-driven,regulation-driven
ENSG00000156150,ALX3,10803,0.7679935665460395,0.7366304784881383,0.527945315641335,0.9931644551668677,0.7451749095295538,0.794253,0.479493,gene-driven,neutral
ENSG00000156172,CFAP418,24289,0.5599115400080418,0.376357056694813,0.38580619219943707,0.5639324487334137,0.47130076397265785,0.489345,0.185062,neutral,neutral
ENSG00000156194,PPEF2,42708,0.39726578206674706,0.7501005227181343,0.44330518697225574,0.4014877362283876,0.49782870928829914,0.326679,0.307801,neutral,regulation-driven
ENSG00000156234,CXCL13,100082,0.18194611982308,0.9899477281865702,0.002010454362685967,0.18576598311218334,0.3397265782066747,0.688019,0.237435,gene-driven,gene-driven
ENSG00000156345,CDK20,8313,0.8178528347406514,0.41355046240450344,0.6984318455971049,0.8232810615199035,0.6880076397265783,0.751417,0.227533,gene-driven,neutral
ENSG00000156374,PCGF6,48349,0.3594692400482509,0.1763168476075593,0.45456373140329714,0.36328910333735426,0.33821873743466024,0.247226,0.171291,neutral,neutral
ENSG00000156384,SFR1,4328,0.9083232810615199,0.5287494973864093,0.42882991556091676,0.9143546441495778,0.694762766385203,0.534922,0.191244,neutral,regulation-driven
ENSG00000156427,FGF18,37980,0.42782468837957377,0.503015681544029,0.8789706473663048,0.43204664254121433,0.5602533172496985,0.557107,0.338561,neutral,neutral
ENSG00000156463,SH3RF2,145214,0.11077603538399679,0.7792521109770808,0.19219943707277845,0.11519903498190591,0.29913550462404503,0.209017,0.29031,neutral,neutral
ENSG00000156466,GDF6,18474,0.6355046240450342,0.46039404905508646,0.5311620426216325,0.6397265782066747,0.5664857257740249,0.337415,0.227986,neutral,regulation-driven
ENSG00000156467,UQCRB,12600,0.7326095697627664,0.29694410936871735,0.7601527945315641,0.7376357056694813,0.6315842380377966,0.792083,0.224166,gene-driven,gene-driven
ENSG00000156471,PTDSS1,75094,0.24607961399276237,0.057096903900281465,0.9286288701246481,0.2494973864093285,0.3701548049859268,0.275593,0.252463,neutral,neutral
ENSG00000156508,EEF1A1,36280,0.44109368717330116,0.3057901085645356,0.3128266988339365,0.4451145958986731,0.376005227181343,0.475224,0.164405,gene-driven,neutral
ENSG00000156510,HKDC1,47221,0.3640932850824286,0.8063932448733414,0.7599517490952955,0.3681141938078006,0.574437072778448,0.295537,0.38847,neutral,regulation-driven
ENSG00000156521,TYSND1,8720,0.8078005629272216,0.5034177724165662,0.31544028950542824,0.8128266988339364,0.6096200241254524,0.290584,0.181946,neutral,neutral
ENSG00000156535,CD109,132532,0.12525130679533575,0.4929634097305991,0.160032167269803,0.12907117008443908,0.22663852030558906,0.069366,0.208685,neutral,neutral
ENSG00000156574,NODAL,16016,0.6712907117008444,0.428226779252111,0.32770406111781264,0.6761158021712907,0.5255930840369923,0.47405,0.178177,gene-driven (relaxed),neutral
ENSG00000156575,PRG3,4382,0.9079211901889828,0.8761560112585445,0.14234016887816647,0.9139525532770406,0.7097909127462807,0.547698,0.23849,neutral,regulation-driven
ENSG00000156587,UBE2L6,16629,0.6622436670687576,0.25090470446320867,0.4557700040209087,0.6670687575392038,0.5087555287494974,0.707587,0.156464,gene-driven,gene-driven
ENSG00000156603,MED19,8512,0.8120225170888621,0.35142742259750703,0.9089264173703256,0.817048652995577,0.7221049457177322,0.493104,0.267491,neutral,regulation-driven
ENSG00000156711,MAPK13,16716,0.6604342581423401,0.414756735022115,0.8311218335343787,0.6654603940490551,0.6426919983916365,0.322618,0.279805,neutral,regulation-driven
ENSG00000156735,BAG4,36769,0.43687173301166066,0.10514676316847607,0.24105347808604743,0.4408926417370326,0.3057901085645356,0.38655,0.101025,neutral,neutral
ENSG00000156804,FBXO32,43318,0.39244069159630074,0.6917973462002412,0.917772416566144,0.3966626457579413,0.5994571773220748,0.289586,0.398673,neutral,regulation-driven
ENSG00000156831,NSMCE2,275447,0.04764776839565742,0.021511861680739847,0.10233212706071572,0.05066344993968637,0.05538801769199839,0.337012,0.093084,neutral,neutral
ENSG00000156869,FRRS1,62666,0.2885002010454363,0.4085243264977885,0.2507036590269401,0.292119018898271,0.30978086047446723,0.371441,0.191697,neutral,neutral
ENSG00000156876,SASS6,49393,0.3536389223964616,0.4991958182549256,0.4638118214716526,0.35725774024929635,0.4182951347004423,0.156142,0.255277,neutral,regulation-driven
ENSG00000156928,MALSU1,12991,0.7253719340570969,0.07519099316445517,0.4205870526739043,0.7305991154000804,0.48767591475673505,0.582097,0.100121,neutral,neutral
ENSG00000156958,GALK2,212214,0.0667470848411741,0.22215520707679937,0.5178930438279051,0.07096903900281464,0.2192299959790913,0.754214,0.240249,gene-driven,gene-driven
ENSG00000156959,LHFPL4,55462,0.3182549256131886,0.867913148371532,0.9412947326095698,0.3218737434660233,0.6121531966224367,0.53842,0.451649,neutral,neutral
ENSG00000156966,B3GNT7,13129,0.7225572979493365,0.7629674306393245,0.5209087253719341,0.7279855247285887,0.6833333333333333,0.46349,0.292169,neutral,regulation-driven
ENSG00000157005,SST,1483,0.9718536389223965,0.7515078407720145,0.9505428226779252,0.978086047446723,0.9126859670285484,0.637415,0.338209,neutral,regulation-driven
ENSG00000157014,TATDN2,33196,0.46984318455971047,0.14696421391234418,0.19360675512665862,0.47366304784881386,0.3208283071974266,0.252214,0.098713,gene-driven,neutral
ENSG00000157020,SEC13,27982,0.5203055890631283,0.2494973864093285,0.9827100924809007,0.5243264977885002,0.5690088459991959,0.312867,0.305589,neutral,regulation-driven
ENSG00000157036,EXOG,46035,0.3719340570969039,0.09509449135504625,0.31363088057901084,0.37595496582227583,0.2889525532770406,0.267813,0.117913,neutral,neutral
ENSG00000157060,SHCBP1L,53661,0.32689987937273823,0.9931644551668677,0.17310012062726177,0.33071974266184156,0.45578005629272217,0.38464,0.31529,neutral,neutral
ENSG00000157064,NMNAT2,170144,0.08866103739445115,0.6968234821069562,0.8701246481704865,0.09308403699236027,0.43695215118616804,0.343647,0.412093,neutral,neutral
ENSG00000157077,ZFYVE9,206583,0.06855649376759147,0.145556895858464,0.4199839163650985,0.07297949336550061,0.1765480498592682,0.321592,0.201799,neutral,neutral
ENSG00000157093,LYZL4,13528,0.7167269802975472,0.9684358665058304,0.19762766385203057,0.7221552070767994,0.6509650180940892,0.585796,0.287998,neutral,neutral
ENSG00000157110,RBPMS,187746,0.0792119018898271,0.45456373140329714,0.8128266988339364,0.08343385605146764,0.35729794933655007,0.317491,0.346301,neutral,neutral
ENSG00000157111,TMEM171,11241,0.757740249296341,0.7141133896260555,0.30016083634901486,0.7627663852030558,0.633443908323281,0.828192,0.239093,gene-driven,gene-driven
ENSG00000157119,KLHL40,7008,0.8476075593084037,0.9473260956976277,0.7155207076799357,0.8532368315239244,0.8406413349416968,0.349105,0.362284,neutral,regulation-driven
ENSG00000157150,TIMP4,5845,0.8737434660233213,0.7006433453960595,0.6893848009650181,0.879372738238842,0.7855046240450342,0.56735,0.287545,neutral,regulation-driven
ENSG00000157184,CPT2,17406,0.6513872135102533,0.3106151990349819,0.7016485725774025,0.656011258544431,0.5796843586650583,0.185474,0.224517,neutral,regulation-driven
ENSG00000157211,CDCP2,21084,0.6003216726980297,0.6588258946521914,0.7263771612384399,0.6043425814234017,0.647265782066747,0.424698,0.324789,neutral,regulation-driven
ENSG00000157303,SUSD3,26446,0.5392038600723763,0.6970245275432247,0.21250502613590672,0.5440289505428226,0.49794933655006035,0.270567,0.235676,neutral,regulation-driven
ENSG00000157330,CFAP107,17500,0.6503819863289103,0.962605548854041,0.1642541214314435,0.6550060313630881,0.6078307197426618,0.512203,0.278699,neutral,neutral
ENSG00000157343,ARMC12,12048,0.7444712505026135,0.8556493767591475,0.33876156011258546,0.7496984318455971,0.6718837957378367,0.408735,0.281715,neutral,regulation-driven
ENSG00000157379,DHRS1,9183,0.7977482911137918,0.24306393244873342,0.5446320868516284,0.8027744270205066,0.5968033775633294,0.470728,0.155006,neutral,neutral
ENSG00000157445,CACNA2D3,952006,0.0022114997989545635,0.4951749095295537,0.5564937675914756,0.003417772416566144,0.26426417370325694,0.32799,0.352181,neutral,neutral
ENSG00000157456,CCNB2,19920,0.6151990349819059,0.8566546039404905,0.6660635303578609,0.6192199437072778,0.6890832328106151,0.540266,0.357157,gene-driven,neutral
ENSG00000157510,AFAP1L1,71779,0.25492561318858065,0.48592681946119826,0.5297547245677523,0.25814234016887816,0.38202653799758746,0.139465,0.277443,neutral,regulation-driven
ENSG00000157593,SLC35B2,3795,0.9221954161640531,0.0365902694008846,0.6720948934459188,0.9284278246883796,0.6395154804985927,0.328649,0.102131,neutral,regulation-driven
ENSG00000157653,,19637,0.6204262163248895,0.9324487334137516,0.04845195014073181,0.6244471250502613,0.5562424607961399,0.474256,0.248191,neutral,neutral
ENSG00000157693,TMEM268,35217,0.4517490952955368,0.30739847205468435,0.23703256936067552,0.4557700040209087,0.36278648974668276,0.426618,0.150281,neutral,neutral
ENSG00000157703,SVOPL,107078,0.16586248492159228,0.7486932046642542,0.45235223160434257,0.1700844390832328,0.38403699236027344,0.52723,0.337706,gene-driven,neutral
ENSG00000157734,SNX22,5767,0.8759549658222758,0.8254925613188581,0.36831523924406917,0.8815842380377965,0.7375552874949739,0.562696,0.264123,neutral,regulation-driven
ENSG00000157765,SLC34A2,30738,0.4939686369119421,0.9099316445516686,0.46883795737836753,0.49758745476477684,0.592400482509047,0.742488,0.34228,gene-driven,gene-driven
ENSG00000157778,PSMG3,3674,0.9256131885806193,0.19159630076397266,0.8108162444712506,0.9318455971049457,0.7146562123039808,0.581313,0.171643,neutral,neutral
ENSG00000157782,CABP1,26699,0.5359871330920788,0.7125050261359067,0.5052271813429835,0.5406111781262566,0.5733514274225975,0.192018,0.297748,neutral,regulation-driven
ENSG00000157833,GAREM2,16576,0.6634499396863691,0.5307599517490953,0.4591877764374749,0.6682750301568154,0.5801769199839164,0.192712,0.228187,neutral,regulation-driven
ENSG00000157884,CIB4,60162,0.29674306393244876,0.9483313228789706,0.24688379573783675,0.30016083634901486,0.44785886610373943,0.50966,0.318506,neutral,neutral
ENSG00000157927,RADIL,86662,0.2080820265379976,0.5770004020908726,0.25412143144350624,0.21170084439083234,0.31254523522316047,0.793102,0.243717,gene-driven,gene-driven
ENSG00000157954,WIPI2,43645,0.3884197828709288,0.2249698431845597,0.9396863691194209,0.3926417370325694,0.4862183353437877,0.708263,0.288651,gene-driven,gene-driven
ENSG00000157978,LDLRAP1,47597,0.36308805790108567,0.512464817048653,0.5233212706071572,0.3671089666264576,0.44129473260956975,0.380901,0.268345,neutral,neutral
ENSG00000157992,KRTCAP3,4116,0.9151588258946521,0.5036188178528347,0.3168476075593084,0.9211901889827101,0.6639022919179735,0.817521,0.165862,gene-driven,gene-driven
ENSG00000157999,ANKRD61,5177,0.8904302372336148,0.7293928427824689,0.2880981101728991,0.8962605548854041,0.7007539203860073,0.545296,0.224316,neutral,regulation-driven
ENSG00000158006,PAFAH2,38351,0.42400482509047044,0.097708082026538,0.28287092882991555,0.428226779252111,0.3079915560916767,0.255519,0.10771,neutral,neutral
ENSG00000158008,EXTL1,16581,0.6630478488138319,0.8717330116606353,0.4163650985122638,0.6678729392842783,0.6545134700442301,0.223743,0.305388,neutral,regulation-driven
ENSG00000158014,SLC30A2,8867,0.8047848813831926,0.8530357860876558,0.6375150784077201,0.8098110172899076,0.7760353839967833,0.406001,0.327151,neutral,regulation-driven
ENSG00000158022,TRIM63,17136,0.6552070767993566,0.9427020506634499,0.7589465219139525,0.6598311218335344,0.7539404905508645,0.314696,0.393999,neutral,regulation-driven
ENSG00000158055,GRHL3,164925,0.09388821873743466,0.8852030558906313,0.39947728186570164,0.09811017289907518,0.36895858464012865,0.739136,0.371029,gene-driven,gene-driven
ENSG00000158077,NLRP14,51048,0.3425814234016888,0.8158423803779654,0.04342581423401689,0.34620024125452353,0.3868315239244069,0.148522,0.230348,neutral,regulation-driven
ENSG00000158079,PTPDC1,79063,0.23341375150784077,0.6546039404905508,0.27683956574185764,0.23642943305186973,0.35017088862082824,0.142632,0.266084,neutral,regulation-driven
ENSG00000158089,GALNT14,244736,0.9849215922798552,0.7283876156011259,0.40530759951749096,0.057498994772818654,0.5904000804181745,0.204091,0.647658,regulation-driven,regulation-driven
ENSG00000158104,HPD,24070,0.5627261761158022,0.9310414153598713,0.8238841978287093,0.5667470848411741,0.7208986731001207,0.386228,0.414757,neutral,regulation-driven
ENSG00000158106,RHPN1,15346,0.682951347004423,0.631081624447125,0.5442299959790913,0.6879774829111379,0.6363088057901085,0.297266,0.267943,neutral,regulation-driven
ENSG00000158109,TPRG1L,5113,0.8922396461600322,0.008242862887012465,0.8202653799758746,0.8980699638118215,0.6544129473260957,0.416566,0.136309,neutral,regulation-driven
ENSG00000158113,LRRC43,35734,0.4469240048250905,0.7708082026537998,0.09509449135504625,0.4509449135504624,0.4407418576598311,0.435414,0.231504,neutral,neutral
ENSG00000158122,PRXL2C,15741,0.6763168476075593,0.21632488942501005,0.5241254523522316,0.6813429835142742,0.5242762364294331,0.684955,0.160686,gene-driven,gene-driven
ENSG00000158156,XKR8,8506,0.8124246079613993,0.4330518697225573,0.3333333333333333,0.8174507438681142,0.5988138319260152,0.358745,0.166114,neutral,regulation-driven
ENSG00000158161,EYA3,118294,0.1461600321672698,0.3351427422597507,0.6103739445114595,0.15018094089264172,0.31026336952151184,0.167752,0.26915,neutral,neutral
ENSG00000158195,WASF2,85938,0.21089666264575793,0.1342983514274226,0.4445114595898673,0.21451548049859268,0.2508745476477684,0.174809,0.17496,neutral,neutral
ENSG00000158220,ESYT3,47101,0.3646964213912344,0.6160032167269803,0.32468837957378366,0.36871733011660635,0.4183252915158826,0.177473,0.251357,neutral,regulation-driven
ENSG00000158246,TENT5B,7831,0.82951347004423,0.5719742661841576,0.7301970245275432,0.8349416968234821,0.7413852030558905,0.548231,0.272768,neutral,regulation-driven
ENSG00000158258,CLSTN2,642213,0.9821069561720949,0.8540410132689988,0.2780458383594692,0.9873341375150784,0.7751206272617611,0.171502,0.871663,regulation-driven,regulation-driven
ENSG00000158292,GPR153,13746,0.7123039806996381,0.256735022114998,0.4987937273823884,0.7177322074788902,0.546119823080016,0.354453,0.161138,neutral,regulation-driven
ENSG00000158315,RHBDL2,56024,0.3148371531966224,0.6606353035786088,0.517490952955368,0.31845597104945716,0.45267390430237237,0.441807,0.309208,neutral,neutral
ENSG00000158402,CDC25C,53087,0.33092078809811015,0.9431041415359871,0.13047848813831925,0.3345396059509449,0.43457981503819865,0.772858,0.287847,gene-driven,gene-driven
ENSG00000158417,EIF5B,63938,0.2832730197024528,0.14817048652995576,0.8423803779654202,0.2866907921190189,0.38995778045838364,0.126639,0.253418,neutral,regulation-driven
ENSG00000158428,CATIP,13106,0.7229593888218737,0.6433453960595095,0.1950140731805388,0.7283876156011259,0.5721552070767993,0.499899,0.202805,neutral,neutral
ENSG00000158457,TSPAN33,24993,0.5526739043023723,0.5492561318858062,0.771210293526337,0.5566948130277443,0.6072577402492964,0.45968,0.310917,neutral,neutral
ENSG00000158458,NRG2,196521,0.07478890229191798,0.4949738640932851,0.3721351025331725,0.0794129473260957,0.2550965018094089,0.110072,0.277493,regulation-driven,neutral
ENSG00000158467,AHCYL2,205182,0.06936067551266586,0.4479292320064335,0.7947326095697628,0.07378367511057499,0.3462303980699638,0.21457,0.343335,neutral,neutral
ENSG00000158516,CPA2,22936,0.5772014475271411,0.9772818657016485,0.4089264173703257,0.5814234016887817,0.6359971853638922,0.300864,0.337405,neutral,regulation-driven
ENSG00000158604,TMED4,5896,0.8725371934057097,0.2762364294330519,0.8443908323281062,0.8781664656212304,0.7175512665862485,0.81534,0.216275,gene-driven,neutral
ENSG00000158623,COPG2,162511,0.09569762766385204,0.3663047848813832,0.869923602734218,0.09971853638922397,0.3577100924809007,0.143416,0.330117,regulation-driven,regulation-driven
ENSG00000158715,SLC45A3,22659,0.5802171290711701,0.8620828307197427,0.4742661841576196,0.5844390832328106,0.6250402090872537,0.257469,0.323231,neutral,regulation-driven
ENSG00000158716,DUSP23,1612,0.9694410936871733,0.2012464817048653,0.804583835946924,0.9756735022114998,0.7374246079613993,0.568376,0.147266,neutral,regulation-driven
ENSG00000158748,HTR6,16092,0.6700844390832328,0.6421391234418978,0.5530759951749096,0.6749095295536791,0.6348110172899075,0.515038,0.274025,neutral,neutral
ENSG00000158769,F11R,25965,0.5434258142340169,0.4581825492561319,0.1753116204262163,0.5480498592681946,0.43101125854443106,0.296472,0.166817,neutral,neutral
ENSG00000158786,PLA2G2F,11059,0.7623642943305187,0.8612786489746683,0.25854443104141533,0.7675914756735022,0.6621833534378769,0.486218,0.26724,neutral,regulation-driven
ENSG00000158793,NIT1,7360,0.8385605146763169,0.17933252915158826,0.3978689183755529,0.8441897868918375,0.5647064736630478,0.304996,0.109871,neutral,regulation-driven
ENSG00000158816,VWA5B1,68644,0.9903498190591074,0.8843988741455568,0.3112183353437877,0.2677925211097708,0.6495677523120225,0.462642,0.624085,dual-driven,dual-driven
ENSG00000158828,PINK1,18054,0.6425412143144351,0.4193807800562927,0.48934459187776436,0.6467631684760756,0.5492963409730599,0.321482,0.208484,neutral,regulation-driven
ENSG00000158850,B4GALT3,6659,0.854443104141536,0.08383594692400483,0.6367108966626458,0.8600723763570567,0.6084841174105349,0.806423,0.122839,gene-driven,gene-driven
ENSG00000158856,DMTN,33533,0.46582227583433855,0.5018094089264173,0.5188982710092481,0.4696421391234419,0.48885203055890625,0.371741,0.255629,neutral,neutral
ENSG00000158859,ADAMTS4,14753,0.6924004825090471,0.5532770406111781,0.29292320064334537,0.6972255729794934,0.5587153196622436,0.270507,0.202402,neutral,regulation-driven
ENSG00000158863,FHIP2B,15762,0.6759147567350221,0.11037394451145958,0.4571773220747889,0.6809408926417371,0.4808504221954162,0.420392,0.120577,gene-driven,neutral
ENSG00000158864,,17620,0.6479694410936871,0.2187374346602332,0.9101326899879373,0.6523924406915963,0.6070868516284681,0.033137,0.255529,neutral,neutral
ENSG00000158869,FCER1G,5466,0.8843988741455568,0.7917169280257338,0.5609167671893848,0.8900281463610776,0.7814837153196622,0.611902,0.283876,neutral,regulation-driven
ENSG00000158882,TOMM40L,4808,0.9000804181745075,0.014475271411338963,0.5963007639726579,0.9061117812625653,0.6039404905508645,0.534386,0.087555,gene-driven,neutral
ENSG00000158966,CACHD1,222930,0.9861278648974668,0.39947728186570164,0.8277040611178126,0.0671491757137113,0.6160635303578608,0.131363,0.636751,regulation-driven,regulation-driven
ENSG00000158985,CDC42SE2,152955,0.10293526336952151,0.36328910333735426,0.7752312022517089,0.10755930840369923,0.3370225170888621,0.691053,0.313028,gene-driven,gene-driven
ENSG00000159164,SV2A,14527,0.6968234821069562,0.7084841174105347,0.731805388017692,0.7016485725774025,0.709449135504624,0.581023,0.325945,gene-driven,neutral
ENSG00000159167,STC1,12878,0.7271813429835142,0.6497788500201045,0.7977482911137918,0.7324085243264978,0.7265178930438279,0.518647,0.32308,neutral,regulation-driven
ENSG00000159173,TNNI1,26083,0.5414153598713309,0.978086047446723,0.9205870526739043,0.5460394049055086,0.7463007639726578,0.433002,0.456825,neutral,regulation-driven
ENSG00000159176,CSRP1,25927,0.5438279051065541,0.5074386811419381,0.9346602332127061,0.5484519501407318,0.6333634901487737,0.46635,0.347155,neutral,dual-driven
ENSG00000159189,C1QC,5097,0.892842782468838,0.7603538399678327,0.3896260554885404,0.8986731001206273,0.7350824286288701,0.336148,0.248945,neutral,regulation-driven
ENSG00000159248,GJD2,3967,0.9189786891837556,0.8954563731403297,0.7157217531162042,0.9250100522718134,0.8634901487736228,0.593858,0.332931,neutral,regulation-driven
ENSG00000159251,ACTC1,5483,0.8837957378367511,0.907318053880177,0.9821069561720949,0.8894250100522718,0.9153799758745476,0.309158,0.443154,neutral,regulation-driven
ENSG00000159339,PADI4,55810,0.3166465621230398,0.9461198230800161,0.20989143546441497,0.32026537997587456,0.44804985926819463,0.285294,0.307901,neutral,regulation-driven
ENSG00000159346,ADIPOR1,17747,0.646562123039807,0.5788098110172899,0.9644149577804584,0.6507840772014475,0.7099316445516686,0.357459,0.370778,neutral,regulation-driven
ENSG00000159374,M1AP,90456,0.19943707277844794,0.778648974668275,0.1395255327704061,0.20305589063128268,0.3299859268194612,0.343573,0.264877,neutral,neutral
ENSG00000159377,PSMB4,2378,0.9539605950944914,0.012464817048652996,0.8228789706473663,0.9601930036188179,0.6870627261761157,0.586057,0.113943,neutral,neutral
ENSG00000159388,BTG2,4112,0.9155609167671894,0.34097305991154003,0.8407720144752714,0.9215922798552473,0.7544229995979091,0.683519,0.220999,gene-driven,neutral
ENSG00000159399,HK2,59233,0.3005629272215521,0.547848813831926,0.7615601125854443,0.3039806996381182,0.4783172496984318,0.189144,0.333333,neutral,regulation-driven
ENSG00000159403,C1R,12327,0.7378367511057499,0.3586650583031765,0.377362283876156,0.7430639324487334,0.5539706473663049,0.182097,0.163953,neutral,regulation-driven
ENSG00000159479,MED8,5892,0.8729392842782469,0.07880981101728991,0.9378769601930036,0.8785685564937676,0.691767189384801,0.202975,0.200945,neutral,regulation-driven
ENSG00000159495,TGM7,25985,0.5430237233614797,0.9491355046240451,0.1895858464012867,0.5476477683956574,0.5571170084439083,0.28459,0.289053,neutral,regulation-driven
ENSG00000159527,PGLYRP3,15837,0.6747084841174106,0.8441897868918375,0.1586248492159228,0.6795335745878569,0.5890229191797347,0.521255,0.249246,gene-driven,neutral
ENSG00000159596,TMEM69,6256,0.8636911942098915,0.06453558504221954,0.38801769199839165,0.8693204664254122,0.5461097708082027,0.57885,0.076448,neutral,neutral
ENSG00000159650,UROC1,36608,0.43807800562927224,0.9823080016083635,0.8478086047446723,0.44209891435464416,0.6773723361479695,0.305519,0.442702,neutral,regulation-driven
ENSG00000159674,SPON2,42031,0.4020908725371934,0.5148773622838761,0.45436268596702856,0.4059107358262967,0.44411942098914353,0.533934,0.251709,gene-driven (relaxed),neutral
ENSG00000159692,CTBP1,38889,0.4205870526739043,0.21069561720948934,0.9477281865701649,0.42480900683554484,0.5007438681141938,0.754954,0.286741,gene-driven,gene-driven
ENSG00000159884,,3222,0.9356654603940491,0.4398874145556896,0.2195416164053076,0.9418978689183756,0.6339364696421391,0.360263,0.133695,neutral,regulation-driven
ENSG00000159921,,62602,0.28870124648170487,0.32549256131885806,0.8411741053478086,0.2923200643345396,0.43674105347808606,0.116134,0.297246,regulation-driven,regulation-driven
ENSG00000160049,,16008,0.671491757137113,0.05367913148371532,0.2730197024527543,0.6763168476075593,0.41838560514676315,0.380619,0.075543,neutral,neutral
ENSG00000160050,,4859,0.8990751909931645,0.4802975472456775,0.8401688781664656,0.9051065540812223,0.7808604744672296,0.782137,0.260203,gene-driven,neutral
ENSG00000160062,,66515,0.2732207478890229,0.34318455971049455,0.41355046240450344,0.27663852030558905,0.32647768395657417,0.344944,0.21542,neutral,neutral
ENSG00000160097,,10215,0.7784479292320065,0.6980297547245677,0.8866103739445115,0.78367511057499,0.7864294330518697,0.814607,0.352986,gene-driven,neutral
ENSG00000160293,,230711,0.06011258544431041,0.1998391636509851,0.744270205066345,0.06373140329714516,0.26680739847205465,0.112053,0.276789,regulation-driven,regulation-driven
ENSG00000160323,,45045,0.37997587454764775,0.5313630880579011,0.21049457177322076,0.3839967832730197,0.37625653397667874,0.286856,0.206172,neutral,neutral
ENSG00000160349,,5103,0.8924406915963008,0.7971451548049859,0.11660635303578609,0.8982710092480901,0.6758242862887013,0.709586,0.216275,gene-driven,neutral
ENSG00000160360,,32130,0.48110172899075193,0.4264173703256936,0.7710092480900683,0.48492159227985526,0.5406714917571371,0.174487,0.286791,neutral,regulation-driven
ENSG00000160404,,3790,0.9223964616003216,0.4256131885806192,0.6021310816244472,0.9286288701246481,0.7193807800562927,0.349542,0.187374,gene-driven,dual-driven
ENSG00000160539,,69564,0.2617611580217129,0.6996381182147166,0.7490952955367913,0.26497788500201047,0.4937072778447929,0.434761,0.372537,neutral,neutral
ENSG00000160563,,226940,0.0609167671893848,0.219340570969039,0.8427824688379574,0.06493767591475673,0.2967933252915159,0.814355,0.293577,gene-driven,gene-driven
ENSG00000160606,,3588,0.9290309609971854,0.4609971853638922,0.4559710494571773,0.9352633695215119,0.6950040209087254,0.807712,0.173452,gene-driven,neutral
ENSG00000160654,,10818,0.7675914756735022,0.7131081624447125,0.18576598311218334,0.7728186570164858,0.6095597104945718,0.526327,0.216626,neutral,neutral
ENSG00000160679,,12325,0.738238841978287,0.06795335745878568,0.8916365098512263,0.7434660233212707,0.6100623240852433,0.733866,0.200593,gene-driven,neutral
ENSG00000160683,,13896,0.708886208283072,0.8815842380377965,0.43063932448733416,0.7141133896260555,0.6835444310414154,0.419733,0.30584,neutral,regulation-driven
ENSG00000160685,,15894,0.6741053478086048,0.4324487334137515,0.06654603940490551,0.6789304382790511,0.4627663852030559,0.134881,0.127563,neutral,regulation-driven
ENSG00000160688,,9774,0.7866907921190189,0.02392440691596301,0.5661439485323683,0.7915158825894653,0.5418275030156815,0.21534,0.105298,neutral,regulation-driven
ENSG00000160714,,10452,0.7740249296340973,0.20506634499396864,0.900281463610776,0.7792521109770808,0.6643948532368316,0.319853,0.234922,neutral,regulation-driven
ENSG00000160716,,12236,0.7406513872135102,0.8019702452754323,0.7187374346602332,0.7458785685564938,0.7515480498592682,0.438113,0.340671,neutral,dual-driven
ENSG00000160741,,10947,0.765178930438279,0.15359871330920788,0.4696421391234419,0.7704061117812626,0.5394451145958987,0.184218,0.124497,neutral,regulation-driven
ENSG00000160767,,8279,0.8186570164857258,0.09207880981101729,0.44813027744270206,0.8240852432649779,0.5454664254121432,0.787517,0.098764,gene-driven,gene-driven
ENSG00000160781,,4798,0.900281463610776,0.7991556091676719,0.49939686369119424,0.906312826698834,0.7759851226377161,0.16739,0.274377,neutral,regulation-driven
ENSG00000160785,,18865,0.6298753518295135,0.1650583031765179,0.9338560514676317,0.634097305991154,0.5905106554081223,0.331092,0.254121,neutral,regulation-driven
ENSG00000160801,,26079,0.5418174507438681,0.7310012062726177,0.5778045838359469,0.5464414957780458,0.5990349819059108,0.169793,0.316797,neutral,regulation-driven
ENSG00000160808,,47069,0.3650985122637716,0.8582629674306393,0.6208283071974267,0.3691194209891435,0.5531262565339766,0.681403,0.373693,gene-driven,neutral
ENSG00000160813,,1216,0.9752714113389626,0.4935665460394049,0.2619622034579815,0.981503819863289,0.6777643747486932,0.548804,0.139576,neutral,neutral
ENSG00000160818,,7196,0.8413751507840772,0.14093285082428628,0.15359871330920788,0.8472054684358665,0.49548652995576997,0.538811,0.059509,gene-driven,neutral
ENSG00000160838,,12463,0.7354242058705267,0.9163650985122638,0.3220747889022919,0.7406513872135102,0.6783675110574989,0.239526,0.294331,neutral,regulation-driven
ENSG00000160867,,11240,0.7579412947326095,0.6809408926417371,0.6202251708886208,0.7629674306393245,0.7052673904302372,0.151206,0.287143,neutral,regulation-driven
ENSG00000160870,,30161,0.4997989545637314,0.879372738238842,0.2253719340570969,0.5036188178528347,0.526849618013671,0.168275,0.286188,neutral,regulation-driven
ENSG00000160886,,5017,0.8944511459589868,0.8315239244069159,0.04563731403297145,0.900281463610776,0.6676819461198231,0.584054,0.21351,gene-driven,neutral
ENSG00000160908,,30981,0.4919581825492561,0.14957780458383596,0.02251708886208283,0.4957780458383595,0.28976678729392846,0.316094,0.04991,neutral,neutral
ENSG00000160973,,2438,0.9517490952955368,0.6264575794129473,0.21190188982710093,0.9579815038198632,0.6867108966626458,0.466305,0.175663,neutral,regulation-driven
ENSG00000160993,,8626,0.8100120627261761,0.07820667470848412,0.5798150381986329,0.8150381986328911,0.5705166867712104,0.522296,0.118215,neutral,neutral
ENSG00000161010,,27041,0.5319662243667069,0.19682348210695616,0.04905508644953759,0.536389223964616,0.3283373542420587,0.230529,0.069411,gene-driven,neutral
ENSG00000161021,,44462,0.38299155609167673,0.12344189786891838,0.37997587454764775,0.38701246481704865,0.31815440289505426,0.374759,0.139174,neutral,neutral
ENSG00000161040,,263651,0.05006031363088058,0.8216726980297547,0.022718134298351428,0.05307599517490953,0.2367310012062726,0.814586,0.248241,gene-driven,gene-driven
ENSG00000161055,,1395,0.9732609569762767,0.8347406513872135,0.23924406915963006,0.9794933655006032,0.7563731403297146,0.593064,0.229594,neutral,regulation-driven
ENSG00000161202,,18238,0.6385203055890631,0.14173703256936068,0.9207880981101729,0.6427422597507036,0.585735826296743,0.456999,0.241305,gene-driven,neutral
ENSG00000161203,,9526,0.7903096099718536,0.06433453960595094,0.9839163650985122,0.7951347004423,0.6581825492561318,0.138319,0.241908,neutral,regulation-driven
ENSG00000161204,,7918,0.8273019702452754,0.3301166063530358,0.827503015681544,0.8327301970245276,0.7041415359871331,0.249457,0.234318,neutral,regulation-driven
ENSG00000161328,,17386,0.6517893043827905,0.7434660233212707,0.11942098914354644,0.6564133494169683,0.542541214314435,0.305991,0.217833,neutral,regulation-driven
ENSG00000161638,,24006,0.5631282669883394,0.6007237635705669,0.38781664656212306,0.5671491757137113,0.5295034177724166,0.237422,0.241456,neutral,neutral
ENSG00000161850,,12405,0.7366304784881383,0.7696019300361882,0.38057901085645357,0.7418576598311218,0.6569059107358264,0.579509,0.268848,gene-driven,neutral
ENSG00000161911,,5011,0.894853236831524,0.8230800160836349,0.18536389223964617,0.9006835544833133,0.7007036590269402,0.424628,0.23261,neutral,regulation-driven
ENSG00000161980,,7202,0.8411741053478086,0.14475271411338964,0.9784881383192602,0.8470044229995979,0.7025633293124245,0.635877,0.252764,neutral,neutral
ENSG00000162065,,34621,0.4561720948934459,0.27261761158021713,0.4601930036188179,0.45999195818254923,0.4120526739043024,0.795261,0.18647,gene-driven,gene-driven
ENSG00000162068,,2849,0.9433051869722557,0.6447527141133896,0.2513067953357459,0.9495375954965822,0.696913952553277,0.497447,0.188179,neutral,regulation-driven
ENSG00000162069,,9263,0.7969441093687173,0.5820265379975874,0.1825492561318858,0.8019702452754323,0.5906212303980699,0.440862,0.179534,gene-driven,neutral
ENSG00000162073,,4215,0.9131483715319663,0.45516686771210296,0.6099718536389224,0.9191797346200241,0.724065138721351,0.422286,0.198482,neutral,regulation-driven
ENSG00000162086,,13447,0.7179332529151589,0.2326095697627664,0.14877362283876155,0.7233614796944109,0.4553980699638118,0.347417,0.091978,neutral,neutral
ENSG00000162139,,30615,0.4945717732207479,0.4700442299959791,0.16284680337756333,0.49819059107358266,0.4062324085243265,0.256363,0.169934,neutral,neutral
ENSG00000162148,,9812,0.7858866103739445,0.7957378367511058,0.2255729794933655,0.7907117008443908,0.6492360273421793,0.521954,0.242008,gene-driven,neutral
ENSG00000162188,,1526,0.9706473663047849,0.8476075593084037,0.913751507840772,0.9768797748291114,0.9269099316445517,0.604976,0.347155,neutral,regulation-driven
ENSG00000162231,,14180,0.7038600723763571,0.18395657418576597,0.6592279855247286,0.7090872537193406,0.5637716123843989,0.24227,0.178378,neutral,regulation-driven
ENSG00000162236,,25192,0.5508644953759549,0.04523522316043426,0.9195818254925613,0.5550864495375954,0.5174809006835545,0.824015,0.225623,gene-driven,gene-driven
ENSG00000162241,,8510,0.8122235625251307,0.47929232006433453,0.45556895858464014,0.8172496984318456,0.640832328106152,0.804846,0.197829,gene-driven,gene-driven
ENSG00000162267,,14032,0.705870526739043,0.9087253719340571,0.4069159630076397,0.7110977080820265,0.6828910333735425,0.183876,0.30961,neutral,regulation-driven
ENSG00000162341,,87385,0.20506634499396864,0.22155207076799358,0.3291113791716928,0.20868516284680338,0.24092279855247284,0.172085,0.17305,neutral,neutral
ENSG00000162344,,5785,0.8755528749497387,0.8596702854845195,0.39806996381182147,0.8811821471652593,0.7533373542420587,0.600935,0.278448,neutral,regulation-driven
ENSG00000162365,,12293,0.7394451145958987,0.9314435062324086,0.31021310816244474,0.7446722959388822,0.6811821471652594,0.537803,0.295537,gene-driven,neutral
ENSG00000162368,,61077,0.2923200643345396,0.2565339766787294,0.7137112987535182,0.29573783675110576,0.3894049055086449,0.379011,0.25191,neutral,neutral
ENSG00000162377,,13899,0.7084841174105347,0.20969039002814635,0.8061921994370728,0.7137112987535182,0.6092581423401688,0.589113,0.217883,neutral,neutral
ENSG00000162383,,55460,0.31845597104945716,0.5060313630880579,0.8468033775633294,0.3220747889022919,0.49816043425814227,0.205006,0.340973,neutral,regulation-driven
ENSG00000162384,,6536,0.8570566948130277,0.15540812223562525,0.9555689585846401,0.8626859670285485,0.7073984720546843,0.517531,0.234218,neutral,regulation-driven
ENSG00000162391,,14376,0.6998391636509851,0.8291113791716928,0.24205870526739043,0.7046642541214314,0.6186771210293526,0.281946,0.261811,neutral,regulation-driven
ENSG00000162398,,36190,0.44189786891837557,0.8602734217933253,0.10313630880579011,0.4459187776437475,0.46260554885404104,0.418154,0.254172,neutral,neutral
ENSG00000162399,,18240,0.6383192601527945,0.9026940088459992,0.19622034579815037,0.6425412143144351,0.5947326095697627,0.550503,0.27498,neutral,neutral
ENSG00000162407,,150541,0.10514676316847607,0.41696823482106954,0.7004422999597909,0.1097708082026538,0.3328508242862887,0.328388,0.315641,neutral,neutral
ENSG00000162409,,70022,0.2607559308403699,0.6208283071974267,0.902291917973462,0.2639726578206675,0.5118013671089666,0.27123,0.38661,neutral,regulation-driven
ENSG00000162415,,289811,0.0424205870526739,0.49718536389223966,0.571773220747889,0.04563731403297145,0.2890932850824286,0.214978,0.328257,neutral,neutral
ENSG00000162419,,50576,0.3457981503819863,0.0973059911540008,0.7096903900281464,0.34921592279855246,0.3753317249698432,0.278599,0.206021,neutral,neutral
ENSG00000162426,,26054,0.5422195416164053,0.4213912344189787,0.8387615601125854,0.5468435866505831,0.5870727784479293,0.302498,0.295788,neutral,dual-driven
ENSG00000162437,,88158,0.20365902694008847,0.26558102131081623,0.24567752312022517,0.2072778447929232,0.23036791314837152,0.269009,0.164405,neutral,neutral
ENSG00000162441,,21295,0.597708082026538,0.09469240048250904,0.9362685967028549,0.6017289907519099,0.5573984720546843,0.486253,0.239948,gene-driven,neutral
ENSG00000162456,,6007,0.8695215118616807,0.8693204664254122,0.4083232810615199,0.8751507840772015,0.7552975472456775,0.581574,0.282117,neutral,regulation-driven
ENSG00000162460,,5484,0.8835946924004825,0.8560514676316847,0.5140731805388018,0.8892239646160032,0.785454362685967,0.400774,0.292923,neutral,regulation-driven
ENSG00000162461,,5135,0.8914354644149578,0.4809006835544833,0.5579010856453559,0.8972657820667471,0.7065842380377967,0.552533,0.20195,neutral,regulation-driven
ENSG00000162490,,34148,0.45999195818254923,0.6668677121029353,0.3717330116606353,0.4638118214716526,0.49041013268998795,0.550171,0.264827,neutral,neutral
ENSG00000162494,,39031,0.4193807800562927,0.8271009248090069,0.6566143948532368,0.42360273421793326,0.5814636107760354,0.58262,0.370828,neutral,neutral
ENSG00000162510,,12309,0.7384398874145557,0.5032167269802975,0.8693204664254122,0.7436670687575392,0.7133996783273019,0.506886,0.303428,neutral,regulation-driven
ENSG00000162511,,25306,0.5502613590671491,0.8198632891033374,0.37072778447929233,0.5544833132287897,0.5736228387615601,0.345567,0.29423,neutral,regulation-driven
ENSG00000162512,,39293,0.41737032569360677,0.4571773220747889,0.33152392440691597,0.4215922798552473,0.40670486529955774,0.250633,0.207831,neutral,regulation-driven
ENSG00000162517,,15031,0.6871733011660636,0.3162444712505026,0.7408524326497788,0.6921994370727784,0.6088661037394452,0.438189,0.231202,neutral,regulation-driven
ENSG00000162520,,23691,0.5659429030960997,0.6594290309609971,0.19601930036188178,0.5699638118214716,0.497637716123844,0.713046,0.220094,gene-driven,gene-driven
ENSG00000162522,,33141,0.4706473663047849,0.4382790510655408,0.13108162444712504,0.4744672295938882,0.3784278246883796,0.119893,0.156866,neutral,regulation-driven
ENSG00000162526,,12792,0.7289907519099317,0.6284680337756333,0.18094089264173704,0.7342179332529152,0.5678930438279052,0.825935,0.195718,gene-driven,gene-driven
ENSG00000162542,,117706,0.1471652593486128,0.3230800160836349,0.3518295134700442,0.1513872135102533,0.24315440289505427,0.356986,0.213762,neutral,neutral
ENSG00000162545,,3820,0.9219943707277845,0.5552874949738641,0.8112183353437877,0.928226779252111,0.8038701246481704,0.649397,0.264526,neutral,regulation-driven
ENSG00000162592,,25186,0.5510655408122236,0.9774829111379172,0.0424205870526739,0.5552874949738641,0.5313530357860876,0.262264,0.259047,neutral,regulation-driven
ENSG00000162594,,121073,0.14133494169682348,0.8781664656212304,0.025733815842380377,0.14535585042219543,0.2974467229593888,0.106715,0.249698,neutral,regulation-driven
ENSG00000162598,,86502,0.20868516284680338,0.9232006433453961,0.0303578608765581,0.21230398069963813,0.3434559710494572,0.363068,0.256232,neutral,neutral
ENSG00000162599,,597530,0.010655408122235626,0.2810615199034982,0.8351427422597507,0.012263771612384398,0.2847004422999598,0.704433,0.315692,gene-driven,gene-driven
ENSG00000162601,,56651,0.3112183353437877,0.16586248492159228,0.4020908725371934,0.31463610776035383,0.29828106151990347,0.271758,0.163048,neutral,neutral
ENSG00000162616,,38790,0.4209891435464415,0.31021310816244474,0.8811821471652593,0.425211097708082,0.5091877764374749,0.348,0.291214,neutral,regulation-driven
ENSG00000162621,,43236,0.39324487334137515,0.8122235625251307,0.019903498190591073,0.3974668275030157,0.40549859268194616,0.303136,0.216074,neutral,neutral
ENSG00000162624,,33100,0.47104945717732205,0.8807800562927222,0.8835946924004825,0.47486932046642544,0.6773823884197829,0.284821,0.429534,neutral,regulation-driven
ENSG00000162630,,7884,0.8283071974266184,0.5846401286690792,0.0550864495375955,0.8337354242058705,0.5751708886208283,0.565913,0.150181,neutral,neutral
ENSG00000162631,,344917,0.03337354242058705,0.5723763570566948,0.7496984318455971,0.03558504221954162,0.3476477683956574,0.650375,0.377463,gene-driven (relaxed),gene-driven (relaxed)
ENSG00000162636,,84812,0.2147165259348613,0.24165661439485323,0.779654201849618,0.218335343787696,0.3634097305991154,0.347748,0.270155,neutral,neutral
ENSG00000162639,,13237,0.7207478890229192,0.7983514274225975,0.33071974266184156,0.7261761158021713,0.6437273823884198,0.204554,0.26734,neutral,regulation-driven
ENSG00000162642,,9720,0.7880981101728991,0.07458785685564938,0.6511861680739848,0.7929232006433454,0.5764575794129474,0.522949,0.137314,neutral,neutral
ENSG00000162650,,9326,0.7955367913148371,0.45476477683956573,0.3232810615199035,0.8005629272215521,0.5932850824286289,0.170389,0.172045,neutral,neutral
ENSG00000162664,,40424,0.41154000804181745,0.19702452754322478,0.5924809006835545,0.41556091676718937,0.40395054282267795,0.737681,0.198532,gene-driven,gene-driven
ENSG00000162670,,380747,0.02754322476879775,0.740249296340973,0.6958182549256132,0.029553679131483716,0.37319059107358266,0.17299,0.412445,regulation-driven,regulation-driven
ENSG00000162676,,13883,0.7092882991556092,0.5898673100120627,0.6334941696823482,0.7145154804985927,0.661529955770004,0.293034,0.273573,neutral,regulation-driven
ENSG00000162692,,19304,0.6252513067953357,0.7720144752714113,0.14435062324085243,0.6292722155207077,0.5425211097708081,0.152382,0.232861,neutral,regulation-driven
ENSG00000162704,,14938,0.6889827100924809,0.40611178126256536,0.9527543224768797,0.6940088459991958,0.6852131081624446,0.599175,0.3173,gene-driven,neutral
ENSG00000162711,,116778,0.14977885002010455,0.7511057498994773,0.028347406513872134,0.15400080418174508,0.27059710494571776,0.078272,0.221703,neutral,neutral
ENSG00000162714,,34456,0.4577804583835947,0.30136710896662644,0.06634499396863691,0.46160032167269804,0.32158222758343386,0.510531,0.106604,gene-driven,gene-driven
ENSG00000162722,,22952,0.5770004020908726,0.7291917973462002,0.10856453558504221,0.5812223562525131,0.49878367511057503,0.46916,0.216526,neutral,neutral
ENSG00000162723,,2746,0.9459187776437474,0.745275432247688,0.19260152794531565,0.952151186168074,0.70867511057499,0.512143,0.206624,neutral,regulation-driven
ENSG00000162728,,9026,0.8007639726578206,0.9278246883795738,0.6924004825090471,0.8057901085645356,0.8064435062324086,0.222527,0.359218,neutral,regulation-driven
ENSG00000162734,,9997,0.7814636107760354,0.4286288701246482,0.951145958986731,0.7866907921190189,0.7367209489344593,0.473653,0.310716,neutral,regulation-driven
ENSG00000162738,,28115,0.5188982710092481,0.45335745878568556,0.8190591073582629,0.52291917973462,0.5783574587856856,0.359278,0.300965,neutral,regulation-driven
ENSG00000162739,,38233,0.4256131885806192,0.7822677925211098,0.007840772014475271,0.42983514274225976,0.41117812625653394,0.390903,0.195617,neutral,neutral
ENSG00000162745,,40678,0.4093285082428629,0.5233212706071572,0.45255327704061116,0.4133494169682348,0.44943707277844785,0.255499,0.252463,neutral,regulation-driven
ENSG00000162746,,6600,0.8562525130679534,0.4662243667068758,0.22999597909127462,0.861881785283474,0.6033071974266184,0.425675,0.152141,gene-driven,dual-driven
ENSG00000162755,,1986,0.9618013671089666,0.7450743868114194,0.31262565339766785,0.9680337756332931,0.7465721753116203,0.462585,0.216828,neutral,regulation-driven
ENSG00000162761,,154849,0.10112585444310414,0.7549256131885806,0.6765178930438279,0.10574989947728186,0.40934861278648976,0.40381,0.394954,neutral,neutral
ENSG00000162763,,19958,0.6145958986731002,0.973059911540008,0.39384800965018096,0.618616807398472,0.6498291113791717,0.559751,0.328408,neutral,neutral
ENSG00000162775,,8176,0.8202653799758746,0.3725371934057097,0.2720144752714113,0.8256936067551267,0.5723562525130679,0.307898,0.139877,gene-driven,dual-driven
ENSG00000162777,,18567,0.634097305991154,0.5669481302774427,0.5349819059107358,0.6383192601527945,0.5933755528749498,0.42887,0.25578,neutral,regulation-driven
ENSG00000162813,,32981,0.4724567752312023,0.15480498592681946,0.8616807398472055,0.4764776839565742,0.4911540008041818,0.676884,0.242008,gene-driven (relaxed),gene-driven (relaxed)
ENSG00000162814,,240373,0.9851226377161239,0.9766787293928428,0.07760353839967833,0.05971049457177322,0.571049457177322,0.372608,0.606645,regulation-driven,regulation-driven
ENSG00000162819,,22644,0.5806192199437072,0.07840772014475271,0.9225975070365903,0.5848411741053479,0.5414053075995174,0.439072,0.232559,gene-driven,neutral
ENSG00000162836,,40873,0.4083232810615199,0.3047848813831926,0.2935263369521512,0.41234418978689186,0.3545436268596703,0.750805,0.16345,gene-driven,gene-driven
ENSG00000162843,,150500,0.10534780860474467,0.9853236831523925,0.09047044632086852,0.1099718536389224,0.32254724567752313,0.156293,0.304031,neutral,regulation-driven
ENSG00000162851,,25701,0.5464414957780458,0.3108162444712505,0.12927221552070767,0.5508644953759549,0.38412746280659427,0.443215,0.118516,neutral,neutral
ENSG00000162873,,21030,0.6009248090068355,0.9316445516686771,0.6546039404905508,0.6049457177322075,0.6978287092882992,0.823713,0.373945,gene-driven,neutral
ENSG00000162878,,10497,0.7726176115802171,0.48713309207880984,0.48110172899075193,0.7778447929232006,0.6294129473260958,0.359871,0.208936,neutral,regulation-driven
ENSG00000162885,,57263,0.30940892641737033,0.2322074788902292,0.5432247687977483,0.3128266988339365,0.34924607961399273,0.238199,0.20969,neutral,neutral
ENSG00000162889,,49377,0.3538399678327302,0.08041817450743868,0.8548451950140732,0.35745878568556494,0.41145958986731,0.286661,0.233464,neutral,neutral
ENSG00000162891,,3601,0.928226779252111,0.6650583031765179,0.34418978689183755,0.9344591877764374,0.7176718938480097,0.539264,0.208886,neutral,regulation-driven
ENSG00000162894,,19931,0.6149979895456373,0.8106151990349819,0.04965822275834338,0.6190188982710092,0.5233715319662243,0.295617,0.219893,neutral,regulation-driven
ENSG00000162896,,17945,0.6439485323683153,0.9113389626055488,0.06815440289505428,0.6481704865299558,0.5676919983916365,0.321612,0.249296,neutral,regulation-driven
ENSG00000162897,,12661,0.7310012062726177,0.9111379171692803,0.061519903498190594,0.7362283876156012,0.6097104945717733,0.267481,0.244572,neutral,regulation-driven
ENSG00000162909,,74426,0.24809006835544833,0.20466425412143144,0.6513872135102533,0.2513067953357459,0.33870124648170485,0.143436,0.232509,neutral,regulation-driven
ENSG00000162924,,50122,0.34821069561720946,0.37897064736630476,0.35544833132287895,0.3518295134700442,0.3584338560514676,0.794938,0.201448,gene-driven,gene-driven
ENSG00000162928,,34766,0.45536791314837155,0.06272617611580217,0.7643747486932047,0.4591877764374749,0.4352231604342581,0.374558,0.196522,neutral,neutral
ENSG00000162929,,72164,0.25371934057096907,0.23944511459589868,0.6761158021712907,0.2569360675512666,0.3563932448733414,0.160414,0.244672,neutral,regulation-driven
ENSG00000162931,,8927,0.8029754724567753,0.8047848813831926,0.14977885002010455,0.8080016083634901,0.6411338962605548,0.7668,0.229795,gene-driven,neutral
ENSG00000162961,,171997,0.08765581021310816,0.09087253719340571,0.8530357860876558,0.09187776437474869,0.2806493767591476,0.609499,0.2596,neutral,neutral
ENSG00000162971,,26824,0.5339766787293928,0.025331724969843185,0.7762364294330518,0.538399678327302,0.468264977885002,0.641415,0.182197,gene-driven,gene-driven
ENSG00000162976,,23673,0.5667470848411741,0.38098110172899075,0.41958182549256134,0.5707679935665461,0.48431845597104944,0.398444,0.191697,gene-driven,neutral
ENSG00000162981,,18115,0.6411338962605548,0.4957780458383595,0.023522316043425813,0.6453558504221955,0.45123642943305187,0.523713,0.126257,neutral,neutral
ENSG00000162989,,160500,0.09690390028146362,0.7521109770808203,0.9201849618013671,0.10092480900683555,0.46733011660635304,0.305589,0.430489,neutral,regulation-driven
ENSG00000162998,,33363,0.4674306393244873,0.7872939284278246,0.7036590269400884,0.4712505026135907,0.6072175311620427,0.376186,0.364948,neutral,regulation-driven
ENSG00000162999,,21450,0.5952955367913149,0.40751909931644553,0.6897868918375553,0.5993164455166867,0.5727784479292319,0.507791,0.254172,neutral,neutral
ENSG00000163013,,29797,0.503015681544029,0.645556895858464,0.573783675110575,0.5068355448331323,0.5571069561720949,0.349653,0.298201,neutral,dual-driven
ENSG00000163026,,20229,0.611178126256534,0.16485725774024929,0.219340570969039,0.6151990349819059,0.40244270205066346,0.771895,0.098261,gene-driven,gene-driven
ENSG00000163050,,47259,0.36389223964616,0.728789706473663,0.6889827100924809,0.36791314837153194,0.5371934057096904,0.152654,0.358112,regulation-driven,regulation-driven
ENSG00000163053,,34012,0.46160032167269804,0.4139525532770406,0.389827100924809,0.46562123039806996,0.4325492561318858,0.297296,0.205569,neutral,neutral
ENSG00000163071,,45996,0.3729392842782469,0.8176517893043828,0.25914756735022115,0.3769601930036188,0.45647366304784875,0.53003,0.285485,gene-driven,neutral
ENSG00000163082,,138079,0.11761158021712907,0.5556895858464013,0.2004422999597909,0.1214314435062324,0.24860273421793322,0.456112,0.237384,neutral,neutral
ENSG00000163104,,83682,0.21712907117008443,0.1405307599517491,0.5653397667872939,0.22054684358665058,0.2857157217531162,0.121421,0.202453,neutral,regulation-driven
ENSG00000163106,,44342,0.3839967832730197,0.485524728588661,0.330518697225573,0.38801769199839165,0.39681342983514273,0.501578,0.217682,neutral,neutral
ENSG00000163121,,10464,0.7736228387615601,0.6889827100924809,0.4036992360273422,0.7788500201045436,0.6610273421793325,0.399985,0.24804,gene-driven,dual-driven
ENSG00000163125,,113476,0.15621230398069963,0.2195416164053076,0.3283071974266184,0.16083634901487737,0.21599316445516686,0.133303,0.181444,neutral,neutral
ENSG00000163126,,33409,0.46702854845195013,0.5416164053075995,0.17350221149979894,0.47084841174105346,0.4130579010856454,0.391858,0.193406,neutral,neutral
ENSG00000163131,,35879,0.44531564133494167,0.7388419782870929,0.3234821069561721,0.44933655006031364,0.4890430237233615,0.225286,0.273522,neutral,neutral
ENSG00000163132,,4272,0.9093285082428629,0.611178126256534,0.7165259348612787,0.9153598713309208,0.7877965420184962,0.56161,0.260052,neutral,regulation-driven
ENSG00000163155,,6201,0.8650985122637717,0.2728186570164857,0.4837153196622437,0.8705267390430237,0.6227683956574186,0.526417,0.143094,neutral,neutral
ENSG00000163162,,37483,0.43104141535987134,0.5747889022919179,0.45536791314837155,0.43526336952151184,0.47390430237233616,0.304544,0.262867,neutral,regulation-driven
ENSG00000163170,,12513,0.734821069561721,0.11359067149175714,0.6318858061921995,0.7398472054684359,0.5547848813831926,0.606805,0.14998,neutral,neutral
ENSG00000163217,,10489,0.7728186570164858,0.8797748291113792,0.6087655810213108,0.7780458383594693,0.7595898673100121,0.541265,0.332378,neutral,regulation-driven
ENSG00000163218,,18722,0.6316847607559308,0.8264977885002011,0.0914756735022115,0.6359067149175713,0.5461801367108967,0.458303,0.234268,neutral,neutral
ENSG00000163220,,3170,0.9366706875753921,0.7923200643345396,0.291113791716928,0.9429030960997186,0.7404402895054283,0.632429,0.234419,neutral,neutral
ENSG00000163221,,1911,0.9640128669079212,0.8650985122637717,0.2621632488942501,0.9702452754322477,0.7650683554483314,0.637897,0.242561,neutral,neutral
ENSG00000163239,,45929,0.3741455568958585,0.7943305186972256,0.02070767993566546,0.3781664656212304,0.3916365098512264,0.396783,0.213762,neutral,neutral
ENSG00000163273,,4588,0.9051065540812223,0.5583031765178931,0.3351427422597507,0.9111379171692803,0.6771210293526337,0.613711,0.184811,neutral,neutral
ENSG00000163291,,52312,0.3363490148773623,0.5267390430237233,0.9268194611982308,0.3403699236027342,0.5323683152392441,0.452432,0.36344,neutral,neutral
ENSG00000163293,,126032,0.13570566948130278,0.7754322476879775,0.3884197828709288,0.1395255327704061,0.35957981503819864,0.534454,0.333484,gene-driven,gene-driven
ENSG00000163295,,4629,0.904302372336148,0.9374748693204664,0.30297547245677525,0.9103337354242059,0.763470044229996,0.541606,0.281464,neutral,regulation-driven
ENSG00000163328,,55524,0.3176517893043828,0.4449135504624045,0.5830317651789304,0.32127060715721756,0.41653598713309203,0.163158,0.270507,neutral,regulation-driven
ENSG00000163344,,11980,0.7458785685564938,0.18335343787696018,0.48431845597104944,0.7511057498994773,0.540902694008846,0.582278,0.136057,neutral,neutral
ENSG00000163347,,16740,0.660032167269803,0.7169280257338159,0.6956172094893446,0.6650583031765179,0.6841576196220346,0.592933,0.324839,neutral,neutral
ENSG00000163348,,6828,0.8516284680337757,0.11901889827100925,0.3347406513872135,0.8572577402492964,0.5403799758745477,0.703291,0.082881,gene-driven,gene-driven
ENSG00000163357,,17107,0.656011258544431,0.8307197426618416,0.20828307197426618,0.6606353035786088,0.588681141938078,0.408566,0.258645,neutral,dual-driven
ENSG00000163380,,16968,0.6576196220345798,0.9215922798552473,0.5677523120225171,0.6626457579412948,0.702151186168074,0.29238,0.34816,neutral,regulation-driven
ENSG00000163382,,17752,0.6463610776035384,0.016284680337756333,0.37876960193003617,0.650583031765179,0.4227885002010454,0.431443,0.085294,gene-driven,neutral
ENSG00000163389,,25746,0.5462404503417773,0.16143948532368316,0.8180538801769199,0.5506634499396864,0.5188781664656212,0.320366,0.224719,neutral,regulation-driven
ENSG00000163393,,93542,0.19320466425412144,0.30639324487334135,0.44290309609971856,0.19682348210695616,0.28465018094089267,0.210103,0.220597,neutral,neutral
ENSG00000163394,,9089,0.7999597909127463,0.9457177322074789,0.8297145154804986,0.8049859268194612,0.8448431845597105,0.503297,0.394702,neutral,regulation-driven
ENSG00000163428,,24846,0.5538801769199839,0.22959388821873744,0.6813429835142742,0.5579010856453559,0.5054784881383193,0.364646,0.213158,neutral,neutral
ENSG00000163431,,50093,0.3486127864897467,0.6334941696823482,0.3403699236027342,0.35223160434258144,0.41849618013671086,0.405338,0.261409,neutral,neutral
ENSG00000163440,,35727,0.44732609569762766,0.9871330920788098,0.5792119018898271,0.4513470044229996,0.6160534780860474,0.726678,0.388269,gene-driven,neutral
ENSG00000163444,,17475,0.6509851226377161,0.146562123039807,0.8642943305186972,0.6556091676718938,0.5791314837153196,0.395084,0.222256,neutral,regulation-driven
ENSG00000163453,,79613,0.231805388017692,0.6773220747889023,0.31403297145154807,0.23482106956172094,0.36434459187776436,0.715588,0.280509,gene-driven,gene-driven
ENSG00000163463,,4068,0.9173703256936068,0.18214716525934863,0.9698431845597105,0.9234016887816646,0.7478890229191798,0.818832,0.238892,gene-driven,neutral
ENSG00000163472,,10251,0.7770406111781263,0.6821471652593486,0.3172496984318456,0.7822677925211098,0.6394149577804583,0.424528,0.230499,neutral,regulation-driven
ENSG00000163481,,8111,0.8220747889022919,0.12082830719742661,0.39927623642943305,0.827503015681544,0.5421491757137114,0.454142,0.098563,neutral,neutral
ENSG00000163485,,76752,0.23964616003216727,0.7177322074788902,0.705870526739043,0.2428628870124648,0.4763671089666265,0.36926,0.371783,neutral,neutral
ENSG00000163492,,220381,0.9863289103337354,0.8003618817852834,0.08745476477683957,0.06835544833132289,0.531523924406916,0.17508,0.572668,regulation-driven,regulation-driven
ENSG00000163497,,4098,0.9161640530759951,0.7460796139927623,0.8196622436670687,0.9221954161640531,0.850723763570567,0.593064,0.318556,neutral,regulation-driven
ENSG00000163501,,6498,0.8586650583031765,0.748291113791717,0.6775231202251709,0.8642943305186972,0.7869119420989144,0.518647,0.301317,neutral,regulation-driven
ENSG00000163507,,39781,0.414756735022115,0.6033373542420587,0.46984318455971047,0.41877764374748694,0.47647768395657414,0.310746,0.275734,neutral,regulation-driven
ENSG00000163508,,6763,0.8526336952151187,0.817048652995577,0.5566948130277443,0.8582629674306393,0.7708785685564938,0.521211,0.294632,gene-driven,dual-driven
ENSG00000163510,,62422,0.28930438279051063,0.12022517088862082,0.6268596702854845,0.29292320064334537,0.3321471652593486,0.218727,0.200442,neutral,neutral
ENSG00000163513,,87772,0.20466425412143144,0.3646964213912344,0.6533976678729393,0.20828307197426618,0.3575794129473261,0.149702,0.277543,neutral,neutral
ENSG00000163517,,26701,0.5357860876558103,0.5568958584640129,0.8182549256131886,0.5404101326899879,0.612605548854041,0.739918,0.325241,gene-driven,neutral
ENSG00000163518,,24339,0.5589063128266988,0.855448331322879,0.024929634097305992,0.5629272215520708,0.50035182951347,0.424005,0.224015,neutral,neutral
ENSG00000163527,,105911,0.16928025733815844,0.40028146361077604,0.9455166867712103,0.17330116606353035,0.42189384800965013,0.178729,0.344692,regulation-driven,regulation-driven
ENSG00000163528,,12794,0.728789706473663,0.014274225975070366,0.9129473260956976,0.7340168878166465,0.5972456775231202,0.595808,0.195215,neutral,neutral
ENSG00000163530,,22730,0.5794129473260957,0.97708082026538,0.04945717732207479,0.5836349014877362,0.5471853638922397,0.57313,0.26156,neutral,neutral
ENSG00000163536,,90327,0.1998391636509851,0.6604342581423401,0.6405307599517491,0.20345798150381986,0.42588459991958183,0.298462,0.348361,neutral,neutral
ENSG00000163545,,19683,0.618616807398472,0.6399276236429433,0.5321672698029755,0.622637716123844,0.6031363088057901,0.435756,0.276136,neutral,regulation-driven
ENSG00000163558,,83554,0.21813429835142742,0.24768797748291113,0.9344591877764374,0.22155207076799358,0.40528749497386407,0.166747,0.302473,neutral,regulation-driven
ENSG00000163565,,55188,0.319059107358263,0.38761560112585447,0.006031363088057901,0.3226779252110977,0.25866505830317654,0.692748,0.097457,gene-driven,gene-driven
ENSG00000163568,,131715,0.12625653397667874,0.7870928829915561,0.0016083634901487736,0.13007639726578207,0.26106755126658626,0.326096,0.19426,neutral,neutral
ENSG00000163577,,20227,0.6113791716928025,0.4517490952955368,0.9622034579815039,0.6154000804181745,0.6599819059107359,0.540943,0.34047,neutral,neutral
ENSG00000163581,,30397,0.49819059107358266,0.9652191395255327,0.5414153598713309,0.5018094089264173,0.6264776839565741,0.501106,0.367008,neutral,neutral
ENSG00000163584,,5334,0.8872135102533173,0.24507438681141938,0.9933655006031363,0.892842782468838,0.7543425814234017,0.516279,0.289757,gene-driven (relaxed),dual-driven
ENSG00000163586,,5081,0.8932448733413751,0.8819863289103337,0.7840772014475271,0.8990751909931645,0.8643043827905106,0.599326,0.350573,neutral,regulation-driven
ENSG00000163590,,323301,0.0367913148371532,0.4008845999195818,0.8455971049457177,0.039203860072376355,0.3304985926819461,0.348522,0.343084,neutral,neutral
ENSG00000163599,,20078,0.6125854443104142,0.623642943305187,0.2597507036590269,0.616606353035786,0.527945315641335,0.447396,0.219944,neutral,neutral
ENSG00000163600,,24815,0.5544833132287897,0.6749095295536791,0.1037394451145959,0.5585042219541616,0.47270808202653797,0.478016,0.202754,neutral,neutral
ENSG00000163606,,53899,0.32589465219139524,0.6501809408926418,0.012263771612384398,0.32971451548049857,0.32932247687977484,0.550704,0.174105,gene-driven,gene-driven
ENSG00000163607,,24077,0.5625251306795336,0.3043827905106554,0.47386409328508244,0.5665460394049056,0.4766284680337757,0.27694,0.186369,neutral,regulation-driven
ENSG00000163623,,7308,0.9987937273823885,0.9139525532770406,0.6107760353839968,0.8449939686369119,0.8498190591073583,0.49814,0.631021,neutral,regulation-driven
ENSG00000163626,,17394,0.651588258946522,0.04764776839565742,0.4519501407318054,0.6562123039806996,0.4516184157619622,0.836922,0.106152,gene-driven,gene-driven
ENSG00000163630,,388610,0.025733815842380377,0.9997989545637314,0.49718536389223966,0.027744270205066344,0.38751507840772015,0.42027,0.440641,neutral,neutral
ENSG00000163633,,16218,0.6682750301568154,0.6338962605548853,0.09368717330116606,0.6731001206272618,0.5169983916365098,0.706747,0.183605,gene-driven,gene-driven
ENSG00000163644,,27150,0.5301568154402895,0.4091274628065943,0.7689987937273823,0.53437876960193,0.560454362685967,0.273482,0.277543,neutral,regulation-driven
ENSG00000163659,,33536,0.46562123039806996,0.38078005629272216,0.6739043023723361,0.4694410936871733,0.4972456775231202,0.178739,0.258494,neutral,regulation-driven
ENSG00000163661,,6784,0.8520305589063129,0.6966224366706876,0.502010454362686,0.8576598311218335,0.7267993566546039,0.451528,0.254875,neutral,regulation-driven
ENSG00000163666,,29769,0.5032167269802975,0.6095697627663852,0.18717330116606354,0.5070365902694008,0.4515581021310816,0.516255,0.211047,neutral,neutral
ENSG00000163673,,52133,0.3373542420587053,0.9292320064334539,0.22517088862082832,0.3413751507840772,0.4580820265379976,0.140782,0.307348,regulation-driven,regulation-driven
ENSG00000163687,,22441,0.5824286288701247,0.7824688379573783,0.3944511459589867,0.5866505830317652,0.5862887012464817,0.332077,0.286339,neutral,regulation-driven
ENSG00000163704,,12959,0.7259750703659027,0.5854443104141536,0.05629272215520708,0.7312022517088862,0.5244672295938881,0.182489,0.160836,neutral,regulation-driven
ENSG00000163705,,26939,0.5329714515480498,0.9821069561720949,0.01527945315641335,0.537394451145959,0.5167169280257338,0.713098,0.248542,gene-driven,gene-driven
ENSG00000163719,,52961,0.33252915158825896,0.19441093687173303,0.8023723361479694,0.3361479694410937,0.4161841576196221,0.603032,0.249296,gene-driven,gene-driven
ENSG00000163736,,2311,0.9555689585846401,0.7959388821873743,0.17511057498994773,0.9618013671089666,0.7217933252915157,0.573462,0.21738,neutral,neutral
ENSG00000163738,,188926,0.07860876558102131,0.22135102533172496,0.35323683152392443,0.08283071974266185,0.1837957378367511,0.496366,0.203357,gene-driven,gene-driven
ENSG00000163743,,35732,0.44712505026135907,0.10836349014877363,0.657016485725774,0.451145958986731,0.4157117008443908,0.318999,0.18848,neutral,neutral
ENSG00000163751,,31908,0.48411741053478086,0.5635303578608766,0.22295938882187374,0.4879372738238842,0.43944511459589863,0.489797,0.208936,neutral,neutral
ENSG00000163781,,64206,0.2814636107760354,0.28488138319260153,0.450140731805388,0.2850824286288701,0.325211097708082,0.122236,0.206273,neutral,regulation-driven
ENSG00000163788,,138253,0.11741053478086047,0.2700040209087254,0.7565339766787293,0.12123039806996382,0.3161037394451146,0.158645,0.285032,neutral,regulation-driven
ENSG00000163792,,7971,0.8260956976276639,0.7876960193003619,0.2977482911137917,0.8315239244069159,0.6854945717732208,0.622195,0.249246,neutral,neutral
ENSG00000163798,,31941,0.4837153196622437,0.3335343787696019,0.452151186168074,0.487535182951347,0.43904302372336146,0.791828,0.196974,gene-driven,gene-driven
ENSG00000163807,,23959,0.5635303578608766,0.1753116204262163,0.4609971853638922,0.5675512665862484,0.44164656212303977,0.620125,0.150332,neutral,neutral
ENSG00000163812,,60929,0.29292320064334537,0.3425814234016888,0.981503819863289,0.2963409730599115,0.47816646562123033,0.237224,0.333032,neutral,regulation-driven
ENSG00000163814,,64146,0.2820667470848412,0.595697627663852,0.15540812223562525,0.28568556493767594,0.32953357458785687,0.571454,0.216476,gene-driven,gene-driven
ENSG00000163815,,34524,0.4569762766385203,0.44028950542822676,0.5741857659831122,0.46079613992762364,0.48287092882991556,0.5711,0.250905,neutral,neutral
ENSG00000163817,,41126,0.40731805388017694,0.754724567752312,0.7149175713711299,0.41133896260554886,0.5718737434660233,0.234087,0.36545,neutral,regulation-driven
ENSG00000163818,,92727,0.19441093687173303,0.45235223160434257,0.6423401688781665,0.19802975472456774,0.3716023321270607,0.410196,0.2981,neutral,neutral
ENSG00000163823,,6603,0.8560514676316847,0.6837555287494974,0.06332931242460796,0.8616807398472055,0.6159227985524729,0.582811,0.175111,neutral,neutral
ENSG00000163825,,6340,0.8624849215922799,0.9165661439485324,0.17832730197024527,0.867913148371532,0.7060514676316847,0.604751,0.258695,gene-driven,neutral
ENSG00000163827,,91564,0.19642139123441898,0.8075995174909529,0.2752312022517089,0.20004020908725373,0.3696421391234419,0.410565,0.306293,neutral,neutral
ENSG00000163832,,18073,0.6419380780056293,0.20265379975874548,0.5412143144350623,0.6461600321672698,0.5077804583835948,0.339405,0.166064,neutral,regulation-driven
ENSG00000163840,,10866,0.7669883393646965,0.20406111781262565,0.12082830719742661,0.77221552070768,0.465761962203458,0.400402,0.076498,neutral,neutral
ENSG00000163875,,24774,0.5550864495375954,0.3104141535987133,0.9585846401286691,0.5591073582629674,0.5955971049457177,0.395887,0.307549,neutral,dual-driven
ENSG00000163877,,19845,0.6168073984720547,0.22074788902291917,0.5574989947728186,0.6208283071974267,0.5037696019300362,0.557509,0.175864,neutral,neutral
ENSG00000163879,,9939,0.7832730197024528,0.6369119420989143,0.8447929232006434,0.7882991556091676,0.7630679533574588,0.501776,0.325442,gene-driven,dual-driven
ENSG00000163884,,14774,0.6915963007639726,0.4567752312022517,0.7312022517088862,0.6964213912344189,0.6437575392038601,0.417561,0.262515,neutral,regulation-driven
ENSG00000163885,,41648,0.40329714515480497,0.9274225975070366,0.15038198632891034,0.40731805388017694,0.4719039002814637,0.322417,0.284982,neutral,neutral
ENSG00000163898,,46327,0.3699236027342179,0.6706875753920386,0.3162444712505026,0.37394451145958985,0.43249899477281867,0.567189,0.262314,gene-driven,neutral
ENSG00000163902,,61107,0.292119018898271,0.1391234418978689,0.7870928829915561,0.2955367913148372,0.37829714515480495,0.266566,0.236078,neutral,neutral
ENSG00000163909,,16209,0.6684760755930841,0.5757941294732609,0.3600723763570567,0.6733011660635304,0.5691696823482106,0.41545,0.221854,neutral,regulation-driven
ENSG00000163914,,6706,0.8532368315239244,0.4939686369119421,0.9439083232810616,0.8588661037394452,0.7872135102533172,0.339314,0.311972,neutral,regulation-driven
ENSG00000163931,,31341,0.48954563731403294,0.5639324487334137,0.9091274628065943,0.49336550060313633,0.6138017691998391,0.184811,0.358062,regulation-driven,regulation-driven
ENSG00000163935,,143179,0.11238439887414556,0.6986328910333736,0.5948934459187777,0.11640530759951749,0.380377965420185,0.438319,0.361731,neutral,neutral
ENSG00000163938,,13342,0.7191395255327704,0.039404905508644957,0.36751105749899476,0.7245677523120225,0.46238439887414556,0.479842,0.083434,gene-driven,neutral
ENSG00000163946,,63134,0.2868918375552875,0.12102935263369521,0.27181342983514273,0.2903096099718536,0.24234016887816645,0.075166,0.124598,neutral,neutral
ENSG00000163947,,351912,0.03236831523924407,0.33092078809811015,0.4322476879774829,0.03457981503819863,0.20741857659831123,0.729738,0.26538,gene-driven,gene-driven
ENSG00000163956,,28835,0.5096501809408926,0.10193003618817853,0.5291515882589465,0.5136710896662646,0.413399678327302,0.30109,0.152242,neutral,neutral
ENSG00000163958,,13986,0.7066747084841174,0.9151588258946521,0.19963811821471653,0.7119018898271009,0.6330820265379975,0.411158,0.273774,neutral,regulation-driven
ENSG00000163961,,34986,0.4529553679131484,0.47889022919179736,0.13892239646160032,0.4569762766385203,0.381735022114998,0.285756,0.170034,neutral,neutral
ENSG00000163964,,96233,0.1885806192199437,0.04121431443506232,0.07378367511057499,0.19240048250904704,0.12380377965420183,0.389817,0.064938,neutral,neutral
ENSG00000163982,,38204,0.4260152794531564,0.8094089264173703,0.37454764776839566,0.43023723361479693,0.5098411741053478,0.374156,0.303026,neutral,neutral
ENSG00000163993,,3293,0.9340570969039003,0.7265782066747085,0.38620828307197425,0.9402895054282268,0.7464716525934861,0.640722,0.229694,neutral,neutral
ENSG00000164007,,7162,0.841978287092883,0.9469240048250904,0.8433856051467632,0.8478086047446723,0.8697326095697628,0.431263,0.392994,neutral,regulation-driven
ENSG00000164008,,12247,0.7400482509047045,0.14234016887816647,0.6648572577402493,0.745275432247688,0.5728689183755529,0.49993,0.165109,neutral,neutral
ENSG00000164010,,27870,0.5209087253719341,0.2020506634499397,0.08685162846803378,0.524929634097306,0.3334841174105348,0.491893,0.083032,gene-driven,gene-driven
ENSG00000164022,,33913,0.4624045034177724,0.020305589063128265,0.8283071974266184,0.46642541214314437,0.44415963007639725,0.213493,0.200141,neutral,neutral
ENSG00000164032,,2270,0.9563731403297145,0.0677523120225171,0.9668275030156815,0.962605548854041,0.7380780056292722,0.681301,0.189435,gene-driven,neutral
ENSG00000164035,,484786,0.014877362283876157,0.48431845597104944,0.0002010454362685967,0.016686771210293525,0.12893043827905107,0.324814,0.137063,gene-driven,gene-driven
ENSG00000164038,,65962,0.2744270205066345,0.19943707277844794,0.3886208283071974,0.27784479292320063,0.2849115400080418,0.344901,0.17315,gene-driven,neutral
ENSG00000164039,,22279,0.5850422195416164,0.2257740249296341,0.877362283876156,0.5892641737032569,0.5691495778045839,0.489284,0.253418,neutral,neutral
ENSG00000164040,,19593,0.6208283071974267,0.18596702854845196,0.6871733011660636,0.6248492159227985,0.5295034177724166,0.441084,0.194361,neutral,neutral
ENSG00000164047,,2145,0.9593888218737434,0.8431845597104946,0.20848411741053477,0.96562123039807,0.7438580619219943,0.759791,0.232559,gene-driven,neutral
ENSG00000164049,,29041,0.5086449537595497,0.7764374748693205,0.01769199839163651,0.5126658624849216,0.45365902694008853,0.302533,0.204363,neutral,regulation-driven
ENSG00000164050,,26233,0.5412143144350623,0.35745878568556494,0.4159630076397266,0.5458383594692401,0.4648874145556896,0.730705,0.188882,gene-driven,gene-driven
ENSG00000164053,,20936,0.6023321270607157,0.5858464012866907,0.24085243264977885,0.6063530357860877,0.5086449537595497,0.333244,0.208534,neutral,dual-driven
ENSG00000164061,,117073,0.14857257740249297,0.7334137515078407,0.22255729794933654,0.1527945315641335,0.31412344189786895,0.103418,0.282318,regulation-driven,regulation-driven
ENSG00000164070,,58913,0.30237233614796943,0.7903096099718536,0.7046642541214314,0.3059911540008042,0.5256533976678729,0.819552,0.380378,gene-driven,gene-driven
ENSG00000164076,,11948,0.7464817048652995,0.8904302372336148,0.2689987937273824,0.751708886208283,0.6641435464414958,0.195059,0.278096,neutral,neutral
ENSG00000164077,,23014,0.5759951749095296,0.35424205870526737,0.42782468837957377,0.5802171290711701,0.48435866505830316,0.826588,0.186218,gene-driven,gene-driven
ENSG00000164082,,11546,0.7515078407720145,0.8451950140731805,0.7470848411741053,0.756735022114998,0.7748693204664254,0.172336,0.356554,regulation-driven,regulation-driven
ENSG00000164086,,7653,0.8325291515882589,0.42501005227181343,0.8546441495778045,0.8381584238037797,0.7373039806996382,0.341435,0.265983,neutral,regulation-driven
ENSG00000164087,,79465,0.2326095697627664,0.7700040209087253,0.5480498592681946,0.23562525130679535,0.44642139123441893,0.325895,0.354443,neutral,neutral
ENSG00000164088,,4841,0.8996783273019703,0.3232810615199035,0.42581423401688784,0.9057096903900281,0.6383192601527945,0.304503,0.141184,neutral,regulation-driven
ENSG00000164099,,72966,0.2507036590269401,0.6928025733815842,0.3349416968234821,0.25392038600723765,0.38293124246079613,0.282378,0.287093,neutral,neutral
ENSG00000164100,,225017,0.06192199437072778,0.7080820265379976,0.5782066747084841,0.06614394853236831,0.3533775633293124,0.180398,0.373442,regulation-driven,regulation-driven
ENSG00000164105,,7564,0.8343385605146764,0.30940892641737033,0.9018898271009248,0.839967832730197,0.7211198230800162,0.488571,0.25196,neutral,regulation-driven
ENSG00000164106,,21680,0.5930840369923602,0.6745074386811419,0.4312424607961399,0.5971049457177322,0.573783675110575,0.609107,0.265732,neutral,neutral
ENSG00000164109,,11236,0.7581423401688782,0.6164053075995175,0.9384800965018094,0.7631684760755931,0.7687977482911138,0.522095,0.354041,neutral,regulation-driven
ENSG00000164116,,70334,0.2597507036590269,0.47989545637314035,0.6630478488138319,0.2629674306393245,0.416254523522316,0.356811,0.301518,neutral,neutral
ENSG00000164117,,47010,0.36550060313630883,0.0671491757137113,0.9083232810615199,0.36952151186168075,0.4274225975070366,0.603036,0.240702,gene-driven,gene-driven
ENSG00000164123,,145627,0.110172899075191,0.991556091676719,0.009047044632086852,0.11459589867310012,0.30612183353437883,0.58663,0.25769,neutral,neutral
ENSG00000164125,,48845,0.9925613188580619,0.6469642139123442,0.3663047848813832,0.3594692400482509,0.6229794933655005,0.52332,0.570808,neutral,neutral
ENSG00000164136,,97405,0.18657016485725775,0.521913952553277,0.05971049457177322,0.19039002814636108,0.2394551668677121,0.617714,0.179433,gene-driven,gene-driven
ENSG00000164144,,138527,0.11720948934459188,0.1214314435062324,0.7782468837957378,0.12102935263369521,0.28428829915560916,0.273945,0.250402,neutral,neutral
ENSG00000164161,,99116,0.1831523924406916,0.5335745878568556,0.781664656212304,0.18697225572979492,0.42114997989545633,0.8154,0.347407,gene-driven,gene-driven
ENSG00000164163,,31237,0.49034981905910735,0.07117008443908324,0.986529955770004,0.4941696823482107,0.5103638922396462,0.288185,0.262817,neutral,neutral
ENSG00000164167,,24298,0.5595094491355046,0.04020908725371934,0.9983916365098512,0.5635303578608766,0.5402090872537193,0.577644,0.259248,neutral,neutral
ENSG00000164168,,54659,0.3220747889022919,0.32589465219139524,0.7736228387615601,0.32569360675512665,0.43664053075995174,0.355318,0.277795,neutral,neutral
ENSG00000164169,,46379,0.36952151186168075,0.40530759951749096,0.6200241254523522,0.37354242058705267,0.44189786891837557,0.238591,0.262314,neutral,regulation-driven
ENSG00000164172,,14385,0.6996381182147166,0.07599517490952955,0.6342983514274226,0.7044632086851629,0.5283574587856856,0.81145,0.145858,gene-driven,gene-driven
ENSG00000164175,,40071,0.413751507840772,0.77221552070768,0.5770004020908726,0.41777241656614394,0.5449839163650985,0.305509,0.338611,neutral,regulation-driven
ENSG00000164176,,444327,0.018697225572979495,0.7734217933252915,0.6377161238439888,0.020506634499396863,0.3624949738640933,0.217732,0.414053,regulation-driven,neutral
ENSG00000164187,,53481,0.3279051065540812,0.16626457579412948,0.8154402895054282,0.33172496984318456,0.41014274225975067,0.77877,0.246331,gene-driven,gene-driven
ENSG00000164197,,207027,0.06815440289505428,0.4752714113389626,0.18013671089666264,0.0725774024929634,0.1988138319260153,0.721843,0.224568,gene-driven,gene-driven
ENSG00000164209,,27026,0.5321672698029755,0.02613590671491757,0.778648974668275,0.5365902694008846,0.46816445516686767,0.350814,0.182901,neutral,neutral
ENSG00000164211,,16558,0.6640530759951749,0.4141535987133092,0.6260554885404102,0.6688781664656213,0.5930438279051066,0.429735,0.233162,neutral,regulation-driven
ENSG00000164219,,58866,0.30297547245677525,0.04161640530759952,0.8745476477683957,0.30659429030961,0.3812525130679534,0.381393,0.231454,neutral,neutral
ENSG00000164220,,7932,0.8266988339364696,0.5605146763168476,0.4211901889827101,0.8321270607157217,0.6598612786489746,0.709521,0.210997,gene-driven,neutral
ENSG00000164221,,29504,0.5054282267792521,0.5673502211499799,0.28870124648170487,0.5092480900683555,0.4674909529553679,0.234208,0.220396,neutral,regulation-driven
ENSG00000164236,,93747,0.19280257338158424,0.5088459991958183,0.25331724969843183,0.19642139123441898,0.2876658624849216,0.302523,0.229795,neutral,neutral
ENSG00000164237,,32028,0.4823080016083635,0.4304382790510655,0.49095295536791317,0.48612786489746684,0.47226578206674713,0.579976,0.229895,neutral,neutral
ENSG00000164241,,28272,0.9945717732207479,0.4931644551668677,0.5261359067149176,0.5213108162444713,0.6574587856855649,0.591224,0.549447,neutral,neutral
ENSG00000164244,,37469,0.4312424607961399,0.054282267792521106,0.6214314435062324,0.43546441495778043,0.3853940490550864,0.320587,0.167772,neutral,neutral
ENSG00000164258,,122706,0.13892239646160032,0.07659831121833534,0.6282669883393647,0.14294330518697226,0.24648170486529955,0.728538,0.209389,gene-driven,gene-driven
ENSG00000164265,,11510,0.7523120225170888,0.9597909127462807,0.2312022517088862,0.7575392038600723,0.6749497386409329,0.630254,0.28654,gene-driven,neutral
ENSG00000164270,,231194,0.059911540008041816,0.6895858464012867,0.7498994772818657,0.06353035786087656,0.3905508644953759,0.162877,0.40008,regulation-driven,regulation-driven
ENSG00000164291,,50002,0.35002010454362686,0.2305991154000804,0.5836349014877362,0.3536389223964616,0.37929232006433455,0.686711,0.212957,gene-driven,gene-driven
ENSG00000164294,,7131,0.8431845597104946,0.3588661037394451,0.7979493365500603,0.8490148773622839,0.7119622034579816,0.74069,0.229745,gene-driven,neutral
ENSG00000164304,,63087,0.2870928829915561,0.9867310012062727,0.020506634499396863,0.2905106554081222,0.39603940490550865,0.134489,0.258695,neutral,regulation-driven
ENSG00000164325,,1951,0.9628065942903096,0.9159630076397266,0.26658624849215923,0.9690390028146361,0.7782870928829915,0.610022,0.259851,neutral,regulation-driven
ENSG00000164326,,1774,0.9660233212706072,0.7591475673502212,0.8240852432649779,0.9722557297949337,0.8800663449939686,0.616667,0.298502,neutral,regulation-driven
ENSG00000164330,,403997,0.024527543224768796,0.5006031363088058,0.7939284278246884,0.026336952151186168,0.3362585444310414,0.221532,0.365501,neutral,neutral
ENSG00000164332,,22747,0.5788098110172899,0.05669481302774427,0.9871330920788098,0.5830317651789304,0.5512062726176116,0.512425,0.257841,neutral,neutral
ENSG00000164344,,32034,0.48210695617209487,0.8049859268194612,0.22336147969441095,0.48592681946119826,0.4989043023723362,0.28277,0.26739,neutral,regulation-driven
ENSG00000164363,,20809,0.6037394451145959,0.9221954161640531,0.5026135906714918,0.6077603538399678,0.6588761560112586,0.311088,0.340822,neutral,regulation-driven
ENSG00000164399,,2550,0.9497386409328509,0.9266184157619622,0.04101326899879373,0.9559710494571774,0.7180237233614797,0.60007,0.247839,neutral,neutral
ENSG00000164400,,2382,0.9535585042219542,0.8860072376357057,0.21793325291515883,0.9597909127462807,0.7540108564535585,0.621019,0.24613,neutral,neutral
ENSG00000164402,,56423,0.3128266988339365,0.3538399678327302,0.876357056694813,0.3162444712505026,0.4646461600321673,0.738094,0.309208,gene-driven,gene-driven
ENSG00000164404,,5704,0.8777643747486932,0.7885002010454363,0.2866907921190189,0.883393646964214,0.7088057901085645,0.202392,0.241154,neutral,regulation-driven
ENSG00000164405,,2218,0.9569762766385203,0.16646562123039807,0.6817450743868114,0.9632086851628469,0.6917872939284277,0.626076,0.124648,neutral,neutral
ENSG00000164406,,1603,0.9698431845597105,0.8681141938078005,0.5520707679935666,0.976075593084037,0.8412143144350623,0.651689,0.277593,neutral,regulation-driven
ENSG00000164430,,38783,0.4211901889827101,0.4969843184559711,0.0607157217531162,0.4254121431443506,0.350864495375955,0.459658,0.155458,gene-driven,neutral
ENSG00000164434,,4359,0.9081222356252513,0.8701246481704865,0.9903498190591074,0.9141535987133093,0.9203860072376356,0.557841,0.440641,neutral,regulation-driven
ENSG00000164438,,2892,0.9422999597909127,0.848411741053478,0.6479694410936871,0.9485323683152392,0.8464917571371129,0.568898,0.300161,neutral,regulation-driven
ENSG00000164442,,2842,0.9435062324085244,0.49939686369119424,0.1272617611580217,0.9497386409328509,0.6296642541214315,0.46922,0.129524,neutral,regulation-driven
ENSG00000164458,,11045,0.7627663852030558,0.864897466827503,0.8357458785685565,0.7679935665460395,0.8075894652191397,0.321351,0.383745,neutral,regulation-driven
ENSG00000164463,,82933,0.22074788902291917,0.11057498994772819,0.7764374748693205,0.22416566143948533,0.332810615199035,0.251029,0.236681,neutral,neutral
ENSG00000164466,,52681,0.3343385605146763,0.24849215922798554,0.8914354644149578,0.33815842380377964,0.45291515882589467,0.520684,0.285384,gene-driven,neutral
ENSG00000164483,,221111,0.06353035786087656,0.5659429030960997,0.11419380780056293,0.06795335745878568,0.20268395657418575,0.201417,0.226176,neutral,neutral
ENSG00000164484,,77051,0.2388419782870929,0.5810213108162444,0.004221954161640531,0.24205870526739043,0.2663751507840772,0.29238,0.145708,neutral,neutral
ENSG00000164485,,29829,0.5026135906714918,0.669481302774427,0.11359067149175714,0.5064334539605951,0.4478387615601126,0.493959,0.206775,neutral,neutral
ENSG00000164488,,26948,0.5327704061117813,0.6045436268596703,0.14294330518697226,0.5371934057096904,0.4541415359871331,0.22876,0.196823,neutral,regulation-driven
ENSG00000164500,,63374,0.2860876558102131,0.9937675914756735,0.09408926417370325,0.28950542822677927,0.41569159630076397,0.500674,0.293627,neutral,neutral
ENSG00000164509,,71498,0.2563329312424608,0.8011660635303579,0.03096099718536389,0.25954965822275833,0.33684157619622035,0.700121,0.226076,gene-driven,gene-driven
ENSG00000164512,,133651,0.12444712505026136,0.7810615199034981,0.31322878970647366,0.1282669883393647,0.3365601125854443,0.777582,0.321321,gene-driven,gene-driven
ENSG00000164530,,16575,0.6636509851226378,0.621632488942501,0.1461600321672698,0.6684760755930841,0.5247386409328508,0.315943,0.191697,neutral,regulation-driven
ENSG00000164532,,51671,0.33996783273019704,0.8586650583031765,0.9529553679131484,0.34378769601930037,0.6236529955770004,0.475201,0.451096,neutral,neutral
ENSG00000164543,,67956,0.26638520305589064,0.4451145958986731,0.44732609569762766,0.2698029754724568,0.3569863289103337,0.317742,0.246733,neutral,neutral
ENSG00000164548,,27262,0.5293526336952151,0.19179734620024125,0.9189786891837556,0.5335745878568556,0.5432147165259349,0.396979,0.264526,neutral,neutral
ENSG00000164576,,15057,0.6863691194209891,0.2147165259348613,0.9692400482509047,0.6913952553277041,0.6401789304382791,0.526719,0.280408,neutral,neutral
ENSG00000164587,,7105,0.8445918777643747,0.30418174507438683,0.9981905910735827,0.8502211499798955,0.7490148773622839,0.505603,0.321271,gene-driven,dual-driven
ENSG00000164588,,441551,0.01889827100924809,0.9133494169682348,0.4819059107358263,0.02070767993566546,0.35862484921592275,0.143114,0.418979,regulation-driven,regulation-driven
ENSG00000164591,,18487,0.6353035786087656,0.7866907921190189,0.2675914756735022,0.6395255327704061,0.5820667470848413,0.620506,0.261158,gene-driven,neutral
ENSG00000164603,,120729,0.14314435062324085,0.07297949336550061,0.7609569762766385,0.1471652593486128,0.2808604744672296,0.618927,0.233464,gene-driven,gene-driven
ENSG00000164615,,13663,0.7131081624447125,0.26658624849215923,0.7573381584238038,0.7185363892239646,0.6136208283071973,0.502886,0.219039,gene-driven,neutral
ENSG00000164620,,4115,0.9153598713309208,0.6005227181342984,0.31805388017692,0.9213912344189787,0.6885303578608767,0.404845,0.190692,neutral,regulation-driven
ENSG00000164626,,40505,0.41133896260554886,0.4696421391234419,0.6803377563329313,0.4153598713309208,0.49396863691194215,0.656504,0.287244,gene-driven,gene-driven
ENSG00000164674,,114863,0.1527945315641335,0.5546843586650583,0.18214716525934863,0.15721753116204262,0.2614897466827503,0.343396,0.22698,neutral,neutral
ENSG00000164675,,82885,0.22135102533172496,0.9131483715319663,0.12002412545235223,0.22456775231202253,0.36961198230800163,0.147502,0.287998,neutral,neutral
ENSG00000164683,,5487,0.883393646964214,0.4143546441495778,0.5876558102131082,0.8890229191797346,0.6933252915158827,0.833394,0.191345,gene-driven,neutral
ENSG00000164684,,246331,0.05347808604744672,0.3795737836751106,0.5950944913550462,0.056493767591475674,0.2710092480900683,0.407509,0.298402,neutral,neutral
ENSG00000164690,,12484,0.7350221149979895,0.7625653397667873,0.5255327704061118,0.740249296340973,0.6905810213108162,0.67894,0.291566,gene-driven,neutral
ENSG00000164691,,61356,0.2913148371531966,0.7458785685564938,0.07619622034579815,0.29493365500603136,0.35189987937273826,0.344903,0.230046,neutral,neutral
ENSG00000164692,,36333,0.44028950542822676,0.4573783675110575,0.7086851628468034,0.44431041415359873,0.512464817048653,0.14608,0.286289,neutral,regulation-driven
ENSG00000164695,,27068,0.994973864093285,0.4762766385203056,0.7887012464817049,0.5357860876558103,0.7218938480096502,0.561349,0.598,neutral,regulation-driven
ENSG00000164708,,2841,0.9437072778447929,0.0014073180538801769,0.9316445516686771,0.9499396863691194,0.7063630880579012,0.586862,0.154302,neutral,neutral
ENSG00000164715,,102777,0.1765178930438279,0.05327704061117813,0.23019702452754323,0.18053880176919984,0.15993164455166867,0.129152,0.111781,neutral,neutral
ENSG00000164742,,148977,0.10695617209489344,0.5979091274628066,0.6467631684760756,0.11137917169280258,0.3655307599517491,0.127624,0.348261,regulation-driven,regulation-driven
ENSG00000164746,,25794,0.5458383594692401,0.8357458785685565,0.20345798150381986,0.5502613590671491,0.5336047446722959,0.631369,0.267441,gene-driven,neutral
ENSG00000164749,,158921,0.0979091274628066,0.9041013268998793,0.6624447125050261,0.10213108162444713,0.4414354644149578,0.282057,0.425663,neutral,regulation-driven
ENSG00000164754,,28843,0.5092480900683555,0.051467631684760755,0.9503417772416566,0.5132689987937273,0.5058805790108565,0.462897,0.241456,gene-driven,neutral
ENSG00000164756,,226442,0.0611178126256534,0.8837957378367511,0.195416164053076,0.06533976678729393,0.3012062726176116,0.347738,0.328458,neutral,neutral
ENSG00000164758,,19550,0.6214314435062324,0.18616807398472054,0.9660233212706072,0.6254523522316043,0.5995677523120225,0.544723,0.27503,neutral,neutral
ENSG00000164764,,59546,0.2987535182951347,0.7145154804985927,0.40128669079211904,0.30217129071170085,0.4290108564535585,0.311761,0.301518,neutral,neutral
ENSG00000164776,,12714,0.7303980699638118,0.841978287092883,0.904302372336148,0.7356252513067953,0.8028146361077604,0.322618,0.401186,neutral,regulation-driven
ENSG00000164794,,12136,0.7430639324487334,0.8190591073582629,0.6771210293526337,0.748291113791717,0.7466224366706875,0.369522,0.337957,neutral,regulation-driven
ENSG00000164808,,475429,0.015681544028950542,0.16867712102935264,0.010052271813429835,0.017490952955367914,0.05288500201045437,0.277718,0.085042,gene-driven,gene-driven
ENSG00000164815,,81707,0.2263771612384399,0.19340570969039003,0.6722959388821874,0.22959388821873744,0.33025733815842384,0.280076,0.236279,neutral,neutral
ENSG00000164816,,1436,0.9724567752312022,0.9135504624045034,0.14314435062324085,0.9786891837555287,0.7516485725774026,0.643235,0.24814,neutral,neutral
ENSG00000164823,,26040,0.5424205870526739,0.39987937273823887,0.7832730197024528,0.5470446320868516,0.5679232006433454,0.31937,0.276689,neutral,dual-driven
ENSG00000164825,,7345,0.8387615601125854,0.8186570164857258,0.11097708082026538,0.8443908323281062,0.6529151588258946,0.651307,0.224216,neutral,neutral
ENSG00000164889,,19317,0.6248492159227985,0.17470848411741052,0.49638118214716526,0.6288701246481705,0.48100120627261767,0.108685,0.150281,neutral,regulation-driven
ENSG00000164896,,4243,0.9109368717330116,0.09549658222758343,0.33996783273019704,0.9169682348210696,0.5655408122235626,0.821864,0.0674,gene-driven,gene-driven
ENSG00000164900,,26737,0.5351829513470044,0.9632086851628469,0.45938882187374347,0.5398069963811821,0.6241656614394853,0.471512,0.345647,neutral,regulation-driven
ENSG00000164902,,26328,0.5408122235625251,0.057700040209087256,0.7354242058705267,0.5456373140329714,0.4696521913952553,0.476729,0.182851,neutral,neutral
ENSG00000164919,,20508,0.607157217531162,0.09449135504624046,0.4829111379171693,0.611178126256534,0.4487334137515079,0.482137,0.130026,neutral,neutral
ENSG00000164924,,36866,0.43606755126658625,0.2263771612384399,0.984519501407318,0.44008845999195817,0.521562123039807,0.714699,0.301769,gene-driven,gene-driven
ENSG00000164930,,34434,0.4579815038198633,0.27543224768797747,0.6395255327704061,0.46180136710896663,0.45849416968234824,0.218074,0.224769,neutral,regulation-driven
ENSG00000164932,,11452,0.7541214314435062,0.5522718134298351,0.9264173703256936,0.7593486127864898,0.747778447929232,0.63514,0.333685,gene-driven,neutral
ENSG00000164933,,16555,0.6642541214314435,0.06413349416968235,0.8652995577000402,0.6690792119018898,0.5654503417772416,0.326538,0.199638,neutral,regulation-driven
ENSG00000164935,,17603,0.6481704865299558,0.8956574185765983,0.19340570969039003,0.6525934861278649,0.5972356252513068,0.414294,0.271763,neutral,regulation-driven
ENSG00000164938,,23407,0.5693606755126659,0.41154000804181745,0.5896662645757941,0.5733815842380378,0.5357860876558103,0.471572,0.235324,neutral,neutral
ENSG00000164946,,173844,0.9873341375150784,0.5848411741053479,0.24628065942903096,0.09087253719340571,0.5221552070767993,0.127051,0.565782,regulation-driven,regulation-driven
ENSG00000164967,,1619,0.9690390028146361,0.3118214716525935,0.18073984720546843,0.9752714113389626,0.6089063128266988,0.508122,0.083082,neutral,neutral
ENSG00000164972,,18810,0.6306795335745878,0.903297145154805,0.22114997989545637,0.6349014877362283,0.5972959388821873,0.405368,0.281011,neutral,regulation-driven
ENSG00000164975,,43220,0.39344591877764373,0.38017691998391634,0.5207076799356655,0.3976678729392843,0.42278850020104547,0.367038,0.231906,neutral,neutral
ENSG00000164976,,10233,0.7780458383594693,0.49557700040209085,0.04503417772416566,0.7832730197024528,0.5252211499798956,0.458625,0.127161,neutral,neutral
ENSG00000164978,,14208,0.7032569360675512,0.057498994772818654,0.7458785685564938,0.7084841174105347,0.5535182951347004,0.557469,0.16536,neutral,neutral
ENSG00000164985,,46930,0.3657016485725774,0.2985524728588661,0.6192199437072778,0.36972255729794934,0.41309811017289905,0.245135,0.235776,neutral,regulation-driven
ENSG00000165006,,73519,0.2494973864093285,0.268194611982308,0.5928829915560917,0.25291515882589466,0.3407016485725774,0.33404,0.235575,neutral,neutral
ENSG00000165025,,96763,0.18797748291113792,0.6294732609569763,0.584238037796542,0.19179734620024125,0.39818053880176923,0.142602,0.331624,regulation-driven,regulation-driven
ENSG00000165030,,15879,0.6745074386811419,0.29091274628065944,0.02754322476879775,0.6793325291515883,0.4178327301970245,0.36926,0.075241,neutral,neutral
ENSG00000165046,,23321,0.9955770004020909,0.6815440289505428,0.4692400482509047,0.5753920386007237,0.7014475271411339,0.790099,0.578297,gene-driven,neutral
ENSG00000165066,,5641,0.8795737836751105,0.6316847607559308,0.8673100120627262,0.8852030558906313,0.8156614394853238,0.492069,0.311671,neutral,regulation-driven
ENSG00000165071,,75706,0.9899477281865702,0.7947326095697628,0.045838359469240045,0.24748693204664254,0.5566244471250503,0.370601,0.531705,dual-driven,dual-driven
ENSG00000165072,,183125,0.08041817450743868,0.538399678327302,0.376357056694813,0.08464012866907922,0.2697426618415762,0.31926,0.287646,neutral,neutral
ENSG00000165076,,5188,0.8900281463610776,0.9300361881785284,0.47406513872135103,0.895858464012867,0.7972054684358666,0.470728,0.305941,neutral,regulation-driven
ENSG00000165078,,324341,0.03618817852834741,0.7615601125854443,0.41837555287494976,0.038600723763570564,0.31356051467631685,0.384751,0.365852,neutral,neutral
ENSG00000165084,,488069,0.014475271411338963,0.6194209891435465,0.25432247687977483,0.016284680337756333,0.22603538399678327,0.212716,0.309007,neutral,neutral
ENSG00000165097,,68526,0.26517893043827906,0.4207880981101729,0.8630880579010857,0.26839565741857657,0.45420184961801374,0.330674,0.32685,neutral,neutral
ENSG00000165105,,83588,0.21753116204262163,0.6035383996783273,0.3733413751507841,0.22094893445918778,0.3536690792119019,0.309379,0.277795,neutral,neutral
ENSG00000165115,,87367,0.20546843586650584,0.6049457177322075,0.24788902291917975,0.20908725371934056,0.31666666666666665,0.229956,0.249347,neutral,neutral
ENSG00000165118,,18676,0.6318858061921995,0.12444712505026136,0.6833534378769602,0.63610776035384,0.5187374346602333,0.42893,0.176216,neutral,neutral
ENSG00000165120,,10501,0.7724165661439485,0.9634097305991154,0.17430639324487335,0.7776437474869321,0.6716827503015681,0.740169,0.278197,gene-driven,neutral
ENSG00000165152,,60368,0.2963409730599115,0.2935263369521512,0.006232408524326498,0.2997587454764777,0.22379372738238842,0.287696,0.074337,neutral,neutral
ENSG00000165185,,182571,0.08082026537997587,0.47185363892239646,0.24668275030156817,0.0850422195416164,0.2208886208283072,0.137847,0.239797,neutral,neutral
ENSG00000165233,,17067,0.6562123039806996,0.3240852432649779,0.33252915158825896,0.6608363490148773,0.4931845597104946,0.615268,0.154704,gene-driven,neutral
ENSG00000165244,,32430,0.4772818657016486,0.5894652191395255,0.6731001206272618,0.4813027744270205,0.5550864495375954,0.43456,0.308957,neutral,neutral
ENSG00000165272,,6441,0.8606755126658625,0.7342179332529152,0.8552472858866104,0.8663047848813832,0.8288299155609168,0.503247,0.339566,neutral,regulation-driven
ENSG00000165275,,25170,0.5512665862484921,0.14736630478488139,0.42903096099718535,0.5554885404101327,0.4205770004020909,0.327795,0.137666,neutral,neutral
ENSG00000165283,,3420,0.9318455971049457,0.003216726980297547,0.792119018898271,0.9380780056292722,0.6660032167269803,0.493354,0.114395,gene-driven,dual-driven
ENSG00000165325,,108517,0.16284680337756333,0.9849215922798552,0.15098512263771613,0.16726980297547245,0.3662846803377563,0.279815,0.314586,neutral,neutral
ENSG00000165379,,297674,0.04081222356252513,0.6578206674708484,0.451145958986731,0.043626859670285484,0.2982106956172095,0.117169,0.344642,regulation-driven,regulation-driven
ENSG00000165383,,30361,0.4987937273823884,0.9660233212706072,0.3713309207880981,0.5024125452352232,0.5844591877764376,0.544039,0.330066,neutral,neutral
ENSG00000165392,,142351,0.11338962605548854,0.30217129071170085,0.11218335343787696,0.11741053478086047,0.16108765581021312,0.105388,0.149528,neutral,neutral
ENSG00000165410,,5711,0.8775633293124246,0.5404101326899879,0.8984720546843586,0.8831926015279453,0.7996280659429031,0.754317,0.30197,gene-driven,neutral
ENSG00000165416,,48201,0.3602734217933253,0.09891435464414958,0.6461600321672698,0.3640932850824286,0.36716928025733814,0.235082,0.1924,neutral,neutral
ENSG00000165417,,45926,0.3743466023321271,0.13510253317249699,0.9024929634097306,0.378367511057499,0.4473763570566949,0.335826,0.256534,neutral,neutral
ENSG00000165434,,68118,0.2657820667470848,0.3331322878970647,0.5044229995979091,0.269199839163651,0.3429634097305991,0.184942,0.231856,neutral,regulation-driven
ENSG00000165443,,71132,0.257740249296341,0.7659831121833535,0.9672295938882187,0.2609569762766385,0.562816646562123,0.328649,0.435716,neutral,regulation-driven
ENSG00000165449,,85239,0.21391234418978688,0.7864897466827503,0.5283474065138721,0.21753116204262163,0.436389223964616,0.454164,0.356051,neutral,neutral
ENSG00000165457,,5350,0.88681141938078,0.5621230398069964,0.42299959790912744,0.8924406915963008,0.6908122235625251,0.248603,0.203106,neutral,regulation-driven
ENSG00000165458,,15447,0.6815440289505428,0.1035383996783273,0.4489344591877764,0.6865701648572577,0.4798954563731403,0.664733,0.115852,gene-driven,gene-driven
ENSG00000165471,,7405,0.8371531966224367,0.9529553679131484,0.12464817048652996,0.8427824688379574,0.6891033373542421,0.740541,0.264375,gene-driven,neutral
ENSG00000165474,,5476,0.8841978287092883,0.9171692802573381,0.07599517490952955,0.889827100924809,0.6915158825894652,0.563309,0.23658,neutral,neutral
ENSG00000165476,,103728,0.17370325693606756,0.32368315239244067,0.5846401286690792,0.1779252110977081,0.3147768395657419,0.574467,0.257841,gene-driven,gene-driven
ENSG00000165478,,17208,0.6544028950542823,0.8691194209891435,0.6751105749899478,0.65902694008846,0.7141837555287496,0.290521,0.358112,neutral,regulation-driven
ENSG00000165480,,22958,0.5767993566546039,0.8466023321270607,0.13067953357458786,0.5810213108162444,0.5335645355850421,0.45962,0.250754,neutral,neutral
ENSG00000165494,,30464,0.49718536389223966,0.08866103739445115,0.48311218335343786,0.5008041817450744,0.39225975070365904,0.25672,0.140682,neutral,neutral
ENSG00000165495,,268703,0.04945717732207479,0.48512263771612385,0.7388419782870929,0.05247285886610374,0.3313228789706474,0.276478,0.350121,neutral,neutral
ENSG00000165501,,15912,0.6733011660635304,0.6552070767993566,0.6349014877362283,0.6781262565339766,0.6601427422597508,0.727553,0.294733,gene-driven,neutral
ENSG00000165512,,4404,0.9075190993164455,0.09368717330116606,0.09328508242862887,0.9135504624045034,0.501708886208283,0.564536,0.027141,neutral,neutral
ENSG00000165516,,18256,0.6379171692802573,0.13228789706473662,0.8636911942098915,0.6421391234418978,0.5687977482911137,0.284288,0.21914,neutral,regulation-driven
ENSG00000165525,,70739,0.25934861278648974,0.056493767591475674,0.6218335343787696,0.2625653397667873,0.2998994772818657,0.427572,0.187274,gene-driven,neutral
ENSG00000165526,,9597,0.7893043827905106,0.4559710494571773,0.46139927623642946,0.794129473260957,0.6249597909127462,0.45862,0.195517,gene-driven,dual-driven
ENSG00000165527,,3976,0.9185765983112183,0.32971451548049857,0.10032167269802976,0.9246079613992763,0.5680036188178528,0.839968,0.086399,gene-driven,gene-driven
ENSG00000165556,,8398,0.9983916365098512,0.9270205066344994,0.4382790510655408,0.8212706071572176,0.805096501809409,0.564928,0.608152,neutral,regulation-driven
ENSG00000165566,,10610,0.7706071572175311,0.892842782468838,0.04302372336147969,0.7758343385605146,0.6203156413349417,0.302021,0.227282,neutral,regulation-driven
ENSG00000165588,,16789,0.6598311218335344,0.9034981905910736,0.9310414153598713,0.6648572577402493,0.7895556895858464,0.207177,0.434158,regulation-driven,regulation-driven
ENSG00000165606,,32024,0.4825090470446321,0.7639726578206675,0.865902694008846,0.48632891033373543,0.6494873341375151,0.510696,0.394552,neutral,neutral
ENSG00000165609,,30562,0.4957780458383595,0.07036590269400884,0.594692400482509,0.49939686369119424,0.41487736228387617,0.422768,0.15762,neutral,neutral
ENSG00000165623,,12609,0.7322074788902292,0.8719340570969039,0.2945315641334942,0.7372336147969442,0.6587253719340571,0.551498,0.279403,neutral,neutral
ENSG00000165629,,19669,0.6188178528347407,0.24688379573783675,0.9571773220747889,0.6228387615601125,0.6112283876156012,0.38081,0.28649,neutral,regulation-driven
ENSG00000165630,,81507,0.2269802975472457,0.06232408524326498,0.9077201447527141,0.23019702452754323,0.35664455166867715,0.790543,0.250905,gene-driven,gene-driven
ENSG00000165632,,198135,0.0735826296743064,0.20948934459187776,0.49236027342179334,0.07820667470848412,0.21317852834740653,0.717872,0.230549,gene-driven,gene-driven
ENSG00000165633,,101287,0.17993566546039405,0.42460796139927626,0.30518697225572977,0.18395657418576597,0.2732207478890229,0.246834,0.223713,neutral,neutral
ENSG00000165637,,21295,0.597708082026538,0.10233212706071572,0.991556091676719,0.6017289907519099,0.5731302774427021,0.242591,0.271009,neutral,regulation-driven
ENSG00000165646,,38338,0.424205870526739,0.49618013671089667,0.8747486932046643,0.4284278246883796,0.5556795335745879,0.382197,0.335947,neutral,regulation-driven
ENSG00000165650,,98167,0.18476075593084038,0.5663449939686369,0.41777241656614394,0.1885806192199437,0.3391737032569361,0.165229,0.281815,neutral,regulation-driven
ENSG00000165660,,34849,0.4539605950944914,0.055890631282669884,0.8144350623240852,0.4579815038198633,0.4453659026940089,0.441295,0.206876,neutral,neutral
ENSG00000165669,,44404,0.3835946924004825,0.12645757941294733,0.22738238841978287,0.38761560112585447,0.2810615199034982,0.617269,0.107961,gene-driven,gene-driven
ENSG00000165672,,11093,0.7613590671491757,0.43526336952151184,0.8375552874949739,0.7663852030558906,0.6998894250100522,0.460736,0.275432,neutral,regulation-driven
ENSG00000165678,,15360,0.6825492561318858,0.0611178126256534,0.8588661037394452,0.6875753920386007,0.5722758343385606,0.190018,0.19617,neutral,regulation-driven
ENSG00000165682,,27783,0.5223160434258143,0.707880981101729,0.08725371934057097,0.5263369521511861,0.4607458785685565,0.479322,0.210092,neutral,neutral
ENSG00000165685,,21263,0.5983112183353438,0.9658222758343386,0.26115802171290714,0.6023321270607157,0.6067048652995577,0.523502,0.303227,neutral,neutral
ENSG00000165688,,17363,0.6519903498190591,0.04382790510655408,0.8972657820667471,0.6566143948532368,0.5621934057096905,0.141848,0.206675,neutral,regulation-driven
ENSG00000165695,,153200,0.10233212706071572,0.8371531966224367,0.12565339766787295,0.10695617209489344,0.2927925211097708,0.429403,0.285686,neutral,neutral
ENSG00000165698,,12175,0.7416566143948532,0.6952151186168074,0.3946521913952553,0.7468837957378367,0.644340570969039,0.829343,0.251508,gene-driven,gene-driven
ENSG00000165702,,47688,0.36228387615601126,0.8100120627261761,0.49839163650985124,0.3661037394451146,0.5090068355448332,0.297045,0.336299,neutral,regulation-driven
ENSG00000165714,,114156,0.15520707679935666,0.17973462002412546,0.8590671491757137,0.15963007639726579,0.33818858061921997,0.428795,0.276086,gene-driven (relaxed),neutral
ENSG00000165716,,12171,0.7418576598311218,0.26457579412947324,0.8088057901085646,0.7470848411741053,0.6403196622436671,0.333052,0.227935,neutral,regulation-driven
ENSG00000165730,,67902,0.26658624849215923,0.5587052673904302,0.10494571773220748,0.2700040209087254,0.2998894250100523,0.187063,0.195466,neutral,neutral
ENSG00000165757,,102692,0.1767189384800965,0.4129473260956976,0.04804985926819461,0.18073984720546843,0.2044129473260957,0.114737,0.146512,neutral,neutral
ENSG00000165782,,3785,0.9227985524728589,0.026537997587454766,0.7038600723763571,0.9290309609971854,0.6452452754322476,0.741667,0.105649,gene-driven,neutral
ENSG00000165792,,7063,0.8457981503819864,0.062123039806996384,0.3250904704463209,0.851427422597507,0.5208283071974267,0.21146,0.067451,neutral,regulation-driven
ENSG00000165794,,2617,0.9485323683152392,0.8277040611178126,0.4404905508644954,0.9547647768395657,0.7925613188580619,0.560193,0.25955,neutral,regulation-driven
ENSG00000165816,,55236,0.31865701648572575,0.5755930840369924,0.38721351025331724,0.3222758343385605,0.4007539203860072,0.259107,0.260655,neutral,neutral
ENSG00000165828,,5316,0.8876156011258545,0.7889022919179735,0.08705267390430237,0.8932448733413751,0.6639223964616003,0.509268,0.211399,neutral,regulation-driven
ENSG00000165832,,39482,0.9933655006031363,0.38681141938078006,0.3892239646160032,0.4203860072376357,0.5760956976276639,0.382529,0.503408,neutral,regulation-driven
ENSG00000165861,,57681,0.30759951749095293,0.05528749497386409,0.888821873743466,0.3110172899075191,0.39051065540812224,0.171441,0.237435,neutral,regulation-driven
ENSG00000165886,,72283,0.25231202251708884,0.5763972657820667,0.8106151990349819,0.2555287494973864,0.4735524728588661,0.507167,0.356554,neutral,neutral
ENSG00000165887,,11386,0.7555287494973865,0.9356654603940491,0.46461600321672697,0.76075593084037,0.7288801769199839,0.345667,0.320466,neutral,regulation-driven
ENSG00000165891,,44322,0.3841978287092883,0.7738238841978287,0.24849215922798554,0.38821873743466023,0.4484821069561721,0.179513,0.273472,neutral,regulation-driven
ENSG00000165929,,87791,0.20446320868516285,0.4640128669079212,0.3178528347406514,0.2080820265379976,0.29842179332529156,0.345974,0.231655,neutral,neutral
ENSG00000165953,,30571,0.49557700040209085,0.9833132287897065,0.10474467229593888,0.4991958182549256,0.5205267390430237,0.307368,0.281614,neutral,regulation-driven
ENSG00000165966,,386426,0.026336952151186168,0.6921994370727784,0.2991556091676719,0.028347406513872134,0.2614093285082429,0.143908,0.33077,regulation-driven,neutral
ENSG00000165970,,59692,0.2981503819863289,0.8415761962203459,0.8188580619219944,0.30156815440289503,0.5648673100120627,0.415672,0.417923,neutral,neutral
ENSG00000165973,,906136,0.002613590671491757,0.7509047044632087,0.44752714113389624,0.004020908725371934,0.3011962203457981,0.14237,0.396411,regulation-driven,regulation-driven
ENSG00000165983,,76803,0.23944511459589868,0.12123039806996382,0.5840369923602734,0.24266184157619622,0.29668275030156815,0.343435,0.198281,neutral,neutral
ENSG00000165997,,22209,0.5860474467229594,0.13731403297145156,0.9957780458383595,0.5902694008845999,0.5771411338962605,0.532489,0.282167,neutral,neutral
ENSG00000166002,,64920,0.2794531564133494,0.3825894652191395,0.005428226779252111,0.28287092882991555,0.23741455568958583,0.596261,0.096301,neutral,neutral
ENSG00000166006,,169763,0.08906312826698834,0.961600321672698,0.6821471652593486,0.09348612786489746,0.45635303578608766,0.127875,0.440742,regulation-driven,regulation-driven
ENSG00000166012,,54444,0.3232810615199035,0.21712907117008443,0.052673904302372336,0.3271009248090068,0.22985524728588658,0.377151,0.087455,neutral,neutral
ENSG00000166016,,207024,0.06835544833132289,0.25311620426216325,0.6262565339766787,0.072778447929232,0.25490550864495376,0.230619,0.268597,neutral,neutral
ENSG00000166024,,110274,0.160032167269803,0.4489344591877764,0.042621632488942504,0.1646562123039807,0.20382991556091676,0.170587,0.153699,neutral,neutral
ENSG00000166033,,56357,0.3130277442702051,0.4806996381182147,0.6974266184157619,0.31644551668677123,0.45172899075191,0.827302,0.301819,gene-driven,gene-driven
ENSG00000166035,,159276,0.097708082026538,0.9125452352231604,0.27744270205066346,0.10193003618817853,0.34719541616405314,0.500573,0.347658,gene-driven,gene-driven
ENSG00000166069,,45786,0.3751507840772014,0.990550864495376,0.11278648974668275,0.3791716928025734,0.4642139123441898,0.356373,0.29624,neutral,neutral
ENSG00000166073,,121929,0.1401286690792119,0.5963007639726579,0.5880579010856454,0.14414957780458384,0.36695818254925616,0.214274,0.329966,neutral,regulation-driven
ENSG00000166086,,82931,0.22114997989545637,0.4628065942903096,0.44250100522718133,0.2243667068757539,0.3375452352231605,0.773382,0.256031,gene-driven,gene-driven
ENSG00000166090,,3595,0.9286288701246481,0.721351025331725,0.3037796542018496,0.9348612786489746,0.721843586650583,0.516978,0.218285,neutral,regulation-driven
ENSG00000166091,,3000,0.9410936871733012,0.8166465621230398,0.25814234016887816,0.9473260956976277,0.7404905508644953,0.679433,0.23452,gene-driven,neutral
ENSG00000166106,,28001,0.5199034981905911,0.5052271813429835,0.5918777643747487,0.523924406915963,0.535032167269803,0.339928,0.264425,neutral,regulation-driven
ENSG00000166118,,4908,0.8978689183755528,0.9422999597909127,0.36851628468033776,0.9039002814636108,0.7778447929232006,0.595426,0.295889,neutral,regulation-driven
ENSG00000166130,,31709,0.48632891033373543,0.27965420184961803,0.3088057901085645,0.49014877362283876,0.391043425814234,0.383042,0.153197,neutral,neutral
ENSG00000166133,,5651,0.879372738238842,0.03739445114595899,0.539404905508645,0.8850020104543627,0.5850120627261761,0.395215,0.089867,neutral,regulation-driven
ENSG00000166135,,30927,0.49215922798552475,0.19260152794531565,0.9392842782468838,0.4959790912746281,0.5298150381986328,0.469351,0.273573,neutral,neutral
ENSG00000166136,,6333,0.862887012464817,0.030759951749095297,0.7571371129875352,0.8683152392440692,0.6295034177724165,0.55996,0.134751,gene-driven,neutral
ENSG00000166148,,8443,0.8140329714515481,0.6224366706875754,0.4515480498592682,0.8190591073582629,0.6765178930438279,0.461771,0.232308,neutral,regulation-driven
ENSG00000166170,,6113,0.8675110574989948,0.5838359469240049,0.0669481302774427,0.8729392842782469,0.5975371934057097,0.717793,0.150281,gene-driven,neutral
ENSG00000166171,,39103,0.4189786891837555,0.7012464817048653,0.6441495778045838,0.42320064334539603,0.5466827503015681,0.485665,0.336349,neutral,neutral
ENSG00000166199,,39464,0.4163650985122638,0.06513872135102533,0.41073582629674305,0.4205870526739043,0.32799557700040205,0.358886,0.127714,neutral,neutral
ENSG00000166224,,142797,0.11258544431041416,0.22054684358665058,0.5166867712102935,0.11660635303578609,0.24140530759951748,0.097854,0.228488,neutral,neutral
ENSG00000166226,,16145,0.6690792119018898,0.5066344993968637,0.9802975472456775,0.6739043023723361,0.7072376357056694,0.201608,0.361379,regulation-driven,regulation-driven
ENSG00000166228,,6286,0.8630880579010857,0.34418978689183755,0.9766787293928428,0.8687173301166063,0.762887012464817,0.575292,0.297246,neutral,regulation-driven
ENSG00000166272,,90569,0.19923602734217932,0.26115802171290714,0.528950542822678,0.20285484519501407,0.29786891837555285,0.760019,0.22879,gene-driven,gene-driven
ENSG00000166275,,10703,0.7696019300361882,0.33675110574989947,0.9678327301970245,0.7746280659429031,0.7119521511861681,0.616466,0.302222,neutral,neutral
ENSG00000166295,,19861,0.6164053075995175,0.02694008845999196,0.9847205468435867,0.6204262163248895,0.5619219943707279,0.594783,0.245828,neutral,neutral
ENSG00000166313,,24290,0.5597104945717732,0.3373542420587053,0.4203860072376357,0.5637314032971451,0.4700944913550463,0.36575,0.182348,gene-driven,neutral
ENSG00000166317,,18923,0.6288701246481705,0.8457981503819864,0.23080016083634902,0.633092078809811,0.5844290309609972,0.297728,0.269451,neutral,regulation-driven
ENSG00000166321,,21454,0.5950944913550462,0.160032167269803,0.47205468435866504,0.5991154000804182,0.45637314032971454,0.297065,0.145909,neutral,regulation-driven
ENSG00000166326,,155233,0.10052271813429835,0.07579412947326096,0.06895858464012868,0.10514676316847607,0.08737434660233212,0.27694,0.081825,neutral,neutral
ENSG00000166333,,7167,0.8417772416566144,0.4276236429433052,0.9372738238841978,0.8476075593084037,0.7632790510655408,0.781547,0.292823,gene-driven,neutral
ENSG00000166343,,9983,0.7820667470848411,0.6644551668677121,0.3484117410534781,0.7870928829915561,0.6452553277040611,0.495351,0.231102,gene-driven (relaxed),neutral
ENSG00000166349,,82785,0.22155207076799358,0.5609167671893848,0.003216726980297547,0.22476879774829112,0.2524527543224769,0.231347,0.140732,neutral,neutral
ENSG00000166391,,15121,0.6849618013671089,0.8572577402492964,0.505026135906715,0.6899879372738239,0.6840570969039003,0.431665,0.315893,neutral,regulation-driven
ENSG00000166394,,12123,0.7436670687575392,0.6984318455971049,0.6608363490148773,0.7488942501005227,0.7126960193003617,0.351387,0.303428,neutral,regulation-driven
ENSG00000166402,,87000,0.2070767993566546,0.48411741053478086,0.7521109770808203,0.21069561720948934,0.4133192601527945,0.157811,0.326598,regulation-driven,regulation-driven
ENSG00000166407,,44408,0.3833936469642139,0.6630478488138319,0.9893445918777644,0.3874145556895858,0.6055991154000804,0.542059,0.413852,neutral,neutral
ENSG00000166415,,249138,0.05247285886610374,0.8455971049457177,0.0975070365902694,0.05548854041013269,0.26261560112585447,0.803036,0.289606,gene-driven,gene-driven
ENSG00000166435,,141462,0.11399276236429433,0.7042621632488942,0.0367913148371532,0.11801367108966626,0.24306393244873342,0.144481,0.218486,neutral,neutral
ENSG00000166471,,33983,0.4620024125452352,0.2629674306393245,0.9410936871733012,0.46602332127060714,0.5328206674708484,0.337033,0.293979,neutral,regulation-driven
ENSG00000166477,,33754,0.463610776035384,0.20446320868516285,0.8172496984318456,0.46763168476075595,0.4880377965420185,0.19813,0.243667,neutral,regulation-driven
ENSG00000166482,,3749,0.9236027342179333,0.5472456775231203,0.5199034981905911,0.9298351427422598,0.7298351427422597,0.445105,0.207127,neutral,regulation-driven
ENSG00000166483,,19788,0.6172094893445919,0.330518697225573,0.6308805790108565,0.6212303980699638,0.5497587454764777,0.23468,0.218034,neutral,regulation-driven
ENSG00000166484,,5824,0.8739445114595898,0.10072376357056695,0.28407720144752713,0.8795737836751105,0.5342983514274225,0.665016,0.066496,gene-driven (relaxed),neutral
ENSG00000166507,,9888,0.7840772014475271,0.2882991556091677,0.5848411741053479,0.7891033373542421,0.6113289103337354,0.812535,0.175663,gene-driven,gene-driven
ENSG00000166508,,9708,0.7885002010454363,0.25613188580619217,0.6737032569360676,0.7933252915158826,0.6276739043023724,0.170979,0.188028,neutral,regulation-driven
ENSG00000166527,,12892,0.726779252110977,0.8182549256131886,0.07840772014475271,0.7320064334539605,0.5886007237635705,0.557509,0.224568,neutral,neutral
ENSG00000166578,,25654,0.5474467229593888,0.8862082830719743,0.1342983514274226,0.5518697225572979,0.5297346200241255,0.286791,0.262917,neutral,regulation-driven
ENSG00000166689,,237119,0.05729794933655006,0.5138721351025332,0.4284278246883796,0.0609167671893848,0.26494772818657014,0.413405,0.299608,neutral,neutral
ENSG00000166710,,7494,0.8353437876960192,0.4650180940892642,0.23582629674306393,0.84097305991154,0.5940088459991959,0.673387,0.154906,gene-driven,neutral
ENSG00000166734,,127040,0.13309207880981103,0.12605548854041013,0.4815038198632891,0.13671089666264577,0.2191596300763973,0.255468,0.195768,neutral,neutral
ENSG00000166736,,15239,0.6837555287494974,0.64756735022115,0.7679935665460395,0.6887816646562123,0.696773220747889,0.197336,0.320667,neutral,regulation-driven
ENSG00000166741,,55750,0.3168476075593084,0.6039404905508645,0.11137917169280258,0.32046642541214315,0.3379774829111379,0.558682,0.203357,gene-driven,gene-driven
ENSG00000166750,,30585,0.4951749095295537,0.33896260554885405,0.01950140731805388,0.4987937273823884,0.3379272215520708,0.124487,0.095949,neutral,regulation-driven
ENSG00000166793,,4858,0.8992762364294331,0.5058303176517893,0.8850020104543627,0.905307599517491,0.7985524728588661,0.475472,0.281715,neutral,regulation-driven
ENSG00000166794,,7395,0.8377563329312424,0.18435866505830317,0.9340570969039003,0.8433856051467632,0.6996079613992762,0.831072,0.231253,gene-driven,neutral
ENSG00000166796,,39746,0.4149577804583836,0.9879372738238842,0.5810213108162444,0.4189786891837555,0.6005227181342984,0.499487,0.391737,neutral,neutral
ENSG00000166797,,21698,0.5924809006835545,0.2977482911137917,0.906312826698834,0.5965018094089264,0.598059911540008,0.527523,0.279755,neutral,neutral
ENSG00000166800,,23778,0.5653397667872939,0.8976678729392843,0.37374346602332126,0.5693606755126659,0.6013268998793727,0.504524,0.311771,neutral,neutral
ENSG00000166819,,15061,0.6861680739847206,0.8683152392440692,0.2438681141938078,0.6911942098914354,0.6221351025331725,0.342179,0.27302,neutral,regulation-driven
ENSG00000166821,,13020,0.7243667068757539,0.24045034177724164,0.5355850422195416,0.729794933655006,0.5572778447929232,0.5289,0.162897,neutral,neutral
ENSG00000166825,,30507,0.49638118214716526,0.7147165259348612,0.3395657418576598,0.5,0.5124849215922799,0.238619,0.26729,neutral,neutral
ENSG00000166831,,35699,0.44772818657016483,0.5464414957780458,0.9358665058303176,0.4517490952955368,0.5952452754322476,0.557107,0.363842,neutral,neutral
ENSG00000166839,,46790,0.3663047848813832,0.48612786489746684,0.31845597104945716,0.3703256936067551,0.385102533172497,0.173633,0.217129,neutral,regulation-driven
ENSG00000166860,,7711,0.8319260152794532,0.4601930036188179,0.05669481302774427,0.8373542420587052,0.5462706071572175,0.494421,0.117762,neutral,neutral
ENSG00000166866,,22682,0.5800160836349015,0.9557700040209087,0.5078407720144753,0.584238037796542,0.6567551266586249,0.753972,0.349668,gene-driven,neutral
ENSG00000166881,,32421,0.4774829111379172,0.19601930036188178,0.4268194611982308,0.4815038198632891,0.39525532770406113,0.759286,0.157469,gene-driven,gene-driven
ENSG00000166886,,6434,0.8610776035383997,0.35846401286690793,0.516485725774025,0.8667068757539204,0.6504020908725372,0.74291,0.170135,gene-driven,neutral
ENSG00000166887,,49607,0.35223160434258144,0.019903498190591073,0.9229995979091274,0.3558504221954162,0.4125653397667873,0.182288,0.235022,neutral,regulation-driven
ENSG00000166900,,92427,0.1952151186168074,0.34439083232810613,0.6769199839163651,0.19883393646964215,0.35365902694008844,0.247819,0.279051,neutral,neutral
ENSG00000166920,,18183,0.6403297145154805,0.7862887012464818,0.35665460394049053,0.644551668677121,0.6067450743868115,0.558826,0.276639,neutral,neutral
ENSG00000166924,,10876,0.7665862484921593,0.6634499396863691,0.28970647366304786,0.7718134298351428,0.6226276638520306,0.220547,0.222809,neutral,regulation-driven
ENSG00000166946,,12060,0.744270205066345,0.17852834740651388,0.35846401286690793,0.7494973864093285,0.5074286288701246,0.307308,0.114897,neutral,regulation-driven
ENSG00000166961,,19867,0.6160032167269803,0.9712505026135907,0.26316847607559307,0.6200241254523522,0.6174105347808605,0.497753,0.304333,gene-driven,neutral
ENSG00000166963,,20663,0.6057498994772819,0.7137112987535182,0.02332127060715722,0.6097708082026538,0.4879372738238842,0.104745,0.189686,neutral,regulation-driven
ENSG00000167034,,4242,0.9111379171692803,0.8548451950140732,0.28930438279051063,0.9171692802573381,0.7428126256533977,0.571039,0.25382,neutral,regulation-driven
ENSG00000167094,,15512,0.6803377563329313,0.9181745074386811,0.11399276236429433,0.6853638922396461,0.5992159227985524,0.345165,0.258745,neutral,regulation-driven
ENSG00000167103,,9905,0.7838761560112586,0.34821069561720946,0.5643345396059509,0.7889022919179735,0.6210796139927623,0.319592,0.187475,neutral,regulation-driven
ENSG00000167106,,40408,0.41174105347808604,0.22778447929232007,0.8856051467631685,0.41576196220345796,0.48502211499798953,0.393074,0.27317,neutral,neutral
ENSG00000167112,,17289,0.6529955770004021,0.17812625653397668,0.4145556895858464,0.6576196220345798,0.47559308403699235,0.436962,0.132037,neutral,neutral
ENSG00000167113,,11529,0.751708886208283,0.29573783675110576,0.7310012062726177,0.7569360675512666,0.6335846401286691,0.482157,0.214214,neutral,regulation-driven
ENSG00000167114,,20944,0.6019300361881785,0.26638520305589064,0.6622436670687576,0.6059509449135505,0.5339264173703258,0.251769,0.211148,neutral,regulation-driven
ENSG00000167139,,15651,0.6773220747889023,0.9726578206674709,0.3526336952151186,0.6823482106956172,0.6709891435464416,0.422014,0.322477,neutral,regulation-driven
ENSG00000167157,,57028,0.3104141535987133,0.5564937675914756,0.41797346200241253,0.3138319260152794,0.3995074386811419,0.573331,0.264023,neutral,neutral
ENSG00000167244,,29280,0.5064334539605951,0.497989545637314,0.3033775633293124,0.510454362685967,0.45436268596702856,0.295135,0.205418,neutral,regulation-driven
ENSG00000167272,,2639,0.9481302774427021,0.08323281061519903,0.7454764776839565,0.9543626859670286,0.6824889425010051,0.499377,0.118617,neutral,regulation-driven
ENSG00000167286,,8169,0.8206674708484117,0.719340570969039,0.15018094089264172,0.8260956976276639,0.6287997587454766,0.49425,0.207378,neutral,neutral
ENSG00000167525,,8692,0.8090068355448331,0.8892239646160032,0.1881785283474065,0.8140329714515481,0.674859268194612,0.377292,0.25764,neutral,regulation-driven
ENSG00000167531,,2383,0.9531564133494169,0.9254121431443506,0.27663852030558905,0.9593888218737434,0.7783373542420586,0.707823,0.270959,gene-driven,neutral
ENSG00000167580,,8142,0.8218737434660234,0.9523522316043426,0.6763168476075593,0.8273019702452754,0.8191897868918375,0.758462,0.360173,gene-driven,neutral
ENSG00000167588,,7332,0.8391636509851227,0.7887012464817049,0.9036992360273421,0.8447929232006434,0.8438078005629273,0.77819,0.372638,gene-driven,neutral
ENSG00000167612,,3719,0.9244069159630076,0.5928829915560917,0.25492561318858065,0.9306393244873341,0.6754020908725372,0.829215,0.179986,gene-driven,gene-driven
ENSG00000167632,,730855,0.0066344993968636915,0.27121029352633697,0.5217129071170085,0.007840772014475271,0.20178930438279052,0.676367,0.285535,gene-driven,gene-driven
ENSG00000167653,,12418,0.7362283876156012,0.9047044632086851,0.08785685564937676,0.7414555689585847,0.6172999597909128,0.734542,0.247286,gene-driven,neutral
ENSG00000167656,,1658,0.9676316847607559,0.8200643345396059,0.24768797748291113,0.9738640932850824,0.7520004020908725,0.598844,0.228237,neutral,regulation-driven
ENSG00000167702,,8160,0.8210695617209489,0.3657016485725774,0.20868516284680338,0.8264977885002011,0.55521712907117,0.261098,0.127513,neutral,regulation-driven
ENSG00000167767,,23019,0.5755930840369924,0.8968636911942099,0.36147969441093686,0.5798150381986329,0.603226779252111,0.826699,0.309409,gene-driven,gene-driven
ENSG00000167768,,5672,0.878367511057499,0.9384800965018094,0.257740249296341,0.8839967832730197,0.7393646964213914,0.526005,0.275332,gene-driven,dual-driven
ENSG00000167771,,5935,0.8715319662243667,0.5281463610776035,0.5064334539605951,0.8771612384398875,0.6955367913148371,0.298703,0.210042,neutral,regulation-driven
ENSG00000167779,,4910,0.8976678729392843,0.622637716123844,0.3353437876960193,0.9036992360273421,0.6895355850422196,0.701352,0.202,gene-driven,neutral
ENSG00000167780,,21050,0.6007237635705669,0.5782066747084841,0.4794933655006031,0.6047446722959389,0.5655910735826296,0.750939,0.251407,gene-driven,gene-driven
ENSG00000167791,,5606,0.8805790108564535,0.9465219139525533,0.8073984720546844,0.8862082830719743,0.8798954563731403,0.448291,0.381433,neutral,regulation-driven
ENSG00000167797,,2153,0.9589867310012062,0.254724567752312,0.7253719340570969,0.9652191395255327,0.7257639726578207,0.597547,0.153096,neutral,neutral
ENSG00000167800,,8461,0.8136308805790109,0.8805790108564535,0.4286288701246482,0.8186570164857258,0.7351226377161239,0.422949,0.295436,neutral,regulation-driven
ENSG00000167910,,9986,0.7818657016485726,0.8341375150784077,0.7515078407720145,0.7868918375552875,0.7883494169682348,0.518315,0.350221,neutral,regulation-driven
ENSG00000167962,,12168,0.742259750703659,0.11540008041817451,0.5277442702050663,0.7474869320466425,0.5329613992762364,0.501123,0.128116,gene-driven,neutral
ENSG00000167965,,5206,0.889827100924809,0.22738238841978287,0.9519501407318054,0.8956574185765983,0.7409127462806595,0.739039,0.242511,gene-driven,neutral
ENSG00000167967,,12163,0.7424607961399277,0.17189384800965019,0.5006031363088058,0.7476879774829112,0.5404000804181746,0.885568,0.136711,gene-driven,gene-driven
ENSG00000167968,,2896,0.9420989143546441,0.7386409328508243,0.25231202251708884,0.9483313228789706,0.7200341777241657,0.659459,0.213108,gene-driven,neutral
ENSG00000167972,,64866,0.27965420184961803,0.6582227583433856,0.5713711298753519,0.28307197426618413,0.4479091274628066,0.112264,0.325593,regulation-driven,regulation-driven
ENSG00000167977,,26508,0.5375954965822276,0.0731805388017692,0.9093285082428629,0.5424205870526739,0.5153900281463611,0.388892,0.23075,neutral,neutral
ENSG00000167981,,11091,0.7615601125854443,0.41978287092882993,0.0667470848411741,0.7665862484921593,0.5034177724165663,0.498894,0.119924,neutral,neutral
ENSG00000167985,,16798,0.6596300763972658,0.04664254121431444,0.7207478890229192,0.6646562123039808,0.5226678729392843,0.420637,0.161942,neutral,neutral
ENSG00000167987,,31359,0.48934459187776436,0.038801769199839166,0.21652593486127866,0.4931644551668677,0.3092681946119823,0.3538,0.075794,neutral,neutral
ENSG00000167992,,37031,0.4346602332127061,0.6690792119018898,0.19079211901889828,0.438681141938078,0.43310213108162443,0.220999,0.230951,neutral,regulation-driven
ENSG00000167994,,22969,0.5765983112183354,0.3902291917973462,0.7320064334539605,0.5808202653799759,0.5697024527543225,0.221864,0.26151,neutral,regulation-driven
ENSG00000167995,,15453,0.6813429835142742,0.6085645355850422,0.5556895858464013,0.6863691194209891,0.632740249296341,0.175955,0.264978,neutral,regulation-driven
ENSG00000168056,,20372,0.6095697627663852,0.38801769199839165,0.24165661439485323,0.6135906714917572,0.4630076397265782,0.133746,0.158072,neutral,neutral
ENSG00000168062,,9074,0.8003618817852834,0.5731805388017692,0.09609971853638923,0.8053880176919984,0.5685062324085244,0.482368,0.161741,neutral,neutral
ENSG00000168071,,17331,0.6527945315641335,0.6632488942501005,0.09026940088459992,0.6574185765983113,0.5157016485725774,0.147396,0.191747,neutral,regulation-driven
ENSG00000168077,,42909,0.3954563731403297,0.5377965420184961,0.3470044229995979,0.3996783273019702,0.41977281865701643,0.223341,0.234821,neutral,neutral
ENSG00000168079,,122791,0.98854041013269,0.5536791314837153,0.18476075593084038,0.14274225975070365,0.5097205468435867,0.294004,0.52879,neutral,neutral
ENSG00000168092,,32611,0.476075593084037,0.14414957780458384,0.894853236831524,0.48009650180940894,0.49859268194611983,0.66952,0.249899,gene-driven,gene-driven
ENSG00000168118,,34833,0.45456373140329714,0.06011258544431041,0.9861278648974668,0.4583835946924005,0.4896059509449136,0.492435,0.261108,gene-driven,neutral
ENSG00000168143,,98329,0.18455971049457176,0.8037796542018496,0.2820667470848412,0.18837957378367512,0.3645054282267793,0.164264,0.308203,neutral,regulation-driven
ENSG00000168152,,19286,0.625653397667873,0.5830317651789304,0.1527945315641335,0.6296743063932448,0.49758745476477684,0.295939,0.186118,neutral,regulation-driven
ENSG00000168172,,133590,0.12484921592279856,0.510454362685967,0.8315239244069159,0.12866907921190188,0.3986831523924407,0.160796,0.357157,regulation-driven,regulation-driven
ENSG00000168175,,18548,0.6347004422999598,0.11137917169280258,0.3845999195818255,0.6389223964616003,0.44218938480096504,0.488249,0.111882,neutral,neutral
ENSG00000168209,,2118,0.9603940490550864,0.4632086851628468,0.3546441495778046,0.9666264575794129,0.6859067149175714,0.506172,0.149578,neutral,regulation-driven
ENSG00000168237,,8169,0.8206674708484117,0.7611580217129071,0.2740249296340973,0.8260956976276639,0.6702151186168074,0.229493,0.239847,neutral,regulation-driven
ENSG00000168243,,103070,0.17551266586248493,0.726779252110977,0.9143546441495778,0.17953357458785685,0.4988439887414555,0.587917,0.419833,neutral,neutral
ENSG00000168246,,74119,0.24869320466425412,0.5550864495375954,0.8248894250100522,0.25190993164455167,0.4699839163650985,0.440109,0.355348,neutral,neutral
ENSG00000168263,,12528,0.7344189786891837,0.8880176919983916,0.6578206674708484,0.7394451145958987,0.7546743063932448,0.509509,0.351578,neutral,regulation-driven
ENSG00000168268,,10670,0.7700040209087253,0.25271411338962607,0.8273019702452754,0.7752312022517089,0.6560514676316848,0.692495,0.22497,gene-driven,neutral
ENSG00000168269,,3838,0.9211901889827101,0.8775633293124246,0.671491757137113,0.9274225975070366,0.8491053478086048,0.834469,0.316998,gene-driven,neutral
ENSG00000168273,,45225,0.3791716928025734,0.39223964616003215,0.5615199034981906,0.3831926015279453,0.42882991556091676,0.625281,0.245225,neutral,neutral
ENSG00000168275,,11625,0.7501005227181343,0.16706875753920386,0.23381584238037798,0.7553277040611178,0.4763168476075593,0.573914,0.089013,neutral,neutral
ENSG00000168288,,18142,0.6407318053880177,0.02673904302372336,0.7891033373542421,0.6449537595496582,0.5251708886208283,0.374357,0.174156,neutral,regulation-driven
ENSG00000168291,,6228,0.8642943305186972,0.10052271813429835,0.9334539605950944,0.8697225572979493,0.6917269802975472,0.491484,0.205971,gene-driven,dual-driven
ENSG00000168298,,787,0.9784881383192602,0.3717330116606353,0.2629674306393245,0.9847205468435867,0.6491656614394853,0.622648,0.098512,neutral,neutral
ENSG00000168301,,10265,0.7764374748693205,0.24929634097305992,0.9330518697225573,0.781664656212304,0.6848512263771612,0.436088,0.257338,neutral,regulation-driven
ENSG00000168303,,8596,0.8108162444712506,0.015078407720144753,0.36308805790108567,0.8158423803779654,0.5009549658222758,0.617973,0.065993,neutral,neutral
ENSG00000168306,,32148,0.4804985926819461,0.5544833132287897,0.32569360675512665,0.48431845597104944,0.46105749899477283,0.414048,0.226126,gene-driven,neutral
ENSG00000168333,,21783,0.5914756735022115,0.9758745476477684,0.09891435464414958,0.5954965822275834,0.5652392440691596,0.579694,0.272668,neutral,neutral
ENSG00000168348,,2891,0.9425010052271814,0.8212706071572176,0.12525130679533575,0.9487334137515079,0.7091274628065943,0.527051,0.21351,neutral,regulation-driven
ENSG00000168350,,15689,0.6771210293526337,0.7086851628468034,0.9370727784479292,0.6821471652593486,0.751005227181343,0.488772,0.387465,neutral,regulation-driven
ENSG00000168386,,285703,0.04382790510655408,0.6019300361881785,0.27543224768797747,0.04684358665058303,0.2418576598311218,0.42798,0.291415,neutral,gene-driven
ENSG00000168394,,8608,0.8104141535987133,0.5213108162444713,0.269199839163651,0.8154402895054282,0.6038399678327302,0.806232,0.177372,gene-driven,gene-driven
ENSG00000168395,,42394,0.39927623642943305,0.24788902291917975,0.8510253317249699,0.40329714515480497,0.47517088862082835,0.697204,0.270456,gene-driven,gene-driven
ENSG00000168398,,39488,0.4161640530759952,0.5186972255729795,0.21391234418978688,0.4201849618013671,0.3920386007237635,0.664779,0.200643,gene-driven,gene-driven
ENSG00000168412,,28776,0.510454362685967,0.759750703659027,0.7621632488942501,0.514475271411339,0.6365098512263772,0.5759,0.365501,gene-driven,neutral
ENSG00000168427,,14280,0.7020506634499397,0.8644953759549658,0.7639726578206675,0.7070767993566546,0.7591475673502212,0.353076,0.372185,neutral,regulation-driven
ENSG00000168438,,74135,0.24849215922798554,0.024728588661037394,0.9185765983112183,0.2517088862082831,0.3607157217531162,0.131775,0.24226,neutral,regulation-driven
ENSG00000168439,,19272,0.9957780458383595,0.3835946924004825,0.9240048250904704,0.6298753518295135,0.7516083634901488,0.381358,0.604785,dual-driven,dual-driven
ENSG00000168490,,12399,0.7368315239244069,0.7197426618415762,0.9236027342179333,0.7420587052673905,0.7802975472456776,0.271823,0.377714,neutral,regulation-driven
ENSG00000168497,,12779,0.7291917973462002,0.4455166867712103,0.3361479694410937,0.7344189786891837,0.5610574989947728,0.527121,0.179383,neutral,neutral
ENSG00000168530,,25025,0.5520707679935666,0.9800965018094089,0.8675110574989948,0.5562927221552071,0.7387816646562123,0.386027,0.442652,neutral,regulation-driven
ENSG00000168538,,54328,0.3240852432649779,0.13530357860876557,0.843988741455569,0.3279051065540812,0.4076296743063933,0.143345,0.246532,neutral,regulation-driven
ENSG00000168542,,38374,0.42320064334539603,0.5729794933655006,0.5794129473260957,0.4274225975070366,0.5005428226779253,0.131484,0.287897,regulation-driven,regulation-driven
ENSG00000168556,,7372,0.8383594692400482,0.46642541214314437,0.9388821873743466,0.843988741455569,0.771632488942501,0.538591,0.304333,neutral,regulation-driven
ENSG00000168564,,4430,0.9067149175713711,0.2689987937273824,0.22094893445918778,0.912746280659429,0.5770506634499396,0.304393,0.094542,neutral,regulation-driven
ENSG00000168566,,21770,0.5918777643747487,0.15661439485323683,0.5098512263771613,0.5958986731001207,0.4633594692400483,0.402764,0.152795,neutral,neutral
ENSG00000168594,,148513,0.10796139927623644,0.9983916365098512,0.0010052271813429834,0.11238439887414556,0.30471451548049855,0.348904,0.241858,neutral,neutral
ENSG00000168615,,108692,0.16264575794129474,0.37997587454764775,0.45979091274628064,0.16706875753920386,0.2921491757137113,0.100915,0.249447,neutral,regulation-driven
ENSG00000168621,,27365,0.527945315641335,0.6777241656614394,0.7929232006433454,0.5321672698029755,0.6324788902291918,0.625342,0.350221,gene-driven,neutral
ENSG00000168672,,6036,0.8687173301166063,0.437675914756735,0.06795335745878568,0.8741455568958585,0.5618516284680337,0.519753,0.113741,neutral,neutral
ENSG00000168679,,28232,0.5176919983916365,0.5056292722155207,0.35564937675914754,0.5217129071170085,0.4749698431845597,0.758508,0.216124,gene-driven,gene-driven
ENSG00000168685,,26909,0.5333735424205871,0.7082830719742662,0.13309207880981103,0.5377965420184961,0.47791515882589464,0.591008,0.220899,gene-driven,neutral
ENSG00000168702,,1899594,0.0,0.7255729794933655,0.30840369923602734,0.0,0.25849416968234823,0.123341,0.383846,regulation-driven,neutral
ENSG00000168710,,38978,0.4199839163650985,0.2619622034579815,0.978086047446723,0.424205870526739,0.5208484117410535,0.175211,0.310213,neutral,regulation-driven
ENSG00000168754,,110699,0.15922798552472858,0.7133092078809811,0.020908725371934056,0.16385203055890632,0.26409328508242863,0.347025,0.207278,neutral,neutral
ENSG00000168758,,11040,0.7629674306393245,0.505026135906715,0.3498190591073583,0.768194611982308,0.5962404503417772,0.198563,0.193556,neutral,regulation-driven
ENSG00000168772,,26594,0.536389223964616,0.6162042621632489,0.6642541214314435,0.5412143144350623,0.5892742259750703,0.557774,0.308002,gene-driven,neutral
ENSG00000168778,,37290,0.4328508242862887,0.3291113791716928,0.15661439485323683,0.43707277844792924,0.33870124648170485,0.181564,0.138118,neutral,regulation-driven
ENSG00000168792,,6491,0.8588661037394452,0.26497788500201047,0.3281061519903498,0.8644953759549658,0.5788299155609168,0.558719,0.117561,gene-driven,neutral
ENSG00000168795,,27349,0.5285484519501408,0.14032971451548049,0.014877362283876157,0.5327704061117813,0.30392038600723764,0.505579,0.036741,neutral,neutral
ENSG00000168811,,7185,0.8415761962203459,0.5042219541616405,0.22878970647366303,0.8474065138721351,0.6052070767993567,0.81917,0.1634,gene-driven,gene-driven
ENSG00000168824,,70919,0.258745476477684,0.7802573381584238,0.889827100924809,0.2619622034579815,0.5475371934057097,0.567475,0.422547,neutral,neutral
ENSG00000168826,,31536,0.4873341375150784,0.25934861278648974,0.4141535987133092,0.49115400080418176,0.4128065942903096,0.135464,0.169984,neutral,regulation-driven
ENSG00000168843,,780108,0.004020908725371934,0.8309207880981102,0.39123441897868916,0.005428226779252111,0.30783071974266185,0.139807,0.398271,regulation-driven,regulation-driven
ENSG00000168890,,4650,0.9034981905910736,0.036389223964616,0.6779252110977081,0.9095295536791315,0.6315339766787293,0.693265,0.10957,gene-driven,neutral
ENSG00000168894,,1984,0.9620024125452352,0.004020908725371934,0.8570566948130277,0.9682348210695617,0.6975170888620829,0.727865,0.11545,gene-driven,neutral
ENSG00000168899,,8976,0.8021712907117008,0.27663852030558905,0.3049859268194612,0.8071974266184158,0.547496984318456,0.609107,0.123844,neutral,neutral
ENSG00000168906,,6114,0.8673100120627262,0.34298351427422596,0.9145556895858464,0.8727382388419783,0.7491254523522316,0.355649,0.258343,neutral,regulation-driven
ENSG00000168907,,17603,0.6481704865299558,0.8411741053478086,0.24929634097305992,0.6525934861278649,0.5975874547647769,0.532053,0.270708,gene-driven,neutral
ENSG00000168917,,37242,0.4330518697225573,0.45958986731001206,0.011459589867310011,0.43727382388419783,0.33513268998793727,0.397668,0.116104,neutral,neutral
ENSG00000168924,,44678,0.3821873743466023,0.20928829915560918,0.6156011258544432,0.38620828307197425,0.39812022517088863,0.293707,0.211399,neutral,neutral
ENSG00000168938,,13476,0.7175311620426217,0.3393646964213912,0.8250904704463209,0.7229593888218737,0.6509650180940892,0.57117,0.25377,neutral,neutral
ENSG00000168952,,240694,0.055890631282669884,0.5211097708082026,0.8431845597104946,0.059308403699236026,0.3697024527543225,0.341244,0.370627,neutral,neutral
ENSG00000168961,,19763,0.6174105347808605,0.598713309207881,0.13671089666264577,0.6214314435062324,0.49336550060313633,0.818766,0.187425,gene-driven,gene-driven
ENSG00000168993,,41173,0.4071170084439083,0.6903900281463611,0.44632086851628466,0.4111379171692803,0.48854041013269,0.613565,0.292672,gene-driven,neutral
ENSG00000169006,,12018,0.745275432247688,0.9453156413349417,0.29473260956976277,0.7505026135906715,0.6836952151186169,0.483816,0.294883,neutral,regulation-driven
ENSG00000169016,,21803,0.5912746280659429,0.1529955770004021,0.4583835946924005,0.5952955367913149,0.4492862887012465,0.376347,0.141435,neutral,neutral
ENSG00000169019,,12916,0.7263771612384399,0.16948130277442702,0.6228387615601125,0.7316043425814234,0.5623140329714515,0.713561,0.163299,gene-driven,gene-driven
ENSG00000169020,,1895,0.9642139123441897,0.11399276236429433,0.5979091274628066,0.9704463208685162,0.6613289103337354,0.607228,0.093737,neutral,neutral
ENSG00000169026,,7443,0.8355448331322879,0.389827100924809,0.3005629272215521,0.8411741053478086,0.5914957780458383,0.235243,0.146813,neutral,regulation-driven
ENSG00000169031,,150169,0.10574989947728186,0.6296743063932448,0.1355046240450342,0.110172899075191,0.24505428226779252,0.119371,0.239093,neutral,neutral
ENSG00000169032,,104820,0.1710896662645758,0.050261359067149174,0.9386811419380781,0.1753116204262163,0.33362484921592284,0.693851,0.256031,gene-driven,gene-driven
ENSG00000169062,,24217,0.5611178126256534,0.29412947326095695,0.47084841174105346,0.5651387213510254,0.4726075593084037,0.361118,0.183605,neutral,neutral
ENSG00000169087,,53833,0.32629674306393247,0.3550462404503418,0.2862887012464817,0.3301166063530358,0.32424607961399277,0.329373,0.181745,neutral,neutral
ENSG00000169116,,117021,0.14917571371129876,0.5508644953759549,0.014475271411338963,0.1533976678729393,0.21676718938480097,0.469743,0.162545,neutral,neutral
ENSG00000169129,,109933,0.16043425814234016,0.6373140329714515,0.38198632891033374,0.1650583031765179,0.33596702854845195,0.231157,0.295386,neutral,neutral
ENSG00000169139,,56294,0.31363088057901084,0.14897466827503017,0.9975874547647768,0.317048652995577,0.4441395255327704,0.610187,0.286339,gene-driven,gene-driven
ENSG00000169174,,25408,0.5494571773220748,0.854443104141536,0.29513470044229995,0.5536791314837153,0.5629674306393244,0.326597,0.289204,neutral,dual-driven
ENSG00000169194,,4848,0.8994772818657016,0.9344591877764374,0.16546039404905508,0.9055086449537596,0.7259248090068355,0.601628,0.258595,neutral,neutral
ENSG00000169213,,82745,0.22195416164053075,0.8124246079613993,0.862887012464817,0.22517088862082832,0.5304483313228789,0.554735,0.425764,neutral,neutral
ENSG00000169231,,13464,0.7177322074788902,0.3453960595094491,0.644551668677121,0.7231604342581424,0.6074386811419381,0.1327,0.214164,neutral,regulation-driven
ENSG00000169241,,3514,0.9298351427422598,0.13590671491757136,0.5205066344993968,0.9360675512665863,0.6302673904302372,0.357388,0.101528,neutral,regulation-driven
ENSG00000169242,,7024,0.8470044229995979,0.47366304784881386,0.5408122235625251,0.8526336952151187,0.6782468837957378,0.523844,0.205619,neutral,regulation-driven
ENSG00000169245,,2380,0.9537595496582227,0.6403297145154805,0.32629674306393247,0.9599919581825492,0.71978287092883,0.631685,0.193707,neutral,neutral
ENSG00000169247,,139525,0.1160032167269803,0.8098110172899076,0.1716928025733816,0.11982308001608363,0.3041415359871331,0.133474,0.289154,regulation-driven,regulation-driven
ENSG00000169248,,7734,0.8313228789706474,0.6306795335745878,0.12967430639324487,0.8367511057498995,0.6068355448331323,0.745147,0.179634,gene-driven,neutral
ENSG00000169251,,148837,0.10755930840369923,0.07981503819863289,0.7225572979493365,0.11198230800160837,0.2552573381584238,0.127493,0.234821,neutral,neutral
ENSG00000169271,,679,0.9792923200643345,0.8228789706473663,0.28065942903096097,0.985524728588661,0.7667772416566143,0.635535,0.218637,neutral,neutral
ENSG00000169282,,501056,0.013872135102533172,0.7350221149979895,0.49537595496582226,0.015681544028950542,0.314897466827503,0.819371,0.38646,gene-driven,gene-driven
ENSG00000169299,,36278,0.44129473260956975,0.38500201045436266,0.8065942903096099,0.44531564133494167,0.5193506232408525,0.29238,0.287847,neutral,regulation-driven
ENSG00000169302,,152893,0.10313630880579011,0.6125854443104142,0.5729794933655006,0.10776035383996783,0.3488841978287093,0.791028,0.338158,gene-driven,gene-driven
ENSG00000169375,,86464,0.989545637314033,0.1158021712907117,0.8606755126658625,0.21290711700844392,0.5835645355850423,0.230586,0.555127,neutral,neutral
ENSG00000169379,,75540,0.2444712505026136,0.32770406111781264,0.5138721351025332,0.24788902291917975,0.3333132287897065,0.137193,0.235977,neutral,regulation-driven
ENSG00000169410,,116065,0.9889425010052272,0.3178528347406514,0.7255729794933655,0.15601125854443104,0.5887414555689586,0.747164,0.58855,gene-driven,gene-driven
ENSG00000169427,,103272,0.17470848411741052,0.7263771612384399,0.8976678729392843,0.17893043827905106,0.4942098914354644,0.232057,0.41722,regulation-driven,regulation-driven
ENSG00000169429,,3198,0.9360675512665863,0.8001608363490149,0.30197024527543226,0.9422999597909127,0.7448130277442702,0.743959,0.237083,gene-driven,neutral
ENSG00000169435,,49082,0.3550462404503418,0.6387213510253317,0.27965420184961803,0.3586650583031765,0.4078407720144752,0.315169,0.248542,neutral,neutral
ENSG00000169495,,14436,0.6986328910333736,0.6250502613590672,0.46059509449135505,0.7034579815038199,0.6216928025733816,0.474256,0.246834,neutral,neutral
ENSG00000169499,,72678,0.2517088862082831,0.3242862887012465,0.46260554885404104,0.25492561318858065,0.32322074788902294,0.299357,0.222155,neutral,neutral
ENSG00000169504,,98940,0.18395657418576597,0.5914756735022115,0.850422195416164,0.18777643747486933,0.4532167269802976,0.562706,0.374246,neutral,neutral
ENSG00000169519,,418794,0.02191395255327704,0.043626859670285484,0.1948130277442702,0.02372336147969441,0.07092882991556093,0.191586,0.143697,neutral,neutral
ENSG00000169550,,13232,0.7209489344591877,0.8035786087655811,0.08283071974266185,0.7263771612384399,0.583162444712505,0.312203,0.220848,neutral,dual-driven
ENSG00000169564,,1727,0.9664254121431444,0.2903096099718536,0.17410534780860473,0.9726578206674709,0.600562927221552,0.470597,0.078257,neutral,neutral
ENSG00000169567,,69086,0.26316847607559307,0.006031363088057901,0.720345798150382,0.26638520305589064,0.31382187374346604,0.424889,0.195014,neutral,neutral
ENSG00000169570,,152474,0.1035383996783273,0.18013671089666264,0.3823884197828709,0.10816244471250502,0.1933252915158826,0.296793,0.191898,neutral,neutral
ENSG00000169583,,1961,0.962605548854041,0.6911942098914354,0.605146763168476,0.9688379573783675,0.8066344993968637,0.606303,0.242008,neutral,regulation-driven
ENSG00000169605,,6408,0.8616807398472055,0.9487334137515079,0.19943707277844794,0.8671089666264575,0.718968636911942,0.534851,0.273874,neutral,regulation-driven
ENSG00000169607,,28316,0.516485725774025,0.8313228789706474,0.06493767591475673,0.5203055890631283,0.48307197426618415,0.621512,0.235525,gene-driven,neutral
ENSG00000169621,,188291,0.0790108564535585,0.42581423401688784,0.030156815440289506,0.08323281061519903,0.15434258142340168,0.264877,0.152543,neutral,neutral
ENSG00000169692,,14315,0.7010454362685967,0.5689585846401287,0.5828307197426619,0.705870526739043,0.6394350623240852,0.449015,0.258343,neutral,regulation-driven
ENSG00000169744,,397138,0.9831121833534379,0.49336550060313633,0.8992762364294331,0.02694008845999196,0.648482106956172,0.179906,0.66927,regulation-driven,regulation-driven
ENSG00000169758,,169164,0.09006835544833132,0.585243264977885,0.5603136308805791,0.09429030960997185,0.3322677925211098,0.479229,0.332077,neutral,neutral
ENSG00000169762,,66906,0.27080820265379973,0.12042621632488942,0.7866907921190189,0.2742259750703659,0.3628669079211902,0.854393,0.233816,gene-driven,gene-driven
ENSG00000169814,,120971,0.14213912344189786,0.20325693606755127,0.18435866505830317,0.1461600321672698,0.16877764374748694,0.724068,0.141335,gene-driven,gene-driven
ENSG00000169826,,46858,0.3661037394451146,0.2995577000402091,0.8164455166867712,0.3701246481704865,0.46285685564937673,0.246502,0.276236,neutral,regulation-driven
ENSG00000169836,,133955,0.12384398874145557,0.9350623240852433,0.44149577804583834,0.1276638520305589,0.4068254925613189,0.44814,0.38274,neutral,neutral
ENSG00000169840,,2286,0.9559710494571774,0.9242058705267391,0.510454362685967,0.9622034579815039,0.8378970647366306,0.576096,0.301216,neutral,regulation-driven
ENSG00000169855,,1170760,0.0010052271813429834,0.3516284680337756,0.4825090470446321,0.0014073180538801769,0.20911741053478083,0.587385,0.310464,gene-driven (relaxed),gene-driven (relaxed)
ENSG00000169884,,6396,0.8620828307197427,0.5878568556493767,0.5999195818254925,0.8675110574989948,0.729071170084439,0.363018,0.241456,neutral,regulation-driven
ENSG00000169885,,2189,0.9577804583835947,0.5512665862484921,0.3588661037394451,0.9640128669079212,0.7076698833936469,0.563561,0.173351,neutral,neutral
ENSG00000169903,,28698,0.5116606353035786,0.9081222356252513,0.5215118616807398,0.515480498592682,0.6140028146361077,0.554453,0.350724,neutral,neutral
ENSG00000169908,,8671,0.8092078809811017,0.3854041013268999,0.43807800562927224,0.8142340168878166,0.6114796944109369,0.488822,0.171894,neutral,neutral
ENSG00000169914,,30551,0.4959790912746281,0.4059107358262967,0.5757941294732609,0.4995979091274628,0.4941395255327704,0.49814,0.239194,neutral,neutral
ENSG00000169918,,395392,0.025130679533574587,0.5577000402090873,0.503015681544029,0.027141133896260553,0.27814636107760354,0.124528,0.338661,regulation-driven,regulation-driven
ENSG00000169919,,21532,0.5944913550462404,0.1889827100924809,0.6936067551266586,0.5985122637716124,0.5186972255729795,0.248733,0.200442,neutral,regulation-driven
ENSG00000169926,,108831,0.16224366706875754,0.19059107358262967,0.35022114997989545,0.16666666666666666,0.2172094893445919,0.528508,0.177724,neutral,neutral
ENSG00000169967,,89798,0.20064334539605952,0.05227181342983514,0.8667068757539204,0.20426216324889426,0.33079010856453556,0.297849,0.240852,neutral,neutral
ENSG00000170044,,380598,0.027744270205066344,0.769199839163651,0.515480498592682,0.029754724567752314,0.3354443104141536,0.383419,0.389727,neutral,neutral
ENSG00000170075,,10707,0.7694008845999196,0.8080016083634901,0.4700442299959791,0.7744270205066345,0.7052171290711701,0.588492,0.289154,gene-driven,neutral
ENSG00000170142,,85686,0.21190188982710093,0.07438681141938078,0.9891435464414958,0.21552070767993567,0.37255729794933656,0.419933,0.266838,gene-driven,neutral
ENSG00000170145,,128407,0.13168476075593083,0.36771210293526335,0.5339766787293928,0.13530357860876557,0.2919883393646964,0.124729,0.265883,neutral,regulation-driven
ENSG00000170162,,8008,0.8244873341375151,0.9479292320064334,0.6865701648572577,0.8299155609167672,0.8219541616405308,0.469944,0.358766,neutral,regulation-driven
ENSG00000170166,,1677,0.9672295938882187,0.6415359871330921,0.5858464012866907,0.9734620024125452,0.7917068757539203,0.587505,0.222557,neutral,regulation-driven
ENSG00000170178,,2695,0.9469240048250904,0.82951347004423,0.2076799356654604,0.9531564133494169,0.7340068355448331,0.546472,0.231102,neutral,regulation-driven
ENSG00000170185,,40296,0.41254523522316044,0.3349416968234821,0.6588258946521914,0.41656614394853236,0.45551869722557303,0.752836,0.24995,gene-driven,gene-driven
ENSG00000170214,,107933,0.16385203055890632,0.6405307599517491,0.5301568154402895,0.16827503015681544,0.3754825090470446,0.520215,0.327805,neutral,neutral
ENSG00000170231,,51369,0.3407720144752714,0.9748693204664254,0.46602332127060714,0.34439083232810613,0.5313329312424607,0.510173,0.367963,neutral,neutral
ENSG00000170289,,189699,0.07840772014475271,0.8799758745476478,0.12866907921190188,0.08262967430639324,0.29220948934459184,0.571832,0.300714,gene-driven,gene-driven
ENSG00000170293,,131643,0.12645757941294733,0.39203860072376356,0.42259750703659027,0.13027744270205066,0.26765178930438277,0.607318,0.250251,neutral,neutral
ENSG00000170325,,103130,0.17511057498994773,0.1407318053880177,0.7062726176115802,0.17933252915158826,0.30015078407720147,0.111741,0.235877,neutral,regulation-driven
ENSG00000170340,,28617,0.512464817048653,0.1467631684760756,0.01407318053880177,0.5162846803377563,0.2972054684358665,0.478347,0.038299,neutral,neutral
ENSG00000170348,,45144,0.37977482911137916,0.11379171692802574,0.8749497386409328,0.3837957378367511,0.4378769601930036,0.586218,0.244069,neutral,neutral
ENSG00000170370,,7102,0.8447929232006434,0.72778447929232,0.9690390028146361,0.850422195416164,0.8477281865701648,0.530147,0.39229,neutral,regulation-driven
ENSG00000170374,,18741,0.6312826698833937,0.8086047446722959,0.27060715721753115,0.6355046240450342,0.5862887012464817,0.33649,0.267189,neutral,regulation-driven
ENSG00000170379,,109459,0.16103739445114595,0.41033373542420587,0.11439485323683152,0.1656614394853237,0.21262565339766787,0.120547,0.171643,neutral,neutral
ENSG00000170381,,285902,0.043626859670285484,0.638118214716526,0.2874949738640933,0.04664254121431444,0.25381986328910333,0.202156,0.303981,neutral,neutral
ENSG00000170385,,7594,0.8339364696421391,0.37575392038600725,0.4213912344189787,0.8395657418576599,0.6173803779654201,0.366496,0.163349,neutral,regulation-driven
ENSG00000170390,,178994,0.08363490148773622,0.5108564535585042,0.6397265782066747,0.08745476477683957,0.3302271813429835,0.157916,0.331021,neutral,neutral
ENSG00000170396,,340964,0.03397667872939284,0.7314032971451548,0.04463208685162847,0.03618817852834741,0.21143948532368317,0.15193,0.248291,neutral,neutral
ENSG00000170417,,282996,0.04463208685162847,0.7758343385605146,0.2812625653397668,0.04764776839565742,0.2871934057096904,0.389536,0.333434,neutral,neutral
ENSG00000170419,,28756,0.5110574989947728,0.891837555287495,0.738238841978287,0.5150784077201448,0.6638520305589063,0.405245,0.392642,neutral,dual-driven
ENSG00000170430,,303794,0.039806996381182146,0.2488942501005227,0.06393244873341375,0.042621632488942504,0.09867310012062726,0.397336,0.138621,neutral,neutral
ENSG00000170439,,2876,0.9427020506634499,0.7744270205066345,0.4776839565741858,0.9489344591877764,0.7856252513067953,0.581906,0.254172,neutral,regulation-driven
ENSG00000170448,,67435,0.26839565741857657,0.39525532770406113,0.5211097708082026,0.27181342983514273,0.36397265782066746,0.183554,0.250955,neutral,regulation-driven
ENSG00000170454,,10302,0.7756332931242461,0.877362283876156,0.46481704865299556,0.7808604744672296,0.7244069159630077,0.153247,0.303729,regulation-driven,regulation-driven
ENSG00000170458,,1973,0.9622034579815039,0.5735826296743064,0.17249698431845598,0.9684358665058304,0.6688681141938079,0.544445,0.156916,gene-driven,neutral
ENSG00000170464,,35904,0.4449135504624045,0.5667470848411741,0.5818254925613189,0.4489344591877764,0.5104041013268998,0.34323,0.284881,neutral,dual-driven
ENSG00000170482,,17358,0.6523924406915963,0.6938078005629272,0.7050663449939686,0.657016485725774,0.6768395657418576,0.310796,0.321974,neutral,regulation-driven
ENSG00000170484,,8062,0.8230800160836349,0.8459991958182549,0.2607559308403699,0.828508242862887,0.689314435062324,0.766808,0.257992,gene-driven,neutral
ENSG00000170498,,6151,0.8665058303176518,0.7949336550060314,0.1529955770004021,0.8719340570969039,0.6713208685162847,0.608806,0.222708,neutral,neutral
ENSG00000170500,,50627,0.34499396863691195,0.6998391636509851,0.17812625653397668,0.3484117410534781,0.39267189384800966,0.372635,0.242662,neutral,neutral
ENSG00000170509,,19098,0.6270607157217531,0.8606755126658625,0.32870928829915563,0.6312826698833937,0.6117209489344593,0.435816,0.290862,neutral,regulation-driven
ENSG00000170542,,16137,0.669481302774427,0.607157217531162,0.29593888218737435,0.6743063932448733,0.5614796944109368,0.188209,0.218436,neutral,regulation-driven
ENSG00000170545,,25858,0.5448331322878971,0.6079613992762364,0.37474869320466425,0.5494571773220748,0.5190188982710092,0.6193,0.242963,gene-driven,neutral
ENSG00000170577,,4271,0.9095295536791315,0.605146763168476,0.9561720948934459,0.9155609167671894,0.8463007639726579,0.532951,0.335545,neutral,regulation-driven
ENSG00000170581,,18607,0.6332931242460796,0.22235625251306795,0.19722557297949336,0.6375150784077201,0.42238640932850824,0.674552,0.10575,gene-driven,gene-driven
ENSG00000170584,,13879,0.7098914354644149,0.04563731403297145,0.9487334137515079,0.7151186168073985,0.604583835946924,0.737636,0.223462,neutral,neutral
ENSG00000170606,,54437,0.32368315239244067,0.30237233614796943,0.8805790108564535,0.32750301568154405,0.45834338560514676,0.250472,0.295939,neutral,regulation-driven
ENSG00000170613,,4419,0.9069159630076398,0.9402895054282268,0.14455166867712102,0.9129473260956976,0.7258745476477685,0.473291,0.262364,neutral,regulation-driven
ENSG00000170615,,93478,0.19340570969039003,0.44189786891837557,0.4469240048250905,0.19702452754322478,0.31963208685162847,0.113741,0.255428,neutral,regulation-driven
ENSG00000170624,,897445,0.0030156815440289505,0.5653397667872939,0.5452352231604343,0.004422999597909127,0.27943305186972256,0.442189,0.366858,neutral,neutral
ENSG00000170627,,17653,0.64756735022115,0.9648170486529956,0.5038198632891033,0.6519903498190591,0.6918275030156815,0.736211,0.343989,gene-driven,neutral
ENSG00000170633,,30541,0.49618013671089667,0.24567752312022517,0.7776437474869321,0.4997989545637314,0.5046441495778046,0.208886,0.241305,neutral,regulation-driven
ENSG00000170743,,230266,0.985524728588661,0.6240450341777242,0.6415359871330921,0.06413349416968235,0.6248793727382389,0.430103,0.666405,dual-driven,dual-driven
ENSG00000170759,,47411,0.36349014877362285,0.23743466023321272,0.9115400080418175,0.36751105749899476,0.46979292320064336,0.216757,0.284831,neutral,regulation-driven
ENSG00000170775,,21908,0.5892641737032569,0.7418576598311218,0.3964616003216727,0.5932850824286289,0.5800160836349015,0.456494,0.276337,neutral,neutral
ENSG00000170786,,20772,0.6043425814234017,0.8025733815842381,0.4873341375150784,0.6083634901487737,0.6254523522316044,0.402031,0.307549,neutral,regulation-driven
ENSG00000170801,,37345,0.4322476879774829,0.5371934057096904,0.7696019300361882,0.4364696421391234,0.5436670687575392,0.338209,0.318657,neutral,regulation-driven
ENSG00000170807,,8425,0.8154402895054282,0.8755528749497387,0.639123441897869,0.8204664254121431,0.787394451145959,0.299719,0.331574,neutral,regulation-driven
ENSG00000170819,,75167,0.24547647768395658,0.8588661037394452,0.4324487334137515,0.2488942501005227,0.44625050261359067,0.510203,0.346954,neutral,neutral
ENSG00000170860,,22306,0.584238037796542,0.04945717732207479,0.987535182951347,0.5884599919581825,0.5522114997989546,0.625613,0.255378,neutral,neutral
ENSG00000170873,,177690,0.08443908323281062,0.4006835544833132,0.6252513067953357,0.08825894652191395,0.2994672295938882,0.700764,0.300462,gene-driven,gene-driven
ENSG00000170876,,18666,0.632086851628468,0.319059107358263,0.7766385203055891,0.6363088057901085,0.590812223562525,0.747639,0.246834,gene-driven,gene-driven
ENSG00000170881,,13753,0.7119018898271009,0.5044229995979091,0.7901085645355851,0.717330116606353,0.6806694813027745,0.468898,0.286238,neutral,regulation-driven
ENSG00000170890,,5665,0.8787696019300362,0.9463208685162847,0.4917571371129875,0.8843988741455568,0.8000301568154402,0.595617,0.318305,neutral,regulation-driven
ENSG00000170891,,4873,0.8988741455568958,0.5733815842380378,0.498994772818657,0.9049055086449538,0.7187374346602332,0.505654,0.215822,gene-driven,dual-driven
ENSG00000170893,,3248,0.9346602332127061,0.7185363892239646,0.19682348210695616,0.9408926417370326,0.6974165661439486,0.538792,0.20185,neutral,regulation-driven
ENSG00000170899,,17357,0.6525934861278649,0.6509851226377161,0.3916365098512264,0.6572175311620426,0.5878769601930036,0.524507,0.247236,neutral,neutral
ENSG00000170903,,26781,0.5345798150381986,0.20526739043023723,0.08202653799758745,0.5390028146361078,0.3399979895456373,0.504608,0.082027,gene-driven,gene-driven
ENSG00000170915,,46357,0.36972255729794934,0.5520707679935666,0.008443908323281062,0.37374346602332126,0.325794129473261,0.40394,0.139576,neutral,neutral
ENSG00000170950,,1626,0.9688379573783675,0.916767189384801,0.17993566546039405,0.975070365902694,0.7598411741053477,0.57114,0.249196,neutral,regulation-driven
ENSG00000170955,,1587,0.9700442299959791,0.5558906312826699,0.3260956976276638,0.9762766385203056,0.7067651789304383,0.490239,0.165159,neutral,regulation-driven
ENSG00000170961,,29325,0.5062324085243265,0.5158825894652191,0.9465219139525533,0.5102533172496985,0.6195215118616808,0.325694,0.357107,neutral,regulation-driven
ENSG00000171016,,50064,0.34901487736228387,0.37052673904302375,0.4784881383192601,0.3526336952151186,0.3874849215922799,0.320688,0.22698,neutral,neutral
ENSG00000171053,,3589,0.9288299155609168,0.8809811017289908,0.16747084841174106,0.9350623240852433,0.7277744270205067,0.585384,0.242209,neutral,neutral
ENSG00000171097,,49553,0.3528347406513872,0.10172899075190993,0.44953759549658223,0.35645355850422195,0.3149577804583836,0.168064,0.152242,neutral,neutral
ENSG00000171115,,28764,0.5106554081222356,0.535383996783273,0.018496180136710897,0.5146763168476075,0.3946019300361882,0.234117,0.144803,neutral,regulation-driven
ENSG00000171121,,30312,0.498994772818657,0.24065138721351026,0.17490952955367914,0.5026135906714918,0.3541113791716928,0.313168,0.116355,neutral,neutral
ENSG00000171126,,51966,0.33815842380377964,0.6413349416968235,0.7326095697627664,0.3421793325291516,0.5133695215118617,0.622205,0.346301,gene-driven,neutral
ENSG00000171130,,18237,0.6389223964616003,0.6143948532368315,0.7492963409730599,0.6431443506232408,0.6612283876156011,0.819504,0.314737,gene-driven,gene-driven
ENSG00000171135,,3776,0.9229995979091274,0.10434258142340169,0.9618013671089666,0.9292320064334539,0.7292822677925211,0.583404,0.209238,neutral,neutral
ENSG00000171160,,18948,0.6284680337756333,0.504020908725372,0.8482106956172095,0.6326899879372738,0.6531363088057901,0.561942,0.310113,neutral,neutral
ENSG00000171169,,6974,0.8488138319260152,0.353437876960193,0.78367511057499,0.854443104141536,0.7098110172899076,0.512515,0.224568,neutral,regulation-driven
ENSG00000171202,,8581,0.8110172899075191,0.12625653397667874,0.4507438681141938,0.8160434258142341,0.5507639726578206,0.761202,0.108816,gene-driven,gene-driven
ENSG00000171209,,13093,0.7231604342581424,0.9668275030156815,0.03437876960193004,0.7285886610373945,0.6129674306393245,0.769934,0.245879,gene-driven,gene-driven
ENSG00000171217,,12536,0.7342179332529152,0.5444310414153599,0.03719340570969039,0.73924406915963,0.5135203055890631,0.624326,0.139475,neutral,neutral
ENSG00000171243,SOSTDC1,69100,0.2629674306393245,0.6544028950542823,0.35725774024929635,0.26618415761962205,0.38504221954161644,0.554644,0.28071,neutral,neutral
ENSG00000171303,KCNK3,40699,0.4089264173703257,0.8715319662243667,0.7090872537193406,0.4129473260956976,0.600422195416164,0.541526,0.391838,neutral,neutral
ENSG00000171357,LURAP1,17923,0.6443506232408525,0.4634097305991154,0.4939686369119421,0.648572577402493,0.5623642943305187,0.606323,0.220195,neutral,neutral
ENSG00000171385,KCND3,219007,0.06493767591475673,0.36670687575392036,0.8371531966224367,0.06936067551266586,0.3343184559710494,0.19997,0.330167,neutral,neutral
ENSG00000171435,KSR2,515979,0.013268998793727383,0.9563731403297145,0.6921994370727784,0.014877362283876157,0.4190993164455167,0.18069,0.460243,regulation-driven,regulation-driven
ENSG00000171448,ZBTB26,15947,0.6728990751909931,0.2072778447929232,0.02694008845999196,0.6777241656614394,0.39596903900281466,0.457157,0.054785,neutral,neutral
ENSG00000171476,HOPX,33889,0.4628065942903096,0.7945315641334941,0.4274225975070366,0.46682750301568154,0.5376960193003619,0.738654,0.308152,gene-driven,gene-driven
ENSG00000171488,LRRC8C,136832,0.11982308001608363,0.39806996381182147,0.6960193003618818,0.12364294330518698,0.33419782870928827,0.245667,0.307499,neutral,neutral
ENSG00000171495,MROH2B,73326,0.2501005227181343,0.9947728186570165,0.09951749095295537,0.25331724969843183,0.39926618415761966,0.745178,0.298955,gene-driven,gene-driven
ENSG00000171502,COL24A1,427711,0.020908725371934056,0.6192199437072778,0.0912746280659429,0.02251708886208283,0.18839967832730195,0.172115,0.248894,neutral,neutral
ENSG00000171503,ETFDH,38775,0.4213912344189787,0.19139525532770407,0.9246079613992763,0.4256131885806192,0.4905408122235625,0.476136,0.272668,gene-driven,neutral
ENSG00000171517,LPAR3,81605,0.2265782066747085,0.6608363490148773,0.7314032971451548,0.22979493365500603,0.4619923602734217,0.40964,0.363792,neutral,neutral
ENSG00000171522,PTGER4,13821,0.7102935263369522,0.4223964616003217,0.662042621632489,0.7157217531162042,0.6273421793325291,0.501518,0.238138,neutral,neutral
ENSG00000171530,TBCA,177615,0.9871330920788098,0.11700844390832328,0.3301166063530358,0.08845999195818255,0.4256131885806192,0.788757,0.468074,gene-driven,gene-driven
ENSG00000171533,MAP6,82121,0.2243667068757539,0.6443506232408525,0.0546843586650583,0.22758343385605148,0.28758544431041416,0.274759,0.203257,neutral,neutral
ENSG00000171540,OTP,10002,0.7810615199034981,0.9569762766385203,0.39907519099316446,0.7862887012464818,0.7305890631282671,0.439636,0.31353,neutral,regulation-driven
ENSG00000171551,ECEL1,8008,0.8244873341375151,0.8747486932046643,0.7092882991556092,0.8299155609167672,0.8093385605146763,0.189368,0.34615,neutral,neutral
ENSG00000171557,FGG,8834,0.8057901085645356,0.9571773220747889,0.6109770808202654,0.8108162444712506,0.7959388821873744,0.326606,0.349819,neutral,dual-driven
ENSG00000171564,FGB,9797,0.7860876558102131,0.9613992762364294,0.5904704463208685,0.7909127462806594,0.7819762766385203,0.492563,0.350121,neutral,dual-driven
ENSG00000171566,PLRG1,15396,0.6821471652593486,0.09026940088459992,0.9473260956976277,0.6871733011660636,0.6014776839565742,0.530963,0.23653,gene-driven,neutral
ENSG00000171596,NMUR1,7259,0.839967832730197,0.4764776839565742,0.5428226779252111,0.8457981503819864,0.6759750703659027,0.577754,0.207328,neutral,neutral
ENSG00000171604,CXXC5,36584,0.4382790510655408,0.24467229593888218,0.2444712505026136,0.44229995979091274,0.3422295938882187,0.436517,0.13646,gene-driven,neutral
ENSG00000171621,SPSB1,76639,0.24065138721351026,0.37535182951347007,0.9461198230800161,0.2438681141938078,0.4513369521511862,0.403327,0.3365,neutral,neutral
ENSG00000171714,ANO5,500909,0.01407318053880177,0.682951347004423,0.27241656614394855,0.01588258946521914,0.24624045034177725,0.789867,0.330368,gene-driven,gene-driven
ENSG00000171723,GPHN,674397,0.008041817450743867,0.10253317249698432,0.8892239646160032,0.009449135504624045,0.25224165661439485,0.70037,0.271562,gene-driven,gene-driven
ENSG00000171757,LRRC34,19984,0.6139927623642943,0.6220345798150382,0.2728186570164857,0.6180136710896663,0.5315138721351025,0.357156,0.222758,neutral,dual-driven
ENSG00000171759,PAH,121522,0.1407318053880177,0.9839163650985122,0.6602332127060716,0.14475271411338964,0.4822074788902292,0.252955,0.431494,regulation-driven,regulation-driven
ENSG00000171766,GATM,41204,0.4069159630076397,0.7237635705669482,0.8884197828709288,0.4109368717330117,0.6073080016083636,0.214717,0.398372,regulation-driven,regulation-driven
ENSG00000171812,COL8A2,29984,0.5016083634901488,0.6212303980699638,0.05850422195416164,0.5054282267792521,0.42150180940892645,0.218707,0.181393,neutral,regulation-driven
ENSG00000171819,ANGPTL7,6627,0.8550462404503418,0.9342581423401689,0.8594692400482509,0.8606755126658625,0.87708082026538,0.553669,0.392793,neutral,regulation-driven
ENSG00000171823,FBXL14,28589,0.5128669079211902,0.5912746280659429,0.8526336952151187,0.5166867712102935,0.6181745074386812,0.470738,0.345094,neutral,neutral
ENSG00000171824,EXOSC10,33252,0.4692400482509047,0.3486127864897467,0.6355046240450342,0.47305991154000804,0.48141334941696823,0.153699,0.241204,neutral,regulation-driven
ENSG00000171843,MLLT3,280831,0.04563731403297145,0.3558504221954162,0.5940892641737032,0.0486529955770004,0.26090671491757134,0.29121,0.296441,neutral,neutral
ENSG00000171865,RNASEH1,16904,0.6588258946521914,0.11801367108966626,0.43626859670285484,0.6638520305589063,0.46898874145556896,0.576116,0.120175,neutral,neutral
ENSG00000171872,KLF17,16320,0.6674708484117411,0.9149577804583836,0.07478890229191798,0.6722959388821874,0.5821371129875352,0.472095,0.250402,neutral,neutral
ENSG00000171931,FBXW10,35324,0.4507438681141938,0.9153598713309208,0.1224366706875754,0.45456373140329714,0.48558504221954163,0.41189,0.272417,neutral,neutral
ENSG00000171956,FOXB1,57497,0.30820265379975875,0.987535182951347,0.0066344993968636915,0.3116204262163249,0.4033273019702453,0.599618,0.24035,neutral,neutral
ENSG00000171992,SYNPO,58128,0.3057901085645356,0.6274628065942903,0.05548854041013269,0.30920788098110175,0.3243164455166868,0.122376,0.191596,neutral,regulation-driven
ENSG00000172005,MAL,28316,0.516485725774025,0.7496984318455971,0.39304382790510656,0.5203055890631283,0.5446924004825091,0.494421,0.284429,neutral,neutral
ENSG00000172007,RAB33B,23378,0.5703659026940089,0.16023321270607158,0.7794531564133494,0.5743868114193807,0.5209087253719341,0.688205,0.212606,gene-driven,gene-driven
ENSG00000172020,GAP43,97981,0.18556493767591475,0.9364696421391234,0.5735826296743064,0.18938480096501809,0.4710595094491355,0.315641,0.400834,neutral,regulation-driven
ENSG00000172023,REG1B,2997,0.9412947326095698,0.927221552070768,0.2320064334539606,0.9475271411338962,0.7617008443908323,0.60192,0.263068,neutral,regulation-driven
ENSG00000172062,SMN1,28913,0.5090470446320868,0.19883393646964215,0.523924406915963,0.5130679533574588,0.4360172899075191,0.231946,0.176015,neutral,regulation-driven
ENSG00000172073,SPMIP9,4937,0.8968636911942099,0.9433051869722557,0.19702452754322478,0.9026940088459992,0.7346803377563329,0.523945,0.271512,neutral,regulation-driven
ENSG00000172113,NME6,10964,0.7645757941294733,0.05186972255729795,0.6718938480096501,0.7698029754724568,0.5642742259750704,0.223975,0.140179,neutral,regulation-driven
ENSG00000172115,CYCS,6605,0.8558504221954162,0.391837555287495,0.2559308403699236,0.8614796944109369,0.5909931644551669,0.724146,0.137465,gene-driven,neutral
ENSG00000172159,FRMD3,295557,0.04121431443506232,0.5180940892641737,0.5396059509449136,0.04402895054282268,0.285595094491355,0.261234,0.327905,neutral,neutral
ENSG00000172171,TEFM,8903,0.8037796542018496,0.049859268194611985,0.3968636911942099,0.8088057901085646,0.5145757941294733,0.786272,0.081825,gene-driven,gene-driven
ENSG00000172179,PRL,15583,0.6793325291515883,0.9722557297949337,0.3311218335343788,0.6843586650583032,0.6665158825894653,0.487411,0.318004,gene-driven,dual-driven
ENSG00000172197,MBOAT1,112786,0.15701648572577404,0.42360273421793326,0.5400080418174508,0.16164053075995174,0.32033574587856856,0.243416,0.277342,neutral,neutral
ENSG00000172209,GPR22,5667,0.8785685564937676,0.7189384800965019,0.07217531162042622,0.8841978287092883,0.63818858061922,0.568124,0.185364,neutral,neutral
ENSG00000172243,CLEC7A,13482,0.717330116606353,0.5882589465219139,0.11077603538399679,0.7227583433856052,0.5345094491355047,0.318828,0.173402,neutral,regulation-driven
ENSG00000172260,NEGR1,886597,0.003417772416566144,0.5643345396059509,0.4457177322074789,0.0048250904704463205,0.2545034177724166,0.302141,0.351327,neutral,neutral
ENSG00000172262,ZNF131,126846,0.1334941696823482,0.28568556493767594,0.6425412143144351,0.13711298753518295,0.2995275432247688,0.776876,0.26548,gene-driven,gene-driven
ENSG00000172273,HINFP,14480,0.6982308001608364,0.10615199034981906,0.658021712907117,0.7030558906312827,0.5411238439887415,0.312244,0.15968,neutral,regulation-driven
ENSG00000172292,CERS6,318886,0.9839163650985122,0.2677925211097708,0.6369119420989143,0.039806996381182146,0.5293124246079614,0.202875,0.583675,regulation-driven,regulation-driven
ENSG00000172322,CLEC12A,44379,0.3837957378367511,0.7127060715721754,0.01166063530357861,0.38781664656212306,0.3737937273823884,0.385836,0.188229,neutral,neutral
ENSG00000172331,BPGM,33006,0.9939686369119421,0.25794129473260957,0.8932448733413751,0.476075593084037,0.6812022517088863,0.700201,0.578197,neutral,neutral
ENSG00000172348,RCAN2,271237,0.0486529955770004,0.7273823884197829,0.6292722155207077,0.05166867712102935,0.3640932850824286,0.38074,0.39229,neutral,neutral
ENSG00000172350,ABCG4,13602,0.7147165259348612,0.8039806996381182,0.8970647366304785,0.7201447527141134,0.7837052673904303,0.267209,0.390229,neutral,regulation-driven
ENSG00000172367,NHERF4,4767,0.901286690792119,0.8252915158825894,0.293124246079614,0.907318053880177,0.7314535585042219,0.415967,0.24809,gene-driven,dual-driven
ENSG00000172399,MYOZ2,51958,0.3383594692400482,0.9057096903900281,0.640128669079212,0.3423803779654202,0.5564435062324085,0.508645,0.391888,neutral,neutral
ENSG00000172425,TTC36,3726,0.9240048250904704,0.8640932850824287,0.7581423401688782,0.9302372336147969,0.8688078005629272,0.577051,0.33082,neutral,regulation-driven
ENSG00000172426,RSPH9,27565,0.5253317249698432,0.8319260152794532,0.5496582227583434,0.5293526336952151,0.6088661037394452,0.447266,0.337957,neutral,regulation-driven
ENSG00000172432,GTPBP2,23949,0.5637314032971451,0.1222356252513068,0.7569360675512666,0.5677523120225171,0.5024628065942903,0.627422,0.20009,gene-driven,neutral
ENSG00000172456,FGGY,514010,0.01347004422999598,0.4133494169682348,0.3407720144752714,0.01527945315641335,0.195627261761158,0.307757,0.279403,neutral,neutral
ENSG00000172461,FUT9,199639,0.0725774024929634,0.8329312424607962,0.0,0.07720144752714113,0.24544632086851628,0.589757,0.203056,neutral,neutral
ENSG00000172469,MANEA,31986,0.4829111379171693,0.15460394049055087,0.6077603538399678,0.4867310012062726,0.43281061519903496,0.269994,0.183705,neutral,regulation-driven
ENSG00000172482,AGXT,11679,0.7492963409730599,0.9654201849618014,0.6085645355850422,0.7545235223160435,0.7691897868918375,0.264113,0.358062,neutral,regulation-driven
ENSG00000172497,ACOT12,64184,0.28186570164857255,0.986529955770004,0.26618415761962205,0.2854845195014073,0.4548351427422598,0.31726,0.331574,neutral,neutral
ENSG00000172508,CARNS1,10640,0.7704061117812626,0.6423401688781665,0.21009248090068355,0.7756332931242461,0.5993566546039405,0.141375,0.201347,neutral,regulation-driven
ENSG00000172531,PPP1CA,23003,0.5761962203457982,0.34519501407318054,0.8043827905106554,0.5804181745074387,0.5763369521511862,0.273115,0.264425,neutral,neutral
ENSG00000172543,CTSW,3933,0.9199839163650985,0.6881785283474066,0.21733011660635304,0.9260152794531564,0.6875753920386007,0.257268,0.199487,neutral,regulation-driven
ENSG00000172548,NIPAL4,14510,0.6970245275432247,0.8403699236027342,0.7641737032569361,0.7018496180136711,0.7506131885806193,0.481626,0.366456,neutral,dual-driven
ENSG00000172554,SNTG2,416765,0.022114997989545637,0.5458383594692401,0.2625653397667873,0.9871330920788098,0.4061620426216325,0.259982,0.485525,regulation-driven,neutral
ENSG00000172572,PDE3A,320047,0.03719340570969039,0.6710896662645758,0.2858866103739445,0.03960595094491355,0.25832328106151986,0.330619,0.314988,neutral,neutral
ENSG00000172586,CHCHD1,1606,0.9696421391234419,0.04965822275834338,0.5012062726176115,0.9758745476477684,0.623783675110575,0.604192,0.059158,neutral,neutral
ENSG00000172594,SMPDL3A,20672,0.6055488540410132,0.4445114595898673,0.6544028950542823,0.6095697627663852,0.5783071974266184,0.272286,0.253368,neutral,regulation-driven
ENSG00000172602,RND1,8726,0.8075995174909529,0.6272617611580217,0.9055086449537596,0.8126256533976679,0.7879975874547648,0.700878,0.336148,gene-driven,neutral
ENSG00000172663,TMEM134,7563,0.8345396059509449,0.32750301568154405,0.29714515480498593,0.8401688781664656,0.5745577000402091,0.542274,0.13078,gene-driven,neutral
ENSG00000172671,ZFAND4,57281,0.30920788098110175,0.7830719742661841,0.40028146361077604,0.31262565339766785,0.45112585444310416,0.324473,0.316295,neutral,neutral
ENSG00000172689,MS4A10,15973,0.6716928025733816,0.9702452754322477,0.05186972255729795,0.6765178930438279,0.5923401688781665,0.554956,0.257238,neutral,neutral
ENSG00000172731,LRRC20,83681,0.21733011660635304,0.6960193003618818,0.37595496582227583,0.22074788902291917,0.3773421793325291,0.336811,0.301618,neutral,neutral
ENSG00000172733,PURG,37914,0.4286288701246482,0.5693606755126659,0.011057498994772819,0.4328508242862887,0.36026336952151183,0.405353,0.143848,gene-driven,neutral
ENSG00000172766,NAA16,65764,0.27563329312424606,0.16344993968636912,0.7647768395657418,0.2790510655408122,0.37055689585846396,0.231955,0.240099,neutral,neutral
ENSG00000172789,HOXC5,2312,0.9553679131483716,0.6531966224366706,0.30699638118214717,0.961600321672698,0.7189786891837555,0.607197,0.194511,neutral,neutral
ENSG00000172795,DCP2,45494,0.377362283876156,0.2955367913148372,0.8582629674306393,0.3813831926015279,0.47793526336952147,0.238068,0.285736,neutral,regulation-driven
ENSG00000172803,SNX32,23063,0.5749899477281866,0.7285886610373945,0.572778447929232,0.5792119018898271,0.6136811419380781,0.25766,0.311771,neutral,regulation-driven
ENSG00000172817,CYP7B1,210975,0.0671491757137113,0.452151186168074,0.08403699236027343,0.07137112987535182,0.16846602332127059,0.219049,0.187173,neutral,neutral
ENSG00000172818,OVOL1,10152,0.7790510655408123,0.804583835946924,0.5359871330920788,0.7842782468837958,0.7257137112987535,0.560525,0.297547,neutral,regulation-driven
ENSG00000172867,KRT2,7654,0.8323281061519904,0.9517490952955368,0.218335343787696,0.837957378367511,0.7098110172899075,0.526704,0.278247,gene-driven,dual-driven
ENSG00000172878,METAP1D,82488,0.22295938882187374,0.43626859670285484,0.6007237635705669,0.22617611580217128,0.3713711298753518,0.353207,0.283072,neutral,neutral
ENSG00000172901,LVRN,65166,0.27864897466827504,0.7446722959388822,0.13329312424607961,0.2820667470848412,0.35949939686369115,0.25956,0.247638,neutral,neutral
ENSG00000172932,ANKRD13D,13186,0.7215520707679935,0.4149577804583836,0.7362283876156012,0.7269802975472457,0.6496582227583434,0.282248,0.249246,neutral,regulation-driven
ENSG00000172985,SH3RF3,375430,0.028347406513872134,0.5062324085243265,0.21773220747889022,0.0303578608765581,0.19556694813027745,0.426055,0.26161,neutral,neutral
ENSG00000172987,HPSE2,778786,0.004221954161640531,0.7072778447929232,0.5116606353035786,0.0056292722155207075,0.30712706071572177,0.209339,0.393144,regulation-driven,neutral
ENSG00000173011,TADA2B,16054,0.6706875753920386,0.17450743868114194,0.9350623240852433,0.6755126658624849,0.6137012464817049,0.349427,0.25196,neutral,regulation-driven
ENSG00000173020,GRK2,20084,0.6123843988741455,0.49758745476477684,0.9016887816646562,0.6164053075995175,0.6568154402895053,0.270688,0.326196,neutral,regulation-driven
ENSG00000173040,EVC2,166777,0.09207880981101729,0.4199839163650985,0.03779654201849618,0.09630076397265783,0.16132891033373542,0.694029,0.152795,gene-driven,gene-driven
ENSG00000173083,HPSE,42693,0.3974668275030157,0.5623240852432649,0.34298351427422596,0.4016887816646562,0.4259047044632086,0.194341,0.239596,neutral,neutral
ENSG00000173085,COQ2,23379,0.5701648572577402,0.32569360675512665,0.6529955770004021,0.5741857659831122,0.5305589063128267,0.479989,0.22698,gene-driven,neutral
ENSG00000173093,CCDC63,60767,0.29412947326095695,0.9939686369119421,0.06272617611580217,0.2975472456775231,0.41192199437072785,0.377645,0.284982,neutral,neutral
ENSG00000173113,TRMT112,1615,0.9692400482509047,0.16988339364696423,0.5381986328910334,0.9754724567752312,0.662887012464817,0.5904,0.095245,neutral,neutral
ENSG00000173137,ADCK5,20142,0.612183353437877,0.1656614394853237,0.3078005629272216,0.6162042621632489,0.4252613590671492,0.761903,0.115099,gene-driven,gene-driven
ENSG00000173145,NOC3L,29734,0.5036188178528347,0.0971049457177322,0.7161238439887414,0.5074386811419381,0.45588057901085643,0.197396,0.1924,neutral,regulation-driven
ENSG00000173153,ESRRA,11247,0.7575392038600723,0.37454764776839566,0.7299959790912747,0.7625653397667873,0.6559107358262968,0.511223,0.232961,gene-driven,neutral
ENSG00000173156,RHOD,15171,0.6843586650583032,0.44833132287897065,0.3516284680337756,0.6893848009650181,0.5431745074386811,0.526458,0.187475,neutral,neutral
ENSG00000173171,MTX1,5130,0.891837555287495,0.5468435866505831,0.30920788098110175,0.8976678729392843,0.6610977080820266,0.208977,0.180639,neutral,regulation-driven
ENSG00000173175,,166795,0.09187776437474869,0.5339766787293928,0.7030558906312827,0.09609971853638923,0.3560414153598713,0.104413,0.347306,regulation-driven,regulation-driven
ENSG00000173208,ABCD2,69771,0.26135906714917573,0.5840369923602734,0.7768395657418576,0.26457579412947324,0.4715420184961801,0.242461,0.348965,neutral,regulation-driven
ENSG00000173210,ABLIM3,119060,0.14535585042219543,0.5012062726176115,0.8385605146763169,0.14937675914756735,0.4084238037796542,0.353729,0.354242,neutral,neutral
ENSG00000173212,MAB21L3,26751,0.5349819059107358,0.7195416164053076,0.4346602332127061,0.5396059509449136,0.5569662243667068,0.681624,0.284479,gene-driven,neutral
ENSG00000173218,VANGL1,56255,0.3138319260152794,0.23341375150784077,0.8037796542018496,0.3172496984318456,0.41689786891837555,0.741808,0.261409,gene-driven,gene-driven
ENSG00000173221,GLRX,71408,0.256735022114998,0.6107760353839968,0.16063530357860878,0.25995174909529556,0.3218636911942099,0.914063,0.224015,gene-driven,gene-driven
ENSG00000173227,SYT12,44086,0.3852030558906313,0.6759147567350221,0.7720144752714113,0.3892239646160032,0.5553880176919984,0.476784,0.358363,neutral,neutral
ENSG00000173239,LIPM,17817,0.6461600321672698,0.9738640932850824,0.4925613188580619,0.6503819863289103,0.6905307599517492,0.382519,0.347004,neutral,regulation-driven
ENSG00000173250,GPR151,3047,0.9394853236831524,0.7368315239244069,0.1222356252513068,0.9457177322074789,0.68575593084037,0.571823,0.190742,neutral,neutral
ENSG00000173253,DMRT2,7695,0.9985926819461198,0.8268998793727382,0.5502613590671491,0.8375552874949739,0.8113791716928026,0.802722,0.598603,gene-driven,neutral
ENSG00000173258,ZNF483,52686,0.3341375150784077,0.5934861278648975,0.036992360273421794,0.33795737836751105,0.32545235223160435,0.803619,0.174457,gene-driven,gene-driven
ENSG00000173264,GPR137,19433,0.623642943305187,0.6930036188178529,0.22818657016485724,0.6276638520305589,0.5429232006433454,0.7647,0.231604,gene-driven,gene-driven
ENSG00000173267,SNCG,4660,0.903297145154805,0.5271411338962606,0.9006835544833133,0.9093285082428629,0.8098110172899076,0.427764,0.291968,neutral,regulation-driven
ENSG00000173281,PPP1R3B,15320,0.6831523924406916,0.3833936469642139,0.028749497386409327,0.6881785283474066,0.4456172094893446,0.538963,0.09806,neutral,neutral
ENSG00000173320,STOX2,225835,0.06131885806192199,0.453156413349417,0.5874547647768396,0.06554081222356252,0.29165661439485324,0.152051,0.312173,regulation-driven,neutral
ENSG00000173327,MAP3K11,17627,0.6477683956574186,0.38821873743466023,0.5070365902694008,0.6521913952553277,0.5485826296743064,0.202433,0.203156,neutral,regulation-driven
ENSG00000173334,TRIB1,8046,0.8232810615199035,0.6529955770004021,0.5601125854443104,0.8287092882991556,0.7160032167269803,0.487736,0.257238,neutral,regulation-driven
ENSG00000173369,C1QB,8876,0.804583835946924,0.7891033373542421,0.22135102533172496,0.8096099718536389,0.6559107358262968,0.213571,0.238038,neutral,regulation-driven
ENSG00000173389,IQCF1,8478,0.8130277442702051,0.9547647768395657,0.10735826296743065,0.8180538801769199,0.6730498592681946,0.585957,0.260957,neutral,neutral
ENSG00000173402,,66906,0.27080820265379973,0.4151588258946522,0.5669481302774427,0.2742259750703659,0.38161439485323684,0.79,0.26533,gene-driven,gene-driven
ENSG00000173406,DAB1,1551957,0.9804985926819462,0.7253719340570969,0.49658222758343384,0.0002010454362685967,0.5996783273019703,0.158846,0.708273,regulation-driven,regulation-driven
ENSG00000173409,ARV1,21753,0.5920788098110172,0.26517893043827906,0.6966224366706876,0.5960997185363892,0.5372939284278246,0.390531,0.2212,neutral,neutral
ENSG00000173421,IHO1,59679,0.2983514274225975,0.8858061921994371,0.0365902694008846,0.30176919983916367,0.3804583835946924,0.27111,0.246582,neutral,neutral
ENSG00000173456,RNF26,2783,0.9447125050261359,0.16204262163248895,0.12907117008443908,0.9509449135504624,0.5463811821471654,0.568185,0.045285,neutral,neutral
ENSG00000173473,SMARCC1,196838,0.07458785685564938,0.13831926015279453,0.6168073984720547,0.0792119018898271,0.22700040209087252,0.116677,0.235776,neutral,neutral
ENSG00000173486,FKBP2,3130,0.9380780056292722,0.0016083634901487736,0.7943305186972256,0.9443104141535987,0.669270205066345,0.517732,0.111379,neutral,regulation-driven
ENSG00000173540,GMPPB,7130,0.8433856051467632,0.33252915158825896,0.4764776839565742,0.8492159227985525,0.6251105749899477,0.306785,0.161339,neutral,regulation-driven
ENSG00000173597,SULT1B1,66795,0.27261761158021713,0.656011258544431,0.18053880176919984,0.2760353839967833,0.3461298753518295,0.440018,0.238993,neutral,neutral
ENSG00000173612,GPRC6A,36999,0.43506232408524326,0.9185765983112183,0.22979493365500603,0.4390832328106152,0.505428226779252,0.152528,0.300261,neutral,neutral
ENSG00000173621,LRFN4,3829,0.9215922798552473,0.4205870526739043,0.19139525532770407,0.9278246883795738,0.615038198632891,0.335434,0.126206,neutral,regulation-driven
ENSG00000173626,TRAPPC3L,50696,0.3445918777643747,0.8240852432649779,0.7340168878166465,0.3480096501809409,0.5625050261359067,0.503915,0.390129,neutral,neutral
ENSG00000173641,HSPB7,5567,0.8821873743466023,0.7004422999597909,0.8210695617209489,0.887816646562123,0.8225975070365902,0.766652,0.315491,gene-driven,neutral
ENSG00000173653,RCE1,3718,0.9246079613992763,0.07016485725774024,0.5824286288701247,0.9308403699236028,0.6266988339364696,0.393446,0.095446,neutral,regulation-driven
ENSG00000173702,MUC13,48378,0.3592681946119823,0.9798954563731403,0.0024125452352231603,0.36308805790108567,0.42597507036590265,0.37502,0.237535,neutral,neutral
ENSG00000173705,SUSD5,68768,0.26437474869320465,0.9509449135504624,0.11238439887414556,0.26739043023723363,0.3986228387615601,0.314314,0.288802,neutral,neutral
ENSG00000173715,C11orf80,99066,0.1835544833132288,0.47486932046642544,0.020305589063128265,0.18737434660233213,0.2163349416968235,0.358131,0.145858,gene-driven,neutral
ENSG00000173726,TOMM20,19497,0.6224366706875754,0.1097708082026538,0.9706473663047849,0.6264575794129473,0.5821270607157217,0.549075,0.260002,neutral,neutral
ENSG00000173728,SPMIP3,37029,0.43486127864897467,0.9513470044229996,0.06574185765983112,0.4388821873743466,0.4725070365902694,0.536932,0.265129,neutral,neutral
ENSG00000173769,TOPAZ1,90213,0.20024125452352232,0.9971853638922397,0.06855649376759147,0.20386007237635706,0.3672798552472859,0.190179,0.298754,neutral,regulation-driven
ENSG00000173846,PLK3,5619,0.8801769199839163,0.2913148371531966,0.4959790912746281,0.8858061921994371,0.6380377965420185,0.376568,0.147919,neutral,regulation-driven
ENSG00000173848,NET1,46500,0.36891837555287493,0.4294330518697226,0.6149979895456373,0.3729392842782469,0.4463711298753519,0.818677,0.267591,gene-driven,gene-driven
ENSG00000173905,GOLIM4,87236,0.2060715721753116,0.18375552874949738,0.28950542822677927,0.20969039002814635,0.2220747889022919,0.171994,0.154855,neutral,neutral
ENSG00000173926,MARCHF3,162845,0.09549658222758343,0.5390028146361078,0.6716928025733816,0.09951749095295537,0.35122637716123845,0.410042,0.343285,neutral,neutral
ENSG00000173930,SLCO4C1,62299,0.28970647366304786,0.6795335745878569,0.21612384398874146,0.9925613188580619,0.5093385605146763,0.426608,0.449568,neutral,neutral
ENSG00000173947,CIMAP3,6414,0.8614796944109369,0.6312826698833937,0.27342179332529154,0.995979091274628,0.683815842380378,0.506624,0.399799,neutral,regulation-driven
ENSG00000173960,UBXN2A,77625,0.23703256936067552,0.2885002010454363,0.2810615199034982,0.24024929634097306,0.26155006031363087,0.524089,0.175161,gene-driven,gene-driven
ENSG00000173992,CCS,12867,0.7275834338560515,0.1160032167269803,0.7125050261359067,0.732810615199035,0.5719642139123442,0.441938,0.169079,neutral,neutral
ENSG00000174004,NRROS,22311,0.5840369923602734,0.5434258142340169,0.20486529955770005,0.5882589465219139,0.47993566546039407,0.224819,0.191797,neutral,regulation-driven
ENSG00000174007,CEP19,5974,0.8703256936067552,0.6059509449135505,0.44531564133494167,0.8759549658222758,0.6991053478086048,0.514847,0.219944,neutral,regulation-driven
ENSG00000174013,FBXO45,20449,0.6089666264575794,0.3944511459589867,0.9300361881785284,0.6129875351829513,0.6364093285082428,0.566757,0.311972,neutral,neutral
ENSG00000174015,CBY2,12240,0.7404503417772417,0.9666264575794129,0.1457579412947326,0.7456775231202252,0.6493667068757539,0.442879,0.27694,gene-driven,dual-driven
ENSG00000174059,CD34,30431,0.49738640932850825,0.4374748693204664,0.07297949336550061,0.501005227181343,0.3770305589063129,0.333766,0.140581,neutral,neutral
ENSG00000174080,CTSF,5416,0.8860072376357057,0.32488942501005225,0.4139525532770406,0.8916365098512263,0.6288399678327302,0.26585,0.14234,neutral,neutral
ENSG00000174106,LEMD3,78773,0.23421793325291515,0.1586248492159228,0.3785685564937676,0.23743466023321272,0.2520506634499397,0.228498,0.166466,neutral,neutral
ENSG00000174136,RGMB,29994,0.5012062726176115,0.4099316445516687,0.5036188178528347,0.505026135906715,0.47975472456775226,0.389415,0.225472,neutral,neutral
ENSG00000174145,NWD2,204721,0.06976276638520305,0.6747084841174106,0.7237635705669482,0.07418576598311219,0.385383996783273,0.164626,0.389073,regulation-driven,regulation-driven
ENSG00000174206,KICS2,35981,0.4439083232810615,0.06574185765983112,0.9213912344189787,0.4479292320064335,0.4695416164053076,0.709745,0.238339,gene-driven,gene-driven
ENSG00000174243,DDX23,23087,0.5745878568556494,0.0243264977885002,0.8956574185765983,0.5788098110172899,0.5181342983514274,0.408318,0.20954,gene-driven,neutral
ENSG00000174279,EVX2,6491,0.8588661037394452,0.8592681946119823,0.4806996381182147,0.8644953759549658,0.7655508644953759,0.47119,0.293275,neutral,regulation-driven
ENSG00000174307,PHLDA3,4960,0.8966626457579413,0.5585042219541616,0.08423803779654201,0.9024929634097306,0.6101829513470044,0.61531,0.143747,neutral,neutral
ENSG00000174332,GLIS1,232928,0.9853236831523925,0.6429433051869723,0.1463610776035384,0.06232408524326498,0.5053880176919984,0.274598,0.557137,regulation-driven,regulation-driven
ENSG00000174343,CHRNA9,19885,0.6158021712907117,0.7856855649376759,0.8520305589063129,0.6198230800160837,0.7181342983514274,0.536962,0.382941,neutral,regulation-driven
ENSG00000174348,PODN,23450,0.5685564937675914,0.48110172899075193,0.6075593084036992,0.5725774024929634,0.5572476879774829,0.208098,0.255981,neutral,neutral
ENSG00000174358,SLC6A19,23517,0.5675512665862484,0.9252110977080821,0.7629674306393245,0.5715721753116204,0.7066244471250502,0.48719,0.399678,neutral,dual-driven
ENSG00000174417,TRHR,34981,0.453156413349417,0.856453558504222,0.8403699236027342,0.4571773220747889,0.6515882589465218,0.474055,0.411439,neutral,regulation-driven
ENSG00000174429,ABRA,10762,0.7685967028548452,0.8974668275030157,0.5369923602734218,0.7736228387615601,0.743918375552875,0.487475,0.32303,neutral,regulation-driven
ENSG00000174446,SNAPC5,7646,0.8327301970245276,0.011459589867310011,0.4455166867712103,0.8383594692400482,0.531735022114998,0.821472,0.07504,gene-driven,gene-driven
ENSG00000174453,VWC2L,167923,0.09087253719340571,0.8071974266184158,0.9688379573783675,0.09509449135504625,0.4902895054282268,0.464968,0.445215,neutral,neutral
ENSG00000174473,GALNTL6,1229306,0.9806996381182147,0.7217531162042622,0.5623240852432649,0.0010052271813429834,0.6154302372336149,0.327784,0.710686,regulation-driven,regulation-driven
ENSG00000174498,IGDCC3,50876,0.34378769601930037,0.751708886208283,0.5106554081222356,0.3472054684358665,0.4881684760755931,0.357037,0.327151,neutral,neutral
ENSG00000174502,SLC26A9,30413,0.49758745476477684,0.838962605548854,0.5054282267792521,0.5012062726176115,0.5856151990349818,0.20766,0.332127,neutral,regulation-driven
ENSG00000174514,MFSD4A,34034,0.46139927623642946,0.828508242862887,0.6244471250502613,0.4654201849618014,0.5947426618415761,0.3703,0.358615,neutral,dual-driven
ENSG00000174516,PELI3,11011,0.7633695215118617,0.21592279855247287,0.7798552472858866,0.7685967028548452,0.6316747084841174,0.411294,0.203559,gene-driven,dual-driven
ENSG00000174527,MYO1H,107624,0.1650583031765179,0.8194611982308002,0.5912746280659429,0.16948130277442702,0.4360977080820266,0.226739,0.380529,regulation-driven,regulation-driven
ENSG00000174547,MRPL11,31664,0.4867310012062726,0.019099316445516688,0.36871733011660635,0.49055086449537594,0.34108363490148774,0.503569,0.099719,neutral,neutral
ENSG00000174564,IL20RB,64856,0.2798552472858866,0.8437876960193004,0.10876558102131081,0.2832730197024528,0.37874949738640934,0.607193,0.264224,gene-driven,gene-driven
ENSG00000174567,GOLT1A,15826,0.6751105749899478,0.7844792923200643,0.746280659429031,0.6801367108966626,0.7212505026135907,0.515812,0.352382,neutral,regulation-driven
ENSG00000174576,NPAS4,5673,0.8781664656212304,0.7233614796944109,0.3293124246079614,0.8837957378367511,0.7033775633293124,0.406011,0.230951,neutral,regulation-driven
ENSG00000174579,MSL2,48325,0.3598713309207881,0.16284680337756333,0.8132287897064736,0.36369119420989143,0.42471853638922397,0.149357,0.242109,neutral,regulation-driven
ENSG00000174606,ANGEL2,23686,0.5663449939686369,0.1630478488138319,0.5086449537595497,0.5703659026940089,0.45189987937273823,0.581934,0.157167,gene-driven,neutral
ENSG00000174611,KY,51714,0.3393646964213912,0.5918777643747487,0.3331322878970647,0.34318455971049455,0.4016988339364696,0.205207,0.249497,neutral,regulation-driven
ENSG00000174640,SLCO2A1,119484,0.14475271411338964,0.6190188982710092,0.425211097708082,0.14877362283876155,0.334238037796542,0.224688,0.303629,neutral,neutral
ENSG00000174669,SLC29A2,9694,0.7887012464817049,0.6459589867310012,0.5900683554483314,0.7935263369521511,0.7043224768797748,0.200101,0.266737,neutral,regulation-driven
ENSG00000174684,B4GAT1,2256,0.9565741857659831,0.41857659831121835,0.24607961399276237,0.9628065942903096,0.645697627663852,0.466807,0.125653,neutral,regulation-driven
ENSG00000174695,TMEM167A,25018,0.5522718134298351,0.08283071974266185,0.9841174105347809,0.5564937675914756,0.5437173301166063,0.648824,0.263068,neutral,neutral
ENSG00000174697,LEP,16352,0.6668677121029353,0.8934459187776438,0.1521913952553277,0.6716928025733816,0.5958082026537997,0.617461,0.260354,neutral,neutral
ENSG00000174705,SH3PXD2B,129526,0.12987535182951346,0.35544833132287895,0.3970647366304785,0.1334941696823482,0.25378970647366306,0.468378,0.234419,gene-driven,gene-driven
ENSG00000174720,,20620,0.6065540812223562,0.029352633695215118,0.4969843184559711,0.6105749899477282,0.4356654603940491,0.230677,0.116606,neutral,neutral
ENSG00000174738,NR1D2,35352,0.4505428226779252,0.15581021310816245,0.8003618817852834,0.45436268596702856,0.46507840772014475,0.241144,0.228337,neutral,regulation-driven
ENSG00000174748,RPL15,7784,0.8303176517893044,0.3600723763570567,0.9131483715319663,0.8357458785685565,0.7345496582227584,0.237475,0.268747,neutral,regulation-driven
ENSG00000174749,FAM241A,49803,0.35102533172496986,0.5359871330920788,0.3751507840772014,0.3546441495778046,0.40402090872537194,0.584097,0.245476,neutral,neutral
ENSG00000174775,HRAS,5080,0.8934459187776438,0.3053880176919984,0.6919983916365099,0.8992762364294331,0.6972356252513068,0.377835,0.183756,neutral,regulation-driven
ENSG00000174799,CEP135,84491,0.21572175311620426,0.3884197828709288,0.41656614394853236,0.219340570969039,0.3098311218335344,0.38237,0.233012,neutral,neutral
ENSG00000174804,FZD4,9717,0.7882991556091676,0.5257338158423803,0.48612786489746684,0.793124246079614,0.6480800160836349,0.171049,0.216978,neutral,regulation-driven
ENSG00000174839,DENND6A,67624,0.26739043023723363,0.2870928829915561,0.8007639726578206,0.27080820265379973,0.4063429835142742,0.457944,0.279554,gene-driven,neutral
ENSG00000174840,PDE12,100207,0.18154402895054284,0.045838359469240045,0.08886208283071974,0.18536389223964617,0.12521109770808203,0.673858,0.070869,gene-driven,gene-driven
ENSG00000174851,YIF1A,4613,0.9047044632086851,0.14314435062324085,0.6851628468033776,0.9107358262967431,0.6606353035786088,0.391074,0.139073,neutral,regulation-driven
ENSG00000174871,CNIH2,7127,0.8435866505830317,0.7716123843988741,0.8435866505830317,0.849416968234821,0.8267591475673502,0.559228,0.349065,neutral,regulation-driven
ENSG00000174885,NLRP6,6982,0.8480096501809409,0.8552472858866104,0.13027744270205066,0.8536389223964616,0.6715118616807398,0.245858,0.235575,neutral,regulation-driven
ENSG00000174891,RSRC1,439876,0.019300361881785282,0.2143144350623241,0.2127060715721753,0.021109770808202654,0.11676718938480096,0.143959,0.191295,neutral,neutral
ENSG00000174903,RAB1B,8903,0.8037796542018496,0.006835544833132288,0.9877362283876157,0.8088057901085646,0.6515379975874548,0.520004,0.229493,neutral,neutral
ENSG00000174945,AMZ1,95979,0.1891837555287495,0.63610776035384,0.1328910333735424,0.19300361881785283,0.287605548854041,0.346512,0.230298,neutral,neutral
ENSG00000174946,GPR171,5385,0.8864093285082428,0.6507840772014475,0.07740249296340973,0.8920386007237636,0.6263771612384399,0.510897,0.167722,neutral,neutral
ENSG00000174948,GPR149,95248,0.19119420989143546,0.9674306393244874,0.30900683554483316,0.1948130277442702,0.41543023723361483,0.570376,0.348914,gene-driven,gene-driven
ENSG00000174989,FBXW8,121549,0.1405307599517491,0.2310012062726176,0.25733815842380375,0.14455166867712102,0.19315440289505428,0.249588,0.168627,neutral,neutral
ENSG00000174996,KLC2,10567,0.7720144752714113,0.31463610776035383,0.8222758343385606,0.7772416566143948,0.6712806594290309,0.160515,0.239395,neutral,regulation-driven
ENSG00000175018,TEX36,106642,0.16726980297547245,0.9981905910735827,0.01708886208283072,0.17149175713711298,0.3382991556091677,0.53083,0.270657,neutral,neutral
ENSG00000175073,VCPIP1,38745,0.42179332529151586,0.12685967028548453,0.8268998793727382,0.4260152794531564,0.4501809408926417,0.150462,0.230147,neutral,regulation-driven
ENSG00000175077,RTP1,3977,0.9183755528749498,0.8614796944109369,0.39244069159630074,0.9244069159630076,0.7738741455568958,0.543446,0.2693,neutral,regulation-driven
ENSG00000175084,DES,8359,0.8172496984318456,0.6254523522316043,0.8476075593084037,0.8226779252110977,0.7779754724567752,0.310836,0.3173,neutral,regulation-driven
ENSG00000175087,PDIK1L,14391,0.6994370727784479,0.27744270205066346,0.9774829111379172,0.7042621632488942,0.6644149577804584,0.385384,0.299105,neutral,regulation-driven
ENSG00000175097,RAG2,22706,0.5798150381986329,0.8550462404503418,0.019099316445516688,0.5840369923602734,0.5092882991556091,0.282479,0.214817,neutral,regulation-driven
ENSG00000175104,TRAF6,26504,0.5377965420184961,0.03457981503819863,0.6911942098914354,0.5426216324889425,0.45130679533574586,0.392411,0.167873,neutral,neutral
ENSG00000175105,ZNF654,85406,0.2133092078809811,0.06895858464012868,0.33795737836751105,0.21692802573381584,0.20910735826296742,0.166727,0.136711,neutral,neutral
ENSG00000175137,SH3BP5L,15470,0.6809408926417371,0.0428226779252111,0.5882589465219139,0.6859670285484519,0.4992460796139928,0.616881,0.12892,gene-driven,neutral
ENSG00000175161,CADM2,1115441,0.0018094089264173703,0.8112183353437877,0.5542822677925211,0.0024125452352231603,0.34240048250904703,0.216616,0.427071,regulation-driven,neutral
ENSG00000175182,FAM131A,12496,0.9975874547647768,0.4181745074386811,0.616606353035786,0.7400482509047045,0.7059811017289908,0.190651,0.523361,regulation-driven,regulation-driven
ENSG00000175183,CSRP2,20315,0.6105749899477282,0.5975070365902694,0.9611982308001609,0.6145958986731002,0.6957679935665461,0.441677,0.376257,neutral,regulation-driven
ENSG00000175197,DDIT3,5150,0.8912344189786892,0.2597507036590269,0.13007639726578207,0.8970647366304785,0.5442400482509047,0.737766,0.082177,gene-driven,gene-driven
ENSG00000175213,ZNF408,4883,0.8984720546843586,0.024125452352231604,0.18837957378367512,0.9045034177724166,0.5035685564937676,0.44812,0.029453,neutral,neutral
ENSG00000175224,ATG13,57292,0.30900683554483316,0.3138319260152794,0.8735424205870527,0.31242460796139926,0.45203055890631283,0.24763,0.298754,neutral,neutral
ENSG00000175229,GAL3ST3,8397,0.8160434258142341,0.8148371531966224,0.32066747084841174,0.8214716525934861,0.692983514274226,0.463932,0.261208,neutral,regulation-driven
ENSG00000175274,TP53I11,65404,0.27764374748693205,0.22094893445918778,0.740249296340973,0.2810615199034982,0.37980498592681944,0.221663,0.250151,neutral,regulation-driven
ENSG00000175279,CENPS,12376,0.7372336147969442,0.6835544833132288,0.5299557700040209,0.7424607961399277,0.6730398069963812,0.689181,0.271462,gene-driven,neutral
ENSG00000175283,DOLK,2074,0.9607961399276237,0.3433856051467632,0.158021712907117,0.9670285484519502,0.6069963811821473,0.50191,0.090571,neutral,neutral
ENSG00000175294,CATSPER1,9728,0.7874949738640933,0.9189786891837556,0.08986731001206273,0.7923200643345396,0.6469240048250905,0.402774,0.248844,neutral,regulation-driven
ENSG00000175315,CST6,1498,0.9712505026135907,0.8723361479694411,0.3425814234016888,0.9774829111379172,0.7906011258544432,0.603086,0.251307,neutral,regulation-driven
ENSG00000175336,APOF,2290,0.9557700040209087,0.9227985524728589,0.1901889827100925,0.9620024125452352,0.7573783675110575,0.646883,0.256232,gene-driven,neutral
ENSG00000175352,NRIP3,39607,0.41576196220345796,0.8303176517893044,0.4328508242862887,0.41978287092882993,0.5244772818657016,0.670577,0.322979,gene-driven,neutral
ENSG00000175356,SCUBE2,118639,0.1457579412947326,0.5207076799356655,0.5568958584640129,0.14977885002010455,0.3430840369923603,0.674315,0.306041,gene-driven,gene-driven
ENSG00000175376,EIF1AD,5632,0.8797748291113792,0.03618817852834741,0.6230398069963812,0.8854041013268998,0.6058202653799758,0.380036,0.103086,neutral,regulation-driven
ENSG00000175395,ZNF25,27075,0.5313630880579011,0.24587856855649376,0.10715721753116204,0.5355850422195416,0.35478488138319264,0.321602,0.097356,neutral,neutral
ENSG00000175449,RFESD,37997,0.4276236429433052,0.6554081222356253,0.19119420989143546,0.43184559710494574,0.4263067953357459,0.524955,0.228538,gene-driven,neutral
ENSG00000175463,TBC1D10C,6175,0.865902694008846,0.7394451145958987,0.4734620024125452,0.8713309207880982,0.7372637716123844,0.35194,0.260203,neutral,regulation-driven
ENSG00000175467,SART1,18410,0.6359067149175713,0.06815440289505428,0.5922798552472859,0.640128669079212,0.4839063128266988,0.72826,0.142089,gene-driven,gene-driven
ENSG00000175513,TSGA10IP,14487,0.6978287092882992,0.9499396863691194,0.08061921994370727,0.7026537997587454,0.6075190993164455,0.4945,0.256484,gene-driven,neutral
ENSG00000175535,PNLIP,21925,0.5884599919581825,0.9782870928829915,0.2925211097708082,0.5924809006835545,0.6127362283876157,0.327352,0.31931,neutral,regulation-driven
ENSG00000175544,CABP4,9347,0.7949336550060314,0.6974266184157619,0.32750301568154405,0.7997587454764777,0.6546642541214315,0.414556,0.234268,neutral,regulation-driven
ENSG00000175575,PAAF1,54416,0.3238841978287093,0.267189384800965,0.4219943707277845,0.32770406111781264,0.33500201045436273,0.378929,0.191194,gene-driven,neutral
ENSG00000175581,MRPL48,77262,0.2380377965420185,0.031564133494169686,0.25995174909529556,0.24125452352231605,0.19254121431443508,0.823836,0.105247,gene-driven,gene-driven
ENSG00000175600,SUGCT,725759,0.006835544833132288,0.5991154000804182,0.15440289505428226,0.008041817450743867,0.19203860072376358,0.789961,0.283725,gene-driven,gene-driven
ENSG00000175606,TMEM70,10347,0.7744270205066345,0.4028950542822678,0.3874145556895858,0.779654201849618,0.5858363490148774,0.525814,0.172547,neutral,neutral
ENSG00000175634,RPS6KB2,6942,0.849416968234821,0.32448733413751507,0.7535182951347005,0.8550462404503418,0.6953357458785685,0.582209,0.21145,gene-driven,neutral
ENSG00000175664,TEX26,42845,0.3960595094491355,0.9734620024125452,0.044833132287897065,0.40028146361077604,0.4534479292320064,0.443526,0.262314,neutral,neutral
ENSG00000175697,GPR156,120578,0.14334539605950944,0.7915158825894653,0.12283876156011259,0.14736630478488139,0.3010655408122236,0.249719,0.26915,neutral,neutral
ENSG00000175745,NR2F1,11390,0.7551266586248492,0.518496180136711,0.7112987535182951,0.7603538399678327,0.6860574989947729,0.278327,0.266687,neutral,regulation-driven
ENSG00000175756,AURKAIP1,1478,0.972054684358665,0.4889425010052272,0.4079211901889827,0.9782870928829915,0.7114897466827503,0.598484,0.156815,gene-driven,neutral
ENSG00000175782,SLC35E3,47840,0.3618817852834741,0.16083634901487737,0.8498190591073582,0.3657016485725774,0.4343687173301166,0.494823,0.251407,neutral,neutral
ENSG00000175793,SFN,1308,0.9746682750301568,0.7780458383594693,0.20406111781262565,0.9809006835544833,0.7341073582629674,0.616797,0.205267,neutral,neutral
ENSG00000175877,TMEM270,4732,0.9020908725371934,0.9404905508644954,0.18556493767591475,0.9081222356252513,0.7337655810213108,0.813417,0.265782,gene-driven,neutral
ENSG00000175879,HOXD8,3002,0.9408926417370326,0.4439083232810615,0.2854845195014073,0.9471250502613591,0.6540410132689988,0.453609,0.14239,neutral,regulation-driven
ENSG00000175893,ZDHHC21,106667,0.16706875753920386,0.1411338962605549,0.7430639324487334,0.1712907117008444,0.3054282267792521,0.543245,0.244873,neutral,neutral
ENSG00000175895,PLEKHF2,41057,0.4079211901889827,0.22939284278246883,0.009449135504624045,0.4119420989143546,0.264475271411339,0.353478,0.058605,neutral,neutral
ENSG00000175920,DOK7,38168,0.4266184157619622,0.6564133494169683,0.5388017691998391,0.43084036992360275,0.5129573783675111,0.249794,0.301267,neutral,neutral
ENSG00000175946,KLHL38,9360,0.7939284278246884,0.9030960997185364,0.7098914354644149,0.7987535182951347,0.8011761158021714,0.537744,0.358715,gene-driven,dual-driven
ENSG00000175970,UNC119B,13183,0.7217531162042622,0.20546843586650584,0.881383192601528,0.7271813429835142,0.63367511057499,0.585082,0.234871,neutral,neutral
ENSG00000175984,DENND2C,87575,0.20486529955770005,0.5938882187374347,0.3478086047446723,0.20848411741053477,0.3385806192199437,0.14422,0.270607,neutral,regulation-driven
ENSG00000175985,PLEKHD1,46860,0.365902694008846,0.7229593888218737,0.8377563329312424,0.3699236027342179,0.5739344591877764,0.352744,0.387917,neutral,regulation-driven
ENSG00000176018,LYSMD3,13974,0.7070767993566546,0.08685162846803378,0.6326899879372738,0.7123039806996381,0.5344692400482509,0.761551,0.147014,gene-driven,gene-driven
ENSG00000176029,C11orf16,12931,0.7261761158021713,0.755729794933655,0.12404503417772417,0.7314032971451548,0.5840772014475272,0.361208,0.218386,neutral,regulation-driven
ENSG00000176055,MBLAC2,16563,0.6638520305589063,0.1952151186168074,0.9010856453558505,0.6686771210293526,0.6069662243667069,0.556864,0.245024,gene-driven,neutral
ENSG00000176095,IP6K1,62249,0.28990751909931645,0.2133092078809811,0.8142340168878166,0.2933252915158826,0.4025231202251709,0.315561,0.262817,neutral,neutral
ENSG00000176101,SSNA1,1711,0.9668275030156815,0.4159630076397266,0.7519099316445517,0.973059911540008,0.7766284680337756,0.627332,0.191697,neutral,neutral
ENSG00000176171,BNIP3,14284,0.7016485725774025,0.4378769601930036,0.8031765178930438,0.7066747084841174,0.6620928829915561,0.45883,0.274879,gene-driven,dual-driven
ENSG00000176248,ANAPC2,13777,0.7110977080820265,0.2269802975472457,0.7414555689585847,0.7165259348612787,0.5987434660233213,0.310967,0.205871,neutral,regulation-driven
ENSG00000176273,SLC35G1,62090,0.29010856453558503,0.3470044229995979,0.30820265379975875,0.2937273823884198,0.3095798150381986,0.444391,0.188932,neutral,neutral
ENSG00000176340,COX8A,1924,0.963610776035384,0.12665862484921592,0.4706473663047849,0.9698431845597105,0.6323783675110575,0.64995,0.079212,neutral,neutral
ENSG00000176383,B3GNT4,5272,0.8886208283071975,0.5315641334941696,0.30116606353035785,0.8942501005227181,0.6536188178528348,0.406926,0.175462,neutral,regulation-driven
ENSG00000176393,RNPEP,23776,0.5655408122235626,0.05408122235625251,0.5440289505428226,0.5695617209489344,0.43310213108162443,0.463377,0.137163,gene-driven,neutral
ENSG00000176399,DMRTA1,8917,0.8035786087655811,0.5944913550462404,0.22939284278246883,0.8086047446722959,0.6087655810213108,0.470074,0.19034,neutral,neutral
ENSG00000176402,GJC3,6355,0.8622838761560112,0.7694008845999196,0.44109368717330116,0.8677121029352634,0.7348512263771613,0.47882,0.263571,neutral,regulation-driven
ENSG00000176422,SPRYD4,11131,0.7603538399678327,0.44209891435464416,0.23984720546843585,0.7653799758745476,0.5516686771210293,0.620818,0.158625,neutral,neutral
ENSG00000176438,,109385,0.16164053075995174,0.5305589063128267,0.16787293928427824,0.16606353035786087,0.25631282669883393,0.102754,0.216124,neutral,regulation-driven
ENSG00000176444,CLK2,15624,0.6779252110977081,0.20426216324889426,0.8373542420587052,0.682951347004423,0.6003719340570969,0.312294,0.227282,neutral,regulation-driven
ENSG00000176463,SLCO3A1,318728,0.03739445114595899,0.43184559710494574,0.7275834338560515,0.04000804181745075,0.3090772014475272,0.661414,0.339365,gene-driven (relaxed),gene-driven (relaxed)
ENSG00000176542,USF3,48262,0.3600723763570567,0.012866907921190189,0.19823080016083636,0.36389223964616,0.23357458785685564,0.109499,0.07499,neutral,neutral
ENSG00000176623,RMDN1,46101,0.3709288299155609,0.21290711700844392,0.44772818657016483,0.37494973864093284,0.35142742259750703,0.233896,0.177372,neutral,neutral
ENSG00000176658,MYO1D,384656,0.026537997587454766,0.6948130277442702,0.6254523522316043,0.028548451950140732,0.34373743466023327,0.709509,0.392642,gene-driven,gene-driven
ENSG00000176697,BDNF,67166,0.26940088459991957,0.537394451145959,0.005026135906714918,0.2728186570164857,0.27098914354644155,0.238172,0.135404,neutral,neutral
ENSG00000176720,BOK,22708,0.5796139927623642,0.2798552472858866,0.8825894652191395,0.5838359469240049,0.5812625653397668,0.538128,0.268597,neutral,neutral
ENSG00000176742,OR51V1,948,0.978086047446723,0.9065138721351025,0.23904302372336148,0.9843184559710495,0.7766787293928428,0.605629,0.249296,neutral,regulation-driven
ENSG00000176769,TCERG1L,219331,0.06473663047848814,0.8884197828709288,0.11801367108966626,0.06915963007639726,0.28486127864897465,0.392159,0.302523,neutral,neutral
ENSG00000176884,GRIN1,30411,0.4977885002010454,0.951145958986731,0.9155609167671894,0.5014073180538802,0.7162947326095698,0.111852,0.451096,regulation-driven,regulation-driven
ENSG00000176907,TCIM,1829,0.9654201849618014,0.5201045436268597,0.16847607559308403,0.9716525934861279,0.6561017289907519,0.649618,0.13465,neutral,neutral
ENSG00000176915,ANKLE2,36330,0.4404905508644954,0.36429433051869725,0.34901487736228387,0.4445114595898673,0.3993767591475673,0.200362,0.185967,neutral,regulation-driven
ENSG00000176946,THAP4,52754,0.3333333333333333,0.011258544431041415,0.2842782468837957,0.33695215118616806,0.2412746280659429,0.252784,0.095346,neutral,neutral
ENSG00000176956,LY6H,2798,0.9445114595898673,0.7874949738640933,0.2494973864093285,0.9507438681141938,0.7327503015681543,0.831351,0.226377,gene-driven,neutral
ENSG00000176978,DPP7,7768,0.8309207880981102,0.218335343787696,0.28890229191797345,0.8363490148773622,0.5433554483313229,0.380298,0.103086,gene-driven,dual-driven
ENSG00000177000,MTHFR,20733,0.6053478086047447,0.21190188982710093,0.8650985122637717,0.6093687173301167,0.5727281865701649,0.063756,0.244069,neutral,neutral
ENSG00000177034,MTX3,14547,0.6962203457981504,0.2372336147969441,0.7790510655408123,0.7010454362685967,0.6031463610776036,0.603468,0.218587,gene-driven,neutral
ENSG00000177042,TMEM80,9438,0.7923200643345396,0.28347406513872137,0.2635705669481303,0.7971451548049859,0.533886208283072,0.608126,0.11932,gene-driven,neutral
ENSG00000177047,IFNW1,1201,0.9756735022114998,0.8570566948130277,0.21170084439083234,0.9819059107358263,0.7562726176115803,0.62687,0.225573,neutral,neutral
ENSG00000177054,ZDHHC13,59324,0.2997587454764777,0.37072778447929233,0.44712505026135907,0.30317651789304384,0.35502613590671495,0.29611,0.22492,neutral,neutral
ENSG00000177058,SLC38A9,147350,0.109167671893848,0.45938882187374347,0.5377965420184961,0.11359067149175714,0.3047647768395657,0.796032,0.293024,gene-driven,gene-driven
ENSG00000177076,ACER2,43497,0.3904302372336148,0.46883795737836753,0.9459187776437474,0.3946521913952553,0.5497486932046642,0.452372,0.352634,neutral,neutral
ENSG00000177098,SCN4B,19512,0.6220345798150382,0.5916767189384801,0.53437876960193,0.6260554885404102,0.593335343787696,0.438752,0.264073,neutral,regulation-driven
ENSG00000177105,RHOG,13982,0.706875753920386,0.7358262967430639,0.03337354242058705,0.7121029352633695,0.5467832730197024,0.482961,0.187475,neutral,neutral
ENSG00000177119,ANO6,266294,0.049859268194611985,0.28890229191797345,0.4201849618013671,0.05287494973864093,0.20280458383594693,0.810625,0.244069,gene-driven,gene-driven
ENSG00000177125,ZBTB34,25240,0.5504624045034178,0.15078407720144751,0.016686771210293525,0.5546843586650583,0.3179433051869722,0.391255,0.039606,neutral,neutral
ENSG00000177144,NUDT4B,3642,0.9266184157619622,0.3886208283071974,0.10896662645757942,0.9328508242862887,0.5889525532770407,0.577161,0.101176,neutral,neutral
ENSG00000177156,TALDO1,17598,0.648572577402493,0.4869320466425412,0.9203860072376358,0.6529955770004021,0.6770004020908725,0.306805,0.325945,neutral,regulation-driven
ENSG00000177169,ULK1,28529,0.513470044229996,0.18737434660233213,0.6357056694813028,0.5172899075190993,0.46326899879372735,0.206554,0.194863,neutral,regulation-driven
ENSG00000177181,RIMKLA,43441,0.390832328106152,0.6379171692802573,0.8612786489746683,0.39505428226779254,0.5710595094491355,0.493496,0.370426,neutral,neutral
ENSG00000177192,PUS1,16697,0.6612384398874146,0.14435062324085243,0.7147165259348612,0.6662645757941295,0.5463912344189786,0.224638,0.185565,neutral,regulation-driven
ENSG00000177239,,22333,0.5838359469240049,0.08262967430639324,0.5745878568556494,0.5880579010856454,0.4570667470848412,0.102031,0.149025,neutral,regulation-driven
ENSG00000177301,KCNA2,111638,0.158021712907117,0.7858866103739445,0.0022114997989545635,0.16264575794129474,0.2769601930036188,0.16162,0.194562,neutral,neutral
ENSG00000177453,NIM1K,88780,0.20285484519501407,0.6558102131081625,0.6616405307599518,0.2064736630478488,0.43151387213510256,0.746556,0.351528,gene-driven,gene-driven
ENSG00000177468,OLIG3,2196,0.9571773220747889,0.8248894250100522,0.1523924406915963,0.9634097305991154,0.724155609167672,0.611188,0.21542,neutral,neutral
ENSG00000177479,ARIH2,67562,0.2675914756735022,0.049256131885806194,0.9756735022114998,0.2710092480900684,0.39071170084439083,0.710532,0.258896,gene-driven,gene-driven
ENSG00000177519,RPRM,1425,0.9728588661037394,0.6172094893445919,0.19400884599919582,0.9790912746280659,0.6904804985926819,0.64802,0.160434,neutral,neutral
ENSG00000177551,NHLH2,7541,0.8347406513872135,0.6427422597507036,0.057700040209087256,0.8403699236027342,0.5936067551266586,0.712606,0.164254,gene-driven,neutral
ENSG00000177556,ATOX1,30217,0.4991958182549256,0.110172899075191,0.5092480900683555,0.503015681544029,0.4052171290711701,0.57699,0.152041,neutral,neutral
ENSG00000177570,SAMD12,432658,0.020305589063128265,0.4338560514676317,0.25211097708082025,0.022114997989545637,0.1820064334539606,0.538755,0.259499,gene-driven,gene-driven
ENSG00000177613,CSTF2T,4110,0.915761962203458,0.15038198632891034,0.09811017289907518,0.9217933252915159,0.521210293526337,0.384786,0.041817,gene-driven (relaxed),neutral
ENSG00000177614,PGBD5,111843,0.1578206674708484,0.6383192601527945,0.7951347004423,0.16244471250502612,0.43819863289103334,0.352282,0.377614,neutral,neutral
ENSG00000177669,MBOAT4,12995,0.7249698431845597,0.29493365500603136,0.2798552472858866,0.7301970245275432,0.507227583433856,0.538571,0.13269,neutral,neutral
ENSG00000177791,MYOZ1,9863,0.784680337756333,0.9481302774427021,0.7020506634499397,0.7897064736630478,0.8058906312826699,0.591355,0.367913,neutral,regulation-driven
ENSG00000177875,CCDC184,2283,0.9561720948934459,0.5466425412143144,0.14796944109368718,0.9624045034177724,0.6529855247285886,0.531112,0.142441,neutral,neutral
ENSG00000177879,AP3S1,72490,0.25190993164455167,0.29995979091274627,0.9881383192601528,0.25512665862484923,0.4486228387615601,0.404815,0.323281,neutral,neutral
ENSG00000177888,ZBTB41,47612,0.362887012464817,0.15761962203457983,0.6491757137112988,0.36670687575392036,0.38390631282669885,0.258635,0.207831,neutral,neutral
ENSG00000177889,UBE2N,36275,0.44149577804583834,0.5068355448331323,0.9965822275834338,0.4455166867712103,0.5974065138721351,0.49422,0.376106,neutral,neutral
ENSG00000177910,SPATA31C2,9171,0.7979493365500603,0.9567752312022517,0.050261359067149174,0.8029754724567753,0.6517390430237233,0.366043,0.252915,neutral,dual-driven
ENSG00000177917,ARL6IP6,44750,0.38198632891033374,0.10574989947728186,0.19642139123441898,0.38600723763570566,0.2673401688781665,0.274729,0.0961,neutral,neutral
ENSG00000177947,CIMAP1A,3501,0.9304382790510656,0.928226779252111,0.34821069561720946,0.9366706875753921,0.7855749899477282,0.424759,0.279302,neutral,regulation-driven
ENSG00000177984,LCN15,6622,0.855448331322879,0.5798150381986329,0.1471652593486128,0.8610776035383997,0.6105950944913551,0.560756,0.167672,neutral,neutral
ENSG00000178028,DMAP1,7227,0.8407720144752714,0.04804985926819461,0.9481302774427021,0.8466023321270607,0.6705971049457178,0.700705,0.204715,gene-driven,neutral
ENSG00000178033,CALHM5,13150,0.7223562525130679,0.5971049457177322,0.5056292722155207,0.72778447929232,0.6379473260956976,0.554845,0.246683,neutral,neutral
ENSG00000178035,IMPDH2,5123,0.8920386007237636,0.4702452754322477,0.8453960595094492,0.8978689183755528,0.7760956976276638,0.217471,0.260655,neutral,regulation-driven
ENSG00000178053,MLF1,36090,0.44310414153598715,0.8827905106554081,0.44028950542822676,0.44712505026135907,0.5531262565339767,0.449565,0.334489,neutral,neutral
ENSG00000178057,NDUFAF3,3037,0.9396863691194209,0.6053478086047447,0.366907921190189,0.9459187776437474,0.7141535987133092,0.656159,0.193758,gene-driven,neutral
ENSG00000178074,C2orf69,44643,0.3823884197828709,0.27241656614394855,0.43003618817852834,0.3864093285082429,0.3676115802171291,0.454272,0.187676,neutral,neutral
ENSG00000178105,DDX10,275942,0.04744672295938882,0.2750301568154403,0.3343385605146763,0.050462404503417775,0.17666867712102935,0.119099,0.22507,neutral,neutral
ENSG00000178125,PPP1R42,92506,0.1948130277442702,0.9418978689183756,0.4344591877764375,0.19843184559710494,0.44221954161640525,0.444522,0.370426,neutral,neutral
ENSG00000178175,ZNF366,67508,0.2677925211097708,0.45556895858464014,0.4085243264977885,0.27121029352633697,0.3506031363088058,0.622125,0.242662,gene-driven,gene-driven
ENSG00000178177,,180690,0.08222758343385606,0.31986328910333733,0.09006835544833132,0.08624849215922799,0.14440088459991957,0.441275,0.153146,gene-driven,gene-driven
ENSG00000178233,TMEM151B,37057,0.43405709690390026,0.8966626457579413,0.5032167269802975,0.43807800562927224,0.5678025733815842,0.405659,0.352332,neutral,regulation-driven
ENSG00000178301,AQP11,20966,0.6017289907519099,0.5884599919581825,0.25110574989947726,0.6057498994772819,0.5115601125854443,0.32701,0.211047,neutral,regulation-driven
ENSG00000178307,TMEM11,16223,0.6680739847205468,0.30096501809408926,0.983514274225975,0.6728990751909931,0.6561218335343787,0.52118,0.312776,neutral,neutral
ENSG00000178338,ZNF354B,28170,0.5182951347004423,0.14213912344189786,0.056493767591475674,0.5223160434258143,0.3096099718536389,0.213038,0.05966,neutral,neutral
ENSG00000178343,SHISA3,5000,0.8952553277040611,0.6680739847205468,0.6861680739847206,0.9010856453558505,0.7873542420587052,0.561671,0.273673,neutral,regulation-driven
ENSG00000178401,DNAJC22,10659,0.770205066344994,0.7135102533172497,0.31745074386811417,0.7754322476879775,0.6438882187374347,0.418285,0.241104,neutral,regulation-driven
ENSG00000178409,BEND3,50334,0.3470044229995979,0.475070365902694,0.6353035786087656,0.3506232408524326,0.4518194611982308,0.404787,0.285635,neutral,neutral
ENSG00000178460,MCMDC2,51300,0.3415761962203458,0.8687173301166063,0.4889425010052272,0.34519501407318054,0.5109268194611982,0.209484,0.351076,neutral,neutral
ENSG00000178462,TUBAL3,11728,0.7486932046642542,0.8443908323281062,0.8134298351427423,0.7539203860072377,0.7898472054684358,0.749475,0.374045,gene-driven,neutral
ENSG00000178522,AMBN,15033,0.6869722557297949,0.84097305991154,0.16264575794129474,0.6919983916365099,0.5953960595094492,0.839737,0.248341,gene-driven,gene-driven
ENSG00000178537,SLC25A20,41979,0.4024929634097306,0.3474065138721351,0.9274225975070366,0.40651387213510254,0.5207579412947326,0.450955,0.313983,neutral,neutral
ENSG00000178538,CA8,95989,0.1889827100924809,0.6248492159227985,0.891837555287495,0.19280257338158424,0.47442702050663443,0.38843,0.390581,neutral,neutral
ENSG00000178562,CD28,33240,0.4694410936871733,0.6521913952553277,0.1775231202251709,0.4732609569762766,0.44291314837153195,0.331876,0.222306,neutral,neutral
ENSG00000178602,OTOS,5537,0.8825894652191395,0.882388419782871,0.6304784881383193,0.8882187374346603,0.8206373140329715,0.631212,0.319461,neutral,regulation-driven
ENSG00000178662,CSRNP3,219761,0.06433453960595094,0.5786087655810213,0.6232408524326498,0.06875753920386007,0.33351427422597507,0.167863,0.350271,regulation-driven,regulation-driven
ENSG00000178691,SUZ12,64039,0.28266988339364696,0.19622034579815037,0.9342581423401689,0.2862887012464817,0.42467832730197025,0.323804,0.285987,neutral,neutral
ENSG00000178694,NSUN3,68853,0.26417370325693607,0.059308403699236026,0.3405709690390028,0.267189384800965,0.23265983112183353,0.409198,0.12877,neutral,neutral
ENSG00000178776,C5orf46,25813,0.5454362685967028,0.8196622436670687,0.09087253719340571,0.549859268194612,0.5012364294330518,0.623382,0.236932,neutral,neutral
ENSG00000178795,GDPD4,85130,0.2143144350623241,0.9672295938882187,0.05166867712102935,0.21793325291515883,0.36260554885404095,0.430616,0.273221,gene-driven,neutral
ENSG00000178796,RIIAD1,19373,0.6242460796139928,0.8108162444712506,0.18998793727382388,0.6282669883393647,0.5631282669883394,0.593727,0.251809,neutral,neutral
ENSG00000178802,MPI,12215,0.7410534780860475,0.08644953759549658,0.757740249296341,0.746280659429031,0.5826196220345798,0.679823,0.168476,gene-driven,neutral
ENSG00000178804,H1-8,8293,0.8184559710494572,0.9543626859670286,0.11680739847205468,0.8238841978287093,0.6781061519903498,0.419461,0.262364,neutral,regulation-driven
ENSG00000178821,TMEM52,1690,0.9670285484519502,0.6803377563329313,0.2750301568154403,0.9732609569762767,0.7236027342179333,0.380298,0.192451,neutral,regulation-driven
ENSG00000178826,TMEM139,8092,0.8226779252110977,0.5860474467229594,0.07559308403699236,0.8281061519903499,0.5778347406513873,0.753188,0.160535,gene-driven,gene-driven
ENSG00000178860,MSC,2853,0.9431041415359871,0.6065540812223562,0.4620024125452352,0.9493365500603136,0.7399376759147567,0.661157,0.206474,gene-driven,neutral
ENSG00000178882,RFLNA,342784,0.033775633293124246,0.7995577000402091,0.30217129071170085,0.03598713309207881,0.29276236429433056,0.519361,0.350573,neutral,neutral
ENSG00000178965,,105676,0.1700844390832328,0.8924406915963008,0.009851226377161239,0.17430639324487335,0.31145958986731,0.432305,0.23648,gene-driven,neutral
ENSG00000178988,MRFAP1L1,2165,0.9585846401286691,0.05850422195416164,0.15400080418174508,0.9648170486529956,0.5336650583031766,0.642521,0.01925,neutral,neutral
ENSG00000178997,EXD1,48033,0.3610776035383997,0.9901487736228387,0.14495375954965822,0.364897466827503,0.46507840772014475,0.273351,0.303528,neutral,regulation-driven
ENSG00000179002,TAS1R2,20062,0.61318858061922,0.8160434258142341,0.16928025733815844,0.6172094893445919,0.5537293928427824,0.381529,0.249296,neutral,dual-driven
ENSG00000179008,C14orf39,119075,0.1451548049859268,0.8027744270205066,0.05729794933655006,0.14917571371129876,0.28839967832730196,0.246371,0.248291,neutral,neutral
ENSG00000179021,,18771,0.6308805790108565,0.4941696823482107,0.424205870526739,0.635102533172497,0.5458785685564937,0.512118,0.214817,gene-driven,neutral
ENSG00000179041,RRS1,1720,0.9666264575794129,0.08021712907117008,0.17450743868114194,0.9728588661037394,0.5482408524326499,0.375603,0.024729,neutral,regulation-driven
ENSG00000179046,TRIML2,18332,0.6377161238439888,0.9690390028146361,0.04322476879774829,0.6419380780056293,0.5727683956574185,0.320627,0.253418,neutral,regulation-driven
ENSG00000179051,RCC2,32918,0.47285886610373945,0.3112183353437877,0.8880176919983916,0.47687977482911137,0.537042621632489,0.281001,0.289003,neutral,regulation-driven
ENSG00000179057,IGSF22,21919,0.5886610373944512,0.45878568556493765,0.146562123039807,0.592681946119823,0.4464716525934862,0.255418,0.156614,neutral,regulation-driven
ENSG00000179091,CYC1,2487,0.9507438681141938,0.2669883393646964,0.6025331724969843,0.9569762766385203,0.6939987937273824,0.499638,0.138269,neutral,regulation-driven
ENSG00000179104,TMTC2,447991,0.018094089264173704,0.3741455568958585,0.5767993566546039,0.019903498190591073,0.24714515480498592,0.170195,0.309761,neutral,neutral
ENSG00000179119,SPTY2D1,28389,0.5158825894652191,0.11459589867310012,0.32127060715721756,0.5197024527543225,0.3676718938480097,0.254976,0.111379,neutral,neutral
ENSG00000179151,EDC3,65735,0.2760353839967833,0.3709288299155609,0.7653799758745476,0.2794531564133494,0.422778447929232,0.198844,0.292672,neutral,regulation-driven
ENSG00000179152,TCAIM,71333,0.25713711298753517,0.0546843586650583,0.4929634097305991,0.26035383996783273,0.26612384398874145,0.241124,0.160535,neutral,neutral
ENSG00000179241,LDLRAD3,288156,0.04302372336147969,0.42782468837957377,0.45999195818254923,0.046039404905508646,0.2440691596300764,0.335826,0.289857,neutral,neutral
ENSG00000179256,SMCO3,9533,0.7899075190993164,0.7201447527141134,0.04724567752312023,0.7947326095697628,0.5877663852030559,0.622979,0.18461,neutral,neutral
ENSG00000179270,PCARE,13548,0.7159227985524729,0.5920788098110172,0.1156011258544431,0.721351025331725,0.535967028548452,0.414264,0.175161,neutral,neutral
ENSG00000179292,TMEM151A,4771,0.9010856453558505,0.8377563329312424,0.619622034579815,0.9071170084439083,0.8160936871733012,0.549065,0.302875,neutral,regulation-driven
ENSG00000179299,NSUN7,61260,0.2915158825894652,0.6017289907519099,0.15319662243667068,0.9923602734217933,0.4746582227583434,0.358374,0.414998,neutral,neutral
ENSG00000179331,RAB39A,35035,0.4527543224768798,0.5430237233614797,0.8602734217933253,0.4567752312022517,0.5780056292722155,0.607258,0.34047,neutral,neutral
ENSG00000179364,PACS2,97585,0.18636911942098913,0.3618817852834741,0.7024527543224769,0.1901889827100925,0.36003216726980297,0.123,0.289204,regulation-driven,regulation-driven
ENSG00000179388,EGR3,5822,0.8741455568958585,0.6688781664656213,0.4193807800562927,0.8797748291113792,0.7102633695215119,0.431152,0.231655,neutral,regulation-driven
ENSG00000179397,CATSPERE,186801,0.0794129473260957,0.8512263771612384,0.005830317651789305,0.08363490148773622,0.2548150381986329,0.162163,0.227382,neutral,neutral
ENSG00000179455,MKRN3,64402,0.2808604744672296,0.6467631684760756,0.0056292722155207075,0.28447929232006436,0.3042521109770808,0.474008,0.162696,gene-driven,gene-driven
ENSG00000179456,ZBTB18,8930,0.8025733815842381,0.3086047446722959,0.5028146361077603,0.8075995174909529,0.605146763168476,0.203106,0.16355,neutral,regulation-driven
ENSG00000179476,C14orf28,9983,0.7820667470848411,0.31926015279453157,0.8359469240048251,0.7870928829915561,0.6808403699236028,0.485032,0.242762,neutral,regulation-driven
ENSG00000179526,SHARPIN,9492,0.7913148371531966,0.548854041013269,0.16887816646562123,0.7961399276236429,0.5760554885404101,0.455212,0.169481,gene-driven,neutral
ENSG00000179528,LBX2,5800,0.8751507840772015,0.6493767591475673,0.35705669481302776,0.8807800562927222,0.6903096099718535,0.553478,0.21723,neutral,neutral
ENSG00000179562,GCC1,12984,0.7255729794933655,0.3536389223964616,0.12585444310414154,0.730800160836349,0.48370526739043024,0.229624,0.117209,neutral,regulation-driven
ENSG00000179564,LSMEM2,9028,0.8005629272215521,0.6252513067953357,0.2380377965420185,0.805589063128267,0.6171089666264575,0.633414,0.198784,neutral,neutral
ENSG00000179580,RNF151,2153,0.9589867310012062,0.9211901889827101,0.4746682750301568,0.9652191395255327,0.8297044632086851,0.843727,0.291315,gene-driven,neutral
ENSG00000179639,FCER1A,18511,0.635102533172497,0.5765983112183354,0.038198632891033375,0.6393244873341375,0.47209489344591876,0.455871,0.156765,neutral,neutral
ENSG00000179715,PCED1B,157060,0.09891435464414958,0.5026135906714918,0.0006031363088057901,0.1035383996783273,0.17618616807398474,0.334912,0.125402,neutral,neutral
ENSG00000179813,FAM216B,10000,0.7812625653397668,0.8136308805790109,0.12324085243264978,0.7864897466827503,0.6258946521913953,0.605951,0.228991,neutral,neutral
ENSG00000179817,MRGPRX4,1444,0.9722557297949337,0.913751507840772,0.19199839163650986,0.9784881383192602,0.7638118214716525,0.541858,0.249296,neutral,regulation-driven
ENSG00000179869,,476040,0.01527945315641335,0.7143144350623241,0.008041817450743867,0.01708886208283072,0.18859067149175712,0.102161,0.216275,neutral,neutral
ENSG00000179902,CFAP276,7907,0.8277040611178126,0.9312424607961399,0.29191797346200243,0.8331322878970647,0.7207277844792923,0.536661,0.283725,neutral,regulation-driven
ENSG00000179914,ITLN1,8641,0.8098110172899076,0.7913148371531966,0.317048652995577,0.8148371531966224,0.6830016083634902,0.563048,0.255076,neutral,neutral
ENSG00000179930,ZNF648,7143,0.8423803779654202,0.7601527945315641,0.05910735826296743,0.8482106956172095,0.6271712907117009,0.446452,0.195818,neutral,regulation-driven
ENSG00000179941,BBS10,3942,0.9197828709288299,0.269199839163651,0.13630880579010857,0.9258142340168878,0.5624748693204664,0.488189,0.081122,neutral,neutral
ENSG00000179988,PSTK,43133,0.39404905508644955,0.3968636911942099,0.15963007639726579,0.39827100924809006,0.33699236027342183,0.373321,0.158926,neutral,neutral
ENSG00000180053,NKX2-6,5017,0.8944511459589868,0.8942501005227181,0.3618817852834741,0.900281463610776,0.7624246079613992,0.557569,0.278498,neutral,regulation-driven
ENSG00000180098,TRNAU1AP,25461,0.5486529955770004,0.03578608765581021,0.8982710092480901,0.5530759951749096,0.5087253719340572,0.376639,0.216626,neutral,neutral
ENSG00000180116,C12orf40,282134,0.044833132287897065,0.9991958182549256,0.006433453960595094,0.04784881383192602,0.2744270205066345,0.478234,0.268546,gene-driven,gene-driven
ENSG00000180176,TH,7887,0.8281061519903499,0.6626457579412948,0.6662645757941295,0.8335343787696019,0.7473663047848814,0.179644,0.282218,neutral,regulation-driven
ENSG00000180185,FAHD1,13241,0.7205468435866506,0.1891837555287495,0.03457981503819863,0.7259750703659027,0.4172999597909127,0.692671,0.04991,gene-driven,gene-driven
ENSG00000180198,RCC1,33358,0.46783273019702454,0.5570969039002814,0.7305991154000804,0.47165259348612787,0.5566043425814233,0.172718,0.313078,neutral,regulation-driven
ENSG00000180219,GARIN6,2362,0.9543626859670286,0.9240048250904704,0.17973462002412546,0.960595094491355,0.7543626859670285,0.61163,0.256836,neutral,neutral
ENSG00000180233,ZNRF2,83093,0.22014475271411338,0.4835142742259751,0.3538399678327302,0.22356252513067953,0.3200944913550462,0.390782,0.243416,neutral,neutral
ENSG00000180251,SLC9A4,60747,0.2945315641334942,0.9736630478488139,0.42802573381584236,0.29794933655006034,0.4983715319662244,0.254322,0.364244,neutral,regulation-driven
ENSG00000180263,,140734,0.11439485323683152,0.22476879774829112,0.22376357056694812,0.11841576196220346,0.17013470044229997,0.103277,0.162193,neutral,neutral
ENSG00000180316,PNPLA1,70753,0.25914756735022115,0.9039002814636108,0.07197426618415761,0.2623642943305187,0.3741857659831122,0.348578,0.268697,neutral,neutral
ENSG00000180332,KCTD4,8193,0.8200643345396059,0.7965420184961801,0.05388017691998392,0.8254925613188581,0.6237233614796944,0.614475,0.20381,neutral,neutral
ENSG00000180357,ZNF609,225491,0.061519903498190594,0.2965420184961801,0.5890631282669884,0.06574185765983112,0.25300562927221554,0.236975,0.273723,neutral,neutral
ENSG00000180423,HARBI1,15049,0.6865701648572577,0.6728990751909931,0.8100120627261761,0.6915963007639726,0.7150180940892641,0.372226,0.337203,neutral,regulation-driven
ENSG00000180432,CYP8B1,19894,0.6156011258544432,0.9676316847607559,0.021109770808202654,0.619622034579815,0.5557901085645356,0.433313,0.240601,neutral,neutral
ENSG00000180481,GLIPR1L2,41600,0.4036992360273422,0.8317249698431846,0.03558504221954162,0.4077201447527141,0.4194813027744271,0.336007,0.229242,neutral,neutral
ENSG00000180537,RNF182,55865,0.3162444712505026,0.6614394853236831,0.007036590269400885,0.31986328910333733,0.3259650180940893,0.384107,0.166164,neutral,neutral
ENSG00000180549,FUT7,1915,0.9638118214716526,0.8232810615199035,0.21089666264575793,0.9700442299959791,0.7416968234821069,0.593325,0.226427,neutral,neutral
ENSG00000180573,H2AC6,14972,0.6883795737836751,0.5683554483313229,0.029553679131483716,0.6934057096903901,0.4946722959388822,0.580418,0.144853,neutral,neutral
ENSG00000180611,MB21D2,121042,0.14153598713309207,0.3311218335343788,0.8872135102533173,0.145556895858464,0.3761560112585445,0.444451,0.319914,neutral,neutral
ENSG00000180613,GSX2,2976,0.9416968234821069,0.7893043827905106,0.4374748693204664,0.9479292320064334,0.7787897064736631,0.487897,0.252463,neutral,regulation-driven
ENSG00000180628,PCGF5,121326,0.14093285082428628,0.41877764374748694,0.928226779252111,0.14495375954965822,0.40802171290711703,0.651911,0.34816,gene-driven,gene-driven
ENSG00000180638,SLC47A2,40692,0.4091274628065943,0.9449135504624046,0.145556895858464,0.4131483715319662,0.4779855247285887,0.378006,0.286842,neutral,neutral
ENSG00000180644,PRF1,5412,0.8862082830719743,0.7440691596300764,0.16103739445114595,0.891837555287495,0.6705066344993968,0.442291,0.208786,gene-driven,dual-driven
ENSG00000180660,MAB21L1,5346,0.8870124648170487,0.6342983514274226,0.07860876558102131,0.8926417370325693,0.6228588661037394,0.492652,0.162947,neutral,neutral
ENSG00000180667,YOD1,9132,0.7985524728588661,0.36308805790108567,0.4024929634097306,0.8035786087655811,0.5916767189384802,0.422688,0.162696,neutral,regulation-driven
ENSG00000180697,C3orf22,31967,0.48311218335343786,0.983514274225975,0.02392440691596301,0.4869320466425412,0.49417973462002407,0.587897,0.256936,neutral,neutral
ENSG00000180730,SHISA2,7420,0.8359469240048251,0.794129473260957,0.8067953357458786,0.8415761962203459,0.8193305186972256,0.564013,0.343486,neutral,regulation-driven
ENSG00000180745,CLRN3,15101,0.6855649376759148,0.8675110574989948,0.1773220747889023,0.6905910735826297,0.6049959790912747,0.551699,0.258645,neutral,neutral
ENSG00000180758,GPR157,28798,0.5098512263771613,0.4959790912746281,0.6278648974668275,0.5138721351025332,0.5366907921190189,0.484881,0.270306,neutral,neutral
ENSG00000180767,CHST13,19137,0.6268596702854845,0.7977482911137918,0.6447527141133896,0.631081624447125,0.6748994772818657,0.477845,0.337153,neutral,regulation-driven
ENSG00000180773,SLC36A4,53818,0.32649778850020106,0.23502211499798956,0.47225572979493363,0.3303176517893044,0.340832328106152,0.546694,0.193456,gene-driven,gene-driven
ENSG00000180801,ARSJ,79444,0.23281061519903498,0.44853236831523924,0.5761962203457982,0.23582629674306393,0.37319059107358266,0.387435,0.280157,neutral,neutral
ENSG00000180806,HOXC9,8443,0.8140329714515481,0.5595094491355046,0.6324889425010052,0.8190591073582629,0.7060213108162445,0.834469,0.249648,gene-driven,neutral
ENSG00000180875,GREM2,122583,0.13932448733413752,0.6178126256533977,0.0018094089264173703,0.14334539605950944,0.2253719340570969,0.634831,0.154152,neutral,neutral
ENSG00000180878,C11orf42,5579,0.8815842380377965,0.9213912344189787,0.32026537997587456,0.8872135102533173,0.7523321270607157,0.56531,0.279855,neutral,regulation-driven
ENSG00000180881,CAPS2,114950,0.15259348612786489,0.3962605548854041,0.13248894250100524,0.15701648572577404,0.2093687173301166,0.535394,0.174357,gene-driven,gene-driven
ENSG00000180934,OR56A1,15003,0.6875753920386007,0.9354644149577804,0.029352633695215118,0.6926015279453156,0.5859971853638922,0.445768,0.235575,neutral,neutral
ENSG00000180938,ZNF572,6095,0.8677121029352634,0.4724567752312023,0.11620426216324889,0.8731403297145155,0.582106956172095,0.411811,0.1347,neutral,regulation-driven
ENSG00000181072,CHRM2,151604,0.10414153598713309,0.8130277442702051,0.0008041817450743868,0.10876558102131081,0.25645355850422197,0.259218,0.199236,neutral,neutral
ENSG00000181085,MAPK15,6119,0.8671089666264575,0.6135906714917572,0.303578608765581,0.8725371934057097,0.6639324487334137,0.390682,0.199588,neutral,regulation-driven
ENSG00000181092,ADIPOQ,15760,0.6761158021712907,0.8866103739445115,0.23240852432649778,0.6811419380780056,0.6188178528347406,0.755187,0.275684,gene-driven,neutral
ENSG00000181104,F2R,19645,0.6200241254523522,0.48532368315239244,0.3671089666264576,0.6240450341777242,0.523924406915963,0.511208,0.204011,neutral,neutral
ENSG00000181135,ZNF707,29447,0.5058303176517893,0.4469240048250905,0.0305589063128267,0.5096501809408926,0.3730498592681946,0.365709,0.127312,gene-driven,neutral
ENSG00000181218,H2AC25,23097,0.5743868114193807,0.44531564133494167,0.01889827100924809,0.5786087655810213,0.4040912746280659,0.570768,0.11354,neutral,neutral
ENSG00000181220,ZNF746,25122,0.5514676316847608,0.35082428628870127,0.10253317249698432,0.5556895858464013,0.3899175713711298,0.139717,0.121532,neutral,regulation-driven
ENSG00000181234,TMEM132C,440742,0.019099316445516688,0.5844390832328106,0.18194611982308,0.020908725371934056,0.20150784077201447,0.17111,0.275281,neutral,neutral
ENSG00000181264,TLCD5,8391,0.8162444712505026,0.31403297145154807,0.6867712102935264,0.8216726980297547,0.6594089264173704,0.478543,0.200794,gene-driven,dual-driven
ENSG00000181291,TMEM132E,59832,0.2977482911137917,0.671491757137113,0.5357860876558103,0.30116606353035785,0.45137716123843985,0.208565,0.318506,neutral,regulation-driven
ENSG00000181333,HEPHL1,92855,0.1942098914354644,0.5868516284680337,0.36047446722959386,0.19782870928829915,0.33466023321270605,0.365109,0.275131,neutral,neutral
ENSG00000181381,DDX60L,181052,0.08202653799758745,0.4087253719340571,0.01347004422999598,0.08604744672295939,0.14736630478488139,0.401588,0.132589,gene-driven,gene-driven
ENSG00000181418,DDN,4227,0.9123441897868918,0.8405709690390029,0.097708082026538,0.9183755528749498,0.6919481302774427,0.463641,0.225674,neutral,regulation-driven
ENSG00000181472,ZBTB2,27445,0.5263369521511861,0.2639726578206675,0.7655810213108163,0.5305589063128267,0.5214012866907921,0.426246,0.241104,neutral,neutral
ENSG00000181541,MAB21L2,2543,0.9499396863691194,0.8946521913952553,0.13691194209891436,0.9561720948934459,0.7341073582629675,0.589757,0.234067,neutral,neutral
ENSG00000181617,FDCSP,9129,0.7989545637314033,0.9587856855649377,0.05950944913550463,0.8039806996381182,0.6550562927221553,0.630981,0.256383,neutral,neutral
ENSG00000181631,P2RY13,3238,0.9348612786489746,0.8266988339364696,0.2269802975472457,0.9410936871733012,0.7320969039002814,0.493908,0.234419,neutral,regulation-driven
ENSG00000181634,TNFSF15,21388,0.5958986731001207,0.6137917169280257,0.24024929634097306,0.5999195818254925,0.5122637716123843,0.452825,0.216023,neutral,neutral
ENSG00000181652,ATG9B,12291,0.7396461600321673,0.7060715721753116,0.3926417370325694,0.7448733413751508,0.6455468435866506,0.204423,0.254121,neutral,regulation-driven
ENSG00000181690,PLAG1,50416,0.9923602734217933,0.5337756332931243,0.033775633293124246,0.35002010454362686,0.5095999195818255,0.364988,0.457871,neutral,neutral
ENSG00000181744,DIPK2A,76897,0.23904302372336148,0.3353437876960193,0.8900281463610776,0.24225975070365902,0.4265078407720144,0.445877,0.314284,neutral,neutral
ENSG00000181754,AMIGO1,5561,0.882388419782871,0.2199437072778448,0.07398472054684359,0.8880176919983916,0.5158021712907117,0.43647,0.059208,neutral,neutral
ENSG00000181773,GPR3,3193,0.9362685967028549,0.5661439485323683,0.11881785283474065,0.9425010052271814,0.64062123039807,0.584158,0.146261,neutral,neutral
ENSG00000181778,TMEM252,4304,0.9087253719340571,0.6180136710896663,0.27121029352633697,0.914756735022115,0.6778749497386409,0.617129,0.189435,neutral,neutral
ENSG00000181790,ADGRB1,95580,0.18998793727382388,0.7096903900281464,0.5599115400080418,0.19360675512665862,0.4131182147165259,0.114345,0.346703,regulation-driven,regulation-driven
ENSG00000181817,LSM10,6671,0.8542420587052674,0.13248894250100524,0.06252513067953358,0.859871330920788,0.4770004020908725,0.637646,0.036238,neutral,neutral
ENSG00000181873,IBA57,16454,0.6654603940490551,0.43606755126658625,0.2762364294330519,0.6702854845195014,0.5117712102935263,0.483504,0.172547,neutral,neutral
ENSG00000181904,C5orf24,14056,0.7056694813027744,0.24728588661037396,0.03297145154804986,0.7108966626457579,0.4239445114595899,0.439485,0.064184,neutral,neutral
ENSG00000181982,CCDC149,176691,0.0854443104141536,0.24246079613992763,0.3421793325291516,0.08946521913952553,0.189686369119421,0.201076,0.202604,neutral,neutral
ENSG00000182010,RTKN2,85810,0.21170084439083234,0.8242862887012464,0.25311620426216325,0.21531966224366708,0.37592480900683556,0.316365,0.302272,neutral,neutral
ENSG00000182054,IDH2,19433,0.623642943305187,0.586248492159228,0.916767189384801,0.6276638520305589,0.6883795737836751,0.351478,0.352684,neutral,regulation-driven
ENSG00000182077,PTCHD3,17248,0.6537997587454765,0.8811821471652593,0.13852030558906314,0.6584238037796541,0.5827503015681543,0.330217,0.25583,neutral,regulation-driven
ENSG00000182117,NOP10,4022,0.917772416566144,0.38118214716525933,0.9360675512665863,0.9238037796542018,0.789404905508645,0.563882,0.265078,neutral,regulation-driven
ENSG00000182132,KCNIP1,383146,0.02694008845999196,0.859871330920788,0.8216726980297547,0.028950542822677925,0.43425814234016885,0.210203,0.450844,regulation-driven,regulation-driven
ENSG00000182134,TDRKH,21310,0.596702854845195,0.6702854845195014,0.28307197426618413,0.6007237635705669,0.5374949738640933,0.659699,0.238289,gene-driven (relaxed),neutral
ENSG00000182168,UNC5C,386703,0.02613590671491757,0.5538801769199839,0.5577000402090873,0.02814636107760354,0.29136509851226383,0.34334,0.347859,neutral,neutral
ENSG00000182179,UBA7,8745,0.8073984720546844,0.36972255729794934,0.24185765983112184,0.8124246079613993,0.5575995174909529,0.279393,0.135103,neutral,regulation-driven
ENSG00000182180,MRPS16,3851,0.9209891435464415,0.022114997989545637,0.7000402090872537,0.927221552070768,0.6422798552472859,0.585726,0.104292,neutral,neutral
ENSG00000182183,SHISAL2A,36516,0.4388821873743466,0.6757137112987536,0.2933252915158826,0.44290309609971856,0.4625050261359067,0.560676,0.253166,neutral,neutral
ENSG00000182208,MOB2,31791,0.48492159227985526,0.2569360675512666,0.7746280659429031,0.4887414555689586,0.5011158021712907,0.309881,0.244371,neutral,regulation-driven
ENSG00000182223,ZAR1,4138,0.914756735022115,0.8964616003216727,0.36389223964616,0.9207880981101729,0.7736731001206273,0.479373,0.275633,neutral,regulation-driven
ENSG00000182263,FIGN,142617,0.11278648974668275,0.6322878970647366,0.770205066344994,0.11680739847205468,0.40782066747084844,0.174367,0.377312,regulation-driven,regulation-driven
ENSG00000182271,TMIGD1,17727,0.6467631684760756,0.9714515480498592,0.19662243667068757,0.6509851226377161,0.6162444712505026,0.725784,0.289958,gene-driven,neutral
ENSG00000182272,B4GALNT4,12619,0.7316043425814234,0.5784077201447527,0.4394853236831524,0.7366304784881383,0.621280659429031,0.361951,0.228136,neutral,dual-driven
ENSG00000182307,C8orf33,14221,0.7028548451950141,0.2993566546039405,0.059308403699236026,0.7080820265379976,0.4421391234418979,0.658965,0.091526,gene-driven,gene-driven
ENSG00000182325,FBXL6,3946,0.9195818254925613,0.13309207880981103,0.19843184559710494,0.9256131885806193,0.5438781664656213,0.771179,0.055639,gene-driven,gene-driven
ENSG00000182333,LIPF,14374,0.7000402090872537,0.9698431845597105,0.2748291113791717,0.7048652995577,0.6621531966224368,0.435198,0.306393,neutral,dual-driven
ENSG00000182348,ZNF804B,578829,0.011861680739847206,0.9995979091274628,0.022114997989545637,0.01347004422999598,0.26168073984720547,0.168808,0.305388,neutral,neutral
ENSG00000182359,KBTBD3,26362,0.5404101326899879,0.19360675512665862,0.49135504624045034,0.5452352231604343,0.4424105347808605,0.499269,0.164606,gene-driven,neutral
ENSG00000182372,CLN8,45934,0.37394451145958985,0.25492561318858065,0.46702854845195013,0.3779654201849618,0.368264977885002,0.274125,0.192501,neutral,neutral
ENSG00000182447,OTOL1,7135,0.842983514274226,0.9525532770406112,0.38821873743466023,0.8488138319260152,0.7578508242862887,0.513128,0.309509,neutral,regulation-driven
ENSG00000182504,CEP97,46029,0.3723361479694411,0.40550864495375954,0.35203055890631285,0.376357056694813,0.376357056694813,0.192144,0.204614,neutral,neutral
ENSG00000182533,CAV3,108007,0.1636509851226377,0.9420989143546441,0.7211499798954564,0.16807398472054685,0.4985223160434258,0.564666,0.433504,neutral,neutral
ENSG00000182552,RWDD4,19569,0.6210293526336952,0.3464012866907921,0.8711298753518295,0.6250502613590672,0.6157016485725775,0.450372,0.277342,neutral,regulation-driven
ENSG00000182568,SATB1,100245,0.18134298351427422,0.2378367511057499,0.8078005629272216,0.18516284680337755,0.35284479292320065,0.705132,0.278297,gene-driven,gene-driven
ENSG00000182645,CCDC172,55582,0.31745074386811417,0.9935665460394049,0.17189384800965019,0.3210695617209489,0.45081423401688775,0.612897,0.315692,neutral,neutral
ENSG00000182685,BRICD5,1653,0.9678327301970245,0.4171692802573382,0.33815842380377964,0.974065138721351,0.673994772818657,0.549832,0.131685,gene-driven,neutral
ENSG00000182698,RESP18,5771,0.8757539203860072,0.842983514274226,0.11781262565339767,0.881383192601528,0.6792018496180137,0.566265,0.229594,neutral,neutral
ENSG00000182704,TSKU,15903,0.6735022114997989,0.41254523522316044,0.02734217933252915,0.6783273019702453,0.4476879774829111,0.594471,0.105448,gene-driven,neutral
ENSG00000182732,RGS6,634102,0.009449135504624045,0.6439485323683153,0.7104945717732207,0.011057498994772819,0.34365701648572583,0.707536,0.398573,gene-driven,gene-driven
ENSG00000182747,SLC35D3,3360,0.9330518697225573,0.6915963007639726,0.47868918375552877,0.9392842782468838,0.7603437876960193,0.534288,0.235374,neutral,regulation-driven
ENSG00000182752,PAPPA,248531,0.052673904302372336,0.45416164053075997,0.5150784077201448,0.05568958584640129,0.26925010052271814,0.192029,0.301568,neutral,neutral
ENSG00000182768,NGRN,10120,0.779654201849618,0.2802573381584238,0.19923602734217932,0.7848813831926015,0.5107458785685566,0.602161,0.108062,neutral,neutral
ENSG00000182771,GRID1,767244,0.0048250904704463205,0.5657418576598311,0.6055488540410132,0.006232408524326498,0.29551668677121024,0.74873,0.371733,gene-driven,gene-driven
ENSG00000182795,C1orf116,14235,0.7024527543224769,0.6290711700844391,0.09851226377161239,0.7076799356654604,0.5341676718938481,0.358223,0.181645,neutral,regulation-driven
ENSG00000182827,ACBD3,42063,0.4014877362283876,0.05890631282669884,0.8063932448733414,0.40530759951749096,0.4178327301970245,0.360263,0.211198,neutral,neutral
ENSG00000182866,LCK,34922,0.45355850422195415,0.7685967028548452,0.682951347004423,0.45757941294732607,0.5904704463208684,0.63798,0.358766,gene-driven,neutral
ENSG00000182901,,589739,0.011057498994772819,0.9091274628065943,0.7507036590269401,0.012665862484921592,0.42080820265379976,0.101437,0.45964,regulation-driven,regulation-driven
ENSG00000182934,SRPRA,6207,0.8646964213912344,0.04503417772416566,0.6948130277442702,0.8701246481704865,0.6183956574185766,0.27893,0.12495,neutral,regulation-driven
ENSG00000182950,CIMAP1C,3648,0.9264173703256936,0.8801769199839163,0.32368315239244067,0.9326497788500201,0.7654201849618014,0.581182,0.262666,neutral,regulation-driven
ENSG00000183049,CAMK1D,485999,0.014676316847607559,0.42320064334539603,0.6523924406915963,0.01648572577402493,0.27659831121833534,0.431033,0.334741,neutral,gene-driven
ENSG00000183090,FREM3,123374,0.13751507840772015,0.6899879372738239,0.17209489344591877,0.14133494169682348,0.2850422195416164,0.104875,0.259751,regulation-driven,regulation-driven
ENSG00000183128,CALHM3,6437,0.860876558102131,0.6857659831121834,0.6385203055890631,0.8665058303176518,0.7626357056694814,0.481413,0.274326,neutral,regulation-driven
ENSG00000183155,RABIF,10868,0.7667872939284278,0.5948934459187777,0.9075190993164455,0.7720144752714113,0.7600422195416164,0.612555,0.335545,neutral,neutral
ENSG00000183166,CALN1,667661,0.008242862887012465,0.827503015681544,0.6568154402895054,0.009650180940892641,0.37548250904704467,0.665742,0.434761,gene-driven,gene-driven
ENSG00000183185,GABRR3,50214,0.3480096501809409,0.9925613188580619,0.4234016887816647,0.3516284680337756,0.528719340570969,0.3884,0.369873,neutral,neutral
ENSG00000183273,CCDC60,206329,0.06875753920386007,0.8952553277040611,0.02312022517088862,0.0731805388017692,0.2648572577402493,0.403498,0.261309,neutral,neutral
ENSG00000183283,DAZAP2,32639,0.4756735022114998,0.16887816646562123,0.6487736228387616,0.4796944109368717,0.44305388017692,0.751811,0.198884,gene-driven,gene-driven
ENSG00000183317,EPHA10,51254,0.3417772416566144,0.8532368315239244,0.3852030558906313,0.3453960595094491,0.4812223562525131,0.142431,0.324889,regulation-driven,regulation-driven
ENSG00000183323,CCDC125,52635,0.3347406513872135,0.2973462002412545,0.14736630478488139,0.33876156011258546,0.2793526336952151,0.52926,0.135806,gene-driven,gene-driven
ENSG00000183324,REC114,116850,0.14937675914756735,0.9975874547647768,0.044229995979091274,0.15359871330920788,0.3359871330920788,0.517712,0.285686,neutral,neutral
ENSG00000183347,GBP6,24102,0.5623240852432649,0.9527543224768797,0.11741053478086047,0.5663449939686369,0.5495074386811419,0.497105,0.27111,neutral,neutral
ENSG00000183379,SYNDIG1L,20317,0.6103739445114595,0.6210293526336952,0.4509449135504624,0.6143948532368315,0.5739847205468436,0.492119,0.253971,neutral,neutral
ENSG00000183386,FHL3,8843,0.8053880176919984,0.8154402895054282,0.6248492159227985,0.8104141535987133,0.763771612384399,0.520788,0.314988,neutral,regulation-driven
ENSG00000183395,PMCH,1375,0.9734620024125452,0.0006031363088057901,0.5152794531564133,0.9796944109368717,0.6169481302774427,0.597326,0.041968,neutral,neutral
ENSG00000183396,TMEM89,1011,0.9772818657016485,0.8926417370325693,0.32549256131885806,0.983514274225975,0.7944209891435464,0.624136,0.251558,neutral,regulation-driven
ENSG00000183423,LRIT3,24209,0.5613188580619219,0.3960595094491355,0.3841978287092883,0.5653397667872939,0.47652794531564124,0.215913,0.189686,neutral,regulation-driven
ENSG00000183508,TENT5C,22342,0.5836349014877362,0.718335343787696,0.019300361881785282,0.5878568556493767,0.47707076799356657,0.40626,0.181946,gene-driven,neutral
ENSG00000183513,COA5,9202,0.7973462002412546,0.02070767993566546,0.7336147969441094,0.8023723361479694,0.588258946521914,0.6116,0.13847,neutral,neutral
ENSG00000183520,UTP11,15563,0.6795335745878569,0.46662645757941296,0.7450743868114194,0.6845597104945718,0.6436972255729795,0.472678,0.27111,neutral,regulation-driven
ENSG00000183560,IZUMO1R,3567,0.9294330518697226,0.5796139927623642,0.49155609167671893,0.9356654603940491,0.7337555287494973,0.739395,0.20959,gene-driven,neutral
ENSG00000183576,SETD3,83142,0.2197426618415762,0.2794531564133494,0.8033775633293124,0.22316043425814233,0.38126256533976677,0.265159,0.283876,neutral,neutral
ENSG00000183578,TNFAIP8L3,48679,0.35725774024929635,0.6097708082026538,0.8496180136710897,0.3610776035383997,0.5442400482509047,0.495245,0.364144,neutral,neutral
ENSG00000183580,FBXL7,439616,0.01950140731805388,0.3892239646160032,0.7716123843988741,0.021310816244471252,0.30032167269802973,0.235414,0.3365,neutral,neutral
ENSG00000183607,GKN2,7662,0.8321270607157217,0.9169682348210696,0.26437474869320465,0.8377563329312424,0.7125251306795336,0.748757,0.275281,gene-driven,neutral
ENSG00000183615,FAM167B,1635,0.9686369119420989,0.3733413751507841,0.6668677121029353,0.9748693204664254,0.7456172094893446,0.61916,0.167069,neutral,neutral
ENSG00000183621,,211731,0.0669481302774427,0.12404503417772417,0.02814636107760354,0.07117008443908324,0.07236630478488137,0.78792,0.077553,gene-driven,gene-driven
ENSG00000183638,RP1L1,105839,0.1696823482106956,0.4987937273823884,0.0038198632891033374,0.17370325693606756,0.21129875351829513,0.180659,0.133645,neutral,neutral
ENSG00000183644,HOATZ,22266,0.585243264977885,0.881383192601528,0.09187776437474869,0.5894652191395255,0.5367812625653398,0.49034,0.25005,neutral,neutral
ENSG00000183648,NDUFB1,5796,0.87535182951347,0.16385203055890632,0.7285886610373945,0.8809811017289908,0.6619119420989144,0.630277,0.160133,gene-driven,neutral
ENSG00000183715,OPCML,1117525,0.0016083634901487736,0.9286288701246481,0.4207880981101729,0.0022114997989545635,0.3382790510655408,0.216807,0.433303,regulation-driven,neutral
ENSG00000183722,LHFPL6,394413,0.025532770406111783,0.46461600321672697,0.7818657016485726,0.02754322476879775,0.32478890229191804,0.566405,0.355348,neutral,neutral
ENSG00000183733,FIGLA,13334,0.719340570969039,0.5890631282669884,0.19903498190591074,0.7247687977482911,0.5577804583835947,0.551267,0.190591,neutral,neutral
ENSG00000183742,MACC1,82750,0.22175311620426216,0.6304784881383193,0.2758343385605147,0.2249698431845597,0.3380981101728991,0.43361,0.261057,gene-driven,neutral
ENSG00000183751,TBL3,10877,0.7663852030558906,0.38620828307197425,0.4744672295938882,0.7716123843988741,0.5994069159630077,0.551744,0.183203,gene-driven,neutral
ENSG00000183775,KCTD16,314814,0.037997587454764774,0.6385203055890631,0.767189384800965,0.04061117812625653,0.3709489344591878,0.401106,0.393396,neutral,neutral
ENSG00000183779,ZNF703,4238,0.9113389626055488,0.30176919983916367,0.292119018898271,0.9173703256936068,0.6053478086047447,0.504916,0.112786,neutral,neutral
ENSG00000183780,SLC35F3,419836,0.021511861680739847,0.7221552070767994,0.6023321270607157,0.02332127060715722,0.3422396461600322,0.347165,0.39606,neutral,neutral
ENSG00000183807,FAM162B,13523,0.7169280257338159,0.3761560112585444,0.2259750703659027,0.7223562525130679,0.5100824286288701,0.612274,0.143044,neutral,neutral
ENSG00000183813,CCR4,5477,0.8839967832730197,0.6238439887414555,0.07579412947326096,0.8896260554885405,0.6180337756332931,0.589435,0.15968,neutral,neutral
ENSG00000183814,LIN9,78721,0.23441897868918377,0.5120627261761158,0.8771612384398875,0.2376357056694813,0.46515882589465224,0.790551,0.356001,gene-driven,gene-driven
ENSG00000183831,ANKRD45,61516,0.291113791716928,0.8472054684358665,0.11178126256533977,0.29473260956976277,0.38602734217933254,0.410314,0.264626,neutral,neutral
ENSG00000183833,CFAP91,64081,0.2822677925211098,0.6244471250502613,0.25190993164455167,0.2858866103739445,0.36094692400482514,0.755731,0.245828,gene-driven,gene-driven
ENSG00000183840,GPR39,229778,0.06051467631684761,0.610172899075191,0.18636911942098913,0.06433453960595094,0.23015681544028951,0.47692,0.262113,neutral,neutral
ENSG00000183856,IQGAP3,47200,0.36429433051869725,0.7016485725774025,0.47486932046642544,0.36831523924406917,0.47708082026538,0.187093,0.307047,neutral,regulation-driven
ENSG00000183888,SRARP,4572,0.9055086449537596,0.6924004825090471,0.1584238037796542,0.9115400080418175,0.6666666666666666,0.596462,0.193506,neutral,neutral
ENSG00000183908,LRRC55,9971,0.782669883393647,0.6359067149175713,0.4129473260956976,0.7876960193003619,0.6545536791314837,0.80322,0.234721,gene-driven,neutral
ENSG00000183960,KCNH8,387133,0.025934861278648975,0.8214716525934861,0.4931644551668677,0.027945315641334942,0.3420285484519502,0.419964,0.397065,neutral,neutral
ENSG00000183977,PP2D1,32307,0.4796944109368717,0.9119420989143546,0.05006031363088058,0.4837153196622437,0.4811519903498191,0.360605,0.250101,neutral,neutral
ENSG00000184108,TRIML1,8303,0.8180538801769199,0.9561720948934459,0.17289907519099315,0.8234821069561721,0.6923803779654202,0.494039,0.276488,neutral,regulation-driven
ENSG00000184163,C1QTNF12,4277,0.9091274628065943,0.5,0.2870928829915561,0.9151588258946521,0.6525432247687977,0.718838,0.161892,gene-driven,neutral
ENSG00000184209,SNRNP35,15067,0.6859670285484519,0.020908725371934056,0.028950542822677925,0.6909931644551669,0.356453558504222,0.477654,0.006936,neutral,neutral
ENSG00000184220,CMSS1,363896,0.0303578608765581,0.1825492561318858,0.16646562123039807,0.032569360675512665,0.10287494973864093,0.537481,0.163701,gene-driven,gene-driven
ENSG00000184232,OAF,19303,0.6254523522316043,0.4897466827503016,0.7398472054684359,0.6294732609569763,0.620928829915561,0.772115,0.282519,gene-driven,gene-driven
ENSG00000184260,H2AC20,494,0.9802975472456775,0.26739043023723363,0.32589465219139524,0.986529955770004,0.6397165259348613,0.638892,0.073532,neutral,neutral
ENSG00000184271,POU6F1,31127,0.4907519099316445,0.2925211097708082,0.6069561720948935,0.4945717732207479,0.4710092480900684,0.233082,0.216626,neutral,regulation-driven
ENSG00000184302,SIX6,3705,0.9248090068355448,0.9328508242862887,0.8882187374346603,0.9310414153598713,0.9189183755528749,0.609841,0.387063,neutral,regulation-driven
ENSG00000184305,CCSER1,1477902,0.0002010454362685967,0.6662645757941295,0.04402895054282268,0.0004020908725371934,0.17771411338962603,0.234172,0.271713,neutral,neutral
ENSG00000184307,ZDHHC23,17501,0.6501809408926418,0.5510655408122236,0.6413349416968235,0.6548049859268195,0.6241154000804182,0.212143,0.272969,neutral,regulation-driven
ENSG00000184344,GDF3,5992,0.869923602734218,0.6716928025733816,0.35082428628870127,0.8755528749497387,0.6917169280257339,0.562917,0.221502,neutral,neutral
ENSG00000184345,IQCF2,1810,0.9658222758343386,0.9187776437474869,0.258745476477684,0.972054684358665,0.7785383996783273,0.585665,0.264626,neutral,regulation-driven
ENSG00000184347,SLIT3,639400,0.009248090068355449,0.45436268596702856,0.3578608765581021,0.010655408122235626,0.2079613992762364,0.200995,0.298754,neutral,neutral
ENSG00000184349,,294044,0.9843184559710495,0.42802573381584236,0.8224768797748291,0.04463208685162847,0.6168476075593085,0.477262,0.647356,regulation-driven,neutral
ENSG00000184357,H1-5,797,0.9782870928829915,0.6950140731805388,0.26135906714917573,0.984519501407318,0.7294833132287898,0.600201,0.183554,neutral,neutral
ENSG00000184371,CSF1,20751,0.6047446722959389,0.35705669481302776,0.09831121833534379,0.6087655810213108,0.4170184961801367,0.696943,0.119773,gene-driven,gene-driven
ENSG00000184374,COLEC10,113004,0.15681544028950542,0.9618013671089666,0.43546441495778043,0.16143948532368316,0.428648974668275,0.317411,0.379725,neutral,neutral
ENSG00000184378,ACTRT3,2641,0.9479292320064334,0.878367511057499,0.44410936871733014,0.9541616405307599,0.8058303176517894,0.535334,0.273975,neutral,regulation-driven
ENSG00000184384,MAML2,366598,0.030156815440289506,0.2388419782870929,0.09911540008041818,0.03236831523924407,0.10001005227181343,0.382157,0.152895,neutral,neutral
ENSG00000184434,LRRC19,12537,0.7340168878166465,0.8262967430639324,0.18737434660233213,0.7390430237233615,0.6214314435062324,0.547175,0.247185,neutral,neutral
ENSG00000184445,KNTC1,99151,0.182951347004423,0.5753920386007237,0.28367511057498995,0.18677121029352634,0.30700643345396056,0.106192,0.255076,neutral,regulation-driven
ENSG00000184454,NCMAP,53242,0.3299155609167672,0.9352633695215119,0.220345798150382,0.3335343787696019,0.45458383594692403,0.601317,0.3076,neutral,neutral
ENSG00000184500,PROS1,106953,0.16606353035786087,0.599718536389224,0.2698029754724568,0.1702854845195014,0.3012565339766788,0.364121,0.259901,neutral,neutral
ENSG00000184564,SLITRK6,13894,0.7090872537193406,0.7919179734620024,0.03357458785685565,0.7143144350623241,0.5619622034579815,0.326347,0.200895,neutral,regulation-driven
ENSG00000184574,LPAR5,17126,0.6556091676718938,0.571773220747889,0.025130679533574587,0.6602332127060716,0.4779553679131484,0.636828,0.145356,gene-driven,gene-driven
ENSG00000184584,STING1,7403,0.8373542420587052,0.34398874145556896,0.22838761560112586,0.842983514274226,0.5628970647366305,0.296813,0.123442,neutral,regulation-driven
ENSG00000184601,C14orf180,10752,0.7689987937273823,0.7637716123843988,0.10172899075190993,0.7740249296340973,0.6018797748291114,0.523271,0.213611,neutral,neutral
ENSG00000184611,KCNH7,467361,0.01648572577402493,0.869923602734218,0.6005227181342984,0.0182951347004423,0.376216324889425,0.11146,0.430438,regulation-driven,regulation-driven
ENSG00000184661,CDCA2,48713,0.35665460394049053,0.9408926417370326,0.027945315641334942,0.36047446722959386,0.42130076397265787,0.14097,0.251055,neutral,neutral
ENSG00000184677,ZBTB40,102320,0.1773220747889023,0.2137112987535183,0.17772416566143948,0.18134298351427422,0.18732408524326497,0.182765,0.137616,neutral,neutral
ENSG00000184719,RNLS,310667,0.038801769199839166,0.33152392440691597,0.1578206674708484,0.04141535987133092,0.14225975070365904,0.474678,0.193406,neutral,neutral
ENSG00000184752,NDUFA12,108452,0.1630478488138319,0.21793325291515883,0.5671491757137113,0.16747084841174106,0.2786791314837153,0.441415,0.229594,neutral,neutral
ENSG00000184786,DYNLT2,11479,0.7535182951347005,0.4334539605950945,0.2981503819863289,0.758745476477684,0.5607056694813028,0.529755,0.167069,neutral,neutral
ENSG00000184840,TMED9,5040,0.8942501005227181,0.018697225572979495,0.8980699638118215,0.9000804181745075,0.6774829111379173,0.587304,0.164656,neutral,neutral
ENSG00000184845,DRD1,4147,0.9143546441495778,0.5402090872537193,0.0973059911540008,0.9203860072376358,0.6177623642943305,0.564375,0.139978,neutral,neutral
ENSG00000184887,BTBD6,2561,0.9495375954965822,0.3546441495778046,0.28266988339364696,0.9557700040209087,0.6353437876960193,0.313852,0.116305,neutral,regulation-driven
ENSG00000184898,RBM43,13924,0.7076799356654604,0.3455971049457177,0.10635303578608765,0.7129071170084439,0.4678729392842782,0.437977,0.111832,neutral,neutral
ENSG00000184903,IMMP2L,899874,0.0028146361077603537,0.19199839163650986,0.2376357056694813,0.004221954161640531,0.10909730599115401,0.399769,0.216074,neutral,neutral
ENSG00000184916,JAG2,27843,0.5215118616807398,0.4682348210695617,0.4907519099316445,0.5255327704061118,0.5013067953357458,0.133172,0.234922,neutral,regulation-driven
ENSG00000184923,NUTM2A,11461,0.753719340570969,0.2507036590269401,0.054282267792521106,0.7589465219139525,0.4541515882589465,0.721443,0.074688,gene-driven,gene-driven
ENSG00000184924,PTRHD1,3664,0.926216324889425,0.5221149979895456,0.7539203860072377,0.9324487334137516,0.7833634901487736,0.628166,0.240702,neutral,regulation-driven
ENSG00000184925,LCN12,5947,0.8711298753518295,0.8116204262163249,0.07961399276236429,0.8767591475673502,0.6594993968636912,0.541848,0.217029,neutral,neutral
ENSG00000184937,WT1,47790,0.3620828307197427,0.7161238439887414,0.7235625251306795,0.365902694008846,0.5417269802975473,0.180157,0.360877,regulation-driven,regulation-driven
ENSG00000184945,AQP12A,6618,0.8556493767591475,0.9477281865701649,0.27020506634499397,0.8612786489746683,0.7334338560514677,0.727675,0.283223,gene-driven,neutral
ENSG00000184992,BRI3BP,37587,0.43023723361479693,0.43486127864897467,0.48009650180940894,0.4344591877764375,0.4447024527543225,0.447396,0.234469,neutral,neutral
ENSG00000185000,DGAT1,12327,0.7378367511057499,0.4093285082428629,0.4712505026135907,0.7430639324487334,0.590108564535585,0.256604,0.191496,neutral,regulation-driven
ENSG00000185002,RFX6,54950,0.320064334539606,0.7683956574185766,0.6379171692802573,0.32368315239244067,0.5123341375150784,0.296532,0.360474,neutral,regulation-driven
ENSG00000185009,AP3M1,30588,0.4947728186570165,0.06031363088057901,0.9402895054282268,0.49839163650985124,0.49826095697627665,0.37502,0.240802,neutral,neutral
ENSG00000185024,BRF1,106304,0.16827503015681544,0.21813429835142742,0.4016887816646562,0.17249698431845598,0.23993767591475673,0.79235,0.194411,gene-driven,gene-driven
ENSG00000185033,SEMA4B,69076,0.2635705669481303,0.3785685564937676,0.267189384800965,0.26658624849215923,0.2938279051065541,0.823713,0.190038,gene-driven,gene-driven
ENSG00000185043,CIB1,4073,0.9171692802573381,0.1636509851226377,0.878367511057499,0.9232006433453961,0.7202955367913149,0.549878,0.18657,gene-driven,dual-driven
ENSG00000185055,EFCAB10,35756,0.44632086851628466,0.8367511057498995,0.09348612786489746,0.45034177724165664,0.456523924406916,0.472919,0.246381,neutral,neutral
ENSG00000185069,KRT76,9191,0.7975472456775231,0.6877764374748693,0.29392842782468837,0.8025733815842381,0.645205066344994,0.411228,0.225724,neutral,regulation-driven
ENSG00000185085,INTS5,6455,0.8600723763570567,0.05548854041013269,0.42480900683554484,0.8657016485725774,0.5512364294330518,0.349628,0.080167,neutral,regulation-driven
ENSG00000185090,MANEAL,7291,0.8393646964213912,0.6556091676718938,0.6901889827100924,0.8451950140731805,0.75729794933655,0.293898,0.283172,neutral,regulation-driven
ENSG00000185100,ADSS1,23152,0.5733815842380378,0.8164455166867712,0.9664254121431444,0.5776035383996784,0.733252915158826,0.32503,0.436269,neutral,dual-driven
ENSG00000185104,FAF1,523240,0.013067953357458785,0.3958584640128669,0.6029352633695215,0.014676316847607559,0.25655408122235623,0.712538,0.321371,gene-driven,gene-driven
ENSG00000185127,C6orf120,4235,0.9119420989143546,0.09690390028146362,0.09489344591877764,0.9179734620024126,0.5051266586248492,0.629524,0.027795,neutral,neutral
ENSG00000185149,NPY2R,8443,0.8140329714515481,0.7408524326497788,0.05287494973864093,0.8190591073582629,0.6064535585042219,0.479554,0.189385,neutral,neutral
ENSG00000185155,MIXL1,3443,0.9314435062324086,0.6823482106956172,0.2535182951347004,0.9376759147567351,0.700934861278649,0.529875,0.200292,neutral,regulation-driven
ENSG00000185163,DDX51,7726,0.8315239244069159,0.18455971049457176,0.34620024125452353,0.8369521511861681,0.5495375954965822,0.281926,0.104142,neutral,regulation-driven
ENSG00000185176,AQP12B,6489,0.8592681946119823,0.9471250502613591,0.3606755126658625,0.864897466827503,0.7577100924809008,0.468898,0.298301,neutral,regulation-driven
ENSG00000185219,ZNF445,45966,0.37354242058705267,0.2018496180136711,0.01648572577402493,0.3775633293124246,0.24215922798552475,0.183957,0.064133,neutral,neutral
ENSG00000185220,PGBD2,13751,0.7121029352633695,0.29674306393244876,0.10776035383996783,0.7175311620426217,0.4582629674306393,0.52507,0.099819,gene-driven,neutral
ENSG00000185238,PRMT3,121781,0.14032971451548049,0.30820265379975875,0.48331322878970645,0.14435062324085243,0.26884800965018096,0.147648,0.24035,neutral,neutral
ENSG00000185246,PRPF39,32176,0.47989545637314035,0.12947326095697628,0.7633695215118617,0.48391636509851227,0.46396260554885405,0.717641,0.211047,gene-driven,gene-driven
ENSG00000185261,KIAA0825,467754,0.016284680337756333,0.38882187374346605,0.07137112987535182,0.018094089264173704,0.12355247285886611,0.76851,0.187475,gene-driven,gene-driven
ENSG00000185267,CDNF,19331,0.62464817048653,0.6739043023723361,0.5365902694008846,0.6286690792119018,0.6157519099316445,0.527654,0.284831,neutral,neutral
ENSG00000185271,KLHL33,10315,0.7752312022517089,0.717330116606353,0.2024527543224769,0.7804583835946924,0.6186067551266587,0.195939,0.219592,neutral,regulation-driven
ENSG00000185278,ZBTB37,35466,0.44933655006031364,0.3661037394451146,0.8655006031363088,0.45335745878568556,0.533373542420587,0.254815,0.298552,neutral,regulation-driven
ENSG00000185305,ARL15,426641,0.9827100924809007,0.18777643747486933,0.6632488942501005,0.022718134298351428,0.512112987535183,0.738166,0.574377,gene-driven,gene-driven
ENSG00000185313,SCN10A,119485,0.14455166867712102,0.9762766385203056,0.3242862887012465,0.14857257740249297,0.3982207478890229,0.800446,0.360676,gene-driven,gene-driven
ENSG00000185344,ATP6V0A2,49403,0.353437876960193,0.038600723763570564,0.7271813429835142,0.35705669481302776,0.3688882187374346,0.259379,0.193355,neutral,neutral
ENSG00000185352,HS6ST3,749456,0.005830317651789305,0.5641334941696824,0.316043425814234,0.007036590269400885,0.22320064334539608,0.492652,0.320768,neutral,neutral
ENSG00000185414,MRPL30,18410,0.6359067149175713,0.007036590269400885,0.5275432247687978,0.640128669079212,0.4524427020506634,0.471301,0.113289,neutral,neutral
ENSG00000185436,IFNLR1,33792,0.4634097305991154,0.4881383192601528,0.037595496582227585,0.4674306393244873,0.3639425010052272,0.277795,0.141385,neutral,neutral
ENSG00000185467,KPNA7,76504,0.24105347808604743,0.6260554885404102,0.22074788902291917,0.244270205066345,0.33287092882991554,0.623356,0.243014,gene-driven (relaxed),gene-driven (relaxed)
ENSG00000185480,PARPBP,77338,0.2378367511057499,0.5299557700040209,0.20265379975874548,0.24105347808604743,0.30271411338962606,0.225211,0.216224,neutral,neutral
ENSG00000185483,ROR1,407482,0.02392440691596301,0.5486529955770004,0.512464817048653,0.025733815842380377,0.27760353839967833,0.192571,0.339515,neutral,neutral
ENSG00000185499,MUC1,7093,0.8449939686369119,0.7159227985524729,0.1451548049859268,0.8506232408524327,0.63889223964616,0.667661,0.20381,gene-driven,neutral
ENSG00000185518,SV2B,202616,0.07096903900281464,0.7052673904302372,0.5902694008845999,0.07539203860072376,0.3602533172496984,0.812465,0.371934,gene-driven,gene-driven
ENSG00000185519,FAM131C,15883,0.6743063932448733,0.639123441897869,0.29091274628065944,0.6791314837153196,0.570627261761158,0.509117,0.225271,neutral,neutral
ENSG00000185532,PRKG1,1307536,0.0006031363088057901,0.6956172094893446,0.7561318858061922,0.0008041817450743868,0.3632790510655408,0.36133,0.417119,neutral,neutral
ENSG00000185559,DLK1,12520,0.7346200241254524,0.8057901085645356,0.524929634097306,0.7396461600321673,0.7009951749095296,0.373465,0.301317,neutral,dual-driven
ENSG00000185585,OLFML2A,37753,0.4294330518697226,0.4312424607961399,0.6184157619622035,0.4336550060313631,0.4779754724567753,0.332522,0.262214,neutral,neutral
ENSG00000185591,SP1,36271,0.441696823482107,0.1272617611580217,0.48532368315239244,0.4457177322074789,0.3747989545637314,0.807281,0.157117,gene-driven,gene-driven
ENSG00000185610,DBX2,36428,0.439686369119421,0.7187374346602332,0.2802573381584238,0.4437072778447929,0.4703960595094491,0.34813,0.261409,neutral,neutral
ENSG00000185614,INKA1,1770,0.9662243667068757,0.4827100924809007,0.34519501407318054,0.9724567752312022,0.6913349416968235,0.595798,0.150533,neutral,neutral
ENSG00000185633,NDUFA4L2,5813,0.874346602332127,0.5528749497386409,0.6934057096903901,0.8799758745476478,0.7498693204664254,0.722501,0.251156,gene-driven,neutral
ENSG00000185634,SHC4,140179,0.11540008041817451,0.8630880579010857,0.2428628870124648,0.11921994370727784,0.3349517490952955,0.308554,0.322879,neutral,neutral
ENSG00000185640,KRT79,12904,0.7265782066747085,0.8474065138721351,0.33715319662243665,0.731805388017692,0.6604744672295939,0.542712,0.281212,gene-driven,neutral
ENSG00000185652,NTF3,89429,0.2018496180136711,0.6994370727784479,0.7281865701648572,0.20546843586650584,0.4585544833132288,0.36737,0.375151,neutral,neutral
ENSG00000185662,SMIM23,13695,0.7127060715721754,0.9662243667068757,0.09931644551668677,0.7181342983514274,0.6238238841978287,0.695664,0.265581,gene-driven,neutral
ENSG00000185670,ZBTB3,5866,0.873341375150784,0.354443104141536,0.07016485725774024,0.8789706473663048,0.5439485323683152,0.609741,0.091828,gene-driven,neutral
ENSG00000185697,MYBL1,52073,0.33775633293124246,0.5647366304784881,0.6598311218335344,0.3417772416566144,0.47582428628870127,0.124266,0.314083,regulation-driven,regulation-driven
ENSG00000185736,ADARB2,560213,0.012263771612384398,0.7332127060715722,0.38158423803779656,0.013872135102533172,0.2851527945315641,0.36765,0.366456,neutral,neutral
ENSG00000185742,C11orf87,6978,0.848411741053478,0.8902291917973462,0.059911540008041816,0.8540410132689988,0.6628669079211902,0.436057,0.228438,neutral,regulation-driven
ENSG00000185774,KCNIP4,1220167,0.0008041817450743868,0.7585444310414153,0.5743868114193807,0.0012062726176115801,0.33371531966224366,0.293114,0.420487,neutral,neutral
ENSG00000185798,WDR53,14498,0.6974266184157619,0.7100924809006836,0.5331724969843185,0.7022517088862082,0.6604945717732208,0.490698,0.284479,gene-driven,dual-driven
ENSG00000185860,CCDC190,44304,0.3843988741455569,0.86389223964616,0.018094089264173704,0.3884197828709288,0.4135002010454362,0.438239,0.228136,neutral,neutral
ENSG00000185863,TMEM210,1199,0.9758745476477684,0.9075190993164455,0.31141938078005627,0.9821069561720949,0.7939183755528749,0.608856,0.257992,neutral,regulation-driven
ENSG00000185896,LAMP1,26434,0.539404905508645,0.1523924406915963,0.2265782066747085,0.5442299959790913,0.36541013268998795,0.331222,0.102232,gene-driven,neutral
ENSG00000185909,KLHDC8B,4889,0.8980699638118215,0.48632891033373543,0.6027342179332529,0.9041013268998793,0.7225070365902694,0.379513,0.20964,neutral,regulation-driven
ENSG00000185933,CALHM1,5661,0.8791716928025733,0.5295536791314838,0.7259750703659027,0.8848009650180941,0.7545938882187375,0.549658,0.250955,neutral,regulation-driven
ENSG00000185942,NKAIN3,765410,0.005227181342983514,0.7609569762766385,0.4690390028146361,0.0066344993968636915,0.31039404905508644,0.317079,0.399025,neutral,neutral
ENSG00000185989,RASA3,154841,0.10132689987937274,0.3096099718536389,0.7973462002412546,0.10595094491355046,0.3283273019702453,0.153528,0.303126,neutral,regulation-driven
ENSG00000186007,LEMD1,74577,0.24768797748291113,0.9919581825492562,0.013671089666264576,0.25090470446320867,0.3758946521913953,0.78938,0.256936,gene-driven,gene-driven
ENSG00000186009,ATP4B,9395,0.7933252915158826,0.9595898673100121,0.6517893043827905,0.7981503819863289,0.8004724567752312,0.501317,0.362033,neutral,regulation-driven
ENSG00000186038,HTR3E,9932,0.7834740651387213,0.873341375150784,0.24809006835544833,0.7885002010454363,0.6731001206272617,0.50955,0.266385,gene-driven,dual-driven
ENSG00000186073,CDIN1,230623,0.06031363088057901,0.3299155609167672,0.6809408926417371,0.06393244873341375,0.2835946924004825,0.18455,0.300261,neutral,neutral
ENSG00000186106,ANKRD46,50033,0.34941696823482105,0.16043425814234016,0.9366706875753921,0.3530357860876558,0.4497084841174106,0.509721,0.274326,gene-driven,neutral
ENSG00000186130,ZBTB6,5268,0.888821873743466,0.06956172094893445,0.0792119018898271,0.8944511459589868,0.4827301970245276,0.571441,0.020607,neutral,neutral
ENSG00000186166,CENATAC,17656,0.6473663047848813,0.11640530759951749,0.44209891435464416,0.6517893043827905,0.4641938078005629,0.437716,0.121482,neutral,neutral
ENSG00000186174,BCL9L,32052,0.4819059107358263,0.2320064334539606,0.23542420587052673,0.4857257740249296,0.35857458785685564,0.129684,0.128971,neutral,regulation-driven
ENSG00000186188,FFAR4,37816,0.42903096099718535,0.8848009650180941,0.2710092480900684,0.4332529151588259,0.5043124246079614,0.380509,0.300764,neutral,neutral
ENSG00000186193,SAPCD2,8431,0.8150381986328911,0.583232810615199,0.315038198632891,0.8200643345396059,0.633092078809811,0.558112,0.200995,neutral,neutral
ENSG00000186197,EDARADD,154659,0.10172899075190993,0.498994772818657,0.2700040209087254,0.10635303578608765,0.2440390028146361,0.483683,0.246431,gene-driven,gene-driven
ENSG00000186198,SLC51B,8011,0.8242862887012464,0.7623642943305187,0.16867712102935264,0.8297145154804986,0.6459891435464415,0.614807,0.221954,neutral,neutral
ENSG00000186231,KLHL32,216135,0.06574185765983112,0.793124246079614,0.7416566143948532,0.06996381182147166,0.41741053478086043,0.393617,0.419733,neutral,neutral
ENSG00000186265,BTLA,38406,0.42279855247285886,0.830518697225573,0.025331724969843185,0.4270205066344994,0.4262062726176116,0.476669,0.223864,neutral,neutral
ENSG00000186318,BACE1,31028,0.49155609167671893,0.33695215118616806,0.9320466425412143,0.49537595496582226,0.5637917169280257,0.744534,0.307298,gene-driven,gene-driven
ENSG00000186334,SLC36A3,27409,0.526940088459992,0.9792923200643345,0.4153598713309208,0.5311620426216325,0.6129774829111378,0.410193,0.342632,neutral,regulation-driven
ENSG00000186350,RXRA,123488,0.13731403297145156,0.17712102935263369,0.9163650985122638,0.1411338962605549,0.3427925211097708,0.191797,0.285686,neutral,regulation-driven
ENSG00000186367,MINAR2,18639,0.6324889425010052,0.7149175713711299,0.36168073984720545,0.6367108966626458,0.5862384398874145,0.630298,0.260404,neutral,neutral
ENSG00000186377,CYP4X1,27083,0.5307599517490953,0.528950542822678,0.2515078407720145,0.5349819059107358,0.46133896260554885,0.164294,0.202553,neutral,regulation-driven
ENSG00000186442,KRT3,6433,0.8612786489746683,0.7782468837957378,0.3335343787696019,0.866907921190189,0.7097104945717733,0.401628,0.248442,neutral,regulation-driven
ENSG00000186468,RPS23,5077,0.8936469642139123,0.3856051467631685,0.9953759549658223,0.8994772818657016,0.7932348210695617,0.454538,0.327503,neutral,dual-driven
ENSG00000186479,RGS7BP,106305,0.16807398472054685,0.606151990349819,0.8291113791716928,0.17229593888218736,0.44369722557297947,0.794483,0.375352,gene-driven,gene-driven
ENSG00000186501,TMEM222,14256,0.7022517088862082,0.06936067551266586,0.8013671089666264,0.7074788902291917,0.5698532368315239,0.355871,0.181293,neutral,regulation-driven
ENSG00000186583,SPATC1,34835,0.45436268596702856,0.9609971853638922,0.046039404905508646,0.4581825492561319,0.4797044632086852,0.304524,0.257891,neutral,regulation-driven
ENSG00000186591,UBE2H,122229,0.1399276236429433,0.195416164053076,0.9547647768395657,0.14394853236831523,0.35831322878970645,0.451076,0.294532,neutral,neutral
ENSG00000186603,HPDL,1816,0.96562123039807,0.486529955770004,0.1696823482106956,0.9718536389223965,0.6481101728990751,0.582811,0.126608,neutral,neutral
ENSG00000186638,KIF24,76889,0.23924406915963006,0.8464012866907921,0.11117812625653398,0.24246079613992763,0.359660233212706,0.135334,0.269099,neutral,regulation-driven
ENSG00000186648,CARMIL3,17721,0.995979091274628,0.7535182951347005,0.32669883393646965,0.6511861680739848,0.6990852432649779,0.147205,0.562967,regulation-driven,regulation-driven
ENSG00000186660,ZFP91,42488,0.3986731001206273,0.44712505026135907,0.6417370325693607,0.4026940088459992,0.47235625251306795,0.193637,0.275432,neutral,regulation-driven
ENSG00000186684,CYP27C1,36482,0.4390832328106152,0.5611178126256534,0.43204664254121433,0.44310414153598715,0.46863691194209894,0.381122,0.253719,neutral,neutral
ENSG00000186687,LYRM7,34485,0.45757941294732607,0.15520707679935666,0.3954563731403297,0.46139927623642946,0.3672195416164053,0.508585,0.143195,neutral,neutral
ENSG00000186710,CFAP73,9553,0.7895054282267793,0.7973462002412546,0.18777643747486933,0.7943305186972256,0.6419983916365098,0.513691,0.235123,neutral,neutral
ENSG00000186766,FOXI2,3999,0.9179734620024126,0.5993164455166867,0.28910333735424204,0.9240048250904704,0.6822979493365501,0.560676,0.18657,neutral,neutral
ENSG00000186795,KCNK18,12811,0.7283876156011259,0.9678327301970245,0.31644551668677123,0.7336147969441094,0.6863088057901086,0.54615,0.310967,neutral,neutral
ENSG00000186827,TNFRSF4,2828,0.9441093687173301,0.5709690390028146,0.2143144350623241,0.9503417772416566,0.669622034579815,0.1884,0.163902,neutral,regulation-driven
ENSG00000186854,TRABD2A,85359,0.2135102533172497,0.8033775633293124,0.18938480096501809,0.21712907117008443,0.3556694813027744,0.246964,0.279855,neutral,neutral
ENSG00000186867,QRFPR,52418,0.3355448331322879,0.6572175311620426,0.5466425412143144,0.3395657418576598,0.46954161640530756,0.410324,0.313179,neutral,neutral
ENSG00000186881,OR13F1,960,0.9778850020104544,0.0002010454362685967,0.23683152392440693,0.9841174105347809,0.5494471250502614,0.557107,0.001458,neutral,neutral
ENSG00000186891,TNFRSF18,3085,0.9388821873743466,0.6262565339766787,0.1779252110977081,0.9451145958986731,0.6717330116606353,0.717197,0.173955,gene-driven,neutral
ENSG00000186895,FGF3,9449,0.7917169280257338,0.960595094491355,0.7804583835946924,0.7965420184961801,0.8320868516284681,0.592732,0.39043,neutral,regulation-driven
ENSG00000186907,RTN4RL2,17007,0.6568154402895054,0.757740249296341,0.44853236831523924,0.6616405307599518,0.630940892641737,0.362616,0.282921,neutral,regulation-driven
ENSG00000186908,ZDHHC17,89594,0.2012464817048653,0.20305589063128268,0.9658222758343386,0.20486529955770005,0.3935665460394049,0.205901,0.297195,neutral,regulation-driven
ENSG00000186910,SERPINA11,10337,0.7746280659429031,0.9541616405307599,0.2565339766787294,0.7798552472858866,0.6910333735424206,0.507921,0.287445,neutral,regulation-driven
ENSG00000187003,ACTL7A,1491,0.9714515480498592,0.9141535987133093,0.1897868918375553,0.9776839565741857,0.762957378367511,0.560545,0.248844,neutral,regulation-driven
ENSG00000187024,PTRH1,34526,0.4567752312022517,0.6658624849215923,0.11720948934459188,0.46059509449135505,0.42491958182549255,0.411744,0.210545,gene-driven,neutral
ENSG00000187033,SAMD7,27604,0.5245275432247688,0.9203860072376358,0.18114193807800563,0.5285484519501408,0.5384499396863692,0.798415,0.283826,gene-driven,gene-driven
ENSG00000187048,CYP4A11,12308,0.7386409328508243,0.9268194611982308,0.42179332529151586,0.7438681141938078,0.7075190993164456,0.279171,0.312626,neutral,neutral
ENSG00000187049,TMEM216,6474,0.8594692400482509,0.2983514274225975,0.7201447527141134,0.8650985122637717,0.6854845195014073,0.696911,0.196019,gene-driven,neutral
ENSG00000187054,TMPRSS11A,54746,0.3210695617209489,0.9917571371129875,0.13650985122637715,0.32468837957378366,0.44332529151588257,0.552139,0.302875,gene-driven,neutral
ENSG00000187068,C3orf70,76223,0.2428628870124648,0.4583835946924005,0.7384398874145557,0.24607961399276237,0.4212806594290309,0.565269,0.31338,neutral,neutral
ENSG00000187091,PLCD1,22147,0.5864495375954966,0.4344591877764375,0.6129875351829513,0.5906714917571371,0.5559308403699236,0.151809,0.244069,neutral,regulation-driven
ENSG00000187094,CCK,8361,0.8168476075593084,0.6976276638520306,0.610172899075191,0.8222758343385606,0.7364595898673101,0.575965,0.279152,neutral,regulation-driven
ENSG00000187098,MITF,228881,0.9857257740249297,0.587253719340571,0.7070767993566546,0.06453558504221954,0.6322074788902292,0.065455,0.667411,neutral,neutral
ENSG00000187109,NAP1L1,48151,0.36047446722959386,0.3974668275030157,0.9587856855649377,0.36429433051869725,0.520064334539606,0.786753,0.339767,gene-driven,gene-driven
ENSG00000187118,CMC1,83559,0.21793325291515883,0.2780458383594692,0.5663449939686369,0.22135102533172496,0.3207478890229192,0.673364,0.237686,gene-driven,gene-driven
ENSG00000187151,ANGPTL5,25849,0.5450341777241656,0.8168476075593084,0.45516686771210296,0.5496582227583434,0.5914455166867713,0.394049,0.311369,neutral,regulation-driven
ENSG00000187164,SHTN1,245110,0.05408122235625251,0.4712505026135907,0.19280257338158424,0.05729794933655006,0.1936972255729795,0.722164,0.233062,gene-driven,gene-driven
ENSG00000187186,ENSG00000187186,1950,0.9630076397265782,0.8128266988339364,0.3608765581021311,0.9692400482509047,0.7761761158021712,0.647027,0.240953,gene-driven,neutral
ENSG00000187258,NPSR1,220115,0.06413349416968235,0.997989545637314,0.1831523924406916,0.06855649376759147,0.32823683152392436,0.392198,0.347256,neutral,neutral
ENSG00000187260,WDR86,34819,0.45476477683956573,0.6129875351829513,0.4461198230800161,0.45858464012866906,0.4929232006433454,0.433397,0.268396,gene-driven,neutral
ENSG00000187288,CIDEC,13545,0.7161238439887414,0.866907921190189,0.585243264977885,0.7215520707679935,0.7221853638922396,0.34713,0.331373,neutral,dual-driven
ENSG00000187398,LUZP2,585669,0.011258544431041415,0.8600723763570567,0.10514676316847607,0.012866907921190189,0.24725572979493363,0.617992,0.318456,gene-driven,gene-driven
ENSG00000187498,,158240,0.09851226377161239,0.5080418174507438,0.3550462404503418,0.10293526336952151,0.2659127462806594,0.733062,0.2692,gene-driven,gene-driven
ENSG00000187527,ATP13A5,104032,0.17269802975472456,0.7076799356654604,0.23441897868918377,0.1769199839163651,0.32271813429835144,0.228106,0.276136,neutral,neutral
ENSG00000187566,NHLRC1,2238,0.9567752312022517,0.3273019702452754,0.14997989545637314,0.9630076397265782,0.5989545637314033,0.579071,0.086299,neutral,neutral
ENSG00000187583,PLEKHN1,9384,0.7935263369521511,0.7436670687575392,0.10836349014877363,0.7983514274225975,0.6107358262967431,0.225698,0.206825,neutral,neutral
ENSG00000187605,,123268,0.13791716928025735,0.5504624045034178,0.304583835946924,0.14173703256936068,0.28348411741053475,0.1077,0.261309,regulation-driven,regulation-driven
ENSG00000187616,MYMK,14027,0.7060715721753116,0.8741455568958585,0.9676316847607559,0.7112987535182951,0.8145255327704061,0.572205,0.442199,neutral,regulation-driven
ENSG00000187642,PERM1,6920,0.8506232408524327,0.8839967832730197,0.10052271813429835,0.8562525130679534,0.67256735022115,0.821008,0.23839,gene-driven,neutral
ENSG00000187676,B3GLCT,132302,0.12565339766787295,0.5008041817450744,0.3960595094491355,0.12947326095697628,0.2878065942903096,0.173965,0.271562,neutral,neutral
ENSG00000187713,TMEM203,1567,0.9704463208685162,0.016083634901487735,0.18415761962203459,0.9766787293928428,0.5365299557700041,0.641586,0.006584,neutral,neutral
ENSG00000187715,KBTBD12,72440,0.25211097708082025,0.7301970245275432,0.645556895858464,0.2553277040611178,0.4706373140329715,0.643657,0.361027,gene-driven,gene-driven
ENSG00000187735,TCEA1,55897,0.316043425814234,0.12525130679533575,0.8795737836751105,0.31966224366706875,0.4099517490952955,0.735582,0.252111,gene-driven,gene-driven
ENSG00000187736,NHEJ1,91515,0.19682348210695616,0.2070767993566546,0.08604744672295939,0.2004422999597909,0.1724165661439485,0.54467,0.108263,gene-driven,gene-driven
ENSG00000187778,MCRS1,11602,0.7505026135906715,0.08142340168878166,0.8829915560916767,0.755729794933655,0.617400482509047,0.748755,0.20009,gene-driven,neutral
ENSG00000187783,TMEM72,25695,0.5466425412143144,0.9183755528749498,0.2973462002412545,0.5510655408122236,0.5781363088057901,0.509901,0.305137,neutral,neutral
ENSG00000187796,CARD9,9726,0.7878970647366305,0.6324889425010052,0.47185363892239646,0.7927221552070768,0.670999195818255,0.537672,0.242411,gene-driven,neutral
ENSG00000187801,ZFP69B,13617,0.7141133896260555,0.29292320064334537,0.08926417370325694,0.7195416164053076,0.45368918375552875,0.280051,0.094994,gene-driven,neutral
ENSG00000187806,TMEM202,10066,0.7800562927221552,0.9630076397265782,0.10434258142340169,0.7852834740651388,0.6579111379171693,0.466174,0.266637,neutral,regulation-driven
ENSG00000187821,HELT,2464,0.951145958986731,0.7838761560112586,0.7706071572175311,0.9573783675110575,0.8654402895054283,0.467571,0.301116,neutral,regulation-driven
ENSG00000187833,C2orf78,32966,0.47265782066747086,0.9857257740249297,0.03538399678327302,0.4766787293928428,0.4924105347808605,0.359138,0.265782,neutral,neutral
ENSG00000187862,TTC24,7997,0.8250904704463209,0.8150381986328911,0.20506634499396864,0.830518697225573,0.6686570164857257,0.300995,0.239998,neutral,regulation-driven
ENSG00000187871,GFRAL,75025,0.24628065942903096,0.8120225170888621,0.1220345798150382,0.24969843184559712,0.3573381584238038,0.48086,0.262214,neutral,neutral
ENSG00000187889,FYB2,100908,0.18033775633293125,0.725774024929634,0.0182951347004423,0.18435866505830317,0.2769903498190591,0.23842,0.205921,neutral,neutral
ENSG00000187954,ZFTRAF1,13290,0.7201447527141134,0.4589867310012063,0.8522316043425814,0.7255729794933655,0.688962605548854,0.261349,0.289606,neutral,regulation-driven
ENSG00000187957,DNER,356927,0.031564133494169686,0.761761158021713,0.29071170084439085,0.033775633293124246,0.27934258142340174,0.195265,0.341677,neutral,neutral
ENSG00000188010,MORN2,53097,0.33071974266184156,0.7344189786891837,0.30659429030961,0.3343385605146763,0.42633695215118617,0.545848,0.280408,neutral,neutral
ENSG00000188015,S100A3,1930,0.9634097305991154,0.5448331322878971,0.4577804583835947,0.9696421391234419,0.733604744672296,0.748693,0.182248,gene-driven,neutral
ENSG00000188026,RILPL1,63666,0.28468033775633295,0.33293124246079614,0.7106956172094894,0.2880981101728991,0.40393043827905106,0.219441,0.271914,neutral,regulation-driven
ENSG00000188060,RAB42,3250,0.9344591877764374,0.39847205468435865,0.4754724567752312,0.9406915963007639,0.6869622034579815,0.748784,0.159178,gene-driven,neutral
ENSG00000188089,PLA2G4E,69797,0.26115802171290714,0.9877362283876157,0.11921994370727784,0.26437474869320465,0.4079613992762364,0.154343,0.298703,neutral,regulation-driven
ENSG00000188112,C6orf132,50388,0.3468033775633293,0.6670687575392038,0.04121431443506232,0.35042219541616404,0.3511962203457981,0.201458,0.194059,neutral,neutral
ENSG00000188133,TMEM215,5662,0.8789706473663048,0.837957378367511,0.0725774024929634,0.8845999195818255,0.6682448733413752,0.62108,0.215923,neutral,neutral
ENSG00000188175,HEPACAM2,37936,0.428226779252111,0.774225975070366,0.3528347406513872,0.4324487334137515,0.4967229593888218,0.609283,0.290611,gene-driven (relaxed),neutral
ENSG00000188177,ZC3H6,64463,0.28065942903096097,0.3260956976276638,0.40510655408122237,0.2842782468837957,0.323854041013269,0.131162,0.207982,neutral,regulation-driven
ENSG00000188191,PRKAR1B,178454,0.08403699236027343,0.6278648974668275,0.8053880176919984,0.08785685564937676,0.40109569762766384,0.15096,0.386912,neutral,neutral
ENSG00000188199,NUTM2B,11455,0.7539203860072377,0.5725774024929634,0.058102131081624445,0.7591475673502212,0.5356755126658626,0.725659,0.157067,gene-driven,gene-driven
ENSG00000188243,COMMD6,24226,0.5609167671893848,0.30016083634901486,0.730800160836349,0.5649376759147567,0.5390028146361077,0.556856,0.2404,neutral,neutral
ENSG00000188257,PLA2G2A,4986,0.8956574185765983,0.6031363088057901,0.07036590269400884,0.9014877362283876,0.6173703256936067,0.528247,0.154654,neutral,neutral
ENSG00000188277,C15orf62,2470,0.9509449135504624,0.47909127462806594,0.1399276236429433,0.9571773220747889,0.6314736630478488,0.633384,0.124598,neutral,neutral
ENSG00000188282,RUFY4,55625,0.3172496984318456,0.7020506634499397,0.049859268194611985,0.3208685162846803,0.3473260956976276,0.291647,0.207378,neutral,neutral
ENSG00000188306,LRRIQ4,24904,0.5532770406111781,0.9155609167671894,0.11982308001608363,0.5572979493365501,0.5362887012464816,0.716053,0.26533,gene-driven,gene-driven
ENSG00000188312,CENPP,294577,0.04161640530759952,0.46984318455971047,0.018697225572979495,0.04443104141535987,0.1435062324085243,0.478981,0.163098,neutral,neutral
ENSG00000188342,GTF2F2,164384,0.09429030960997185,0.2563329312424608,0.7428628870124648,0.09851226377161239,0.2977885002010454,0.501498,0.283776,neutral,neutral
ENSG00000188393,CLEC2A,33698,0.4642139123441898,0.9827100924809007,0.011258544431041415,0.4682348210695617,0.4814032971451548,0.577573,0.242511,neutral,neutral
ENSG00000188467,SLC24A5,21683,0.5928829915560917,0.7026537997587454,0.7376357056694813,0.5969039002814636,0.6573180538801768,0.330026,0.338812,neutral,regulation-driven
ENSG00000188487,INSC,134785,0.1220345798150382,0.8208685162846804,0.6501809408926418,0.12585444310414154,0.4295436268596703,0.166144,0.398975,regulation-driven,regulation-driven
ENSG00000188522,FAM83G,35976,0.44410936871733014,0.7181342983514274,0.3914354644149578,0.44813027744270206,0.5002513067953358,0.433807,0.283926,neutral,neutral
ENSG00000188523,CFAP77,163277,0.09489344591877764,0.9891435464414958,0.07157217531162043,0.09911540008041818,0.313470044229996,0.422949,0.301116,neutral,neutral
ENSG00000188529,SRSF10,16581,0.6630478488138319,0.1349014877362284,0.8405709690390029,0.6678729392842783,0.5763570566948131,0.297979,0.212053,neutral,regulation-driven
ENSG00000188610,FAM72B,17894,0.6447527141133896,0.5452352231604343,0.8962605548854041,0.6489746682750301,0.6835946924004825,0.579202,0.334489,gene-driven,neutral
ENSG00000188611,ASAH2,96943,0.18777643747486933,0.36228387615601126,0.3472054684358665,0.19159630076397266,0.27202452754322476,0.763376,0.216878,gene-driven,gene-driven
ENSG00000188620,HMX3,3454,0.9312424607961399,0.6698833936469643,0.3445918777643747,0.9374748693204664,0.72048652995577,0.550754,0.208384,neutral,regulation-driven
ENSG00000188643,S100A16,6260,0.8634901487736228,0.634097305991154,0.26537997587454765,0.8691194209891435,0.6577402492963409,0.564847,0.199035,neutral,neutral
ENSG00000188676,IDO2,81779,0.2259750703659027,0.7468837957378367,0.1942098914354644,0.22919179734620024,0.3489043023723361,0.281564,0.268295,neutral,neutral
ENSG00000188690,UROS,38309,0.42480900683554484,0.07237635705669482,0.256735022114998,0.42903096099718535,0.29552673904302373,0.207177,0.096602,neutral,neutral
ENSG00000188716,DUSP29,36171,0.44229995979091274,0.9851226377161239,0.4883393646964214,0.44632086851628466,0.590319662243667,0.556474,0.369119,neutral,neutral
ENSG00000188729,OSTN,66375,0.2738238841978287,0.6099718536389224,0.23401688781664656,0.27724165661439487,0.3485926819461198,0.51162,0.238892,neutral,neutral
ENSG00000188730,VWC2,148313,0.10856453558504221,0.8671089666264575,0.6057498994772819,0.11298753518295135,0.42338158423803773,0.334781,0.402996,neutral,neutral
ENSG00000188732,FAM221A,23120,0.5739847205468436,0.40631282669883395,0.6123843988741455,0.5782066747084841,0.5425110574989948,0.370527,0.238038,neutral,regulation-driven
ENSG00000188760,TMEM198,6933,0.8502211499798955,0.5426216324889425,0.7657820667470848,0.8558504221954162,0.7533373542420587,0.412817,0.269351,neutral,regulation-driven
ENSG00000188761,BCL2L15,10766,0.768194611982308,0.7740249296340973,0.14173703256936068,0.773220747889023,0.6140430237233615,0.495657,0.223512,neutral,neutral
ENSG00000188778,ADRB3,3610,0.9276236429433052,0.7935263369521511,0.4026940088459992,0.9338560514676317,0.7641133896260556,0.556594,0.252513,neutral,regulation-driven
ENSG00000188779,SKOR1,14879,0.6895858464012867,0.3423803779654202,0.2488942501005227,0.6946119823080016,0.4936168073984721,0.130277,0.141737,neutral,regulation-driven
ENSG00000188782,CATSPER4,12408,0.7364294330518697,0.9611982308001609,0.18697225572979492,0.7416566143948532,0.6563027744270206,0.348633,0.2788,neutral,regulation-driven
ENSG00000188783,PRELP,15547,0.6797346200241254,0.6568154402895054,0.44310414153598715,0.6847607559308404,0.6158524326497788,0.481142,0.254222,neutral,neutral
ENSG00000188784,PLA2G2E,3609,0.9278246883795738,0.8864093285082428,0.43486127864897467,0.9340570969039003,0.7954764776839566,0.623573,0.28081,neutral,regulation-driven
ENSG00000188786,MTF1,50019,0.3498190591073583,0.2832730197024528,0.6988339364696421,0.353437876960193,0.4211600321672698,0.240159,0.249749,neutral,regulation-driven
ENSG00000188800,TMCO2,5738,0.8771612384398875,0.9467229593888219,0.2885002010454363,0.8827905106554081,0.7485122637716124,0.61536,0.286289,neutral,neutral
ENSG00000188811,NHLRC3,11804,0.7480900683554483,0.15902694008846,0.6899879372738239,0.7533172496984318,0.5873441897868918,0.29225,0.173552,neutral,regulation-driven
ENSG00000188816,HMX2,2537,0.950140731805388,0.8576598311218335,0.6507840772014475,0.9563731403297145,0.8534278246883795,0.553307,0.299055,neutral,regulation-driven
ENSG00000188848,BEND4,42026,0.9931644551668677,0.8470044229995979,0.6158021712907117,0.40611178126256536,0.7448733413751508,0.381202,0.667059,regulation-driven,regulation-driven
ENSG00000188909,BSX,4265,0.9097305991154001,0.9378769601930036,0.9034981905910736,0.915761962203458,0.9164153598713309,0.587334,0.403398,neutral,regulation-driven
ENSG00000188916,INSYN2A,61166,0.2917169280257338,0.5460394049055086,0.4067149175713711,0.29513470044229995,0.3847305991154001,0.323211,0.261711,neutral,neutral
ENSG00000188921,HACD4,32132,0.4809006835544833,0.33172496984318456,0.4642139123441898,0.4847205468435867,0.4401990349819059,0.493577,0.199889,neutral,neutral
ENSG00000188931,CFAP126,3144,0.9372738238841978,0.6849618013671089,0.44652191395255325,0.9435062324085244,0.7527543224768798,0.632459,0.226226,neutral,neutral
ENSG00000188959,C9orf152,18112,0.6413349416968235,0.7488942501005227,0.07720144752714113,0.645556895858464,0.5280357860876558,0.472728,0.211399,neutral,neutral
ENSG00000188981,MSANTD1,27370,0.5277442702050663,0.6775231202251709,0.8329312424607962,0.5319662243667069,0.6423301166063531,0.413128,0.359972,neutral,regulation-driven
ENSG00000188986,NELFB,18216,0.639123441897869,0.007237635705669481,0.8809811017289908,0.6433453960595095,0.5424607961399277,0.260384,0.193556,neutral,regulation-driven
ENSG00000188991,SLC15A5,89201,0.20225170888620828,0.8061921994370728,0.21029352633695214,0.20587052673904302,0.3559710494571773,0.457318,0.287244,neutral,neutral
ENSG00000188993,LRRC66,26712,0.535383996783273,0.5671491757137113,0.024125452352231604,0.5400080418174508,0.41643546441495777,0.750474,0.1539,gene-driven,gene-driven
ENSG00000189007,ADAT2,27864,0.5211097708082026,0.26015279453156415,0.6194209891435465,0.5251306795335746,0.48125251306795336,0.741616,0.208735,neutral,neutral
ENSG00000189043,NDUFA4,8211,0.8198632891033374,0.3864093285082429,0.598713309207881,0.8252915158825894,0.6572979493365501,0.64815,0.197527,neutral,neutral
ENSG00000189046,ALKBH2,5444,0.8852030558906313,0.10454362685967028,0.606151990349819,0.890832328106152,0.6214012866907921,0.347678,0.116456,neutral,regulation-driven
ENSG00000189099,PRSS48,14702,0.6934057096903901,0.8789706473663048,0.08323281061519903,0.6982308001608364,0.5882187374346602,0.426236,0.241556,neutral,regulation-driven
ENSG00000189143,CLDN4,33149,0.4704463208685163,0.5816244471250502,0.012665862484921592,0.4742661841576196,0.38455971049457177,0.517843,0.147216,neutral,neutral
ENSG00000189167,ZAR1L,11665,0.7496984318455971,0.9515480498592682,0.26417370325693607,0.7549256131885806,0.6798250904704464,0.520678,0.290209,neutral,regulation-driven
ENSG00000189171,S100A13,15634,0.6777241656614394,0.4487334137515078,0.33976678729392845,0.6827503015681544,0.5369923602734218,0.553368,0.186017,neutral,neutral
ENSG00000189180,ZNF33A,54439,0.3234821069561721,0.03337354242058705,0.022919179734620022,0.3273019702452754,0.17657820667470847,0.147014,0.027895,neutral,neutral
ENSG00000189184,PCDH18,13577,0.7155207076799357,0.4211901889827101,0.6013268998793727,0.7209489344591877,0.614475271411339,0.153116,0.222909,neutral,regulation-driven
ENSG00000189227,C15orf61,9016,0.8011660635303579,0.44250100522718133,0.7464817048652995,0.8061921994370728,0.6988339364696422,0.761862,0.24799,neutral,neutral
ENSG00000189241,TSPYL1,12171,0.7418576598311218,0.20345798150381986,0.03839967832730197,0.7470848411741053,0.43243868114193806,0.448703,0.054081,neutral,neutral
ENSG00000189298,ZKSCAN3,19226,0.6264575794129473,0.1765178930438279,0.06735022114997989,0.6306795335745878,0.3750402090872537,0.31861,0.066194,gene-driven,neutral
ENSG00000189308,LIN54,102954,0.1759147567350221,0.032569360675512665,0.732810615199035,0.17993566546039405,0.28010655408122237,0.25967,0.214566,neutral,neutral
ENSG00000189319,FAM53B,125087,0.13590671491757136,0.3936469642139123,0.21451548049859268,0.1397265782066747,0.22075794129473258,0.209148,0.198382,neutral,neutral
ENSG00000189320,FAM180A,20466,0.6085645355850422,0.5954965822275834,0.5034177724165662,0.6125854443104142,0.5798150381986329,0.763068,0.260304,gene-driven,gene-driven
ENSG00000189325,BNIP5,21128,0.5999195818254925,0.8331322878970647,0.04161640530759952,0.6039404905508645,0.5194511459589868,0.330549,0.223764,neutral,regulation-driven
ENSG00000189339,SLC35E2B,33267,0.46883795737836753,0.1708886208283072,0.6728990751909931,0.47265782066747086,0.4461298753518295,0.309881,0.205468,neutral,neutral
ENSG00000189350,TOGARAM2,95620,0.1897868918375553,0.4758745476477684,0.0848411741053478,0.9927623642943305,0.39566747084841175,0.130187,0.374568,regulation-driven,regulation-driven
ENSG00000189376,C8orf76,21411,0.595697627663852,0.17249698431845598,0.1998391636509851,0.599718536389224,0.3917370325693607,0.363671,0.096049,neutral,neutral
ENSG00000189410,SH2D5,13107,0.7227583433856052,0.7289907519099317,0.32147165259348615,0.7281865701648572,0.6250804181745074,0.362555,0.248844,neutral,regulation-driven
ENSG00000189433,GJB4,2588,0.9491355046240451,0.9024929634097306,0.13510253317249699,0.9553679131483716,0.7352131081624448,0.612857,0.236329,neutral,neutral
ENSG00000196116,TDRD7,84030,0.21632488942501005,0.46260554885404104,0.31946119823080016,0.2199437072778448,0.3044028950542823,0.215551,0.230549,neutral,neutral
ENSG00000196151,WDSUB1,50906,0.3435866505830318,0.19079211901889828,0.5659429030960997,0.3470044229995979,0.3616606353035786,0.376581,0.200241,gene-driven,neutral
ENSG00000196152,ZNF79,20999,0.6011258544431042,0.28186570164857255,0.10655408122235625,0.605146763168476,0.39847205468435865,0.249849,0.102784,neutral,neutral
ENSG00000196154,S100A4,6524,0.8574587856855649,0.4919581825492561,0.5416164053075995,0.8630880579010857,0.6882488942501005,0.762455,0.20773,gene-driven,neutral
ENSG00000196177,ACADSB,49312,0.35424205870526737,0.5761962203457982,0.6521913952553277,0.3578608765581021,0.4849416968234821,0.29614,0.313631,neutral,regulation-driven
ENSG00000196182,STK40,46301,0.3703256936067551,0.27020506634499397,0.9565741857659831,0.3743466023321271,0.4926618415761962,0.286012,0.306896,neutral,neutral
ENSG00000196189,SEMA4A,30387,0.49839163650985124,0.6461600321672698,0.2386409328508243,0.502010454362686,0.4711198230800161,0.347421,0.231805,neutral,neutral
ENSG00000196199,MPHOSPH8,39783,0.4145556895858464,0.2066747084841174,0.4680337756332931,0.41857659831121835,0.3767591475673502,0.283102,0.176719,neutral,neutral
ENSG00000196220,,382463,0.02734217933252915,0.44652191395255325,0.7042621632488942,0.029352633695215118,0.30176919983916367,0.10388,0.342984,regulation-driven,regulation-driven
ENSG00000196230,TUBB,8104,0.8224768797748291,0.3466023321270607,0.9326497788500201,0.8279051065540812,0.7321371129875351,0.793979,0.274578,gene-driven,neutral
ENSG00000196247,ZNF107,45479,0.3775633293124246,0.4945717732207479,0.0014073180538801769,0.38158423803779656,0.31358061921994373,0.389314,0.123442,gene-driven,neutral
ENSG00000196260,SFTA2,24284,0.5601125854443104,0.9620024125452352,0.058705267390430235,0.5641334941696824,0.536037394451146,0.829785,0.259148,gene-driven,gene-driven
ENSG00000196277,GRM7,971533,0.9813027744270205,0.7002412545235223,0.5800160836349015,0.0030156815440289505,0.6150583031765179,0.278352,0.70581,neutral,neutral
ENSG00000196284,SUPT3H,568637,0.012062726176115802,0.3711298753518295,0.39847205468435865,0.013671089666264576,0.19875351829513468,0.321009,0.283725,neutral,neutral
ENSG00000196329,GIMAP5,27781,0.5225170888620828,0.5265379975874548,0.017289907519099316,0.5265379975874548,0.39801970245275436,0.763788,0.141586,gene-driven,gene-driven
ENSG00000196345,ZKSCAN7,38981,0.41978287092882993,0.3293124246079614,0.03598713309207881,0.42400482509047044,0.3020607157217531,0.370699,0.103488,gene-driven,neutral
ENSG00000196353,CPNE4,751856,0.005428226779252111,0.9330518697225573,0.6574185765983113,0.9869320466425412,0.596632488942501,0.370075,0.655066,dual-driven,dual-driven
ENSG00000196358,NTNG2,82469,0.22316043425814233,0.7215520707679935,0.8761560112585445,0.2263771612384399,0.5116505830317652,0.210655,0.408172,regulation-driven,regulation-driven
ENSG00000196372,ASB13,27729,0.5231202251708886,0.10856453558504221,0.7006433453960595,0.5271411338962606,0.46466626457579413,0.603833,0.189887,gene-driven,neutral
ENSG00000196376,SLC35F1,410413,0.02312022517088862,0.7589465219139525,0.4390832328106152,0.024929634097305992,0.3114294330518697,0.347608,0.374899,neutral,neutral
ENSG00000196378,ZNF34,15125,0.6847607559308404,0.2376357056694813,0.019702452754322478,0.6897868918375553,0.4077201447527141,0.340199,0.060917,neutral,neutral
ENSG00000196387,ZNF140,27053,0.5317651789304383,0.20386007237635706,0.0671491757137113,0.5361881785283474,0.33451950140731807,0.783497,0.078961,gene-driven,gene-driven
ENSG00000196408,NOXO1,5276,0.8884197828709288,0.0024125452352231603,0.13610776035383998,0.8940490550864495,0.4799658222758343,0.692903,0.015581,gene-driven,gene-driven
ENSG00000196420,S100A5,4619,0.9045034177724166,0.6622436670687576,0.5172899075190993,0.9105347808604745,0.7483413751507841,0.673452,0.240249,gene-driven,neutral
ENSG00000196449,YRDC,5264,0.8890229191797346,0.3580619219943707,0.5128669079211902,0.894853236831524,0.6634097305991153,0.514043,0.165712,neutral,neutral
ENSG00000196453,ZNF777,29700,0.504020908725372,0.12907117008443908,0.1875753920386007,0.5078407720144753,0.3319360675512666,0.277272,0.090923,neutral,neutral
ENSG00000196458,ZNF605,38001,0.4274225975070366,0.2637716123843989,0.03739445114595899,0.4316445516686771,0.28984720546843584,0.202,0.087304,neutral,neutral
ENSG00000196465,MYL6B,7392,0.8381584238037797,0.5902694008845999,0.6298753518295135,0.8437876960193004,0.7252412545235223,0.75493,0.252614,gene-driven,neutral
ENSG00000196482,ESRRG,634510,0.9823080016083635,0.7484921592279855,0.8480096501809409,0.010856453558504222,0.6959891435464415,0.112495,0.729634,regulation-driven,regulation-driven
ENSG00000196503,ARL9,19751,0.6180136710896663,0.8084036992360274,0.31865701648572575,0.6220345798150382,0.5915761962203459,0.724892,0.27684,gene-driven,neutral
ENSG00000196504,PRPF40A,66420,0.2736228387615601,0.050462404503417775,0.7724165661439485,0.2770406111781263,0.3432147165259348,0.251076,0.213259,neutral,neutral
ENSG00000196505,GDAP2,66137,0.2740249296340973,0.11278648974668275,0.8096099718536389,0.27744270205066346,0.3682951347004423,0.75876,0.238339,gene-driven,gene-driven
ENSG00000196526,AFAP1,181213,0.08182549256131885,0.5502613590671491,0.49215922798552475,0.0858464012866908,0.3023220747889023,0.185937,0.313078,neutral,neutral
ENSG00000196547,MAN2A2,20367,0.6099718536389224,0.38299155609167673,0.7332127060715722,0.6139927623642943,0.5848411741053477,0.808213,0.255629,gene-driven,gene-driven
ENSG00000196581,AJAP1,137926,0.11801367108966626,0.6147969441093687,0.3098110172899075,0.1218335343787696,0.2909227985524729,0.345415,0.282368,neutral,neutral
ENSG00000196584,XRCC2,31418,0.48854041013269,0.7247687977482911,0.3906312826698834,0.49236027342179334,0.5238841978287093,0.752945,0.281715,gene-driven,gene-driven
ENSG00000196611,MMP1,8760,0.8071974266184158,0.8015681544028951,0.29493365500603136,0.8122235625251307,0.6787293928427824,0.486369,0.253719,neutral,regulation-driven
ENSG00000196652,ZKSCAN5,30039,0.5008041817450744,0.37474869320466425,0.08524326497788501,0.5046240450341777,0.36616405307599514,0.166345,0.126709,neutral,regulation-driven
ENSG00000196653,ZNF502,11189,0.7595496582227583,0.2060715721753116,0.057096903900281465,0.7645757941294733,0.44657217531162047,0.202975,0.064837,neutral,regulation-driven
ENSG00000196655,TRAPPC4,6692,0.8538399678327302,0.17551266586248493,0.9837153196622437,0.8594692400482509,0.7178528347406514,0.453982,0.263269,gene-driven,dual-driven
ENSG00000196660,SLC30A10,273592,0.04804985926819461,0.9694410936871733,0.05227181342983514,0.051065540812223566,0.2800562927221552,0.379765,0.296994,neutral,neutral
ENSG00000196663,TECPR2,139537,0.1158021712907117,0.27221552070767996,0.41696823482106954,0.11962203457981503,0.2309609971853639,0.122467,0.22115,neutral,neutral
ENSG00000196666,FAM180B,2517,0.9503417772416566,0.7110977080820265,0.29533574587856853,0.9565741857659831,0.7280257338158423,0.605519,0.210193,neutral,neutral
ENSG00000196711,ALKAL1,31394,0.4889425010052272,0.8096099718536389,0.18616807398472054,0.4927623642943305,0.4941797346200241,0.591486,0.260957,neutral,neutral
ENSG00000196715,VKORC1L1,86490,0.20888620828307197,0.3775633293124246,0.6998391636509851,0.21250502613590672,0.3745174909529554,0.466938,0.289455,gene-driven,neutral
ENSG00000196754,S100A2,6783,0.8522316043425814,0.8359469240048251,0.3568556493767591,0.8578608765581022,0.7254422999597909,0.539204,0.268798,neutral,regulation-driven
ENSG00000196776,CD47,48772,0.3558504221954162,0.23703256936067552,0.1035383996783273,0.3596702854845195,0.2638319260152795,0.166275,0.106353,neutral,neutral
ENSG00000196781,TLE1,105865,0.16948130277442702,0.37374346602332126,0.9306393244873341,0.17350221149979894,0.4116405307599517,0.678188,0.33655,gene-driven,gene-driven
ENSG00000196811,CHRNG,8424,0.8156413349416968,0.9507438681141938,0.5402090872537193,0.8206674708484117,0.7815641334941696,0.444381,0.330368,neutral,regulation-driven
ENSG00000196812,ZSCAN16,22394,0.5828307197426619,0.2854845195014073,0.038801769199839166,0.5870526739043024,0.3733313228789707,0.495396,0.086751,neutral,neutral
ENSG00000196821,ILRUN,109572,0.16083634901487737,0.3250904704463209,0.9169682348210696,0.16546039404905508,0.39185765983112186,0.265591,0.321823,neutral,neutral
ENSG00000196843,ARID5A,15896,0.6739043023723361,0.4539605950944914,0.21109770808202655,0.6787293928427824,0.5041817450743867,0.24233,0.163098,neutral,regulation-driven
ENSG00000196844,PATE2,2716,0.9467229593888219,0.8767591475673502,0.2137112987535183,0.9529553679131484,0.7472255729794934,0.59801,0.243667,neutral,neutral
ENSG00000196850,PPTC7,50074,0.3488138319260153,0.3866103739445115,0.950140731805388,0.35243264977885,0.5093184559710495,0.525704,0.334288,neutral,neutral
ENSG00000196865,NHLRC2,62534,0.28910333735424204,0.0550864495375955,0.620627261761158,0.2927221552070768,0.3142038600723764,0.255921,0.183404,neutral,neutral
ENSG00000196890,H2BC26,5002,0.8950542822677925,0.592681946119823,0.08343385605146764,0.9008845999195818,0.6177221552070769,0.605569,0.152895,neutral,neutral
ENSG00000196911,KPNA5,60681,0.29493365500603136,0.4111379171692803,0.8677121029352634,0.2983514274225975,0.46786288701246487,0.2376,0.322678,neutral,neutral
ENSG00000196923,PDLIM7,14213,0.7030558906312827,0.4977885002010454,0.7750301568154403,0.7082830719742662,0.6707780458383594,0.194039,0.281464,neutral,regulation-driven
ENSG00000196932,TMEM26,46740,0.36650583031765177,0.7223562525130679,0.3299155609167672,0.37052673904302375,0.44712505026135907,0.589696,0.278699,gene-driven,neutral
ENSG00000196950,SLC39A10,161726,0.09609971853638923,0.4995979091274628,0.3715319662243667,0.10012062726176116,0.2666365098512264,0.149196,0.271512,neutral,neutral
ENSG00000196968,FUT11,7976,0.8256936067551267,0.1156011258544431,0.4334539605950945,0.8311218335343787,0.5511962203457982,0.399879,0.10198,neutral,regulation-driven
ENSG00000196981,WDR5B,4217,0.9129473260956976,0.19300361881785283,0.09549658222758343,0.9189786891837556,0.5298049859268195,0.598201,0.052071,neutral,neutral
ENSG00000196990,FAM163B,32309,0.4794933655006031,0.791113791716928,0.37897064736630476,0.4835142742259751,0.5330719742661841,0.758705,0.295235,gene-driven,gene-driven
ENSG00000197024,ZNF398,56627,0.3118214716525935,0.28065942903096097,0.032569360675512665,0.31523924406915965,0.2349014877362284,0.606775,0.095145,gene-driven,gene-driven
ENSG00000197037,ZSCAN25,15463,0.6811419380780056,0.12505026135906716,0.11479694410936872,0.6861680739847206,0.4015379975874548,0.265068,0.060062,neutral,neutral
ENSG00000197045,GMFB,14542,0.6964213912344189,0.4067149175713711,0.9728588661037394,0.7012464817048653,0.6940691596300763,0.640729,0.329765,gene-driven,neutral
ENSG00000197057,DTHD1,65896,0.2746280659429031,0.6288701246481705,0.13369521511861682,0.2780458383594692,0.3286389223964616,0.145547,0.219642,neutral,regulation-driven
ENSG00000197106,SLC6A17,51709,0.3395657418576598,0.8646964213912344,0.8644953759549658,0.3433856051467632,0.6028447929232006,0.223181,0.430438,regulation-driven,regulation-driven
ENSG00000197136,,21664,0.5934861278648975,0.1779252110977081,0.5160836349014878,0.5975070365902694,0.4710494571773221,0.105981,0.159178,neutral,regulation-driven
ENSG00000197142,ACSL5,54264,0.32448733413751507,0.6258544431041415,0.6204262163248895,0.3283071974266184,0.4745778045838359,0.738115,0.322226,gene-driven,gene-driven
ENSG00000197168,NEK5,95482,0.19059107358262967,0.7963409730599116,0.10534780860474467,0.1942098914354644,0.3214414957780458,0.165963,0.259248,neutral,regulation-driven
ENSG00000197181,PIWIL2,82253,0.22376357056694812,0.8391636509851227,0.4497386409328508,0.2269802975472457,0.4347507036590269,0.156755,0.348512,regulation-driven,regulation-driven
ENSG00000197191,CYSRT1,1142,0.9764776839565742,0.7448733413751508,0.2187374346602332,0.9827100924809007,0.7303880176919983,0.622628,0.195768,neutral,neutral
ENSG00000197208,SLC22A4,49797,0.35122637716123845,0.6075593084036992,0.3966626457579413,0.3548451950140732,0.42739244069159626,0.385243,0.267642,neutral,neutral
ENSG00000197241,SLC2A7,23451,0.5683554483313229,0.8375552874949739,0.33373542420587055,0.5723763570566948,0.5778045838359469,0.420748,0.289807,neutral,regulation-driven
ENSG00000197273,GUCA2A,2056,0.9611982308001609,0.9179734620024126,0.32046642541214315,0.9674306393244874,0.7914555689585846,0.636329,0.268446,neutral,regulation-driven
ENSG00000197279,ZNF165,8996,0.8015681544028951,0.7985524728588661,0.08182549256131885,0.8065942903096099,0.6218837957378367,0.601582,0.215873,gene-driven,neutral
ENSG00000197299,,98821,0.18415761962203459,0.524929634097306,0.2382388419782871,0.18797748291113792,0.28363490148773624,0.232378,0.231253,neutral,neutral
ENSG00000197329,PELI1,51769,0.33896260554885405,0.30317651789304384,0.8848009650180941,0.9921592279855247,0.5971149979895456,0.331423,0.494924,regulation-driven,regulation-driven
ENSG00000197345,MRPL21,12560,0.7336147969441094,0.0066344993968636915,0.5854443104141536,0.7386409328508243,0.515832328106152,0.821472,0.112485,gene-driven,gene-driven
ENSG00000197353,LYPD2,2383,0.9531564133494169,0.7788500201045436,0.3104141535987133,0.9593888218737434,0.750140731805388,0.619853,0.229091,neutral,neutral
ENSG00000197355,UAP1L1,7023,0.8474065138721351,0.3413751507840772,0.48632891033373543,0.8530357860876558,0.6317551266586248,0.304091,0.163701,neutral,dual-driven
ENSG00000197361,FBXL22,5076,0.893848009650181,0.625653397667873,0.742259750703659,0.8996783273019703,0.7900683554483313,0.471361,0.274628,neutral,regulation-driven
ENSG00000197362,ZNF786,21142,0.599718536389224,0.11741053478086047,0.02372336147969441,0.6037394451145959,0.3359469240048251,0.27113,0.039857,neutral,neutral
ENSG00000197375,SLC22A5,25904,0.5446320868516284,0.4209891435464415,0.4827100924809007,0.5492561318858062,0.4991656614394854,0.150201,0.218989,neutral,regulation-driven
ENSG00000197429,IPP,56330,0.31342983514274225,0.2740249296340973,0.8341375150784077,0.3168476075593084,0.43443908323281066,0.219773,0.280509,neutral,regulation-driven
ENSG00000197430,OPALIN,16145,0.6690792119018898,0.9716525934861279,0.16706875753920386,0.6739043023723361,0.6201849618013671,0.393918,0.283776,neutral,regulation-driven
ENSG00000197442,MAP3K5,236052,0.057700040209087256,0.6009248090068355,0.6065540812223562,0.06131885806192199,0.33144350623240854,0.10964,0.353538,regulation-driven,regulation-driven
ENSG00000197444,OGDHL,27739,0.52291917973462,0.7038600723763571,0.8365500603136309,0.526940088459992,0.6473663047848814,0.130408,0.368416,regulation-driven,regulation-driven
ENSG00000197451,HNRNPAB,6631,0.8548451950140732,0.03719340570969039,0.9238037796542018,0.8604744672295939,0.6687977482911138,0.270376,0.186721,neutral,regulation-driven
ENSG00000197506,SLC28A3,65302,0.2782468837957378,0.7478890229191797,0.3486127864897467,0.28166465621230397,0.4139324487334138,0.32108,0.300261,neutral,neutral
ENSG00000197557,IFT70A,5744,0.8769601930036188,0.6230398069963812,0.07096903900281464,0.8825894652191395,0.6131081624447126,0.529524,0.159329,neutral,neutral
ENSG00000197579,TOPORS,12043,0.7446722959388822,0.3049859268194612,0.34318455971049455,0.7498994772818657,0.5354242058705267,0.146341,0.143848,neutral,regulation-driven
ENSG00000197587,DMBX1,26381,0.5402090872537193,0.8990751909931645,0.7543224768797748,0.5450341777241656,0.6844189786891838,0.520657,0.394954,neutral,regulation-driven
ENSG00000197599,CCDC154,10174,0.778648974668275,0.6761158021712907,0.11861680739847205,0.7838761560112586,0.5890530759951749,0.358122,0.192602,neutral,regulation-driven
ENSG00000197622,CDC42SE1,19355,0.6244471250502613,0.4642139123441898,0.635102533172497,0.6284680337756333,0.5878568556493767,0.612344,0.25186,neutral,neutral
ENSG00000197629,MPEG1,4418,0.9071170084439083,0.7718134298351428,0.09248090068355448,0.9131483715319663,0.67083835946924,0.210856,0.199839,neutral,regulation-driven
ENSG00000197635,DPP4,82150,0.22416566143948533,0.5301568154402895,0.35424205870526737,0.22738238841978287,0.33382589465219137,0.792115,0.255177,gene-driven,gene-driven
ENSG00000197646,PDCD1LG2,60752,0.2943305186972256,0.5347808604744673,0.027141133896260553,0.2977482911137917,0.288329312424608,0.433745,0.158172,neutral,neutral
ENSG00000197724,PHF2,103004,0.17571371129875352,0.22316043425814233,0.7221552070767994,0.17973462002412546,0.32498994772818657,0.216038,0.259952,neutral,neutral
ENSG00000197747,S100A10,10945,0.7653799758745476,0.4121431443506232,0.5864495375954966,0.7706071572175311,0.6333835946924005,0.559027,0.210545,neutral,neutral
ENSG00000197756,RPL37A,80356,0.22999597909127462,0.33815842380377964,0.9843184559710495,0.23301166063530357,0.44622034579815034,0.657048,0.332429,gene-driven,gene-driven
ENSG00000197763,TXNRD3,83346,0.2187374346602332,0.5772014475271411,0.509449135504624,0.22215520707679937,0.3817149175713711,0.230881,0.300563,neutral,regulation-driven
ENSG00000197769,MAP1LC3C,3609,0.9278246883795738,0.5812223562525131,0.6519903498190591,0.9340570969039003,0.7734620024125453,0.623573,0.235726,neutral,neutral
ENSG00000197771,MCMBP,63153,0.2864897466827503,0.08403699236027343,0.7110977080820265,0.28990751909931645,0.3427121029352634,0.333504,0.209188,neutral,neutral
ENSG00000197780,TAF13,13517,0.7171290711700844,0.03096099718536389,0.9788902291917974,0.7225572979493365,0.612112987535183,0.686386,0.236882,gene-driven,neutral
ENSG00000197816,CCDC180,71448,0.2565339766787294,0.6831523924406916,0.05689585846401287,0.2597507036590269,0.3139223964616003,0.142008,0.210645,neutral,regulation-driven
ENSG00000197822,OCLN,65813,0.2750301568154403,0.6280659429030961,0.3289103337354242,0.27844792923200645,0.37744270205066344,0.728741,0.265581,gene-driven,gene-driven
ENSG00000197859,ADAMTSL2,43356,0.3916365098512264,0.5166867712102935,0.7852834740651388,0.3958584640128669,0.5221552070767994,0.775036,0.32122,gene-driven,gene-driven
ENSG00000197885,NKIRAS1,56641,0.31141938078005627,0.19742661841576195,0.7390430237233615,0.3148371531966224,0.3905106554081222,0.428977,0.239244,gene-driven,neutral
ENSG00000197891,SLC22A12,11713,0.7488942501005227,0.9642139123441897,0.18154402895054284,0.7541214314435062,0.6619320466425412,0.191516,0.279202,neutral,regulation-driven
ENSG00000197894,ADH5,17824,0.6459589867310012,0.3480096501809409,0.6952151186168074,0.6501809408926418,0.5846300763972658,0.534731,0.233263,gene-driven,neutral
ENSG00000197901,SLC22A6,48583,0.35846401286690793,0.989545637314033,0.16726980297547245,0.36228387615601126,0.469199839163651,0.228237,0.307398,neutral,regulation-driven
ENSG00000197930,ERO1A,55986,0.31523924406915965,0.4392842782468838,0.6117812625653397,0.3188580619219944,0.42110977080820267,0.556718,0.275483,gene-driven,neutral
ENSG00000197935,ZNF311,10532,0.77221552070768,0.4823080016083635,0.06031363088057901,0.7774427020506635,0.5228086047446723,0.344371,0.133595,neutral,regulation-driven
ENSG00000197953,AADACL2,27424,0.5265379975874548,0.9708484117410535,0.20908725371934056,0.5307599517490953,0.5590973059911539,0.511419,0.299005,neutral,neutral
ENSG00000197956,S100A6,1646,0.9680337756332931,0.32951347004423,0.42279855247285886,0.9742661841576197,0.673341375150784,0.767451,0.119471,gene-driven,neutral
ENSG00000197958,RPL12,3733,0.9238037796542018,0.31222356252513067,0.9897466827503015,0.9300361881785284,0.7886409328508243,0.764485,0.293878,gene-driven,neutral
ENSG00000197977,ELOVL2,63547,0.2852834740651387,0.7066747084841174,0.6678729392842783,0.28870124648170487,0.4869622034579815,0.309419,0.356755,neutral,regulation-driven
ENSG00000197980,LEKR1,220649,0.06393244873341375,0.8425814234016887,0.05528749497386409,0.9953759549658223,0.4427221552070768,0.162817,0.470084,regulation-driven,regulation-driven
ENSG00000197992,CLEC9A,35354,0.45034177724165664,0.7643747486932047,0.03960595094491355,0.45416164053075997,0.42693003618817854,0.598713,0.2115,neutral,neutral
ENSG00000198015,MRPL42,48701,0.3568556493767591,0.07056694813027745,0.4149577804583836,0.3606755126658625,0.3005729794933655,0.437123,0.135856,neutral,neutral
ENSG00000198040,ZNF84,26013,0.5426216324889425,0.25331724969843183,0.08162444712505026,0.5472456775231203,0.3559710494571773,0.743366,0.093235,gene-driven,gene-driven
ENSG00000198049,AVPR1B,10764,0.7683956574185766,0.9437072778447929,0.5430237233614797,0.7734217933252915,0.7568858061921995,0.533866,0.334037,neutral,regulation-driven
ENSG00000198060,MARCHF5,62798,0.2880981101728991,0.09227985524728588,0.9796944109368717,0.2917169280257338,0.41276638520305586,0.516797,0.270155,neutral,neutral
ENSG00000198075,SULT1C4,11079,0.7621632488942501,0.5958986731001207,0.34439083232810613,0.767189384800965,0.6171592279855247,0.30196,0.215822,neutral,regulation-driven
ENSG00000198087,CD2AP,149475,0.10635303578608765,0.109167671893848,0.3067953357458786,0.11077603538399679,0.1580518697225573,0.164425,0.157569,neutral,neutral
ENSG00000198092,TMPRSS11F,76672,0.24045034177724164,0.8984720546843586,0.10092480900683555,0.2436670687575392,0.3707177322074789,0.778006,0.277945,gene-driven,gene-driven
ENSG00000198099,ADH4,34136,0.46059509449135505,0.9809006835544833,0.20064334539605952,0.4644149577804584,0.5264475271411339,0.283353,0.304182,neutral,regulation-driven
ENSG00000198113,TOR4A,4916,0.8972657820667471,0.47808604744672295,0.08464012866907922,0.9030960997185364,0.590480498592682,0.535927,0.123492,neutral,neutral
ENSG00000198121,LPAR1,165208,0.09368717330116606,0.5999195818254925,0.8910333735424206,0.0979091274628066,0.42042621632488947,0.769835,0.390883,gene-driven,gene-driven
ENSG00000198160,MIER1,63725,0.28447929232006436,0.12967430639324487,0.7426618415761962,0.28789706473663046,0.3610072376357057,0.676943,0.226729,gene-driven,gene-driven
ENSG00000198189,HSD17B11,54674,0.3218737434660233,0.27040611178126256,0.2685967028548452,0.32549256131885806,0.2964113389626056,0.411429,0.157016,neutral,neutral
ENSG00000198218,QRICH1,64657,0.2802573381584238,0.121632488942501,0.859871330920788,0.28367511057498995,0.38618817852834736,0.351251,0.250251,neutral,neutral
ENSG00000198246,SLC29A3,62165,0.9911540008041817,0.366907921190189,0.40470446320868514,0.2935263369521512,0.5489545637314033,0.626055,0.51738,neutral,neutral
ENSG00000198252,STYX,44824,0.3813831926015279,0.25231202251708884,0.9348612786489746,0.3854041013268999,0.4882891033373542,0.726397,0.294381,gene-driven,gene-driven
ENSG00000198315,ZKSCAN8,17578,0.6489746682750301,0.21009248090068355,0.10695617209489344,0.6533976678729393,0.4046340973059912,0.266234,0.082328,neutral,neutral
ENSG00000198353,HOXC4,39100,0.4191797346200241,0.6397265782066747,0.03518295134700442,0.4234016887816647,0.3791616405307599,0.781549,0.18084,gene-driven,gene-driven
ENSG00000198380,GFPT1,67471,0.268194611982308,0.25291515882589466,0.8785685564937676,0.27161238439887414,0.4176517893043828,0.757599,0.287897,gene-driven,gene-driven
ENSG00000198382,UVRAG,329023,0.03518295134700442,0.3059911540008042,0.38761560112585447,0.03739445114595899,0.1914354644149578,0.777788,0.248392,gene-driven,gene-driven
ENSG00000198393,ZNF26,46588,0.3673100120627262,0.13067953357458786,0.04764776839565742,0.3713309207880981,0.2290410132689988,0.759671,0.061168,gene-driven,gene-driven
ENSG00000198398,TMEM207,21247,0.598713309207881,0.9296340973059911,0.11700844390832328,0.6027342179332529,0.5618214716525934,0.592602,0.26533,neutral,neutral
ENSG00000198431,TXNRD1,134529,0.1224366706875754,0.47225572979493363,0.501005227181343,0.12625653397667874,0.30529754724567754,0.141345,0.287344,neutral,regulation-driven
ENSG00000198471,RTP2,4299,0.9089264173703256,0.887816646562123,0.3723361479694411,0.9149577804583836,0.7707076799356654,0.550945,0.27493,neutral,regulation-driven
ENSG00000198478,SH3BGRL2,166471,0.09248090068355448,0.4754724567752312,0.5639324487334137,0.09670285484519502,0.3069360675512666,0.643175,0.30574,neutral,neutral
ENSG00000198513,ATL1,101509,0.17933252915158826,0.44149577804583834,0.8858061921994371,0.18335343787696018,0.4222959388821874,0.695939,0.345346,gene-driven,gene-driven
ENSG00000198515,CNGA1,80705,0.22878970647366303,0.4684358665058303,0.44933655006031364,0.231805388017692,0.3444410936871733,0.311665,0.25764,neutral,neutral
ENSG00000198522,GPN1,23265,0.571773220747889,0.04905508644953759,0.8118214716525934,0.5759951749095296,0.5019501407318054,0.2096,0.192953,neutral,regulation-driven
ENSG00000198546,ZNF511,4249,0.9107358262967431,0.17310012062726177,0.5605146763168476,0.916767189384801,0.6399778850020105,0.474236,0.121029,neutral,regulation-driven
ENSG00000198570,RD3,15641,0.6775231202251709,0.5794129473260957,0.5707679935665461,0.6825492561318858,0.6273120225170888,0.671158,0.261811,gene-driven,neutral
ENSG00000198586,TLK1,240492,0.05609167671893848,0.0850422195416164,0.8665058303176518,0.05950944913550463,0.26661640530759956,0.466838,0.263269,gene-driven,gene-driven
ENSG00000198589,LRBA,751293,0.0056292722155207075,0.2386409328508243,0.3854041013268999,0.006835544833132288,0.1590671491757137,0.662535,0.25392,gene-driven,gene-driven
ENSG00000198598,MMP17,23391,0.5695617209489344,0.515480498592682,0.625653397667873,0.5735826296743064,0.5708685162846804,0.274869,0.268496,neutral,regulation-driven
ENSG00000198604,BAZ1A,122917,0.13852030558906314,0.39827100924809006,0.4899477281865702,0.14234016887816647,0.29207880981101725,0.14233,0.264626,neutral,neutral
ENSG00000198643,FAM3D,32889,0.4734620024125452,0.8996783273019703,0.2917169280257338,0.4774829111379172,0.535383996783273,0.451357,0.304483,neutral,neutral
ENSG00000198663,C6orf89,57095,0.3100120627261761,0.033172496984318456,0.2378367511057499,0.31342983514274225,0.22344189786891835,0.228368,0.092431,neutral,neutral
ENSG00000198682,PAPSS2,88093,0.20386007237635706,0.6375150784077201,0.7637716123843988,0.2074788902291918,0.4529754724567753,0.151206,0.366707,regulation-driven,regulation-driven
ENSG00000198691,ABCA4,128315,0.13208685162846803,0.5633293124246079,0.44913550462404506,0.13570566948130278,0.3198833936469642,0.2902,0.297899,neutral,neutral
ENSG00000198700,IPO9,55143,0.31926015279453157,0.07740249296340973,0.9288299155609168,0.3228789706473663,0.4119119420989144,0.163953,0.253317,neutral,regulation-driven
ENSG00000198718,,112242,0.1574185765983112,0.21109770808202655,0.2243667068757539,0.16204262163248895,0.18850020104543627,0.79617,0.15184,gene-driven,gene-driven
ENSG00000198719,DLL1,24360,0.5585042219541616,0.5540812223562526,0.45757941294732607,0.5625251306795336,0.5329714515480498,0.226729,0.245125,neutral,regulation-driven
ENSG00000198728,LDB1,13880,0.7096903900281464,0.3303176517893044,0.9853236831523925,0.7149175713711299,0.6848009650180941,0.66151,0.318004,gene-driven,neutral
ENSG00000198729,PPP1R14C,107349,0.1656614394853237,0.7426618415761962,0.39203860072376356,0.16988339364696423,0.3673502211499799,0.600402,0.322075,neutral,neutral
ENSG00000198732,SMOC1,178236,0.08423803779654201,0.6477683956574186,0.7108966626457579,0.08805790108564536,0.3825492561318858,0.515131,0.378267,neutral,neutral
ENSG00000198739,LRRTM3,175516,0.0858464012866908,0.7897064736630478,0.7034579815038199,0.08986731001206273,0.41701849618013676,0.399538,0.40958,neutral,neutral
ENSG00000198742,SMURF1,116669,0.15038198632891034,0.20486529955770005,0.8954563731403297,0.15460394049055087,0.3511158021712907,0.177292,0.289606,neutral,regulation-driven
ENSG00000198746,GPATCH3,9980,0.7824688379573783,0.08604744672295939,0.5552874949738641,0.7874949738640933,0.5525733815842381,0.630319,0.118667,gene-driven,neutral
ENSG00000198755,RPL10A,2385,0.9529553679131484,0.3821873743466023,0.9754724567752312,0.9591877764374749,0.817139123441898,0.498794,0.278448,neutral,regulation-driven
ENSG00000198756,COLGALT2,107876,0.1640530759951749,0.5629272215520708,0.5458383594692401,0.16847607559308403,0.36010253317249696,0.254222,0.312023,neutral,neutral
ENSG00000198771,RCSD1,78604,0.23482106956172094,0.6103739445114595,0.06835544833132289,0.2380377965420185,0.2877362283876156,0.207322,0.199789,neutral,neutral
ENSG00000198774,RASSF9,35707,0.44752714113389624,0.3673100120627262,0.3701246481704865,0.4515480498592682,0.4089264173703257,0.454071,0.191345,neutral,neutral
ENSG00000198785,GRIN3A,169296,0.08946521913952553,0.3715319662243667,0.5180940892641737,0.09388821873743466,0.26802372336147967,0.265782,0.272014,neutral,neutral
ENSG00000198797,BRINP2,111465,0.1584238037796542,0.741254523522316,0.5518697225572979,0.1630478488138319,0.4034177724165662,0.333374,0.356755,neutral,neutral
ENSG00000198805,PNP,15103,0.6853638922396461,0.3837957378367511,0.6067551266586249,0.6903900281463611,0.59132488942501,0.416767,0.217732,neutral,regulation-driven
ENSG00000198818,SFT2D1,22849,0.5782066747084841,0.07398472054684359,0.6359067149175713,0.5824286288701247,0.46742058705267386,0.585796,0.158725,neutral,neutral
ENSG00000198821,CD247,93614,0.19300361881785283,0.7320064334539605,0.16164053075995174,0.19662243667068757,0.3206373140329714,0.227322,0.260103,neutral,neutral
ENSG00000198829,SUCNR1,10977,0.7639726578206675,0.7981503819863289,0.13932448733413752,0.769199839163651,0.617400482509047,0.594049,0.229142,neutral,neutral
ENSG00000198837,DENND4B,17218,0.6542018496180136,0.4014877362283876,0.4191797346200241,0.6588258946521914,0.5331926015279453,0.706539,0.188782,gene-driven,gene-driven
ENSG00000198842,STYXL2,35091,0.45235223160434257,0.893848009650181,0.3835946924004825,0.4563731403297145,0.5463409730599116,0.178458,0.32313,neutral,regulation-driven
ENSG00000198843,SELENOT,27562,0.5255327704061118,0.10715721753116204,0.9567752312022517,0.5295536791314838,0.5295536791314838,0.505046,0.257589,neutral,neutral
ENSG00000198846,TOX,313736,0.038198632891033375,0.5028146361077603,0.6017289907519099,0.04081222356252513,0.29575794129473265,0.281956,0.337053,neutral,neutral
ENSG00000198851,CD3E,11446,0.7543224768797748,0.694410936871733,0.11258544431041416,0.7595496582227583,0.579955770004021,0.378729,0.198382,neutral,regulation-driven
ENSG00000198853,RUSC2,71788,0.254724567752312,0.42179332529151586,0.18455971049457176,0.25794129473260957,0.27959388821873743,0.137716,0.1826,neutral,neutral
ENSG00000198865,CCDC152,45622,0.376357056694813,0.36871733011660635,0.21531966224366708,0.380377965420185,0.33499195818254923,0.740026,0.16732,gene-driven,gene-driven
ENSG00000198870,STKLD1,29731,0.5038198632891033,0.8496180136710897,0.09650180940892641,0.5076397265782067,0.4892038600723764,0.459218,0.246783,neutral,neutral
ENSG00000198873,GRK5,252175,0.052070767993566545,0.4744672295938882,0.7114997989545637,0.0550864495375955,0.323130277442702,0.292963,0.342682,neutral,neutral
ENSG00000198890,PRMT6,10963,0.7647768395657418,0.1521913952553277,0.042018496180136714,0.7700040209087253,0.43198632891033373,0.468768,0.040963,neutral,neutral
ENSG00000198892,SHISA4,3908,0.9203860072376358,0.5323683152392441,0.5969039002814636,0.9266184157619622,0.7437575392038601,0.568647,0.214465,neutral,regulation-driven
ENSG00000198894,CIPC,19162,0.626658624849216,0.4145556895858464,0.2788500201045436,0.6308805790108565,0.48752513067953357,0.324678,0.170989,neutral,regulation-driven
ENSG00000198912,C1orf174,11169,0.7599517490952955,0.09006835544833132,0.18797748291113792,0.7649778850020105,0.45049256131885806,0.37885,0.059509,neutral,neutral
ENSG00000198924,DCLRE1A,19659,0.619622034579815,0.05247285886610374,0.23462002412545235,0.623642943305187,0.38238841978287097,0.227714,0.072175,neutral,regulation-driven
ENSG00000198937,CCDC167,16956,0.6578206674708484,0.43405709690390026,0.33092078809811015,0.6628468033775633,0.5211600321672698,0.601498,0.181745,neutral,neutral
ENSG00000198948,MFAP3L,46435,0.3691194209891435,0.7104945717732207,0.5562927221552071,0.3731403297145155,0.502060715721753,0.205981,0.323934,neutral,regulation-driven
ENSG00000198952,SMG5,33602,0.4652191395255328,0.009851226377161239,0.8212706071572176,0.4690390028146361,0.44115400080418177,0.143084,0.195617,neutral,regulation-driven
ENSG00000198961,PJA2,75262,0.24507438681141938,0.33594692400482506,0.16827503015681544,0.24849215922798554,0.24927623642943306,0.205338,0.159379,neutral,neutral
ENSG00000198963,RORB,195843,0.07498994772818657,0.5826296743063932,0.8130277442702051,0.07961399276236429,0.38733413751507845,0.210404,0.379121,regulation-driven,regulation-driven
ENSG00000203666,EFCAB2,157483,0.09871330920788098,0.3986731001206273,0.3166465621230398,0.1033373542420587,0.22911137917169283,0.824889,0.233665,gene-driven,gene-driven
ENSG00000203667,COX20,9442,0.792119018898271,0.11821471652593486,0.728789706473663,0.7969441093687173,0.6087756332931242,0.545456,0.164053,neutral,neutral
ENSG00000203685,STUM,60467,0.29593888218737435,0.4274225975070366,0.8319260152794532,0.2993566546039405,0.4634901487736229,0.497236,0.320064,neutral,neutral
ENSG00000203740,NTMT2,22908,0.5774024929634097,0.8835946924004825,0.7649778850020105,0.5816244471250502,0.7016887816646562,0.514314,0.389777,neutral,regulation-driven
ENSG00000203760,CENPW,8761,0.8069963811821471,0.6222356252513068,0.37555287494973866,0.8120225170888621,0.653950542822678,0.561078,0.221049,gene-driven,neutral
ENSG00000203778,FAM229B,15200,0.6841576196220346,0.7975472456775231,0.29995979091274627,0.6891837555287494,0.6174607961399277,0.637736,0.265028,neutral,neutral
ENSG00000203780,FANK1,113029,0.15661439485323683,0.8363490148773622,0.19240048250904704,0.16123843988741454,0.3364193807800563,0.225684,0.296592,neutral,neutral
ENSG00000203795,FAM24A,2502,0.9505428226779252,0.9260152794531564,0.12706071572175312,0.9567752312022517,0.7397868918375552,0.639606,0.248894,neutral,neutral
ENSG00000203797,DDO,23805,0.5647366304784881,0.46481704865299556,0.5329714515480498,0.5687575392038601,0.5326196220345798,0.241747,0.237736,neutral,regulation-driven
ENSG00000203805,PLPP4,134839,0.121632488942501,0.7533172496984318,0.8926417370325693,0.12545235223160434,0.4730699638118214,0.384107,0.426417,neutral,neutral
ENSG00000203814,H2BC18,29685,0.5044229995979091,0.5613188580619219,0.013872135102533172,0.5082428628870125,0.39677322074788907,0.607791,0.14229,neutral,neutral
ENSG00000203837,PNLIPRP3,50111,0.3484117410534781,0.9388821873743466,0.06513872135102533,0.35203055890631285,0.425934861278649,0.448995,0.266586,neutral,neutral
ENSG00000203872,C6orf163,20651,0.6059509449135505,0.6640530759951749,0.18657016485725775,0.6099718536389224,0.5164354644149578,0.528971,0.216425,neutral,neutral
ENSG00000203908,KHDC3L,1514,0.971049457177322,0.6990349819059107,0.22175311620426216,0.9772818657016485,0.7169682348210695,0.538721,0.192501,neutral,regulation-driven
ENSG00000203909,DPPA5,1214,0.9754724567752312,0.8950542822677925,0.36952151186168075,0.9817048652995577,0.8051266586248491,0.618315,0.258896,neutral,regulation-driven
ENSG00000203943,SAMD13,91592,0.19622034579815037,0.7054684358665059,0.8741455568958585,0.1998391636509851,0.49373743466023323,0.457348,0.406062,neutral,neutral
ENSG00000203970,DEFB110,12857,0.72778447929232,0.002613590671491757,0.18496180136710896,0.7330116606353035,0.4118315239244069,0.639355,0.0384,neutral,neutral
ENSG00000203972,GLYATL3,28156,0.518496180136711,0.8667068757539204,0.16485725774024929,0.5225170888620828,0.5179433051869723,0.678086,0.267189,gene-driven,gene-driven
ENSG00000203985,LDLRAD1,10889,0.7659831121833535,0.7179332529151589,0.3474065138721351,0.771210293526337,0.650371934057097,0.639053,0.247236,neutral,neutral
ENSG00000203995,ZYG11A,52488,0.3351427422597507,0.8053880176919984,0.45335745878568556,0.33916365098512263,0.4830619219943707,0.346371,0.329312,neutral,neutral
ENSG00000204001,LCN8,4158,0.9141535987133093,0.7464817048652995,0.20285484519501407,0.9201849618013671,0.6956172094893445,0.502724,0.213259,neutral,regulation-driven
ENSG00000204006,C1orf185,45866,0.37454764776839566,0.9907519099316445,0.06011258544431041,0.3785685564937676,0.4507941294732609,0.413078,0.281916,neutral,neutral
ENSG00000204020,LIPN,19645,0.6200241254523522,0.8206674708484117,0.3222758343385605,0.6240450341777242,0.5965520707679935,0.413078,0.280659,neutral,regulation-driven
ENSG00000204021,LIPK,46528,0.36851628468033776,0.9778850020104544,0.21672698029754725,0.3725371934057097,0.48371531966224374,0.531554,0.312374,neutral,neutral
ENSG00000204033,LRIT2,4974,0.8960595094491355,0.8421793325291516,0.3059911540008042,0.9018898271009248,0.7362384398874144,0.324095,0.255579,neutral,regulation-driven
ENSG00000204052,LRRC73,3379,0.9326497788500201,0.8663047848813832,0.8266988339364696,0.9388821873743466,0.8908222758343385,0.483957,0.345999,neutral,regulation-driven
ENSG00000204084,INPP5B,86357,0.20969039002814635,0.29010856453558503,0.440691596300764,0.2135102533172497,0.28830920788098113,0.401159,0.213661,gene-driven (relaxed),neutral
ENSG00000204104,TRAF3IP1,80457,0.22979493365500603,0.45979091274628064,0.22416566143948533,0.23281061519903498,0.2864897466827503,0.418303,0.204413,gene-driven,neutral
ENSG00000204140,CLPSL1,12657,0.7314032971451548,0.9664254121431444,0.03116204262163249,0.9997989545637314,0.6687776437474869,0.623311,0.445989,neutral,neutral
ENSG00000204147,ASAH2B,77178,0.23843988741455568,0.20868516284680338,0.19059107358262967,0.24165661439485323,0.21968234821069563,0.770247,0.132388,gene-driven,gene-driven
ENSG00000204178,MACO1,69352,0.2619622034579815,0.2010454362685967,0.9445114595898673,0.26517893043827906,0.41801367108966625,0.276608,0.291516,neutral,neutral
ENSG00000204217,BMPR2,191425,0.07720144752714113,0.3845999195818255,0.6990349819059107,0.08142340168878166,0.3103538399678327,0.12112,0.312374,regulation-driven,regulation-driven
ENSG00000204219,TCEA3,43840,0.9929634097305992,0.5792119018898271,0.6807398472054684,0.3906312826698834,0.6910032167269803,0.460379,0.616948,dual-driven,dual-driven
ENSG00000204220,PFDN6,9100,0.7995577000402091,0.33393646964213913,0.5699638118214716,0.804583835946924,0.6267591475673502,0.522668,0.18275,neutral,neutral
ENSG00000204227,RING1,4223,0.9125452352231604,0.22899075190993165,0.661037394451146,0.9185765983112183,0.6799859268194611,0.377614,0.152493,neutral,regulation-driven
ENSG00000204228,HSD17B8,2177,0.9579815038198632,0.3323281061519904,0.4762766385203056,0.9642139123441897,0.6823884197828709,0.465229,0.133796,neutral,regulation-driven
ENSG00000204231,RXRB,7078,0.8453960595094492,0.08986731001206273,0.7217531162042622,0.8510253317249699,0.62672899075191,0.281675,0.14621,neutral,regulation-driven
ENSG00000204334,ERICH2,32100,0.4813027744270205,0.8787696019300362,0.031564133494169686,0.48512263771612385,0.46899879372738235,0.409703,0.235273,gene-driven,neutral
ENSG00000204335,SP5,2742,0.9461198230800161,0.633092078809811,0.3086047446722959,0.9523522316043426,0.7097305991154,0.533152,0.191496,neutral,regulation-driven
ENSG00000204361,NXPE2,28543,0.5132689987937273,0.8174507438681142,0.09288299155609167,0.5170888620828307,0.4849819059107358,0.340521,0.237535,neutral,neutral
ENSG00000204370,SDHD,33193,0.4700442299959791,0.06373140329714516,0.5102533172496985,0.47386409328508244,0.37928226779252117,0.64479,0.143144,gene-driven,gene-driven
ENSG00000204381,LAYN,21466,0.5948934459187777,0.40349819059107356,0.45958986731001206,0.5989143546441495,0.5140229191797346,0.183223,0.203709,neutral,regulation-driven
ENSG00000204442,NALF1,703987,0.007036590269400885,0.8478086047446723,0.3610776035383997,0.008242862887012465,0.30598110172899073,0.558363,0.393647,neutral,neutral
ENSG00000204531,POU5F1,16395,0.6664656212303981,0.5106554081222356,0.36670687575392036,0.6712907117008444,0.5535383996783273,0.364324,0.206273,neutral,regulation-driven
ENSG00000204536,CCHCR1,15800,0.6755126658624849,0.7098914354644149,0.16988339364696423,0.6805388017691998,0.5587052673904301,0.723448,0.218637,gene-driven,gene-driven
ENSG00000204539,CDSN,5360,0.8866103739445115,0.9394853236831524,0.1946119823080016,0.8922396461600322,0.7279553679131484,0.493627,0.266335,neutral,regulation-driven
ENSG00000204542,C6orf15,1353,0.9736630478488139,0.8632891033373542,0.21692802573381584,0.9798954563731403,0.7581322878970647,0.577262,0.235575,neutral,regulation-driven
ENSG00000204568,MRPS18B,8556,0.8114193807800563,0.20989143546441497,0.44431041415359873,0.8164455166867712,0.5702653799758746,0.471964,0.129121,neutral,neutral
ENSG00000204569,PPP1R10,18200,0.6395255327704061,0.01527945315641335,0.3864093285082429,0.6437474869320466,0.42102935263369523,0.155227,0.086852,neutral,regulation-driven
ENSG00000204576,PRR3,6444,0.8604744672295939,0.3226779252110977,0.3464012866907921,0.8661037394451147,0.5986328910333736,0.514375,0.134298,neutral,neutral
ENSG00000204590,GNL1,15109,0.6851628468033776,0.28266988339364696,0.5444310414153599,0.6901889827100924,0.5503618817852836,0.268205,0.180941,neutral,regulation-driven
ENSG00000204592,HLA-E,4686,0.9028950542822678,0.5128669079211902,0.14756735022114997,0.9089264173703256,0.6177623642943304,0.262656,0.14621,neutral,regulation-driven
ENSG00000204613,TRIM10,9269,0.7967430639324488,0.6503819863289103,0.21632488942501005,0.8017691998391636,0.6160534780860475,0.370698,0.202855,neutral,regulation-driven
ENSG00000204614,TRIM40,12612,0.7320064334539605,0.8333333333333334,0.06936067551266586,0.7370325693606755,0.592681946119823,0.524373,0.226377,gene-driven,neutral
ENSG00000204618,RNF39,5584,0.8811821471652593,0.7470848411741053,0.2133092078809811,0.88681141938078,0.6818154402895055,0.424869,0.219491,neutral,regulation-driven
ENSG00000204619,PPP1R11,3625,0.927221552070768,0.016686771210293525,0.7975472456775231,0.9334539605950944,0.6684157619622035,0.543707,0.121683,neutral,neutral
ENSG00000204624,DISP3,58397,0.3043827905106554,0.8488138319260152,0.5802171290711701,0.30800160836349016,0.5101728990751909,0.22108,0.370074,neutral,regulation-driven
ENSG00000204628,RACK1,11200,0.7589465219139525,0.36891837555287493,0.9907519099316445,0.7639726578206675,0.7203960595094491,0.593175,0.331122,gene-driven,neutral
ENSG00000204634,TBC1D8,245639,0.05367913148371532,0.34378769601930037,0.37394451145958985,0.05689585846401287,0.20691596300763973,0.117461,0.247537,neutral,neutral
ENSG00000204671,IL31,2193,0.9573783675110575,0.9234016887816646,0.12665862484921592,0.963610776035384,0.7424507438681142,0.576226,0.248442,neutral,regulation-driven
ENSG00000204710,SPDYC,3142,0.9374748693204664,0.7993566546039405,0.24145556895858464,0.9437072778447929,0.7301869722557297,0.608625,0.229041,gene-driven,neutral
ENSG00000204711,CFAP95,85411,0.2131081624447125,0.8453960595094492,0.05307599517490953,0.21672698029754725,0.33189585846401287,0.459912,0.250402,neutral,neutral
ENSG00000204767,INSYN2B,119193,0.14495375954965822,0.5597104945717732,0.09630076397265783,0.14897466827503017,0.2372838761560113,0.411781,0.20577,neutral,neutral
ENSG00000204822,MRPL53,706,0.9790912746280659,0.0,0.45034177724165664,0.9853236831523925,0.6033775633293125,0.566848,0.022618,neutral,neutral
ENSG00000204856,FAM216A,21971,0.5880579010856454,0.6586248492159228,0.1656614394853237,0.5920788098110172,0.5009047044632087,0.58467,0.210696,neutral,neutral
ENSG00000204899,MZT1,19263,0.6258544431041415,0.2667872939284278,0.907318053880177,0.630076397265782,0.60729794933655,0.649146,0.269501,neutral,neutral
ENSG00000204909,SPINK9,18650,0.6322878970647366,0.45657418576598313,0.039203860072376355,0.6365098512263772,0.44093285082428624,0.617913,0.12701,neutral,neutral
ENSG00000204923,FBXO48,7873,0.8287092882991556,0.08443908323281062,0.2199437072778448,0.8341375150784077,0.49153598713309204,0.604142,0.056645,neutral,neutral
ENSG00000204954,UQCC6,24946,0.5528749497386409,0.11861680739847205,0.4684358665058303,0.5568958584640129,0.42400482509047044,0.525804,0.139576,neutral,neutral
ENSG00000204979,MS4A13,27330,0.5287494973864093,0.9831121833534379,0.04181745074386811,0.5329714515480498,0.5214515480498593,0.528438,0.265682,neutral,neutral
ENSG00000205002,AARD,6281,0.8632891033373542,0.853437876960193,0.10293526336952151,0.868918375552875,0.67186369119421,0.597809,0.229845,neutral,neutral
ENSG00000205060,SLC35B4,27599,0.5247285886610374,0.15018094089264172,0.841978287092883,0.5287494973864093,0.5112082830719743,0.417833,0.2308,neutral,neutral
ENSG00000205085,GARIN1A,16185,0.6688781664656213,0.6765178930438279,0.18596702854845196,0.6737032569360676,0.5510253317249699,0.269662,0.214415,neutral,regulation-driven
ENSG00000205089,CCNI2,6978,0.848411741053478,0.39425010052271814,0.17269802975472456,0.8540410132689988,0.5670687575392038,0.498934,0.125804,neutral,neutral
ENSG00000205090,TMEM240,5847,0.8735424205870527,0.4268194611982308,0.8538399678327302,0.8791716928025733,0.7580619219943707,0.60969,0.256534,neutral,neutral
ENSG00000205126,ACCSL,11997,0.7456775231202252,0.8825894652191395,0.26940088459991957,0.7509047044632087,0.6618817852834741,0.400784,0.276236,neutral,regulation-driven
ENSG00000205143,ARID3C,8018,0.8236831523924407,0.7832730197024528,0.41857659831121835,0.8291113791716928,0.7133896260554886,0.662386,0.267943,gene-driven,neutral
ENSG00000205186,FABP9,3327,0.9332529151588259,0.7828709288299156,0.5508644953759549,0.9394853236831524,0.8013067953357459,0.614224,0.270557,neutral,regulation-driven
ENSG00000205189,ZBTB10,40647,0.41033373542420587,0.24869320466425412,0.6928025733815842,0.4143546441495778,0.4413449939686369,0.155428,0.23452,neutral,regulation-driven
ENSG00000205208,C4orf46,5581,0.881383192601528,0.5225170888620828,0.38178528347406515,0.8870124648170487,0.6678930438279052,0.628357,0.187374,neutral,neutral
ENSG00000205213,LGR4,106830,0.16626457579412948,0.2609569762766385,0.5265379975874548,0.17048652995577002,0.28085042219541617,0.127031,0.232308,neutral,regulation-driven
ENSG00000205269,TMEM170B,45776,0.37535182951347007,0.25995174909529556,0.9187776437474869,0.379372738238842,0.4831624447125051,0.621552,0.292119,neutral,neutral
ENSG00000205307,,1673,0.9674306393244874,0.5193003618817853,0.21511861680739847,0.9736630478488139,0.6685665460394049,0.758806,0.14425,gene-driven,neutral
ENSG00000205352,PRR13,4968,0.8964616003216727,0.4284278246883796,0.33192601527945315,0.902291917973462,0.6394853236831524,0.608013,0.152593,gene-driven,neutral
ENSG00000205359,SLCO6A1,127243,0.13268998793727382,0.9985926819461198,0.004624045034177724,0.13630880579010857,0.31787293928427823,0.21337,0.261359,neutral,neutral
ENSG00000205363,INSYN1,17894,0.6447527141133896,0.5566948130277443,0.646562123039807,0.6489746682750301,0.6240349819059108,0.506886,0.276287,neutral,neutral
ENSG00000205403,CFI,71143,0.2575392038600724,0.6642541214314435,0.12685967028548453,0.2607559308403699,0.3271913952553277,0.165943,0.228438,neutral,regulation-driven
ENSG00000205426,KRT81,5622,0.8799758745476478,0.6308805790108565,0.4823080016083635,0.8856051467631685,0.7194109368717331,0.168466,0.231604,neutral,regulation-driven
ENSG00000205436,EXOC3L4,15835,0.6749095295536791,0.7790510655408123,0.0800160836349015,0.6797346200241254,0.5531865701648573,0.207705,0.21728,neutral,neutral
ENSG00000205442,IZUMO3,2995,0.9414957780458384,0.9302372336147969,0.2792521109770808,0.9477281865701649,0.7743667068757539,0.663721,0.275181,gene-driven,neutral
ENSG00000205476,CCDC85C,104018,0.17289907519099315,0.10655408122235625,0.5593084036992361,0.17712102935263369,0.2537595496582228,0.284268,0.198583,neutral,neutral
ENSG00000205639,MFSD2B,53241,0.3301166063530358,0.7474869320466425,0.22858866103739445,0.33373542420587055,0.40980096501809404,0.347457,0.267089,neutral,neutral
ENSG00000205659,LIN52,116538,0.15078407720144751,0.10776035383996783,0.8799758745476478,0.15500603136308805,0.3231704865299558,0.567149,0.262264,neutral,neutral
ENSG00000205683,DPF3,285068,0.04402895054282268,0.6813429835142742,0.7066747084841174,0.047044632086851626,0.3696220345798151,0.193677,0.395105,regulation-driven,regulation-driven
ENSG00000205707,ETFRF1,14430,0.6988339364696421,0.2517088862082831,0.109167671893848,0.7036590269400884,0.4406011258544431,0.656452,0.089214,gene-driven,gene-driven
ENSG00000205835,GMNC,39693,0.4151588258946522,0.7424607961399277,0.27141133896260555,0.4191797346200241,0.4618516284680338,0.484349,0.266938,gene-driven,neutral
ENSG00000205838,TTC23L,61679,0.29091274628065944,0.8749497386409328,0.06594290309609972,0.2945315641334942,0.38140329714515475,0.812093,0.25764,gene-driven,gene-driven
ENSG00000205858,LRRC72,54744,0.32147165259348615,0.9933655006031363,0.10414153598713309,0.3250904704463209,0.4358363490148774,0.543959,0.296592,neutral,neutral
ENSG00000205937,RNPS1,15282,0.6833534378769602,0.04402895054282268,0.9266184157619622,0.6883795737836751,0.5853437876960192,0.820346,0.213108,gene-driven,gene-driven
ENSG00000205978,NYNRIN,20281,0.6109770808202654,0.5599115400080418,0.1093687173301166,0.6149979895456373,0.47361278648974664,0.131645,0.172396,neutral,regulation-driven
ENSG00000205981,DNAJC19,6078,0.8681141938078005,0.03176517893043828,0.9593888218737434,0.8735424205870527,0.6829312424607962,0.563826,0.202905,gene-driven,neutral
ENSG00000206013,IFITM5,1327,0.9742661841576197,0.7305991154000804,0.6674708484117411,0.9804985926819462,0.8378970647366306,0.628749,0.254624,neutral,regulation-driven
ENSG00000206047,DEFA1,2444,0.9515480498592682,0.8558504221954162,0.10394049055086449,0.9577804583835947,0.7169682348210695,0.644903,0.221452,neutral,neutral
ENSG00000206113,CFAP99,44048,0.3854041013268999,0.9105347808604745,0.13791716928025735,0.3894250100522718,0.45561921994370735,0.240682,0.280257,neutral,regulation-driven
ENSG00000206199,ANKUB1,207286,0.0677523120225171,0.8528347406513872,0.050864495375954964,0.07217531162042622,0.2606855649376759,0.354252,0.268345,neutral,neutral
ENSG00000206527,HACD2,94234,0.19260152794531565,0.09429030960997185,0.791113791716928,0.19622034579815037,0.31837555287494973,0.474286,0.238088,neutral,neutral
ENSG00000206530,CFAP44,154681,0.10152794531564134,0.36851628468033776,0.12102935263369521,0.10615199034981906,0.17407519099316446,0.107197,0.170939,neutral,neutral
ENSG00000206535,LNP1,54788,0.3208685162846803,0.6883795737836751,0.09529553679131483,0.32448733413751507,0.3570767993566546,0.502362,0.219944,neutral,neutral
ENSG00000206557,TRIM71,79828,0.2314032971451548,0.9531564133494169,0.734821069561721,0.23441897868918377,0.5382991556091676,0.289324,0.429232,neutral,regulation-driven
ENSG00000206560,ANKRD28,192536,0.07599517490952955,0.20164857257740249,0.8254925613188581,0.08041817450743868,0.2956674708484117,0.355539,0.285786,neutral,neutral
ENSG00000206562,METTL6,59292,0.30016083634901486,0.4077201447527141,0.6819461198230801,0.303578608765581,0.4231805388017692,0.326035,0.282971,neutral,neutral
ENSG00000211452,DIO1,19848,0.616606353035786,0.880377965420185,0.4774829111379172,0.620627261761158,0.648572577402493,0.777601,0.324487,gene-driven,neutral
ENSG00000211456,SACM1L,56357,0.3130277442702051,0.1710896662645758,0.9039002814636108,0.31644551668677123,0.42594491355046243,0.268301,0.269753,neutral,neutral
ENSG00000211460,TSN,30751,0.4937675914756735,0.1823482106956172,0.8996783273019703,0.49738640932850825,0.5181141938078007,0.39398,0.259097,neutral,neutral
ENSG00000211598,IGKV4-1,757,0.9788902291917974,0.8041817450743868,0.39505428226779254,0.9851226377161239,0.7905006031363088,0.626126,0.229091,neutral,regulation-driven
ENSG00000211801,TRAV21,543,0.9798954563731403,0.6720948934459188,0.3383594692400482,0.9861278648974668,0.7438078005629272,0.638832,0.184509,neutral,neutral
ENSG00000211812,TRAV26-2,786,0.9786891837555287,0.7324085243264978,0.35826296743063935,0.9849215922798552,0.7632589465219141,0.644401,0.206976,neutral,neutral
ENSG00000211973,IGHV1-69,498,0.9800965018094089,0.8142340168878166,0.3453960595094491,0.9863289103337354,0.7812022517088861,0.644421,0.225975,neutral,neutral
ENSG00000212126,TAS2R50,1000,0.9776839565741857,0.2864897466827503,0.2326095697627664,0.9839163650985122,0.6198632891033373,0.575623,0.077805,neutral,neutral
ENSG00000212128,TAS2R13,1637,0.9682348210695617,0.3283071974266184,0.17933252915158826,0.9744672295938882,0.6122738238841978,0.608826,0.087002,neutral,neutral
ENSG00000213064,SFT2D2,27084,0.5305589063128267,0.3896260554885404,0.630076397265782,0.5347808604744673,0.5210494571773221,0.493235,0.241757,neutral,neutral
ENSG00000213079,,100867,0.18073984720546843,0.13088057901085645,0.6743063932448733,0.18476075593084038,0.29247084841174104,0.101045,0.226478,neutral,regulation-driven
ENSG00000213123,DYNLT2B,27081,0.5309609971853639,0.5619219943707278,0.4010856453558504,0.5351829513470044,0.5070767993566546,0.547638,0.23849,neutral,neutral
ENSG00000213139,CRYGS,8262,0.8190591073582629,0.32689987937273823,0.8486127864897467,0.8244873341375151,0.7044933655006032,0.522758,0.24226,neutral,regulation-driven
ENSG00000213231,TCL1B,6203,0.864897466827503,0.883393646964214,0.0428226779252111,0.8703256936067552,0.6650884599919582,0.615772,0.225573,neutral,neutral
ENSG00000213281,NRAS,12303,0.73924406915963,0.21089666264575793,0.9879372738238842,0.7444712505026135,0.6703759549658223,0.477463,0.288902,neutral,regulation-driven
ENSG00000213316,LTC4S,2668,0.9471250502613591,0.41676718938480095,0.4813027744270205,0.9533574587856856,0.6993264977885003,0.711188,0.15968,gene-driven,neutral
ENSG00000213341,CHUK,41297,0.40651387213510254,0.08464012866907922,0.7440691596300764,0.41053478086047446,0.41123843988741454,0.199759,0.203156,neutral,regulation-driven
ENSG00000213402,PTPRCAP,2173,0.9581825492561319,0.0010052271813429834,0.2436670687575392,0.9644149577804584,0.5415058303176519,0.573914,0.017591,neutral,neutral
ENSG00000213445,SIPA1,12818,0.7281865701648572,0.5542822677925211,0.2637716123843989,0.7334137515078407,0.5696521913952554,0.148492,0.194411,neutral,regulation-driven
ENSG00000213463,SYNJ2BP,50592,0.3453960595094491,0.028950542822677925,0.3602734217933253,0.3488138319260153,0.2706875753920386,0.537475,0.115802,neutral,neutral
ENSG00000213471,TTLL13,15953,0.672496984318456,0.8922396461600322,0.4694410936871733,0.6773220747889023,0.6776336952151186,0.244069,0.318808,neutral,regulation-driven
ENSG00000213551,DNAJC9,63894,0.28347406513872137,0.17611580217129072,0.30096501809408926,0.2868918375552875,0.2616907921190189,0.471773,0.144903,neutral,neutral
ENSG00000213563,C8orf82,3400,0.9322476879774829,0.15098512263771613,0.39223964616003215,0.9384800965018094,0.6031765178930438,0.70953,0.084942,gene-driven,neutral
ENSG00000213578,CPLX3,5176,0.8906312826698833,0.8192601527945316,0.9097305991154001,0.8964616003216727,0.8787293928427824,0.619029,0.374146,neutral,regulation-driven
ENSG00000213593,TMX2,30408,0.497989545637314,0.046441495778045835,0.874346602332127,0.5016083634901488,0.4799155609167672,0.490767,0.215621,gene-driven,neutral
ENSG00000213614,HEXA,35497,0.4487334137515078,0.1901889827100925,0.49557700040209085,0.4527543224768798,0.39661238439887414,0.740692,0.174105,gene-driven,gene-driven
ENSG00000213625,LEPROT,15421,0.6819461198230801,0.13470044229995978,0.9294330518697226,0.6869722557297949,0.6080116606353037,0.555144,0.238088,gene-driven,neutral
ENSG00000213626,LBH,92197,0.19561720948934458,0.4927623642943305,0.7476879774829112,0.19923602734217932,0.4086449537595497,0.749177,0.329463,gene-driven,gene-driven
ENSG00000213639,PPP1CB,51301,0.3413751507840772,0.41576196220345796,0.9911540008041817,0.34499396863691195,0.5231403297145155,0.529483,0.352734,gene-driven,neutral
ENSG00000213694,S1PR3,14293,0.7014475271411339,0.49839163650985124,0.031363088057901084,0.7064736630478489,0.484167671893848,0.483635,0.127111,neutral,neutral
ENSG00000213699,SLC35F6,16948,0.6582227583433856,0.06875753920386007,0.8397667872939284,0.6632488942501005,0.5572476879774828,0.44047,0.195617,neutral,neutral
ENSG00000213780,GTF2H4,5900,0.8723361479694411,0.09489344591877764,0.839967832730197,0.8779654201849618,0.6710092480900683,0.310977,0.169431,neutral,regulation-driven
ENSG00000213809,KLRK1,19522,0.6218335343787696,0.7167269802975472,0.06533976678729393,0.6258544431041415,0.5072376357056695,0.501528,0.202,neutral,neutral
ENSG00000213927,CCL27,2169,0.9583835946924005,0.8435866505830317,0.22778447929232007,0.964616003216727,0.7482810615199036,0.639988,0.235424,neutral,neutral
ENSG00000213949,ITGA1,171294,0.08805790108564536,0.4611982308001608,0.3228789706473663,0.09227985524728588,0.24089264173703256,0.296491,0.252111,neutral,neutral
ENSG00000213995,NAXD,24452,0.5579010856453559,0.32167269802975473,0.707880981101729,0.5619219943707278,0.5371431443506233,0.371676,0.241456,neutral,dual-driven
ENSG00000214128,TMEM213,40150,0.4133494169682348,0.9451145958986731,0.14857257740249297,0.41737032569360677,0.48090068355448334,0.571813,0.287495,neutral,neutral
ENSG00000214160,ALG3,7248,0.8401688781664656,0.14455166867712102,0.8516284680337757,0.8459991958182549,0.6702955367913148,0.572344,0.193607,gene-driven,neutral
ENSG00000214237,MINDY4B,35064,0.45255327704061116,0.71632488942501,0.26035383996783273,0.45657418576598313,0.4712505026135907,0.540139,0.256182,neutral,neutral
ENSG00000214285,NPS,4232,0.9121431443506233,0.002010454362685967,0.4221954161640531,0.9181745074386811,0.5633293124246079,0.633494,0.054483,neutral,neutral
ENSG00000214336,FOXI3,5907,0.8721351025331725,0.8886208283071975,0.4539605950944914,0.8777643747486932,0.7728387615601127,0.494622,0.294682,neutral,regulation-driven
ENSG00000214338,SOGA3,46530,0.36831523924406917,0.6326899879372738,0.5685564937675914,0.3723361479694411,0.4852734217933253,0.167079,0.3076,neutral,regulation-driven
ENSG00000214357,NEURL1B,50278,0.3476075593084037,0.32629674306393247,0.7368315239244069,0.35122637716123845,0.44030960997185364,0.249337,0.268295,neutral,regulation-driven
ENSG00000214360,EFCAB9,9283,0.7965420184961801,0.9591877764374749,0.3355448331322879,0.8015681544028951,0.7229593888218737,0.61351,0.304986,neutral,neutral
ENSG00000214415,GNAT3,53430,0.3289103337354242,0.8210695617209489,0.8345396059509449,0.33273019702452755,0.5791214314435063,0.447829,0.414003,neutral,neutral
ENSG00000214513,NOTO,9940,0.7830719742661841,0.8283071974266184,0.13530357860876557,0.7880981101728991,0.633443908323281,0.582419,0.235173,neutral,neutral
ENSG00000214517,PPME1,83437,0.21853638922396462,0.3417772416566144,0.8852030558906313,0.22195416164053075,0.4166968234821069,0.277815,0.316194,neutral,neutral
ENSG00000214595,EML6,248527,0.05287494973864093,0.5365902694008846,0.7330116606353035,0.055890631282669884,0.3444410936871733,0.140983,0.360474,regulation-driven,regulation-driven
ENSG00000214681,IQCF5,1881,0.964616003216727,0.9193807800562928,0.3725371934057097,0.9708484117410535,0.8065339766787295,0.640249,0.278197,neutral,regulation-driven
ENSG00000214700,C12orf71,1522,0.9708484117410535,0.7663852030558906,0.22235625251306795,0.97708082026538,0.7338560514676318,0.578408,0.210947,neutral,regulation-driven
ENSG00000214711,CAPN14,60803,0.2937273823884198,0.5864495375954966,0.14595898673100122,0.29714515480498593,0.3306493767591475,0.362676,0.210897,neutral,neutral
ENSG00000214756,CSKMT,3188,0.9364696421391234,0.25190993164455167,0.25090470446320867,0.9427020506634499,0.595184961801367,0.566275,0.09032,neutral,neutral
ENSG00000214782,MS4A18,20309,0.6107760353839968,0.9493365500603136,0.02010454362685967,0.6147969441093687,0.5485524728588661,0.519099,0.23648,neutral,neutral
ENSG00000214814,,268075,0.04965822275834338,0.8673100120627262,0.33393646964213913,0.052673904302372336,0.3257438681141938,0.108806,0.365702,regulation-driven,regulation-driven
ENSG00000214842,RAD51AP2,7862,0.8289103337354242,0.9199839163650985,0.062123039806996384,0.8343385605146764,0.6610675512665862,0.172919,0.243567,neutral,regulation-driven
ENSG00000214866,DCDC2C,144434,0.11158021712907117,0.8138319260152794,0.029955770004020908,0.9965822275834338,0.4437374346602332,0.335625,0.439013,neutral,neutral
ENSG00000214872,SMTNL1,12678,0.730800160836349,0.9445114595898673,0.15520707679935666,0.7360273421793325,0.6413751507840773,0.420487,0.268345,neutral,regulation-driven
ENSG00000214960,CRPPA,414980,0.02251708886208283,0.21230398069963813,0.0733815842380378,0.0243264977885002,0.08304181745074388,0.159097,0.140531,neutral,neutral
ENSG00000215009,ACSM4,24648,0.5558906312826699,0.8604744672295939,0.4364696421391234,0.5599115400080418,0.6029855247285887,0.399266,0.316094,neutral,regulation-driven
ENSG00000215018,COL28A1,179671,0.08303176517893043,0.8104141535987133,0.06131885806192199,0.08685162846803378,0.2602131081624447,0.778922,0.26151,gene-driven,gene-driven
ENSG00000215021,PHB2,5454,0.8845999195818255,0.2382388419782871,0.9603940490550864,0.8902291917973462,0.7430840369923601,0.247959,0.252262,neutral,regulation-driven
ENSG00000215183,MSMP,3624,0.9274225975070366,0.0018094089264173703,0.46783273019702454,0.9336550060313631,0.582368315239244,0.625613,0.058052,neutral,neutral
ENSG00000215187,CIMIP2B,2069,0.9609971853638922,0.8731403297145155,0.33273019702452755,0.9672295938882187,0.7832127060715721,0.445708,0.254423,neutral,regulation-driven
ENSG00000215203,GRXCR1,137946,0.11781262565339767,0.9987937273823885,0.7718134298351428,0.121632488942501,0.5023220747889022,0.520326,0.468788,neutral,neutral
ENSG00000215217,CFAP90,20774,0.6039404905508645,0.8490148773622839,0.21149979895456372,0.6079613992762364,0.5679030960997185,0.550764,0.268044,neutral,neutral
ENSG00000215277,RNF212B,88162,0.20345798150381986,0.9754724567752312,0.10574989947728186,0.2070767993566546,0.37275834338560515,0.703279,0.295235,gene-driven,gene-driven
ENSG00000215375,MYL5,8449,0.8138319260152794,0.18636911942098913,0.37655810213108165,0.8188580619219944,0.5486529955770004,0.4596,0.111279,neutral,neutral
ENSG00000215475,SIAH3,74512,0.24788902291917975,0.7157217531162042,0.6093687173301167,0.25110574989947726,0.45586047446722955,0.602825,0.350523,neutral,neutral
ENSG00000215712,TMEM242,34577,0.45657418576598313,0.17048652995577002,0.4732609569762766,0.46039404905508646,0.3899879372738239,0.499316,0.163651,neutral,neutral
ENSG00000215784,FAM72D,16723,0.6602332127060716,0.6314837153196623,0.9065138721351025,0.6652593486127865,0.71562123039807,0.468185,0.356454,neutral,regulation-driven
ENSG00000215845,TSTD1,1347,0.9738640932850824,0.4825090470446321,0.5315641334941696,0.9800965018094089,0.7416968234821069,0.553076,0.168727,neutral,regulation-driven
ENSG00000215883,CYB5RL,30386,0.49859268194611983,0.09268194611982308,0.3496180136710897,0.5022114997989545,0.3605950944913551,0.331554,0.11354,neutral,neutral
ENSG00000215906,LACTBL1,19824,0.6170084439083233,0.9599919581825492,0.597708082026538,0.6210293526336952,0.6987334137515079,0.589362,0.365501,gene-driven,neutral
ENSG00000218739,CEBPZOS,19706,0.6184157619622035,0.08665058303176518,0.4270205066344994,0.6224366706875754,0.43842983514274225,0.630299,0.114395,gene-driven,gene-driven
ENSG00000219545,UMAD1,327310,0.03578608765581021,0.15922798552472858,0.049256131885806194,0.037997587454764774,0.07045637314032972,0.45954,0.109369,neutral,neutral
ENSG00000219626,FAM228B,93115,0.19360675512665862,0.36168073984720545,0.04382790510655408,0.19722557297949336,0.19890430237233614,0.347706,0.129222,gene-driven,neutral
ENSG00000221818,EBF2,203689,0.07036590269400884,0.7784479292320065,0.8264977885002011,0.07478890229191798,0.4373039806996381,0.816576,0.427322,gene-driven,gene-driven
ENSG00000221838,AP4M1,9488,0.7915158825894653,0.40128669079211904,0.5243264977885002,0.7963409730599116,0.6281262565339767,0.148221,0.191546,neutral,regulation-driven
ENSG00000221886,FAM200C,6907,0.8508242862887012,0.3823884197828709,0.0611178126256534,0.856453558504222,0.5374145556895857,0.433715,0.098613,neutral,neutral
ENSG00000221914,PPP2R2A,81173,0.22798552472858866,0.11921994370727784,0.9806996381182147,0.2310012062726176,0.38957579412947324,0.77445,0.277141,gene-driven,gene-driven
ENSG00000221947,XKR9,121033,0.14173703256936068,0.7987535182951347,0.09971853638922397,0.1457579412947326,0.2962907117008444,0.424578,0.26342,neutral,neutral
ENSG00000221978,CCNL2,13625,0.7139123441897869,0.1775231202251709,0.6427422597507036,0.719340570969039,0.5631081624447125,0.208675,0.171643,neutral,regulation-driven
ENSG00000221986,MYBPHL,14647,0.694410936871733,0.7249698431845597,0.46039404905508646,0.6992360273421794,0.6445114595898673,0.372909,0.273874,neutral,regulation-driven
ENSG00000222009,BTBD19,8859,0.8051869722557298,0.3916365098512264,0.3468033775633293,0.8102131081624447,0.5882086851628467,0.495172,0.159429,gene-driven,neutral
ENSG00000223501,VPS52,21776,0.5916767189384801,0.08624849215922799,0.7899075190993164,0.595697627663852,0.5156815440289505,0.251437,0.193808,neutral,regulation-driven
ENSG00000223865,HLA-DPB1,13761,0.7114997989545637,0.5392038600723763,0.09871330920788098,0.7169280257338159,0.5163148371531966,0.409801,0.159127,neutral,neutral
ENSG00000224531,SMIM13,44900,0.38057901085645357,0.46682750301568154,0.4714515480498593,0.3845999195818255,0.4256634499396864,0.620688,0.246482,neutral,neutral
ENSG00000224586,GPX5,9075,0.8001608363490149,0.9593888218737434,0.6170084439083233,0.8051869722557298,0.7951849618013671,0.526066,0.354795,neutral,regulation-driven
ENSG00000224982,TMEM233,49302,0.354443104141536,0.8727382388419783,0.43425814234016885,0.3580619219943707,0.5046944109368717,0.637274,0.339515,neutral,neutral
ENSG00000225526,MKRN2OS,46126,0.37072778447929233,0.5446320868516284,0.1644551668677121,0.37474869320466425,0.3634398874145557,0.568617,0.198482,neutral,neutral
ENSG00000225828,FAM229A,3009,0.9404905508644954,0.7225572979493365,0.2639726578206675,0.9467229593888219,0.7181242460796141,0.630881,0.211399,neutral,neutral
ENSG00000226124,FTCDNL1,90649,0.19883393646964215,0.4837153196622437,0.03277040611178126,0.2024527543224769,0.22926216324889426,0.463249,0.153197,neutral,neutral
ENSG00000226479,TMEM185B,5922,0.8717330116606353,0.03216726980297547,0.06976276638520305,0.877362283876156,0.46247486932046644,0.758243,0.010404,gene-driven,gene-driven
ENSG00000227729,RD3L,2136,0.9595898673100121,0.9101326899879373,0.320064334539606,0.9658222758343386,0.7885906714917572,0.560163,0.264626,neutral,regulation-driven
ENSG00000228474,OST4,1183,0.976075593084037,0.04081222356252513,0.2135102533172497,0.9823080016083635,0.5528648974668275,0.647587,0.014274,neutral,neutral
ENSG00000228570,NUTM2E,24140,0.5619219943707278,0.45355850422195415,0.026336952151186168,0.5659429030960997,0.4017390430237234,0.727463,0.125704,gene-driven,gene-driven
ENSG00000229183,PGA4,9348,0.7947326095697628,0.9601930036188179,0.25894652191395257,0.7995577000402091,0.7031162042621633,0.479785,0.293677,neutral,regulation-driven
ENSG00000229474,PATL2,45592,0.37655810213108165,0.6913952553277041,0.1652593486127865,0.38057901085645357,0.40324688379573786,0.260706,0.235173,neutral,neutral
ENSG00000229972,IQCF3,6507,0.8582629674306393,0.9497386409328509,0.09207880981101729,0.86389223964616,0.6907117008443908,0.520456,0.257941,neutral,regulation-driven
ENSG00000230124,ACBD6,233302,0.05850422195416164,0.2428628870124648,0.24527543224768797,0.062123039806996384,0.15201045436268595,0.451267,0.189536,neutral,neutral
ENSG00000230246,SPATA31C1,9170,0.7981503819863289,0.9583835946924005,0.051467631684760755,0.8031765178930438,0.6525432247687978,0.222326,0.254775,neutral,regulation-driven
ENSG00000231213,PLSCR5,28792,0.5102533172496985,0.7653799758745476,0.5631282669883394,0.5142742259750703,0.5880579010856454,0.467863,0.32504,neutral,neutral
ENSG00000231925,TAPBP,14591,0.695416164053076,0.3128266988339365,0.13872135102533173,0.7002412545235223,0.4615601125854443,0.276188,0.11153,gene-driven,neutral
ENSG00000232070,TMEM253,4914,0.8974668275030157,0.7635705669481303,0.1885806192199437,0.903297145154805,0.6879372738238841,0.52801,0.218084,gene-driven (relaxed),dual-driven
ENSG00000232112,TMA7,3952,0.9193807800562928,0.08946521913952553,0.9829111379171693,0.9254121431443506,0.7289907519099317,0.652362,0.22502,neutral,neutral
ENSG00000233276,GPX1,1432,0.9726578206674709,0.37776437474869323,0.49034981905910735,0.9788902291917974,0.7046039404905508,0.30776,0.137565,neutral,regulation-driven
ENSG00000233436,BTBD18,9162,0.7983514274225975,0.8721351025331725,0.16606353035786087,0.8033775633293124,0.6597305991154001,0.28073,0.25,neutral,regulation-driven
ENSG00000234602,MCIDAS,7752,0.8311218335343787,0.7010454362685967,0.3401688781664656,0.8365500603136309,0.6769501407318054,0.47307,0.234168,neutral,regulation-driven
ENSG00000235169,SMIM1,3234,0.9352633695215119,0.6624447125050261,0.3273019702452754,0.9414957780458384,0.7163148371531965,0.562716,0.203709,neutral,regulation-driven
ENSG00000235173,HGH1,3078,0.9390832328106152,0.2730197024527543,0.19159630076397266,0.9453156413349417,0.5869420989143547,0.498889,0.08655,gene-driven,neutral
ENSG00000235376,RPEL1,2130,0.9597909127462807,0.8361479694410937,0.15601125854443104,0.9660233212706072,0.7291817450743868,0.377282,0.218486,neutral,regulation-driven
ENSG00000236027,PATE3,3474,0.9308403699236028,0.9334539605950944,0.1763168476075593,0.9370727784479292,0.7441093687173301,0.645225,0.26347,neutral,neutral
ENSG00000236279,CLEC2L,21301,0.5969039002814636,0.9028950542822678,0.20305589063128268,0.6009248090068355,0.5757438681141938,0.584429,0.279654,neutral,neutral
ENSG00000236287,ZBED5,46723,0.36670687575392036,0.19380780056292723,0.008242862887012465,0.37072778447929233,0.23467028548451951,0.321813,0.049608,neutral,neutral
ENSG00000236320,SLFN14,16835,0.6592279855247286,0.635102533172497,0.11037394451145958,0.6642541214314435,0.5169883393646963,0.241858,0.188631,neutral,regulation-driven
ENSG00000236699,ARHGEF38,155474,0.10032167269802976,0.6154000804181745,0.3427824688379574,0.10494571773220748,0.2906312826698834,0.689475,0.291767,gene-driven,gene-driven
ENSG00000236980,C3orf84,14225,0.7026537997587454,0.9696421391234419,0.20788098110172898,0.707880981101729,0.6467531162042621,0.774698,0.292873,gene-driven,neutral
ENSG00000237136,C4orf51,90887,0.19802975472456774,0.996984318455971,0.007639726578206675,0.20164857257740249,0.35089465219139526,0.598904,0.258645,neutral,neutral
ENSG00000237190,CDKN2AIPNL,9817,0.7852834740651388,0.09067149175713711,0.5607157217531162,0.7901085645355851,0.5564535585042221,0.591888,0.121281,neutral,neutral
ENSG00000237289,CKMT1B,11848,0.7476879774829112,0.6548049859268195,0.741254523522316,0.7529151588258947,0.7239043023723362,0.417687,0.307801,neutral,dual-driven
ENSG00000237353,PATE4,6757,0.8528347406513872,0.9000804181745075,0.05408122235625251,0.8584640128669079,0.6660836349014878,0.606222,0.230599,neutral,neutral
ENSG00000237412,PRSS56,5329,0.8874145556895858,0.8258946521913952,0.3108162444712505,0.8930438279051065,0.7290108564535585,0.399608,0.252965,neutral,regulation-driven
ENSG00000237489,C10orf143,90806,0.19843184559710494,0.17209489344591877,0.012464817048652996,0.2020506634499397,0.14607961399276237,0.596582,0.060414,neutral,neutral
ENSG00000237651,C2orf74,19761,0.617611580217129,0.48311218335343786,0.04664254121431444,0.621632488942501,0.442048652995577,0.676312,0.136711,gene-driven (relaxed),gene-driven (relaxed)
ENSG00000239264,TXNDC5,29272,0.5068355448331323,0.4010856453558504,0.6978287092882992,0.5108564535585042,0.528950542822678,0.276437,0.264626,neutral,regulation-driven
ENSG00000239305,RNF103,20469,0.608162444712505,0.30518697225572977,0.8029754724567753,0.612183353437877,0.5819260152794532,0.27492,0.250854,neutral,regulation-driven
ENSG00000239306,RBM14,13309,0.7199437072778448,0.18837957378367512,0.40731805388017694,0.7253719340570969,0.5099819059107359,0.125784,0.127563,neutral,regulation-driven
ENSG00000239732,TLR9,4566,0.9057096903900281,0.6057498994772819,0.13751507840772015,0.9117410534780861,0.6398773622838761,0.206514,0.168426,neutral,regulation-driven
ENSG00000239839,DEFA3,2429,0.952151186168074,0.8144350623240852,0.15761962203457983,0.9583835946924005,0.7203357458785686,0.645879,0.220396,neutral,neutral
ENSG00000240021,TEX35,35494,0.4489344591877764,0.9863289103337354,0.06614394853236831,0.4529553679131484,0.4883896260554885,0.810002,0.276337,gene-driven,gene-driven
ENSG00000240247,DEFA1B,2433,0.9519501407318054,0.8590671491757137,0.134097305991154,0.9581825492561319,0.7255126658624849,0.644713,0.223311,neutral,neutral
ENSG00000240303,ACAD11,101945,0.17872939284278247,0.17893043827905106,0.3988741455568959,0.18275030156815442,0.23462002412545235,0.188872,0.182248,neutral,neutral
ENSG00000240682,ISY1,33649,0.46481704865299556,0.08102131081624447,0.8462002412545235,0.4686369119420989,0.4649778850020104,0.820316,0.219743,gene-driven,gene-driven
ENSG00000240720,LRRD1,37889,0.42882991556091676,0.9640128669079212,0.12042621632488942,0.4330518697225573,0.48636911942098915,0.664696,0.280911,gene-driven,gene-driven
ENSG00000240771,ARHGEF25,7066,0.8455971049457177,0.41737032569360677,0.4459187776437475,0.8512263771612384,0.6397466827503016,0.74442,0.176166,gene-driven,neutral
ENSG00000241058,NSUN6,113725,0.15560916767189384,0.3596702854845195,0.4039002814636108,0.16023321270607158,0.26962203457981504,0.587151,0.23276,gene-driven,gene-driven
ENSG00000241127,YAE1,43936,0.38580619219943707,0.15379975874547647,0.12605548854041013,0.389827100924809,0.26367108966626457,0.473462,0.090269,neutral,neutral
ENSG00000241186,TDGF1,7924,0.8268998793727382,0.7679935665460395,0.25794129473260957,0.8323281061519904,0.6710193003618818,0.581685,0.237485,neutral,neutral
ENSG00000241399,CD302,29628,0.5048250904704463,0.34479292320064336,0.2305991154000804,0.5086449537595497,0.39702452754322476,0.156162,0.153951,neutral,regulation-driven
ENSG00000241644,INMT,59618,0.2985524728588661,0.7503015681544029,0.04000804181745075,0.30197024527543226,0.34753719340570965,0.535339,0.216224,gene-driven (relaxed),gene-driven (relaxed)
ENSG00000241697,TMEFF1,104488,0.17209489344591877,0.6851628468033776,0.632086851628468,0.1763168476075593,0.4162042621632489,0.266958,0.35761,neutral,neutral
ENSG00000242028,HYPK,8433,0.8148371531966224,0.35625251306795336,0.8600723763570567,0.8198632891033374,0.7125050261359067,0.717131,0.25387,gene-driven,neutral
ENSG00000243244,STON1,69131,0.2625653397667873,0.4459187776437475,0.305589063128267,0.2657820667470848,0.3198029754724568,0.412679,0.216828,gene-driven,neutral
ENSG00000243284,VSIG8,8342,0.8174507438681142,0.7139123441897869,0.30739847205468435,0.8228789706473663,0.6651387213510254,0.46544,0.233665,neutral,regulation-driven
ENSG00000243317,STMP1,30923,0.49236027342179334,0.1588258946521914,0.5960997185363892,0.49618013671089667,0.4356755126658625,0.650452,0.180639,neutral,neutral
ENSG00000243709,LEFTY1,25101,0.5516686771210294,0.8299155609167672,0.1706875753920386,0.5558906312826699,0.5268295134700443,0.36145,0.257992,neutral,regulation-driven
ENSG00000243725,TTC4,26797,0.53437876960193,0.23602734217933252,0.5438279051065541,0.5388017691998391,0.4630377965420185,0.407891,0.187324,neutral,neutral
ENSG00000243749,TMEM35B,3968,0.9187776437474869,0.15420184961801367,0.38882187374346605,0.9248090068355448,0.596351025331725,0.634721,0.089063,neutral,neutral
ENSG00000243943,ZNF512,40249,0.41274628065942903,0.28789706473663046,0.508443908323281,0.41676718938480095,0.4062625653397668,0.204292,0.204966,neutral,regulation-driven
ENSG00000244045,TMEM199,6042,0.8685162846803377,0.007840772014475271,0.6272617611580217,0.8739445114595898,0.5941194209891436,0.764227,0.097809,gene-driven,gene-driven
ENSG00000244219,TMEM225B,12779,0.7291917973462002,0.9055086449537596,0.1218335343787696,0.7344189786891837,0.6224768797748291,0.711512,0.254875,gene-driven,neutral
ENSG00000244607,CCDC13,67498,0.2679935665460394,0.7352231604342582,0.2008443908323281,0.27141133896260555,0.36869722557297946,0.155368,0.263068,neutral,regulation-driven
ENSG00000244694,PTCHD4,254525,0.051467631684760755,0.4119420989143546,0.7774427020506635,0.05448331322878971,0.3236831523924407,0.795637,0.336148,gene-driven,gene-driven
ENSG00000244731,,20625,0.6063530357860877,0.5790108564535585,0.09429030960997185,0.6103739445114595,0.4723059911540008,0.103548,0.174558,neutral,regulation-driven
ENSG00000247077,PGAM5,11916,0.7470848411741053,0.12424607961399277,0.8542420587052674,0.7523120225170888,0.6192098914354643,0.395944,0.203106,gene-driven,dual-driven
ENSG00000247596,TWF2,18177,0.6405307599517491,0.2448733413751508,0.893848009650181,0.6447527141133896,0.6057901085645356,0.43758,0.257891,gene-driven,dual-driven
ENSG00000247626,MARS2,3027,0.9400884599919582,0.24809006835544833,0.12344189786891838,0.9463208685162847,0.5641737032569362,0.521502,0.065993,neutral,neutral
ENSG00000248712,CCDC153,6520,0.8580619219943707,0.6145958986731002,0.23301166063530357,0.8636911942098915,0.6420587052673905,0.558152,0.189938,neutral,neutral
ENSG00000248746,ACTN3,16940,0.6584238037796541,0.9406915963007639,0.8934459187776438,0.6634499396863691,0.7887515078407721,0.202523,0.428378,regulation-driven,regulation-driven
ENSG00000248771,SMIM31,49732,0.3516284680337756,0.8395657418576599,0.19742661841576195,0.35524728588661036,0.43578608765581023,0.638209,0.280609,neutral,neutral
ENSG00000249481,SPATS1,37530,0.43063932448733416,0.9622034579815039,0.06312826698833937,0.43486127864897467,0.472496984318456,0.491296,0.265531,gene-driven,neutral
ENSG00000249581,CLRN2,11940,0.7468837957378367,0.9366706875753921,0.7708082026537998,0.7521109770808203,0.801357056694813,0.59421,0.384198,neutral,regulation-driven
ENSG00000249693,SPMAP2L,72902,0.25110574989947726,0.9545637314032972,0.005227181342983514,0.25432247687977483,0.3661439485323683,0.426257,0.239998,neutral,neutral
ENSG00000249853,HS3ST5,287428,0.04322476879774829,0.7878970647366305,0.4951749095295537,0.04624045034177724,0.342983514274226,0.505398,0.38274,neutral,neutral
ENSG00000249948,GBA3,126662,0.9883393646964214,0.753719340570969,0.2814636107760354,0.13791716928025735,0.5828809811017289,0.342984,0.606092,regulation-driven,regulation-driven
ENSG00000250298,GIMD1,11387,0.7553277040611178,0.9175713711298753,0.2800562927221552,0.7605548854041013,0.6781162042621631,0.67737,0.28659,gene-driven,neutral
ENSG00000250317,SMIM20,67984,0.26618415761962205,0.061519903498190594,0.22195416164053075,0.26960193003618815,0.20464414957780458,0.599286,0.100523,neutral,neutral
ENSG00000251692,PTX4,3096,0.9386811419380781,0.6865701648572577,0.26638520305589064,0.9449135504624046,0.7088258946521914,0.351809,0.202,neutral,regulation-driven
ENSG00000253117,OC90,35167,0.4519501407318054,0.8986731001206273,0.2316043425814234,0.4559710494571773,0.5093486127864898,0.517491,0.294783,neutral,neutral
ENSG00000253148,RGS21,50294,0.3474065138721351,0.9927623642943305,0.5420184961801368,0.35102533172496986,0.5581222356252513,0.554272,0.394702,neutral,neutral
ENSG00000253250,C8orf88,26768,0.9951749095295537,0.7036590269400884,0.48713309207880984,0.5392038600723763,0.704091274628066,0.556534,0.592119,neutral,neutral
ENSG00000253710,ALG11,66842,0.2720144752714113,0.03839967832730197,0.514475271411339,0.27543224768797747,0.27490952955367914,0.20573,0.158876,neutral,neutral
ENSG00000253719,ATXN7L3B,7596,0.8337354242058705,0.06192199437072778,0.057498994772818654,0.8393646964213912,0.44784881383192604,0.64996,0.018295,neutral,neutral
ENSG00000253831,ETV3L,20370,0.6097708082026538,0.6907921190188983,0.2517088862082831,0.6137917169280257,0.5413148371531966,0.384439,0.23663,neutral,regulation-driven
ENSG00000254402,LRRC24,4646,0.9036992360273421,0.0022114997989545635,0.19300361881785283,0.9097305991154001,0.5018596702854845,0.370466,0.022014,neutral,neutral
ENSG00000254598,CSNK2A3,1309,0.9744672295938882,0.3831926015279453,0.20325693606755127,0.9806996381182147,0.6350924809006835,0.226066,0.100925,neutral,regulation-driven
ENSG00000254726,MEX3A,10453,0.7738238841978287,0.6449537595496582,0.49055086449537594,0.7790510655408123,0.6718335343787696,0.493959,0.250101,neutral,regulation-driven
ENSG00000254772,EEF1G,14491,0.6976276638520306,0.31242460796139926,0.9551668677121029,0.7024527543224769,0.66667671893848,0.432258,0.295285,neutral,regulation-driven
ENSG00000255587,RAB44,35359,0.450140731805388,0.5432247687977483,0.05247285886610374,0.4539605950944914,0.37475874547647764,0.283947,0.162545,neutral,neutral
ENSG00000256043,CTSO,32333,0.47868918375552877,0.1451548049859268,0.4869320466425412,0.4827100924809007,0.3981704865299558,0.245889,0.157921,neutral,regulation-driven
ENSG00000256061,DNAAF4,97710,0.18616807398472054,0.6523924406915963,0.25613188580619217,0.18998793727382388,0.3209790912746281,0.284168,0.266888,neutral,neutral
ENSG00000256162,SMLR1,9730,0.7872939284278246,0.9145556895858464,0.13831926015279453,0.792119018898271,0.6578307197426618,0.625935,0.257439,neutral,neutral
ENSG00000256269,HMBS,8969,0.8023723361479694,0.3220747889022919,0.8717330116606353,0.8073984720546844,0.7006433453960595,0.142762,0.250101,neutral,regulation-driven
ENSG00000256394,ASIC5,36549,0.438681141938078,0.7541214314435062,0.2903096099718536,0.4427020506634499,0.48125251306795336,0.454855,0.272316,neutral,neutral
ENSG00000256453,DND1,2783,0.9447125050261359,0.0012062726176115801,0.428226779252111,0.9509449135504624,0.580960997185364,0.549467,0.045235,neutral,neutral
ENSG00000256713,PGA5,10270,0.7762364294330518,0.9624045034177724,0.2808604744672296,0.7814636107760354,0.6999798954563731,0.47878,0.297447,neutral,regulation-driven
ENSG00000256797,KLRF2,14345,0.7004422999597909,0.9219943707277845,0.04061117812625653,0.7052673904302372,0.591837555287495,0.579473,0.241958,neutral,neutral
ENSG00000256870,SLC5A8,54746,0.3210695617209489,0.9443104141535987,0.5510655408122236,0.32468837957378366,0.535102533172497,0.316365,0.381534,neutral,regulation-driven
ENSG00000257057,C11orf97,19663,0.6194209891435465,0.9429030960997186,0.22899075190993165,0.6234418978689183,0.6034881383192602,0.531825,0.291265,neutral,neutral
ENSG00000257093,DENND11,45439,0.37776437474869323,0.2127060715721753,0.7961399276236429,0.38178528347406515,0.4418978689183755,0.469868,0.248794,gene-driven,neutral
ENSG00000257365,FNTB,75758,0.2436670687575392,0.315038198632891,0.752714113389626,0.24688379573783675,0.38941495778045837,0.220879,0.280006,neutral,regulation-driven
ENSG00000257743,MGAM2,110607,0.1594290309609972,0.731805388017692,0.051065540812223566,0.1640530759951749,0.27635705669481303,0.223191,0.227634,neutral,neutral
ENSG00000257987,SPMIP11,38356,0.42360273421793326,0.9859268194611982,0.12022517088862082,0.42782468837957377,0.48918375552874954,0.682278,0.289455,gene-driven,gene-driven
ENSG00000258102,MAP1LC3B2,28502,0.5140731805388018,0.6021310816244472,0.014274225975070366,0.5178930438279051,0.41190188982710096,0.617893,0.152342,neutral,neutral
ENSG00000258223,,5916,0.8719340570969039,0.9475271411338962,0.26558102131081623,0.8775633293124246,0.7403699236027342,0.801836,0.283524,gene-driven,neutral
ENSG00000258227,CLEC5A,19651,0.6198230800160837,0.5886610373944512,0.0854443104141536,0.6238439887414555,0.47924205870526737,0.74233,0.174005,gene-driven,gene-driven
ENSG00000258484,SPESP1,128591,0.13128266988339365,0.894853236831524,0.0036188178528347406,0.1349014877362284,0.29098311218335343,0.494793,0.229795,neutral,neutral
ENSG00000258818,RNASE4,16657,0.6616405307599518,0.3357458785685565,0.025532770406111783,0.6666666666666666,0.42214515480498593,0.447025,0.086701,neutral,neutral
ENSG00000259956,RBM15B,6624,0.8552472858866104,0.11258544431041416,0.06292722155207077,0.860876558102131,0.4726276638520306,0.333926,0.031715,neutral,neutral
ENSG00000260230,FRRS1L,36957,0.43546441495778043,0.6733011660635304,0.8472054684358665,0.4394853236831524,0.5986630478488139,0.81183,0.371381,gene-driven,gene-driven
ENSG00000261115,TMEM178B,406317,0.024125452352231604,0.6077603538399678,0.7583433856051468,0.025934861278648975,0.35395054282267796,0.523975,0.387867,neutral,neutral
ENSG00000261667,LY6L,2857,0.9429030960997186,0.850422195416164,0.1158021712907117,0.9491355046240451,0.7142541214314435,0.626508,0.220748,neutral,neutral
ENSG00000261787,TCF24,16091,0.6702854845195014,0.8872135102533173,0.5096501809408926,0.6751105749899478,0.6853236831523924,0.626769,0.326096,neutral,neutral
ENSG00000262406,MMP12,12247,0.7400482509047045,0.7953357458785686,0.25291515882589466,0.745275432247688,0.6331322878970648,0.476267,0.251608,neutral,regulation-driven
ENSG00000262655,SPON1,305411,0.039404905508644957,0.5424205870526739,0.725774024929634,0.04221954161640531,0.3373140329714515,0.216355,0.365601,neutral,neutral
ENSG00000263513,FAM72C,16700,0.6608363490148773,0.6457579412947326,0.8942501005227181,0.6658624849215923,0.7164254121431444,0.468878,0.356805,neutral,regulation-driven
ENSG00000263528,IKBKE,26414,0.5396059509449136,0.5195014073180538,0.5337756332931243,0.5444310414153599,0.5340872537193406,0.231609,0.255277,neutral,neutral
ENSG00000263639,MSMB,14874,0.6897868918375553,0.9682348210695617,0.022316043425814235,0.6948130277442702,0.5935363892239646,0.676441,0.243466,gene-driven,neutral
ENSG00000263761,GDF2,5135,0.8914354644149578,0.9396863691194209,0.4529553679131484,0.8972657820667471,0.7950442299959792,0.537656,0.30574,neutral,regulation-driven
ENSG00000263961,RHEX,49277,0.3546441495778046,0.47386409328508244,0.02673904302372336,0.35826296743063935,0.30319662243667067,0.824889,0.139073,gene-driven,gene-driven
ENSG00000265203,RBP3,9519,0.7909127462806594,0.6797346200241254,0.3594692400482509,0.7957378367511058,0.6562223562525131,0.35585,0.235474,neutral,regulation-driven
ENSG00000266094,RASSF5,81918,0.22517088862082832,0.5995174909529554,0.319059107358263,0.22838761560112586,0.34287293928427826,0.248754,0.263822,neutral,neutral
ENSG00000266200,PNLIPRP2,24191,0.5615199034981906,0.9784881383192602,0.3182549256131886,0.5655408122235626,0.6057498994772819,0.214526,0.323231,neutral,regulation-driven
ENSG00000266524,GDF10,13381,0.718335343787696,0.5834338560514676,0.549859268194612,0.7237635705669482,0.6435765983112183,0.497758,0.252714,neutral,neutral
ENSG00000268223,ARL14EPL,27795,0.5221149979895456,0.8059911540008042,0.5068355448331323,0.5261359067149176,0.5900683554483314,0.606182,0.320818,neutral,neutral
ENSG00000269113,TRABD2B,236858,0.057498994772818654,0.6787293928427824,0.43084036992360275,0.0611178126256534,0.3068657016485726,0.422789,0.340169,neutral,neutral
ENSG00000269964,MEI4,276772,0.04684358665058303,0.8172496984318456,0.04744672295938882,0.049859268194611985,0.2401990349819059,0.403227,0.264073,neutral,neutral
ENSG00000272047,GTF2H5,30995,0.4917571371129875,0.08122235625251306,0.9768797748291114,0.49557700040209085,0.5111680739847205,0.589685,0.261811,gene-driven,neutral
ENSG00000273173,SNURF,22864,0.5780056292722155,0.45034177724165664,0.2647768395657419,0.582227583433856,0.4686268596702855,0.659449,0.181293,gene-driven,gene-driven
ENSG00000274286,ADRA2B,3696,0.9250100522718134,0.46059509449135505,0.10755930840369923,0.9312424607961399,0.6057901085645356,0.546733,0.118768,neutral,neutral
ENSG00000275074,NUDT18,3672,0.9260152794531564,0.1288701246481705,0.3313228789706474,0.9322476879774829,0.5793023723361479,0.528046,0.071723,neutral,neutral
ENSG00000275111,ZNF2,18886,0.6294732609569763,0.15058303176517893,0.08383594692400483,0.6336952151186168,0.37418576598311226,0.190782,0.063279,neutral,regulation-driven
ENSG00000275342,PRAG1,68704,0.26457579412947324,0.6574185765983113,0.17330116606353035,0.2675914756735022,0.34057096903900286,0.139817,0.238239,neutral,regulation-driven
ENSG00000275591,XKR5,27008,0.5325693606755126,0.6863691194209891,0.1397265782066747,0.5369923602734218,0.47369320466425413,0.323422,0.216476,neutral,regulation-driven
ENSG00000276747,PADI6,29504,0.5054282267792521,0.8335343787696019,0.15681544028950542,0.5092480900683555,0.5010655408122235,0.47508,0.258092,neutral,neutral
ENSG00000277494,GPIHBP1,3953,0.9191797346200241,0.5828307197426619,0.10213108162444713,0.9252110977080821,0.632036590269401,0.454664,0.158323,neutral,regulation-driven
ENSG00000277586,NEFL,5767,0.8759549658222758,0.8854041013268998,0.44833132287897065,0.8815842380377965,0.7725371934057096,0.275332,0.291817,neutral,regulation-driven
ENSG00000277893,SRD5A2,58459,0.3039806996381182,0.8711298753518295,0.31222356252513067,0.30759951749095293,0.44855247285886607,0.568627,0.316546,neutral,neutral
ENSG00000278570,NR2E3,25622,0.547848813831926,0.48934459187776436,0.5796139927623642,0.5522718134298351,0.542048652995577,0.416455,0.255328,gene-driven,neutral
ENSG00000280165,PCDH20,6165,0.8661037394451147,0.618616807398472,0.24829111379171692,0.8715319662243667,0.650864495375955,0.293959,0.191948,neutral,regulation-driven
ENSG00000283128,ENSG00000283128,170151,0.08845999195818255,0.695416164053076,0.15701648572577404,0.09288299155609167,0.2582227583433856,0.385253,0.264274,neutral,neutral
ENSG00000283297,TEX52,7994,0.8252915158825894,0.7665862484921593,0.15581021310816245,0.8307197426618416,0.6443305186972256,0.583725,0.219944,neutral,neutral
ENSG00000283706,PRSS50,5753,0.8765581021310817,0.7736228387615601,0.13188580619219945,0.8821873743466023,0.6657820667470848,0.414948,0.214264,neutral,regulation-driven
ENSG00000284844,TOMT,3673,0.9258142340168878,0.7456775231202252,0.694410936871733,0.9320466425412143,0.8241757137112987,0.289264,0.286037,neutral,regulation-driven
ENSG00000286095,SPEGNB,2157,0.9587856855649377,0.6232408524326498,0.3769601930036188,0.9650180940892642,0.7306895858464014,0.475412,0.192602,neutral,regulation-driven
ENSG00000290292,HOMEZ,27375,0.5273421793325291,0.5759951749095296,0.19561720948934458,0.5315641334941696,0.4574185765983112,0.802743,0.202302,gene-driven,gene-driven
